# This file uses centimeters as units for non-parametric coordinates.

g default
v -36.037918 -63.606865 6.328936
v -32.332649 -62.364128 6.328936
v -29.461063 -60.677422 6.328936
v -26.852200 -58.641701 6.328936
v -20.431034 -48.487328 6.328936
v -13.167492 -35.238121 6.328936
v -4.832132 -19.078880 6.328936
v 3.012255 -2.813637 6.328936
v 9.711458 12.268295 6.328936
v 16.445414 29.141670 6.328936
v 10.080704 29.721268 5.749476
v 4.029921 14.350174 5.749476
v -2.296860 -0.671959 5.749476
v -9.882885 -16.826561 5.749476
v -18.294506 -33.177650 5.749476
v -25.591694 -46.637718 5.749476
v -30.877064 -55.414207 5.749476
v 13.263060 29.431465 5.391052
v 6.870689 13.309227 5.391052
v 0.357695 -1.742798 5.391052
v -7.357508 -17.952721 5.391052
v -15.730999 -34.207878 5.391052
v -23.011368 -47.562523 5.391052
v -28.479046 -56.635597 5.391052
v -33.935223 -60.268913 5.749476
v -30.963036 -58.814156 5.391052
v 10.080704 29.721268 6.328933
v 4.029921 14.350174 6.328933
v -2.296860 -0.671959 6.328933
v -9.882885 -16.826561 6.328933
v -18.294506 -33.177650 6.328933
v -25.591694 -46.637718 6.328933
v -30.877064 -55.414207 6.328933
v -33.935223 -60.268913 6.328933
v -36.037918 -63.606865 6.328939
v 7.893682 30.337730 5.244812
v 22.324635 29.222366 4.054590
v 22.732048 29.396889 5.244802
v 22.266586 30.648247 5.244802
v 11.421305 33.301033 3.871066
v 7.855288 31.049408 5.244804
v 12.275444 31.502045 2.318137
v 21.887100 29.947311 4.004456
v 22.732048 29.396889 6.328925
v 22.266586 30.648247 6.328925
v 11.421305 33.301033 6.328911
v 7.855288 31.049408 6.328925
v 7.893682 30.337730 6.328925
v 16.414946 31.000755 6.328936
v 15.723747 31.301422 5.187752
v 14.055042 32.027306 4.715057
v 12.386330 32.753181 5.187752
v 11.695127 33.053848 6.328936
v 12.250515 34.346001 6.328936
v 13.098066 34.414696 5.187752
v 15.146448 34.596024 4.715057
v 17.197824 34.799370 5.187752
v 18.048355 34.890038 6.328936
v 21.338127 59.630974 6.328936
v 22.095800 59.517117 5.187752
v 23.925020 59.242294 4.715057
v 25.754244 58.967487 5.187752
v 26.511921 58.853630 6.328936
v 23.155344 56.991348 4.715057
v 21.307554 57.211861 5.187752
v 20.542177 57.303211 6.328936
v 25.768505 56.679482 6.328936
v 25.003138 56.770844 5.187752
v 22.385666 54.740395 4.715057
v 20.519306 54.906601 5.187752
v 19.746243 54.975464 6.328936
v 25.025089 54.505325 6.328936
v 24.252028 54.574196 5.187752
v 21.615992 52.489449 4.715057
v 19.731056 52.601341 5.187752
v 18.950300 52.647705 6.328936
v 24.281673 52.331184 6.328936
v 23.500919 52.377556 5.187752
v 20.846312 50.238495 4.715057
v 18.942812 50.296082 5.187752
v 18.154364 50.319954 6.328936
v 23.538258 50.157043 6.328936
v 22.749815 50.180916 5.187752
v 20.076633 47.987541 4.715057
v 18.154564 47.990822 5.187752
v 17.358429 47.992195 6.328936
v 22.794844 47.982895 6.328936
v 21.998707 47.984276 5.187752
v 19.306955 45.736595 4.715057
v 17.366318 45.685570 5.187752
v 16.562489 45.664452 6.328936
v 22.051432 45.808754 6.328936
v 21.247595 45.787628 5.187752
v 18.534891 43.486473 4.715057
v 16.576273 43.400291 5.187752
v 15.765682 43.369423 6.328936
v 21.308018 43.634613 6.328936
v 20.495760 43.589149 5.187752
v 17.736378 41.245598 4.715057
v 15.757036 41.134712 5.187752
v 14.937906 41.093994 6.328936
v 20.539730 41.432938 6.328936
v 19.718174 41.374382 5.187752
v 16.905363 39.016602 4.715057
v 14.904121 38.881569 5.187752
v 14.075987 38.831268 6.328936
v 19.739952 39.240372 6.328936
v 18.909206 39.170853 5.187752
v 16.041990 36.799919 4.715057
v 14.017742 36.641411 5.187752
v 13.180124 36.581772 6.328936
v 18.909437 37.059265 6.328936
v 18.069035 36.979034 5.187752
v 15.598234 35.696358 4.264937
v 13.320116 35.626251 4.821567
v 12.303900 35.634956 6.328936
v 18.901064 35.807045 6.328936
v 17.880360 35.790504 4.821567
v 16.477707 37.906693 4.264937
v 14.221706 37.856133 4.821567
v 13.214113 37.871376 6.328936
v 19.749189 37.988182 6.328936
v 18.737427 37.979759 4.821567
v 17.324924 40.129593 4.264937
v 15.089973 40.099220 4.821567
v 14.090565 40.121231 6.328936
v 20.566561 40.181007 6.328936
v 19.563320 40.180977 4.821567
v 18.139713 42.364586 4.264937
v 15.924715 42.354973 4.821567
v 14.933077 42.384041 6.328936
v 21.353043 42.385094 6.328936
v 20.357880 42.393684 4.821567
v 18.922119 44.611122 4.264937
v 16.725754 44.622932 4.821567
v 15.741430 44.659233 6.328936
v 22.105633 44.576042 6.328936
v 21.119720 44.604622 4.821567
v 19.691797 46.862076 4.264937
v 17.512766 46.922890 4.821567
v 16.534544 46.973953 6.328936
v 22.849052 46.750191 6.328936
v 21.870827 46.801262 4.821567
v 20.461473 49.113014 4.264937
v 18.301014 49.228149 4.821567
v 17.330486 49.301712 6.328936
v 23.592464 48.924332 6.328936
v 22.621937 48.997902 4.821567
v 21.231148 51.363976 4.264937
v 19.089260 51.533409 4.821567
v 18.126421 51.629463 6.328936
v 24.335882 51.098488 6.328936
v 23.373049 51.194557 4.821567
v 22.000826 53.614914 4.264937
v 19.877506 53.838669 4.821567
v 18.922361 53.957230 6.328936
v 25.079296 53.272629 6.328936
v 24.124153 53.391190 4.821567
v 22.770502 55.865868 4.264937
v 20.665754 56.143929 4.821567
v 19.718304 56.284973 6.328936
v 25.822712 55.446777 6.328936
v 24.875257 55.587822 4.821567
v 23.540182 58.116817 4.264937
v 21.453999 58.449181 4.821567
v 20.514242 58.612732 6.328936
v 26.566124 57.620914 6.328936
v 25.626366 57.784466 4.821567
v 16.414946 31.000755 6.328936
v 15.723747 31.301422 7.470119
v 14.055042 32.027306 7.942814
v 12.386330 32.753181 7.470119
v 11.695127 33.053848 6.328936
v 12.250515 34.346001 6.328936
v 13.098066 34.414696 7.470119
v 15.146448 34.596024 7.942814
v 17.197824 34.799370 7.470119
v 18.048355 34.890038 6.328936
v 21.338127 59.630974 6.328936
v 22.095800 59.517117 7.470119
v 23.925020 59.242294 7.942814
v 25.754244 58.967487 7.470119
v 26.511921 58.853630 6.328936
v 23.155344 56.991348 7.942814
v 21.307554 57.211861 7.470119
v 20.542177 57.303211 6.328936
v 25.768505 56.679482 6.328936
v 25.003138 56.770844 7.470119
v 22.385666 54.740395 7.942814
v 20.519306 54.906601 7.470119
v 19.746243 54.975464 6.328936
v 25.025089 54.505325 6.328936
v 24.252028 54.574196 7.470119
v 21.615992 52.489449 7.942814
v 19.731056 52.601341 7.470119
v 18.950300 52.647705 6.328936
v 24.281673 52.331184 6.328936
v 23.500919 52.377556 7.470119
v 20.846312 50.238495 7.942814
v 18.942812 50.296082 7.470119
v 18.154364 50.319954 6.328936
v 23.538258 50.157043 6.328936
v 22.749815 50.180916 7.470119
v 20.076633 47.987541 7.942814
v 18.154564 47.990822 7.470119
v 17.358429 47.992195 6.328936
v 22.794844 47.982895 6.328936
v 21.998707 47.984276 7.470119
v 19.306955 45.736595 7.942814
v 17.366318 45.685570 7.470119
v 16.562489 45.664452 6.328936
v 22.051432 45.808754 6.328936
v 21.247595 45.787628 7.470119
v 18.534891 43.486473 7.942814
v 16.576273 43.400291 7.470119
v 15.765682 43.369423 6.328936
v 21.308018 43.634613 6.328936
v 20.495760 43.589149 7.470119
v 17.736378 41.245598 7.942814
v 15.757036 41.134712 7.470119
v 14.937906 41.093994 6.328936
v 20.539730 41.432938 6.328936
v 19.718174 41.374382 7.470119
v 16.905363 39.016602 7.942814
v 14.904121 38.881569 7.470119
v 14.075987 38.831268 6.328936
v 19.739952 39.240372 6.328936
v 18.909206 39.170853 7.470119
v 16.041990 36.799919 7.942814
v 14.017742 36.641411 7.470119
v 13.180124 36.581772 6.328936
v 18.909437 37.059265 6.328936
v 18.069035 36.979034 7.470119
v 15.598234 35.696358 8.392934
v 13.320116 35.626251 7.836304
v 12.303900 35.634956 6.328935
v 18.901064 35.807045 6.328936
v 17.880360 35.790504 7.836304
v 16.477707 37.906693 8.392934
v 14.221706 37.856133 7.836304
v 13.214113 37.871376 6.328935
v 19.749189 37.988182 6.328936
v 18.737427 37.979759 7.836304
v 17.324924 40.129593 8.392934
v 15.089973 40.099220 7.836304
v 14.090565 40.121231 6.328935
v 20.566561 40.181007 6.328936
v 19.563320 40.180977 7.836304
v 18.139713 42.364586 8.392934
v 15.924715 42.354973 7.836304
v 14.933077 42.384041 6.328935
v 21.353043 42.385094 6.328936
v 20.357880 42.393684 7.836304
v 18.922119 44.611122 8.392934
v 16.725754 44.622932 7.836304
v 15.741430 44.659233 6.328935
v 22.105633 44.576042 6.328936
v 21.119720 44.604622 7.836304
v 19.691797 46.862076 8.392934
v 17.512766 46.922890 7.836304
v 16.534544 46.973953 6.328935
v 22.849052 46.750191 6.328936
v 21.870827 46.801262 7.836304
v 20.461473 49.113014 8.392934
v 18.301014 49.228149 7.836304
v 17.330486 49.301712 6.328935
v 23.592464 48.924332 6.328936
v 22.621937 48.997902 7.836304
v 21.231148 51.363976 8.392934
v 19.089260 51.533409 7.836304
v 18.126421 51.629463 6.328935
v 24.335882 51.098488 6.328936
v 23.373049 51.194557 7.836304
v 22.000826 53.614914 8.392934
v 19.877506 53.838669 7.836304
v 18.922361 53.957230 6.328935
v 25.079296 53.272629 6.328936
v 24.124153 53.391190 7.836304
v 22.770502 55.865868 8.392934
v 20.665754 56.143929 7.836304
v 19.718304 56.284973 6.328935
v 25.822712 55.446777 6.328936
v 24.875257 55.587822 7.836304
v 23.540182 58.116817 8.392934
v 21.453999 58.449181 7.836304
v 20.514242 58.612732 6.328935
v 26.566124 57.620914 6.328936
v 25.626366 57.784466 7.836304
v 16.785114 28.030190 6.625834
v 12.706888 28.012817 7.591662
v 8.504837 24.697487 7.226684
v 7.647898 24.850044 7.226684
v 10.234608 30.712997 7.226684
v 17.697098 30.162994 6.625834
v 13.651859 30.427879 7.591662
v 11.062708 30.648445 7.226684
v 16.785114 28.030190 6.328931
v 12.706888 28.012817 6.328940
v 8.504837 24.697487 6.328937
v 7.647898 24.850044 6.328937
v 10.035582 30.204346 6.328937
v 17.729729 30.148445 6.328931
v 24.828388 64.166641 4.717498
v 26.666002 66.814301 4.717498
v 26.666002 66.814301 7.940373
v 24.828388 64.166641 7.940373
v 25.593014 63.635948 4.717498
v 27.430630 66.283607 4.717498
v 27.430630 66.283607 7.940373
v 25.593014 63.635948 7.940373
v 25.270063 63.170647 4.151103
v 27.753574 66.748917 4.151103
v 27.753574 66.748917 8.506768
v 25.270063 63.170647 8.506768
v 24.505438 63.701332 4.151103
v 26.988947 67.279617 4.151103
v 26.988947 67.279617 8.506768
v 24.505438 63.701332 8.506768
v -36.037918 -63.606865 6.328936
v -32.332649 -62.364128 6.328936
v -29.461063 -60.677422 6.328936
v -26.852200 -58.641701 6.328936
v -20.431034 -48.487328 6.328936
v -13.167492 -35.238121 6.328936
v -4.832132 -19.078880 6.328936
v 3.012255 -2.813637 6.328936
v 9.711458 12.268295 6.328936
v 16.445414 29.141670 6.328936
v 10.080704 29.721268 6.908395
v 4.029921 14.350174 6.908395
v -2.296860 -0.671959 6.908395
v -9.882885 -16.826561 6.908395
v -18.294506 -33.177650 6.908395
v -25.591694 -46.637718 6.908395
v -30.877064 -55.414207 6.908395
v 13.263060 29.431465 7.266819
v 6.870689 13.309227 7.266819
v 0.357695 -1.742798 7.266819
v -7.357508 -17.952721 7.266819
v -15.730999 -34.207878 7.266819
v -23.011368 -47.562523 7.266819
v -28.479046 -56.635597 7.266819
v -33.935223 -60.268913 6.908395
v -30.963036 -58.814156 7.266819
v 10.080704 29.721268 6.328938
v 4.029921 14.350174 6.328938
v -2.296860 -0.671959 6.328938
v -9.882885 -16.826561 6.328938
v -18.294506 -33.177650 6.328938
v -25.591694 -46.637718 6.328938
v -30.877064 -55.414207 6.328938
v -33.935223 -60.268913 6.328938
v -36.037918 -63.606865 6.328932
v 7.893682 30.337730 7.413059
v 22.324635 29.222366 8.603281
v 22.732048 29.396889 7.413069
v 22.266586 30.648247 7.413070
v 11.421305 33.301033 8.786805
v 7.855288 31.049408 7.413067
v 12.275444 31.502045 10.339735
v 21.887100 29.947311 8.653416
v 22.732048 29.396889 6.328947
v 22.266586 30.648247 6.328947
v 11.421305 33.301033 6.328960
v 7.855288 31.049408 6.328947
v 7.893682 30.337730 6.328947
v 25.731436 69.187073 7.610569
v 28.613373 70.404724 8.384320
v 29.960470 67.514778 7.914788
v 27.078535 66.297127 7.141037
v 25.582294 68.972412 8.503860
v 28.464231 70.190071 9.277612
v 29.811331 67.300125 8.808080
v 26.929394 66.082474 8.034328
v 24.839075 69.266312 8.450394
v 28.733967 70.911957 9.496107
v 30.554552 67.006241 8.861542
v 26.659660 65.360596 7.815828
v 24.988213 69.480957 7.557102
v 28.883112 71.126610 8.602817
v 30.703695 67.220894 7.968251
v 26.808798 65.575249 6.922536
v 25.731436 69.187073 5.047302
v 28.613373 70.404724 4.273551
v 29.960470 67.514778 4.743083
v 27.078535 66.297127 5.516834
v 25.582294 68.972412 4.154011
v 28.464231 70.190071 3.380259
v 29.811331 67.300125 3.849792
v 26.929394 66.082474 4.623544
v 24.839075 69.266312 4.207478
v 28.733967 70.911957 3.161764
v 30.554552 67.006241 3.796329
v 26.659660 65.360596 4.842043
v 24.988213 69.480957 5.100769
v 28.883112 71.126610 4.055055
v 30.703695 67.220894 4.689620
v 26.808798 65.575249 5.735335
v 26.529554 58.846233 6.328936
v 21.226969 60.955460 6.328936
v 28.026321 59.616032 6.328936
v 28.186314 60.129295 6.328936
v 28.728039 61.867149 6.328936
v 27.691435 63.304184 6.328936
v 24.572332 67.628159 6.328936
v 22.832634 66.879898 6.328936
v 22.503315 65.948387 6.328936
v 23.187527 64.904602 6.328936
v 22.664179 63.482559 6.328936
v 21.851046 61.273102 6.328936
v 22.297174 62.485332 6.328936
v 26.735168 64.627975 6.328936
v 28.026321 59.616032 5.471769
v 28.728039 61.867149 4.901460
v 24.572332 67.628159 5.696969
v 22.832634 66.879898 5.737884
v 22.503315 65.948387 5.737883
v 23.187527 64.904602 5.283420
v 21.851046 61.273102 5.714941
v 25.754242 58.967480 5.187752
v 28.186314 60.129295 5.187752
v 22.664179 63.482559 5.427774
v 26.735168 64.627975 4.901463
v 27.691435 63.304184 4.901462
v 22.297174 62.485332 5.557385
v 20.815849 59.688591 6.328936
v 21.504505 59.596325 6.328936
v 22.095798 59.517109 6.328936
v 28.026321 59.616032 7.186102
v 28.728039 61.867149 7.756412
v 24.572332 67.628159 6.960903
v 22.832634 66.879898 6.919988
v 22.503315 65.948387 6.919988
v 23.187527 64.904602 7.374452
v 21.851046 61.273102 6.942930
v 23.925020 59.242290 7.942814
v 22.095798 59.517109 7.470119
v 25.754242 58.967480 7.470119
v 24.206457 60.786194 7.942814
v 28.186314 60.129295 7.470119
v 25.942924 60.499580 7.470119
v 22.401226 61.159367 7.470119
v 21.504505 59.596325 6.942930
v 24.426502 61.896317 7.942814
v 23.683481 62.385132 7.942814
v 23.503729 63.256172 7.942814
v 23.992542 63.999191 7.942814
v 24.863583 64.178947 7.942814
v 25.606606 63.690132 7.942814
v 25.786358 62.819092 7.942814
v 25.297544 62.076073 7.942814
v 22.664179 63.482559 7.230097
v 26.735168 64.627975 7.756408
v 27.691435 63.304184 7.756410
v 22.297174 62.485332 7.100486
v 24.426502 61.896317 4.715057
v 23.683481 62.385132 4.715057
v 23.503729 63.256172 4.715057
v 23.992542 63.999191 4.715057
v 24.863583 64.178947 4.715057
v 25.606606 63.690132 4.715057
v 25.786358 62.819092 4.715057
v 25.297544 62.076073 4.715057
v 21.226969 60.955460 6.328936
v 20.815849 59.688591 6.328936
v 21.504505 59.596325 6.328936
v 22.095798 59.517109 6.328936
v 28.026321 59.616032 5.471769
v 28.728039 61.867149 4.901460
v 24.572332 67.628159 5.696969
v 22.832634 66.879898 5.737884
v 22.503315 65.948387 5.737883
v 23.187527 64.904602 5.283420
v 21.851046 61.273102 5.714941
v 23.925020 59.242290 4.715057
v 22.095798 59.517109 5.187752
v 25.754242 58.967480 5.187752
v 24.206457 60.786194 4.715057
v 28.186314 60.129295 5.187752
v 25.942924 60.499580 5.187752
v 22.401226 61.159367 5.187752
v 21.504505 59.596325 5.714941
v 24.426502 61.896317 4.715057
v 23.683481 62.385132 4.715057
v 23.503729 63.256172 4.715057
v 23.992542 63.999191 4.715057
v 24.863583 64.178947 4.715057
v 25.606606 63.690132 4.715057
v 25.786358 62.819092 4.715057
v 25.297544 62.076073 4.715057
v 22.664179 63.482559 5.427774
v 26.735168 64.627975 4.901463
v 27.691435 63.304184 4.901462
v 22.297174 62.485332 5.557385
v 16.785114 28.030190 6.032037
v 12.706888 28.012817 5.066209
v 8.504837 24.697487 5.431188
v 7.647898 24.850044 5.431188
v 10.234608 30.712997 5.431188
v 17.697098 30.162994 6.032037
v 13.651859 30.427879 5.066209
v 11.062708 30.648445 5.431188
v 16.785114 28.030190 6.328940
v 12.706888 28.012817 6.328931
v 8.504837 24.697487 6.328935
v 7.647898 24.850044 6.328935
v 10.035582 30.204346 6.328935
v 17.729729 30.148445 6.328940
v 70.710701 0.000000 0.000000
v 0.000000 70.710701 0.000000
v 0.000000 55.656200 4.000000
v 55.656200 0.000000 4.000000
v 0.000000 -70.710602 0.000000
v 0.000000 -55.656101 4.000000
v -70.710701 0.000000 0.000000
v -55.656101 0.000000 4.000000
v 0.000000 55.656200 -4.000000
v 0.000000 70.710701 0.000000
v 70.710701 0.000000 0.000000
v 55.656200 0.000000 -4.000000
v 0.000000 -70.710602 0.000000
v 0.000000 -55.656101 -4.000000
v -70.710701 0.000000 0.000000
v -55.656101 0.000000 -4.000000
vt 0.083294 0.979333
vt 0.065173 0.958095
vt 0.081569 0.949996
vt 0.050655 0.662688
vt 0.051334 0.800951
vt 0.028679 0.797124
vt 0.027676 0.659994
vt 0.052278 0.496480
vt 0.029187 0.494939
vt 0.057091 0.333375
vt 0.033207 0.331136
vt 0.064977 0.184505
vt 0.041235 0.181517
vt 0.076994 0.032149
vt 0.052776 0.023697
vt 0.054915 0.894543
vt 0.037258 0.902227
vt 0.092524 0.187425
vt 0.104345 0.042464
vt 0.083226 0.335571
vt 0.077579 0.498002
vt 0.075837 0.665386
vt 0.076183 0.804810
vt 0.079602 0.898046
vt 0.064607 0.925234
vt 0.050193 0.932051
vt 0.109597 0.042874
vt 0.097779 0.187794
vt 0.088488 0.335825
vt 0.082845 0.498122
vt 0.081105 0.665409
vt 0.081451 0.804724
vt 0.084866 0.897866
vt 0.086825 0.950013
vt 0.083295 0.979334
vt 0.389918 0.658227
vt 0.316858 0.615660
vt 0.336134 0.583449
vt 0.392197 0.644859
vt 0.161409 0.659322
vt 0.166506 0.646114
vt 0.153559 0.623582
vt 0.146469 0.630637
vt 0.138276 0.649889
vt 0.155738 0.678624
vt 0.122969 0.643468
vt 0.131563 0.623567
vt 0.147806 0.606946
vt 0.322588 0.545740
vt 0.373548 0.568899
vt 0.407288 0.636530
vt 0.408846 0.651908
vt 0.405763 0.662338
vt 0.391226 0.674173
vt 0.157610 0.694027
vt 0.257255 0.478602
vt 0.274986 0.485485
vt 0.277404 0.505862
vt 0.257359 0.505934
vt 0.226905 0.464266
vt 0.226905 0.506284
vt 0.196456 0.448885
vt 0.197910 0.507086
vt 0.182068 0.443264
vt 0.180846 0.507794
vt 0.257836 0.458255
vt 0.273326 0.463649
vt 0.226905 0.443952
vt 0.196183 0.429621
vt 0.181139 0.424233
vt 0.257851 0.064398
vt 0.226905 0.058525
vt 0.226905 0.038282
vt 0.257964 0.043850
vt 0.280254 0.066749
vt 0.284545 0.045685
vt 0.196150 0.052529
vt 0.173784 0.049616
vt 0.170074 0.029702
vt 0.196181 0.032957
vt 0.257935 0.105719
vt 0.226905 0.099008
vt 0.226905 0.078761
vt 0.258101 0.085036
vt 0.280309 0.108510
vt 0.284593 0.087631
vt 0.195914 0.092239
vt 0.173419 0.089352
vt 0.169212 0.069455
vt 0.195770 0.072361
vt 0.258000 0.147142
vt 0.226905 0.139565
vt 0.226905 0.119276
vt 0.258157 0.126419
vt 0.280403 0.150299
vt 0.284665 0.129380
vt 0.195881 0.132004
vt 0.173459 0.128830
vt 0.169183 0.109123
vt 0.195682 0.112133
vt 0.258066 0.188592
vt 0.226905 0.180165
vt 0.226905 0.159857
vt 0.258200 0.167858
vt 0.280498 0.192112
vt 0.284721 0.171186
vt 0.195867 0.171732
vt 0.173473 0.168200
vt 0.169244 0.148521
vt 0.195695 0.151874
vt 0.258149 0.230103
vt 0.226905 0.220780
vt 0.226905 0.200466
vt 0.258255 0.209342
vt 0.280642 0.233990
vt 0.284824 0.213018
vt 0.195846 0.211448
vt 0.173460 0.207535
vt 0.169276 0.187864
vt 0.195701 0.191600
vt 0.258222 0.271698
vt 0.226905 0.261399
vt 0.226905 0.241083
vt 0.258324 0.250883
vt 0.280796 0.276013
vt 0.284964 0.254962
vt 0.195834 0.251129
vt 0.173461 0.246847
vt 0.169295 0.227197
vt 0.195693 0.231302
vt 0.258247 0.313147
vt 0.226905 0.302015
vt 0.226905 0.281701
vt 0.258345 0.292462
vt 0.280945 0.317736
vt 0.285074 0.296902
vt 0.195721 0.290751
vt 0.173446 0.285998
vt 0.169340 0.266440
vt 0.195667 0.270942
vt 0.258358 0.354596
vt 0.226905 0.342620
vt 0.226905 0.322312
vt 0.258401 0.333848
vt 0.281172 0.359607
vt 0.285265 0.338615
vt 0.195604 0.330646
vt 0.173267 0.325543
vt 0.169266 0.305728
vt 0.195557 0.310693
vt 0.258375 0.396179
vt 0.226905 0.383193
vt 0.226905 0.362903
vt 0.258470 0.375381
vt 0.281241 0.401759
vt 0.285447 0.380636
vt 0.195733 0.370492
vt 0.173365 0.365234
vt 0.169164 0.345417
vt 0.195528 0.350580
vt 0.258072 0.437694
vt 0.226905 0.423710
vt 0.226905 0.403445
vt 0.258360 0.416952
vt 0.280671 0.443878
vt 0.285203 0.422920
vt 0.196073 0.410102
vt 0.173909 0.404721
vt 0.169549 0.385033
vt 0.195759 0.390347
vt 0.226905 0.020217
vt 0.257562 0.025929
vt 0.279821 0.026901
vt 0.175247 0.012543
vt 0.196727 0.016144
vt 0.257255 0.478602
vt 0.274986 0.485485
vt 0.277404 0.505862
vt 0.257359 0.505934
vt 0.226905 0.464266
vt 0.226905 0.506284
vt 0.196456 0.448885
vt 0.197910 0.507086
vt 0.182068 0.443264
vt 0.180846 0.507794
vt 0.257836 0.458255
vt 0.273326 0.463649
vt 0.226905 0.443952
vt 0.196183 0.429621
vt 0.181139 0.424233
vt 0.257851 0.064398
vt 0.226905 0.058525
vt 0.226905 0.038282
vt 0.257964 0.043850
vt 0.280254 0.066749
vt 0.284545 0.045685
vt 0.196150 0.052529
vt 0.173784 0.049616
vt 0.170074 0.029702
vt 0.196181 0.032957
vt 0.257935 0.105719
vt 0.226905 0.099008
vt 0.226905 0.078761
vt 0.258101 0.085036
vt 0.280309 0.108510
vt 0.284593 0.087631
vt 0.195914 0.092239
vt 0.173419 0.089352
vt 0.169212 0.069455
vt 0.195770 0.072361
vt 0.258000 0.147142
vt 0.226905 0.139565
vt 0.226905 0.119276
vt 0.258157 0.126419
vt 0.280403 0.150299
vt 0.284665 0.129380
vt 0.195881 0.132004
vt 0.173459 0.128830
vt 0.169183 0.109123
vt 0.195682 0.112133
vt 0.258066 0.188592
vt 0.226905 0.180165
vt 0.226905 0.159857
vt 0.258200 0.167858
vt 0.280498 0.192112
vt 0.284721 0.171186
vt 0.195867 0.171732
vt 0.173473 0.168200
vt 0.169244 0.148521
vt 0.195695 0.151874
vt 0.258149 0.230103
vt 0.226905 0.220780
vt 0.226905 0.200466
vt 0.258255 0.209342
vt 0.280642 0.233990
vt 0.284824 0.213018
vt 0.195846 0.211448
vt 0.173460 0.207535
vt 0.169276 0.187864
vt 0.195701 0.191600
vt 0.258222 0.271698
vt 0.226905 0.261399
vt 0.226905 0.241083
vt 0.258324 0.250883
vt 0.280796 0.276013
vt 0.284964 0.254962
vt 0.195834 0.251129
vt 0.173461 0.246847
vt 0.169295 0.227197
vt 0.195693 0.231302
vt 0.258247 0.313147
vt 0.226905 0.302015
vt 0.226905 0.281701
vt 0.258345 0.292462
vt 0.280945 0.317736
vt 0.285074 0.296902
vt 0.195721 0.290751
vt 0.173446 0.285998
vt 0.169340 0.266440
vt 0.195667 0.270942
vt 0.258358 0.354596
vt 0.226905 0.342620
vt 0.226905 0.322312
vt 0.258401 0.333848
vt 0.281172 0.359607
vt 0.285265 0.338615
vt 0.195604 0.330646
vt 0.173267 0.325543
vt 0.169266 0.305728
vt 0.195557 0.310693
vt 0.258375 0.396179
vt 0.226905 0.383193
vt 0.226905 0.362903
vt 0.258470 0.375381
vt 0.281241 0.401759
vt 0.285447 0.380636
vt 0.195733 0.370492
vt 0.173365 0.365234
vt 0.169164 0.345417
vt 0.195528 0.350580
vt 0.258072 0.437694
vt 0.226905 0.423710
vt 0.226905 0.403445
vt 0.258360 0.416952
vt 0.280671 0.443878
vt 0.285203 0.422920
vt 0.196073 0.410102
vt 0.173909 0.404721
vt 0.169549 0.385033
vt 0.195759 0.390347
vt 0.226905 0.020217
vt 0.257562 0.025929
vt 0.279821 0.026901
vt 0.175247 0.012543
vt 0.196727 0.016144
vt 0.154456 0.777787
vt 0.142519 0.724556
vt 0.236123 0.736271
vt 0.252704 0.793635
vt 0.294244 0.735697
vt 0.352391 0.861454
vt 0.313817 0.734838
vt 0.368526 0.872824
vt 0.236825 0.820140
vt 0.151665 0.784099
vt 0.339163 0.890311
vt 0.360783 0.893829
vt 0.337949 0.739204
vt 0.383597 0.867786
vt 0.147725 0.779345
vt 0.135745 0.726131
vt 0.575748 0.085061
vt 0.575748 0.135674
vt 0.562525 0.135674
vt 0.562525 0.085061
vt 0.575748 0.034448
vt 0.562525 0.034448
vt 0.575748 0.186288
vt 0.575748 0.236901
vt 0.562525 0.236901
vt 0.562525 0.186288
vt 0.499179 0.198120
vt 0.498320 0.144748
vt 0.507174 0.145312
vt 0.507668 0.198399
vt 0.498479 0.253273
vt 0.508191 0.263165
vt 0.498101 0.092071
vt 0.495165 0.037676
vt 0.505139 0.027146
vt 0.507174 0.092605
vt 0.523296 0.145127
vt 0.523296 0.197834
vt 0.525332 0.263293
vt 0.522279 0.027274
vt 0.522802 0.092040
vt 0.532150 0.145691
vt 0.532369 0.198368
vt 0.535305 0.252763
vt 0.531992 0.037166
vt 0.531291 0.092319
vt 0.083294 0.979333
vt 0.065173 0.958095
vt 0.081569 0.949996
vt 0.050655 0.662688
vt 0.051334 0.800951
vt 0.028679 0.797124
vt 0.027676 0.659994
vt 0.052278 0.496480
vt 0.029187 0.494939
vt 0.057091 0.333375
vt 0.033207 0.331136
vt 0.064977 0.184505
vt 0.041235 0.181517
vt 0.076994 0.032149
vt 0.052776 0.023697
vt 0.054915 0.894543
vt 0.037258 0.902227
vt 0.092524 0.187425
vt 0.104345 0.042464
vt 0.083226 0.335571
vt 0.077579 0.498002
vt 0.075837 0.665386
vt 0.076183 0.804810
vt 0.079602 0.898046
vt 0.064607 0.925234
vt 0.050193 0.932051
vt 0.109597 0.042874
vt 0.097779 0.187794
vt 0.088488 0.335825
vt 0.082845 0.498122
vt 0.081105 0.665409
vt 0.081451 0.804724
vt 0.084866 0.897866
vt 0.086825 0.950013
vt 0.083295 0.979334
vt 0.389918 0.658227
vt 0.316858 0.615660
vt 0.336134 0.583449
vt 0.392197 0.644859
vt 0.161409 0.659322
vt 0.166506 0.646114
vt 0.153559 0.623582
vt 0.146469 0.630637
vt 0.138276 0.649889
vt 0.155738 0.678624
vt 0.122969 0.643468
vt 0.131563 0.623567
vt 0.147806 0.606946
vt 0.322588 0.545740
vt 0.373548 0.568899
vt 0.407288 0.636530
vt 0.408846 0.651908
vt 0.405763 0.662338
vt 0.391226 0.674173
vt 0.157610 0.694027
vt 0.575748 0.085061
vt 0.575748 0.135674
vt 0.562525 0.135674
vt 0.562525 0.085061
vt 0.575748 0.034448
vt 0.562525 0.034448
vt 0.575748 0.186288
vt 0.575748 0.236901
vt 0.562525 0.236901
vt 0.562525 0.186288
vt 0.499179 0.198120
vt 0.498320 0.144748
vt 0.507174 0.145312
vt 0.507668 0.198399
vt 0.498479 0.253273
vt 0.508191 0.263165
vt 0.498101 0.092071
vt 0.495165 0.037676
vt 0.505139 0.027146
vt 0.507174 0.092605
vt 0.523296 0.145127
vt 0.523296 0.197834
vt 0.525332 0.263293
vt 0.522279 0.027274
vt 0.522802 0.092040
vt 0.532150 0.145691
vt 0.532369 0.198368
vt 0.535305 0.252763
vt 0.531992 0.037166
vt 0.531291 0.092319
vt 0.575748 0.085061
vt 0.575748 0.135674
vt 0.562525 0.135674
vt 0.562525 0.085061
vt 0.575748 0.034448
vt 0.562525 0.034448
vt 0.575748 0.186288
vt 0.575748 0.236901
vt 0.562525 0.236901
vt 0.562525 0.186288
vt 0.499179 0.198120
vt 0.498320 0.144748
vt 0.507174 0.145312
vt 0.507668 0.198399
vt 0.498479 0.253273
vt 0.508191 0.263165
vt 0.498101 0.092071
vt 0.495165 0.037676
vt 0.505139 0.027146
vt 0.507174 0.092605
vt 0.523296 0.145127
vt 0.523296 0.197834
vt 0.525332 0.263293
vt 0.522279 0.027274
vt 0.522802 0.092040
vt 0.532150 0.145691
vt 0.532369 0.198368
vt 0.535305 0.252763
vt 0.531992 0.037166
vt 0.531291 0.092319
vt 0.419707 0.441880
vt 0.439588 0.480918
vt 0.411476 0.496460
vt 0.439588 0.441879
vt 0.413119 0.429410
vt 0.439588 0.429410
vt 0.406479 0.346093
vt 0.439587 0.346093
vt 0.439587 0.387190
vt 0.406479 0.387190
vt 0.425879 0.178509
vt 0.439587 0.178509
vt 0.439587 0.222433
vt 0.424930 0.222434
vt 0.425879 0.155593
vt 0.439587 0.155593
vt 0.415338 0.126647
vt 0.439587 0.126647
vt 0.418686 0.091501
vt 0.439587 0.091501
vt 0.439587 0.020654
vt 0.439587 0.036895
vt 0.425346 0.036895
vt 0.421692 0.066855
vt 0.439587 0.066855
vt 0.439587 0.308216
vt 0.406479 0.308216
vt 0.763718 0.195555
vt 0.765042 0.235077
vt 0.746614 0.234728
vt 0.745926 0.196176
vt 0.743292 0.106649
vt 0.723535 0.037926
vt 0.760195 0.062156
vt 0.764635 0.084596
vt 0.658079 0.233274
vt 0.659394 0.197602
vt 0.701721 0.197602
vt 0.702314 0.233886
vt 0.459469 0.441879
vt 0.467700 0.496460
vt 0.786486 0.235523
vt 0.783031 0.204963
vt 0.719763 0.163154
vt 0.700954 0.171412
vt 0.681942 0.163659
vt 0.757225 0.166234
vt 0.752328 0.141853
vt 0.726600 0.144156
vt 0.719169 0.125594
vt 0.700364 0.117646
vt 0.659883 0.098964
vt 0.681579 0.125552
vt 0.673850 0.144650
vt 0.632438 0.125495
vt 0.602371 0.153428
vt 0.606868 0.195899
vt 0.608156 0.209920
vt 0.774237 0.245897
vt 0.466056 0.429410
vt 0.472696 0.346093
vt 0.472696 0.387190
vt 0.453296 0.178509
vt 0.454245 0.222433
vt 0.453296 0.155593
vt 0.463837 0.126647
vt 0.460489 0.091501
vt 0.453828 0.036895
vt 0.763739 0.254826
vt 0.546089 0.381723
vt 0.546089 0.396550
vt 0.492282 0.396550
vt 0.492282 0.381723
vt 0.546089 0.366897
vt 0.492282 0.366897
vt 0.546089 0.352071
vt 0.492282 0.352071
vt 0.546089 0.337244
vt 0.492282 0.337244
vt 0.546089 0.322418
vt 0.492282 0.322418
vt 0.546089 0.307591
vt 0.492282 0.307591
vt 0.546089 0.292765
vt 0.492282 0.292765
vt 0.457483 0.066855
vt 0.472696 0.308216
vt 0.492282 0.277938
vt 0.546089 0.277938
vt 0.763718 0.195555
vt 0.765042 0.235077
vt 0.746614 0.234728
vt 0.745926 0.196176
vt 0.743292 0.106649
vt 0.723535 0.037926
vt 0.760195 0.062156
vt 0.764635 0.084596
vt 0.658079 0.233274
vt 0.659394 0.197602
vt 0.701721 0.197602
vt 0.702314 0.233886
vt 0.786486 0.235523
vt 0.783031 0.204963
vt 0.719763 0.163154
vt 0.700954 0.171412
vt 0.681942 0.163659
vt 0.757225 0.166234
vt 0.752328 0.141853
vt 0.726600 0.144156
vt 0.719169 0.125594
vt 0.700364 0.117646
vt 0.659883 0.098964
vt 0.681579 0.125552
vt 0.673850 0.144650
vt 0.632438 0.125495
vt 0.602371 0.153428
vt 0.606868 0.195899
vt 0.608156 0.209920
vt 0.774237 0.245897
vt 0.763739 0.254826
vt 0.154456 0.777787
vt 0.142519 0.724556
vt 0.236123 0.736271
vt 0.252704 0.793635
vt 0.294244 0.735697
vt 0.352391 0.861454
vt 0.313817 0.734838
vt 0.368526 0.872824
vt 0.236825 0.820140
vt 0.151665 0.784099
vt 0.339163 0.890311
vt 0.360783 0.893829
vt 0.337949 0.739204
vt 0.383597 0.867786
vt 0.147725 0.779345
vt 0.135745 0.726131
vt 0.247390 0.646700
vt 0.243030 0.646700
vt 0.244480 0.645250
vt 0.245930 0.645250
vt 0.247390 0.642340
vt 0.245930 0.643790
vt 0.243030 0.642340
vt 0.244480 0.643790
vt 0.424537 0.128074
vt 0.438097 0.114511
vt 0.451660 0.128074
vt 0.438097 0.141634
vt 0.244310 0.637650
vt 0.242720 0.639250
vt 0.247500 0.639250
vt 0.245910 0.637650
vt 0.247500 0.634460
vt 0.245910 0.636060
vt 0.242720 0.634460
vt 0.244310 0.636060
vt 0.424544 0.128080
vt 0.438104 0.114518
vt 0.451666 0.128080
vt 0.438104 0.141640
vn 0.071908 -0.214398 -0.974096
vn 0.040585 -0.237381 -0.970568
vn 0.077506 -0.252239 -0.964556
vn 0.285490 -0.151018 -0.946409
vn 0.286519 -0.162663 -0.944165
vn 0.285543 -0.151585 -0.946302
vn 0.284980 -0.162829 -0.944602
vn 0.287551 -0.142531 -0.947101
vn 0.287991 -0.142934 -0.946906
vn 0.282492 -0.129485 -0.950490
vn 0.283729 -0.130160 -0.950030
vn 0.273152 -0.114437 -0.955140
vn 0.274040 -0.114961 -0.954823
vn 0.271918 -0.108519 -0.956182
vn 0.272237 -0.108580 -0.956085
vn 0.285945 -0.201696 -0.936779
vn 0.282936 -0.211513 -0.935526
vn -0.109146 0.045052 -0.993004
vn -0.108111 0.042836 -0.993216
vn -0.108749 0.044867 -0.993056
vn -0.107968 0.042809 -0.993232
vn -0.113581 0.051098 -0.992214
vn -0.113056 0.050820 -0.992288
vn -0.115406 0.056888 -0.991688
vn -0.115223 0.056709 -0.991720
vn -0.114409 0.060533 -0.991588
vn -0.114380 0.060310 -0.991605
vn -0.114361 0.065144 -0.991301
vn -0.114462 0.064498 -0.991332
vn -0.115807 0.078509 -0.990164
vn -0.109837 0.075152 -0.991104
vn -0.170762 0.107569 -0.979423
vn -0.151505 0.107417 -0.982603
vn 0.165753 -0.284261 -0.944310
vn 0.206558 -0.301954 -0.930676
vn -0.930501 0.366289 0.000000
vn -0.930501 0.366289 0.000000
vn -0.930501 0.366289 0.000000
vn -0.930501 0.366289 0.000000
vn -0.921599 0.388144 0.000000
vn -0.921599 0.388144 0.000000
vn -0.921599 0.388145 0.000000
vn -0.921599 0.388145 0.000000
vn -0.905167 0.425056 0.000000
vn -0.905167 0.425056 0.000000
vn -0.905167 0.425057 0.000000
vn -0.905167 0.425057 0.000000
vn -0.889233 0.457455 0.000000
vn -0.889233 0.457455 0.000000
vn -0.889233 0.457455 0.000000
vn -0.889233 0.457455 0.000000
vn -0.879119 0.476602 0.000000
vn -0.879119 0.476602 0.000000
vn -0.879119 0.476602 0.000000
vn -0.879119 0.476602 0.000000
vn -0.856654 0.515892 0.000000
vn -0.856654 0.515892 0.000000
vn -0.856653 0.515893 0.000000
vn -0.856653 0.515893 0.000000
vn -0.846116 0.532999 0.000000
vn -0.846116 0.532999 0.000000
vn -0.846115 0.533000 0.000000
vn -0.846115 0.533000 0.000000
vn -0.735958 0.677028 0.000000
vn -0.846115 0.533000 0.000000
vn -0.846111 0.533007 0.000000
vn -0.846115 0.533000 0.000000
vn -0.647658 0.669125 -0.364432
vn -0.013522 0.915279 -0.402594
vn -0.617902 0.218825 -0.755191
vn 0.077446 0.676891 -0.731998
vn -0.087990 -0.964859 -0.247597
vn -0.106834 -0.856099 -0.505649
vn -0.056952 -0.988632 -0.139151
vn 0.178945 0.040017 -0.983045
vn 0.320131 0.903893 -0.283713
vn 0.287742 0.796209 -0.532217
vn 0.906653 0.358241 -0.222809
vn 0.813408 0.466934 -0.346901
vn -0.063085 -0.994937 0.078231
vn 0.326281 0.945273 0.000000
vn 0.937261 0.348627 0.000000
vn 0.037250 0.999306 0.000000
vn -0.643205 0.765694 0.000000
vn -0.998548 -0.053872 0.000000
vn -0.063279 -0.997996 0.000000
vn -0.063279 -0.997996 0.000000
vn -0.467851 0.063300 -0.881538
vn -0.470324 0.201678 -0.859140
vn -0.790188 0.213841 -0.574348
vn -0.766603 0.329498 -0.551135
vn 0.051940 -0.137914 -0.989081
vn 0.023817 -0.009976 -0.999667
vn 0.526096 -0.338873 -0.779992
vn 0.517932 -0.218514 -0.827042
vn 0.739765 -0.431387 -0.516384
vn 0.769380 -0.323962 -0.550548
vn -0.785104 0.291509 -0.546475
vn -0.509951 0.167307 -0.843777
vn 0.001444 -0.002096 -0.999997
vn 0.512643 -0.161810 -0.843217
vn 0.790291 -0.277516 -0.546283
vn -0.513509 0.192017 -0.836324
vn -0.529622 0.160211 -0.832966
vn -0.002860 0.001191 -0.999995
vn 0.000503 -0.000023 -1.000000
vn -0.778031 0.322126 -0.539353
vn -0.799431 0.268691 -0.537322
vn 0.509592 -0.190658 -0.839026
vn 0.529361 -0.158855 -0.833392
vn 0.776058 -0.325178 -0.540364
vn 0.799829 -0.269267 -0.536441
vn -0.513910 0.194184 -0.835577
vn -0.529282 0.157877 -0.833628
vn -0.002903 0.001209 -0.999995
vn 0.000548 -0.000036 -1.000000
vn -0.777444 0.324872 -0.538553
vn -0.799949 0.265881 -0.537949
vn 0.509960 -0.192878 -0.838296
vn 0.529047 -0.156426 -0.834051
vn 0.775425 -0.328053 -0.539535
vn 0.800391 -0.266284 -0.537092
vn -0.514440 0.196343 -0.834746
vn -0.528796 0.155524 -0.834378
vn -0.002944 0.001226 -0.999995
vn 0.000596 -0.000051 -1.000000
vn -0.776902 0.327609 -0.537676
vn -0.800409 0.263064 -0.538649
vn 0.510462 -0.195091 -0.837477
vn 0.528587 -0.153977 -0.834798
vn 0.774837 -0.330922 -0.538626
vn 0.800894 -0.263287 -0.537818
vn -0.515091 0.198491 -0.833836
vn -0.528170 0.153159 -0.835212
vn -0.002984 0.001242 -0.999995
vn 0.000647 -0.000066 -1.000000
vn -0.776404 0.330344 -0.536721
vn -0.800821 0.260230 -0.539413
vn 0.511091 -0.197293 -0.836578
vn 0.527979 -0.151517 -0.835632
vn 0.774298 -0.333785 -0.537633
vn 0.801344 -0.260277 -0.538613
vn -0.515864 0.200621 -0.832848
vn -0.527399 0.150787 -0.836130
vn -0.003024 0.001259 -0.999995
vn 0.000701 -0.000083 -1.000000
vn -0.775952 0.333075 -0.535687
vn -0.801180 0.257390 -0.540242
vn 0.511846 -0.199477 -0.835597
vn 0.527227 -0.149050 -0.836550
vn 0.773804 -0.336641 -0.536563
vn 0.801737 -0.257256 -0.539479
vn -0.516517 0.202887 -0.831894
vn -0.526488 0.148409 -0.837129
vn -0.003063 0.001273 -0.999995
vn 0.000758 -0.000099 -1.000000
vn -0.774859 0.336623 -0.535049
vn -0.801484 0.254544 -0.541138
vn 0.512723 -0.201638 -0.834540
vn 0.526329 -0.146580 -0.837551
vn 0.773354 -0.339491 -0.535416
vn 0.802072 -0.254226 -0.540417
vn -0.513977 0.210010 -0.831699
vn -0.524676 0.146991 -0.838516
vn -0.001224 0.001858 -0.999998
vn 0.000928 -0.000533 -0.999999
vn -0.770276 0.348472 -0.534081
vn -0.800601 0.255676 -0.541911
vn 0.514252 -0.205157 -0.832740
vn 0.525303 -0.144171 -0.838613
vn 0.772583 -0.343385 -0.534044
vn 0.802349 -0.251189 -0.541424
vn -0.511851 0.219792 -0.830482
vn -0.521135 0.151698 -0.839884
vn -0.001264 0.002006 -0.999997
vn 0.001203 -0.001635 -0.999998
vn -0.764532 0.362709 -0.532854
vn -0.797002 0.264414 -0.543022
vn 0.513252 -0.213641 -0.831222
vn 0.523393 -0.147007 -0.839315
vn 0.768772 -0.354616 -0.532201
vn 0.800999 -0.253114 -0.542525
vn -0.509651 0.229531 -0.829199
vn -0.517581 0.156972 -0.841112
vn -0.001324 0.002148 -0.999997
vn 0.001279 -0.001786 -0.999998
vn -0.758576 0.376837 -0.531560
vn -0.793184 0.273503 -0.544109
vn 0.511304 -0.222947 -0.829978
vn 0.519979 -0.152003 -0.840546
vn 0.763337 -0.368191 -0.530804
vn 0.797523 -0.261265 -0.543781
vn -0.507379 0.239223 -0.827852
vn -0.513852 0.162173 -0.842411
vn -0.001386 0.002291 -0.999996
vn 0.001358 -0.001937 -0.999997
vn -0.752409 0.390863 -0.530195
vn -0.789216 0.282537 -0.545262
vn 0.509294 -0.232216 -0.828671
vn 0.516395 -0.156939 -0.841847
vn 0.757716 -0.381677 -0.529330
vn 0.793972 -0.269415 -0.544999
vn -0.370468 0.493855 -0.786677
vn 0.090792 0.340071 -0.936007
vn -0.673257 0.555879 -0.487568
vn 0.597909 0.170371 -0.783249
vn 0.834219 0.036679 -0.550212
vn -0.467851 0.063300 0.881538
vn -0.790188 0.213841 0.574347
vn -0.470324 0.201678 0.859140
vn -0.766604 0.329498 0.551135
vn 0.051940 -0.137914 0.989081
vn 0.023816 -0.009976 0.999667
vn 0.526096 -0.338873 0.779992
vn 0.517932 -0.218514 0.827042
vn 0.739765 -0.431388 0.516384
vn 0.769380 -0.323962 0.550548
vn -0.785104 0.291509 0.546475
vn -0.509951 0.167307 0.843777
vn 0.001443 -0.002095 0.999997
vn 0.512643 -0.161810 0.843217
vn 0.790291 -0.277516 0.546284
vn -0.513509 0.192017 0.836324
vn -0.002860 0.001192 0.999995
vn -0.529622 0.160211 0.832966
vn 0.000503 -0.000022 1.000000
vn -0.778032 0.322126 0.539353
vn -0.799432 0.268691 0.537321
vn 0.509593 -0.190658 0.839026
vn 0.776058 -0.325178 0.540365
vn 0.529361 -0.158855 0.833392
vn 0.799829 -0.269266 0.536442
vn -0.513910 0.194184 0.835577
vn -0.002903 0.001209 0.999995
vn -0.529282 0.157877 0.833628
vn 0.000548 -0.000035 1.000000
vn -0.777444 0.324872 0.538553
vn -0.799949 0.265881 0.537949
vn 0.509960 -0.192878 0.838296
vn 0.775425 -0.328053 0.539535
vn 0.529047 -0.156426 0.834051
vn 0.800391 -0.266284 0.537092
vn -0.514440 0.196343 0.834746
vn -0.002944 0.001226 0.999995
vn -0.528796 0.155524 0.834378
vn 0.000596 -0.000051 1.000000
vn -0.776902 0.327609 0.537676
vn -0.800410 0.263064 0.538648
vn 0.510461 -0.195092 0.837477
vn 0.774837 -0.330923 0.538627
vn 0.528587 -0.153977 0.834798
vn 0.800895 -0.263286 0.537818
vn -0.515090 0.198490 0.833837
vn -0.002984 0.001241 0.999995
vn -0.528170 0.153159 0.835212
vn 0.000646 -0.000066 1.000000
vn -0.776404 0.330344 0.536721
vn -0.800821 0.260230 0.539413
vn 0.511091 -0.197292 0.836577
vn 0.774299 -0.333785 0.537633
vn 0.527979 -0.151517 0.835632
vn 0.801343 -0.260277 0.538614
vn -0.515864 0.200621 0.832848
vn -0.003024 0.001259 0.999995
vn -0.527399 0.150787 0.836130
vn 0.000701 -0.000083 1.000000
vn -0.775952 0.333074 0.535687
vn -0.801180 0.257390 0.540242
vn 0.511846 -0.199477 0.835597
vn 0.773805 -0.336641 0.536562
vn 0.527227 -0.149050 0.836550
vn 0.801737 -0.257256 0.539479
vn -0.516517 0.202887 0.831894
vn -0.003063 0.001273 0.999995
vn -0.526487 0.148409 0.837130
vn 0.000758 -0.000099 1.000000
vn -0.774860 0.336623 0.535049
vn -0.801484 0.254544 0.541139
vn 0.512723 -0.201638 0.834540
vn 0.773354 -0.339491 0.535415
vn 0.526329 -0.146579 0.837551
vn 0.802072 -0.254226 0.540416
vn -0.513977 0.210010 0.831699
vn -0.001224 0.001858 0.999998
vn -0.524676 0.146990 0.838516
vn 0.000928 -0.000534 0.999999
vn -0.770276 0.348472 0.534080
vn -0.800601 0.255676 0.541911
vn 0.514252 -0.205157 0.832740
vn 0.772583 -0.343386 0.534042
vn 0.525303 -0.144172 0.838613
vn 0.802350 -0.251190 0.541423
vn -0.511851 0.219793 0.830482
vn -0.001264 0.002007 0.999997
vn -0.521135 0.151698 0.839885
vn 0.001203 -0.001634 0.999998
vn -0.764531 0.362709 0.532854
vn -0.797002 0.264414 0.543023
vn 0.513251 -0.213640 0.831223
vn 0.768771 -0.354616 0.532201
vn 0.523392 -0.147006 0.839315
vn 0.800999 -0.253114 0.542525
vn -0.509651 0.229532 0.829199
vn -0.001325 0.002147 0.999997
vn -0.517580 0.156972 0.841113
vn 0.001278 -0.001785 0.999998
vn -0.758576 0.376837 0.531560
vn -0.793184 0.273503 0.544110
vn 0.511304 -0.222947 0.829978
vn 0.763337 -0.368191 0.530803
vn 0.519979 -0.152002 0.840546
vn 0.797523 -0.261265 0.543782
vn -0.507379 0.239224 0.827852
vn -0.001386 0.002291 0.999996
vn -0.513852 0.162173 0.842411
vn 0.001358 -0.001937 0.999997
vn -0.752409 0.390864 0.530195
vn -0.789216 0.282538 0.545262
vn 0.509294 -0.232216 0.828671
vn 0.757716 -0.381677 0.529329
vn 0.516395 -0.156940 0.841847
vn 0.793973 -0.269415 0.544998
vn -0.370468 0.493855 0.786677
vn 0.090792 0.340071 0.936007
vn -0.673258 0.555879 0.487568
vn 0.597909 0.170371 0.783249
vn 0.834220 0.036679 0.550210
vn 0.225181 -0.096287 0.969548
vn 0.228548 -0.091748 0.969200
vn 0.226816 -0.094084 0.969383
vn 0.229880 -0.089948 0.969054
vn -0.134977 0.052814 0.989440
vn -0.102425 0.042926 0.993814
vn -0.130979 0.055363 0.989838
vn -0.060345 0.025938 0.997841
vn 0.000000 0.000000 1.000000
vn 0.000001 0.000000 1.000000
vn 0.004260 -0.999991 0.000000
vn 0.004260 -0.999991 0.000000
vn 0.004260 -0.999991 0.000000
vn 0.004260 -0.999991 0.000000
vn 0.619405 -0.785071 0.000000
vn 0.619405 -0.785072 0.000000
vn 0.619405 -0.785071 0.000000
vn 0.619405 -0.785072 0.000000
vn -0.175270 -0.984520 0.000000
vn -0.175270 -0.984520 0.000000
vn -0.175270 -0.984520 0.000000
vn -0.175270 -0.984520 0.000000
vn -0.914605 0.403520 -0.025865
vn -0.914539 0.403777 -0.024157
vn -0.913471 0.406896 -0.002712
vn -0.913305 0.407277 0.000000
vn 0.912884 -0.390347 0.119462
vn 0.913771 -0.406111 0.009818
vn 0.913410 -0.391921 0.109909
vn 0.913304 -0.407279 0.000000
vn -0.000000 0.000000 1.000000
vn 0.000000 0.000000 1.000000
vn -0.000000 0.000000 1.000000
vn 0.000001 0.000000 1.000000
vn -0.570180 -0.821520 0.000000
vn -0.570180 -0.821520 0.000000
vn -0.570180 -0.821520 0.000000
vn -0.570180 -0.821520 0.000000
vn -0.000001 0.000000 -1.000000
vn -0.000000 0.000000 -1.000000
vn -0.000001 0.000000 -1.000000
vn 0.000000 0.000000 -1.000000
vn 0.570180 0.821520 0.000000
vn 0.570180 0.821520 0.000000
vn 0.570180 0.821520 0.000000
vn 0.570180 0.821520 0.000000
vn 0.821524 -0.570175 0.000004
vn 0.821516 -0.570185 -0.000006
vn 0.821523 -0.570175 0.000001
vn 0.821516 -0.570185 -0.000007
vn 0.821521 -0.570178 0.000007
vn 0.821522 -0.570178 0.000007
vn 0.821518 -0.570183 0.000001
vn 0.821518 -0.570183 0.000002
vn -0.000000 0.000000 -1.000000
vn -0.000000 0.000000 -1.000000
vn -0.000000 0.000000 -1.000000
vn 0.000000 0.000000 -1.000000
vn 0.570187 0.821515 0.000000
vn 0.570184 0.821517 0.000000
vn 0.570187 0.821515 0.000000
vn 0.570184 0.821517 0.000000
vn 0.000000 0.000000 1.000000
vn 0.000001 0.000000 1.000000
vn 0.000000 0.000000 1.000000
vn 0.000001 0.000000 1.000000
vn -0.570176 -0.821523 0.000000
vn -0.570175 -0.821524 0.000000
vn -0.570176 -0.821523 0.000000
vn -0.570174 -0.821524 0.000000
vn -0.821525 0.570172 0.000011
vn -0.821520 0.570180 0.000002
vn -0.821526 0.570172 0.000011
vn -0.821520 0.570180 0.000000
vn -0.821525 0.570173 -0.000004
vn -0.821525 0.570173 -0.000004
vn -0.821520 0.570179 -0.000008
vn -0.821520 0.570179 -0.000008
vn 0.071908 -0.214398 0.974096
vn 0.077506 -0.252239 0.964556
vn 0.040585 -0.237381 0.970568
vn 0.284979 -0.162829 0.944602
vn 0.286519 -0.162663 0.944165
vn 0.285543 -0.151585 0.946302
vn 0.285489 -0.151018 0.946409
vn 0.287991 -0.142934 0.946906
vn 0.287551 -0.142531 0.947101
vn 0.283729 -0.130160 0.950030
vn 0.282492 -0.129485 0.950490
vn 0.274040 -0.114961 0.954823
vn 0.273152 -0.114437 0.955140
vn 0.272237 -0.108580 0.956085
vn 0.271918 -0.108519 0.956182
vn 0.285945 -0.201695 0.936779
vn 0.282936 -0.211513 0.935526
vn -0.109146 0.045052 0.993004
vn -0.108749 0.044867 0.993056
vn -0.108111 0.042836 0.993216
vn -0.107968 0.042809 0.993232
vn -0.113581 0.051098 0.992214
vn -0.113056 0.050820 0.992288
vn -0.115405 0.056888 0.991688
vn -0.115223 0.056709 0.991720
vn -0.114408 0.060533 0.991588
vn -0.114379 0.060310 0.991605
vn -0.114361 0.065144 0.991301
vn -0.114462 0.064498 0.991332
vn -0.115806 0.078509 0.990164
vn -0.109837 0.075152 0.991104
vn -0.170762 0.107569 0.979423
vn -0.151505 0.107417 0.982603
vn 0.206558 -0.301954 0.930676
vn 0.165753 -0.284261 0.944310
vn -0.930501 0.366289 0.000000
vn -0.930501 0.366289 0.000000
vn -0.930501 0.366289 0.000000
vn -0.930501 0.366289 0.000000
vn -0.921599 0.388144 0.000000
vn -0.921599 0.388145 0.000000
vn -0.921599 0.388144 0.000000
vn -0.921599 0.388145 0.000000
vn -0.905167 0.425056 0.000000
vn -0.905167 0.425057 0.000000
vn -0.905167 0.425056 0.000000
vn -0.905167 0.425057 0.000000
vn -0.889233 0.457455 0.000000
vn -0.889233 0.457455 0.000000
vn -0.889233 0.457455 0.000000
vn -0.889233 0.457455 0.000000
vn -0.879119 0.476602 0.000000
vn -0.879119 0.476603 0.000000
vn -0.879119 0.476602 0.000000
vn -0.879119 0.476603 0.000000
vn -0.856654 0.515892 0.000000
vn -0.856653 0.515893 0.000000
vn -0.856654 0.515892 0.000000
vn -0.856653 0.515893 0.000000
vn -0.846116 0.532999 0.000000
vn -0.846115 0.533000 0.000000
vn -0.846116 0.532999 0.000000
vn -0.846115 0.533000 0.000000
vn -0.852456 0.522799 0.000000
vn -0.846116 0.532999 0.000000
vn -0.846116 0.532999 0.000000
vn -0.846116 0.532999 0.000000
vn 0.077446 0.676890 0.731998
vn -0.013523 0.915279 0.402594
vn -0.617902 0.218825 0.755190
vn -0.647658 0.669125 0.364432
vn -0.087990 -0.964859 0.247597
vn -0.056952 -0.988632 0.139151
vn -0.106834 -0.856099 0.505649
vn 0.178943 0.040016 0.983045
vn 0.320131 0.903893 0.283713
vn 0.287742 0.796209 0.532218
vn 0.906653 0.358241 0.222809
vn 0.813408 0.466934 0.346901
vn -0.063085 -0.994937 -0.078231
vn 0.326281 0.945273 0.000000
vn 0.937261 0.348627 0.000000
vn 0.037250 0.999306 0.000000
vn -0.643205 0.765694 0.000000
vn -0.998548 -0.053872 0.000000
vn -0.063279 -0.997996 0.000000
vn -0.063279 -0.997996 0.000000
vn 0.417979 -0.896697 -0.145696
vn 0.417980 -0.896697 -0.145696
vn 0.417981 -0.896696 -0.145696
vn 0.417982 -0.896696 -0.145696
vn -0.894215 -0.377816 -0.240073
vn -0.894215 -0.377815 -0.240074
vn -0.894213 -0.377815 -0.240080
vn -0.894213 -0.377815 -0.240082
vn -0.417981 0.896700 0.145676
vn -0.417981 0.896699 0.145681
vn -0.417980 0.896697 0.145697
vn -0.417979 0.896697 0.145701
vn 0.894212 0.377814 0.240087
vn 0.894212 0.377814 0.240085
vn 0.894213 0.377817 0.240080
vn 0.894213 0.377817 0.240078
vn -0.160235 -0.230622 0.959760
vn -0.160235 -0.230622 0.959760
vn -0.160241 -0.230620 0.959759
vn -0.160241 -0.230620 0.959759
vn -0.160231 -0.230625 0.959759
vn -0.160231 -0.230626 0.959759
vn -0.160241 -0.230629 0.959757
vn -0.160240 -0.230629 0.959757
vn -0.417982 0.896701 0.145662
vn -0.417982 0.896701 0.145667
vn -0.417981 0.896697 0.145696
vn -0.417981 0.896696 0.145701
vn 0.894213 0.377817 0.240079
vn 0.894213 0.377817 0.240080
vn 0.894212 0.377814 0.240086
vn 0.894212 0.377814 0.240087
vn 0.417981 -0.896699 -0.145677
vn 0.417981 -0.896699 -0.145679
vn 0.417981 -0.896697 -0.145691
vn 0.417981 -0.896697 -0.145693
vn -0.894213 -0.377818 -0.240075
vn -0.894213 -0.377818 -0.240076
vn -0.894213 -0.377817 -0.240079
vn -0.894213 -0.377817 -0.240080
vn 0.160235 0.230620 -0.959760
vn 0.160235 0.230620 -0.959760
vn 0.160237 0.230625 -0.959758
vn 0.160238 0.230626 -0.959758
vn 0.160233 0.230625 -0.959759
vn 0.160233 0.230625 -0.959759
vn 0.160238 0.230630 -0.959757
vn 0.160238 0.230631 -0.959757
vn 0.417979 -0.896699 0.145691
vn 0.417982 -0.896696 0.145695
vn 0.417979 -0.896698 0.145692
vn 0.417983 -0.896696 0.145696
vn -0.894215 -0.377816 0.240073
vn -0.894213 -0.377815 0.240080
vn -0.894214 -0.377816 0.240074
vn -0.894213 -0.377815 0.240082
vn -0.417980 0.896699 -0.145681
vn -0.417980 0.896698 -0.145693
vn -0.417980 0.896699 -0.145684
vn -0.417980 0.896697 -0.145696
vn 0.894212 0.377813 -0.240087
vn 0.894213 0.377817 -0.240080
vn 0.894212 0.377814 -0.240086
vn 0.894213 0.377817 -0.240078
vn -0.160235 -0.230622 -0.959759
vn -0.160241 -0.230620 -0.959759
vn -0.160235 -0.230622 -0.959759
vn -0.160241 -0.230621 -0.959759
vn -0.160232 -0.230624 -0.959760
vn -0.160232 -0.230625 -0.959759
vn -0.160239 -0.230629 -0.959757
vn -0.160239 -0.230629 -0.959757
vn -0.417982 0.896701 -0.145669
vn -0.417980 0.896696 -0.145701
vn -0.417982 0.896700 -0.145674
vn -0.417980 0.896695 -0.145706
vn 0.894213 0.377817 -0.240080
vn 0.894212 0.377815 -0.240085
vn 0.894213 0.377816 -0.240081
vn 0.894212 0.377814 -0.240086
vn 0.417982 -0.896699 0.145679
vn 0.417981 -0.896698 0.145690
vn 0.417982 -0.896699 0.145681
vn 0.417981 -0.896698 0.145691
vn -0.894213 -0.377818 0.240077
vn -0.894212 -0.377818 0.240079
vn -0.894213 -0.377818 0.240077
vn -0.894212 -0.377818 0.240079
vn 0.160234 0.230620 0.959760
vn 0.160239 0.230626 0.959758
vn 0.160235 0.230620 0.959760
vn 0.160239 0.230627 0.959758
vn 0.160233 0.230626 0.959759
vn 0.160233 0.230626 0.959759
vn 0.160237 0.230628 0.959758
vn 0.160237 0.230629 0.959758
vn 0.580253 -0.805497 -0.120338
vn 0.320938 -0.911285 -0.257989
vn 0.296262 -0.907525 -0.297702
vn 0.612296 -0.790629 0.000000
vn 0.954692 -0.297596 0.000000
vn 0.954692 -0.297594 0.000000
vn 0.810827 0.585286 0.000000
vn 0.810827 0.585286 0.000000
vn 0.983708 0.179774 0.000000
vn 0.985044 0.172302 0.000000
vn -0.630297 0.776354 0.000000
vn -0.395113 0.918633 0.000000
vn -0.626157 0.779697 0.000000
vn -0.395113 0.918633 0.000000
vn -0.958973 -0.283496 0.000000
vn -0.984241 -0.176834 0.000000
vn -0.999823 -0.018806 0.000000
vn -0.998997 -0.044782 0.000000
vn -0.938463 0.345379 0.000000
vn -0.938464 0.345378 0.000000
vn -0.453605 0.891203 0.000000
vn -0.819409 0.573209 0.000000
vn -0.879598 0.475718 0.000000
vn -0.938464 0.345378 0.000000
vn -0.938464 0.345377 0.000000
vn 0.811188 0.584786 0.000000
vn 0.811007 0.585036 0.000000
vn 0.811188 0.584786 0.000000
vn 0.810997 0.585051 0.000000
vn -0.662071 0.160099 0.732141
vn -0.378780 0.073579 0.922557
vn -0.789166 0.244837 0.563270
vn -0.410333 0.068076 0.909391
vn -0.093158 0.248627 0.964109
vn -0.133980 0.199271 0.970742
vn -0.447466 0.203996 0.870724
vn -0.392361 0.138714 0.909291
vn 0.242208 -0.245851 0.938559
vn 0.122147 -0.101509 0.987307
vn -0.009016 0.005125 0.999946
vn -0.011002 -0.051934 0.998590
vn 0.374615 -0.632954 0.677519
vn 0.320939 -0.911286 0.257985
vn -0.635633 0.206274 0.743923
vn -0.715837 0.248701 0.652476
vn -0.382604 0.008511 0.923873
vn -0.000001 0.000000 1.000000
vn 0.223954 -0.167247 0.960142
vn -0.750924 0.242682 0.614182
vn -0.625426 0.111814 0.772231
vn -0.342007 0.309796 0.887163
vn -0.814828 0.236859 0.529106
vn -0.057657 0.267537 0.961821
vn 0.106418 0.069095 0.991918
vn 0.140255 -0.123026 0.982442
vn 0.049524 0.203835 0.977752
vn 0.024142 -0.060649 0.997867
vn -0.060391 -0.085210 0.994531
vn -0.037081 -0.224653 0.973733
vn -0.132786 -0.991145 0.000000
vn -0.132793 -0.991144 0.000000
vn -0.132789 -0.991144 0.000000
vn 0.612296 -0.790629 0.000000
vn 0.954692 -0.297597 0.000000
vn 0.954692 -0.297595 0.000000
vn 0.810827 0.585286 0.000000
vn 0.983708 0.179774 0.000000
vn 0.810827 0.585285 0.000000
vn 0.985044 0.172302 0.000000
vn -0.395113 0.918633 0.000000
vn -0.395113 0.918633 0.000000
vn -0.626157 0.779697 0.000000
vn -0.630297 0.776354 0.000000
vn -0.958973 -0.283496 0.000000
vn -0.984241 -0.176834 0.000000
vn -0.998997 -0.044782 0.000000
vn -0.938463 0.345379 0.000000
vn -0.819409 0.573209 0.000000
vn -0.132784 -0.991145 0.000000
vn -0.132784 -0.991145 0.000000
vn 0.827471 0.561509 0.000000
vn 0.188062 0.982157 0.000000
vn 0.827472 0.561507 0.000000
vn 0.188063 0.982157 0.000000
vn 0.982157 -0.188064 0.000000
vn 0.982157 -0.188064 0.000000
vn 0.561508 -0.827471 0.000000
vn 0.561508 -0.827471 0.000000
vn -0.188062 -0.982157 0.000000
vn -0.188063 -0.982157 0.000000
vn -0.827471 -0.561509 0.000000
vn -0.827472 -0.561507 0.000000
vn -0.982157 0.188064 0.000000
vn -0.982157 0.188064 0.000000
vn -0.561508 0.827471 0.000000
vn -0.561508 0.827471 0.000000
vn -0.938464 0.345378 0.000000
vn 0.810997 0.585051 0.000000
vn 0.811007 0.585036 0.000000
vn 0.811188 0.584786 0.000000
vn 0.811187 0.584787 0.000000
vn -0.410333 0.068076 -0.909391
vn -0.378780 0.073579 -0.922557
vn -0.687247 0.141502 -0.712508
vn -0.662071 0.160099 -0.732141
vn -0.392361 0.138714 -0.909291
vn -0.133980 0.199271 -0.970742
vn -0.242441 0.225622 -0.943566
vn -0.093157 0.248627 -0.964109
vn 0.191464 -0.023579 -0.981216
vn -0.009017 0.005125 -0.999946
vn 0.122146 -0.101509 -0.987308
vn -0.011002 -0.051934 -0.998590
vn -0.635633 0.206274 -0.743923
vn -0.706231 0.166636 -0.688091
vn 0.000000 0.000000 -1.000000
vn -0.382604 0.008511 -0.923873
vn 0.223953 -0.167247 -0.960142
vn -0.523750 0.146743 -0.839138
vn -0.342007 0.309795 -0.887163
vn -0.532821 0.095954 -0.840770
vn -0.625426 0.111814 -0.772231
vn -0.057657 0.267537 -0.961821
vn 0.024142 -0.060649 -0.997867
vn 0.140254 -0.123026 -0.982443
vn 0.049525 0.203835 -0.977752
vn 0.106418 0.069096 -0.991918
vn -0.060391 -0.085210 -0.994531
vn -0.037080 -0.224653 -0.973733
vn 0.034942 -0.230221 -0.972511
vn -0.132786 -0.991145 0.000000
vn -0.132789 -0.991144 0.000000
vn -0.132793 -0.991144 0.000000
vn -0.132784 -0.991145 0.000000
vn -0.132785 -0.991145 0.000000
vn 0.229880 -0.089948 -0.969054
vn 0.228548 -0.091748 -0.969200
vn 0.226816 -0.094084 -0.969383
vn 0.225181 -0.096287 -0.969548
vn -0.134977 0.052814 -0.989440
vn -0.130979 0.055363 -0.989838
vn -0.102425 0.042926 -0.993814
vn -0.060345 0.025938 -0.997841
vn -0.000001 0.000000 -1.000000
vn 0.000001 0.000000 -1.000000
vn 0.004260 -0.999991 0.000000
vn 0.004260 -0.999991 0.000000
vn 0.004260 -0.999991 0.000000
vn 0.004260 -0.999991 0.000000
vn 0.619405 -0.785072 0.000000
vn 0.619405 -0.785072 0.000000
vn 0.619405 -0.785071 0.000000
vn 0.619405 -0.785071 0.000000
vn -0.175270 -0.984520 0.000000
vn -0.175270 -0.984520 0.000000
vn -0.175270 -0.984520 0.000000
vn -0.175270 -0.984520 0.000000
vn -0.913305 0.407277 0.000000
vn -0.914539 0.403777 0.024157
vn -0.913471 0.406896 0.002712
vn -0.914605 0.403520 0.025865
vn 0.912885 -0.390346 -0.119462
vn 0.913411 -0.391920 -0.109908
vn 0.913771 -0.406111 -0.009818
vn 0.913304 -0.407279 0.000000
vn 0.248722 0.248722 0.936096
vn 0.248722 0.248722 0.936096
vn 0.248722 0.248722 0.936096
vn 0.153151 -0.051050 0.986883
vn 0.255859 0.085290 0.962944
vn 0.063960 0.191880 0.979332
vn 0.085290 -0.255859 0.962944
vn 0.255859 0.085290 0.962944
vn 0.153151 -0.051050 0.986883
vn -0.063960 -0.191880 0.979332
vn 0.085290 -0.255859 0.962944
vn 0.153151 -0.051050 0.986883
vn -0.255849 -0.085290 0.962947
vn 0.085290 -0.255859 0.962944
vn -0.063960 -0.191880 0.979332
vn -0.153151 0.051050 0.986883
vn -0.255849 -0.085290 0.962947
vn -0.063960 -0.191880 0.979332
vn -0.085280 0.255859 0.962945
vn -0.255849 -0.085290 0.962947
vn -0.153151 0.051050 0.986883
vn 0.063960 0.191880 0.979332
vn -0.085280 0.255859 0.962945
vn -0.153151 0.051050 0.986883
vn -0.153151 0.051050 0.986883
vn -0.063960 -0.191880 0.979332
vn 0.153151 -0.051050 0.986883
vn 0.063960 0.191880 0.979332
vn -0.153151 0.051050 0.986883
vn 0.153151 -0.051050 0.986883
vn 0.063960 0.191880 -0.979332
vn -0.085280 0.255859 -0.962945
vn 0.255859 0.085290 -0.962944
vn 0.153151 -0.051050 -0.986883
vn 0.063960 0.191880 -0.979332
vn 0.255859 0.085290 -0.962944
vn 0.153151 -0.051050 -0.986883
vn 0.255859 0.085290 -0.962944
vn 0.085290 -0.255859 -0.962944
vn -0.063960 -0.191880 -0.979332
vn 0.153151 -0.051050 -0.986883
vn 0.085290 -0.255859 -0.962944
vn -0.063960 -0.191880 -0.979332
vn 0.085290 -0.255859 -0.962944
vn -0.255849 -0.085290 -0.962947
vn -0.153151 0.051050 -0.986883
vn -0.063960 -0.191880 -0.979332
vn -0.255849 -0.085290 -0.962947
vn -0.153151 0.051050 -0.986883
vn -0.255849 -0.085290 -0.962947
vn -0.085280 0.255859 -0.962945
vn 0.063960 0.191880 -0.979332
vn -0.153151 0.051050 -0.986883
vn -0.085280 0.255859 -0.962945
vn 0.153151 -0.051050 -0.986883
vn -0.063960 -0.191880 -0.979332
vn -0.153151 0.051050 -0.986883
vn 0.063960 0.191880 -0.979332
vn 0.153151 -0.051050 -0.986883
vn -0.153151 0.051050 -0.986883
s 1
g item_blade
f 1/1/1 25/3/2 2/2/3
f 6/7/4 5/6/5 22/4/6
f 22/4/6 5/6/5 23/5/7
f 7/9/8 6/7/4 21/8/9
f 21/8/9 6/7/4 22/4/6
f 8/11/10 7/9/8 20/10/11
f 20/10/11 7/9/8 21/8/9
f 9/13/12 8/11/10 19/12/13
f 19/12/13 8/11/10 20/10/11
f 10/15/14 9/13/12 18/14/15
f 18/14/15 9/13/12 19/12/13
f 23/5/7 5/6/5 24/16/16
f 24/16/16 5/6/5 4/17/17
s 3
f 12/18/18 11/19/19 19/12/20
f 19/12/20 11/19/19 18/14/21
f 13/20/22 12/18/18 20/10/23
f 20/10/23 12/18/18 19/12/20
f 14/21/24 13/20/22 21/8/25
f 21/8/25 13/20/22 20/10/23
f 15/22/26 14/21/24 22/4/27
f 22/4/27 14/21/24 21/8/25
f 16/23/28 15/22/26 23/5/29
f 23/5/29 15/22/26 22/4/27
f 17/24/30 16/23/28 24/16/31
f 24/16/31 16/23/28 23/5/29
f 25/3/32 17/24/30 26/25/33
f 26/25/33 17/24/30 24/16/31
s 1
f 24/16/16 4/17/17 26/25/34
f 26/25/34 4/17/17 3/26/35
f 25/3/2 26/25/34 2/2/3
f 2/2/3 26/25/34 3/26/35
s 4
f 12/18/36 28/28/37 11/19/38
f 11/19/38 28/28/37 27/27/39
s 5
f 13/20/40 29/29/41 12/18/42
f 12/18/42 29/29/41 28/28/43
s 6
f 14/21/44 30/30/45 13/20/46
f 13/20/46 30/30/45 29/29/47
s 7
f 15/22/48 31/31/49 14/21/50
f 14/21/50 31/31/49 30/30/51
s 8
f 16/23/52 32/32/53 15/22/54
f 15/22/54 32/32/53 31/31/55
s 9
f 17/24/56 33/33/57 16/23/58
f 16/23/58 33/33/57 32/32/59
s 10
f 25/3/60 34/34/61 17/24/62
f 17/24/62 34/34/61 33/33/63
s 11
f 35/35/64 34/34/65 1/1/66
f 1/1/66 34/34/65 25/3/67
s 12
f 41/39/68 40/38/69 36/36/70
f 36/36/70 40/38/69 42/37/71
s 13
f 36/36/72 42/37/73 37/40/74
f 37/40/74 42/37/73 43/41/75
s 12
f 40/38/69 39/42/76 42/37/71
f 42/37/71 39/42/76 43/41/77
f 39/43/76 38/44/78 43/41/77
f 43/41/77 38/44/78 37/40/79
s 13
f 37/40/74 38/45/80 36/36/72
s 12
f 39/43/76 45/47/81 38/44/78
f 38/44/78 45/47/81 44/46/82
f 40/38/69 46/49/83 39/42/76
f 39/42/76 46/49/83 45/48/81
f 47/51/84 46/50/83 41/39/68
f 41/39/68 46/50/83 40/38/69
f 36/36/70 48/53/85 41/39/68
f 41/39/68 48/53/85 47/52/84
s 13
f 38/45/80 44/55/86 36/36/72
f 36/36/72 44/55/86 48/54/87
s 14
f 55/56/88 52/59/89 54/57/90
f 54/57/90 52/59/89 53/58/91
f 56/60/92 51/61/93 55/56/88
f 55/56/88 51/61/93 52/59/89
f 57/62/94 50/63/95 56/60/92
f 56/60/92 50/63/95 51/61/93
f 58/64/96 49/65/97 57/62/94
f 57/62/94 49/65/97 50/63/95
f 54/57/90 116/67/98 55/56/88
f 55/56/88 116/67/98 115/66/99
f 55/56/88 115/66/99 56/60/92
f 56/60/92 115/66/99 114/68/100
f 56/60/92 114/68/100 57/62/94
f 57/62/94 114/68/100 118/69/101
f 57/62/94 118/69/101 58/64/96
f 58/64/96 118/69/101 117/70/102
f 65/71/103 165/74/104 64/72/105
f 64/72/105 165/74/104 164/73/106
f 66/75/107 166/76/108 65/71/103
f 65/71/103 166/76/108 165/74/104
f 68/77/109 168/80/110 67/78/111
f 67/78/111 168/80/110 167/79/112
f 64/72/105 164/73/106 68/77/109
f 68/77/109 164/73/106 168/80/110
f 70/81/113 160/84/114 69/82/115
f 69/82/115 160/84/114 159/83/116
f 71/85/117 161/86/118 70/81/113
f 70/81/113 161/86/118 160/84/114
f 73/87/119 163/90/120 72/88/121
f 72/88/121 163/90/120 162/89/122
f 69/82/115 159/83/116 73/87/119
f 73/87/119 159/83/116 163/90/120
f 75/91/123 155/94/124 74/92/125
f 74/92/125 155/94/124 154/93/126
f 76/95/127 156/96/128 75/91/123
f 75/91/123 156/96/128 155/94/124
f 78/97/129 158/100/130 77/98/131
f 77/98/131 158/100/130 157/99/132
f 74/92/125 154/93/126 78/97/129
f 78/97/129 154/93/126 158/100/130
f 80/101/133 150/104/134 79/102/135
f 79/102/135 150/104/134 149/103/136
f 81/105/137 151/106/138 80/101/133
f 80/101/133 151/106/138 150/104/134
f 83/107/139 153/110/140 82/108/141
f 82/108/141 153/110/140 152/109/142
f 79/102/135 149/103/136 83/107/139
f 83/107/139 149/103/136 153/110/140
f 85/111/143 145/114/144 84/112/145
f 84/112/145 145/114/144 144/113/146
f 86/115/147 146/116/148 85/111/143
f 85/111/143 146/116/148 145/114/144
f 88/117/149 148/120/150 87/118/151
f 87/118/151 148/120/150 147/119/152
f 84/112/145 144/113/146 88/117/149
f 88/117/149 144/113/146 148/120/150
f 90/121/153 140/124/154 89/122/155
f 89/122/155 140/124/154 139/123/156
f 91/125/157 141/126/158 90/121/153
f 90/121/153 141/126/158 140/124/154
f 93/127/159 143/130/160 92/128/161
f 92/128/161 143/130/160 142/129/162
f 89/122/155 139/123/156 93/127/159
f 93/127/159 139/123/156 143/130/160
f 95/131/163 135/134/164 94/132/165
f 94/132/165 135/134/164 134/133/166
f 96/135/167 136/136/168 95/131/163
f 95/131/163 136/136/168 135/134/164
f 98/137/169 138/140/170 97/138/171
f 97/138/171 138/140/170 137/139/172
f 94/132/165 134/133/166 98/137/169
f 98/137/169 134/133/166 138/140/170
f 100/141/173 130/144/174 99/142/175
f 99/142/175 130/144/174 129/143/176
f 101/145/177 131/146/178 100/141/173
f 100/141/173 131/146/178 130/144/174
f 103/147/179 133/150/180 102/148/181
f 102/148/181 133/150/180 132/149/182
f 99/142/175 129/143/176 103/147/179
f 103/147/179 129/143/176 133/150/180
f 105/151/183 125/154/184 104/152/185
f 104/152/185 125/154/184 124/153/186
f 106/155/187 126/156/188 105/151/183
f 105/151/183 126/156/188 125/154/184
f 108/157/189 128/160/190 107/158/191
f 107/158/191 128/160/190 127/159/192
f 104/152/185 124/153/186 108/157/189
f 108/157/189 124/153/186 128/160/190
f 110/161/193 120/164/194 109/162/195
f 109/162/195 120/164/194 119/163/196
f 111/165/197 121/166/198 110/161/193
f 110/161/193 121/166/198 120/164/194
f 113/167/199 123/170/200 112/168/201
f 112/168/201 123/170/200 122/169/202
f 109/162/195 119/163/196 113/167/199
f 113/167/199 119/163/196 123/170/200
f 115/66/99 110/161/193 114/68/100
f 114/68/100 110/161/193 109/162/195
f 116/67/98 111/165/197 115/66/99
f 115/66/99 111/165/197 110/161/193
f 118/69/101 113/167/199 117/70/102
f 117/70/102 113/167/199 112/168/201
f 114/68/100 109/162/195 118/69/101
f 118/69/101 109/162/195 113/167/199
f 120/164/194 105/151/183 119/163/196
f 119/163/196 105/151/183 104/152/185
f 121/166/198 106/155/187 120/164/194
f 120/164/194 106/155/187 105/151/183
f 123/170/200 108/157/189 122/169/202
f 122/169/202 108/157/189 107/158/191
f 119/163/196 104/152/185 123/170/200
f 123/170/200 104/152/185 108/157/189
f 125/154/184 100/141/173 124/153/186
f 124/153/186 100/141/173 99/142/175
f 126/156/188 101/145/177 125/154/184
f 125/154/184 101/145/177 100/141/173
f 128/160/190 103/147/179 127/159/192
f 127/159/192 103/147/179 102/148/181
f 124/153/186 99/142/175 128/160/190
f 128/160/190 99/142/175 103/147/179
f 130/144/174 95/131/163 129/143/176
f 129/143/176 95/131/163 94/132/165
f 131/146/178 96/135/167 130/144/174
f 130/144/174 96/135/167 95/131/163
f 133/150/180 98/137/169 132/149/182
f 132/149/182 98/137/169 97/138/171
f 129/143/176 94/132/165 133/150/180
f 133/150/180 94/132/165 98/137/169
f 135/134/164 90/121/153 134/133/166
f 134/133/166 90/121/153 89/122/155
f 136/136/168 91/125/157 135/134/164
f 135/134/164 91/125/157 90/121/153
f 138/140/170 93/127/159 137/139/172
f 137/139/172 93/127/159 92/128/161
f 134/133/166 89/122/155 138/140/170
f 138/140/170 89/122/155 93/127/159
f 140/124/154 85/111/143 139/123/156
f 139/123/156 85/111/143 84/112/145
f 141/126/158 86/115/147 140/124/154
f 140/124/154 86/115/147 85/111/143
f 143/130/160 88/117/149 142/129/162
f 142/129/162 88/117/149 87/118/151
f 139/123/156 84/112/145 143/130/160
f 143/130/160 84/112/145 88/117/149
f 145/114/144 80/101/133 144/113/146
f 144/113/146 80/101/133 79/102/135
f 146/116/148 81/105/137 145/114/144
f 145/114/144 81/105/137 80/101/133
f 148/120/150 83/107/139 147/119/152
f 147/119/152 83/107/139 82/108/141
f 144/113/146 79/102/135 148/120/150
f 148/120/150 79/102/135 83/107/139
f 150/104/134 75/91/123 149/103/136
f 149/103/136 75/91/123 74/92/125
f 151/106/138 76/95/127 150/104/134
f 150/104/134 76/95/127 75/91/123
f 153/110/140 78/97/129 152/109/142
f 152/109/142 78/97/129 77/98/131
f 149/103/136 74/92/125 153/110/140
f 153/110/140 74/92/125 78/97/129
f 155/94/124 70/81/113 154/93/126
f 154/93/126 70/81/113 69/82/115
f 156/96/128 71/85/117 155/94/124
f 155/94/124 71/85/117 70/81/113
f 158/100/130 73/87/119 157/99/132
f 157/99/132 73/87/119 72/88/121
f 154/93/126 69/82/115 158/100/130
f 158/100/130 69/82/115 73/87/119
f 160/84/114 65/71/103 159/83/116
f 159/83/116 65/71/103 64/72/105
f 161/86/118 66/75/107 160/84/114
f 160/84/114 66/75/107 65/71/103
f 163/90/120 68/77/109 162/89/122
f 162/89/122 68/77/109 67/78/111
f 159/83/116 64/72/105 163/90/120
f 163/90/120 64/72/105 68/77/109
f 165/74/104 60/172/203 164/73/106
f 164/73/106 60/172/203 61/171/204
f 166/76/108 59/173/205 165/74/104
f 165/74/104 59/173/205 60/172/203
f 168/80/110 62/175/206 167/79/112
f 167/79/112 62/175/206 63/174/207
f 164/73/106 61/171/204 168/80/110
f 168/80/110 61/171/204 62/175/206
s 37
f 175/176/208 174/177/209 172/179/210
f 172/179/210 174/177/209 173/178/211
f 176/180/212 175/176/208 171/181/213
f 171/181/213 175/176/208 172/179/210
f 177/182/214 176/180/212 170/183/215
f 170/183/215 176/180/212 171/181/213
f 178/184/216 177/182/214 169/185/217
f 169/185/217 177/182/214 170/183/215
f 174/177/209 175/176/208 236/187/218
f 236/187/218 175/176/208 235/186/219
f 175/176/208 176/180/212 235/186/219
f 235/186/219 176/180/212 234/188/220
f 176/180/212 177/182/214 234/188/220
f 234/188/220 177/182/214 238/189/221
f 177/182/214 178/184/216 238/189/221
f 238/189/221 178/184/216 237/190/222
f 185/191/223 184/192/224 285/194/225
f 285/194/225 184/192/224 284/193/226
f 186/195/227 185/191/223 286/196/228
f 286/196/228 185/191/223 285/194/225
f 188/197/229 187/198/230 288/200/231
f 288/200/231 187/198/230 287/199/232
f 184/192/224 188/197/229 284/193/226
f 284/193/226 188/197/229 288/200/231
f 190/201/233 189/202/234 280/204/235
f 280/204/235 189/202/234 279/203/236
f 191/205/237 190/201/233 281/206/238
f 281/206/238 190/201/233 280/204/235
f 193/207/239 192/208/240 283/210/241
f 283/210/241 192/208/240 282/209/242
f 189/202/234 193/207/239 279/203/236
f 279/203/236 193/207/239 283/210/241
f 195/211/243 194/212/244 275/214/245
f 275/214/245 194/212/244 274/213/246
f 196/215/247 195/211/243 276/216/248
f 276/216/248 195/211/243 275/214/245
f 198/217/249 197/218/250 278/220/251
f 278/220/251 197/218/250 277/219/252
f 194/212/244 198/217/249 274/213/246
f 274/213/246 198/217/249 278/220/251
f 200/221/253 199/222/254 270/224/255
f 270/224/255 199/222/254 269/223/256
f 201/225/257 200/221/253 271/226/258
f 271/226/258 200/221/253 270/224/255
f 203/227/259 202/228/260 273/230/261
f 273/230/261 202/228/260 272/229/262
f 199/222/254 203/227/259 269/223/256
f 269/223/256 203/227/259 273/230/261
f 205/231/263 204/232/264 265/234/265
f 265/234/265 204/232/264 264/233/266
f 206/235/267 205/231/263 266/236/268
f 266/236/268 205/231/263 265/234/265
f 208/237/269 207/238/270 268/240/271
f 268/240/271 207/238/270 267/239/272
f 204/232/264 208/237/269 264/233/266
f 264/233/266 208/237/269 268/240/271
f 210/241/273 209/242/274 260/244/275
f 260/244/275 209/242/274 259/243/276
f 211/245/277 210/241/273 261/246/278
f 261/246/278 210/241/273 260/244/275
f 213/247/279 212/248/280 263/250/281
f 263/250/281 212/248/280 262/249/282
f 209/242/274 213/247/279 259/243/276
f 259/243/276 213/247/279 263/250/281
f 215/251/283 214/252/284 255/254/285
f 255/254/285 214/252/284 254/253/286
f 216/255/287 215/251/283 256/256/288
f 256/256/288 215/251/283 255/254/285
f 218/257/289 217/258/290 258/260/291
f 258/260/291 217/258/290 257/259/292
f 214/252/284 218/257/289 254/253/286
f 254/253/286 218/257/289 258/260/291
f 220/261/293 219/262/294 250/264/295
f 250/264/295 219/262/294 249/263/296
f 221/265/297 220/261/293 251/266/298
f 251/266/298 220/261/293 250/264/295
f 223/267/299 222/268/300 253/270/301
f 253/270/301 222/268/300 252/269/302
f 219/262/294 223/267/299 249/263/296
f 249/263/296 223/267/299 253/270/301
f 225/271/303 224/272/304 245/274/305
f 245/274/305 224/272/304 244/273/306
f 226/275/307 225/271/303 246/276/308
f 246/276/308 225/271/303 245/274/305
f 228/277/309 227/278/310 248/280/311
f 248/280/311 227/278/310 247/279/312
f 224/272/304 228/277/309 244/273/306
f 244/273/306 228/277/309 248/280/311
f 230/281/313 229/282/314 240/284/315
f 240/284/315 229/282/314 239/283/316
f 231/285/317 230/281/313 241/286/318
f 241/286/318 230/281/313 240/284/315
f 233/287/319 232/288/320 243/290/321
f 243/290/321 232/288/320 242/289/322
f 229/282/314 233/287/319 239/283/316
f 239/283/316 233/287/319 243/290/321
f 235/186/219 234/188/220 230/281/313
f 230/281/313 234/188/220 229/282/314
f 236/187/218 235/186/219 231/285/317
f 231/285/317 235/186/219 230/281/313
f 238/189/221 237/190/222 233/287/319
f 233/287/319 237/190/222 232/288/320
f 234/188/220 238/189/221 229/282/314
f 229/282/314 238/189/221 233/287/319
f 240/284/315 239/283/316 225/271/303
f 225/271/303 239/283/316 224/272/304
f 241/286/318 240/284/315 226/275/307
f 226/275/307 240/284/315 225/271/303
f 243/290/321 242/289/322 228/277/309
f 228/277/309 242/289/322 227/278/310
f 239/283/316 243/290/321 224/272/304
f 224/272/304 243/290/321 228/277/309
f 245/274/305 244/273/306 220/261/293
f 220/261/293 244/273/306 219/262/294
f 246/276/308 245/274/305 221/265/297
f 221/265/297 245/274/305 220/261/293
f 248/280/311 247/279/312 223/267/299
f 223/267/299 247/279/312 222/268/300
f 244/273/306 248/280/311 219/262/294
f 219/262/294 248/280/311 223/267/299
f 250/264/295 249/263/296 215/251/283
f 215/251/283 249/263/296 214/252/284
f 251/266/298 250/264/295 216/255/287
f 216/255/287 250/264/295 215/251/283
f 253/270/301 252/269/302 218/257/289
f 218/257/289 252/269/302 217/258/290
f 249/263/296 253/270/301 214/252/284
f 214/252/284 253/270/301 218/257/289
f 255/254/285 254/253/286 210/241/273
f 210/241/273 254/253/286 209/242/274
f 256/256/288 255/254/285 211/245/277
f 211/245/277 255/254/285 210/241/273
f 258/260/291 257/259/292 213/247/279
f 213/247/279 257/259/292 212/248/280
f 254/253/286 258/260/291 209/242/274
f 209/242/274 258/260/291 213/247/279
f 260/244/275 259/243/276 205/231/263
f 205/231/263 259/243/276 204/232/264
f 261/246/278 260/244/275 206/235/267
f 206/235/267 260/244/275 205/231/263
f 263/250/281 262/249/282 208/237/269
f 208/237/269 262/249/282 207/238/270
f 259/243/276 263/250/281 204/232/264
f 204/232/264 263/250/281 208/237/269
f 265/234/265 264/233/266 200/221/253
f 200/221/253 264/233/266 199/222/254
f 266/236/268 265/234/265 201/225/257
f 201/225/257 265/234/265 200/221/253
f 268/240/271 267/239/272 203/227/259
f 203/227/259 267/239/272 202/228/260
f 264/233/266 268/240/271 199/222/254
f 199/222/254 268/240/271 203/227/259
f 270/224/255 269/223/256 195/211/243
f 195/211/243 269/223/256 194/212/244
f 271/226/258 270/224/255 196/215/247
f 196/215/247 270/224/255 195/211/243
f 273/230/261 272/229/262 198/217/249
f 198/217/249 272/229/262 197/218/250
f 269/223/256 273/230/261 194/212/244
f 194/212/244 273/230/261 198/217/249
f 275/214/245 274/213/246 190/201/233
f 190/201/233 274/213/246 189/202/234
f 276/216/248 275/214/245 191/205/237
f 191/205/237 275/214/245 190/201/233
f 278/220/251 277/219/252 193/207/239
f 193/207/239 277/219/252 192/208/240
f 274/213/246 278/220/251 189/202/234
f 189/202/234 278/220/251 193/207/239
f 280/204/235 279/203/236 185/191/223
f 185/191/223 279/203/236 184/192/224
f 281/206/238 280/204/235 186/195/227
f 186/195/227 280/204/235 185/191/223
f 283/210/241 282/209/242 188/197/229
f 188/197/229 282/209/242 187/198/230
f 279/203/236 283/210/241 184/192/224
f 184/192/224 283/210/241 188/197/229
f 285/194/225 284/193/226 180/292/323
f 180/292/323 284/193/226 181/291/324
f 286/196/228 285/194/225 179/293/325
f 179/293/325 285/194/225 180/292/323
f 288/200/231 287/199/232 182/295/326
f 182/295/326 287/199/232 183/294/327
f 284/193/226 288/200/231 181/291/324
f 181/291/324 288/200/231 182/295/326
s 71
f 294/297/328 295/298/329 289/296/330
f 289/296/330 295/298/329 290/299/331
s 72
f 295/298/332 296/300/333 290/299/334
f 290/299/334 296/300/333 291/301/335
f 296/300/333 293/302/336 291/301/335
f 291/301/335 293/302/336 292/303/337
s 73
f 290/299/338 298/304/339 289/296/340
f 289/296/340 298/304/339 297/305/341
s 74
f 290/299/342 291/301/343 298/304/344
f 298/304/344 291/301/343 299/306/345
s 75
f 291/301/346 292/303/347 299/306/348
f 299/306/348 292/303/347 300/307/349
s 76
f 293/302/350 301/308/351 292/303/352
f 292/303/352 301/308/351 300/309/353
s 77
f 294/297/354 289/296/355 302/311/356
f 302/311/356 289/296/355 297/310/357
s 78
f 304/312/358 303/313/359 308/315/360
f 308/315/360 303/313/359 307/314/361
s 79
f 305/316/362 304/312/363 309/317/364
f 309/317/364 304/312/363 308/315/365
s 80
f 306/318/366 305/319/367 310/321/368
f 310/321/368 305/319/367 309/320/369
s 81
f 303/313/370 306/318/371 307/314/372
f 307/314/372 306/318/371 310/321/373
s 82
f 308/322/374 307/323/375 312/325/376
f 312/325/376 307/323/375 311/324/377
f 309/326/378 308/322/374 313/327/379
f 313/327/379 308/322/374 312/325/376
f 310/328/380 309/329/378 314/331/381
f 314/331/381 309/329/378 313/330/379
f 307/323/375 310/328/380 311/324/377
f 311/324/377 310/328/380 314/331/381
s 83
f 312/325/382 311/324/383 316/333/384
f 316/333/384 311/324/383 315/332/385
s 84
f 313/327/386 312/325/387 317/334/388
f 317/334/388 312/325/387 316/333/389
s 85
f 314/331/390 313/330/391 318/336/392
f 318/336/392 313/330/391 317/335/393
s 86
f 311/324/394 314/331/395 315/332/396
f 315/332/396 314/331/395 318/336/397
s 87
f 316/333/398 315/332/399 304/338/400
f 304/338/400 315/332/399 303/337/401
f 317/334/402 316/333/398 305/339/403
f 305/339/403 316/333/398 304/338/400
f 318/336/404 317/335/402 306/341/405
f 306/341/405 317/335/402 305/340/403
f 315/332/399 318/336/404 303/337/401
f 303/337/401 318/336/404 306/341/405
s 88
f 319/342/406 320/343/407 343/344/408
f 341/346/409 323/347/410 340/345/411
f 340/345/411 323/347/410 324/348/412
f 340/345/411 324/348/412 339/349/413
f 339/349/413 324/348/412 325/350/414
f 339/349/413 325/350/414 338/351/415
f 338/351/415 325/350/414 326/352/416
f 338/351/415 326/352/416 337/353/417
f 337/353/417 326/352/416 327/354/418
f 337/353/417 327/354/418 336/355/419
f 336/355/419 327/354/418 328/356/420
f 341/346/409 342/357/421 323/347/410
f 323/347/410 342/357/421 322/358/422
s 90
f 330/359/423 337/353/424 329/360/425
f 329/360/425 337/353/424 336/355/426
f 331/361/427 338/351/428 330/359/423
f 330/359/423 338/351/428 337/353/424
f 332/362/429 339/349/430 331/361/427
f 331/361/427 339/349/430 338/351/428
f 333/363/431 340/345/432 332/362/429
f 332/362/429 340/345/432 339/349/430
f 334/364/433 341/346/434 333/363/431
f 333/363/431 341/346/434 340/345/432
f 335/365/435 342/357/436 334/364/433
f 334/364/433 342/357/436 341/346/434
f 343/344/437 344/366/438 335/365/435
f 335/365/435 344/366/438 342/357/436
s 88
f 321/367/439 322/358/422 344/366/440
f 344/366/440 322/358/422 342/357/421
f 343/344/408 320/343/407 344/366/440
f 344/366/440 320/343/407 321/367/439
s 96
f 330/359/441 329/360/442 346/369/443
f 346/369/443 329/360/442 345/368/444
s 97
f 331/361/445 330/359/446 347/370/447
f 347/370/447 330/359/446 346/369/448
s 98
f 332/362/449 331/361/450 348/371/451
f 348/371/451 331/361/450 347/370/452
s 99
f 333/363/453 332/362/454 349/372/455
f 349/372/455 332/362/454 348/371/456
s 100
f 334/364/457 333/363/458 350/373/459
f 350/373/459 333/363/458 349/372/460
s 101
f 335/365/461 334/364/462 351/374/463
f 351/374/463 334/364/462 350/373/464
s 102
f 343/344/465 335/365/466 352/375/467
f 352/375/467 335/365/466 351/374/468
s 103
f 353/376/469 319/342/470 352/375/471
f 319/342/470 343/344/472 352/375/471
s 104
f 360/378/473 358/379/474 354/377/475
f 354/377/475 358/379/474 359/380/476
s 105
f 354/377/477 355/381/478 360/378/479
f 360/378/479 355/381/478 361/382/480
s 104
f 358/379/474 360/378/473 357/383/481
f 357/383/481 360/378/473 361/382/482
f 357/384/481 361/382/482 356/385/483
f 356/385/483 361/382/482 355/381/484
s 105
f 355/381/478 354/377/477 356/386/485
s 104
f 357/384/481 356/385/483 363/388/486
f 363/388/486 356/385/483 362/387/487
f 358/379/474 357/383/481 364/390/488
f 364/390/488 357/383/481 363/389/486
f 358/379/474 364/391/488 359/380/476
f 359/380/476 364/391/488 365/392/489
f 354/377/475 359/380/476 366/394/490
f 366/394/490 359/380/476 365/393/489
s 105
f 356/386/485 354/377/477 362/396/491
f 362/396/491 354/377/477 366/395/492
s 106
f 368/397/493 372/400/494 367/398/495
f 367/398/495 372/400/494 371/399/496
s 107
f 369/401/497 373/402/498 368/397/499
f 368/397/499 373/402/498 372/400/500
s 108
f 370/403/501 374/406/502 369/404/503
f 369/404/503 374/406/502 373/405/504
s 109
f 367/398/505 371/399/506 370/403/507
f 370/403/507 371/399/506 374/406/508
s 110
f 372/407/509 376/410/510 371/408/511
f 371/408/511 376/410/510 375/409/512
f 373/411/513 377/412/514 372/407/509
f 372/407/509 377/412/514 376/410/510
f 374/413/515 378/416/516 373/414/513
f 373/414/513 378/416/516 377/415/514
f 371/408/511 375/409/512 374/413/515
f 374/413/515 375/409/512 378/416/516
s 113
f 376/410/517 380/418/518 375/409/519
f 375/409/519 380/418/518 379/417/520
s 114
f 377/412/521 381/419/522 376/410/523
f 376/410/523 381/419/522 380/418/524
s 115
f 378/416/525 382/421/526 377/415/527
f 377/415/527 382/421/526 381/420/528
s 116
f 375/409/529 379/417/530 378/416/531
f 378/416/531 379/417/530 382/421/532
s 117
f 380/418/533 368/423/534 379/417/535
f 379/417/535 368/423/534 367/422/536
f 381/419/537 369/424/538 380/418/533
f 380/418/533 369/424/538 368/423/534
f 382/421/539 370/426/540 381/420/537
f 381/420/537 370/426/540 369/425/538
f 379/417/535 367/422/536 382/421/539
f 382/421/539 367/422/536 370/426/540
s 120
f 384/427/541 383/428/542 388/430/543
f 388/430/543 383/428/542 387/429/544
s 121
f 385/431/545 384/427/546 389/432/547
f 389/432/547 384/427/546 388/430/548
s 122
f 386/433/549 385/434/550 390/436/551
f 390/436/551 385/434/550 389/435/552
s 123
f 383/428/553 386/433/554 387/429/555
f 387/429/555 386/433/554 390/436/556
s 124
f 388/437/557 387/438/558 392/440/559
f 392/440/559 387/438/558 391/439/560
f 389/441/561 388/437/557 393/442/562
f 393/442/562 388/437/557 392/440/559
f 390/443/563 389/444/561 394/446/564
f 394/446/564 389/444/561 393/445/562
f 387/438/558 390/443/563 391/439/560
f 391/439/560 390/443/563 394/446/564
s 125
f 392/440/565 391/439/566 396/448/567
f 396/448/567 391/439/566 395/447/568
s 126
f 393/442/569 392/440/570 397/449/571
f 397/449/571 392/440/570 396/448/572
s 127
f 394/446/573 393/445/574 398/451/575
f 398/451/575 393/445/574 397/450/576
s 128
f 391/439/577 394/446/578 395/447/579
f 395/447/579 394/446/578 398/451/580
s 129
f 396/448/581 395/447/582 384/453/583
f 384/453/583 395/447/582 383/452/584
f 397/449/585 396/448/581 385/454/586
f 385/454/586 396/448/581 384/453/583
f 398/451/587 397/450/585 386/456/588
f 386/456/588 397/450/585 385/455/586
f 395/447/582 398/451/587 383/452/584
f 383/452/584 398/451/587 386/456/588
s 130
f 413/457/589 399/458/590 420/459/591
f 413/457/589 401/460/592 399/458/590
f 421/461/593 402/462/594 413/457/589
f 413/457/589 402/462/594 401/460/592
f 424/463/595 404/464/596 414/466/597
f 414/466/597 404/464/596 403/465/598
s 133
f 406/468/599 405/469/600 416/467/601
f 416/467/601 405/469/600 415/470/602
f 417/471/603 407/472/604 416/467/601
f 416/467/601 407/472/604 406/468/599
f 418/473/605 408/474/606 417/471/603
f 417/471/603 408/474/606 407/472/604
f 409/476/607 408/474/606 422/475/608
f 422/475/608 408/474/606 418/473/605
f 400/477/609 410/478/610 419/479/611
s 130
f 414/466/597 403/465/598 421/461/593
f 421/461/593 403/465/598 402/462/594
s 133
f 411/481/612 409/476/607 425/480/613
f 425/480/613 409/476/607 422/475/608
s 130
f 405/469/614 412/482/615 415/470/616
f 415/470/616 412/482/615 423/483/617
f 423/483/617 412/482/615 424/463/595
f 424/463/595 412/482/615 404/464/596
s 133
f 410/478/610 411/481/612 419/479/611
f 419/479/611 411/481/612 425/480/613
s 138
f 443/485/618 437/486/619 435/484/620
f 435/484/620 437/486/619 442/487/621
f 431/489/622 432/490/623 434/488/624
f 434/488/624 432/490/623 433/491/625
f 438/492/626 441/493/627 436/495/628
f 436/495/628 441/493/627 439/494/629
f 429/496/630 438/497/626 399/458/631
f 437/486/619 436/495/628 442/487/621
f 442/487/621 436/495/628 439/494/629
f 426/498/632 443/485/618 400/499/633
f 400/499/633 443/485/618 435/484/620
f 442/487/621 439/494/629 445/500/634
f 445/500/634 439/494/629 444/501/635
f 441/493/627 451/502/636 439/494/629
f 439/494/629 451/502/636 444/501/635
f 435/484/620 442/487/621 455/503/637
f 455/503/637 442/487/621 445/500/634
f 446/505/638 447/506/639 452/504/640
f 452/504/640 447/506/639 434/488/624
f 447/506/639 448/507/641 434/488/624
f 434/488/624 448/507/641 431/489/622
f 449/509/642 450/510/643 453/508/644
f 453/508/644 450/510/643 454/511/645
f 431/489/622 448/507/641 453/508/644
f 453/508/644 448/507/641 449/509/642
f 430/512/646 441/493/627 440/513/647
f 430/512/646 454/511/645 441/493/627
f 454/511/645 450/510/643 441/493/627
f 450/510/643 451/502/636 441/493/627
f 455/503/637 445/500/634 452/504/640
f 452/504/640 445/500/634 446/505/638
f 440/513/647 441/493/627 429/514/630
f 429/514/630 441/493/627 438/492/626
s 144
f 443/485/648 426/498/649 427/515/650
s 138
f 429/496/630 399/458/631 401/460/651
f 440/516/652 429/496/630 402/462/653
f 402/462/653 429/496/630 401/460/651
f 454/517/654 430/518/655 404/464/656
f 404/464/656 430/518/655 403/465/657
f 431/520/658 405/469/659 432/519/660
f 432/519/660 405/469/659 406/468/661
f 433/521/662 432/519/660 407/472/663
f 407/472/663 432/519/660 406/468/661
f 434/522/624 433/521/662 408/474/664
f 408/474/664 433/521/662 407/472/663
f 434/522/624 408/474/664 452/523/640
f 452/523/640 408/474/664 409/476/665
f 400/477/633 435/524/620 410/478/666
f 430/518/655 440/516/652 403/465/657
f 403/465/657 440/516/652 402/462/653
s 144
f 437/486/667 443/485/648 428/525/668
f 428/525/668 443/485/648 427/515/650
s 147
f 445/526/669 444/527/670 457/529/671
f 457/529/671 444/527/670 456/528/672
f 446/530/673 445/526/669 458/531/674
f 458/531/674 445/526/669 457/529/671
f 447/532/675 446/530/673 459/533/676
f 459/533/676 446/530/673 458/531/674
f 448/534/677 447/532/675 460/535/678
f 460/535/678 447/532/675 459/533/676
f 449/536/679 448/534/677 461/537/680
f 461/537/680 448/534/677 460/535/678
f 450/538/681 449/536/679 462/539/682
f 462/539/682 449/536/679 461/537/680
f 451/540/683 450/538/681 463/541/684
f 463/541/684 450/538/681 462/539/682
s 138
f 452/523/640 409/476/665 455/542/637
f 455/542/637 409/476/665 411/481/685
f 453/543/686 412/482/687 431/520/688
f 431/520/688 412/482/687 405/469/689
f 453/543/686 454/517/654 412/482/687
f 412/482/687 454/517/654 404/464/656
f 455/542/637 411/481/685 435/524/620
f 435/524/620 411/481/685 410/478/666
s 147
f 451/540/683 463/541/684 444/545/670
f 444/545/670 463/541/684 456/544/672
s 149
f 481/549/690 476/548/691 474/546/692
f 474/546/692 476/548/691 482/547/693
f 472/553/694 471/552/695 473/550/696
f 473/550/696 471/552/695 470/551/697
f 477/554/698 475/557/699 480/555/700
f 480/555/700 475/557/699 478/556/701
f 478/556/701 475/557/699 481/549/690
f 481/549/690 475/557/699 476/548/691
f 465/558/702 464/559/703 482/547/693
f 482/547/693 464/559/703 474/546/692
f 483/561/704 478/556/701 484/560/705
f 484/560/705 478/556/701 481/549/690
f 480/555/700 478/556/701 490/562/706
f 490/562/706 478/556/701 483/561/704
f 474/546/692 494/563/707 481/549/690
f 481/549/690 494/563/707 484/560/705
f 473/550/696 486/566/708 491/564/709
f 491/564/709 486/566/708 485/565/710
f 470/551/697 487/567/711 473/550/696
f 473/550/696 487/567/711 486/566/708
f 493/571/712 489/570/713 492/568/714
f 492/568/714 489/570/713 488/569/715
f 470/551/697 492/568/714 487/567/711
f 487/567/711 492/568/714 488/569/715
f 469/572/716 479/573/717 480/555/700
f 469/572/716 480/555/700 493/571/712
f 493/571/712 480/555/700 489/570/713
f 480/555/700 490/562/706 489/570/713
f 494/563/707 491/564/709 484/560/705
f 484/560/705 491/564/709 485/565/710
f 479/573/717 468/574/718 480/555/700
f 480/555/700 468/574/718 477/554/698
s 156
f 482/547/719 466/575/720 465/558/721
f 476/548/722 467/576/723 482/547/719
f 482/547/719 467/576/723 466/575/720
s 157
f 496/580/724 501/579/725 495/577/726
f 495/577/726 501/579/725 500/578/727
s 158
f 501/579/728 496/580/729 502/581/730
f 502/581/730 496/580/729 497/582/731
f 502/581/730 497/582/731 499/583/732
f 499/583/732 497/582/731 498/584/733
s 159
f 503/586/734 504/585/735 495/577/736
f 495/577/736 504/585/735 496/580/737
s 160
f 496/580/738 504/585/739 497/582/740
f 497/582/740 504/585/739 505/587/741
s 161
f 497/582/742 505/587/743 498/584/744
f 498/584/744 505/587/743 506/588/745
s 162
f 506/590/746 507/589/747 498/584/748
f 498/584/748 507/589/747 499/583/749
s 163
f 500/578/750 508/592/751 495/577/752
f 495/577/752 508/592/751 503/591/753
s off
f 509/593/754 510/594/755 511/595/756
f 512/596/757 509/593/758 511/595/759
f 513/597/760 509/593/761 512/596/762
f 514/598/763 513/597/764 512/596/765
f 515/599/766 513/597/767 514/598/768
f 516/600/769 515/599/770 514/598/771
f 510/594/772 515/599/773 516/600/774
f 511/595/775 510/594/776 516/600/777
f 516/601/778 514/602/779 512/603/780
f 511/604/781 516/601/782 512/603/783
f 517/605/784 518/606/785 519/607/786
f 520/608/787 517/605/788 519/607/789
f 520/608/790 519/607/791 521/609/792
f 522/610/793 520/608/794 521/609/795
f 522/610/796 521/609/797 523/611/798
f 524/612/799 522/610/800 523/611/801
f 524/612/802 523/611/803 518/606/804
f 517/605/805 524/612/806 518/606/807
f 520/613/808 522/614/809 524/615/810
f 517/616/811 520/613/812 524/615/813
g default
v 70.710701 0.000000 0.000000
v 0.000000 70.710701 0.000000
v 0.000000 55.656200 4.000000
v 55.656200 0.000000 4.000000
v 0.000000 -70.710602 0.000000
v 0.000000 -55.656101 4.000000
v -70.710701 0.000000 0.000000
v -55.656101 0.000000 4.000000
v 0.000000 55.656200 -4.000000
v 0.000000 70.710701 0.000000
v 70.710701 0.000000 0.000000
v 55.656200 0.000000 -4.000000
v 0.000000 -70.710602 0.000000
v 0.000000 -55.656101 -4.000000
v -70.710701 0.000000 0.000000
v -55.656101 0.000000 -4.000000
v -27.066029 -34.658730 6.328936
v -23.360760 -33.415977 6.328936
v -20.489166 -31.729271 6.328936
v -17.880306 -29.693565 6.328936
v -11.459148 -19.539177 6.328936
v -28.418594 0.251381 6.328936
v 30.690498 -13.600853 6.328936
v -20.885109 16.719337 6.328936
v 9.711458 12.268295 6.328936
v 16.445414 29.141670 6.328936
v 10.080704 29.721268 5.749476
v 4.029921 14.350174 5.749476
v -25.152233 20.535759 5.749476
v 26.117283 -16.710335 5.749476
v -28.800182 5.763756 5.749476
v -16.619808 -17.689568 5.749476
v -21.905178 -26.466072 5.749476
v 13.263060 29.431465 5.391052
v 6.870689 13.309227 5.391052
v -23.018673 18.627548 5.391052
v 28.403881 -15.155602 5.391052
v -28.609379 3.007576 5.391052
v -14.039478 -18.614372 5.391052
v -19.507153 -27.687462 5.391052
v -24.963337 -31.320778 5.749476
v -21.991146 -29.866005 5.391052
v 10.080704 29.721268 6.328936
v 4.029921 14.350174 6.328936
v -25.152233 20.535759 6.328936
v 26.117283 -16.710335 6.328936
v -28.800182 5.763756 6.328936
v -16.619808 -17.689568 6.328936
v -21.905178 -26.466072 6.328936
v -24.963337 -31.320778 6.328936
v 7.893682 30.337730 5.244812
v 22.324635 29.222366 4.054590
v 22.732048 29.396889 5.244802
v 22.266586 30.648247 5.244802
v 11.421305 33.301033 3.871066
v 7.855288 31.049408 5.244804
v 12.275444 31.502045 2.318137
v 21.887100 29.947311 4.004456
v 22.732048 29.396889 6.328925
v 22.266586 30.648247 6.328925
v 11.421305 33.301033 6.328911
v 7.855288 31.049408 6.328925
v 7.893682 30.337730 6.328925
v 16.414946 31.000755 6.328936
v 15.723747 31.301422 5.187752
v 14.055042 32.027306 4.715057
v 12.386330 32.753181 5.187752
v 11.695127 33.053848 6.328936
v 12.250515 34.346001 6.328936
v 13.098066 34.414696 5.187752
v 15.146448 34.596024 4.715057
v 17.197824 34.799370 5.187752
v 18.048355 34.890038 6.328936
v 21.338127 59.630974 6.328936
v 22.095800 59.517117 5.187752
v 23.925020 59.242294 4.715057
v 25.754244 58.967487 5.187752
v 26.511921 58.853630 6.328936
v 23.155344 56.991348 4.715057
v 21.307554 57.211861 5.187752
v 20.542177 57.303211 6.328936
v 25.768505 56.679482 6.328936
v 25.003138 56.770844 5.187752
v 22.385666 54.740395 4.715057
v 20.519306 54.906601 5.187752
v 19.746243 54.975464 6.328936
v 25.025089 54.505325 6.328936
v 24.252028 54.574196 5.187752
v 21.615992 52.489449 4.715057
v 19.731056 52.601341 5.187752
v 18.950300 52.647705 6.328936
v 24.281673 52.331184 6.328936
v 23.500919 52.377556 5.187752
v 20.846312 50.238495 4.715057
v 18.942812 50.296082 5.187752
v 18.154364 50.319954 6.328936
v 23.538258 50.157043 6.328936
v 22.749815 50.180916 5.187752
v 20.076633 47.987541 4.715057
v 18.154564 47.990822 5.187752
v 17.358429 47.992195 6.328936
v 22.794844 47.982895 6.328936
v 21.998707 47.984276 5.187752
v 19.306955 45.736595 4.715057
v 17.366318 45.685570 5.187752
v 16.562489 45.664452 6.328936
v 22.051432 45.808754 6.328936
v 21.247595 45.787628 5.187752
v 18.534891 43.486473 4.715057
v 16.576273 43.400291 5.187752
v 15.765682 43.369423 6.328936
v 21.308018 43.634613 6.328936
v 20.495760 43.589149 5.187752
v 17.736378 41.245598 4.715057
v 15.757036 41.134712 5.187752
v 14.937906 41.093994 6.328936
v 20.539730 41.432938 6.328936
v 19.718174 41.374382 5.187752
v 16.905363 39.016602 4.715057
v 14.904121 38.881569 5.187752
v 14.075987 38.831268 6.328936
v 19.739952 39.240372 6.328936
v 18.909206 39.170853 5.187752
v 16.041990 36.799919 4.715057
v 14.017742 36.641411 5.187752
v 13.180124 36.581772 6.328936
v 18.909437 37.059265 6.328936
v 18.069035 36.979034 5.187752
v 15.598234 35.696358 4.264937
v 13.320116 35.626251 4.821567
v 12.303900 35.634956 6.328936
v 18.901064 35.807045 6.328936
v 17.880360 35.790504 4.821567
v 16.477707 37.906693 4.264937
v 14.221706 37.856133 4.821567
v 13.214113 37.871376 6.328936
v 19.749189 37.988182 6.328936
v 18.737427 37.979759 4.821567
v 17.324924 40.129593 4.264937
v 15.089973 40.099220 4.821567
v 14.090565 40.121231 6.328936
v 20.566561 40.181007 6.328936
v 19.563320 40.180977 4.821567
v 18.139713 42.364586 4.264937
v 15.924715 42.354973 4.821567
v 14.933077 42.384041 6.328936
v 21.353043 42.385094 6.328936
v 20.357880 42.393684 4.821567
v 18.922119 44.611122 4.264937
v 16.725754 44.622932 4.821567
v 15.741430 44.659233 6.328936
v 22.105633 44.576042 6.328936
v 21.119720 44.604622 4.821567
v 19.691797 46.862076 4.264937
v 17.512766 46.922890 4.821567
v 16.534544 46.973953 6.328936
v 22.849052 46.750191 6.328936
v 21.870827 46.801262 4.821567
v 20.461473 49.113014 4.264937
v 18.301014 49.228149 4.821567
v 17.330486 49.301712 6.328936
v 23.592464 48.924332 6.328936
v 22.621937 48.997902 4.821567
v 21.231148 51.363976 4.264937
v 19.089260 51.533409 4.821567
v 18.126421 51.629463 6.328936
v 24.335882 51.098488 6.328936
v 23.373049 51.194557 4.821567
v 22.000826 53.614914 4.264937
v 19.877506 53.838669 4.821567
v 18.922361 53.957230 6.328936
v 25.079296 53.272629 6.328936
v 24.124153 53.391190 4.821567
v 22.770502 55.865868 4.264937
v 20.665754 56.143929 4.821567
v 19.718304 56.284973 6.328936
v 25.822712 55.446777 6.328936
v 24.875257 55.587822 4.821567
v 23.540182 58.116817 4.264937
v 21.453999 58.449181 4.821567
v 20.514242 58.612732 6.328936
v 26.566124 57.620914 6.328936
v 25.626366 57.784466 4.821567
v 16.414946 31.000755 6.328936
v 15.723747 31.301422 7.470119
v 14.055042 32.027306 7.942814
v 12.386330 32.753181 7.470119
v 11.695127 33.053848 6.328936
v 12.250515 34.346001 6.328936
v 13.098066 34.414696 7.470119
v 15.146448 34.596024 7.942814
v 17.197824 34.799370 7.470119
v 18.048355 34.890038 6.328936
v 21.338127 59.630974 6.328936
v 22.095800 59.517117 7.470119
v 23.925020 59.242294 7.942814
v 25.754244 58.967487 7.470119
v 26.511921 58.853630 6.328936
v 23.155344 56.991348 7.942814
v 21.307554 57.211861 7.470119
v 20.542177 57.303211 6.328936
v 25.768505 56.679482 6.328936
v 25.003138 56.770844 7.470119
v 22.385666 54.740395 7.942814
v 20.519306 54.906601 7.470119
v 19.746243 54.975464 6.328936
v 25.025089 54.505325 6.328936
v 24.252028 54.574196 7.470119
v 21.615992 52.489449 7.942814
v 19.731056 52.601341 7.470119
v 18.950300 52.647705 6.328936
v 24.281673 52.331184 6.328936
v 23.500919 52.377556 7.470119
v 20.846312 50.238495 7.942814
v 18.942812 50.296082 7.470119
v 18.154364 50.319954 6.328936
v 23.538258 50.157043 6.328936
v 22.749815 50.180916 7.470119
v 20.076633 47.987541 7.942814
v 18.154564 47.990822 7.470119
v 17.358429 47.992195 6.328936
v 22.794844 47.982895 6.328936
v 21.998707 47.984276 7.470119
v 19.306955 45.736595 7.942814
v 17.366318 45.685570 7.470119
v 16.562489 45.664452 6.328936
v 22.051432 45.808754 6.328936
v 21.247595 45.787628 7.470119
v 18.534891 43.486473 7.942814
v 16.576273 43.400291 7.470119
v 15.765682 43.369423 6.328936
v 21.308018 43.634613 6.328936
v 20.495760 43.589149 7.470119
v 17.736378 41.245598 7.942814
v 15.757036 41.134712 7.470119
v 14.937906 41.093994 6.328936
v 20.539730 41.432938 6.328936
v 19.718174 41.374382 7.470119
v 16.905363 39.016602 7.942814
v 14.904121 38.881569 7.470119
v 14.075987 38.831268 6.328936
v 19.739952 39.240372 6.328936
v 18.909206 39.170853 7.470119
v 16.041990 36.799919 7.942814
v 14.017742 36.641411 7.470119
v 13.180124 36.581772 6.328936
v 18.909437 37.059265 6.328936
v 18.069035 36.979034 7.470119
v 15.598234 35.696358 8.392934
v 13.320116 35.626251 7.836304
v 12.303900 35.634956 6.328935
v 18.901064 35.807045 6.328936
v 17.880360 35.790504 7.836304
v 16.477707 37.906693 8.392934
v 14.221706 37.856133 7.836304
v 13.214113 37.871376 6.328935
v 19.749189 37.988182 6.328936
v 18.737427 37.979759 7.836304
v 17.324924 40.129593 8.392934
v 15.089973 40.099220 7.836304
v 14.090565 40.121231 6.328935
v 20.566561 40.181007 6.328936
v 19.563320 40.180977 7.836304
v 18.139713 42.364586 8.392934
v 15.924715 42.354973 7.836304
v 14.933077 42.384041 6.328935
v 21.353043 42.385094 6.328936
v 20.357880 42.393684 7.836304
v 18.922119 44.611122 8.392934
v 16.725754 44.622932 7.836304
v 15.741430 44.659233 6.328935
v 22.105633 44.576042 6.328936
v 21.119720 44.604622 7.836304
v 19.691797 46.862076 8.392934
v 17.512766 46.922890 7.836304
v 16.534544 46.973953 6.328935
v 22.849052 46.750191 6.328936
v 21.870827 46.801262 7.836304
v 20.461473 49.113014 8.392934
v 18.301014 49.228149 7.836304
v 17.330486 49.301712 6.328935
v 23.592464 48.924332 6.328936
v 22.621937 48.997902 7.836304
v 21.231148 51.363976 8.392934
v 19.089260 51.533409 7.836304
v 18.126421 51.629463 6.328935
v 24.335882 51.098488 6.328936
v 23.373049 51.194557 7.836304
v 22.000826 53.614914 8.392934
v 19.877506 53.838669 7.836304
v 18.922361 53.957230 6.328935
v 25.079296 53.272629 6.328936
v 24.124153 53.391190 7.836304
v 22.770502 55.865868 8.392934
v 20.665754 56.143929 7.836304
v 19.718304 56.284973 6.328935
v 25.822712 55.446777 6.328936
v 24.875257 55.587822 7.836304
v 23.540182 58.116817 8.392934
v 21.453999 58.449181 7.836304
v 20.514242 58.612732 6.328935
v 26.566124 57.620914 6.328936
v 25.626366 57.784466 7.836304
v 16.785114 28.030190 6.625834
v 12.706888 28.012817 7.591662
v 8.504837 24.697487 7.226684
v 7.647898 24.850044 7.226684
v 10.234608 30.712997 7.226684
v 17.697098 30.162994 6.625834
v 13.651859 30.427879 7.591662
v 11.062708 30.648445 7.226684
v 16.785114 28.030190 6.328931
v 12.706888 28.012817 6.328940
v 8.504837 24.697487 6.328937
v 7.647898 24.850044 6.328937
v 10.035582 30.204346 6.328937
v 17.729729 30.148445 6.328931
v 24.828388 64.166641 4.717498
v 26.666002 66.814301 4.717498
v 26.666002 66.814301 7.940373
v 24.828388 64.166641 7.940373
v 25.593014 63.635948 4.717498
v 27.430630 66.283607 4.717498
v 27.430630 66.283607 7.940373
v 25.593014 63.635948 7.940373
v 25.270063 63.170647 4.151103
v 27.753574 66.748917 4.151103
v 27.753574 66.748917 8.506768
v 25.270063 63.170647 8.506768
v 24.505438 63.701332 4.151103
v 26.988947 67.279617 4.151103
v 26.988947 67.279617 8.506768
v 24.505438 63.701332 8.506768
v 10.080704 29.721268 6.908395
v 4.029921 14.350174 6.908395
v -25.152233 20.535759 6.908395
v 26.117283 -16.710335 6.908395
v -28.800182 5.763756 6.908395
v -16.619808 -17.689568 6.908395
v -21.905178 -26.466072 6.908395
v 13.263060 29.431465 7.266819
v 6.870689 13.309227 7.266819
v -23.018673 18.627548 7.266819
v 28.403881 -15.155602 7.266819
v -28.609379 3.007576 7.266819
v -14.039478 -18.614372 7.266819
v -19.507153 -27.687462 7.266819
v -24.963337 -31.320778 6.908395
v -21.991146 -29.866005 7.266819
v 7.893682 30.337730 7.413059
v 22.324635 29.222366 8.603281
v 22.732048 29.396889 7.413069
v 22.266586 30.648247 7.413070
v 11.421305 33.301033 8.786805
v 7.855288 31.049408 7.413067
v 12.275444 31.502045 10.339735
v 21.887100 29.947311 8.653416
v 22.732048 29.396889 6.328947
v 22.266586 30.648247 6.328947
v 11.421305 33.301033 6.328960
v 7.855288 31.049408 6.328947
v 7.893682 30.337730 6.328947
v 25.731436 69.187073 7.610569
v 28.613373 70.404724 8.384320
v 29.960470 67.514778 7.914788
v 27.078535 66.297127 7.141037
v 25.582294 68.972412 8.503860
v 28.464231 70.190071 9.277612
v 29.811331 67.300125 8.808080
v 26.929394 66.082474 8.034328
v 24.839075 69.266312 8.450394
v 28.733967 70.911957 9.496107
v 30.554552 67.006241 8.861542
v 26.659660 65.360596 7.815828
v 24.988213 69.480957 7.557102
v 28.883112 71.126610 8.602817
v 30.703695 67.220894 7.968251
v 26.808798 65.575249 6.922536
v 25.731436 69.187073 5.047302
v 28.613373 70.404724 4.273551
v 29.960470 67.514778 4.743083
v 27.078535 66.297127 5.516834
v 25.582294 68.972412 4.154011
v 28.464231 70.190071 3.380259
v 29.811331 67.300125 3.849792
v 26.929394 66.082474 4.623544
v 24.839075 69.266312 4.207478
v 28.733967 70.911957 3.161764
v 30.554552 67.006241 3.796329
v 26.659660 65.360596 4.842043
v 24.988213 69.480957 5.100769
v 28.883112 71.126610 4.055055
v 30.703695 67.220894 4.689620
v 26.808798 65.575249 5.735335
v 26.529554 58.846233 6.328936
v 21.226969 60.955460 6.328936
v 28.026321 59.616032 6.328936
v 28.186314 60.129295 6.328936
v 28.728039 61.867149 6.328936
v 27.691435 63.304184 6.328936
v 24.572332 67.628159 6.328936
v 22.832634 66.879898 6.328936
v 22.503315 65.948387 6.328936
v 23.187527 64.904602 6.328936
v 22.664179 63.482559 6.328936
v 21.851046 61.273102 6.328936
v 22.297174 62.485332 6.328936
v 26.735168 64.627975 6.328936
v 28.026321 59.616032 5.471769
v 28.728039 61.867149 4.901460
v 24.572332 67.628159 5.696969
v 22.832634 66.879898 5.737884
v 22.503315 65.948387 5.737883
v 23.187527 64.904602 5.283420
v 21.851046 61.273102 5.714941
v 25.754242 58.967480 5.187752
v 28.186314 60.129295 5.187752
v 22.664179 63.482559 5.427774
v 26.735168 64.627975 4.901463
v 27.691435 63.304184 4.901462
v 22.297174 62.485332 5.557385
v 20.815849 59.688591 6.328936
v 21.504505 59.596325 6.328936
v 22.095798 59.517109 6.328936
v 28.026321 59.616032 7.186102
v 28.728039 61.867149 7.756412
v 24.572332 67.628159 6.960903
v 22.832634 66.879898 6.919988
v 22.503315 65.948387 6.919988
v 23.187527 64.904602 7.374452
v 21.851046 61.273102 6.942930
v 23.925020 59.242290 7.942814
v 22.095798 59.517109 7.470119
v 25.754242 58.967480 7.470119
v 24.206457 60.786194 7.942814
v 28.186314 60.129295 7.470119
v 25.942924 60.499580 7.470119
v 22.401226 61.159367 7.470119
v 21.504505 59.596325 6.942930
v 24.426502 61.896317 7.942814
v 23.683481 62.385132 7.942814
v 23.503729 63.256172 7.942814
v 23.992542 63.999191 7.942814
v 24.863583 64.178947 7.942814
v 25.606606 63.690132 7.942814
v 25.786358 62.819092 7.942814
v 25.297544 62.076073 7.942814
v 22.664179 63.482559 7.230097
v 26.735168 64.627975 7.756408
v 27.691435 63.304184 7.756410
v 22.297174 62.485332 7.100486
v 24.426502 61.896317 4.715057
v 23.683481 62.385132 4.715057
v 23.503729 63.256172 4.715057
v 23.992542 63.999191 4.715057
v 24.863583 64.178947 4.715057
v 25.606606 63.690132 4.715057
v 25.786358 62.819092 4.715057
v 25.297544 62.076073 4.715057
v 21.226969 60.955460 6.328936
v 20.815849 59.688591 6.328936
v 21.504505 59.596325 6.328936
v 22.095798 59.517109 6.328936
v 28.026321 59.616032 5.471769
v 28.728039 61.867149 4.901460
v 24.572332 67.628159 5.696969
v 22.832634 66.879898 5.737884
v 22.503315 65.948387 5.737883
v 23.187527 64.904602 5.283420
v 21.851046 61.273102 5.714941
v 23.925020 59.242290 4.715057
v 22.095798 59.517109 5.187752
v 25.754242 58.967480 5.187752
v 24.206457 60.786194 4.715057
v 28.186314 60.129295 5.187752
v 25.942924 60.499580 5.187752
v 22.401226 61.159367 5.187752
v 21.504505 59.596325 5.714941
v 24.426502 61.896317 4.715057
v 23.683481 62.385132 4.715057
v 23.503729 63.256172 4.715057
v 23.992542 63.999191 4.715057
v 24.863583 64.178947 4.715057
v 25.606606 63.690132 4.715057
v 25.786358 62.819092 4.715057
v 25.297544 62.076073 4.715057
v 22.664179 63.482559 5.427774
v 26.735168 64.627975 4.901463
v 27.691435 63.304184 4.901462
v 22.297174 62.485332 5.557385
v 16.785114 28.030190 6.032037
v 12.706888 28.012817 5.066209
v 8.504837 24.697487 5.431188
v 7.647898 24.850044 5.431188
v 10.234608 30.712997 5.431188
v 17.697098 30.162994 6.032037
v 13.651859 30.427879 5.066209
v 11.062708 30.648445 5.431188
v 16.785114 28.030190 6.328940
v 12.706888 28.012817 6.328931
v 8.504837 24.697487 6.328935
v 7.647898 24.850044 6.328935
v 10.035582 30.204346 6.328935
v 17.729729 30.148445 6.328940
v 18.886982 -32.710442 6.328936
v 19.412659 -29.998146 5.391052
v 4.501144 -28.089851 6.328936
v 4.920097 -25.381020 5.391052
v 4.920097 -25.381020 7.266819
v 19.412659 -29.998146 7.266819
v 5.339062 -22.672157 6.908395
v 19.938316 -27.285851 6.908395
v 19.938316 -27.285851 6.328936
v 5.339062 -22.672157 6.328936
v 5.339062 -22.672157 5.749476
v 19.938316 -27.285851 5.749476
v -10.241901 -0.202888 6.328936
v -10.329720 2.560799 5.391052
v -10.329720 2.560799 7.266819
v -10.417561 5.324509 6.908395
v -10.417561 5.324509 6.328936
v -10.417561 5.324509 5.749476
v 20.987957 1.629143 6.328936
v 18.680408 -0.064552 5.391052
v 18.680408 -0.064552 7.266819
v 16.372864 -1.758247 6.908395
v 16.372864 -1.758247 6.328936
v 16.372864 -1.758247 5.749476
v -9.464851 28.632431 6.328936
v -11.783726 30.575714 5.391052
v -11.783726 30.575714 7.266819
v -14.102592 32.519012 6.908395
v -14.102592 32.519012 6.328936
v -14.102592 32.519012 5.749476
vt 0.247390 0.646700
vt 0.243030 0.646700
vt 0.244480 0.645250
vt 0.245930 0.645250
vt 0.247390 0.642340
vt 0.245930 0.643790
vt 0.243030 0.642340
vt 0.244480 0.643790
vt 0.424537 0.128074
vt 0.438097 0.114511
vt 0.451660 0.128074
vt 0.438097 0.141634
vt 0.244310 0.637650
vt 0.242720 0.639250
vt 0.247500 0.639250
vt 0.245910 0.637650
vt 0.247500 0.634460
vt 0.245910 0.636060
vt 0.242720 0.634460
vt 0.244310 0.636060
vt 0.424544 0.128080
vt 0.438104 0.114518
vt 0.451666 0.128080
vt 0.438104 0.141640
vt 0.083294 0.979334
vt 0.081569 0.949996
vt 0.065173 0.958095
vt 0.050655 0.662688
vt 0.027676 0.659994
vt 0.028679 0.797124
vt 0.051334 0.800951
vt 0.052278 0.496480
vt 0.029187 0.494939
vt 0.027676 0.659994
vt 0.050655 0.662688
vt 0.057091 0.333375
vt 0.033207 0.331136
vt 0.029187 0.494939
vt 0.052278 0.496480
vt 0.064977 0.184505
vt 0.041235 0.181517
vt 0.033207 0.331136
vt 0.057091 0.333375
vt 0.076994 0.032149
vt 0.052776 0.023697
vt 0.041235 0.181517
vt 0.064977 0.184505
vt 0.051334 0.800951
vt 0.028679 0.797124
vt 0.037258 0.902227
vt 0.054915 0.894543
vt 0.092524 0.187425
vt 0.104345 0.042464
vt 0.083226 0.335571
vt 0.092524 0.187425
vt 0.077579 0.498002
vt 0.083226 0.335571
vt 0.075837 0.665386
vt 0.077579 0.498002
vt 0.076183 0.804810
vt 0.075837 0.665386
vt 0.079602 0.898046
vt 0.076183 0.804810
vt 0.064607 0.925234
vt 0.050193 0.932051
vt 0.097779 0.187794
vt 0.109597 0.042874
vt 0.088488 0.335825
vt 0.097779 0.187794
vt 0.082845 0.498122
vt 0.088488 0.335825
vt 0.081105 0.665409
vt 0.082845 0.498122
vt 0.081451 0.804724
vt 0.081105 0.665409
vt 0.084866 0.897866
vt 0.081451 0.804724
vt 0.086825 0.950013
vt 0.389918 0.658227
vt 0.392197 0.644859
vt 0.336134 0.583449
vt 0.316858 0.615660
vt 0.166506 0.646114
vt 0.161409 0.659322
vt 0.153559 0.623582
vt 0.146469 0.630637
vt 0.138276 0.649889
vt 0.155738 0.678624
vt 0.131563 0.623567
vt 0.122969 0.643468
vt 0.322588 0.545740
vt 0.147806 0.606946
vt 0.407288 0.636530
vt 0.373548 0.568899
vt 0.405763 0.662338
vt 0.408846 0.651908
vt 0.157610 0.694027
vt 0.391226 0.674173
vt 0.257255 0.478602
vt 0.257359 0.505934
vt 0.277404 0.505862
vt 0.274986 0.485485
vt 0.226905 0.464266
vt 0.226905 0.506284
vt 0.196456 0.448885
vt 0.197910 0.507086
vt 0.182068 0.443264
vt 0.180846 0.507794
vt 0.273326 0.463649
vt 0.257836 0.458255
vt 0.226905 0.443952
vt 0.196183 0.429621
vt 0.181139 0.424233
vt 0.257851 0.064398
vt 0.257964 0.043850
vt 0.226905 0.038282
vt 0.226905 0.058525
vt 0.280254 0.066749
vt 0.284545 0.045685
vt 0.196150 0.052529
vt 0.196181 0.032957
vt 0.170074 0.029702
vt 0.173784 0.049616
vt 0.257935 0.105719
vt 0.258101 0.085036
vt 0.226905 0.078761
vt 0.226905 0.099008
vt 0.280309 0.108510
vt 0.284593 0.087631
vt 0.195914 0.092239
vt 0.195770 0.072361
vt 0.169212 0.069455
vt 0.173419 0.089352
vt 0.258000 0.147142
vt 0.258157 0.126419
vt 0.226905 0.119276
vt 0.226905 0.139565
vt 0.280403 0.150299
vt 0.284665 0.129380
vt 0.195881 0.132004
vt 0.195682 0.112133
vt 0.169183 0.109123
vt 0.173459 0.128830
vt 0.258066 0.188592
vt 0.258200 0.167858
vt 0.226905 0.159857
vt 0.226905 0.180165
vt 0.280498 0.192112
vt 0.284721 0.171186
vt 0.195867 0.171732
vt 0.195695 0.151874
vt 0.169244 0.148521
vt 0.173473 0.168200
vt 0.258149 0.230103
vt 0.258255 0.209342
vt 0.226905 0.200466
vt 0.226905 0.220780
vt 0.280642 0.233990
vt 0.284824 0.213018
vt 0.195846 0.211448
vt 0.195701 0.191600
vt 0.169276 0.187864
vt 0.173460 0.207535
vt 0.258222 0.271698
vt 0.258324 0.250883
vt 0.226905 0.241083
vt 0.226905 0.261399
vt 0.280796 0.276013
vt 0.284964 0.254962
vt 0.195834 0.251129
vt 0.195693 0.231302
vt 0.169295 0.227197
vt 0.173461 0.246847
vt 0.258247 0.313147
vt 0.258345 0.292462
vt 0.226905 0.281701
vt 0.226905 0.302015
vt 0.280945 0.317736
vt 0.285074 0.296902
vt 0.195721 0.290751
vt 0.195667 0.270942
vt 0.169340 0.266440
vt 0.173446 0.285998
vt 0.258358 0.354596
vt 0.258401 0.333848
vt 0.226905 0.322312
vt 0.226905 0.342620
vt 0.281172 0.359607
vt 0.285265 0.338615
vt 0.195604 0.330646
vt 0.195557 0.310693
vt 0.169266 0.305728
vt 0.173267 0.325543
vt 0.258375 0.396179
vt 0.258470 0.375381
vt 0.226905 0.362903
vt 0.226905 0.383193
vt 0.281241 0.401759
vt 0.285447 0.380636
vt 0.195733 0.370492
vt 0.195528 0.350580
vt 0.169164 0.345417
vt 0.173365 0.365234
vt 0.258072 0.437694
vt 0.258360 0.416952
vt 0.226905 0.403445
vt 0.226905 0.423710
vt 0.280671 0.443878
vt 0.285203 0.422920
vt 0.196073 0.410102
vt 0.195759 0.390347
vt 0.169549 0.385033
vt 0.173909 0.404721
vt 0.257562 0.025929
vt 0.226905 0.020217
vt 0.279821 0.026901
vt 0.196727 0.016144
vt 0.175247 0.012543
vt 0.257255 0.478602
vt 0.274986 0.485485
vt 0.277404 0.505862
vt 0.257359 0.505934
vt 0.226905 0.464266
vt 0.226905 0.506284
vt 0.196456 0.448885
vt 0.197910 0.507086
vt 0.182068 0.443264
vt 0.180846 0.507794
vt 0.257836 0.458255
vt 0.273326 0.463649
vt 0.226905 0.443952
vt 0.196183 0.429621
vt 0.181139 0.424233
vt 0.257851 0.064398
vt 0.226905 0.058525
vt 0.226905 0.038282
vt 0.257964 0.043850
vt 0.280254 0.066749
vt 0.284545 0.045685
vt 0.196150 0.052529
vt 0.173784 0.049616
vt 0.170074 0.029702
vt 0.196181 0.032957
vt 0.257935 0.105719
vt 0.226905 0.099008
vt 0.226905 0.078761
vt 0.258101 0.085036
vt 0.280309 0.108510
vt 0.284593 0.087631
vt 0.195914 0.092239
vt 0.173419 0.089352
vt 0.169212 0.069455
vt 0.195770 0.072361
vt 0.258000 0.147142
vt 0.226905 0.139565
vt 0.226905 0.119276
vt 0.258157 0.126419
vt 0.280403 0.150299
vt 0.284665 0.129380
vt 0.195881 0.132004
vt 0.173459 0.128830
vt 0.169183 0.109123
vt 0.195682 0.112133
vt 0.258066 0.188592
vt 0.226905 0.180165
vt 0.226905 0.159857
vt 0.258200 0.167858
vt 0.280498 0.192112
vt 0.284721 0.171186
vt 0.195867 0.171732
vt 0.173473 0.168200
vt 0.169244 0.148521
vt 0.195695 0.151874
vt 0.258149 0.230103
vt 0.226905 0.220780
vt 0.226905 0.200466
vt 0.258255 0.209342
vt 0.280642 0.233990
vt 0.284824 0.213018
vt 0.195846 0.211448
vt 0.173460 0.207535
vt 0.169276 0.187864
vt 0.195701 0.191600
vt 0.258222 0.271698
vt 0.226905 0.261399
vt 0.226905 0.241083
vt 0.258324 0.250883
vt 0.280796 0.276013
vt 0.284964 0.254962
vt 0.195834 0.251129
vt 0.173461 0.246847
vt 0.169295 0.227197
vt 0.195693 0.231302
vt 0.258247 0.313147
vt 0.226905 0.302015
vt 0.226905 0.281701
vt 0.258345 0.292462
vt 0.280945 0.317736
vt 0.285074 0.296902
vt 0.195721 0.290751
vt 0.173446 0.285998
vt 0.169340 0.266440
vt 0.195667 0.270942
vt 0.258358 0.354596
vt 0.226905 0.342620
vt 0.226905 0.322312
vt 0.258401 0.333848
vt 0.281172 0.359607
vt 0.285265 0.338615
vt 0.195604 0.330646
vt 0.173267 0.325543
vt 0.169266 0.305728
vt 0.195557 0.310693
vt 0.258375 0.396179
vt 0.226905 0.383193
vt 0.226905 0.362903
vt 0.258470 0.375381
vt 0.281241 0.401759
vt 0.285447 0.380636
vt 0.195733 0.370492
vt 0.173365 0.365234
vt 0.169164 0.345417
vt 0.195528 0.350580
vt 0.258072 0.437694
vt 0.226905 0.423710
vt 0.226905 0.403445
vt 0.258360 0.416952
vt 0.280671 0.443878
vt 0.285203 0.422920
vt 0.196073 0.410102
vt 0.173909 0.404721
vt 0.169549 0.385033
vt 0.195759 0.390347
vt 0.226905 0.020217
vt 0.257562 0.025929
vt 0.279821 0.026901
vt 0.175247 0.012543
vt 0.196727 0.016144
vt 0.154456 0.777787
vt 0.142519 0.724556
vt 0.236123 0.736271
vt 0.252704 0.793635
vt 0.294244 0.735697
vt 0.352391 0.861454
vt 0.313817 0.734838
vt 0.368526 0.872824
vt 0.236825 0.820140
vt 0.151665 0.784099
vt 0.339163 0.890311
vt 0.360783 0.893829
vt 0.337949 0.739204
vt 0.383597 0.867786
vt 0.147725 0.779345
vt 0.135745 0.726131
vt 0.575748 0.085061
vt 0.575748 0.135674
vt 0.562525 0.135674
vt 0.562525 0.085061
vt 0.575748 0.034448
vt 0.562525 0.034448
vt 0.575748 0.186288
vt 0.575748 0.236901
vt 0.562525 0.236901
vt 0.562525 0.186288
vt 0.499179 0.198120
vt 0.498320 0.144748
vt 0.507174 0.145312
vt 0.507668 0.198399
vt 0.498479 0.253273
vt 0.508191 0.263165
vt 0.498101 0.092071
vt 0.495165 0.037676
vt 0.505139 0.027146
vt 0.507174 0.092605
vt 0.523296 0.145127
vt 0.523296 0.197834
vt 0.525332 0.263293
vt 0.522279 0.027274
vt 0.522802 0.092040
vt 0.532150 0.145691
vt 0.532369 0.198368
vt 0.535305 0.252763
vt 0.531992 0.037166
vt 0.531291 0.092319
vt 0.083294 0.979334
vt 0.065173 0.958095
vt 0.081569 0.949996
vt 0.050655 0.662688
vt 0.051334 0.800951
vt 0.028679 0.797124
vt 0.027676 0.659994
vt 0.052278 0.496480
vt 0.050655 0.662688
vt 0.027676 0.659994
vt 0.029187 0.494939
vt 0.057091 0.333375
vt 0.052278 0.496480
vt 0.029187 0.494939
vt 0.033207 0.331136
vt 0.064977 0.184505
vt 0.057091 0.333375
vt 0.033207 0.331136
vt 0.041235 0.181517
vt 0.076994 0.032149
vt 0.064977 0.184505
vt 0.041235 0.181517
vt 0.052776 0.023697
vt 0.051334 0.800951
vt 0.054915 0.894543
vt 0.037258 0.902227
vt 0.028679 0.797124
vt 0.092524 0.187425
vt 0.104345 0.042464
vt 0.083226 0.335571
vt 0.092524 0.187425
vt 0.077579 0.498002
vt 0.083226 0.335571
vt 0.075837 0.665386
vt 0.077579 0.498002
vt 0.076183 0.804810
vt 0.075837 0.665386
vt 0.079602 0.898046
vt 0.076183 0.804810
vt 0.064607 0.925234
vt 0.050193 0.932051
vt 0.109597 0.042874
vt 0.097779 0.187794
vt 0.097779 0.187794
vt 0.088488 0.335825
vt 0.088488 0.335825
vt 0.082845 0.498122
vt 0.082845 0.498122
vt 0.081105 0.665409
vt 0.081105 0.665409
vt 0.081451 0.804724
vt 0.081451 0.804724
vt 0.084866 0.897866
vt 0.086825 0.950013
vt 0.389918 0.658227
vt 0.316858 0.615660
vt 0.336134 0.583449
vt 0.392197 0.644859
vt 0.161409 0.659322
vt 0.166506 0.646114
vt 0.153559 0.623582
vt 0.146469 0.630637
vt 0.138276 0.649889
vt 0.155738 0.678624
vt 0.122969 0.643468
vt 0.131563 0.623567
vt 0.147806 0.606946
vt 0.322588 0.545740
vt 0.373548 0.568899
vt 0.407288 0.636530
vt 0.408846 0.651908
vt 0.405763 0.662338
vt 0.391226 0.674173
vt 0.157610 0.694027
vt 0.575748 0.085061
vt 0.562525 0.085061
vt 0.562525 0.135674
vt 0.575748 0.135674
vt 0.575748 0.034448
vt 0.562525 0.034448
vt 0.575748 0.186288
vt 0.562525 0.186288
vt 0.562525 0.236901
vt 0.575748 0.236901
vt 0.499179 0.198120
vt 0.507668 0.198399
vt 0.507174 0.145312
vt 0.498320 0.144748
vt 0.498479 0.253273
vt 0.508191 0.263165
vt 0.498101 0.092071
vt 0.507174 0.092605
vt 0.505139 0.027146
vt 0.495165 0.037676
vt 0.523296 0.197834
vt 0.523296 0.145127
vt 0.525332 0.263293
vt 0.522802 0.092040
vt 0.522279 0.027274
vt 0.532369 0.198368
vt 0.532150 0.145691
vt 0.535305 0.252763
vt 0.531291 0.092319
vt 0.531992 0.037166
vt 0.575748 0.085061
vt 0.575748 0.135674
vt 0.562525 0.135674
vt 0.562525 0.085061
vt 0.575748 0.034448
vt 0.562525 0.034448
vt 0.575748 0.186288
vt 0.575748 0.236901
vt 0.562525 0.236901
vt 0.562525 0.186288
vt 0.499179 0.198120
vt 0.498320 0.144748
vt 0.507174 0.145312
vt 0.507668 0.198399
vt 0.498479 0.253273
vt 0.508191 0.263165
vt 0.498101 0.092071
vt 0.495165 0.037676
vt 0.505139 0.027146
vt 0.507174 0.092605
vt 0.523296 0.145127
vt 0.523296 0.197834
vt 0.525332 0.263293
vt 0.522279 0.027274
vt 0.522802 0.092040
vt 0.532150 0.145691
vt 0.532369 0.198368
vt 0.535305 0.252763
vt 0.531992 0.037166
vt 0.531291 0.092319
vt 0.419707 0.441880
vt 0.439588 0.480918
vt 0.411476 0.496460
vt 0.439588 0.441879
vt 0.413119 0.429410
vt 0.439588 0.429410
vt 0.406479 0.346093
vt 0.439587 0.346093
vt 0.439587 0.387190
vt 0.406479 0.387190
vt 0.425879 0.178509
vt 0.439587 0.178509
vt 0.439587 0.222433
vt 0.424930 0.222434
vt 0.425879 0.155593
vt 0.439587 0.155593
vt 0.415338 0.126647
vt 0.439587 0.126647
vt 0.418686 0.091501
vt 0.439587 0.091501
vt 0.439587 0.020654
vt 0.439587 0.036895
vt 0.425346 0.036895
vt 0.421692 0.066855
vt 0.439587 0.066855
vt 0.439587 0.308216
vt 0.406479 0.308216
vt 0.763718 0.195555
vt 0.765042 0.235077
vt 0.746614 0.234728
vt 0.745926 0.196176
vt 0.743292 0.106649
vt 0.723535 0.037926
vt 0.760195 0.062156
vt 0.764635 0.084596
vt 0.658079 0.233274
vt 0.659394 0.197602
vt 0.701721 0.197602
vt 0.702314 0.233886
vt 0.459469 0.441879
vt 0.467700 0.496460
vt 0.786486 0.235523
vt 0.783031 0.204963
vt 0.719763 0.163154
vt 0.700954 0.171412
vt 0.681942 0.163659
vt 0.757225 0.166234
vt 0.752328 0.141853
vt 0.726600 0.144156
vt 0.719169 0.125594
vt 0.700364 0.117646
vt 0.659883 0.098964
vt 0.681579 0.125552
vt 0.673850 0.144650
vt 0.632438 0.125495
vt 0.602371 0.153428
vt 0.606868 0.195899
vt 0.608156 0.209920
vt 0.774237 0.245897
vt 0.466056 0.429410
vt 0.472696 0.346093
vt 0.472696 0.387190
vt 0.453296 0.178509
vt 0.454245 0.222433
vt 0.453296 0.155593
vt 0.463837 0.126647
vt 0.460489 0.091501
vt 0.453828 0.036895
vt 0.763739 0.254826
vt 0.546089 0.381723
vt 0.546089 0.396550
vt 0.492282 0.396550
vt 0.492282 0.381723
vt 0.546089 0.366897
vt 0.492282 0.366897
vt 0.546089 0.352071
vt 0.492282 0.352071
vt 0.546089 0.337244
vt 0.492282 0.337244
vt 0.546089 0.322418
vt 0.492282 0.322418
vt 0.546089 0.307591
vt 0.492282 0.307591
vt 0.546089 0.292765
vt 0.492282 0.292765
vt 0.457483 0.066855
vt 0.472696 0.308216
vt 0.492282 0.277938
vt 0.546089 0.277938
vt 0.763718 0.195555
vt 0.745926 0.196176
vt 0.746614 0.234728
vt 0.765042 0.235077
vt 0.743292 0.106649
vt 0.764635 0.084596
vt 0.760195 0.062156
vt 0.723535 0.037926
vt 0.658079 0.233274
vt 0.702314 0.233886
vt 0.701721 0.197602
vt 0.659394 0.197602
vt 0.786486 0.235523
vt 0.783031 0.204963
vt 0.719763 0.163154
vt 0.700954 0.171412
vt 0.681942 0.163659
vt 0.757225 0.166234
vt 0.752328 0.141853
vt 0.719169 0.125594
vt 0.726600 0.144156
vt 0.700364 0.117646
vt 0.659883 0.098964
vt 0.632438 0.125495
vt 0.673850 0.144650
vt 0.681579 0.125552
vt 0.602371 0.153428
vt 0.606868 0.195899
vt 0.608156 0.209920
vt 0.774237 0.245897
vt 0.763739 0.254826
vt 0.154456 0.777787
vt 0.252704 0.793635
vt 0.236123 0.736271
vt 0.142519 0.724556
vt 0.352391 0.861454
vt 0.294244 0.735697
vt 0.368526 0.872824
vt 0.313817 0.734838
vt 0.151665 0.784099
vt 0.236825 0.820140
vt 0.339163 0.890311
vt 0.360783 0.893829
vt 0.383597 0.867786
vt 0.337949 0.739204
vt 0.135745 0.726131
vt 0.147725 0.779345
vn 0.248722 0.248722 0.936096
vn 0.248722 0.248722 0.936096
vn 0.248722 0.248722 0.936096
vn 0.153151 -0.051050 0.986883
vn 0.255859 0.085290 0.962944
vn 0.063960 0.191880 0.979332
vn 0.085290 -0.255859 0.962944
vn 0.255859 0.085290 0.962944
vn 0.153151 -0.051050 0.986883
vn -0.063960 -0.191880 0.979332
vn 0.085290 -0.255859 0.962944
vn 0.153151 -0.051050 0.986883
vn -0.255849 -0.085290 0.962947
vn 0.085290 -0.255859 0.962944
vn -0.063960 -0.191880 0.979332
vn -0.153151 0.051050 0.986883
vn -0.255849 -0.085290 0.962947
vn -0.063960 -0.191880 0.979332
vn -0.085280 0.255859 0.962945
vn -0.255849 -0.085290 0.962947
vn -0.153151 0.051050 0.986883
vn 0.063960 0.191880 0.979332
vn -0.085280 0.255859 0.962945
vn -0.153151 0.051050 0.986883
vn -0.153151 0.051050 0.986883
vn -0.063960 -0.191880 0.979332
vn 0.153151 -0.051050 0.986883
vn 0.063960 0.191880 0.979332
vn -0.153151 0.051050 0.986883
vn 0.153151 -0.051050 0.986883
vn 0.063960 0.191880 -0.979332
vn -0.085280 0.255859 -0.962945
vn 0.255859 0.085290 -0.962944
vn 0.153151 -0.051050 -0.986883
vn 0.063960 0.191880 -0.979332
vn 0.255859 0.085290 -0.962944
vn 0.153151 -0.051050 -0.986883
vn 0.255859 0.085290 -0.962944
vn 0.085290 -0.255859 -0.962944
vn -0.063960 -0.191880 -0.979332
vn 0.153151 -0.051050 -0.986883
vn 0.085290 -0.255859 -0.962944
vn -0.063960 -0.191880 -0.979332
vn 0.085290 -0.255859 -0.962944
vn -0.255849 -0.085290 -0.962947
vn -0.153151 0.051050 -0.986883
vn -0.063960 -0.191880 -0.979332
vn -0.255849 -0.085290 -0.962947
vn -0.153151 0.051050 -0.986883
vn -0.255849 -0.085290 -0.962947
vn -0.085280 0.255859 -0.962945
vn 0.063960 0.191880 -0.979332
vn -0.153151 0.051050 -0.986883
vn -0.085280 0.255859 -0.962945
vn 0.153151 -0.051050 -0.986883
vn -0.063960 -0.191880 -0.979332
vn -0.153151 0.051050 -0.986883
vn 0.063960 0.191880 -0.979332
vn 0.153151 -0.051050 -0.986883
vn -0.153151 0.051050 -0.986883
vn 0.071910 -0.214399 -0.974096
vn 0.040586 -0.237382 -0.970568
vn 0.077507 -0.252240 -0.964556
vn -0.098933 -0.308019 -0.946222
vn -0.099291 -0.311377 -0.945085
vn -0.098979 -0.308449 -0.946078
vn -0.099337 -0.311804 -0.944939
vn -0.008037 -0.321578 -0.946849
vn -0.007900 -0.322520 -0.946530
vn -0.008022 -0.321681 -0.946814
vn -0.007885 -0.322621 -0.946495
vn 0.263121 0.167626 -0.950089
vn 0.269341 0.173337 -0.947317
vn 0.263793 0.168243 -0.949794
vn 0.270089 0.174024 -0.946978
vn 0.214181 -0.205320 -0.954971
vn 0.225309 -0.212352 -0.950864
vn 0.215542 -0.206181 -0.954479
vn 0.226900 -0.213356 -0.950261
vn 0.271918 -0.108519 -0.956182
vn 0.274922 -0.109090 -0.955258
vn 0.272237 -0.108580 -0.956085
vn 0.275335 -0.109169 -0.955130
vn 0.282220 -0.170073 -0.944154
vn 0.285783 -0.173793 -0.942403
vn 0.285945 -0.201695 -0.936779
vn 0.282936 -0.211513 -0.935526
vn -0.109500 0.043104 -0.993052
vn -0.108111 0.042836 -0.993216
vn -0.109312 0.043068 -0.993074
vn -0.107968 0.042809 -0.993232
vn -0.091353 0.084236 -0.992249
vn -0.086412 0.081083 -0.992954
vn -0.090679 0.083806 -0.992348
vn -0.085845 0.080721 -0.993033
vn -0.107717 -0.070200 -0.991700
vn -0.104919 -0.067675 -0.992175
vn -0.107396 -0.069911 -0.991755
vn -0.104635 -0.067418 -0.992223
vn 0.003086 0.129167 -0.991618
vn 0.003140 0.128753 -0.991672
vn 0.003092 0.129126 -0.991624
vn 0.003146 0.128710 -0.991677
vn 0.039522 0.125060 -0.991362
vn 0.039340 0.123591 -0.991553
vn 0.039500 0.124883 -0.991385
vn 0.039318 0.123415 -0.991576
vn -0.115806 0.078509 -0.990164
vn -0.113252 0.068242 -0.991220
vn -0.109837 0.075152 -0.991104
vn -0.113231 0.068236 -0.991223
vn -0.170762 0.107569 -0.979423
vn -0.151505 0.107418 -0.982603
vn 0.165753 -0.284262 -0.944310
vn 0.206558 -0.301954 -0.930676
vn -0.930501 0.366289 0.000000
vn -0.930501 0.366289 0.000000
vn -0.930501 0.366289 0.000000
vn -0.930501 0.366289 0.000000
vn -0.735164 0.677889 0.000000
vn -0.735164 0.677889 0.000000
vn -0.735165 0.677888 0.000000
vn -0.735165 0.677888 0.000000
vn -0.837788 -0.545995 0.000000
vn -0.837788 -0.545995 0.000000
vn -0.837789 -0.545995 0.000000
vn -0.837789 -0.545995 0.000000
vn 0.023888 0.999715 0.000000
vn 0.023888 0.999715 0.000000
vn 0.023888 0.999715 0.000000
vn 0.023888 0.999715 0.000000
vn 0.301333 0.953519 0.000000
vn 0.301333 0.953519 0.000000
vn 0.301334 0.953519 0.000000
vn 0.301334 0.953519 0.000000
vn -0.856654 0.515892 0.000000
vn -0.856654 0.515892 0.000000
vn -0.856654 0.515892 0.000000
vn -0.856654 0.515892 0.000000
vn -0.846115 0.533000 0.000000
vn -0.846115 0.533000 0.000000
vn -0.846116 0.532999 0.000000
vn -0.846116 0.532999 0.000000
vn -0.846117 0.532998 0.000000
vn -0.846117 0.532998 0.000000
vn -0.846117 0.532998 0.000000
vn -0.647658 0.669125 -0.364432
vn -0.013522 0.915279 -0.402594
vn -0.617902 0.218825 -0.755191
vn 0.077446 0.676891 -0.731998
vn -0.087990 -0.964859 -0.247597
vn -0.106834 -0.856099 -0.505649
vn -0.056952 -0.988632 -0.139151
vn 0.178945 0.040017 -0.983045
vn 0.320131 0.903893 -0.283713
vn 0.287742 0.796209 -0.532217
vn 0.906653 0.358241 -0.222809
vn 0.813408 0.466934 -0.346901
vn -0.063085 -0.994937 0.078231
vn 0.326281 0.945273 0.000000
vn 0.937261 0.348627 0.000000
vn 0.037250 0.999306 0.000000
vn -0.643205 0.765694 0.000000
vn -0.998548 -0.053872 0.000000
vn -0.063279 -0.997996 0.000000
vn -0.063279 -0.997996 0.000000
vn -0.467851 0.063300 -0.881538
vn -0.470324 0.201678 -0.859140
vn -0.790188 0.213841 -0.574348
vn -0.766603 0.329498 -0.551135
vn 0.051940 -0.137914 -0.989081
vn 0.023817 -0.009976 -0.999667
vn 0.526096 -0.338873 -0.779992
vn 0.517932 -0.218514 -0.827042
vn 0.739765 -0.431387 -0.516384
vn 0.769380 -0.323962 -0.550548
vn -0.785104 0.291509 -0.546475
vn -0.509951 0.167307 -0.843777
vn 0.001444 -0.002096 -0.999997
vn 0.512643 -0.161810 -0.843217
vn 0.790291 -0.277516 -0.546283
vn -0.513509 0.192017 -0.836324
vn -0.529622 0.160211 -0.832966
vn -0.002860 0.001191 -0.999995
vn 0.000503 -0.000023 -1.000000
vn -0.778031 0.322126 -0.539353
vn -0.799431 0.268691 -0.537322
vn 0.509592 -0.190658 -0.839026
vn 0.529361 -0.158855 -0.833392
vn 0.776058 -0.325178 -0.540364
vn 0.799829 -0.269267 -0.536441
vn -0.513910 0.194184 -0.835577
vn -0.529282 0.157877 -0.833628
vn -0.002903 0.001209 -0.999995
vn 0.000548 -0.000036 -1.000000
vn -0.777444 0.324872 -0.538553
vn -0.799949 0.265881 -0.537949
vn 0.509960 -0.192878 -0.838296
vn 0.529047 -0.156426 -0.834051
vn 0.775425 -0.328053 -0.539535
vn 0.800391 -0.266284 -0.537092
vn -0.514440 0.196343 -0.834746
vn -0.528796 0.155524 -0.834378
vn -0.002944 0.001226 -0.999995
vn 0.000596 -0.000051 -1.000000
vn -0.776902 0.327609 -0.537676
vn -0.800409 0.263064 -0.538649
vn 0.510462 -0.195091 -0.837477
vn 0.528587 -0.153977 -0.834798
vn 0.774837 -0.330922 -0.538626
vn 0.800894 -0.263287 -0.537818
vn -0.515091 0.198491 -0.833836
vn -0.528170 0.153159 -0.835212
vn -0.002984 0.001242 -0.999995
vn 0.000647 -0.000066 -1.000000
vn -0.776404 0.330344 -0.536721
vn -0.800821 0.260230 -0.539413
vn 0.511091 -0.197293 -0.836578
vn 0.527979 -0.151517 -0.835632
vn 0.774298 -0.333785 -0.537633
vn 0.801344 -0.260277 -0.538613
vn -0.515864 0.200621 -0.832848
vn -0.527399 0.150787 -0.836130
vn -0.003024 0.001259 -0.999995
vn 0.000701 -0.000083 -1.000000
vn -0.775952 0.333075 -0.535687
vn -0.801180 0.257390 -0.540242
vn 0.511846 -0.199477 -0.835597
vn 0.527227 -0.149050 -0.836550
vn 0.773804 -0.336641 -0.536563
vn 0.801737 -0.257256 -0.539479
vn -0.516517 0.202887 -0.831894
vn -0.526488 0.148409 -0.837129
vn -0.003063 0.001273 -0.999995
vn 0.000758 -0.000099 -1.000000
vn -0.774859 0.336623 -0.535049
vn -0.801484 0.254544 -0.541138
vn 0.512723 -0.201638 -0.834540
vn 0.526329 -0.146580 -0.837551
vn 0.773354 -0.339491 -0.535416
vn 0.802072 -0.254226 -0.540417
vn -0.513977 0.210010 -0.831699
vn -0.524676 0.146991 -0.838516
vn -0.001224 0.001858 -0.999998
vn 0.000928 -0.000533 -0.999999
vn -0.770276 0.348472 -0.534081
vn -0.800601 0.255676 -0.541911
vn 0.514252 -0.205157 -0.832740
vn 0.525303 -0.144171 -0.838613
vn 0.772583 -0.343385 -0.534044
vn 0.802349 -0.251189 -0.541424
vn -0.511851 0.219792 -0.830482
vn -0.521135 0.151698 -0.839884
vn -0.001264 0.002006 -0.999997
vn 0.001203 -0.001635 -0.999998
vn -0.764532 0.362709 -0.532854
vn -0.797002 0.264414 -0.543022
vn 0.513252 -0.213641 -0.831222
vn 0.523393 -0.147007 -0.839315
vn 0.768772 -0.354616 -0.532201
vn 0.800999 -0.253114 -0.542525
vn -0.509651 0.229531 -0.829199
vn -0.517581 0.156972 -0.841112
vn -0.001324 0.002148 -0.999997
vn 0.001279 -0.001786 -0.999998
vn -0.758576 0.376837 -0.531560
vn -0.793184 0.273503 -0.544109
vn 0.511304 -0.222947 -0.829978
vn 0.519979 -0.152003 -0.840546
vn 0.763337 -0.368191 -0.530804
vn 0.797523 -0.261265 -0.543781
vn -0.507379 0.239223 -0.827852
vn -0.513852 0.162173 -0.842411
vn -0.001386 0.002291 -0.999996
vn 0.001358 -0.001937 -0.999997
vn -0.752409 0.390863 -0.530195
vn -0.789216 0.282537 -0.545262
vn 0.509294 -0.232216 -0.828671
vn 0.516395 -0.156939 -0.841847
vn 0.757716 -0.381677 -0.529330
vn 0.793972 -0.269415 -0.544999
vn -0.370468 0.493855 -0.786677
vn 0.090792 0.340071 -0.936007
vn -0.673257 0.555879 -0.487568
vn 0.597909 0.170371 -0.783249
vn 0.834219 0.036679 -0.550212
vn -0.467851 0.063300 0.881538
vn -0.790188 0.213841 0.574347
vn -0.470324 0.201678 0.859140
vn -0.766604 0.329498 0.551135
vn 0.051940 -0.137914 0.989081
vn 0.023816 -0.009976 0.999667
vn 0.526096 -0.338873 0.779992
vn 0.517932 -0.218514 0.827042
vn 0.739765 -0.431388 0.516384
vn 0.769380 -0.323962 0.550548
vn -0.785104 0.291509 0.546475
vn -0.509951 0.167307 0.843777
vn 0.001443 -0.002095 0.999997
vn 0.512643 -0.161810 0.843217
vn 0.790291 -0.277516 0.546284
vn -0.513509 0.192017 0.836324
vn -0.002860 0.001192 0.999995
vn -0.529622 0.160211 0.832966
vn 0.000503 -0.000022 1.000000
vn -0.778032 0.322126 0.539353
vn -0.799432 0.268691 0.537321
vn 0.509593 -0.190658 0.839026
vn 0.776058 -0.325178 0.540365
vn 0.529361 -0.158855 0.833392
vn 0.799829 -0.269266 0.536442
vn -0.513910 0.194184 0.835577
vn -0.002903 0.001209 0.999995
vn -0.529282 0.157877 0.833628
vn 0.000548 -0.000035 1.000000
vn -0.777444 0.324872 0.538553
vn -0.799949 0.265881 0.537949
vn 0.509960 -0.192878 0.838296
vn 0.775425 -0.328053 0.539535
vn 0.529047 -0.156426 0.834051
vn 0.800391 -0.266284 0.537092
vn -0.514440 0.196343 0.834746
vn -0.002944 0.001226 0.999995
vn -0.528796 0.155524 0.834378
vn 0.000596 -0.000051 1.000000
vn -0.776902 0.327609 0.537676
vn -0.800410 0.263064 0.538648
vn 0.510461 -0.195092 0.837477
vn 0.774837 -0.330923 0.538627
vn 0.528587 -0.153977 0.834798
vn 0.800895 -0.263286 0.537818
vn -0.515090 0.198490 0.833837
vn -0.002984 0.001241 0.999995
vn -0.528170 0.153159 0.835212
vn 0.000646 -0.000066 1.000000
vn -0.776404 0.330344 0.536721
vn -0.800821 0.260230 0.539413
vn 0.511091 -0.197292 0.836577
vn 0.774299 -0.333785 0.537633
vn 0.527979 -0.151517 0.835632
vn 0.801343 -0.260277 0.538614
vn -0.515864 0.200621 0.832848
vn -0.003024 0.001259 0.999995
vn -0.527399 0.150787 0.836130
vn 0.000701 -0.000083 1.000000
vn -0.775952 0.333074 0.535687
vn -0.801180 0.257390 0.540242
vn 0.511846 -0.199477 0.835597
vn 0.773805 -0.336641 0.536562
vn 0.527227 -0.149050 0.836550
vn 0.801737 -0.257256 0.539479
vn -0.516517 0.202887 0.831894
vn -0.003063 0.001273 0.999995
vn -0.526487 0.148409 0.837130
vn 0.000758 -0.000099 1.000000
vn -0.774860 0.336623 0.535049
vn -0.801484 0.254544 0.541139
vn 0.512723 -0.201638 0.834540
vn 0.773354 -0.339491 0.535415
vn 0.526329 -0.146579 0.837551
vn 0.802072 -0.254226 0.540416
vn -0.513977 0.210010 0.831699
vn -0.001224 0.001858 0.999998
vn -0.524676 0.146990 0.838516
vn 0.000928 -0.000534 0.999999
vn -0.770276 0.348472 0.534080
vn -0.800601 0.255676 0.541911
vn 0.514252 -0.205157 0.832740
vn 0.772583 -0.343386 0.534042
vn 0.525303 -0.144172 0.838613
vn 0.802350 -0.251190 0.541423
vn -0.511851 0.219793 0.830482
vn -0.001264 0.002007 0.999997
vn -0.521135 0.151698 0.839885
vn 0.001203 -0.001634 0.999998
vn -0.764531 0.362709 0.532854
vn -0.797002 0.264414 0.543023
vn 0.513251 -0.213640 0.831223
vn 0.768771 -0.354616 0.532201
vn 0.523392 -0.147006 0.839315
vn 0.800999 -0.253114 0.542525
vn -0.509651 0.229532 0.829199
vn -0.001325 0.002147 0.999997
vn -0.517580 0.156972 0.841113
vn 0.001278 -0.001785 0.999998
vn -0.758576 0.376837 0.531560
vn -0.793184 0.273503 0.544110
vn 0.511304 -0.222947 0.829978
vn 0.763337 -0.368191 0.530803
vn 0.519979 -0.152002 0.840546
vn 0.797523 -0.261265 0.543782
vn -0.507379 0.239224 0.827852
vn -0.001386 0.002291 0.999996
vn -0.513852 0.162173 0.842411
vn 0.001358 -0.001937 0.999997
vn -0.752409 0.390864 0.530195
vn -0.789216 0.282538 0.545262
vn 0.509294 -0.232216 0.828671
vn 0.757716 -0.381677 0.529329
vn 0.516395 -0.156940 0.841847
vn 0.793973 -0.269415 0.544998
vn -0.370468 0.493855 0.786677
vn 0.090792 0.340071 0.936007
vn -0.673258 0.555879 0.487568
vn 0.597909 0.170371 0.783249
vn 0.834220 0.036679 0.550210
vn 0.225181 -0.096287 0.969548
vn 0.228548 -0.091748 0.969200
vn 0.226816 -0.094084 0.969383
vn 0.229880 -0.089948 0.969054
vn -0.134977 0.052814 0.989440
vn -0.102425 0.042926 0.993814
vn -0.130979 0.055363 0.989838
vn -0.060345 0.025938 0.997841
vn 0.000000 0.000000 1.000000
vn 0.000001 0.000000 1.000000
vn 0.004260 -0.999991 0.000000
vn 0.004260 -0.999991 0.000000
vn 0.004260 -0.999991 0.000000
vn 0.004260 -0.999991 0.000000
vn 0.619405 -0.785071 0.000000
vn 0.619405 -0.785072 0.000000
vn 0.619405 -0.785071 0.000000
vn 0.619405 -0.785072 0.000000
vn -0.175270 -0.984520 0.000000
vn -0.175270 -0.984520 0.000000
vn -0.175270 -0.984520 0.000000
vn -0.175270 -0.984520 0.000000
vn -0.914605 0.403520 -0.025865
vn -0.914539 0.403777 -0.024157
vn -0.913471 0.406896 -0.002712
vn -0.913305 0.407277 0.000000
vn 0.912884 -0.390347 0.119462
vn 0.913771 -0.406111 0.009818
vn 0.913410 -0.391921 0.109909
vn 0.913304 -0.407279 0.000000
vn -0.000000 0.000000 1.000000
vn 0.000000 0.000000 1.000000
vn -0.000000 0.000000 1.000000
vn 0.000001 0.000000 1.000000
vn -0.570180 -0.821520 0.000000
vn -0.570180 -0.821520 0.000000
vn -0.570180 -0.821520 0.000000
vn -0.570180 -0.821520 0.000000
vn -0.000001 0.000000 -1.000000
vn -0.000000 0.000000 -1.000000
vn -0.000001 0.000000 -1.000000
vn 0.000000 0.000000 -1.000000
vn 0.570180 0.821520 0.000000
vn 0.570180 0.821520 0.000000
vn 0.570180 0.821520 0.000000
vn 0.570180 0.821520 0.000000
vn 0.821524 -0.570175 0.000004
vn 0.821516 -0.570185 -0.000006
vn 0.821523 -0.570175 0.000001
vn 0.821516 -0.570185 -0.000007
vn 0.821521 -0.570178 0.000007
vn 0.821522 -0.570178 0.000007
vn 0.821518 -0.570183 0.000001
vn 0.821518 -0.570183 0.000002
vn -0.000000 0.000000 -1.000000
vn -0.000000 0.000000 -1.000000
vn -0.000000 0.000000 -1.000000
vn 0.000000 0.000000 -1.000000
vn 0.570187 0.821515 0.000000
vn 0.570184 0.821517 0.000000
vn 0.570187 0.821515 0.000000
vn 0.570184 0.821517 0.000000
vn 0.000000 0.000000 1.000000
vn 0.000001 0.000000 1.000000
vn 0.000000 0.000000 1.000000
vn 0.000001 0.000000 1.000000
vn -0.570176 -0.821523 0.000000
vn -0.570175 -0.821524 0.000000
vn -0.570176 -0.821523 0.000000
vn -0.570174 -0.821524 0.000000
vn -0.821525 0.570172 0.000011
vn -0.821520 0.570180 0.000002
vn -0.821526 0.570172 0.000011
vn -0.821520 0.570180 0.000000
vn -0.821525 0.570173 -0.000004
vn -0.821525 0.570173 -0.000004
vn -0.821520 0.570179 -0.000008
vn -0.821520 0.570179 -0.000008
vn 0.071910 -0.214399 0.974096
vn 0.077507 -0.252240 0.964556
vn 0.040586 -0.237382 0.970568
vn -0.099337 -0.311804 0.944939
vn -0.099291 -0.311377 0.945085
vn -0.098979 -0.308449 0.946078
vn -0.098933 -0.308019 0.946222
vn -0.007885 -0.322621 0.946495
vn -0.007900 -0.322520 0.946530
vn -0.008022 -0.321681 0.946814
vn -0.008037 -0.321578 0.946849
vn 0.270089 0.174024 0.946978
vn 0.269341 0.173337 0.947317
vn 0.263793 0.168243 0.949794
vn 0.263121 0.167626 0.950089
vn 0.226900 -0.213356 0.950261
vn 0.225309 -0.212352 0.950864
vn 0.215542 -0.206181 0.954480
vn 0.214180 -0.205320 0.954971
vn 0.275335 -0.109169 0.955130
vn 0.274922 -0.109090 0.955258
vn 0.272237 -0.108580 0.956085
vn 0.271918 -0.108519 0.956182
vn 0.282221 -0.170073 0.944154
vn 0.285945 -0.201696 0.936779
vn 0.285783 -0.173793 0.942403
vn 0.282936 -0.211513 0.935526
vn -0.109500 0.043104 0.993052
vn -0.109312 0.043068 0.993074
vn -0.108111 0.042836 0.993216
vn -0.107968 0.042809 0.993232
vn -0.091353 0.084235 0.992249
vn -0.090679 0.083806 0.992348
vn -0.086412 0.081083 0.992955
vn -0.085845 0.080721 0.993033
vn -0.107717 -0.070200 0.991700
vn -0.107396 -0.069911 0.991755
vn -0.104920 -0.067675 0.992175
vn -0.104635 -0.067418 0.992223
vn 0.003086 0.129167 0.991618
vn 0.003092 0.129126 0.991624
vn 0.003140 0.128753 0.991672
vn 0.003146 0.128710 0.991677
vn 0.039522 0.125060 0.991362
vn 0.039500 0.124883 0.991385
vn 0.039340 0.123591 0.991553
vn 0.039318 0.123415 0.991576
vn -0.115806 0.078509 0.990164
vn -0.109837 0.075152 0.991104
vn -0.113252 0.068242 0.991220
vn -0.113231 0.068236 0.991223
vn -0.170762 0.107569 0.979423
vn -0.151505 0.107418 0.982603
vn 0.206558 -0.301954 0.930676
vn 0.165753 -0.284262 0.944310
vn -0.930501 0.366289 0.000000
vn -0.930501 0.366289 0.000000
vn -0.930501 0.366289 0.000000
vn -0.930501 0.366289 0.000000
vn -0.735164 0.677889 0.000000
vn -0.735165 0.677888 0.000000
vn -0.735164 0.677889 0.000000
vn -0.735165 0.677888 0.000000
vn -0.837788 -0.545995 0.000000
vn -0.837789 -0.545995 0.000000
vn -0.837788 -0.545995 0.000000
vn -0.837789 -0.545995 0.000000
vn 0.023888 0.999715 0.000000
vn 0.023888 0.999715 0.000000
vn 0.023888 0.999715 0.000000
vn 0.023888 0.999715 0.000000
vn 0.301333 0.953519 0.000000
vn 0.301334 0.953519 0.000000
vn 0.301333 0.953519 0.000000
vn 0.301334 0.953519 0.000000
vn -0.856653 0.515893 0.000000
vn -0.856654 0.515892 0.000000
vn -0.856653 0.515893 0.000000
vn -0.856654 0.515892 0.000000
vn -0.846115 0.533000 0.000000
vn -0.846116 0.532999 0.000000
vn -0.846115 0.533000 0.000000
vn -0.846116 0.532999 0.000000
vn -0.846117 0.532997 0.000000
vn -0.846117 0.532997 0.000000
vn -0.846117 0.532997 0.000000
vn 0.077446 0.676890 0.731998
vn -0.013523 0.915279 0.402594
vn -0.617902 0.218825 0.755190
vn -0.647658 0.669125 0.364432
vn -0.087990 -0.964859 0.247597
vn -0.056952 -0.988632 0.139151
vn -0.106834 -0.856099 0.505649
vn 0.178943 0.040016 0.983045
vn 0.320131 0.903893 0.283713
vn 0.287742 0.796209 0.532218
vn 0.906653 0.358241 0.222809
vn 0.813408 0.466934 0.346901
vn -0.063085 -0.994937 -0.078231
vn 0.326281 0.945273 0.000000
vn 0.937261 0.348627 0.000000
vn 0.037250 0.999306 0.000000
vn -0.643205 0.765694 0.000000
vn -0.998548 -0.053872 0.000000
vn -0.063279 -0.997996 0.000000
vn -0.063279 -0.997996 0.000000
vn 0.417979 -0.896697 -0.145696
vn 0.417980 -0.896697 -0.145696
vn 0.417981 -0.896696 -0.145696
vn 0.417982 -0.896696 -0.145696
vn -0.894215 -0.377816 -0.240073
vn -0.894215 -0.377815 -0.240074
vn -0.894213 -0.377815 -0.240080
vn -0.894213 -0.377815 -0.240082
vn -0.417981 0.896700 0.145676
vn -0.417981 0.896699 0.145681
vn -0.417980 0.896697 0.145697
vn -0.417979 0.896697 0.145701
vn 0.894212 0.377814 0.240087
vn 0.894212 0.377814 0.240085
vn 0.894213 0.377817 0.240080
vn 0.894213 0.377817 0.240078
vn -0.160235 -0.230622 0.959760
vn -0.160235 -0.230622 0.959760
vn -0.160241 -0.230620 0.959759
vn -0.160241 -0.230620 0.959759
vn -0.160231 -0.230625 0.959759
vn -0.160231 -0.230626 0.959759
vn -0.160241 -0.230629 0.959757
vn -0.160240 -0.230629 0.959757
vn -0.417982 0.896701 0.145662
vn -0.417982 0.896701 0.145667
vn -0.417981 0.896697 0.145696
vn -0.417981 0.896696 0.145701
vn 0.894213 0.377817 0.240079
vn 0.894213 0.377817 0.240080
vn 0.894212 0.377814 0.240086
vn 0.894212 0.377814 0.240087
vn 0.417981 -0.896699 -0.145677
vn 0.417981 -0.896699 -0.145679
vn 0.417981 -0.896697 -0.145691
vn 0.417981 -0.896697 -0.145693
vn -0.894213 -0.377818 -0.240075
vn -0.894213 -0.377818 -0.240076
vn -0.894213 -0.377817 -0.240079
vn -0.894213 -0.377817 -0.240080
vn 0.160235 0.230620 -0.959760
vn 0.160235 0.230620 -0.959760
vn 0.160237 0.230625 -0.959758
vn 0.160238 0.230626 -0.959758
vn 0.160233 0.230625 -0.959759
vn 0.160233 0.230625 -0.959759
vn 0.160238 0.230630 -0.959757
vn 0.160238 0.230631 -0.959757
vn 0.417979 -0.896699 0.145691
vn 0.417982 -0.896696 0.145695
vn 0.417979 -0.896698 0.145692
vn 0.417983 -0.896696 0.145696
vn -0.894215 -0.377816 0.240073
vn -0.894213 -0.377815 0.240080
vn -0.894214 -0.377816 0.240074
vn -0.894213 -0.377815 0.240082
vn -0.417980 0.896699 -0.145681
vn -0.417980 0.896698 -0.145693
vn -0.417980 0.896699 -0.145684
vn -0.417980 0.896697 -0.145696
vn 0.894212 0.377813 -0.240087
vn 0.894213 0.377817 -0.240080
vn 0.894212 0.377814 -0.240086
vn 0.894213 0.377817 -0.240078
vn -0.160235 -0.230622 -0.959759
vn -0.160241 -0.230620 -0.959759
vn -0.160235 -0.230622 -0.959759
vn -0.160241 -0.230621 -0.959759
vn -0.160232 -0.230624 -0.959760
vn -0.160232 -0.230625 -0.959759
vn -0.160239 -0.230629 -0.959757
vn -0.160239 -0.230629 -0.959757
vn -0.417982 0.896701 -0.145669
vn -0.417980 0.896696 -0.145701
vn -0.417982 0.896700 -0.145674
vn -0.417980 0.896695 -0.145706
vn 0.894213 0.377817 -0.240080
vn 0.894212 0.377815 -0.240085
vn 0.894213 0.377816 -0.240081
vn 0.894212 0.377814 -0.240086
vn 0.417982 -0.896699 0.145679
vn 0.417981 -0.896698 0.145690
vn 0.417982 -0.896699 0.145681
vn 0.417981 -0.896698 0.145691
vn -0.894213 -0.377818 0.240077
vn -0.894212 -0.377818 0.240079
vn -0.894213 -0.377818 0.240077
vn -0.894212 -0.377818 0.240079
vn 0.160234 0.230620 0.959760
vn 0.160239 0.230626 0.959758
vn 0.160235 0.230620 0.959760
vn 0.160239 0.230627 0.959758
vn 0.160233 0.230626 0.959759
vn 0.160233 0.230626 0.959759
vn 0.160237 0.230628 0.959758
vn 0.160237 0.230629 0.959758
vn 0.580253 -0.805497 -0.120338
vn 0.320938 -0.911285 -0.257989
vn 0.296262 -0.907525 -0.297702
vn 0.612296 -0.790629 0.000000
vn 0.954692 -0.297596 0.000000
vn 0.954692 -0.297594 0.000000
vn 0.810827 0.585286 0.000000
vn 0.810827 0.585286 0.000000
vn 0.983708 0.179774 0.000000
vn 0.985044 0.172302 0.000000
vn -0.630297 0.776354 0.000000
vn -0.395113 0.918633 0.000000
vn -0.626157 0.779697 0.000000
vn -0.395113 0.918633 0.000000
vn -0.958973 -0.283496 0.000000
vn -0.984241 -0.176834 0.000000
vn -0.999823 -0.018806 0.000000
vn -0.998997 -0.044782 0.000000
vn -0.938463 0.345379 0.000000
vn -0.938464 0.345378 0.000000
vn -0.453605 0.891203 0.000000
vn -0.819409 0.573209 0.000000
vn -0.879598 0.475718 0.000000
vn -0.938464 0.345378 0.000000
vn -0.938464 0.345377 0.000000
vn 0.811188 0.584786 0.000000
vn 0.811007 0.585036 0.000000
vn 0.811188 0.584786 0.000000
vn 0.810997 0.585051 0.000000
vn -0.662071 0.160099 0.732141
vn -0.378780 0.073579 0.922557
vn -0.789166 0.244837 0.563270
vn -0.410333 0.068076 0.909391
vn -0.093158 0.248627 0.964109
vn -0.133980 0.199271 0.970742
vn -0.447466 0.203996 0.870724
vn -0.392361 0.138714 0.909291
vn 0.242208 -0.245851 0.938559
vn 0.122147 -0.101509 0.987307
vn -0.009016 0.005125 0.999946
vn -0.011002 -0.051934 0.998590
vn 0.374615 -0.632954 0.677519
vn 0.320939 -0.911286 0.257985
vn -0.635633 0.206274 0.743923
vn -0.715837 0.248701 0.652476
vn -0.382604 0.008511 0.923873
vn -0.000001 0.000000 1.000000
vn 0.223954 -0.167247 0.960142
vn -0.750924 0.242682 0.614182
vn -0.625426 0.111814 0.772231
vn -0.342007 0.309796 0.887163
vn -0.814828 0.236859 0.529106
vn -0.057657 0.267537 0.961821
vn 0.106418 0.069095 0.991918
vn 0.140255 -0.123026 0.982442
vn 0.049524 0.203835 0.977752
vn 0.024142 -0.060649 0.997867
vn -0.060391 -0.085210 0.994531
vn -0.037081 -0.224653 0.973733
vn -0.132786 -0.991145 0.000000
vn -0.132793 -0.991144 0.000000
vn -0.132789 -0.991144 0.000000
vn 0.612296 -0.790629 0.000000
vn 0.954692 -0.297597 0.000000
vn 0.954692 -0.297595 0.000000
vn 0.810827 0.585286 0.000000
vn 0.983708 0.179774 0.000000
vn 0.810827 0.585285 0.000000
vn 0.985044 0.172302 0.000000
vn -0.395113 0.918633 0.000000
vn -0.395113 0.918633 0.000000
vn -0.626157 0.779697 0.000000
vn -0.630297 0.776354 0.000000
vn -0.958973 -0.283496 0.000000
vn -0.984241 -0.176834 0.000000
vn -0.998997 -0.044782 0.000000
vn -0.938463 0.345379 0.000000
vn -0.819409 0.573209 0.000000
vn -0.132784 -0.991145 0.000000
vn -0.132784 -0.991145 0.000000
vn 0.827471 0.561509 0.000000
vn 0.188062 0.982157 0.000000
vn 0.827472 0.561507 0.000000
vn 0.188063 0.982157 0.000000
vn 0.982157 -0.188064 0.000000
vn 0.982157 -0.188064 0.000000
vn 0.561508 -0.827471 0.000000
vn 0.561508 -0.827471 0.000000
vn -0.188062 -0.982157 0.000000
vn -0.188063 -0.982157 0.000000
vn -0.827471 -0.561509 0.000000
vn -0.827472 -0.561507 0.000000
vn -0.982157 0.188064 0.000000
vn -0.982157 0.188064 0.000000
vn -0.561508 0.827471 0.000000
vn -0.561508 0.827471 0.000000
vn -0.938464 0.345378 0.000000
vn 0.810997 0.585051 0.000000
vn 0.811007 0.585036 0.000000
vn 0.811188 0.584786 0.000000
vn 0.811187 0.584787 0.000000
vn -0.410333 0.068076 -0.909391
vn -0.378780 0.073579 -0.922557
vn -0.687247 0.141502 -0.712508
vn -0.662071 0.160099 -0.732141
vn -0.392361 0.138714 -0.909291
vn -0.133980 0.199271 -0.970742
vn -0.242441 0.225622 -0.943566
vn -0.093157 0.248627 -0.964109
vn 0.191464 -0.023579 -0.981216
vn -0.009017 0.005125 -0.999946
vn 0.122146 -0.101509 -0.987308
vn -0.011002 -0.051934 -0.998590
vn -0.635633 0.206274 -0.743923
vn -0.706231 0.166636 -0.688091
vn 0.000000 0.000000 -1.000000
vn -0.382604 0.008511 -0.923873
vn 0.223953 -0.167247 -0.960142
vn -0.523750 0.146743 -0.839138
vn -0.342007 0.309795 -0.887163
vn -0.532821 0.095954 -0.840770
vn -0.625426 0.111814 -0.772231
vn -0.057657 0.267537 -0.961821
vn 0.024142 -0.060649 -0.997867
vn 0.140254 -0.123026 -0.982443
vn 0.049525 0.203835 -0.977752
vn 0.106418 0.069096 -0.991918
vn -0.060391 -0.085210 -0.994531
vn -0.037080 -0.224653 -0.973733
vn 0.034942 -0.230221 -0.972511
vn -0.132786 -0.991145 0.000000
vn -0.132789 -0.991144 0.000000
vn -0.132793 -0.991144 0.000000
vn -0.132784 -0.991145 0.000000
vn -0.132785 -0.991145 0.000000
vn 0.229880 -0.089948 -0.969054
vn 0.228548 -0.091748 -0.969200
vn 0.226816 -0.094084 -0.969383
vn 0.225181 -0.096287 -0.969548
vn -0.134977 0.052814 -0.989440
vn -0.130979 0.055363 -0.989838
vn -0.102425 0.042926 -0.993814
vn -0.060345 0.025938 -0.997841
vn -0.000001 0.000000 -1.000000
vn 0.000001 0.000000 -1.000000
vn 0.004260 -0.999991 0.000000
vn 0.004260 -0.999991 0.000000
vn 0.004260 -0.999991 0.000000
vn 0.004260 -0.999991 0.000000
vn 0.619405 -0.785072 0.000000
vn 0.619405 -0.785072 0.000000
vn 0.619405 -0.785071 0.000000
vn 0.619405 -0.785071 0.000000
vn -0.175270 -0.984520 0.000000
vn -0.175270 -0.984520 0.000000
vn -0.175270 -0.984520 0.000000
vn -0.175270 -0.984520 0.000000
vn -0.913305 0.407277 0.000000
vn -0.914539 0.403777 0.024157
vn -0.913471 0.406896 0.002712
vn -0.914605 0.403520 0.025865
vn 0.912885 -0.390346 -0.119462
vn 0.913411 -0.391920 -0.109908
vn 0.913771 -0.406111 -0.009818
vn 0.913304 -0.407279 0.000000
s off
g item_damaged
f 525/617/814 526/618/815 527/619/816
f 528/620/817 525/617/818 527/619/819
f 529/621/820 525/617/821 528/620/822
f 530/622/823 529/621/824 528/620/825
f 531/623/826 529/621/827 530/622/828
f 532/624/829 531/623/830 530/622/831
f 526/618/832 531/623/833 532/624/834
f 527/619/835 526/618/836 532/624/837
f 532/625/838 530/626/839 528/627/840
f 527/628/841 532/625/842 528/627/843
f 533/629/844 534/630/845 535/631/846
f 536/632/847 533/629/848 535/631/849
f 536/632/850 535/631/851 537/633/852
f 538/634/853 536/632/854 537/633/855
f 538/634/856 537/633/857 539/635/858
f 540/636/859 538/634/860 539/635/861
f 540/636/862 539/635/863 534/630/864
f 533/629/865 540/636/866 534/630/867
f 536/637/868 538/638/869 540/639/870
f 533/640/871 536/637/872 540/639/873
s 1
f 541/641/874 565/642/875 542/643/876
s 2
f 1029/645/877 1031/646/878 1030/644/879
f 1030/644/879 1031/646/878 1032/647/880
s 3
f 1041/649/881 546/650/882 1042/648/883
f 1042/648/883 546/650/882 562/651/884
s 4
f 1047/653/885 547/654/886 1048/652/887
f 1048/652/887 547/654/886 561/655/888
s 5
f 1053/657/889 548/658/890 1054/656/891
f 1054/656/891 548/658/890 560/659/892
s 6
f 550/661/893 549/662/894 558/660/895
f 558/660/895 549/662/894 559/663/896
s 1
f 563/664/897 545/665/898 564/667/899
f 564/667/899 545/665/898 544/666/900
s 8
f 552/668/901 551/669/902 559/663/903
f 559/663/903 551/669/902 558/660/904
s 9
f 553/670/905 1058/671/906 560/659/907
f 560/659/907 1058/671/906 1054/656/908
s 10
f 554/672/909 1052/673/910 561/655/911
f 561/655/911 1052/673/910 1048/652/912
s 11
f 555/674/913 1046/675/914 562/651/915
f 562/651/915 1046/675/914 1042/648/916
s 12
f 1039/676/917 1040/677/918 1032/647/919
f 1032/647/919 1040/677/918 1030/644/920
s 13
f 557/678/921 556/679/922 564/667/923
f 564/667/923 556/679/922 563/664/924
f 565/642/925 557/678/921 566/680/926
f 566/680/926 557/678/921 564/667/923
s 1
f 564/667/899 544/666/900 566/680/927
f 566/680/927 544/666/900 543/681/928
f 565/642/875 566/680/927 542/643/876
f 542/643/876 566/680/927 543/681/928
s 14
f 552/668/929 568/682/930 551/669/931
f 551/669/931 568/682/930 567/683/932
s 15
f 553/670/933 569/684/934 1058/671/935
f 1058/671/935 569/684/934 1057/685/936
s 16
f 554/672/937 570/686/938 1052/673/939
f 1052/673/939 570/686/938 1051/687/940
s 17
f 555/674/941 571/688/942 1046/675/943
f 1046/675/943 571/688/942 1045/689/944
s 18
f 1039/676/945 1038/690/946 1040/677/947
f 1040/677/947 1038/690/946 1037/691/948
s 19
f 557/678/949 573/692/950 556/679/951
f 556/679/951 573/692/950 572/693/952
s 20
f 565/642/953 574/694/954 557/678/955
f 557/678/955 574/694/954 573/692/956
s off
f 541/641/957 574/694/958 565/642/959
s 21
f 580/696/960 579/697/961 575/695/962
f 575/695/962 579/697/961 581/698/963
s 22
f 575/695/964 581/698/965 576/700/966
f 576/700/966 581/698/965 582/699/967
s 21
f 579/697/961 578/701/968 581/698/963
f 581/698/963 578/701/968 582/699/969
f 578/702/968 577/703/970 582/699/969
f 582/699/969 577/703/970 576/700/971
s 22
f 576/700/966 577/704/972 575/695/964
s 21
f 578/702/968 584/705/973 577/703/970
f 577/703/970 584/705/973 583/706/974
f 579/697/961 585/707/975 578/701/968
f 578/701/968 585/707/975 584/708/973
f 586/709/976 585/710/975 580/696/960
f 580/696/960 585/710/975 579/697/961
f 575/695/962 587/711/977 580/696/960
f 580/696/960 587/711/977 586/712/976
s 22
f 577/704/972 583/713/978 575/695/964
f 575/695/964 583/713/978 587/714/979
s 23
f 594/715/980 591/716/981 593/718/982
f 593/718/982 591/716/981 592/717/983
f 595/719/984 590/720/985 594/715/980
f 594/715/980 590/720/985 591/716/981
f 596/721/986 589/722/987 595/719/984
f 595/719/984 589/722/987 590/720/985
f 597/723/988 588/724/989 596/721/986
f 596/721/986 588/724/989 589/722/987
f 593/718/982 655/725/990 594/715/980
f 594/715/980 655/725/990 654/726/991
f 594/715/980 654/726/991 595/719/984
f 595/719/984 654/726/991 653/727/992
f 595/719/984 653/727/992 596/721/986
f 596/721/986 653/727/992 657/728/993
f 596/721/986 657/728/993 597/723/988
f 597/723/988 657/728/993 656/729/994
f 604/730/995 704/731/996 603/733/997
f 603/733/997 704/731/996 703/732/998
f 605/734/999 705/735/1000 604/730/995
f 604/730/995 705/735/1000 704/731/996
f 607/736/1001 707/737/1002 606/739/1003
f 606/739/1003 707/737/1002 706/738/1004
f 603/733/997 703/732/998 607/736/1001
f 607/736/1001 703/732/998 707/737/1002
f 609/740/1005 699/741/1006 608/743/1007
f 608/743/1007 699/741/1006 698/742/1008
f 610/744/1009 700/745/1010 609/740/1005
f 609/740/1005 700/745/1010 699/741/1006
f 612/746/1011 702/747/1012 611/749/1013
f 611/749/1013 702/747/1012 701/748/1014
f 608/743/1007 698/742/1008 612/746/1011
f 612/746/1011 698/742/1008 702/747/1012
f 614/750/1015 694/751/1016 613/753/1017
f 613/753/1017 694/751/1016 693/752/1018
f 615/754/1019 695/755/1020 614/750/1015
f 614/750/1015 695/755/1020 694/751/1016
f 617/756/1021 697/757/1022 616/759/1023
f 616/759/1023 697/757/1022 696/758/1024
f 613/753/1017 693/752/1018 617/756/1021
f 617/756/1021 693/752/1018 697/757/1022
f 619/760/1025 689/761/1026 618/763/1027
f 618/763/1027 689/761/1026 688/762/1028
f 620/764/1029 690/765/1030 619/760/1025
f 619/760/1025 690/765/1030 689/761/1026
f 622/766/1031 692/767/1032 621/769/1033
f 621/769/1033 692/767/1032 691/768/1034
f 618/763/1027 688/762/1028 622/766/1031
f 622/766/1031 688/762/1028 692/767/1032
f 624/770/1035 684/771/1036 623/773/1037
f 623/773/1037 684/771/1036 683/772/1038
f 625/774/1039 685/775/1040 624/770/1035
f 624/770/1035 685/775/1040 684/771/1036
f 627/776/1041 687/777/1042 626/779/1043
f 626/779/1043 687/777/1042 686/778/1044
f 623/773/1037 683/772/1038 627/776/1041
f 627/776/1041 683/772/1038 687/777/1042
f 629/780/1045 679/781/1046 628/783/1047
f 628/783/1047 679/781/1046 678/782/1048
f 630/784/1049 680/785/1050 629/780/1045
f 629/780/1045 680/785/1050 679/781/1046
f 632/786/1051 682/787/1052 631/789/1053
f 631/789/1053 682/787/1052 681/788/1054
f 628/783/1047 678/782/1048 632/786/1051
f 632/786/1051 678/782/1048 682/787/1052
f 634/790/1055 674/791/1056 633/793/1057
f 633/793/1057 674/791/1056 673/792/1058
f 635/794/1059 675/795/1060 634/790/1055
f 634/790/1055 675/795/1060 674/791/1056
f 637/796/1061 677/797/1062 636/799/1063
f 636/799/1063 677/797/1062 676/798/1064
f 633/793/1057 673/792/1058 637/796/1061
f 637/796/1061 673/792/1058 677/797/1062
f 639/800/1065 669/801/1066 638/803/1067
f 638/803/1067 669/801/1066 668/802/1068
f 640/804/1069 670/805/1070 639/800/1065
f 639/800/1065 670/805/1070 669/801/1066
f 642/806/1071 672/807/1072 641/809/1073
f 641/809/1073 672/807/1072 671/808/1074
f 638/803/1067 668/802/1068 642/806/1071
f 642/806/1071 668/802/1068 672/807/1072
f 644/810/1075 664/811/1076 643/813/1077
f 643/813/1077 664/811/1076 663/812/1078
f 645/814/1079 665/815/1080 644/810/1075
f 644/810/1075 665/815/1080 664/811/1076
f 647/816/1081 667/817/1082 646/819/1083
f 646/819/1083 667/817/1082 666/818/1084
f 643/813/1077 663/812/1078 647/816/1081
f 647/816/1081 663/812/1078 667/817/1082
f 649/820/1085 659/821/1086 648/823/1087
f 648/823/1087 659/821/1086 658/822/1088
f 650/824/1089 660/825/1090 649/820/1085
f 649/820/1085 660/825/1090 659/821/1086
f 652/826/1091 662/827/1092 651/829/1093
f 651/829/1093 662/827/1092 661/828/1094
f 648/823/1087 658/822/1088 652/826/1091
f 652/826/1091 658/822/1088 662/827/1092
f 654/726/991 649/820/1085 653/727/992
f 653/727/992 649/820/1085 648/823/1087
f 655/725/990 650/824/1089 654/726/991
f 654/726/991 650/824/1089 649/820/1085
f 657/728/993 652/826/1091 656/729/994
f 656/729/994 652/826/1091 651/829/1093
f 653/727/992 648/823/1087 657/728/993
f 657/728/993 648/823/1087 652/826/1091
f 659/821/1086 644/810/1075 658/822/1088
f 658/822/1088 644/810/1075 643/813/1077
f 660/825/1090 645/814/1079 659/821/1086
f 659/821/1086 645/814/1079 644/810/1075
f 662/827/1092 647/816/1081 661/828/1094
f 661/828/1094 647/816/1081 646/819/1083
f 658/822/1088 643/813/1077 662/827/1092
f 662/827/1092 643/813/1077 647/816/1081
f 664/811/1076 639/800/1065 663/812/1078
f 663/812/1078 639/800/1065 638/803/1067
f 665/815/1080 640/804/1069 664/811/1076
f 664/811/1076 640/804/1069 639/800/1065
f 667/817/1082 642/806/1071 666/818/1084
f 666/818/1084 642/806/1071 641/809/1073
f 663/812/1078 638/803/1067 667/817/1082
f 667/817/1082 638/803/1067 642/806/1071
f 669/801/1066 634/790/1055 668/802/1068
f 668/802/1068 634/790/1055 633/793/1057
f 670/805/1070 635/794/1059 669/801/1066
f 669/801/1066 635/794/1059 634/790/1055
f 672/807/1072 637/796/1061 671/808/1074
f 671/808/1074 637/796/1061 636/799/1063
f 668/802/1068 633/793/1057 672/807/1072
f 672/807/1072 633/793/1057 637/796/1061
f 674/791/1056 629/780/1045 673/792/1058
f 673/792/1058 629/780/1045 628/783/1047
f 675/795/1060 630/784/1049 674/791/1056
f 674/791/1056 630/784/1049 629/780/1045
f 677/797/1062 632/786/1051 676/798/1064
f 676/798/1064 632/786/1051 631/789/1053
f 673/792/1058 628/783/1047 677/797/1062
f 677/797/1062 628/783/1047 632/786/1051
f 679/781/1046 624/770/1035 678/782/1048
f 678/782/1048 624/770/1035 623/773/1037
f 680/785/1050 625/774/1039 679/781/1046
f 679/781/1046 625/774/1039 624/770/1035
f 682/787/1052 627/776/1041 681/788/1054
f 681/788/1054 627/776/1041 626/779/1043
f 678/782/1048 623/773/1037 682/787/1052
f 682/787/1052 623/773/1037 627/776/1041
f 684/771/1036 619/760/1025 683/772/1038
f 683/772/1038 619/760/1025 618/763/1027
f 685/775/1040 620/764/1029 684/771/1036
f 684/771/1036 620/764/1029 619/760/1025
f 687/777/1042 622/766/1031 686/778/1044
f 686/778/1044 622/766/1031 621/769/1033
f 683/772/1038 618/763/1027 687/777/1042
f 687/777/1042 618/763/1027 622/766/1031
f 689/761/1026 614/750/1015 688/762/1028
f 688/762/1028 614/750/1015 613/753/1017
f 690/765/1030 615/754/1019 689/761/1026
f 689/761/1026 615/754/1019 614/750/1015
f 692/767/1032 617/756/1021 691/768/1034
f 691/768/1034 617/756/1021 616/759/1023
f 688/762/1028 613/753/1017 692/767/1032
f 692/767/1032 613/753/1017 617/756/1021
f 694/751/1016 609/740/1005 693/752/1018
f 693/752/1018 609/740/1005 608/743/1007
f 695/755/1020 610/744/1009 694/751/1016
f 694/751/1016 610/744/1009 609/740/1005
f 697/757/1022 612/746/1011 696/758/1024
f 696/758/1024 612/746/1011 611/749/1013
f 693/752/1018 608/743/1007 697/757/1022
f 697/757/1022 608/743/1007 612/746/1011
f 699/741/1006 604/730/995 698/742/1008
f 698/742/1008 604/730/995 603/733/997
f 700/745/1010 605/734/999 699/741/1006
f 699/741/1006 605/734/999 604/730/995
f 702/747/1012 607/736/1001 701/748/1014
f 701/748/1014 607/736/1001 606/739/1003
f 698/742/1008 603/733/997 702/747/1012
f 702/747/1012 603/733/997 607/736/1001
f 704/731/996 599/830/1095 703/732/998
f 703/732/998 599/830/1095 600/831/1096
f 705/735/1000 598/832/1097 704/731/996
f 704/731/996 598/832/1097 599/830/1095
f 707/737/1002 601/833/1098 706/738/1004
f 706/738/1004 601/833/1098 602/834/1099
f 703/732/998 600/831/1096 707/737/1002
f 707/737/1002 600/831/1096 601/833/1098
s 46
f 714/835/1100 713/836/1101 711/838/1102
f 711/838/1102 713/836/1101 712/837/1103
f 715/839/1104 714/835/1100 710/840/1105
f 710/840/1105 714/835/1100 711/838/1102
f 716/841/1106 715/839/1104 709/842/1107
f 709/842/1107 715/839/1104 710/840/1105
f 717/843/1108 716/841/1106 708/844/1109
f 708/844/1109 716/841/1106 709/842/1107
f 713/836/1101 714/835/1100 775/846/1110
f 775/846/1110 714/835/1100 774/845/1111
f 714/835/1100 715/839/1104 774/845/1111
f 774/845/1111 715/839/1104 773/847/1112
f 715/839/1104 716/841/1106 773/847/1112
f 773/847/1112 716/841/1106 777/848/1113
f 716/841/1106 717/843/1108 777/848/1113
f 777/848/1113 717/843/1108 776/849/1114
f 724/850/1115 723/851/1116 824/853/1117
f 824/853/1117 723/851/1116 823/852/1118
f 725/854/1119 724/850/1115 825/855/1120
f 825/855/1120 724/850/1115 824/853/1117
f 727/856/1121 726/857/1122 827/859/1123
f 827/859/1123 726/857/1122 826/858/1124
f 723/851/1116 727/856/1121 823/852/1118
f 823/852/1118 727/856/1121 827/859/1123
f 729/860/1125 728/861/1126 819/863/1127
f 819/863/1127 728/861/1126 818/862/1128
f 730/864/1129 729/860/1125 820/865/1130
f 820/865/1130 729/860/1125 819/863/1127
f 732/866/1131 731/867/1132 822/869/1133
f 822/869/1133 731/867/1132 821/868/1134
f 728/861/1126 732/866/1131 818/862/1128
f 818/862/1128 732/866/1131 822/869/1133
f 734/870/1135 733/871/1136 814/873/1137
f 814/873/1137 733/871/1136 813/872/1138
f 735/874/1139 734/870/1135 815/875/1140
f 815/875/1140 734/870/1135 814/873/1137
f 737/876/1141 736/877/1142 817/879/1143
f 817/879/1143 736/877/1142 816/878/1144
f 733/871/1136 737/876/1141 813/872/1138
f 813/872/1138 737/876/1141 817/879/1143
f 739/880/1145 738/881/1146 809/883/1147
f 809/883/1147 738/881/1146 808/882/1148
f 740/884/1149 739/880/1145 810/885/1150
f 810/885/1150 739/880/1145 809/883/1147
f 742/886/1151 741/887/1152 812/889/1153
f 812/889/1153 741/887/1152 811/888/1154
f 738/881/1146 742/886/1151 808/882/1148
f 808/882/1148 742/886/1151 812/889/1153
f 744/890/1155 743/891/1156 804/893/1157
f 804/893/1157 743/891/1156 803/892/1158
f 745/894/1159 744/890/1155 805/895/1160
f 805/895/1160 744/890/1155 804/893/1157
f 747/896/1161 746/897/1162 807/899/1163
f 807/899/1163 746/897/1162 806/898/1164
f 743/891/1156 747/896/1161 803/892/1158
f 803/892/1158 747/896/1161 807/899/1163
f 749/900/1165 748/901/1166 799/903/1167
f 799/903/1167 748/901/1166 798/902/1168
f 750/904/1169 749/900/1165 800/905/1170
f 800/905/1170 749/900/1165 799/903/1167
f 752/906/1171 751/907/1172 802/909/1173
f 802/909/1173 751/907/1172 801/908/1174
f 748/901/1166 752/906/1171 798/902/1168
f 798/902/1168 752/906/1171 802/909/1173
f 754/910/1175 753/911/1176 794/913/1177
f 794/913/1177 753/911/1176 793/912/1178
f 755/914/1179 754/910/1175 795/915/1180
f 795/915/1180 754/910/1175 794/913/1177
f 757/916/1181 756/917/1182 797/919/1183
f 797/919/1183 756/917/1182 796/918/1184
f 753/911/1176 757/916/1181 793/912/1178
f 793/912/1178 757/916/1181 797/919/1183
f 759/920/1185 758/921/1186 789/923/1187
f 789/923/1187 758/921/1186 788/922/1188
f 760/924/1189 759/920/1185 790/925/1190
f 790/925/1190 759/920/1185 789/923/1187
f 762/926/1191 761/927/1192 792/929/1193
f 792/929/1193 761/927/1192 791/928/1194
f 758/921/1186 762/926/1191 788/922/1188
f 788/922/1188 762/926/1191 792/929/1193
f 764/930/1195 763/931/1196 784/933/1197
f 784/933/1197 763/931/1196 783/932/1198
f 765/934/1199 764/930/1195 785/935/1200
f 785/935/1200 764/930/1195 784/933/1197
f 767/936/1201 766/937/1202 787/939/1203
f 787/939/1203 766/937/1202 786/938/1204
f 763/931/1196 767/936/1201 783/932/1198
f 783/932/1198 767/936/1201 787/939/1203
f 769/940/1205 768/941/1206 779/943/1207
f 779/943/1207 768/941/1206 778/942/1208
f 770/944/1209 769/940/1205 780/945/1210
f 780/945/1210 769/940/1205 779/943/1207
f 772/946/1211 771/947/1212 782/949/1213
f 782/949/1213 771/947/1212 781/948/1214
f 768/941/1206 772/946/1211 778/942/1208
f 778/942/1208 772/946/1211 782/949/1213
f 774/845/1111 773/847/1112 769/940/1205
f 769/940/1205 773/847/1112 768/941/1206
f 775/846/1110 774/845/1111 770/944/1209
f 770/944/1209 774/845/1111 769/940/1205
f 777/848/1113 776/849/1114 772/946/1211
f 772/946/1211 776/849/1114 771/947/1212
f 773/847/1112 777/848/1113 768/941/1206
f 768/941/1206 777/848/1113 772/946/1211
f 779/943/1207 778/942/1208 764/930/1195
f 764/930/1195 778/942/1208 763/931/1196
f 780/945/1210 779/943/1207 765/934/1199
f 765/934/1199 779/943/1207 764/930/1195
f 782/949/1213 781/948/1214 767/936/1201
f 767/936/1201 781/948/1214 766/937/1202
f 778/942/1208 782/949/1213 763/931/1196
f 763/931/1196 782/949/1213 767/936/1201
f 784/933/1197 783/932/1198 759/920/1185
f 759/920/1185 783/932/1198 758/921/1186
f 785/935/1200 784/933/1197 760/924/1189
f 760/924/1189 784/933/1197 759/920/1185
f 787/939/1203 786/938/1204 762/926/1191
f 762/926/1191 786/938/1204 761/927/1192
f 783/932/1198 787/939/1203 758/921/1186
f 758/921/1186 787/939/1203 762/926/1191
f 789/923/1187 788/922/1188 754/910/1175
f 754/910/1175 788/922/1188 753/911/1176
f 790/925/1190 789/923/1187 755/914/1179
f 755/914/1179 789/923/1187 754/910/1175
f 792/929/1193 791/928/1194 757/916/1181
f 757/916/1181 791/928/1194 756/917/1182
f 788/922/1188 792/929/1193 753/911/1176
f 753/911/1176 792/929/1193 757/916/1181
f 794/913/1177 793/912/1178 749/900/1165
f 749/900/1165 793/912/1178 748/901/1166
f 795/915/1180 794/913/1177 750/904/1169
f 750/904/1169 794/913/1177 749/900/1165
f 797/919/1183 796/918/1184 752/906/1171
f 752/906/1171 796/918/1184 751/907/1172
f 793/912/1178 797/919/1183 748/901/1166
f 748/901/1166 797/919/1183 752/906/1171
f 799/903/1167 798/902/1168 744/890/1155
f 744/890/1155 798/902/1168 743/891/1156
f 800/905/1170 799/903/1167 745/894/1159
f 745/894/1159 799/903/1167 744/890/1155
f 802/909/1173 801/908/1174 747/896/1161
f 747/896/1161 801/908/1174 746/897/1162
f 798/902/1168 802/909/1173 743/891/1156
f 743/891/1156 802/909/1173 747/896/1161
f 804/893/1157 803/892/1158 739/880/1145
f 739/880/1145 803/892/1158 738/881/1146
f 805/895/1160 804/893/1157 740/884/1149
f 740/884/1149 804/893/1157 739/880/1145
f 807/899/1163 806/898/1164 742/886/1151
f 742/886/1151 806/898/1164 741/887/1152
f 803/892/1158 807/899/1163 738/881/1146
f 738/881/1146 807/899/1163 742/886/1151
f 809/883/1147 808/882/1148 734/870/1135
f 734/870/1135 808/882/1148 733/871/1136
f 810/885/1150 809/883/1147 735/874/1139
f 735/874/1139 809/883/1147 734/870/1135
f 812/889/1153 811/888/1154 737/876/1141
f 737/876/1141 811/888/1154 736/877/1142
f 808/882/1148 812/889/1153 733/871/1136
f 733/871/1136 812/889/1153 737/876/1141
f 814/873/1137 813/872/1138 729/860/1125
f 729/860/1125 813/872/1138 728/861/1126
f 815/875/1140 814/873/1137 730/864/1129
f 730/864/1129 814/873/1137 729/860/1125
f 817/879/1143 816/878/1144 732/866/1131
f 732/866/1131 816/878/1144 731/867/1132
f 813/872/1138 817/879/1143 728/861/1126
f 728/861/1126 817/879/1143 732/866/1131
f 819/863/1127 818/862/1128 724/850/1115
f 724/850/1115 818/862/1128 723/851/1116
f 820/865/1130 819/863/1127 725/854/1119
f 725/854/1119 819/863/1127 724/850/1115
f 822/869/1133 821/868/1134 727/856/1121
f 727/856/1121 821/868/1134 726/857/1122
f 818/862/1128 822/869/1133 723/851/1116
f 723/851/1116 822/869/1133 727/856/1121
f 824/853/1117 823/852/1118 719/951/1215
f 719/951/1215 823/852/1118 720/950/1216
f 825/855/1120 824/853/1117 718/952/1217
f 718/952/1217 824/853/1117 719/951/1215
f 827/859/1123 826/858/1124 721/954/1218
f 721/954/1218 826/858/1124 722/953/1219
f 823/852/1118 827/859/1123 720/950/1216
f 720/950/1216 827/859/1123 721/954/1218
s 80
f 833/956/1220 834/957/1221 828/955/1222
f 828/955/1222 834/957/1221 829/958/1223
s 81
f 834/957/1224 835/959/1225 829/958/1226
f 829/958/1226 835/959/1225 830/960/1227
f 835/959/1225 832/961/1228 830/960/1227
f 830/960/1227 832/961/1228 831/962/1229
s 82
f 829/958/1230 837/963/1231 828/955/1232
f 828/955/1232 837/963/1231 836/964/1233
s 83
f 829/958/1234 830/960/1235 837/963/1236
f 837/963/1236 830/960/1235 838/965/1237
s 84
f 830/960/1238 831/962/1239 838/965/1240
f 838/965/1240 831/962/1239 839/966/1241
s 85
f 832/961/1242 840/967/1243 831/962/1244
f 831/962/1244 840/967/1243 839/968/1245
s 86
f 833/956/1246 828/955/1247 841/970/1248
f 841/970/1248 828/955/1247 836/969/1249
s 87
f 843/971/1250 842/972/1251 847/974/1252
f 847/974/1252 842/972/1251 846/973/1253
s 88
f 844/975/1254 843/971/1255 848/976/1256
f 848/976/1256 843/971/1255 847/974/1257
s 89
f 845/977/1258 844/978/1259 849/980/1260
f 849/980/1260 844/978/1259 848/979/1261
s 90
f 842/972/1262 845/977/1263 846/973/1264
f 846/973/1264 845/977/1263 849/980/1265
s 91
f 847/981/1266 846/982/1267 851/984/1268
f 851/984/1268 846/982/1267 850/983/1269
f 848/985/1270 847/981/1266 852/986/1271
f 852/986/1271 847/981/1266 851/984/1268
f 849/987/1272 848/988/1270 853/990/1273
f 853/990/1273 848/988/1270 852/989/1271
f 846/982/1267 849/987/1272 850/983/1269
f 850/983/1269 849/987/1272 853/990/1273
s 92
f 851/984/1274 850/983/1275 855/992/1276
f 855/992/1276 850/983/1275 854/991/1277
s 93
f 852/986/1278 851/984/1279 856/993/1280
f 856/993/1280 851/984/1279 855/992/1281
s 94
f 853/990/1282 852/989/1283 857/995/1284
f 857/995/1284 852/989/1283 856/994/1285
s 95
f 850/983/1286 853/990/1287 854/991/1288
f 854/991/1288 853/990/1287 857/995/1289
s 96
f 855/992/1290 854/991/1291 843/997/1292
f 843/997/1292 854/991/1291 842/996/1293
f 856/993/1294 855/992/1290 844/998/1295
f 844/998/1295 855/992/1290 843/997/1292
f 857/995/1296 856/994/1294 845/1000/1297
f 845/1000/1297 856/994/1294 844/999/1295
f 854/991/1291 857/995/1296 842/996/1293
f 842/996/1293 857/995/1296 845/1000/1297
s 97
f 541/1001/1298 542/1002/1299 872/1003/1300
s 98
f 1033/1005/1301 1031/1006/1302 1034/1004/1303
f 1034/1004/1303 1031/1006/1302 1029/1007/1304
s 99
f 869/1009/1305 546/1010/1306 1043/1008/1307
f 1043/1008/1307 546/1010/1306 1041/1011/1308
s 100
f 868/1013/1309 547/1014/1310 1049/1012/1311
f 1049/1012/1311 547/1014/1310 1047/1015/1312
s 101
f 867/1017/1313 548/1018/1314 1055/1016/1315
f 1055/1016/1315 548/1018/1314 1053/1019/1316
s 102
f 866/1021/1317 549/1022/1318 865/1020/1319
f 865/1020/1319 549/1022/1318 550/1023/1320
s 97
f 870/1024/1321 871/1025/1322 545/1027/1323
f 545/1027/1323 871/1025/1322 544/1026/1324
s 104
f 859/1028/1325 866/1021/1326 858/1029/1327
f 858/1029/1327 866/1021/1326 865/1020/1328
s 105
f 860/1030/1329 867/1017/1330 1056/1031/1331
f 1056/1031/1331 867/1017/1330 1055/1016/1332
s 106
f 861/1032/1333 868/1013/1334 1050/1033/1335
f 1050/1033/1335 868/1013/1334 1049/1012/1336
s 107
f 862/1034/1337 869/1009/1338 1044/1035/1339
f 1044/1035/1339 869/1009/1338 1043/1008/1340
s 108
f 1035/1036/1341 1033/1005/1342 1036/1037/1343
f 1036/1037/1343 1033/1005/1342 1034/1004/1344
s 109
f 864/1038/1345 871/1025/1346 863/1039/1347
f 863/1039/1347 871/1025/1346 870/1024/1348
f 872/1003/1349 873/1040/1350 864/1038/1345
f 864/1038/1345 873/1040/1350 871/1025/1346
s 97
f 543/1041/1351 544/1026/1324 873/1040/1352
f 873/1040/1352 544/1026/1324 871/1025/1322
f 872/1003/1300 542/1002/1299 873/1040/1352
f 873/1040/1352 542/1002/1299 543/1041/1351
s 110
f 859/1028/1353 858/1029/1354 568/1043/1355
f 568/1043/1355 858/1029/1354 567/1042/1356
s 111
f 860/1030/1357 1056/1031/1358 569/1045/1359
f 569/1045/1359 1056/1031/1358 1057/1044/1360
s 112
f 861/1032/1361 1050/1033/1362 570/1047/1363
f 570/1047/1363 1050/1033/1362 1051/1046/1364
s 113
f 862/1034/1365 1044/1035/1366 571/1049/1367
f 571/1049/1367 1044/1035/1366 1045/1048/1368
s 114
f 1035/1036/1369 1036/1037/1370 1038/1051/1371
f 1038/1051/1371 1036/1037/1370 1037/1050/1372
s 115
f 864/1038/1373 863/1039/1374 573/1053/1375
f 573/1053/1375 863/1039/1374 572/1052/1376
s 116
f 872/1003/1377 864/1038/1378 574/1054/1379
f 574/1054/1379 864/1038/1378 573/1053/1380
s off
f 541/1001/1381 872/1003/1382 574/1054/1383
s 117
f 880/1056/1384 878/1057/1385 874/1055/1386
f 874/1055/1386 878/1057/1385 879/1058/1387
s 118
f 874/1055/1388 875/1059/1389 880/1056/1390
f 880/1056/1390 875/1059/1389 881/1060/1391
s 117
f 878/1057/1385 880/1056/1384 877/1061/1392
f 877/1061/1392 880/1056/1384 881/1060/1393
f 877/1062/1392 881/1060/1393 876/1063/1394
f 876/1063/1394 881/1060/1393 875/1059/1395
s 118
f 875/1059/1389 874/1055/1388 876/1064/1396
s 117
f 877/1062/1392 876/1063/1394 883/1066/1397
f 883/1066/1397 876/1063/1394 882/1065/1398
f 878/1057/1385 877/1061/1392 884/1068/1399
f 884/1068/1399 877/1061/1392 883/1067/1397
f 878/1057/1385 884/1069/1399 879/1058/1387
f 879/1058/1387 884/1069/1399 885/1070/1400
f 874/1055/1386 879/1058/1387 886/1072/1401
f 886/1072/1401 879/1058/1387 885/1071/1400
s 118
f 876/1064/1396 874/1055/1388 882/1074/1402
f 882/1074/1402 874/1055/1388 886/1073/1403
s 119
f 888/1075/1404 892/1076/1405 887/1078/1406
f 887/1078/1406 892/1076/1405 891/1077/1407
s 120
f 889/1079/1408 893/1080/1409 888/1075/1410
f 888/1075/1410 893/1080/1409 892/1076/1411
s 121
f 890/1081/1412 894/1082/1413 889/1084/1414
f 889/1084/1414 894/1082/1413 893/1083/1415
s 122
f 887/1078/1416 891/1077/1417 890/1081/1418
f 890/1081/1418 891/1077/1417 894/1082/1419
s 123
f 892/1085/1420 896/1086/1421 891/1088/1422
f 891/1088/1422 896/1086/1421 895/1087/1423
f 893/1089/1424 897/1090/1425 892/1085/1420
f 892/1085/1420 897/1090/1425 896/1086/1421
f 894/1091/1426 898/1092/1427 893/1094/1424
f 893/1094/1424 898/1092/1427 897/1093/1425
f 891/1088/1422 895/1087/1423 894/1091/1426
f 894/1091/1426 895/1087/1423 898/1092/1427
s 126
f 896/1086/1428 900/1095/1429 895/1087/1430
f 895/1087/1430 900/1095/1429 899/1096/1431
s 127
f 897/1090/1432 901/1097/1433 896/1086/1434
f 896/1086/1434 901/1097/1433 900/1095/1435
s 128
f 898/1092/1436 902/1098/1437 897/1093/1438
f 897/1093/1438 902/1098/1437 901/1099/1439
s 129
f 895/1087/1440 899/1096/1441 898/1092/1442
f 898/1092/1442 899/1096/1441 902/1098/1443
s 130
f 900/1095/1444 888/1100/1445 899/1096/1446
f 899/1096/1446 888/1100/1445 887/1101/1447
f 901/1097/1448 889/1102/1449 900/1095/1444
f 900/1095/1444 889/1102/1449 888/1100/1445
f 902/1098/1450 890/1103/1451 901/1099/1448
f 901/1099/1448 890/1103/1451 889/1104/1449
f 899/1096/1446 887/1101/1447 902/1098/1450
f 902/1098/1450 887/1101/1447 890/1103/1451
s 133
f 904/1105/1452 903/1106/1453 908/1108/1454
f 908/1108/1454 903/1106/1453 907/1107/1455
s 134
f 905/1109/1456 904/1105/1457 909/1110/1458
f 909/1110/1458 904/1105/1457 908/1108/1459
s 135
f 906/1111/1460 905/1112/1461 910/1114/1462
f 910/1114/1462 905/1112/1461 909/1113/1463
s 136
f 903/1106/1464 906/1111/1465 907/1107/1466
f 907/1107/1466 906/1111/1465 910/1114/1467
s 137
f 908/1115/1468 907/1116/1469 912/1118/1470
f 912/1118/1470 907/1116/1469 911/1117/1471
f 909/1119/1472 908/1115/1468 913/1120/1473
f 913/1120/1473 908/1115/1468 912/1118/1470
f 910/1121/1474 909/1122/1472 914/1124/1475
f 914/1124/1475 909/1122/1472 913/1123/1473
f 907/1116/1469 910/1121/1474 911/1117/1471
f 911/1117/1471 910/1121/1474 914/1124/1475
s 138
f 912/1118/1476 911/1117/1477 916/1126/1478
f 916/1126/1478 911/1117/1477 915/1125/1479
s 139
f 913/1120/1480 912/1118/1481 917/1127/1482
f 917/1127/1482 912/1118/1481 916/1126/1483
s 140
f 914/1124/1484 913/1123/1485 918/1129/1486
f 918/1129/1486 913/1123/1485 917/1128/1487
s 141
f 911/1117/1488 914/1124/1489 915/1125/1490
f 915/1125/1490 914/1124/1489 918/1129/1491
s 142
f 916/1126/1492 915/1125/1493 904/1131/1494
f 904/1131/1494 915/1125/1493 903/1130/1495
f 917/1127/1496 916/1126/1492 905/1132/1497
f 905/1132/1497 916/1126/1492 904/1131/1494
f 918/1129/1498 917/1128/1496 906/1134/1499
f 906/1134/1499 917/1128/1496 905/1133/1497
f 915/1125/1493 918/1129/1498 903/1130/1495
f 903/1130/1495 918/1129/1498 906/1134/1499
s 143
f 933/1135/1500 919/1136/1501 940/1137/1502
f 933/1135/1500 921/1138/1503 919/1136/1501
f 941/1139/1504 922/1140/1505 933/1135/1500
f 933/1135/1500 922/1140/1505 921/1138/1503
f 944/1141/1506 924/1142/1507 934/1144/1508
f 934/1144/1508 924/1142/1507 923/1143/1509
s 146
f 926/1146/1510 925/1147/1511 936/1145/1512
f 936/1145/1512 925/1147/1511 935/1148/1513
f 937/1149/1514 927/1150/1515 936/1145/1512
f 936/1145/1512 927/1150/1515 926/1146/1510
f 938/1151/1516 928/1152/1517 937/1149/1514
f 937/1149/1514 928/1152/1517 927/1150/1515
f 929/1154/1518 928/1152/1517 942/1153/1519
f 942/1153/1519 928/1152/1517 938/1151/1516
f 920/1155/1520 930/1156/1521 939/1157/1522
s 143
f 934/1144/1508 923/1143/1509 941/1139/1504
f 941/1139/1504 923/1143/1509 922/1140/1505
s 146
f 931/1159/1523 929/1154/1518 945/1158/1524
f 945/1158/1524 929/1154/1518 942/1153/1519
s 143
f 925/1147/1525 932/1160/1526 935/1148/1527
f 935/1148/1527 932/1160/1526 943/1161/1528
f 943/1161/1528 932/1160/1526 944/1141/1506
f 944/1141/1506 932/1160/1526 924/1142/1507
s 146
f 930/1156/1521 931/1159/1523 939/1157/1522
f 939/1157/1522 931/1159/1523 945/1158/1524
s 151
f 963/1163/1529 957/1164/1530 955/1162/1531
f 955/1162/1531 957/1164/1530 962/1165/1532
f 951/1167/1533 952/1168/1534 954/1166/1535
f 954/1166/1535 952/1168/1534 953/1169/1536
f 958/1170/1537 961/1171/1538 956/1173/1539
f 956/1173/1539 961/1171/1538 959/1172/1540
f 949/1174/1541 958/1175/1537 919/1136/1542
f 957/1164/1530 956/1173/1539 962/1165/1532
f 962/1165/1532 956/1173/1539 959/1172/1540
f 946/1176/1543 963/1163/1529 920/1177/1544
f 920/1177/1544 963/1163/1529 955/1162/1531
f 962/1165/1532 959/1172/1540 965/1178/1545
f 965/1178/1545 959/1172/1540 964/1179/1546
f 961/1171/1538 971/1180/1547 959/1172/1540
f 959/1172/1540 971/1180/1547 964/1179/1546
f 955/1162/1531 962/1165/1532 975/1181/1548
f 975/1181/1548 962/1165/1532 965/1178/1545
f 966/1183/1549 967/1184/1550 972/1182/1551
f 972/1182/1551 967/1184/1550 954/1166/1535
f 967/1184/1550 968/1185/1552 954/1166/1535
f 954/1166/1535 968/1185/1552 951/1167/1533
f 969/1187/1553 970/1188/1554 973/1186/1555
f 973/1186/1555 970/1188/1554 974/1189/1556
f 951/1167/1533 968/1185/1552 973/1186/1555
f 973/1186/1555 968/1185/1552 969/1187/1553
f 950/1190/1557 961/1171/1538 960/1191/1558
f 950/1190/1557 974/1189/1556 961/1171/1538
f 974/1189/1556 970/1188/1554 961/1171/1538
f 970/1188/1554 971/1180/1547 961/1171/1538
f 975/1181/1548 965/1178/1545 972/1182/1551
f 972/1182/1551 965/1178/1545 966/1183/1549
f 960/1191/1558 961/1171/1538 949/1192/1541
f 949/1192/1541 961/1171/1538 958/1170/1537
s 157
f 963/1163/1559 946/1176/1560 947/1193/1561
s 151
f 949/1174/1541 919/1136/1542 921/1138/1562
f 960/1194/1563 949/1174/1541 922/1140/1564
f 922/1140/1564 949/1174/1541 921/1138/1562
f 974/1195/1565 950/1196/1566 924/1142/1567
f 924/1142/1567 950/1196/1566 923/1143/1568
f 951/1198/1569 925/1147/1570 952/1197/1571
f 952/1197/1571 925/1147/1570 926/1146/1572
f 953/1199/1573 952/1197/1571 927/1150/1574
f 927/1150/1574 952/1197/1571 926/1146/1572
f 954/1200/1535 953/1199/1573 928/1152/1575
f 928/1152/1575 953/1199/1573 927/1150/1574
f 954/1200/1535 928/1152/1575 972/1201/1551
f 972/1201/1551 928/1152/1575 929/1154/1576
f 920/1155/1544 955/1202/1531 930/1156/1577
f 950/1196/1566 960/1194/1563 923/1143/1568
f 923/1143/1568 960/1194/1563 922/1140/1564
s 157
f 957/1164/1578 963/1163/1559 948/1203/1579
f 948/1203/1579 963/1163/1559 947/1193/1561
s 160
f 965/1204/1580 964/1205/1581 977/1207/1582
f 977/1207/1582 964/1205/1581 976/1206/1583
f 966/1208/1584 965/1204/1580 978/1209/1585
f 978/1209/1585 965/1204/1580 977/1207/1582
f 967/1210/1586 966/1208/1584 979/1211/1587
f 979/1211/1587 966/1208/1584 978/1209/1585
f 968/1212/1588 967/1210/1586 980/1213/1589
f 980/1213/1589 967/1210/1586 979/1211/1587
f 969/1214/1590 968/1212/1588 981/1215/1591
f 981/1215/1591 968/1212/1588 980/1213/1589
f 970/1216/1592 969/1214/1590 982/1217/1593
f 982/1217/1593 969/1214/1590 981/1215/1591
f 971/1218/1594 970/1216/1592 983/1219/1595
f 983/1219/1595 970/1216/1592 982/1217/1593
s 151
f 972/1201/1551 929/1154/1576 975/1220/1548
f 975/1220/1548 929/1154/1576 931/1159/1596
f 973/1221/1597 932/1160/1598 951/1198/1599
f 951/1198/1599 932/1160/1598 925/1147/1600
f 973/1221/1597 974/1195/1565 932/1160/1598
f 932/1160/1598 974/1195/1565 924/1142/1567
f 975/1220/1548 931/1159/1596 955/1202/1531
f 955/1202/1531 931/1159/1596 930/1156/1577
s 160
f 971/1218/1594 983/1219/1595 964/1223/1581
f 964/1223/1581 983/1219/1595 976/1222/1583
s 162
f 1001/1225/1601 996/1226/1602 994/1224/1603
f 994/1224/1603 996/1226/1602 1002/1227/1604
f 992/1229/1605 991/1230/1606 993/1228/1607
f 993/1228/1607 991/1230/1606 990/1231/1608
f 997/1232/1609 995/1233/1610 1000/1235/1611
f 1000/1235/1611 995/1233/1610 998/1234/1612
f 998/1234/1612 995/1233/1610 1001/1225/1601
f 1001/1225/1601 995/1233/1610 996/1226/1602
f 985/1236/1613 984/1237/1614 1002/1227/1604
f 1002/1227/1604 984/1237/1614 994/1224/1603
f 1003/1239/1615 998/1234/1612 1004/1238/1616
f 1004/1238/1616 998/1234/1612 1001/1225/1601
f 1000/1235/1611 998/1234/1612 1010/1240/1617
f 1010/1240/1617 998/1234/1612 1003/1239/1615
f 994/1224/1603 1014/1241/1618 1001/1225/1601
f 1001/1225/1601 1014/1241/1618 1004/1238/1616
f 993/1228/1607 1006/1243/1619 1011/1242/1620
f 1011/1242/1620 1006/1243/1619 1005/1244/1621
f 990/1231/1608 1007/1245/1622 993/1228/1607
f 993/1228/1607 1007/1245/1622 1006/1243/1619
f 1013/1247/1623 1009/1248/1624 1012/1246/1625
f 1012/1246/1625 1009/1248/1624 1008/1249/1626
f 990/1231/1608 1012/1246/1625 1007/1245/1622
f 1007/1245/1622 1012/1246/1625 1008/1249/1626
f 989/1250/1627 999/1251/1628 1000/1235/1611
f 989/1250/1627 1000/1235/1611 1013/1247/1623
f 1013/1247/1623 1000/1235/1611 1009/1248/1624
f 1000/1235/1611 1010/1240/1617 1009/1248/1624
f 1014/1241/1618 1011/1242/1620 1004/1238/1616
f 1004/1238/1616 1011/1242/1620 1005/1244/1621
f 999/1251/1628 988/1252/1629 1000/1235/1611
f 1000/1235/1611 988/1252/1629 997/1232/1609
s 169
f 1002/1227/1630 986/1253/1631 985/1236/1632
f 996/1226/1633 987/1254/1634 1002/1227/1630
f 1002/1227/1630 987/1254/1634 986/1253/1631
s 170
f 1016/1256/1635 1021/1257/1636 1015/1255/1637
f 1015/1255/1637 1021/1257/1636 1020/1258/1638
s 171
f 1021/1257/1639 1016/1256/1640 1022/1260/1641
f 1022/1260/1641 1016/1256/1640 1017/1259/1642
f 1022/1260/1641 1017/1259/1642 1019/1262/1643
f 1019/1262/1643 1017/1259/1642 1018/1261/1644
s 172
f 1023/1263/1645 1024/1264/1646 1015/1255/1647
f 1015/1255/1647 1024/1264/1646 1016/1256/1648
s 173
f 1016/1256/1649 1024/1264/1650 1017/1259/1651
f 1017/1259/1651 1024/1264/1650 1025/1265/1652
s 174
f 1017/1259/1653 1025/1265/1654 1018/1261/1655
f 1018/1261/1655 1025/1265/1654 1026/1266/1656
s 175
f 1026/1267/1657 1027/1268/1658 1018/1261/1659
f 1018/1261/1659 1027/1268/1658 1019/1262/1660
s 176
f 1020/1258/1661 1028/1269/1662 1015/1255/1663
f 1015/1255/1663 1028/1269/1662 1023/1270/1664
g default
v -296.044834 -33.912735 -4.203733
v -298.429027 -24.122473 -6.448483
v -207.626321 -8.531612 -7.276802
v -206.237933 -18.335347 -4.341329
v -296.044834 -33.912735 4.203733
v -206.237933 -18.335347 4.341329
v -207.626321 -8.531612 7.276802
v -298.429027 -24.122473 6.448483
v -299.909931 -14.152856 -4.203733
v -209.014986 1.272256 -4.341329
v -299.909931 -14.152856 4.203733
v -209.014986 1.272256 4.341329
v -134.175927 0.048718 -7.276802
v -133.264732 -9.810853 -4.341329
v -133.264732 -9.810853 4.341329
v -134.175927 0.048718 7.276802
v -135.087399 9.908423 -4.341329
v -135.087399 9.908423 4.341329
v -55.292666 5.314087 -7.276802
v -54.891078 -4.579252 -4.341329
v -54.891078 -4.579252 4.341329
v -55.292666 5.314087 7.276802
v -55.694384 15.207427 -4.341329
v -55.694384 15.207427 4.341329
v 41.917235 -3.129347 3.920186
v 42.472188 6.251013 6.013502
v 41.917235 -3.129347 -3.920186
v 42.168391 15.645316 3.920186
v 42.168391 15.645316 -3.920186
v 42.472188 6.251013 -6.013502
vt 0.157930 0.077360
vt 0.324000 0.077360
vt 0.324000 0.317570
vt 0.157930 0.317570
vt 0.950360 0.077360
vt 0.950360 0.317570
vt 0.785010 0.317570
vt 0.785010 0.077360
vt 0.036240 0.077360
vt 0.036270 0.317570
vt 0.490110 0.077360
vt 0.490110 0.317570
vt 0.619110 0.077360
vt 0.619110 0.317570
vt 0.324000 0.515530
vt 0.157930 0.515530
vt 0.950360 0.515530
vt 0.785010 0.515530
vt 0.036300 0.515530
vt 0.490110 0.515530
vt 0.619110 0.515530
vt 0.324000 0.726750
vt 0.157930 0.726750
vt 0.950360 0.726750
vt 0.785010 0.726750
vt 0.036320 0.726750
vt 0.490110 0.726750
vt 0.619110 0.726750
vt 0.413120 0.054540
vt 0.247170 0.059040
vt 0.247170 0.033470
vt 0.413120 0.037970
vt 0.081220 0.054540
vt 0.081220 0.037970
vt 0.950360 0.986190
vt 0.785010 0.986190
vt 0.157930 0.986190
vt 0.036350 0.986190
vt 0.619110 0.986190
vt 0.490110 0.986190
vt 0.324000 0.986190
vt 0.554770 0.037470
vt 0.724530 0.032970
vt 0.724530 0.058540
vt 0.554770 0.054040
vt 0.894290 0.037470
vt 0.894290 0.054040
vn 0.028329 -0.216836 -0.975797
vn 0.028329 -0.216836 -0.975797
vn 0.028329 -0.216836 -0.975797
vn 0.037712 -0.281730 -0.958752
vn 0.037767 -0.248756 -0.967830
vn -0.007692 0.041220 -0.999121
vn 0.037767 -0.248756 0.967830
vn 0.040077 -0.281399 0.958754
vn 0.002081 -0.042439 0.999097
vn -0.008783 -0.001968 0.999959
vn 0.037767 -0.248756 0.967830
vn 0.002081 -0.042439 0.999097
vn 0.170899 -0.985289 0.000000
vn 0.170899 -0.985289 0.000000
vn 0.152667 -0.988278 0.000000
vn 0.134362 -0.990932 0.000000
vn 0.170899 -0.985289 0.000000
vn 0.152667 -0.988278 0.000000
vn -0.047261 0.246709 -0.967937
vn -0.040990 0.281264 -0.958755
vn -0.007692 0.041220 -0.999121
vn -0.008783 -0.001968 -0.999959
vn -0.047261 0.246709 -0.967937
vn -0.007692 0.041220 -0.999121
vn -0.167307 0.985905 0.000000
vn -0.167307 0.985905 0.000000
vn -0.150260 0.988647 0.000000
vn -0.133159 0.991095 0.000000
vn -0.167307 0.985905 0.000000
vn -0.150260 0.988647 0.000000
vn -0.047261 0.246709 0.967937
vn -0.008783 -0.001968 0.999959
vn 0.002081 -0.042439 0.999097
vn -0.038323 0.281641 0.958754
vn -0.047261 0.246709 0.967937
vn 0.002081 -0.042439 0.999097
vn 0.037712 -0.281730 -0.958752
vn -0.007692 0.041220 -0.999121
vn 0.002444 0.000220 -0.999997
vn 0.023625 -0.283271 -0.958749
vn 0.037712 -0.281730 -0.958752
vn 0.002444 0.000220 -0.999997
vn 0.002081 -0.042439 0.999097
vn 0.040077 -0.281399 0.958754
vn 0.028302 -0.282837 0.958750
vn -0.002444 -0.000230 0.999997
vn 0.002081 -0.042439 0.999097
vn 0.028302 -0.282837 0.958750
vn 0.134362 -0.990932 0.000000
vn 0.152667 -0.988278 0.000000
vn 0.099581 -0.995029 0.000000
vn 0.083104 -0.996541 0.000000
vn 0.134362 -0.990932 0.000000
vn 0.099581 -0.995029 0.000000
vn -0.007692 0.041220 -0.999121
vn -0.040990 0.281264 -0.958755
vn -0.028303 0.282828 -0.958753
vn 0.002444 0.000220 -0.999997
vn -0.007692 0.041220 -0.999121
vn -0.028303 0.282828 -0.958753
vn -0.133159 0.991095 0.000000
vn -0.150260 0.988647 0.000000
vn -0.099581 0.995029 0.000000
vn -0.083094 0.996542 0.000000
vn -0.133159 0.991095 0.000000
vn -0.099581 0.995029 0.000000
vn -0.038323 0.281641 0.958754
vn 0.002081 -0.042439 0.999097
vn -0.002444 -0.000230 0.999997
vn -0.023625 0.283261 0.958752
vn -0.038323 0.281641 0.958754
vn -0.002444 -0.000230 0.999997
vn 0.023625 -0.283271 -0.958749
vn 0.002444 0.000220 -0.999997
vn 0.008208 -0.042079 -0.999081
vn 0.013683 -0.283920 -0.958750
vn 0.023625 -0.283271 -0.958749
vn 0.008208 -0.042079 -0.999081
vn -0.002444 -0.000230 0.999997
vn 0.028302 -0.282837 0.958750
vn 0.015434 -0.283837 0.958748
vn 0.002602 0.041963 0.999116
vn -0.002444 -0.000230 0.999997
vn 0.015434 -0.283837 0.958748
vn 0.083104 -0.996541 0.000000
vn 0.099581 -0.995029 0.000000
vn 0.049413 -0.998778 0.000000
vn 0.032199 -0.999481 0.000000
vn 0.083104 -0.996541 0.000000
vn 0.049413 -0.998778 0.000000
vn 0.002444 0.000220 -0.999997
vn -0.028303 0.282828 -0.958753
vn -0.011671 0.283998 -0.958754
vn 0.008208 -0.042079 -0.999081
vn 0.002444 0.000220 -0.999997
vn -0.011671 0.283998 -0.958754
vn -0.083094 0.996542 0.000000
vn -0.099581 0.995029 0.000000
vn -0.035552 0.999368 0.000000
vn -0.035552 0.999368 0.000000
vn -0.083094 0.996542 0.000000
vn -0.035552 0.999368 0.000000
vn -0.023625 0.283261 0.958752
vn -0.002444 -0.000230 0.999997
vn 0.002602 0.041963 0.999116
vn -0.008038 0.284147 0.958747
vn -0.023625 0.283261 0.958752
vn 0.002602 0.041963 0.999116
vn -0.971605 -0.236608 0.000000
vn -0.984213 -0.176986 0.000000
vn -0.978361 -0.206906 0.000000
vn -0.971605 -0.236608 0.000000
vn -0.971605 -0.236608 0.000000
vn -0.978361 -0.206906 0.000000
vn -0.984213 -0.176986 0.000000
vn -0.989147 -0.146932 0.000000
vn -0.989147 -0.146932 0.000000
vn -0.978361 -0.206906 0.000000
vn -0.984213 -0.176986 0.000000
vn -0.989147 -0.146932 0.000000
vn 0.011569 -0.251512 0.967785
vn 0.012925 -0.000410 0.999916
vn 0.002602 0.041963 0.999116
vn 0.015434 -0.283837 0.958748
vn 0.011569 -0.251512 0.967785
vn 0.002602 0.041963 0.999116
vn 0.014970 -0.999888 0.000000
vn 0.014970 -0.999888 0.000000
vn 0.032199 -0.999481 0.000000
vn 0.049413 -0.998778 0.000000
vn 0.014970 -0.999888 0.000000
vn 0.032199 -0.999481 0.000000
vn 0.006691 0.251334 0.967877
vn -0.008038 0.284147 0.958747
vn 0.002602 0.041963 0.999116
vn 0.012925 -0.000410 0.999916
vn 0.006691 0.251334 0.967877
vn 0.002602 0.041963 0.999116
vn -0.004477 0.999990 0.000000
vn -0.035552 0.999368 0.000000
vn -0.035552 0.999368 0.000000
vn -0.004477 0.999990 0.000000
vn -0.004477 0.999990 0.000000
vn -0.035552 0.999368 0.000000
vn 0.006691 0.251334 -0.967877
vn 0.012925 -0.000410 -0.999916
vn 0.008208 -0.042079 -0.999081
vn -0.011671 0.283998 -0.958754
vn 0.006691 0.251334 -0.967877
vn 0.008208 -0.042079 -0.999081
vn 0.011569 -0.251512 -0.967785
vn 0.013683 -0.283920 -0.958750
vn 0.008208 -0.042079 -0.999081
vn 0.012925 -0.000410 -0.999916
vn 0.011569 -0.251512 -0.967785
vn 0.008208 -0.042079 -0.999081
vn 0.999478 0.032319 0.000000
vn 0.999590 -0.028621 0.000000
vn 0.999998 0.001867 0.000000
vn 0.999478 0.032319 0.000000
vn 0.999478 0.032319 0.000000
vn 0.999998 0.001867 0.000000
vn 0.999590 -0.028621 0.000000
vn 0.998254 -0.059063 0.000000
vn 0.998254 -0.059063 0.000000
vn 0.999998 0.001867 0.000000
vn 0.999590 -0.028621 0.000000
vn 0.998254 -0.059063 0.000000
s off
g effect
f 1059/1271/1665 1060/1272/1666 1061/1273/1667
f 1062/1274/1668 1059/1271/1669 1061/1273/1670
f 1063/1275/1671 1064/1276/1672 1065/1277/1673
f 1066/1278/1674 1063/1275/1675 1065/1277/1676
f 1063/1279/1677 1059/1271/1678 1062/1274/1679
f 1064/1280/1680 1063/1279/1681 1062/1274/1682
f 1067/1281/1683 1068/1282/1684 1061/1273/1685
f 1060/1272/1686 1067/1281/1687 1061/1273/1688
f 1067/1281/1689 1069/1283/1690 1070/1284/1691
f 1068/1282/1692 1067/1281/1693 1070/1284/1694
f 1069/1283/1695 1066/1278/1696 1065/1277/1697
f 1070/1284/1698 1069/1283/1699 1065/1277/1700
f 1062/1274/1701 1061/1273/1702 1071/1285/1703
f 1072/1286/1704 1062/1274/1705 1071/1285/1706
f 1065/1277/1707 1064/1276/1708 1073/1287/1709
f 1074/1288/1710 1065/1277/1711 1073/1287/1712
f 1064/1280/1713 1062/1274/1714 1072/1286/1715
f 1073/1289/1716 1064/1280/1717 1072/1286/1718
f 1061/1273/1719 1068/1282/1720 1075/1290/1721
f 1071/1285/1722 1061/1273/1723 1075/1290/1724
f 1068/1282/1725 1070/1284/1726 1076/1291/1727
f 1075/1290/1728 1068/1282/1729 1076/1291/1730
f 1070/1284/1731 1065/1277/1732 1074/1288/1733
f 1076/1291/1734 1070/1284/1735 1074/1288/1736
f 1072/1286/1737 1071/1285/1738 1077/1292/1739
f 1078/1293/1740 1072/1286/1741 1077/1292/1742
f 1074/1288/1743 1073/1287/1744 1079/1294/1745
f 1080/1295/1746 1074/1288/1747 1079/1294/1748
f 1073/1289/1749 1072/1286/1750 1078/1293/1751
f 1079/1296/1752 1073/1289/1753 1078/1293/1754
f 1071/1285/1755 1075/1290/1756 1081/1297/1757
f 1077/1292/1758 1071/1285/1759 1081/1297/1760
f 1075/1290/1761 1076/1291/1762 1082/1298/1763
f 1081/1297/1764 1075/1290/1765 1082/1298/1766
f 1076/1291/1767 1074/1288/1768 1080/1295/1769
f 1082/1298/1770 1076/1291/1771 1080/1295/1772
f 1063/1299/1773 1066/1300/1774 1060/1301/1775
f 1059/1302/1776 1063/1299/1777 1060/1301/1778
f 1066/1300/1779 1069/1303/1780 1067/1304/1781
f 1060/1301/1782 1066/1300/1783 1067/1304/1784
f 1083/1305/1785 1084/1306/1786 1080/1295/1787
f 1079/1294/1788 1083/1305/1789 1080/1295/1790
f 1085/1307/1791 1083/1308/1792 1079/1296/1793
f 1078/1293/1794 1085/1307/1795 1079/1296/1796
f 1086/1309/1797 1082/1298/1798 1080/1295/1799
f 1084/1306/1800 1086/1309/1801 1080/1295/1802
f 1087/1310/1803 1081/1297/1804 1082/1298/1805
f 1086/1309/1806 1087/1310/1807 1082/1298/1808
f 1087/1310/1809 1088/1311/1810 1077/1292/1811
f 1081/1297/1812 1087/1310/1813 1077/1292/1814
f 1085/1307/1815 1078/1293/1816 1077/1292/1817
f 1088/1311/1818 1085/1307/1819 1077/1292/1820
f 1086/1312/1821 1084/1313/1822 1088/1314/1823
f 1087/1315/1824 1086/1312/1825 1088/1314/1826
f 1084/1313/1827 1083/1316/1828 1085/1317/1829
f 1088/1314/1830 1084/1313/1831 1085/1317/1832
g default
v -83.028633 10.455794 0.000010
v -38.654918 11.922217 0.000010
v -42.607794 -3.187849 1.416102
v -82.961341 -4.331485 1.416102
v -40.631357 4.367194 2.292025
v -82.994998 3.062154 2.292025
v -42.607794 -3.187849 0.000010
v -82.961341 -4.331485 0.000010
v -43.006903 -8.726424 2.649408
v -33.587526 25.368119 5.558091
v -32.848122 26.159610 2.649428
v -30.358513 24.050702 2.649431
v -33.266787 -3.079098 6.006589
v -41.403093 -9.405616 2.649425
v -36.692387 0.377906 9.801663
v -32.284639 23.760504 5.680608
v -32.848122 26.159610 0.000007
v -30.358513 24.050702 0.000007
v -33.266787 -3.079098 0.000007
v -41.403093 -9.405616 0.000007
v -43.006903 -8.726424 0.000007
v -34.407307 10.308469 0.000007
v -34.290179 8.470135 2.788850
v -34.007401 4.031999 3.944029
v -33.724685 -0.406141 2.788850
v -33.607558 -2.244465 0.000007
v -30.176505 -2.040919 0.000007
v -29.314803 -0.149931 2.788850
v -27.197137 4.407556 3.944029
v -25.026375 8.953624 2.788850
v -24.111726 10.833203 0.000007
v 35.485044 -2.149487 0.000007
v 35.852494 -0.313508 2.788850
v 36.739741 4.119020 3.944029
v 37.627010 8.551539 2.788850
v 37.994479 10.387540 0.000000
v 30.926987 4.219089 3.944022
v 29.899501 -0.211021 2.788844
v 29.473939 -2.046022 0.000000
v 32.380077 10.484187 0.000000
v 31.954536 8.649187 2.788844
v 25.114254 4.319154 3.944022
v 23.946509 -0.108539 2.788844
v 23.462875 -1.942539 0.000000
v 26.765674 10.580855 0.000000
v 26.282041 8.746844 2.788844
v 19.301542 4.419220 3.944022
v 17.993517 -0.006057 2.788844
v 17.451770 -1.839070 0.000000
v 21.151232 10.677489 0.000000
v 20.609525 8.844495 2.788844
v 13.488789 4.519279 3.944022
v 12.040546 0.096421 2.788844
v 11.440685 -1.735588 0.000000
v 15.536872 10.774139 0.000000
v 14.937052 8.942138 2.788844
v 7.676035 4.619348 3.944022
v 6.087575 0.198899 2.788844
v 5.429640 -1.632088 0.000000
v 9.922471 10.870786 0.000000
v 9.264537 9.039778 2.788844
v 1.863260 4.719410 3.944022
v 0.134562 0.301384 2.788844
v -0.581422 -1.528620 0.000000
v 4.308047 10.967442 0.000000
v 3.592020 9.137450 2.788844
v -3.949529 4.813296 3.944022
v -5.773979 0.383143 2.788844
v -6.517997 -1.454315 0.000000
v -1.306314 11.064113 0.000000
v -2.085272 9.234953 2.788844
v -9.763062 4.838722 3.944022
v -11.661503 0.381450 2.788844
v -12.435247 -1.467445 0.000000
v -7.004663 11.126441 0.000000
v -7.821473 9.286791 2.788844
v -15.576249 4.779573 3.944022
v -17.548365 0.292011 2.788844
v -18.351636 -1.569614 0.000000
v -12.708193 11.108838 0.000000
v -13.557788 9.257169 2.788844
v -21.388056 4.635836 3.944022
v -23.433262 0.114878 2.788844
v -24.265838 -1.760778 0.000000
v -18.410941 11.011095 0.000000
v -19.293162 9.146112 2.788844
v -24.293019 4.532261 5.044032
v -26.345773 -0.645605 3.683733
v -27.169608 -2.988517 0.000000
v -21.296003 12.031645 0.000000
v -22.181587 9.699378 3.683733
v -18.482396 4.718272 5.044032
v -20.471913 -0.424987 3.683733
v -21.273535 -2.753509 0.000000
v -15.578573 12.169844 0.000000
v -16.438084 9.851385 3.683733
v -12.669742 4.819736 5.044032
v -14.595403 -0.291913 3.683733
v -15.374681 -2.607259 0.000000
v -9.859837 12.227669 0.000000
v -10.692978 9.921835 3.683733
v -6.856213 4.836597 5.044032
v -8.717569 -0.246425 3.683733
v -9.474185 -2.549763 0.000000
v -4.140875 12.205144 0.000000
v -4.947450 9.910707 3.683733
v -1.043055 4.769459 5.044032
v -2.839696 -0.288524 3.683733
v -3.573626 -2.581060 0.000000
v 1.519785 12.115635 0.000000
v 0.766798 9.825864 3.683733
v 4.769678 4.669389 5.044032
v 3.100085 -0.389449 3.683733
v 2.405149 -2.680217 0.000000
v 7.134207 12.018989 0.000000
v 6.439293 9.728212 3.683733
v 10.582411 4.569324 5.044032
v 9.053077 -0.491925 3.683733
v 8.416233 -2.783688 0.000000
v 12.748589 11.922330 0.000000
v 12.111808 9.630572 3.683733
v 16.395166 4.469239 5.044032
v 15.006048 -0.594403 3.683733
v 14.427318 -2.887170 0.000000
v 18.363033 11.825676 0.000000
v 17.784324 9.532911 3.683733
v 22.207898 4.369190 5.044032
v 20.959040 -0.696880 3.683733
v 20.438404 -2.990662 0.000000
v 23.977413 11.729027 0.000000
v 23.456798 9.435257 3.683733
v 28.020610 4.269113 5.044032
v 26.912011 -0.799368 3.683733
v 26.449488 -3.094133 0.000000
v 29.591815 11.632380 0.000000
v 29.129272 9.337603 3.683733
v 33.833385 4.169056 5.044032
v 32.864982 -0.901852 3.683733
v 32.460553 -3.197616 0.000000
v 35.206175 11.535719 0.000000
v 34.801788 9.239953 3.683733
v -34.290179 8.470135 -2.788844
v -34.007401 4.032004 -3.944022
v -33.724686 -0.406136 -2.788844
v -29.314804 -0.149925 -2.788844
v -27.197137 4.407556 -3.944022
v -25.026375 8.953624 -2.788844
v 35.852472 -0.313499 -2.788844
v 36.739741 4.119020 -3.944022
v 37.627010 8.551539 -2.788844
v 30.926987 4.219089 -3.944022
v 29.899501 -0.211021 -2.788844
v 31.954536 8.649187 -2.788844
v 25.114254 4.319154 -3.944022
v 23.946509 -0.108539 -2.788844
v 26.282041 8.746844 -2.788844
v 19.301542 4.419220 -3.944022
v 17.993517 -0.006057 -2.788844
v 20.609525 8.844495 -2.788844
v 13.488789 4.519279 -3.944022
v 12.040546 0.096421 -2.788844
v 14.937052 8.942138 -2.788844
v 7.676035 4.619348 -3.944022
v 6.087575 0.198899 -2.788844
v 9.264537 9.039778 -2.788844
v 1.863260 4.719410 -3.944022
v 0.134562 0.301384 -2.788844
v 3.592020 9.137450 -2.788844
v -3.949529 4.813296 -3.944022
v -5.773979 0.383143 -2.788844
v -2.085272 9.234953 -2.788844
v -9.763062 4.838722 -3.944022
v -11.661503 0.381450 -2.788844
v -7.821473 9.286791 -2.788844
v -15.576249 4.779573 -3.944022
v -17.548365 0.292011 -2.788844
v -13.557788 9.257169 -2.788844
v -21.388056 4.635836 -3.944022
v -23.433262 0.114878 -2.788844
v -19.293162 9.146112 -2.788844
v -24.293019 4.532261 -5.044032
v -26.345773 -0.645605 -3.683733
v -22.181587 9.699378 -3.683733
v -18.482396 4.718272 -5.044032
v -20.471913 -0.424987 -3.683733
v -16.438084 9.851385 -3.683733
v -12.669742 4.819736 -5.044032
v -14.595403 -0.291913 -3.683733
v -10.692978 9.921835 -3.683733
v -6.856213 4.836597 -5.044032
v -8.717569 -0.246425 -3.683733
v -4.947450 9.910707 -3.683733
v -1.043055 4.769459 -5.044032
v -2.839696 -0.288524 -3.683733
v 0.766798 9.825864 -3.683733
v 4.769678 4.669389 -5.044032
v 3.100085 -0.389449 -3.683733
v 6.439293 9.728212 -3.683733
v 10.582411 4.569324 -5.044032
v 9.053077 -0.491925 -3.683733
v 12.111808 9.630572 -3.683733
v 16.395166 4.469239 -5.044032
v 15.006048 -0.594403 -3.683733
v 17.784324 9.532911 -3.683733
v 22.207898 4.369190 -5.044032
v 20.959040 -0.696880 -3.683733
v 23.456798 9.435257 -3.683733
v 28.020610 4.269113 -5.044032
v 26.912011 -0.799368 -3.683733
v 29.129272 9.337603 -3.683733
v 33.833385 4.169056 -5.044032
v 32.864982 -0.901852 -3.683733
v 34.801788 9.239953 -3.683733
v -40.927529 13.625918 -0.725565
v -44.353855 4.266863 -3.085872
v -55.463091 -2.638283 -2.193931
v -55.824025 -4.734571 -2.193931
v -40.200585 -3.657606 -2.193931
v -35.268144 13.951018 -0.725565
v -38.018348 4.433427 -3.085872
v -39.661335 -1.700684 -2.193931
v -40.927529 13.625918 0.000000
v -44.353855 4.266863 0.000000
v -55.463091 -2.638283 0.000000
v -55.824025 -4.734571 0.000000
v -41.534913 -3.692682 0.000000
v -35.274494 14.038112 0.000000
v 48.808096 2.106333 3.938057
v 56.419401 4.131425 3.938057
v 56.419401 4.131425 -3.938057
v 48.808096 2.106333 -3.938057
v 48.223237 4.304438 3.938057
v 55.834573 6.329532 3.938057
v 55.834573 6.329532 -3.938057
v 48.223237 4.304438 -3.938057
v 46.885633 3.948542 5.322223
v 57.172209 6.685420 5.322223
v 57.172209 6.685420 -5.322223
v 46.885633 3.948542 -5.322223
v 47.470450 1.750439 5.322223
v 57.757058 4.487314 5.322223
v 57.757058 4.487314 -5.322223
v 47.470450 1.750439 -5.322223
v -42.607794 -3.187844 -1.416093
v -82.961341 -4.331480 -1.416093
v -40.631357 4.367194 -2.292015
v -82.994998 3.062154 -2.292015
v -43.006903 -8.726424 -2.649398
v -33.587526 25.368119 -5.558084
v -32.848122 26.159610 -2.649422
v -30.358513 24.050702 -2.649424
v -33.266787 -3.079093 -6.006583
v -41.403093 -9.405616 -2.649418
v -36.692387 0.377911 -9.801656
v -32.284639 23.760504 -5.680602
v 61.096992 0.013138 -3.132077
v 66.288726 5.625949 -5.022983
v 60.765020 11.121852 -3.875532
v 55.573254 5.509049 -1.984627
v 60.479807 -0.151405 -5.315116
v 65.671531 5.461400 -7.206024
v 60.147783 10.957300 -6.058573
v 54.956059 5.344494 -4.167665
v 60.538155 -2.103680 -5.184454
v 67.554692 5.481934 -7.739986
v 60.089467 12.909572 -6.189225
v 53.072910 5.323946 -3.633692
v 61.155339 -1.939132 -3.001413
v 68.171918 5.646496 -5.556948
v 60.706673 13.074117 -4.006186
v 53.690115 5.488496 -1.450652
v 61.096992 0.013138 3.132077
v 66.288726 5.625949 5.022983
v 60.765020 11.121852 3.875532
v 55.573254 5.509049 1.984627
v 60.479807 -0.151405 5.315116
v 65.671531 5.461400 7.206024
v 60.147783 10.957300 6.058573
v 54.956059 5.344494 4.167665
v 60.538155 -2.103680 5.184454
v 67.554692 5.481934 7.739986
v 60.089467 12.909572 6.189225
v 53.072910 5.323946 3.633692
v 61.155339 -1.939132 3.001413
v 68.171918 5.646496 5.556948
v 60.706673 13.074117 4.006186
v 53.690115 5.488496 1.450652
v 37.992130 10.434211 0.000000
v 38.436948 -3.504783 0.000000
v 41.004324 13.235198 0.000000
v 42.316873 13.176732 0.000000
v 46.761019 12.978790 0.000000
v 49.203164 9.402982 0.000000
v 56.551486 -1.356501 0.000000
v 53.387087 -4.733728 0.000000
v 50.972608 -4.717151 0.000000
v 49.141732 -2.277825 0.000000
v 45.438698 -2.299883 0.000000
v 39.685228 -2.334157 0.000000
v 42.841887 -2.315356 0.000000
v 51.451762 6.105845 0.000000
v 41.004324 13.235198 2.094756
v 46.761019 12.978790 3.488490
v 56.551486 -1.356501 1.544412
v 53.387087 -4.733728 1.444423
v 50.972608 -4.717151 1.444424
v 49.141732 -2.277825 2.555050
v 39.685228 -2.334157 1.500490
v 37.627010 8.551539 2.788844
v 42.316873 13.176732 2.788844
v 45.438698 -2.299883 2.202273
v 51.451762 6.105845 3.488481
v 49.203164 9.402982 3.488484
v 42.841887 -2.315356 1.885527
v 35.183757 -3.397752 0.000000
v 35.543559 -1.738316 0.000000
v 35.852429 -0.313492 0.000000
v 41.004324 13.235198 -2.094756
v 46.761019 12.978790 -3.488490
v 56.551486 -1.356501 -1.544412
v 53.387087 -4.733728 -1.444423
v 50.972608 -4.717151 -1.444424
v 49.141732 -2.277825 -2.555050
v 39.685228 -2.334157 -1.500490
v 36.739720 4.119018 -3.944022
v 35.852429 -0.313492 -2.788844
v 37.627010 8.551539 -2.788844
v 40.521962 3.483872 -3.944022
v 42.316873 13.176732 -2.788844
v 41.305111 7.713005 -2.788844
v 39.880686 -0.975163 -2.788844
v 35.543559 -1.738316 -1.500490
v 43.256217 3.067837 -3.944022
v 43.762748 0.954166 -3.944022
v 45.615505 -0.182254 -3.944022
v 47.729161 0.324261 -3.944022
v 48.865581 2.177018 -3.944022
v 48.359061 4.290684 -3.944022
v 46.506324 5.427116 -3.944022
v 44.392637 4.920594 -3.944022
v 45.438698 -2.299883 -2.202273
v 51.451762 6.105845 -3.488481
v 49.203164 9.402982 -3.488484
v 42.841887 -2.315356 -1.885527
v 43.256217 3.067837 3.944022
v 43.762748 0.954166 3.944022
v 45.615505 -0.182254 3.944022
v 47.729161 0.324261 3.944022
v 48.865581 2.177018 3.944022
v 48.359061 4.290684 3.944022
v 46.506324 5.427116 3.944022
v 44.392637 4.920594 3.944022
v 36.739720 4.119018 3.944022
v 35.852429 -0.313492 2.788844
v 40.521962 3.483872 3.944022
v 41.305111 7.713005 2.788844
v 39.880686 -0.975163 2.788844
v 35.543559 -1.738316 1.500490
v -40.927529 13.625918 0.725565
v -44.353855 4.266863 3.085872
v -55.463091 -2.638283 2.193931
v -55.824025 -4.734571 2.193931
v -40.200585 -3.657606 2.193931
v -35.268144 13.951018 0.725565
v -38.018348 4.433427 3.085872
v -39.661335 -1.700684 2.193931
v -83.028633 10.455794 0.000003
v -82.994998 3.062154 0.000026
v -82.961341 -4.331480 0.000017
v -82.994998 3.062154 -0.000020
v -82.961341 -4.331480 -0.000011
vt 0.064977 0.184505
vt 0.041235 0.181517
vt 0.076994 0.032149
vt 0.052776 0.023697
vt 0.092524 0.187425
vt 0.104345 0.042464
vt 0.109597 0.042874
vt 0.097779 0.187794
vt 0.389918 0.658227
vt 0.316858 0.615660
vt 0.336134 0.583449
vt 0.392197 0.644859
vt 0.161409 0.659322
vt 0.166506 0.646114
vt 0.153559 0.623582
vt 0.146469 0.630637
vt 0.138276 0.649889
vt 0.155738 0.678624
vt 0.122969 0.643468
vt 0.131563 0.623567
vt 0.147806 0.606946
vt 0.322588 0.545740
vt 0.373548 0.568899
vt 0.407288 0.636530
vt 0.408846 0.651908
vt 0.405763 0.662338
vt 0.391226 0.674173
vt 0.157610 0.694027
vt 0.257255 0.478602
vt 0.274986 0.485485
vt 0.277404 0.505862
vt 0.257359 0.505934
vt 0.226905 0.464266
vt 0.226905 0.506284
vt 0.196456 0.448885
vt 0.197910 0.507086
vt 0.182068 0.443264
vt 0.180846 0.507794
vt 0.257836 0.458255
vt 0.273326 0.463649
vt 0.226905 0.443952
vt 0.196183 0.429621
vt 0.181139 0.424233
vt 0.257851 0.064398
vt 0.226905 0.058525
vt 0.226905 0.038282
vt 0.257964 0.043850
vt 0.280254 0.066749
vt 0.284545 0.045685
vt 0.196150 0.052529
vt 0.173784 0.049616
vt 0.170074 0.029702
vt 0.196181 0.032957
vt 0.257935 0.105719
vt 0.226905 0.099008
vt 0.226905 0.078761
vt 0.258101 0.085036
vt 0.280309 0.108510
vt 0.284593 0.087631
vt 0.195914 0.092239
vt 0.173419 0.089352
vt 0.169212 0.069455
vt 0.195770 0.072361
vt 0.258000 0.147142
vt 0.226905 0.139565
vt 0.226905 0.119276
vt 0.258157 0.126419
vt 0.280403 0.150299
vt 0.284665 0.129380
vt 0.195881 0.132004
vt 0.173459 0.128830
vt 0.169183 0.109123
vt 0.195682 0.112133
vt 0.258066 0.188592
vt 0.226905 0.180165
vt 0.226905 0.159857
vt 0.258200 0.167858
vt 0.280498 0.192112
vt 0.284721 0.171186
vt 0.195867 0.171732
vt 0.173473 0.168200
vt 0.169244 0.148521
vt 0.195695 0.151874
vt 0.258149 0.230103
vt 0.226905 0.220780
vt 0.226905 0.200466
vt 0.258255 0.209342
vt 0.280642 0.233990
vt 0.284824 0.213018
vt 0.195846 0.211448
vt 0.173460 0.207535
vt 0.169276 0.187864
vt 0.195701 0.191600
vt 0.258222 0.271698
vt 0.226905 0.261399
vt 0.226905 0.241083
vt 0.258324 0.250883
vt 0.280796 0.276013
vt 0.284964 0.254962
vt 0.195834 0.251129
vt 0.173461 0.246847
vt 0.169295 0.227197
vt 0.195693 0.231302
vt 0.258247 0.313147
vt 0.226905 0.302015
vt 0.226905 0.281701
vt 0.258345 0.292462
vt 0.280945 0.317736
vt 0.285074 0.296902
vt 0.195721 0.290751
vt 0.173446 0.285998
vt 0.169340 0.266440
vt 0.195667 0.270942
vt 0.258358 0.354596
vt 0.226905 0.342620
vt 0.226905 0.322312
vt 0.258401 0.333848
vt 0.281172 0.359607
vt 0.285265 0.338615
vt 0.195604 0.330646
vt 0.173267 0.325543
vt 0.169266 0.305728
vt 0.195557 0.310693
vt 0.258375 0.396179
vt 0.226905 0.383193
vt 0.226905 0.362903
vt 0.258470 0.375381
vt 0.281241 0.401759
vt 0.285447 0.380636
vt 0.195733 0.370492
vt 0.173365 0.365234
vt 0.169164 0.345417
vt 0.195528 0.350580
vt 0.258072 0.437694
vt 0.226905 0.423710
vt 0.226905 0.403445
vt 0.258360 0.416952
vt 0.280671 0.443878
vt 0.285203 0.422920
vt 0.196073 0.410102
vt 0.173909 0.404721
vt 0.169549 0.385033
vt 0.195759 0.390347
vt 0.226905 0.020217
vt 0.257562 0.025929
vt 0.279821 0.026901
vt 0.175247 0.012543
vt 0.196727 0.016144
vt 0.257255 0.478602
vt 0.274986 0.485485
vt 0.277404 0.505862
vt 0.257359 0.505934
vt 0.226905 0.464266
vt 0.226905 0.506284
vt 0.196456 0.448885
vt 0.197910 0.507086
vt 0.182068 0.443264
vt 0.180846 0.507794
vt 0.257836 0.458255
vt 0.273326 0.463649
vt 0.226905 0.443952
vt 0.196183 0.429621
vt 0.181139 0.424233
vt 0.257851 0.064398
vt 0.226905 0.058525
vt 0.226905 0.038282
vt 0.257964 0.043850
vt 0.280254 0.066749
vt 0.284545 0.045685
vt 0.196150 0.052529
vt 0.173784 0.049616
vt 0.170074 0.029702
vt 0.196181 0.032957
vt 0.257935 0.105719
vt 0.226905 0.099008
vt 0.226905 0.078761
vt 0.258101 0.085036
vt 0.280309 0.108510
vt 0.284593 0.087631
vt 0.195914 0.092239
vt 0.173419 0.089352
vt 0.169212 0.069455
vt 0.195770 0.072361
vt 0.258000 0.147142
vt 0.226905 0.139565
vt 0.226905 0.119276
vt 0.258157 0.126419
vt 0.280403 0.150299
vt 0.284665 0.129380
vt 0.195881 0.132004
vt 0.173459 0.128830
vt 0.169183 0.109123
vt 0.195682 0.112133
vt 0.258066 0.188592
vt 0.226905 0.180165
vt 0.226905 0.159857
vt 0.258200 0.167858
vt 0.280498 0.192112
vt 0.284721 0.171186
vt 0.195867 0.171732
vt 0.173473 0.168200
vt 0.169244 0.148521
vt 0.195695 0.151874
vt 0.258149 0.230103
vt 0.226905 0.220780
vt 0.226905 0.200466
vt 0.258255 0.209342
vt 0.280642 0.233990
vt 0.284824 0.213018
vt 0.195846 0.211448
vt 0.173460 0.207535
vt 0.169276 0.187864
vt 0.195701 0.191600
vt 0.258222 0.271698
vt 0.226905 0.261399
vt 0.226905 0.241083
vt 0.258324 0.250883
vt 0.280796 0.276013
vt 0.284964 0.254962
vt 0.195834 0.251129
vt 0.173461 0.246847
vt 0.169295 0.227197
vt 0.195693 0.231302
vt 0.258247 0.313147
vt 0.226905 0.302015
vt 0.226905 0.281701
vt 0.258345 0.292462
vt 0.280945 0.317736
vt 0.285074 0.296902
vt 0.195721 0.290751
vt 0.173446 0.285998
vt 0.169340 0.266440
vt 0.195667 0.270942
vt 0.258358 0.354596
vt 0.226905 0.342620
vt 0.226905 0.322312
vt 0.258401 0.333848
vt 0.281172 0.359607
vt 0.285265 0.338615
vt 0.195604 0.330646
vt 0.173267 0.325543
vt 0.169266 0.305728
vt 0.195557 0.310693
vt 0.258375 0.396179
vt 0.226905 0.383193
vt 0.226905 0.362903
vt 0.258470 0.375381
vt 0.281241 0.401759
vt 0.285447 0.380636
vt 0.195733 0.370492
vt 0.173365 0.365234
vt 0.169164 0.345417
vt 0.195528 0.350580
vt 0.258072 0.437694
vt 0.226905 0.423710
vt 0.226905 0.403445
vt 0.258360 0.416952
vt 0.280671 0.443878
vt 0.285203 0.422920
vt 0.196073 0.410102
vt 0.173909 0.404721
vt 0.169549 0.385033
vt 0.195759 0.390347
vt 0.226905 0.020217
vt 0.257562 0.025929
vt 0.279821 0.026901
vt 0.175247 0.012543
vt 0.196727 0.016144
vt 0.154456 0.777787
vt 0.142519 0.724556
vt 0.236123 0.736271
vt 0.252704 0.793635
vt 0.294244 0.735697
vt 0.352391 0.861454
vt 0.313817 0.734838
vt 0.368526 0.872824
vt 0.236825 0.820140
vt 0.151665 0.784099
vt 0.339163 0.890311
vt 0.360783 0.893829
vt 0.337949 0.739204
vt 0.383597 0.867786
vt 0.147725 0.779345
vt 0.135745 0.726131
vt 0.575748 0.085061
vt 0.575748 0.135674
vt 0.562525 0.135674
vt 0.562525 0.085061
vt 0.575748 0.034448
vt 0.562525 0.034448
vt 0.575748 0.186288
vt 0.575748 0.236901
vt 0.562525 0.236901
vt 0.562525 0.186288
vt 0.499179 0.198120
vt 0.498320 0.144748
vt 0.507174 0.145312
vt 0.507668 0.198399
vt 0.498479 0.253273
vt 0.508191 0.263165
vt 0.498101 0.092071
vt 0.495165 0.037676
vt 0.505139 0.027146
vt 0.507174 0.092605
vt 0.523296 0.145127
vt 0.523296 0.197834
vt 0.525332 0.263293
vt 0.522279 0.027274
vt 0.522802 0.092040
vt 0.532150 0.145691
vt 0.532369 0.198368
vt 0.535305 0.252763
vt 0.531992 0.037166
vt 0.531291 0.092319
vt 0.064977 0.184505
vt 0.041235 0.181517
vt 0.076994 0.032149
vt 0.052776 0.023697
vt 0.092524 0.187425
vt 0.104345 0.042464
vt 0.109597 0.042874
vt 0.097779 0.187794
vt 0.389918 0.658227
vt 0.316858 0.615660
vt 0.336134 0.583449
vt 0.392197 0.644859
vt 0.161409 0.659322
vt 0.166506 0.646114
vt 0.153559 0.623582
vt 0.146469 0.630637
vt 0.138276 0.649889
vt 0.155738 0.678624
vt 0.122969 0.643468
vt 0.131563 0.623567
vt 0.147806 0.606946
vt 0.322588 0.545740
vt 0.373548 0.568899
vt 0.407288 0.636530
vt 0.408846 0.651908
vt 0.405763 0.662338
vt 0.391226 0.674173
vt 0.157610 0.694027
vt 0.575748 0.085061
vt 0.575748 0.135674
vt 0.562525 0.135674
vt 0.562525 0.085061
vt 0.575748 0.034448
vt 0.562525 0.034448
vt 0.575748 0.186288
vt 0.575748 0.236901
vt 0.562525 0.236901
vt 0.562525 0.186288
vt 0.499179 0.198120
vt 0.498320 0.144748
vt 0.507174 0.145312
vt 0.507668 0.198399
vt 0.498479 0.253273
vt 0.508191 0.263165
vt 0.498101 0.092071
vt 0.495165 0.037676
vt 0.505139 0.027146
vt 0.507174 0.092605
vt 0.523296 0.145127
vt 0.523296 0.197834
vt 0.525332 0.263293
vt 0.522279 0.027274
vt 0.522802 0.092040
vt 0.532150 0.145691
vt 0.532369 0.198368
vt 0.535305 0.252763
vt 0.531992 0.037166
vt 0.531291 0.092319
vt 0.575748 0.085061
vt 0.575748 0.135674
vt 0.562525 0.135674
vt 0.562525 0.085061
vt 0.575748 0.034448
vt 0.562525 0.034448
vt 0.575748 0.186288
vt 0.575748 0.236901
vt 0.562525 0.236901
vt 0.562525 0.186288
vt 0.499179 0.198120
vt 0.498320 0.144748
vt 0.507174 0.145312
vt 0.507668 0.198399
vt 0.498479 0.253273
vt 0.508191 0.263165
vt 0.498101 0.092071
vt 0.495165 0.037676
vt 0.505139 0.027146
vt 0.507174 0.092605
vt 0.523296 0.145127
vt 0.523296 0.197834
vt 0.525332 0.263293
vt 0.522279 0.027274
vt 0.522802 0.092040
vt 0.532150 0.145691
vt 0.532369 0.198368
vt 0.535305 0.252763
vt 0.531992 0.037166
vt 0.531291 0.092319
vt 0.419707 0.441880
vt 0.439588 0.480918
vt 0.411476 0.496460
vt 0.439588 0.441879
vt 0.413119 0.429410
vt 0.439588 0.429410
vt 0.406479 0.346093
vt 0.439587 0.346093
vt 0.439587 0.387190
vt 0.406479 0.387190
vt 0.425879 0.178509
vt 0.439587 0.178509
vt 0.439587 0.222433
vt 0.424930 0.222434
vt 0.425879 0.155593
vt 0.439587 0.155593
vt 0.415338 0.126647
vt 0.439587 0.126647
vt 0.418686 0.091501
vt 0.439587 0.091501
vt 0.439587 0.020654
vt 0.439587 0.036895
vt 0.425346 0.036895
vt 0.421692 0.066855
vt 0.439587 0.066855
vt 0.439587 0.308216
vt 0.406479 0.308216
vt 0.763718 0.195555
vt 0.765042 0.235077
vt 0.746614 0.234728
vt 0.745926 0.196176
vt 0.743292 0.106649
vt 0.723535 0.037926
vt 0.760195 0.062156
vt 0.764635 0.084596
vt 0.658079 0.233274
vt 0.659394 0.197602
vt 0.701721 0.197602
vt 0.702314 0.233886
vt 0.459469 0.441879
vt 0.467700 0.496460
vt 0.786486 0.235523
vt 0.783031 0.204963
vt 0.719763 0.163154
vt 0.700954 0.171412
vt 0.681942 0.163659
vt 0.757225 0.166234
vt 0.752328 0.141853
vt 0.726600 0.144156
vt 0.719169 0.125594
vt 0.700364 0.117646
vt 0.659883 0.098964
vt 0.681579 0.125552
vt 0.673850 0.144650
vt 0.632438 0.125495
vt 0.602371 0.153428
vt 0.606868 0.195899
vt 0.608156 0.209920
vt 0.774237 0.245897
vt 0.466056 0.429410
vt 0.472696 0.346093
vt 0.472696 0.387190
vt 0.453296 0.178509
vt 0.454245 0.222433
vt 0.453296 0.155593
vt 0.463837 0.126647
vt 0.460489 0.091501
vt 0.453828 0.036895
vt 0.763739 0.254826
vt 0.546089 0.381723
vt 0.546089 0.396550
vt 0.492282 0.396550
vt 0.492282 0.381723
vt 0.546089 0.366897
vt 0.492282 0.366897
vt 0.546089 0.352071
vt 0.492282 0.352071
vt 0.546089 0.337244
vt 0.492282 0.337244
vt 0.546089 0.322418
vt 0.492282 0.322418
vt 0.546089 0.307591
vt 0.492282 0.307591
vt 0.546089 0.292765
vt 0.492282 0.292765
vt 0.457483 0.066855
vt 0.472696 0.308216
vt 0.492282 0.277938
vt 0.546089 0.277938
vt 0.763718 0.195555
vt 0.765042 0.235077
vt 0.746614 0.234728
vt 0.745926 0.196176
vt 0.743292 0.106649
vt 0.723535 0.037926
vt 0.760195 0.062156
vt 0.764635 0.084596
vt 0.658079 0.233274
vt 0.659394 0.197602
vt 0.701721 0.197602
vt 0.702314 0.233886
vt 0.786486 0.235523
vt 0.783031 0.204963
vt 0.719763 0.163154
vt 0.700954 0.171412
vt 0.681942 0.163659
vt 0.757225 0.166234
vt 0.752328 0.141853
vt 0.726600 0.144156
vt 0.719169 0.125594
vt 0.700364 0.117646
vt 0.659883 0.098964
vt 0.681579 0.125552
vt 0.673850 0.144650
vt 0.632438 0.125495
vt 0.602371 0.153428
vt 0.606868 0.195899
vt 0.608156 0.209920
vt 0.774237 0.245897
vt 0.763739 0.254826
vt 0.154456 0.777787
vt 0.142519 0.724556
vt 0.236123 0.736271
vt 0.252704 0.793635
vt 0.294244 0.735697
vt 0.352391 0.861454
vt 0.313817 0.734838
vt 0.368526 0.872824
vt 0.236825 0.820140
vt 0.151665 0.784099
vt 0.339163 0.890311
vt 0.360783 0.893829
vt 0.337949 0.739204
vt 0.383597 0.867786
vt 0.147725 0.779345
vt 0.135745 0.726131
vt 0.041235 0.181517
vt 0.064977 0.184505
vt 0.064977 0.184505
vt 0.092524 0.187425
vt 0.041235 0.181517
vt 0.064977 0.184505
vt 0.064977 0.184505
vt 0.092524 0.187425
vn -0.009670 0.292613 0.956182
vn -0.009186 0.295631 0.955258
vn -0.004540 0.135405 0.990780
vn -0.003094 0.096325 0.995345
vn 0.003334 -0.117631 0.993052
vn 0.003554 -0.116234 0.993216
vn 0.028329 -0.999599 0.000000
vn 0.028329 -0.999599 0.000000
vn 0.028329 -0.999599 0.000000
vn 0.028329 -0.999599 0.000000
vn 0.409256 -0.836484 0.364423
vn 0.856230 -0.323712 0.402593
vn -0.004146 -0.655490 0.755192
vn 0.662933 -0.157154 0.731999
vn -0.937353 0.245086 0.247593
vn -0.841467 0.190409 0.505645
vn -0.949164 0.282354 0.139152
vn 0.098441 0.154700 0.983045
vn 0.958892 -0.006042 0.283709
vn 0.846611 0.000083 0.532212
vn 0.644996 0.730984 0.222807
vn 0.715551 0.606340 0.346898
vn -0.957178 0.278729 -0.078227
vn 0.999898 -0.014317 0.000000
vn 0.646346 0.763045 0.000000
vn 0.952509 -0.304511 0.000000
vn 0.501590 -0.865106 0.000000
vn -0.389961 -0.920831 0.000000
vn -0.960121 0.279586 0.000000
vn -0.960121 0.279586 0.000000
vn -0.099433 -0.461523 0.881538
vn 0.029871 -0.510868 0.859140
vn -0.067372 -0.815833 0.574349
vn 0.049415 -0.832953 0.551133
vn -0.112060 0.095711 0.989081
vn -0.001290 0.025790 0.999667
vn -0.139954 0.609940 0.779991
vn -0.029530 0.561364 0.827042
vn -0.154363 0.842331 0.516382
vn -0.043267 0.833681 0.550549
vn 0.007403 -0.837442 0.546476
vn -0.015917 -0.536460 0.843776
vn -0.001480 0.002067 0.999997
vn 0.022006 0.537123 0.843217
vn 0.007524 0.837566 0.546284
vn 0.006111 -0.548203 0.836323
vn -0.029279 -0.552548 0.832967
vn 0.000150 -0.003094 0.999995
vn 0.000149 0.000481 1.000000
vn 0.038598 -0.841195 0.539353
vn -0.018927 -0.843165 0.537321
vn -0.006165 0.544057 0.839026
vn 0.030462 0.551842 0.833392
vn -0.042140 0.840374 0.540367
vn 0.018517 0.843732 0.536445
vn 0.008013 -0.549316 0.835576
vn -0.031357 -0.551436 0.833628
vn 0.000151 -0.003140 0.999995
vn 0.000152 0.000527 1.000000
vn 0.041380 -0.841574 0.538554
vn -0.021744 -0.842695 0.537952
vn -0.008129 0.545157 0.838295
vn 0.032642 0.550719 0.834052
vn -0.045060 0.840753 0.539540
vn 0.021518 0.843248 0.537094
vn 0.009866 -0.550548 0.834746
vn -0.033404 -0.550180 0.834378
vn 0.000152 -0.003186 0.999995
vn 0.000155 0.000576 1.000000
vn 0.044141 -0.841995 0.537676
vn -0.024552 -0.842172 0.538650
vn -0.010039 0.546383 0.837475
vn 0.034786 0.549461 0.834795
vn -0.047957 0.841180 0.538625
vn 0.024505 0.842704 0.537819
vn 0.011663 -0.551887 0.833837
vn -0.035415 -0.548787 0.835212
vn 0.000155 -0.003228 0.999995
vn 0.000158 0.000630 1.000000
vn 0.046885 -0.842457 0.536719
vn -0.027356 -0.841598 0.539412
vn -0.011895 0.547718 0.836578
vn 0.036893 0.548052 0.835631
vn -0.050835 0.841647 0.537630
vn 0.027489 0.842107 0.538610
vn 0.013403 -0.553339 0.832848
vn -0.037384 -0.547256 0.836130
vn 0.000157 -0.003272 0.999995
vn 0.000160 0.000688 1.000000
vn 0.049605 -0.842959 0.535686
vn -0.030151 -0.840971 0.540240
vn -0.013694 0.549174 0.835596
vn 0.038959 0.546504 0.836550
vn -0.053691 0.842149 0.536565
vn 0.030464 0.841448 0.539479
vn 0.015313 -0.554723 0.831894
vn -0.039311 -0.545589 0.837130
vn 0.000157 -0.003315 0.999995
vn 0.000164 0.000747 1.000000
vn 0.053310 -0.843139 0.535046
vn -0.032931 -0.840290 0.541136
vn -0.015428 0.550731 0.834541
vn 0.040979 0.544823 0.837549
vn -0.056520 0.842695 0.535416
vn 0.033430 0.840731 0.540420
vn 0.022877 -0.554755 0.831699
vn -0.040030 -0.543404 0.838517
vn 0.001332 -0.001783 0.999998
vn -0.000187 0.001056 0.999999
vn 0.066015 -0.842852 0.534080
vn -0.031565 -0.839843 0.541911
vn -0.018220 0.553363 0.832741
vn 0.042894 0.543035 0.838614
vn -0.060446 0.843295 0.534041
vn 0.036380 0.839965 0.541419
vn 0.032798 -0.556078 0.830482
vn -0.034400 -0.541674 0.839884
vn 0.001457 -0.001871 0.999997
vn -0.001129 0.001687 0.999998
vn 0.081355 -0.842287 0.532854
vn -0.022126 -0.839427 0.543023
vn -0.026534 0.555306 0.831223
vn 0.039578 0.542204 0.839314
vn -0.072305 0.843521 0.532207
vn 0.034107 0.839345 0.542527
vn 0.042705 -0.557321 0.829198
vn -0.028231 -0.540122 0.841113
vn 0.001569 -0.001975 0.999997
vn -0.001244 0.001810 0.999998
vn 0.096668 -0.841487 0.531559
vn -0.012276 -0.838925 0.544109
vn -0.035953 0.556639 0.829976
vn 0.033719 0.540693 0.840544
vn -0.086917 0.843025 0.530805
vn 0.025263 0.838845 0.543784
vn 0.052594 -0.558477 0.827851
vn -0.022073 -0.538385 0.842410
vn 0.001684 -0.002085 0.999996
vn -0.001360 0.001935 0.999997
vn 0.111952 -0.840453 0.530194
vn -0.002434 -0.838263 0.545261
vn -0.045350 0.557896 0.828671
vn 0.027859 0.538997 0.841847
vn -0.101507 0.842321 0.529331
vn 0.016395 0.838274 0.545003
vn 0.338591 -0.516232 0.786677
vn 0.350688 -0.030161 0.936006
vn 0.294043 -0.822081 0.487567
vn 0.363395 0.504448 0.783247
vn 0.317949 0.772127 0.550207
vn -0.099434 -0.461524 -0.881538
vn -0.067373 -0.815834 -0.574348
vn 0.029871 -0.510869 -0.859140
vn 0.049415 -0.832951 -0.551136
vn -0.112061 0.095711 -0.989081
vn -0.001290 0.025790 -0.999667
vn -0.139954 0.609942 -0.779990
vn -0.029530 0.561366 -0.827041
vn -0.154363 0.842332 -0.516381
vn -0.043267 0.833682 -0.550547
vn 0.007400 -0.837442 -0.546477
vn -0.015918 -0.536459 -0.843776
vn -0.001482 0.002068 -0.999997
vn 0.022005 0.537125 -0.843216
vn 0.007522 0.837566 -0.546284
vn 0.006111 -0.548204 -0.836322
vn 0.000150 -0.003094 -0.999995
vn -0.029276 -0.552550 -0.832965
vn 0.000150 0.000482 -1.000000
vn 0.038598 -0.841195 -0.539352
vn -0.018925 -0.843166 -0.537321
vn -0.006165 0.544057 -0.839025
vn -0.042140 0.840374 -0.540367
vn 0.030463 0.551843 -0.833391
vn 0.018517 0.843733 -0.536443
vn 0.008013 -0.549317 -0.835576
vn 0.000152 -0.003140 -0.999995
vn -0.031356 -0.551437 -0.833627
vn 0.000152 0.000527 -1.000000
vn 0.041380 -0.841574 -0.538554
vn -0.021744 -0.842695 -0.537952
vn -0.008128 0.545157 -0.838295
vn -0.045060 0.840753 -0.539540
vn 0.032642 0.550720 -0.834052
vn 0.021518 0.843248 -0.537094
vn 0.009866 -0.550547 -0.834746
vn 0.000152 -0.003186 -0.999995
vn -0.033403 -0.550180 -0.834377
vn 0.000155 0.000576 -1.000000
vn 0.044141 -0.841996 -0.537675
vn -0.024552 -0.842172 -0.538649
vn -0.010038 0.546383 -0.837476
vn -0.047956 0.841180 -0.538625
vn 0.034787 0.549459 -0.834796
vn 0.024506 0.842703 -0.537821
vn 0.011662 -0.551887 -0.833837
vn 0.000155 -0.003228 -0.999995
vn -0.035416 -0.548786 -0.835212
vn 0.000158 0.000629 -1.000000
vn 0.046885 -0.842457 -0.536719
vn -0.027356 -0.841597 -0.539412
vn -0.011895 0.547717 -0.836579
vn -0.050835 0.841646 -0.537631
vn 0.036894 0.548050 -0.835631
vn 0.027490 0.842107 -0.538610
vn 0.013403 -0.553340 -0.832848
vn 0.000157 -0.003272 -0.999995
vn -0.037384 -0.547257 -0.836130
vn 0.000160 0.000688 -1.000000
vn 0.049605 -0.842959 -0.535686
vn -0.030151 -0.840971 -0.540239
vn -0.013693 0.549174 -0.835596
vn -0.053690 0.842149 -0.536565
vn 0.038960 0.546503 -0.836550
vn 0.030465 0.841447 -0.539481
vn 0.015313 -0.554723 -0.831894
vn 0.000158 -0.003316 -0.999995
vn -0.039311 -0.545589 -0.837130
vn 0.000163 0.000747 -1.000000
vn 0.053310 -0.843139 -0.535047
vn -0.032930 -0.840290 -0.541136
vn -0.015428 0.550730 -0.834541
vn -0.056520 0.842695 -0.535416
vn 0.040978 0.544824 -0.837549
vn 0.033430 0.840732 -0.540419
vn 0.022877 -0.554756 -0.831699
vn 0.001332 -0.001783 -0.999998
vn -0.040030 -0.543404 -0.838517
vn -0.000187 0.001056 -0.999999
vn 0.066015 -0.842852 -0.534081
vn -0.031565 -0.839842 -0.541912
vn -0.018219 0.553363 -0.832741
vn -0.060446 0.843295 -0.534041
vn 0.042894 0.543035 -0.838614
vn 0.036380 0.839965 -0.541420
vn 0.032798 -0.556078 -0.830483
vn 0.001457 -0.001872 -0.999997
vn -0.034400 -0.541674 -0.839884
vn -0.001129 0.001686 -0.999998
vn 0.081356 -0.842287 -0.532854
vn -0.022127 -0.839426 -0.543023
vn -0.026534 0.555305 -0.831223
vn -0.072304 0.843521 -0.532207
vn 0.039578 0.542203 -0.839315
vn 0.034107 0.839345 -0.542528
vn 0.042705 -0.557321 -0.829198
vn 0.001570 -0.001974 -0.999997
vn -0.028231 -0.540121 -0.841114
vn -0.001244 0.001810 -0.999998
vn 0.096668 -0.841487 -0.531559
vn -0.012276 -0.838925 -0.544109
vn -0.035953 0.556638 -0.829977
vn -0.086918 0.843026 -0.530804
vn 0.033719 0.540693 -0.840544
vn 0.025264 0.838846 -0.543782
vn 0.052594 -0.558477 -0.827851
vn 0.001685 -0.002084 -0.999996
vn -0.022073 -0.538385 -0.842410
vn -0.001360 0.001935 -0.999997
vn 0.111953 -0.840453 -0.530194
vn -0.002434 -0.838263 -0.545260
vn -0.045350 0.557896 -0.828671
vn -0.101508 0.842321 -0.529331
vn 0.027858 0.538997 -0.841847
vn 0.016394 0.838274 -0.545002
vn 0.338595 -0.516236 -0.786673
vn 0.350690 -0.030159 -0.936006
vn 0.294045 -0.822082 -0.487565
vn 0.363396 0.504450 -0.783245
vn 0.317949 0.772128 -0.550206
vn -0.014045 0.244500 -0.969548
vn -0.004815 0.125707 -0.992056
vn -0.011418 0.245290 -0.969383
vn 0.003910 -0.039867 -0.999197
vn 0.005570 -0.110916 -0.993814
vn 0.003891 -0.065568 -0.997841
vn 0.000000 0.000000 -1.000000
vn 0.000000 0.000000 -1.000000
vn -0.732573 0.680689 0.000000
vn -0.745060 0.666997 0.000000
vn -0.823507 0.567300 -0.002687
vn -0.732566 0.680696 0.000000
vn -0.610012 0.792392 0.000000
vn -0.617362 0.786679 0.000000
vn -0.985500 0.169677 0.000000
vn -0.985502 0.169665 0.000000
vn 0.068746 -0.997299 0.025864
vn 0.069011 -0.997324 0.024156
vn 0.072307 -0.997379 0.002712
vn 0.072722 -0.997352 0.000000
vn -0.056939 0.991204 -0.119468
vn -0.058241 0.992233 -0.109914
vn 0.000000 0.000000 -1.000000
vn 0.000000 0.000000 -1.000000
vn 0.000000 0.000000 -1.000000
vn 0.000000 0.000000 -1.000000
vn -0.966379 -0.257123 0.000000
vn -0.966382 -0.257112 0.000000
vn -0.966379 -0.257120 0.000000
vn -0.966382 -0.257110 0.000000
vn 0.000000 0.000000 1.000000
vn -0.000000 -0.000000 1.000000
vn -0.000000 -0.000000 1.000000
vn -0.000000 -0.000000 1.000000
vn 0.966376 0.257135 0.000000
vn 0.966378 0.257125 0.000000
vn 0.966376 0.257133 0.000000
vn 0.966379 0.257123 0.000000
vn -0.257114 0.966381 0.000004
vn -0.257120 0.966380 0.000009
vn -0.257114 0.966381 0.000005
vn -0.257120 0.966379 0.000009
vn -0.257117 0.966380 -0.000005
vn -0.257116 0.966381 -0.000004
vn -0.257122 0.966379 -0.000007
vn -0.257122 0.966379 -0.000007
vn 0.000000 0.000000 1.000000
vn 0.000000 0.000000 1.000000
vn 0.000000 0.000000 1.000000
vn 0.000000 0.000000 1.000000
vn 0.966380 0.257120 0.000000
vn 0.966380 0.257120 0.000000
vn 0.966380 0.257120 0.000000
vn 0.966380 0.257120 0.000000
vn 0.000000 0.000000 -1.000000
vn 0.000000 0.000000 -1.000000
vn 0.000000 0.000000 -1.000000
vn 0.000000 0.000000 -1.000000
vn -0.966382 -0.257111 0.000000
vn -0.966382 -0.257111 0.000000
vn -0.966382 -0.257111 0.000000
vn -0.966382 -0.257111 0.000000
vn 0.257114 -0.966381 -0.000009
vn 0.257116 -0.966381 0.000002
vn 0.257114 -0.966381 -0.000008
vn 0.257116 -0.966381 0.000005
vn 0.257114 -0.966381 0.000004
vn 0.257114 -0.966381 0.000005
vn 0.257117 -0.966380 0.000001
vn 0.257118 -0.966380 0.000001
vn -0.003094 0.096325 -0.995345
vn -0.009186 0.295633 -0.955258
vn -0.004540 0.135406 -0.990780
vn -0.009670 0.292614 -0.956182
vn 0.003334 -0.117631 -0.993052
vn 0.003554 -0.116234 -0.993216
vn 0.028329 -0.999599 0.000000
vn 0.028329 -0.999599 0.000000
vn 0.028329 -0.999599 0.000000
vn 0.028329 -0.999599 0.000000
vn 0.662932 -0.157154 -0.731999
vn 0.856230 -0.323711 -0.402593
vn -0.004146 -0.655493 -0.755189
vn 0.409255 -0.836486 -0.364419
vn -0.937353 0.245086 -0.247593
vn -0.949164 0.282356 -0.139153
vn -0.841467 0.190408 -0.505646
vn 0.098441 0.154702 -0.983045
vn 0.958892 -0.006042 -0.283708
vn 0.846612 0.000083 -0.532211
vn 0.644997 0.730982 -0.222808
vn 0.715549 0.606343 -0.346897
vn -0.957178 0.278730 0.078227
vn 0.999898 -0.014317 0.000000
vn 0.646354 0.763038 0.000000
vn 0.952509 -0.304510 -0.000001
vn 0.501589 -0.865106 0.000000
vn -0.389961 -0.920832 0.000000
vn -0.960121 0.279586 0.000000
vn -0.960120 0.279587 0.000000
vn -0.701329 0.697791 0.145687
vn -0.701329 0.697792 0.145686
vn -0.701327 0.697794 0.145683
vn -0.701327 0.697794 0.145683
vn -0.659172 -0.712635 0.240090
vn -0.659172 -0.712636 0.240088
vn -0.659172 -0.712638 0.240082
vn -0.659172 -0.712638 0.240081
vn 0.701326 -0.697796 -0.145680
vn 0.701326 -0.697795 -0.145683
vn 0.701325 -0.697794 -0.145693
vn 0.701325 -0.697794 -0.145696
vn 0.659175 0.712638 -0.240074
vn 0.659175 0.712638 -0.240075
vn 0.659175 0.712636 -0.240081
vn 0.659175 0.712636 -0.240083
vn -0.271348 -0.072343 -0.959759
vn -0.271348 -0.072342 -0.959759
vn -0.271349 -0.072342 -0.959759
vn -0.271349 -0.072342 -0.959759
vn -0.271350 -0.072335 -0.959759
vn -0.271351 -0.072335 -0.959759
vn -0.271353 -0.072344 -0.959757
vn -0.271353 -0.072343 -0.959757
vn 0.701324 -0.697795 -0.145695
vn 0.701325 -0.697795 -0.145693
vn 0.701327 -0.697795 -0.145678
vn 0.701328 -0.697795 -0.145675
vn 0.659177 0.712634 -0.240081
vn 0.659176 0.712634 -0.240082
vn 0.659170 0.712638 -0.240089
vn 0.659169 0.712638 -0.240091
vn -0.701327 0.697794 0.145686
vn -0.701327 0.697794 0.145687
vn -0.701327 0.697792 0.145692
vn -0.701327 0.697792 0.145693
vn -0.659175 -0.712637 0.240076
vn -0.659175 -0.712637 0.240077
vn -0.659175 -0.712635 0.240083
vn -0.659175 -0.712635 0.240084
vn 0.271344 0.072341 0.959760
vn 0.271343 0.072340 0.959760
vn 0.271350 0.072348 0.959758
vn 0.271350 0.072349 0.959758
vn 0.271349 0.072342 0.959758
vn 0.271348 0.072343 0.959759
vn 0.271357 0.072344 0.959756
vn 0.271357 0.072344 0.959756
vn -0.701329 0.697792 -0.145686
vn -0.701327 0.697794 -0.145684
vn -0.701329 0.697792 -0.145686
vn -0.701327 0.697794 -0.145684
vn -0.659172 -0.712635 -0.240090
vn -0.659172 -0.712638 -0.240082
vn -0.659172 -0.712636 -0.240088
vn -0.659172 -0.712639 -0.240080
vn 0.701326 -0.697796 0.145682
vn 0.701325 -0.697794 0.145693
vn 0.701326 -0.697795 0.145684
vn 0.701325 -0.697794 0.145696
vn 0.659174 0.712639 0.240072
vn 0.659174 0.712637 0.240082
vn 0.659174 0.712639 0.240074
vn 0.659173 0.712636 0.240084
vn -0.271347 -0.072342 0.959759
vn -0.271349 -0.072341 0.959759
vn -0.271347 -0.072341 0.959759
vn -0.271349 -0.072341 0.959759
vn -0.271350 -0.072334 0.959759
vn -0.271350 -0.072334 0.959759
vn -0.271353 -0.072344 0.959757
vn -0.271353 -0.072343 0.959757
vn 0.701325 -0.697795 0.145693
vn 0.701327 -0.697795 0.145679
vn 0.701325 -0.697795 0.145691
vn 0.701328 -0.697795 0.145677
vn 0.659177 0.712633 0.240082
vn 0.659170 0.712638 0.240088
vn 0.659176 0.712634 0.240083
vn 0.659169 0.712639 0.240089
vn -0.701327 0.697794 -0.145687
vn -0.701327 0.697792 -0.145691
vn -0.701327 0.697794 -0.145688
vn -0.701327 0.697792 -0.145691
vn -0.659175 -0.712638 -0.240074
vn -0.659175 -0.712635 -0.240083
vn -0.659175 -0.712637 -0.240076
vn -0.659175 -0.712635 -0.240085
vn 0.271344 0.072342 -0.959760
vn 0.271349 0.072347 -0.959758
vn 0.271344 0.072341 -0.959760
vn 0.271350 0.072347 -0.959758
vn 0.271348 0.072343 -0.959759
vn 0.271347 0.072343 -0.959759
vn 0.271356 0.072343 -0.959756
vn 0.271356 0.072343 -0.959756
vn -0.560412 0.819426 0.120336
vn -0.774224 0.632911 0.000000
vn -0.752865 0.587001 0.297697
vn -0.535542 0.844509 0.000000
vn 0.044496 0.999010 0.000000
vn 0.044496 0.999010 0.000000
vn 0.825966 0.563719 0.000000
vn 0.825967 0.563718 0.000000
vn 0.503327 0.864096 0.000000
vn 0.496752 0.867893 0.000000
vn 0.515998 -0.856590 0.000000
vn 0.729727 -0.683739 0.000000
vn 0.520550 -0.853831 0.000000
vn 0.729727 -0.683739 0.000000
vn -0.592474 -0.805590 0.000000
vn -0.500742 -0.865597 0.000000
vn -0.357409 -0.933948 0.000000
vn -0.381560 -0.924344 0.000000
vn 0.005958 -0.999982 0.000000
vn 0.005957 -0.999982 0.000000
vn 0.056926 -0.785604 -0.616106
vn 0.260684 -0.965424 0.000000
vn 0.148544 -0.988906 0.000000
vn 0.005957 -0.999982 0.000000
vn 0.005957 -0.999982 0.000000
vn 0.825620 0.564226 0.000000
vn 0.825795 0.563970 0.000000
vn 0.825621 0.564224 0.000000
vn 0.825805 0.563956 0.000000
vn -0.074386 -0.677079 -0.732142
vn -0.059501 -0.381243 -0.922558
vn -0.037875 -0.825404 -0.563270
vn -0.075397 -0.409052 -0.909391
vn 0.202182 -0.172093 -0.964109
vn 0.141891 -0.193717 -0.970742
vn 0.039819 -0.490156 -0.870725
vn -0.002857 -0.416144 -0.909294
vn -0.148926 0.311336 -0.938558
vn -0.053967 0.149371 -0.987307
vn 0.001756 -0.010221 -0.999946
vn -0.052583 0.007299 -0.998590
vn -0.468007 0.567394 -0.677520
vn -0.021974 -0.667904 -0.743923
vn -0.121997 -0.362734 -0.923873
vn -0.000000 -0.000000 -1.000000
vn -0.081201 0.267457 -0.960142
vn -0.026906 -0.788705 -0.614183
vn -0.107346 -0.626201 -0.772237
vn 0.175157 -0.426923 -0.887162
vn -0.054096 -0.846830 -0.529106
vn 0.232029 -0.145130 -0.961821
vn 0.101143 0.076609 -0.991918
vn -0.068050 0.173711 -0.982443
vn 0.208535 -0.022682 -0.977752
vn -0.048837 0.043313 -0.997867
vn -0.100660 -0.027845 -0.994531
vn -0.223886 0.041458 -0.973733
vn -0.977296 0.211876 0.000000
vn -0.977292 0.211899 0.000000
vn -0.977296 0.211877 0.000000
vn 0.044496 0.999010 0.000000
vn 0.825965 0.563721 0.000000
vn 0.503326 0.864097 0.000000
vn 0.729727 -0.683739 0.000000
vn 0.520550 -0.853831 0.000000
vn -0.592475 -0.805589 0.000000
vn -0.977297 0.211875 0.000000
vn -0.977299 0.211867 0.000000
vn 0.809257 0.587455 0.000000
vn 0.987625 -0.156833 0.000000
vn 0.809260 0.587451 0.000000
vn 0.987623 -0.156845 0.000000
vn 0.156845 0.987623 0.000000
vn 0.156844 0.987623 0.000000
vn -0.587454 0.809258 0.000000
vn -0.587451 0.809260 0.000000
vn -0.987624 0.156839 0.000000
vn -0.987623 0.156845 0.000000
vn -0.809261 -0.587449 0.000000
vn -0.809264 -0.587445 0.000000
vn -0.156845 -0.987623 0.000000
vn -0.156845 -0.987623 0.000000
vn 0.587451 -0.809259 0.000000
vn 0.587449 -0.809261 0.000000
vn 0.825804 0.563957 0.000000
vn 0.825621 0.564224 0.000000
vn -0.075397 -0.409052 0.909391
vn -0.059501 -0.381243 0.922558
vn -0.100431 -0.694439 0.712508
vn -0.074386 -0.677079 0.732142
vn -0.002857 -0.416144 0.909294
vn 0.141891 -0.193717 0.970742
vn 0.129822 -0.304678 0.943566
vn 0.202182 -0.172093 0.964109
vn 0.042880 0.188085 0.981216
vn 0.001756 -0.010221 0.999946
vn -0.053967 0.149371 0.987307
vn -0.052583 0.007298 0.998590
vn -0.021974 -0.667904 0.743923
vn -0.083243 -0.720834 0.688090
vn -0.000000 -0.000000 1.000000
vn -0.121997 -0.362734 0.923873
vn -0.081201 0.267457 0.960142
vn -0.039948 -0.542448 0.839139
vn 0.175157 -0.426923 0.887162
vn -0.090798 -0.533722 0.840771
vn -0.107347 -0.626201 0.772236
vn 0.232029 -0.145130 0.961821
vn -0.048838 0.043313 0.997867
vn -0.068050 0.173711 0.982443
vn 0.208535 -0.022682 0.977752
vn 0.101143 0.076609 0.991918
vn -0.100660 -0.027845 0.994531
vn -0.223887 0.041458 0.973733
vn -0.204651 0.111086 0.972511
vn -0.977298 0.211868 0.000000
vn -0.977296 0.211877 0.000000
vn -0.977292 0.211899 0.000000
vn -0.977300 0.211862 0.000000
vn -0.977300 0.211858 0.000000
vn 0.003910 -0.039867 0.999197
vn -0.004815 0.125707 0.992056
vn -0.011418 0.245290 0.969383
vn -0.014045 0.244500 0.969548
vn 0.005570 -0.110916 0.993814
vn 0.003890 -0.065568 0.997841
vn -0.000000 -0.000000 1.000000
vn -0.000000 -0.000000 1.000000
vn -0.732566 0.680696 0.000000
vn -0.745060 0.666997 0.000000
vn -0.823507 0.567300 0.002687
vn -0.732573 0.680689 0.000000
vn -0.610012 0.792392 0.000000
vn -0.617362 0.786679 0.000000
vn -0.985500 0.169677 0.000000
vn -0.985502 0.169665 0.000000
vn 0.072722 -0.997352 0.000000
vn 0.069011 -0.997324 -0.024156
vn 0.072307 -0.997379 -0.002712
vn 0.068746 -0.997299 -0.025864
vn -0.056939 0.991204 0.119468
vn -0.058241 0.992233 0.109914
vn -0.999990 -0.004537 0.000000
vn -0.999990 -0.004543 0.000000
vn -0.999990 -0.004543 0.000000
vn -0.999990 -0.004543 0.000000
vn -0.999990 -0.004557 0.000000
vn -0.999990 -0.004556 0.000000
vn -0.999990 -0.004551 0.000001
vn -0.999990 -0.004549 0.000001
vn 0.999990 0.004528 0.000000
vn -0.999990 -0.004546 0.000000
vn -0.999990 -0.004546 0.000000
vn -0.999990 -0.004546 0.000000
vn -0.999990 -0.004550 0.000000
vn -0.999990 -0.004551 0.000000
vn -0.999990 -0.004550 0.000000
vn -0.999990 -0.004552 0.000000
s 1
g blade_damaged
f 1090/1321/1833 1089/1319/1834 1093/1320/1835
f 1093/1320/1835 1089/1319/1834 1094/1318/1836
f 1092/1322/1837 1091/1323/1838 1094/1318/1836
f 1094/1318/1836 1091/1323/1838 1093/1320/1835
s 2
f 1092/1322/1839 1096/1325/1840 1091/1323/1841
f 1091/1323/1841 1096/1325/1840 1095/1324/1842
s 3
f 1102/1329/1843 1101/1328/1844 1097/1326/1845
f 1097/1326/1845 1101/1328/1844 1103/1327/1846
s 4
f 1097/1326/1847 1103/1327/1848 1098/1330/1849
f 1098/1330/1849 1103/1327/1848 1104/1331/1850
s 3
f 1101/1328/1844 1100/1332/1851 1103/1327/1846
f 1103/1327/1846 1100/1332/1851 1104/1331/1852
f 1100/1333/1851 1099/1334/1853 1104/1331/1852
f 1104/1331/1852 1099/1334/1853 1098/1330/1854
s 4
f 1098/1330/1849 1099/1335/1855 1097/1326/1847
s 3
f 1100/1333/1851 1106/1337/1856 1099/1334/1853
f 1099/1334/1853 1106/1337/1856 1105/1336/1857
f 1101/1328/1844 1107/1339/1858 1100/1332/1851
f 1100/1332/1851 1107/1339/1858 1106/1338/1856
f 1108/1341/1859 1107/1340/1858 1102/1329/1843
f 1102/1329/1843 1107/1340/1858 1101/1328/1844
f 1097/1326/1845 1109/1343/1860 1102/1329/1843
f 1102/1329/1843 1109/1343/1860 1108/1342/1859
s 4
f 1099/1335/1855 1105/1345/1861 1097/1326/1847
f 1097/1326/1847 1105/1345/1861 1109/1344/1862
s 5
f 1116/1346/1863 1113/1349/1864 1115/1347/1865
f 1115/1347/1865 1113/1349/1864 1114/1348/1866
f 1117/1350/1867 1112/1351/1868 1116/1346/1863
f 1116/1346/1863 1112/1351/1868 1113/1349/1864
f 1118/1352/1869 1111/1353/1870 1117/1350/1867
f 1117/1350/1867 1111/1353/1870 1112/1351/1868
f 1119/1354/1871 1110/1355/1872 1118/1352/1869
f 1118/1352/1869 1110/1355/1872 1111/1353/1870
f 1115/1347/1865 1177/1357/1873 1116/1346/1863
f 1116/1346/1863 1177/1357/1873 1176/1356/1874
f 1116/1346/1863 1176/1356/1874 1117/1350/1867
f 1117/1350/1867 1176/1356/1874 1175/1358/1875
f 1117/1350/1867 1175/1358/1875 1118/1352/1869
f 1118/1352/1869 1175/1358/1875 1179/1359/1876
f 1118/1352/1869 1179/1359/1876 1119/1354/1871
f 1119/1354/1871 1179/1359/1876 1178/1360/1877
f 1126/1361/1878 1226/1364/1879 1125/1362/1880
f 1125/1362/1880 1226/1364/1879 1225/1363/1881
f 1127/1365/1882 1227/1366/1883 1126/1361/1878
f 1126/1361/1878 1227/1366/1883 1226/1364/1879
f 1129/1367/1884 1229/1370/1885 1128/1368/1886
f 1128/1368/1886 1229/1370/1885 1228/1369/1887
f 1125/1362/1880 1225/1363/1881 1129/1367/1884
f 1129/1367/1884 1225/1363/1881 1229/1370/1885
f 1131/1371/1888 1221/1374/1889 1130/1372/1890
f 1130/1372/1890 1221/1374/1889 1220/1373/1891
f 1132/1375/1892 1222/1376/1893 1131/1371/1888
f 1131/1371/1888 1222/1376/1893 1221/1374/1889
f 1134/1377/1894 1224/1380/1895 1133/1378/1896
f 1133/1378/1896 1224/1380/1895 1223/1379/1897
f 1130/1372/1890 1220/1373/1891 1134/1377/1894
f 1134/1377/1894 1220/1373/1891 1224/1380/1895
f 1136/1381/1898 1216/1384/1899 1135/1382/1900
f 1135/1382/1900 1216/1384/1899 1215/1383/1901
f 1137/1385/1902 1217/1386/1903 1136/1381/1898
f 1136/1381/1898 1217/1386/1903 1216/1384/1899
f 1139/1387/1904 1219/1390/1905 1138/1388/1906
f 1138/1388/1906 1219/1390/1905 1218/1389/1907
f 1135/1382/1900 1215/1383/1901 1139/1387/1904
f 1139/1387/1904 1215/1383/1901 1219/1390/1905
f 1141/1391/1908 1211/1394/1909 1140/1392/1910
f 1140/1392/1910 1211/1394/1909 1210/1393/1911
f 1142/1395/1912 1212/1396/1913 1141/1391/1908
f 1141/1391/1908 1212/1396/1913 1211/1394/1909
f 1144/1397/1914 1214/1400/1915 1143/1398/1916
f 1143/1398/1916 1214/1400/1915 1213/1399/1917
f 1140/1392/1910 1210/1393/1911 1144/1397/1914
f 1144/1397/1914 1210/1393/1911 1214/1400/1915
f 1146/1401/1918 1206/1404/1919 1145/1402/1920
f 1145/1402/1920 1206/1404/1919 1205/1403/1921
f 1147/1405/1922 1207/1406/1923 1146/1401/1918
f 1146/1401/1918 1207/1406/1923 1206/1404/1919
f 1149/1407/1924 1209/1410/1925 1148/1408/1926
f 1148/1408/1926 1209/1410/1925 1208/1409/1927
f 1145/1402/1920 1205/1403/1921 1149/1407/1924
f 1149/1407/1924 1205/1403/1921 1209/1410/1925
f 1151/1411/1928 1201/1414/1929 1150/1412/1930
f 1150/1412/1930 1201/1414/1929 1200/1413/1931
f 1152/1415/1932 1202/1416/1933 1151/1411/1928
f 1151/1411/1928 1202/1416/1933 1201/1414/1929
f 1154/1417/1934 1204/1420/1935 1153/1418/1936
f 1153/1418/1936 1204/1420/1935 1203/1419/1937
f 1150/1412/1930 1200/1413/1931 1154/1417/1934
f 1154/1417/1934 1200/1413/1931 1204/1420/1935
f 1156/1421/1938 1196/1424/1939 1155/1422/1940
f 1155/1422/1940 1196/1424/1939 1195/1423/1941
f 1157/1425/1942 1197/1426/1943 1156/1421/1938
f 1156/1421/1938 1197/1426/1943 1196/1424/1939
f 1159/1427/1944 1199/1430/1945 1158/1428/1946
f 1158/1428/1946 1199/1430/1945 1198/1429/1947
f 1155/1422/1940 1195/1423/1941 1159/1427/1944
f 1159/1427/1944 1195/1423/1941 1199/1430/1945
f 1161/1431/1948 1191/1434/1949 1160/1432/1950
f 1160/1432/1950 1191/1434/1949 1190/1433/1951
f 1162/1435/1952 1192/1436/1953 1161/1431/1948
f 1161/1431/1948 1192/1436/1953 1191/1434/1949
f 1164/1437/1954 1194/1440/1955 1163/1438/1956
f 1163/1438/1956 1194/1440/1955 1193/1439/1957
f 1160/1432/1950 1190/1433/1951 1164/1437/1954
f 1164/1437/1954 1190/1433/1951 1194/1440/1955
f 1166/1441/1958 1186/1444/1959 1165/1442/1960
f 1165/1442/1960 1186/1444/1959 1185/1443/1961
f 1167/1445/1962 1187/1446/1963 1166/1441/1958
f 1166/1441/1958 1187/1446/1963 1186/1444/1959
f 1169/1447/1964 1189/1450/1965 1168/1448/1966
f 1168/1448/1966 1189/1450/1965 1188/1449/1967
f 1165/1442/1960 1185/1443/1961 1169/1447/1964
f 1169/1447/1964 1185/1443/1961 1189/1450/1965
f 1171/1451/1968 1181/1454/1969 1170/1452/1970
f 1170/1452/1970 1181/1454/1969 1180/1453/1971
f 1172/1455/1972 1182/1456/1973 1171/1451/1968
f 1171/1451/1968 1182/1456/1973 1181/1454/1969
f 1174/1457/1974 1184/1460/1975 1173/1458/1976
f 1173/1458/1976 1184/1460/1975 1183/1459/1977
f 1170/1452/1970 1180/1453/1971 1174/1457/1974
f 1174/1457/1974 1180/1453/1971 1184/1460/1975
f 1176/1356/1874 1171/1451/1968 1175/1358/1875
f 1175/1358/1875 1171/1451/1968 1170/1452/1970
f 1177/1357/1873 1172/1455/1972 1176/1356/1874
f 1176/1356/1874 1172/1455/1972 1171/1451/1968
f 1179/1359/1876 1174/1457/1974 1178/1360/1877
f 1178/1360/1877 1174/1457/1974 1173/1458/1976
f 1175/1358/1875 1170/1452/1970 1179/1359/1876
f 1179/1359/1876 1170/1452/1970 1174/1457/1974
f 1181/1454/1969 1166/1441/1958 1180/1453/1971
f 1180/1453/1971 1166/1441/1958 1165/1442/1960
f 1182/1456/1973 1167/1445/1962 1181/1454/1969
f 1181/1454/1969 1167/1445/1962 1166/1441/1958
f 1184/1460/1975 1169/1447/1964 1183/1459/1977
f 1183/1459/1977 1169/1447/1964 1168/1448/1966
f 1180/1453/1971 1165/1442/1960 1184/1460/1975
f 1184/1460/1975 1165/1442/1960 1169/1447/1964
f 1186/1444/1959 1161/1431/1948 1185/1443/1961
f 1185/1443/1961 1161/1431/1948 1160/1432/1950
f 1187/1446/1963 1162/1435/1952 1186/1444/1959
f 1186/1444/1959 1162/1435/1952 1161/1431/1948
f 1189/1450/1965 1164/1437/1954 1188/1449/1967
f 1188/1449/1967 1164/1437/1954 1163/1438/1956
f 1185/1443/1961 1160/1432/1950 1189/1450/1965
f 1189/1450/1965 1160/1432/1950 1164/1437/1954
f 1191/1434/1949 1156/1421/1938 1190/1433/1951
f 1190/1433/1951 1156/1421/1938 1155/1422/1940
f 1192/1436/1953 1157/1425/1942 1191/1434/1949
f 1191/1434/1949 1157/1425/1942 1156/1421/1938
f 1194/1440/1955 1159/1427/1944 1193/1439/1957
f 1193/1439/1957 1159/1427/1944 1158/1428/1946
f 1190/1433/1951 1155/1422/1940 1194/1440/1955
f 1194/1440/1955 1155/1422/1940 1159/1427/1944
f 1196/1424/1939 1151/1411/1928 1195/1423/1941
f 1195/1423/1941 1151/1411/1928 1150/1412/1930
f 1197/1426/1943 1152/1415/1932 1196/1424/1939
f 1196/1424/1939 1152/1415/1932 1151/1411/1928
f 1199/1430/1945 1154/1417/1934 1198/1429/1947
f 1198/1429/1947 1154/1417/1934 1153/1418/1936
f 1195/1423/1941 1150/1412/1930 1199/1430/1945
f 1199/1430/1945 1150/1412/1930 1154/1417/1934
f 1201/1414/1929 1146/1401/1918 1200/1413/1931
f 1200/1413/1931 1146/1401/1918 1145/1402/1920
f 1202/1416/1933 1147/1405/1922 1201/1414/1929
f 1201/1414/1929 1147/1405/1922 1146/1401/1918
f 1204/1420/1935 1149/1407/1924 1203/1419/1937
f 1203/1419/1937 1149/1407/1924 1148/1408/1926
f 1200/1413/1931 1145/1402/1920 1204/1420/1935
f 1204/1420/1935 1145/1402/1920 1149/1407/1924
f 1206/1404/1919 1141/1391/1908 1205/1403/1921
f 1205/1403/1921 1141/1391/1908 1140/1392/1910
f 1207/1406/1923 1142/1395/1912 1206/1404/1919
f 1206/1404/1919 1142/1395/1912 1141/1391/1908
f 1209/1410/1925 1144/1397/1914 1208/1409/1927
f 1208/1409/1927 1144/1397/1914 1143/1398/1916
f 1205/1403/1921 1140/1392/1910 1209/1410/1925
f 1209/1410/1925 1140/1392/1910 1144/1397/1914
f 1211/1394/1909 1136/1381/1898 1210/1393/1911
f 1210/1393/1911 1136/1381/1898 1135/1382/1900
f 1212/1396/1913 1137/1385/1902 1211/1394/1909
f 1211/1394/1909 1137/1385/1902 1136/1381/1898
f 1214/1400/1915 1139/1387/1904 1213/1399/1917
f 1213/1399/1917 1139/1387/1904 1138/1388/1906
f 1210/1393/1911 1135/1382/1900 1214/1400/1915
f 1214/1400/1915 1135/1382/1900 1139/1387/1904
f 1216/1384/1899 1131/1371/1888 1215/1383/1901
f 1215/1383/1901 1131/1371/1888 1130/1372/1890
f 1217/1386/1903 1132/1375/1892 1216/1384/1899
f 1216/1384/1899 1132/1375/1892 1131/1371/1888
f 1219/1390/1905 1134/1377/1894 1218/1389/1907
f 1218/1389/1907 1134/1377/1894 1133/1378/1896
f 1215/1383/1901 1130/1372/1890 1219/1390/1905
f 1219/1390/1905 1130/1372/1890 1134/1377/1894
f 1221/1374/1889 1126/1361/1878 1220/1373/1891
f 1220/1373/1891 1126/1361/1878 1125/1362/1880
f 1222/1376/1893 1127/1365/1882 1221/1374/1889
f 1221/1374/1889 1127/1365/1882 1126/1361/1878
f 1224/1380/1895 1129/1367/1884 1223/1379/1897
f 1223/1379/1897 1129/1367/1884 1128/1368/1886
f 1220/1373/1891 1125/1362/1880 1224/1380/1895
f 1224/1380/1895 1125/1362/1880 1129/1367/1884
f 1226/1364/1879 1121/1462/1978 1225/1363/1881
f 1225/1363/1881 1121/1462/1978 1122/1461/1979
f 1227/1366/1883 1120/1463/1980 1226/1364/1879
f 1226/1364/1879 1120/1463/1980 1121/1462/1978
f 1229/1370/1885 1123/1465/1981 1228/1369/1887
f 1228/1369/1887 1123/1465/1981 1124/1464/1982
f 1225/1363/1881 1122/1461/1979 1229/1370/1885
f 1229/1370/1885 1122/1461/1979 1123/1465/1981
s 28
f 1233/1466/1983 1115/1467/1984 1232/1469/1985
f 1232/1469/1985 1115/1467/1984 1114/1468/1986
f 1234/1470/1987 1233/1466/1983 1231/1471/1988
f 1231/1471/1988 1233/1466/1983 1232/1469/1985
f 1235/1472/1989 1234/1470/1987 1230/1473/1990
f 1230/1473/1990 1234/1470/1987 1231/1471/1988
f 1119/1474/1991 1235/1472/1989 1110/1475/1992
f 1110/1475/1992 1235/1472/1989 1230/1473/1990
f 1115/1467/1984 1233/1466/1983 1177/1477/1993
f 1177/1477/1993 1233/1466/1983 1270/1476/1994
f 1233/1466/1983 1234/1470/1987 1270/1476/1994
f 1270/1476/1994 1234/1470/1987 1269/1478/1995
f 1234/1470/1987 1235/1472/1989 1269/1478/1995
f 1269/1478/1995 1235/1472/1989 1271/1479/1996
f 1235/1472/1989 1119/1474/1991 1271/1479/1996
f 1271/1479/1996 1119/1474/1991 1178/1480/1997
f 1240/1481/1998 1239/1482/1999 1300/1484/2000
f 1300/1484/2000 1239/1482/1999 1299/1483/2001
f 1127/1485/2002 1240/1481/1998 1227/1486/2003
f 1227/1486/2003 1240/1481/1998 1300/1484/2000
f 1241/1487/2004 1128/1488/2005 1301/1490/2006
f 1301/1490/2006 1128/1488/2005 1228/1489/2007
f 1239/1482/1999 1241/1487/2004 1299/1483/2001
f 1299/1483/2001 1241/1487/2004 1301/1490/2006
f 1243/1491/2008 1242/1492/2009 1297/1494/2010
f 1297/1494/2010 1242/1492/2009 1296/1493/2011
f 1132/1495/2012 1243/1491/2008 1222/1496/2013
f 1222/1496/2013 1243/1491/2008 1297/1494/2010
f 1244/1497/2014 1133/1498/2015 1298/1500/2016
f 1298/1500/2016 1133/1498/2015 1223/1499/2017
f 1242/1492/2009 1244/1497/2014 1296/1493/2011
f 1296/1493/2011 1244/1497/2014 1298/1500/2016
f 1246/1501/2018 1245/1502/2019 1294/1504/2020
f 1294/1504/2020 1245/1502/2019 1293/1503/2021
f 1137/1505/2022 1246/1501/2018 1217/1506/2023
f 1217/1506/2023 1246/1501/2018 1294/1504/2020
f 1247/1507/2024 1138/1508/2025 1295/1510/2026
f 1295/1510/2026 1138/1508/2025 1218/1509/2027
f 1245/1502/2019 1247/1507/2024 1293/1503/2021
f 1293/1503/2021 1247/1507/2024 1295/1510/2026
f 1249/1511/2028 1248/1512/2029 1291/1514/2030
f 1291/1514/2030 1248/1512/2029 1290/1513/2031
f 1142/1515/2032 1249/1511/2028 1212/1516/2033
f 1212/1516/2033 1249/1511/2028 1291/1514/2030
f 1250/1517/2034 1143/1518/2035 1292/1520/2036
f 1292/1520/2036 1143/1518/2035 1213/1519/2037
f 1248/1512/2029 1250/1517/2034 1290/1513/2031
f 1290/1513/2031 1250/1517/2034 1292/1520/2036
f 1252/1521/2038 1251/1522/2039 1288/1524/2040
f 1288/1524/2040 1251/1522/2039 1287/1523/2041
f 1147/1525/2042 1252/1521/2038 1207/1526/2043
f 1207/1526/2043 1252/1521/2038 1288/1524/2040
f 1253/1527/2044 1148/1528/2045 1289/1530/2046
f 1289/1530/2046 1148/1528/2045 1208/1529/2047
f 1251/1522/2039 1253/1527/2044 1287/1523/2041
f 1287/1523/2041 1253/1527/2044 1289/1530/2046
f 1255/1531/2048 1254/1532/2049 1285/1534/2050
f 1285/1534/2050 1254/1532/2049 1284/1533/2051
f 1152/1535/2052 1255/1531/2048 1202/1536/2053
f 1202/1536/2053 1255/1531/2048 1285/1534/2050
f 1256/1537/2054 1153/1538/2055 1286/1540/2056
f 1286/1540/2056 1153/1538/2055 1203/1539/2057
f 1254/1532/2049 1256/1537/2054 1284/1533/2051
f 1284/1533/2051 1256/1537/2054 1286/1540/2056
f 1258/1541/2058 1257/1542/2059 1282/1544/2060
f 1282/1544/2060 1257/1542/2059 1281/1543/2061
f 1157/1545/2062 1258/1541/2058 1197/1546/2063
f 1197/1546/2063 1258/1541/2058 1282/1544/2060
f 1259/1547/2064 1158/1548/2065 1283/1550/2066
f 1283/1550/2066 1158/1548/2065 1198/1549/2067
f 1257/1542/2059 1259/1547/2064 1281/1543/2061
f 1281/1543/2061 1259/1547/2064 1283/1550/2066
f 1261/1551/2068 1260/1552/2069 1279/1554/2070
f 1279/1554/2070 1260/1552/2069 1278/1553/2071
f 1162/1555/2072 1261/1551/2068 1192/1556/2073
f 1192/1556/2073 1261/1551/2068 1279/1554/2070
f 1262/1557/2074 1163/1558/2075 1280/1560/2076
f 1280/1560/2076 1163/1558/2075 1193/1559/2077
f 1260/1552/2069 1262/1557/2074 1278/1553/2071
f 1278/1553/2071 1262/1557/2074 1280/1560/2076
f 1264/1561/2078 1263/1562/2079 1276/1564/2080
f 1276/1564/2080 1263/1562/2079 1275/1563/2081
f 1167/1565/2082 1264/1561/2078 1187/1566/2083
f 1187/1566/2083 1264/1561/2078 1276/1564/2080
f 1265/1567/2084 1168/1568/2085 1277/1570/2086
f 1277/1570/2086 1168/1568/2085 1188/1569/2087
f 1263/1562/2079 1265/1567/2084 1275/1563/2081
f 1275/1563/2081 1265/1567/2084 1277/1570/2086
f 1267/1571/2088 1266/1572/2089 1273/1574/2090
f 1273/1574/2090 1266/1572/2089 1272/1573/2091
f 1172/1575/2092 1267/1571/2088 1182/1576/2093
f 1182/1576/2093 1267/1571/2088 1273/1574/2090
f 1268/1577/2094 1173/1578/2095 1274/1580/2096
f 1274/1580/2096 1173/1578/2095 1183/1579/2097
f 1266/1572/2089 1268/1577/2094 1272/1573/2091
f 1272/1573/2091 1268/1577/2094 1274/1580/2096
f 1270/1476/1994 1269/1478/1995 1267/1571/2088
f 1267/1571/2088 1269/1478/1995 1266/1572/2089
f 1177/1477/1993 1270/1476/1994 1172/1575/2092
f 1172/1575/2092 1270/1476/1994 1267/1571/2088
f 1271/1479/1996 1178/1480/1997 1268/1577/2094
f 1268/1577/2094 1178/1480/1997 1173/1578/2095
f 1269/1478/1995 1271/1479/1996 1266/1572/2089
f 1266/1572/2089 1271/1479/1996 1268/1577/2094
f 1273/1574/2090 1272/1573/2091 1264/1561/2078
f 1264/1561/2078 1272/1573/2091 1263/1562/2079
f 1182/1576/2093 1273/1574/2090 1167/1565/2082
f 1167/1565/2082 1273/1574/2090 1264/1561/2078
f 1274/1580/2096 1183/1579/2097 1265/1567/2084
f 1265/1567/2084 1183/1579/2097 1168/1568/2085
f 1272/1573/2091 1274/1580/2096 1263/1562/2079
f 1263/1562/2079 1274/1580/2096 1265/1567/2084
f 1276/1564/2080 1275/1563/2081 1261/1551/2068
f 1261/1551/2068 1275/1563/2081 1260/1552/2069
f 1187/1566/2083 1276/1564/2080 1162/1555/2072
f 1162/1555/2072 1276/1564/2080 1261/1551/2068
f 1277/1570/2086 1188/1569/2087 1262/1557/2074
f 1262/1557/2074 1188/1569/2087 1163/1558/2075
f 1275/1563/2081 1277/1570/2086 1260/1552/2069
f 1260/1552/2069 1277/1570/2086 1262/1557/2074
f 1279/1554/2070 1278/1553/2071 1258/1541/2058
f 1258/1541/2058 1278/1553/2071 1257/1542/2059
f 1192/1556/2073 1279/1554/2070 1157/1545/2062
f 1157/1545/2062 1279/1554/2070 1258/1541/2058
f 1280/1560/2076 1193/1559/2077 1259/1547/2064
f 1259/1547/2064 1193/1559/2077 1158/1548/2065
f 1278/1553/2071 1280/1560/2076 1257/1542/2059
f 1257/1542/2059 1280/1560/2076 1259/1547/2064
f 1282/1544/2060 1281/1543/2061 1255/1531/2048
f 1255/1531/2048 1281/1543/2061 1254/1532/2049
f 1197/1546/2063 1282/1544/2060 1152/1535/2052
f 1152/1535/2052 1282/1544/2060 1255/1531/2048
f 1283/1550/2066 1198/1549/2067 1256/1537/2054
f 1256/1537/2054 1198/1549/2067 1153/1538/2055
f 1281/1543/2061 1283/1550/2066 1254/1532/2049
f 1254/1532/2049 1283/1550/2066 1256/1537/2054
f 1285/1534/2050 1284/1533/2051 1252/1521/2038
f 1252/1521/2038 1284/1533/2051 1251/1522/2039
f 1202/1536/2053 1285/1534/2050 1147/1525/2042
f 1147/1525/2042 1285/1534/2050 1252/1521/2038
f 1286/1540/2056 1203/1539/2057 1253/1527/2044
f 1253/1527/2044 1203/1539/2057 1148/1528/2045
f 1284/1533/2051 1286/1540/2056 1251/1522/2039
f 1251/1522/2039 1286/1540/2056 1253/1527/2044
f 1288/1524/2040 1287/1523/2041 1249/1511/2028
f 1249/1511/2028 1287/1523/2041 1248/1512/2029
f 1207/1526/2043 1288/1524/2040 1142/1515/2032
f 1142/1515/2032 1288/1524/2040 1249/1511/2028
f 1289/1530/2046 1208/1529/2047 1250/1517/2034
f 1250/1517/2034 1208/1529/2047 1143/1518/2035
f 1287/1523/2041 1289/1530/2046 1248/1512/2029
f 1248/1512/2029 1289/1530/2046 1250/1517/2034
f 1291/1514/2030 1290/1513/2031 1246/1501/2018
f 1246/1501/2018 1290/1513/2031 1245/1502/2019
f 1212/1516/2033 1291/1514/2030 1137/1505/2022
f 1137/1505/2022 1291/1514/2030 1246/1501/2018
f 1292/1520/2036 1213/1519/2037 1247/1507/2024
f 1247/1507/2024 1213/1519/2037 1138/1508/2025
f 1290/1513/2031 1292/1520/2036 1245/1502/2019
f 1245/1502/2019 1292/1520/2036 1247/1507/2024
f 1294/1504/2020 1293/1503/2021 1243/1491/2008
f 1243/1491/2008 1293/1503/2021 1242/1492/2009
f 1217/1506/2023 1294/1504/2020 1132/1495/2012
f 1132/1495/2012 1294/1504/2020 1243/1491/2008
f 1295/1510/2026 1218/1509/2027 1244/1497/2014
f 1244/1497/2014 1218/1509/2027 1133/1498/2015
f 1293/1503/2021 1295/1510/2026 1242/1492/2009
f 1242/1492/2009 1295/1510/2026 1244/1497/2014
f 1297/1494/2010 1296/1493/2011 1240/1481/1998
f 1240/1481/1998 1296/1493/2011 1239/1482/1999
f 1222/1496/2013 1297/1494/2010 1127/1485/2002
f 1127/1485/2002 1297/1494/2010 1240/1481/1998
f 1298/1500/2016 1223/1499/2017 1241/1487/2004
f 1241/1487/2004 1223/1499/2017 1128/1488/2005
f 1296/1493/2011 1298/1500/2016 1239/1482/1999
f 1239/1482/1999 1298/1500/2016 1241/1487/2004
f 1300/1484/2000 1299/1483/2001 1236/1582/2098
f 1236/1582/2098 1299/1483/2001 1237/1581/2099
f 1227/1486/2003 1300/1484/2000 1120/1583/2100
f 1120/1583/2100 1300/1484/2000 1236/1582/2098
f 1301/1490/2006 1228/1489/2007 1238/1585/2101
f 1238/1585/2101 1228/1489/2007 1124/1584/2102
f 1299/1483/2001 1301/1490/2006 1237/1581/2099
f 1237/1581/2099 1301/1490/2006 1238/1585/2101
s 62
f 1307/1587/2103 1308/1588/2104 1302/1586/2105
f 1302/1586/2105 1308/1588/2104 1303/1589/2106
f 1308/1588/2104 1309/1590/2107 1303/1589/2106
f 1303/1589/2106 1309/1590/2107 1304/1591/2108
f 1309/1590/2107 1306/1592/2109 1304/1591/2108
f 1304/1591/2108 1306/1592/2109 1305/1593/2110
s 63
f 1303/1589/2111 1311/1594/2112 1302/1586/2113
f 1302/1586/2113 1311/1594/2112 1310/1595/2114
f 1303/1589/2111 1304/1591/2115 1311/1594/2112
f 1311/1594/2112 1304/1591/2115 1312/1596/2116
f 1304/1591/2115 1305/1593/2117 1312/1596/2116
f 1312/1596/2116 1305/1593/2117 1313/1597/2118
s 64
f 1306/1592/2119 1314/1598/2120 1305/1593/2121
f 1305/1593/2121 1314/1598/2120 1313/1599/2122
s 63
f 1307/1587/2123 1302/1586/2113 1315/1601/2124
f 1315/1601/2124 1302/1586/2113 1310/1600/2114
s 65
f 1317/1602/2125 1316/1603/2126 1321/1605/2127
f 1321/1605/2127 1316/1603/2126 1320/1604/2128
s 66
f 1318/1606/2129 1317/1602/2130 1322/1607/2131
f 1322/1607/2131 1317/1602/2130 1321/1605/2132
s 67
f 1319/1608/2133 1318/1609/2134 1323/1611/2135
f 1323/1611/2135 1318/1609/2134 1322/1610/2136
s 68
f 1316/1603/2137 1319/1608/2138 1320/1604/2139
f 1320/1604/2139 1319/1608/2138 1323/1611/2140
s 69
f 1321/1612/2141 1320/1613/2142 1325/1615/2143
f 1325/1615/2143 1320/1613/2142 1324/1614/2144
f 1322/1616/2145 1321/1612/2141 1326/1617/2146
f 1326/1617/2146 1321/1612/2141 1325/1615/2143
f 1323/1618/2147 1322/1619/2145 1327/1621/2148
f 1327/1621/2148 1322/1619/2145 1326/1620/2146
f 1320/1613/2142 1323/1618/2147 1324/1614/2144
f 1324/1614/2144 1323/1618/2147 1327/1621/2148
s 70
f 1325/1615/2149 1324/1614/2150 1329/1623/2151
f 1329/1623/2151 1324/1614/2150 1328/1622/2152
s 71
f 1326/1617/2153 1325/1615/2154 1330/1624/2155
f 1330/1624/2155 1325/1615/2154 1329/1623/2156
s 72
f 1327/1621/2157 1326/1620/2158 1331/1626/2159
f 1331/1626/2159 1326/1620/2158 1330/1625/2160
s 73
f 1324/1614/2161 1327/1621/2162 1328/1622/2163
f 1328/1622/2163 1327/1621/2162 1331/1626/2164
s 74
f 1329/1623/2165 1328/1622/2166 1317/1628/2167
f 1317/1628/2167 1328/1622/2166 1316/1627/2168
f 1330/1624/2169 1329/1623/2165 1318/1629/2170
f 1318/1629/2170 1329/1623/2165 1317/1628/2167
f 1331/1626/2171 1330/1625/2169 1319/1631/2172
f 1319/1631/2172 1330/1625/2169 1318/1630/2170
f 1328/1622/2166 1331/1626/2171 1316/1627/2168
f 1316/1627/2168 1331/1626/2171 1319/1631/2172
s 75
f 1335/1632/2173 1089/1633/2174 1334/1634/2175
f 1334/1634/2175 1089/1633/2174 1090/1635/2176
f 1333/1636/2177 1335/1632/2173 1332/1637/2178
f 1332/1637/2178 1335/1632/2173 1334/1634/2175
s 76
f 1333/1636/2179 1332/1637/2180 1096/1639/2181
f 1096/1639/2181 1332/1637/2180 1095/1638/2182
s 77
f 1342/1641/2183 1340/1642/2184 1336/1640/2185
f 1336/1640/2185 1340/1642/2184 1341/1643/2186
s 78
f 1336/1640/2187 1337/1644/2188 1342/1641/2189
f 1342/1641/2189 1337/1644/2188 1343/1645/2190
s 77
f 1340/1642/2184 1342/1641/2183 1339/1646/2191
f 1339/1646/2191 1342/1641/2183 1343/1645/2192
f 1339/1647/2191 1343/1645/2192 1338/1648/2193
f 1338/1648/2193 1343/1645/2192 1337/1644/2194
s 78
f 1337/1644/2188 1336/1640/2187 1338/1649/2195
s 77
f 1339/1647/2191 1338/1648/2193 1106/1651/2196
f 1106/1651/2196 1338/1648/2193 1105/1650/2197
f 1340/1642/2184 1339/1646/2191 1107/1653/2198
f 1107/1653/2198 1339/1646/2191 1106/1652/2196
f 1340/1642/2184 1107/1654/2198 1341/1643/2186
f 1341/1643/2186 1107/1654/2198 1108/1655/2199
f 1336/1640/2185 1341/1643/2186 1109/1657/2200
f 1109/1657/2200 1341/1643/2186 1108/1656/2199
s 78
f 1338/1649/2195 1336/1640/2187 1105/1659/2201
f 1105/1659/2201 1336/1640/2187 1109/1658/2202
s 79
f 1345/1660/2203 1349/1663/2204 1344/1661/2205
f 1344/1661/2205 1349/1663/2204 1348/1662/2206
s 80
f 1346/1664/2207 1350/1665/2208 1345/1660/2209
f 1345/1660/2209 1350/1665/2208 1349/1663/2210
s 81
f 1347/1666/2211 1351/1669/2212 1346/1667/2213
f 1346/1667/2213 1351/1669/2212 1350/1668/2214
s 82
f 1344/1661/2215 1348/1662/2216 1347/1666/2217
f 1347/1666/2217 1348/1662/2216 1351/1669/2218
s 83
f 1349/1670/2219 1353/1673/2220 1348/1671/2221
f 1348/1671/2221 1353/1673/2220 1352/1672/2222
f 1350/1674/2223 1354/1675/2224 1349/1670/2219
f 1349/1670/2219 1354/1675/2224 1353/1673/2220
f 1351/1676/2225 1355/1679/2226 1350/1677/2223
f 1350/1677/2223 1355/1679/2226 1354/1678/2224
f 1348/1671/2221 1352/1672/2222 1351/1676/2225
f 1351/1676/2225 1352/1672/2222 1355/1679/2226
s 86
f 1353/1673/2227 1357/1681/2228 1352/1672/2229
f 1352/1672/2229 1357/1681/2228 1356/1680/2230
s 87
f 1354/1675/2231 1358/1682/2232 1353/1673/2233
f 1353/1673/2233 1358/1682/2232 1357/1681/2234
s 88
f 1355/1679/2235 1359/1684/2236 1354/1678/2237
f 1354/1678/2237 1359/1684/2236 1358/1683/2238
s 89
f 1352/1672/2239 1356/1680/2240 1355/1679/2241
f 1355/1679/2241 1356/1680/2240 1359/1684/2242
s 90
f 1357/1681/2243 1345/1686/2244 1356/1680/2245
f 1356/1680/2245 1345/1686/2244 1344/1685/2246
f 1358/1682/2247 1346/1687/2248 1357/1681/2243
f 1357/1681/2243 1346/1687/2248 1345/1686/2244
f 1359/1684/2249 1347/1689/2250 1358/1683/2247
f 1358/1683/2247 1347/1689/2250 1346/1688/2248
f 1356/1680/2245 1344/1685/2246 1359/1684/2249
f 1359/1684/2249 1344/1685/2246 1347/1689/2250
s 93
f 1361/1690/2251 1360/1691/2252 1365/1693/2253
f 1365/1693/2253 1360/1691/2252 1364/1692/2254
s 94
f 1362/1694/2255 1361/1690/2256 1366/1695/2257
f 1366/1695/2257 1361/1690/2256 1365/1693/2258
s 95
f 1363/1696/2259 1362/1697/2260 1367/1699/2261
f 1367/1699/2261 1362/1697/2260 1366/1698/2262
s 96
f 1360/1691/2263 1363/1696/2264 1364/1692/2265
f 1364/1692/2265 1363/1696/2264 1367/1699/2266
s 97
f 1365/1700/2267 1364/1701/2268 1369/1703/2269
f 1369/1703/2269 1364/1701/2268 1368/1702/2270
f 1366/1704/2271 1365/1700/2267 1370/1705/2272
f 1370/1705/2272 1365/1700/2267 1369/1703/2269
f 1367/1706/2273 1366/1707/2271 1371/1709/2274
f 1371/1709/2274 1366/1707/2271 1370/1708/2272
f 1364/1701/2268 1367/1706/2273 1368/1702/2270
f 1368/1702/2270 1367/1706/2273 1371/1709/2274
s 98
f 1369/1703/2275 1368/1702/2276 1373/1711/2277
f 1373/1711/2277 1368/1702/2276 1372/1710/2278
s 99
f 1370/1705/2279 1369/1703/2280 1374/1712/2281
f 1374/1712/2281 1369/1703/2280 1373/1711/2282
s 100
f 1371/1709/2283 1370/1708/2284 1375/1714/2285
f 1375/1714/2285 1370/1708/2284 1374/1713/2286
s 101
f 1368/1702/2287 1371/1709/2288 1372/1710/2289
f 1372/1710/2289 1371/1709/2288 1375/1714/2290
s 102
f 1373/1711/2291 1372/1710/2292 1361/1716/2293
f 1361/1716/2293 1372/1710/2292 1360/1715/2294
f 1374/1712/2295 1373/1711/2291 1362/1717/2296
f 1362/1717/2296 1373/1711/2291 1361/1716/2293
f 1375/1714/2297 1374/1713/2295 1363/1719/2298
f 1363/1719/2298 1374/1713/2295 1362/1718/2296
f 1372/1710/2292 1375/1714/2297 1360/1715/2294
f 1360/1715/2294 1375/1714/2297 1363/1719/2298
s 103
f 1390/1720/2299 1376/1721/2300 1397/1722/2301
f 1390/1720/2299 1378/1723/2302 1376/1721/2300
f 1398/1724/2303 1379/1725/2304 1390/1720/2299
f 1390/1720/2299 1379/1725/2304 1378/1723/2302
f 1401/1726/2305 1381/1727/2306 1391/1729/2307
f 1391/1729/2307 1381/1727/2306 1380/1728/2308
f 1383/1731/2309 1382/1732/2310 1393/1730/2311
f 1393/1730/2311 1382/1732/2310 1392/1733/2312
f 1394/1734/2313 1384/1735/2314 1393/1730/2311
f 1393/1730/2311 1384/1735/2314 1383/1731/2309
f 1395/1736/2315 1385/1737/2316 1394/1734/2313
f 1394/1734/2313 1385/1737/2316 1384/1735/2314
f 1386/1739/2317 1385/1737/2316 1399/1738/2318
f 1399/1738/2318 1385/1737/2316 1395/1736/2315
f 1377/1740/2319 1387/1741/2320 1396/1742/2321
f 1391/1729/2307 1380/1728/2308 1398/1724/2303
f 1398/1724/2303 1380/1728/2308 1379/1725/2304
f 1388/1744/2322 1386/1739/2317 1402/1743/2323
f 1402/1743/2323 1386/1739/2317 1399/1738/2318
f 1382/1732/2324 1389/1745/2325 1392/1733/2326
f 1392/1733/2326 1389/1745/2325 1400/1746/2327
f 1400/1746/2327 1389/1745/2325 1401/1726/2305
f 1401/1726/2305 1389/1745/2325 1381/1727/2306
f 1387/1741/2320 1388/1744/2322 1396/1742/2321
f 1396/1742/2321 1388/1744/2322 1402/1743/2323
f 1420/1748/2328 1414/1749/2329 1412/1747/2330
f 1412/1747/2330 1414/1749/2329 1419/1750/2331
f 1408/1752/2332 1409/1753/2333 1411/1751/2334
f 1411/1751/2334 1409/1753/2333 1410/1754/2335
f 1415/1755/2336 1418/1756/2337 1413/1758/2338
f 1413/1758/2338 1418/1756/2337 1416/1757/2339
f 1406/1759/2340 1415/1760/2336 1376/1721/2300
f 1414/1749/2329 1413/1758/2338 1419/1750/2331
f 1419/1750/2331 1413/1758/2338 1416/1757/2339
f 1403/1761/2341 1420/1748/2328 1377/1762/2319
f 1377/1762/2319 1420/1748/2328 1412/1747/2330
f 1419/1750/2331 1416/1757/2339 1422/1763/2342
f 1422/1763/2342 1416/1757/2339 1421/1764/2343
f 1418/1756/2337 1428/1765/2344 1416/1757/2339
f 1416/1757/2339 1428/1765/2344 1421/1764/2343
f 1412/1747/2330 1419/1750/2331 1432/1766/2345
f 1432/1766/2345 1419/1750/2331 1422/1763/2342
f 1423/1768/2346 1424/1769/2347 1429/1767/2348
f 1429/1767/2348 1424/1769/2347 1411/1751/2334
f 1424/1769/2347 1425/1770/2349 1411/1751/2334
f 1411/1751/2334 1425/1770/2349 1408/1752/2332
f 1426/1772/2350 1427/1773/2351 1430/1771/2352
f 1430/1771/2352 1427/1773/2351 1431/1774/2353
f 1408/1752/2332 1425/1770/2349 1430/1771/2352
f 1430/1771/2352 1425/1770/2349 1426/1772/2350
f 1407/1775/2354 1418/1756/2337 1417/1776/2355
f 1407/1775/2354 1431/1774/2353 1418/1756/2337
f 1431/1774/2353 1427/1773/2351 1418/1756/2337
f 1427/1773/2351 1428/1765/2344 1418/1756/2337
f 1432/1766/2345 1422/1763/2342 1429/1767/2348
f 1429/1767/2348 1422/1763/2342 1423/1768/2346
f 1417/1776/2355 1418/1756/2337 1406/1777/2340
f 1406/1777/2340 1418/1756/2337 1415/1755/2336
s 119
f 1420/1748/2356 1403/1761/2357 1404/1778/2358
s 103
f 1406/1759/2340 1376/1721/2300 1378/1723/2302
f 1417/1779/2359 1406/1759/2340 1379/1725/2304
f 1379/1725/2304 1406/1759/2340 1378/1723/2302
f 1431/1780/2360 1407/1781/2361 1381/1727/2306
f 1381/1727/2306 1407/1781/2361 1380/1728/2308
f 1408/1783/2362 1382/1732/2310 1409/1782/2363
f 1409/1782/2363 1382/1732/2310 1383/1731/2309
f 1410/1784/2364 1409/1782/2363 1384/1735/2314
f 1384/1735/2314 1409/1782/2363 1383/1731/2309
f 1411/1785/2334 1410/1784/2364 1385/1737/2316
f 1385/1737/2316 1410/1784/2364 1384/1735/2314
f 1411/1785/2334 1385/1737/2316 1429/1786/2348
f 1429/1786/2348 1385/1737/2316 1386/1739/2317
f 1377/1740/2319 1412/1787/2330 1387/1741/2320
f 1407/1781/2361 1417/1779/2359 1380/1728/2308
f 1380/1728/2308 1417/1779/2359 1379/1725/2304
s 119
f 1414/1749/2365 1420/1748/2356 1405/1788/2366
f 1405/1788/2366 1420/1748/2356 1404/1778/2358
s 120
f 1422/1789/2367 1421/1790/2368 1434/1792/2369
f 1434/1792/2369 1421/1790/2368 1433/1791/2370
f 1423/1793/2371 1422/1789/2367 1435/1794/2372
f 1435/1794/2372 1422/1789/2367 1434/1792/2369
f 1424/1795/2373 1423/1793/2371 1436/1796/2374
f 1436/1796/2374 1423/1793/2371 1435/1794/2372
f 1425/1797/2375 1424/1795/2373 1437/1798/2376
f 1437/1798/2376 1424/1795/2373 1436/1796/2374
f 1426/1799/2377 1425/1797/2375 1438/1800/2378
f 1438/1800/2378 1425/1797/2375 1437/1798/2376
f 1427/1801/2379 1426/1799/2377 1439/1802/2380
f 1439/1802/2380 1426/1799/2377 1438/1800/2378
f 1428/1803/2381 1427/1801/2379 1440/1804/2382
f 1440/1804/2382 1427/1801/2379 1439/1802/2380
s 103
f 1429/1786/2348 1386/1739/2317 1432/1805/2345
f 1432/1805/2345 1386/1739/2317 1388/1744/2322
f 1430/1806/2383 1389/1745/2325 1408/1783/2384
f 1408/1783/2384 1389/1745/2325 1382/1732/2324
f 1430/1806/2383 1431/1780/2360 1389/1745/2325
f 1389/1745/2325 1431/1780/2360 1381/1727/2306
f 1432/1805/2345 1388/1744/2322 1412/1787/2330
f 1412/1787/2330 1388/1744/2322 1387/1741/2320
s 120
f 1428/1803/2381 1440/1804/2382 1421/1808/2368
f 1421/1808/2368 1440/1804/2382 1433/1807/2370
s 122
f 1445/1812/2385 1442/1811/2386 1396/1809/2387
f 1396/1809/2387 1442/1811/2386 1446/1810/2388
f 1394/1816/2389 1393/1815/2390 1395/1813/2391
f 1395/1813/2391 1393/1815/2390 1392/1814/2392
f 1397/1817/2393 1441/1820/2394 1444/1818/2395
f 1444/1818/2395 1441/1820/2394 1443/1819/2396
f 1443/1819/2396 1441/1820/2394 1445/1812/2385
f 1445/1812/2385 1441/1820/2394 1442/1811/2386
f 1403/1821/2397 1377/1822/2398 1446/1810/2388
f 1446/1810/2388 1377/1822/2398 1396/1809/2387
f 1433/1824/2399 1443/1819/2396 1434/1823/2400
f 1434/1823/2400 1443/1819/2396 1445/1812/2385
f 1444/1818/2395 1443/1819/2396 1440/1825/2401
f 1440/1825/2401 1443/1819/2396 1433/1824/2399
f 1396/1809/2387 1402/1826/2402 1445/1812/2385
f 1445/1812/2385 1402/1826/2402 1434/1823/2400
f 1395/1813/2391 1436/1829/2403 1399/1827/2404
f 1399/1827/2404 1436/1829/2403 1435/1828/2405
f 1392/1814/2392 1437/1830/2406 1395/1813/2391
f 1395/1813/2391 1437/1830/2406 1436/1829/2403
f 1401/1834/2407 1439/1833/2408 1400/1831/2409
f 1400/1831/2409 1439/1833/2408 1438/1832/2410
f 1392/1814/2392 1400/1831/2409 1437/1830/2406
f 1437/1830/2406 1400/1831/2409 1438/1832/2410
f 1391/1835/2411 1398/1836/2412 1444/1818/2395
f 1391/1835/2411 1444/1818/2395 1401/1834/2407
f 1401/1834/2407 1444/1818/2395 1439/1833/2408
f 1444/1818/2395 1440/1825/2401 1439/1833/2408
f 1402/1826/2402 1399/1827/2404 1434/1823/2400
f 1434/1823/2400 1399/1827/2404 1435/1828/2405
f 1398/1836/2412 1390/1837/2413 1444/1818/2395
f 1444/1818/2395 1390/1837/2413 1397/1817/2393
s 129
f 1446/1810/2414 1404/1838/2415 1403/1821/2416
f 1442/1811/2417 1405/1839/2418 1446/1810/2414
f 1446/1810/2414 1405/1839/2418 1404/1838/2415
s 130
f 1448/1843/2419 1453/1842/2420 1447/1840/2421
f 1447/1840/2421 1453/1842/2420 1452/1841/2422
f 1453/1842/2420 1448/1843/2419 1454/1844/2423
f 1454/1844/2423 1448/1843/2419 1449/1845/2424
f 1454/1844/2423 1449/1845/2424 1451/1846/2425
f 1451/1846/2425 1449/1845/2424 1450/1847/2426
s 131
f 1310/1849/2427 1311/1848/2428 1447/1840/2429
f 1447/1840/2429 1311/1848/2428 1448/1843/2430
f 1448/1843/2430 1311/1848/2428 1449/1845/2431
f 1449/1845/2431 1311/1848/2428 1312/1850/2432
f 1449/1845/2431 1312/1850/2432 1450/1847/2433
f 1450/1847/2433 1312/1850/2432 1313/1851/2434
s 132
f 1313/1853/2435 1314/1852/2436 1450/1847/2437
f 1450/1847/2437 1314/1852/2436 1451/1846/2438
s 131
f 1452/1841/2439 1315/1855/2440 1447/1840/2429
f 1447/1840/2429 1315/1855/2440 1310/1854/2427
s 133
f 1455/1319/2441 1456/1856/2442 1089/1857/2443
f 1094/1318/2444 1089/1857/2443 1456/1856/2442
s 134
f 1094/1859/2445 1456/1318/2446 1092/1322/2447
f 1092/1322/2447 1456/1318/2446 1457/1858/2448
s 135
f 1455/1860/2449 1089/1632/2450 1458/1633/2451
f 1089/1632/2450 1335/1861/2452 1458/1633/2451
s 136
f 1335/1636/2453 1333/1863/2454 1458/1862/2455
f 1458/1862/2455 1333/1863/2454 1459/1632/2456
g default
v -295.410308 -31.691499 0.000007
v -289.477238 -24.207190 0.000007
v -283.216061 -19.007650 0.000007
v -276.370770 -14.701769 0.000007
v -247.699853 -8.375036 0.000007
v -211.216232 -2.682038 0.000007
v -167.154136 3.058073 0.000007
v -123.256066 7.581703 0.000007
v -83.028675 10.455791 0.000007
v -38.654939 11.922215 0.000007
v -42.607837 -3.187841 1.416099
v -82.961384 -4.331478 1.416099
v -122.742112 -6.399260 1.416099
v -166.171307 -10.420914 1.416099
v -210.737694 -16.177001 1.416099
v -247.733938 -21.772271 1.416099
v -272.294774 -26.632589 1.416099
v -40.631378 4.367193 2.292022
v -82.995040 3.062161 2.292022
v -122.999079 0.591222 2.292022
v -166.662722 -3.681420 2.292022
v -210.976942 -9.429518 2.292022
v -247.716875 -15.073652 2.292022
v -273.110803 -20.106706 2.292022
v -285.992298 -29.630353 1.416099
v -280.180630 -24.006980 2.292022
v -42.607837 -3.187841 0.000007
v -82.961384 -4.331478 0.000007
v -122.742112 -6.399260 0.000007
v -166.171307 -10.420914 0.000007
v -210.737694 -16.177001 0.000007
v -247.733938 -21.772271 0.000007
v -272.294774 -26.632589 0.000007
v -285.992298 -29.630353 0.000007
v -43.006924 -8.726425 2.649405
v -33.587568 25.368126 5.558084
v -32.848144 26.159619 2.649422
v -30.358513 24.050702 2.649424
v -33.266829 -3.079090 6.006583
v -41.403114 -9.405617 2.649418
v -36.692408 0.377904 9.801656
v -32.284661 23.760513 5.680602
v -32.848144 26.159619 0.000000
v -30.358513 24.050702 0.000000
v -33.266829 -3.079090 0.000000
v -41.403114 -9.405617 0.000000
v -43.006924 -8.726425 0.000000
v -34.407307 10.308469 0.000000
v -34.290179 8.470135 2.788844
v -34.007422 4.032008 3.944022
v -33.724686 -0.406131 2.788844
v -33.607578 -2.244467 0.000000
v -30.176506 -2.040908 0.000000
v -29.314825 -0.149922 2.788844
v -27.197158 4.407555 3.944022
v -25.026396 8.953622 2.788844
v -24.111747 10.833202 0.000000
v 35.485023 -2.149488 0.000000
v 35.852472 -0.313494 2.788844
v 36.739719 4.119024 3.944022
v 37.627010 8.551539 2.788844
v 37.994479 10.387540 0.000000
v 30.926987 4.219089 3.944022
v 29.899501 -0.211016 2.788844
v 29.473918 -2.046024 0.000000
v 32.380077 10.484187 0.000000
v 31.954515 8.649191 2.788844
v 25.114232 4.319157 3.944022
v 23.946488 -0.108535 2.788844
v 23.462854 -1.942541 0.000000
v 26.765653 10.580854 0.000000
v 26.282020 8.746843 2.788844
v 19.301521 4.419224 3.944022
v 17.993517 -0.006057 2.788844
v 17.451769 -1.839064 0.000000
v 21.151231 10.677499 0.000000
v 20.609504 8.844494 2.788844
v 13.488767 4.519288 3.944022
v 12.040525 0.096424 2.788844
v 11.440684 -1.735583 0.000000
v 15.536850 10.774148 0.000000
v 14.937031 8.942147 2.788844
v 7.676013 4.619351 3.944022
v 6.087554 0.198897 2.788844
v 5.429619 -1.632089 0.000000
v 9.922449 10.870795 0.000000
v 9.264537 9.039789 2.788844
v 1.863259 4.719415 3.944022
v 0.134562 0.301384 2.788844
v -0.581444 -1.528617 0.000000
v 4.308047 10.967452 0.000000
v 3.592020 9.137450 2.788844
v -3.949529 4.813302 3.944022
v -5.774000 0.383141 2.788844
v -6.518019 -1.454312 0.000000
v -1.306335 11.064111 0.000000
v -2.085293 9.234951 2.788844
v -9.763062 4.838727 3.944022
v -11.661503 0.381450 2.788844
v -12.435269 -1.467441 0.000000
v -7.004684 11.126450 0.000000
v -7.821473 9.286791 2.788844
v -15.576271 4.779582 3.944022
v -17.548386 0.292015 2.788844
v -18.351657 -1.569615 0.000000
v -12.708215 11.108847 0.000000
v -13.557809 9.257168 2.788844
v -21.388078 4.635840 3.944022
v -23.433263 0.114884 2.788844
v -24.265838 -1.760778 0.000000
v -18.410962 11.011093 0.000000
v -19.293183 9.146111 2.788844
v -24.293019 4.532261 5.044032
v -26.345794 -0.645607 3.683732
v -27.169630 -2.988514 0.000000
v -21.296024 12.031643 0.000000
v -22.181587 9.699368 3.683732
v -18.482417 4.718275 5.044032
v -20.471935 -0.424978 3.683732
v -21.273557 -2.753506 0.000000
v -15.578594 12.169843 0.000000
v -16.438084 9.851385 3.683732
v -12.669763 4.819730 5.044032
v -14.595403 -0.291913 3.683732
v -15.374703 -2.607255 0.000000
v -9.859859 12.227678 0.000000
v -10.692978 9.921835 3.683732
v -6.856234 4.836590 5.044032
v -8.717590 -0.246427 3.683732
v -9.474206 -2.549760 0.000000
v -4.140875 12.205144 0.000000
v -4.947471 9.910705 3.683732
v -1.043076 4.769452 5.044032
v -2.839717 -0.288526 3.683732
v -3.573626 -2.581060 0.000000
v 1.519764 12.115633 0.000000
v 0.766777 9.825863 3.683732
v 4.769657 4.669387 5.044032
v 3.100064 -0.389445 3.683732
v 2.405128 -2.680213 0.000000
v 7.134186 12.018988 0.000000
v 6.439272 9.728210 3.683732
v 10.582390 4.569322 5.044032
v 9.053056 -0.491927 3.683732
v 8.416212 -2.783684 0.000000
v 12.748568 11.922329 0.000000
v 12.111787 9.630570 3.683732
v 16.395144 4.469248 5.044032
v 15.006027 -0.594405 3.683732
v 14.427297 -2.887171 0.000000
v 18.363012 11.825674 0.000000
v 17.784303 9.532909 3.683732
v 22.207877 4.369188 5.044032
v 20.959019 -0.696887 3.683732
v 20.438383 -2.990658 0.000000
v 23.977392 11.729026 0.000000
v 23.456776 9.435266 3.683732
v 28.020610 4.269118 5.044032
v 26.911990 -0.799365 3.683732
v 26.449467 -3.094129 0.000000
v 29.591794 11.632378 0.000000
v 29.129272 9.337609 3.683732
v 33.833363 4.169060 5.044032
v 32.864961 -0.901848 3.683732
v 32.460531 -3.197612 0.000000
v 35.206175 11.535719 0.000000
v 34.801766 9.239956 3.683732
v -34.290179 8.470135 -2.788844
v -34.007422 4.032008 -3.944022
v -33.724686 -0.406131 -2.788844
v -29.314825 -0.149922 -2.788844
v -27.197158 4.407555 -3.944022
v -25.026396 8.953622 -2.788844
v 35.852472 -0.313494 -2.788844
v 36.739719 4.119024 -3.944022
v 37.627010 8.551539 -2.788844
v 30.926987 4.219089 -3.944022
v 29.899501 -0.211016 -2.788844
v 31.954515 8.649191 -2.788844
v 25.114232 4.319157 -3.944022
v 23.946488 -0.108535 -2.788844
v 26.282020 8.746843 -2.788844
v 19.301521 4.419224 -3.944022
v 17.993517 -0.006057 -2.788844
v 20.609504 8.844494 -2.788844
v 13.488767 4.519288 -3.944022
v 12.040525 0.096424 -2.788844
v 14.937031 8.942147 -2.788844
v 7.676013 4.619351 -3.944022
v 6.087554 0.198897 -2.788844
v 9.264537 9.039789 -2.788844
v 1.863259 4.719415 -3.944022
v 0.134562 0.301384 -2.788844
v 3.592020 9.137450 -2.788844
v -3.949529 4.813302 -3.944022
v -5.774000 0.383141 -2.788844
v -2.085293 9.234951 -2.788844
v -9.763062 4.838727 -3.944022
v -11.661503 0.381450 -2.788844
v -7.821473 9.286791 -2.788844
v -15.576271 4.779582 -3.944022
v -17.548386 0.292015 -2.788844
v -13.557809 9.257168 -2.788844
v -21.388078 4.635840 -3.944022
v -23.433263 0.114884 -2.788844
v -19.293183 9.146111 -2.788844
v -24.293019 4.532261 -5.044032
v -26.345794 -0.645607 -3.683732
v -22.181587 9.699368 -3.683732
v -18.482417 4.718275 -5.044032
v -20.471935 -0.424978 -3.683732
v -16.438084 9.851385 -3.683732
v -12.669763 4.819730 -5.044032
v -14.595403 -0.291913 -3.683732
v -10.692978 9.921835 -3.683732
v -6.856234 4.836590 -5.044032
v -8.717590 -0.246427 -3.683732
v -4.947471 9.910705 -3.683732
v -1.043076 4.769452 -5.044032
v -2.839717 -0.288526 -3.683732
v 0.766777 9.825863 -3.683732
v 4.769657 4.669387 -5.044032
v 3.100064 -0.389445 -3.683732
v 6.439272 9.728210 -3.683732
v 10.582390 4.569322 -5.044032
v 9.053056 -0.491927 -3.683732
v 12.111787 9.630570 -3.683732
v 16.395144 4.469248 -5.044032
v 15.006027 -0.594405 -3.683732
v 17.784303 9.532909 -3.683732
v 22.207877 4.369188 -5.044032
v 20.959019 -0.696887 -3.683732
v 23.456776 9.435266 -3.683732
v 28.020610 4.269118 -5.044032
v 26.911990 -0.799365 -3.683732
v 29.129272 9.337609 -3.683732
v 33.833363 4.169060 -5.044032
v 32.864961 -0.901848 -3.683732
v 34.801766 9.239956 -3.683732
v -40.927529 13.625918 -0.725565
v -44.353876 4.266861 -3.085872
v -55.463112 -2.638279 -2.193931
v -55.824025 -4.734566 -2.193931
v -40.200585 -3.657600 -2.193931
v -35.268165 13.951027 -0.725565
v -38.018369 4.433425 -3.085872
v -39.661335 -1.700679 -2.193931
v -40.927529 13.625918 0.000000
v -44.353876 4.266861 0.000000
v -55.463112 -2.638279 0.000000
v -55.824025 -4.734566 0.000000
v -41.534955 -3.692680 0.000000
v -35.274494 14.038112 0.000000
v 48.808075 2.106337 3.938057
v 56.419391 4.131429 3.938057
v 56.419391 4.131429 -3.938057
v 48.808075 2.106337 -3.938057
v 48.223226 4.304438 3.938057
v 55.834552 6.329531 3.938057
v 55.834552 6.329531 -3.938057
v 48.223226 4.304438 -3.938057
v 46.885612 3.948541 5.322223
v 57.172188 6.685419 5.322223
v 57.172188 6.685419 -5.322223
v 46.885612 3.948541 -5.322223
v 47.470429 1.750438 5.322223
v 57.757037 4.487318 5.322223
v 57.757037 4.487318 -5.322223
v 47.470429 1.750438 -5.322223
v -42.607837 -3.187841 -1.416093
v -82.961384 -4.331478 -1.416093
v -122.742112 -6.399260 -1.416093
v -166.171307 -10.420914 -1.416093
v -210.737694 -16.177001 -1.416093
v -247.733938 -21.772271 -1.416093
v -272.294774 -26.632589 -1.416093
v -40.631378 4.367193 -2.292015
v -82.995040 3.062161 -2.292015
v -122.999079 0.591222 -2.292015
v -166.662722 -3.681420 -2.292015
v -210.976942 -9.429518 -2.292015
v -247.716875 -15.073652 -2.292015
v -273.110803 -20.106706 -2.292015
v -285.992298 -29.630353 -1.416093
v -280.180630 -24.006980 -2.292015
v -43.006924 -8.726425 -2.649398
v -33.587568 25.368126 -5.558084
v -32.848144 26.159619 -2.649422
v -30.358513 24.050702 -2.649424
v -33.266829 -3.079090 -6.006583
v -41.403114 -9.405617 -2.649418
v -36.692408 0.377904 -9.801656
v -32.284661 23.760513 -5.680602
v 61.096981 0.013143 -3.132077
v 66.288726 5.625949 -5.022983
v 60.764999 11.121851 -3.875532
v 55.573254 5.509049 -1.984627
v 60.479786 -0.151407 -5.315116
v 65.671510 5.461399 -7.206024
v 60.147783 10.957305 -6.058573
v 54.956049 5.344499 -4.167665
v 60.538134 -2.103676 -5.184454
v 67.554671 5.481943 -7.739986
v 60.089457 12.909571 -6.189225
v 53.072899 5.323956 -3.633692
v 61.155329 -1.939132 -3.001413
v 68.171897 5.646494 -5.556948
v 60.706662 13.074126 -4.006186
v 53.690094 5.488500 -1.450652
v 61.096981 0.013143 3.132077
v 66.288726 5.625949 5.022983
v 60.764999 11.121851 3.875532
v 55.573254 5.509049 1.984627
v 60.479786 -0.151407 5.315116
v 65.671510 5.461399 7.206024
v 60.147783 10.957305 6.058573
v 54.956049 5.344499 4.167665
v 60.538134 -2.103676 5.184454
v 67.554671 5.481943 7.739986
v 60.089457 12.909571 6.189225
v 53.072899 5.323956 3.633692
v 61.155329 -1.939132 3.001413
v 68.171897 5.646494 5.556948
v 60.706662 13.074126 4.006186
v 53.690094 5.488500 1.450652
v 37.992109 10.434209 0.000000
v 38.436927 -3.504785 0.000000
v 41.004303 13.235197 0.000000
v 42.316852 13.176730 0.000000
v 46.761009 12.978789 0.000000
v 49.203143 9.402980 0.000000
v 56.551475 -1.356502 0.000000
v 53.387077 -4.733729 0.000000
v 50.972607 -4.717146 0.000000
v 49.141700 -2.277827 0.000000
v 45.438677 -2.299885 0.000000
v 39.685207 -2.334153 0.000000
v 42.841886 -2.315351 0.000000
v 51.451741 6.105843 0.000000
v 41.004303 13.235197 2.094756
v 46.761009 12.978789 3.488490
v 56.551475 -1.356502 1.544412
v 53.387077 -4.733729 1.444423
v 50.972607 -4.717146 1.444424
v 49.141700 -2.277827 2.555050
v 39.685207 -2.334153 1.500490
v 37.627009 8.551544 2.788844
v 42.316852 13.176730 2.788844
v 45.438677 -2.299885 2.202273
v 51.451741 6.105843 3.488481
v 49.203143 9.402980 3.488484
v 42.841886 -2.315351 1.885527
v 35.183757 -3.397747 0.000000
v 35.543537 -1.738312 0.000000
v 35.852429 -0.313492 0.000000
v 41.004303 13.235197 -2.094756
v 46.761009 12.978789 -3.488490
v 56.551475 -1.356502 -1.544412
v 53.387077 -4.733729 -1.444423
v 50.972607 -4.717146 -1.444424
v 49.141700 -2.277827 -2.555050
v 39.685207 -2.334153 -1.500490
v 36.739698 4.119027 -3.944022
v 35.852429 -0.313492 -2.788844
v 37.627009 8.551544 -2.788844
v 40.521940 3.483881 -3.944022
v 42.316852 13.176730 -2.788844
v 41.305089 7.713009 -2.788844
v 39.880665 -0.975165 -2.788844
v 35.543537 -1.738312 -1.500490
v 43.256206 3.067836 -3.944022
v 43.762717 0.954164 -3.944022
v 45.615485 -0.182260 -3.944022
v 47.729150 0.324260 -3.944022
v 48.865581 2.177018 -3.944022
v 48.359050 4.290688 -3.944022
v 46.506303 5.427114 -3.944022
v 44.392637 4.920594 -3.944022
v 45.438677 -2.299885 -2.202273
v 51.451741 6.105843 -3.488481
v 49.203143 9.402980 -3.488484
v 42.841886 -2.315351 -1.885527
v 43.256206 3.067836 3.944022
v 43.762717 0.954164 3.944022
v 45.615485 -0.182260 3.944022
v 47.729150 0.324260 3.944022
v 48.865581 2.177018 3.944022
v 48.359050 4.290688 3.944022
v 46.506303 5.427114 3.944022
v 44.392637 4.920594 3.944022
v 36.739698 4.119027 3.944022
v 35.852429 -0.313492 2.788844
v 40.521940 3.483881 3.944022
v 41.305089 7.713009 2.788844
v 39.880665 -0.975165 2.788844
v 35.543537 -1.738312 1.500490
v -40.927529 13.625918 0.725565
v -44.353876 4.266861 3.085872
v -55.463112 -2.638279 2.193931
v -55.824025 -4.734566 2.193931
v -40.200585 -3.657600 2.193931
v -35.268165 13.951027 0.725565
v -38.018369 4.433425 3.085872
v -39.661335 -1.700679 2.193931
vt 0.083294 0.979334
vt 0.065173 0.958095
vt 0.081569 0.949996
vt 0.050655 0.662688
vt 0.051334 0.800951
vt 0.028679 0.797124
vt 0.027676 0.659994
vt 0.052278 0.496480
vt 0.029187 0.494939
vt 0.057091 0.333375
vt 0.033207 0.331136
vt 0.064977 0.184505
vt 0.041235 0.181517
vt 0.076994 0.032149
vt 0.052776 0.023697
vt 0.054915 0.894543
vt 0.037258 0.902227
vt 0.092524 0.187425
vt 0.104345 0.042464
vt 0.083226 0.335571
vt 0.077579 0.498002
vt 0.075837 0.665386
vt 0.076183 0.804810
vt 0.079602 0.898046
vt 0.064607 0.925234
vt 0.050193 0.932051
vt 0.109597 0.042874
vt 0.097779 0.187794
vt 0.088488 0.335825
vt 0.082845 0.498122
vt 0.081105 0.665409
vt 0.081451 0.804724
vt 0.084866 0.897866
vt 0.086825 0.950013
vt 0.389918 0.658227
vt 0.316858 0.615660
vt 0.336134 0.583449
vt 0.392197 0.644859
vt 0.161409 0.659322
vt 0.166506 0.646114
vt 0.153559 0.623582
vt 0.146469 0.630637
vt 0.138276 0.649889
vt 0.155738 0.678624
vt 0.122969 0.643468
vt 0.131563 0.623567
vt 0.147806 0.606946
vt 0.322588 0.545740
vt 0.373548 0.568899
vt 0.407288 0.636530
vt 0.408846 0.651908
vt 0.405763 0.662338
vt 0.391226 0.674173
vt 0.157610 0.694027
vt 0.257255 0.478602
vt 0.274986 0.485485
vt 0.277404 0.505862
vt 0.257359 0.505934
vt 0.226905 0.464266
vt 0.226905 0.506284
vt 0.196456 0.448885
vt 0.197910 0.507086
vt 0.182068 0.443264
vt 0.180846 0.507794
vt 0.257836 0.458255
vt 0.273326 0.463649
vt 0.226905 0.443952
vt 0.196183 0.429621
vt 0.181139 0.424233
vt 0.257851 0.064398
vt 0.226905 0.058525
vt 0.226905 0.038282
vt 0.257964 0.043850
vt 0.280254 0.066749
vt 0.284545 0.045685
vt 0.196150 0.052529
vt 0.173784 0.049616
vt 0.170074 0.029702
vt 0.196181 0.032957
vt 0.257935 0.105719
vt 0.226905 0.099008
vt 0.226905 0.078761
vt 0.258101 0.085036
vt 0.280309 0.108510
vt 0.284593 0.087631
vt 0.195914 0.092239
vt 0.173419 0.089352
vt 0.169212 0.069455
vt 0.195770 0.072361
vt 0.258000 0.147142
vt 0.226905 0.139565
vt 0.226905 0.119276
vt 0.258157 0.126419
vt 0.280403 0.150299
vt 0.284665 0.129380
vt 0.195881 0.132004
vt 0.173459 0.128830
vt 0.169183 0.109123
vt 0.195682 0.112133
vt 0.258066 0.188592
vt 0.226905 0.180165
vt 0.226905 0.159857
vt 0.258200 0.167858
vt 0.280498 0.192112
vt 0.284721 0.171186
vt 0.195867 0.171732
vt 0.173473 0.168200
vt 0.169244 0.148521
vt 0.195695 0.151874
vt 0.258149 0.230103
vt 0.226905 0.220780
vt 0.226905 0.200466
vt 0.258255 0.209342
vt 0.280642 0.233990
vt 0.284824 0.213018
vt 0.195846 0.211448
vt 0.173460 0.207535
vt 0.169276 0.187864
vt 0.195701 0.191600
vt 0.258222 0.271698
vt 0.226905 0.261399
vt 0.226905 0.241083
vt 0.258324 0.250883
vt 0.280796 0.276013
vt 0.284964 0.254962
vt 0.195834 0.251129
vt 0.173461 0.246847
vt 0.169295 0.227197
vt 0.195693 0.231302
vt 0.258247 0.313147
vt 0.226905 0.302015
vt 0.226905 0.281701
vt 0.258345 0.292462
vt 0.280945 0.317736
vt 0.285074 0.296902
vt 0.195721 0.290751
vt 0.173446 0.285998
vt 0.169340 0.266440
vt 0.195667 0.270942
vt 0.258358 0.354596
vt 0.226905 0.342620
vt 0.226905 0.322312
vt 0.258401 0.333848
vt 0.281172 0.359607
vt 0.285265 0.338615
vt 0.195604 0.330646
vt 0.173267 0.325543
vt 0.169266 0.305728
vt 0.195557 0.310693
vt 0.258375 0.396179
vt 0.226905 0.383193
vt 0.226905 0.362903
vt 0.258470 0.375381
vt 0.281241 0.401759
vt 0.285447 0.380636
vt 0.195733 0.370492
vt 0.173365 0.365234
vt 0.169164 0.345417
vt 0.195528 0.350580
vt 0.258072 0.437694
vt 0.226905 0.423710
vt 0.226905 0.403445
vt 0.258360 0.416952
vt 0.280671 0.443878
vt 0.285203 0.422920
vt 0.196073 0.410102
vt 0.173909 0.404721
vt 0.169549 0.385033
vt 0.195759 0.390347
vt 0.226905 0.020217
vt 0.257562 0.025929
vt 0.279821 0.026901
vt 0.175247 0.012543
vt 0.196727 0.016144
vt 0.257255 0.478602
vt 0.274986 0.485485
vt 0.277404 0.505862
vt 0.257359 0.505934
vt 0.226905 0.464266
vt 0.226905 0.506284
vt 0.196456 0.448885
vt 0.197910 0.507086
vt 0.182068 0.443264
vt 0.180846 0.507794
vt 0.257836 0.458255
vt 0.273326 0.463649
vt 0.226905 0.443952
vt 0.196183 0.429621
vt 0.181139 0.424233
vt 0.257851 0.064398
vt 0.226905 0.058525
vt 0.226905 0.038282
vt 0.257964 0.043850
vt 0.280254 0.066749
vt 0.284545 0.045685
vt 0.196150 0.052529
vt 0.173784 0.049616
vt 0.170074 0.029702
vt 0.196181 0.032957
vt 0.257935 0.105719
vt 0.226905 0.099008
vt 0.226905 0.078761
vt 0.258101 0.085036
vt 0.280309 0.108510
vt 0.284593 0.087631
vt 0.195914 0.092239
vt 0.173419 0.089352
vt 0.169212 0.069455
vt 0.195770 0.072361
vt 0.258000 0.147142
vt 0.226905 0.139565
vt 0.226905 0.119276
vt 0.258157 0.126419
vt 0.280403 0.150299
vt 0.284665 0.129380
vt 0.195881 0.132004
vt 0.173459 0.128830
vt 0.169183 0.109123
vt 0.195682 0.112133
vt 0.258066 0.188592
vt 0.226905 0.180165
vt 0.226905 0.159857
vt 0.258200 0.167858
vt 0.280498 0.192112
vt 0.284721 0.171186
vt 0.195867 0.171732
vt 0.173473 0.168200
vt 0.169244 0.148521
vt 0.195695 0.151874
vt 0.258149 0.230103
vt 0.226905 0.220780
vt 0.226905 0.200466
vt 0.258255 0.209342
vt 0.280642 0.233990
vt 0.284824 0.213018
vt 0.195846 0.211448
vt 0.173460 0.207535
vt 0.169276 0.187864
vt 0.195701 0.191600
vt 0.258222 0.271698
vt 0.226905 0.261399
vt 0.226905 0.241083
vt 0.258324 0.250883
vt 0.280796 0.276013
vt 0.284964 0.254962
vt 0.195834 0.251129
vt 0.173461 0.246847
vt 0.169295 0.227197
vt 0.195693 0.231302
vt 0.258247 0.313147
vt 0.226905 0.302015
vt 0.226905 0.281701
vt 0.258345 0.292462
vt 0.280945 0.317736
vt 0.285074 0.296902
vt 0.195721 0.290751
vt 0.173446 0.285998
vt 0.169340 0.266440
vt 0.195667 0.270942
vt 0.258358 0.354596
vt 0.226905 0.342620
vt 0.226905 0.322312
vt 0.258401 0.333848
vt 0.281172 0.359607
vt 0.285265 0.338615
vt 0.195604 0.330646
vt 0.173267 0.325543
vt 0.169266 0.305728
vt 0.195557 0.310693
vt 0.258375 0.396179
vt 0.226905 0.383193
vt 0.226905 0.362903
vt 0.258470 0.375381
vt 0.281241 0.401759
vt 0.285447 0.380636
vt 0.195733 0.370492
vt 0.173365 0.365234
vt 0.169164 0.345417
vt 0.195528 0.350580
vt 0.258072 0.437694
vt 0.226905 0.423710
vt 0.226905 0.403445
vt 0.258360 0.416952
vt 0.280671 0.443878
vt 0.285203 0.422920
vt 0.196073 0.410102
vt 0.173909 0.404721
vt 0.169549 0.385033
vt 0.195759 0.390347
vt 0.226905 0.020217
vt 0.257562 0.025929
vt 0.279821 0.026901
vt 0.175247 0.012543
vt 0.196727 0.016144
vt 0.154456 0.777787
vt 0.142519 0.724556
vt 0.236123 0.736271
vt 0.252704 0.793635
vt 0.294244 0.735697
vt 0.352391 0.861454
vt 0.313817 0.734838
vt 0.368526 0.872824
vt 0.236825 0.820140
vt 0.151665 0.784099
vt 0.339163 0.890311
vt 0.360783 0.893829
vt 0.337949 0.739204
vt 0.383597 0.867786
vt 0.147725 0.779345
vt 0.135745 0.726131
vt 0.575748 0.085061
vt 0.575748 0.135674
vt 0.562525 0.135674
vt 0.562525 0.085061
vt 0.575748 0.034448
vt 0.562525 0.034448
vt 0.575748 0.186288
vt 0.575748 0.236901
vt 0.562525 0.236901
vt 0.562525 0.186288
vt 0.499179 0.198120
vt 0.498320 0.144748
vt 0.507174 0.145312
vt 0.507668 0.198399
vt 0.498479 0.253273
vt 0.508191 0.263165
vt 0.498101 0.092071
vt 0.495165 0.037676
vt 0.505139 0.027146
vt 0.507174 0.092605
vt 0.523296 0.145127
vt 0.523296 0.197834
vt 0.525332 0.263293
vt 0.522279 0.027274
vt 0.522802 0.092040
vt 0.532150 0.145691
vt 0.532369 0.198368
vt 0.535305 0.252763
vt 0.531992 0.037166
vt 0.531291 0.092319
vt 0.083294 0.979334
vt 0.065173 0.958095
vt 0.081569 0.949996
vt 0.050655 0.662688
vt 0.051334 0.800951
vt 0.028679 0.797124
vt 0.027676 0.659994
vt 0.052278 0.496480
vt 0.029187 0.494939
vt 0.057091 0.333375
vt 0.033207 0.331136
vt 0.064977 0.184505
vt 0.041235 0.181517
vt 0.076994 0.032149
vt 0.052776 0.023697
vt 0.054915 0.894543
vt 0.037258 0.902227
vt 0.092524 0.187425
vt 0.104345 0.042464
vt 0.083226 0.335571
vt 0.077579 0.498002
vt 0.075837 0.665386
vt 0.076183 0.804810
vt 0.079602 0.898046
vt 0.064607 0.925234
vt 0.050193 0.932051
vt 0.109597 0.042874
vt 0.097779 0.187794
vt 0.088488 0.335825
vt 0.082845 0.498122
vt 0.081105 0.665409
vt 0.081451 0.804724
vt 0.084866 0.897866
vt 0.086825 0.950013
vt 0.389918 0.658227
vt 0.316858 0.615660
vt 0.336134 0.583449
vt 0.392197 0.644859
vt 0.161409 0.659322
vt 0.166506 0.646114
vt 0.153559 0.623582
vt 0.146469 0.630637
vt 0.138276 0.649889
vt 0.155738 0.678624
vt 0.122969 0.643468
vt 0.131563 0.623567
vt 0.147806 0.606946
vt 0.322588 0.545740
vt 0.373548 0.568899
vt 0.407288 0.636530
vt 0.408846 0.651908
vt 0.405763 0.662338
vt 0.391226 0.674173
vt 0.157610 0.694027
vt 0.575748 0.085061
vt 0.575748 0.135674
vt 0.562525 0.135674
vt 0.562525 0.085061
vt 0.575748 0.034448
vt 0.562525 0.034448
vt 0.575748 0.186288
vt 0.575748 0.236901
vt 0.562525 0.236901
vt 0.562525 0.186288
vt 0.499179 0.198120
vt 0.498320 0.144748
vt 0.507174 0.145312
vt 0.507668 0.198399
vt 0.498479 0.253273
vt 0.508191 0.263165
vt 0.498101 0.092071
vt 0.495165 0.037676
vt 0.505139 0.027146
vt 0.507174 0.092605
vt 0.523296 0.145127
vt 0.523296 0.197834
vt 0.525332 0.263293
vt 0.522279 0.027274
vt 0.522802 0.092040
vt 0.532150 0.145691
vt 0.532369 0.198368
vt 0.535305 0.252763
vt 0.531992 0.037166
vt 0.531291 0.092319
vt 0.575748 0.085061
vt 0.575748 0.135674
vt 0.562525 0.135674
vt 0.562525 0.085061
vt 0.575748 0.034448
vt 0.562525 0.034448
vt 0.575748 0.186288
vt 0.575748 0.236901
vt 0.562525 0.236901
vt 0.562525 0.186288
vt 0.499179 0.198120
vt 0.498320 0.144748
vt 0.507174 0.145312
vt 0.507668 0.198399
vt 0.498479 0.253273
vt 0.508191 0.263165
vt 0.498101 0.092071
vt 0.495165 0.037676
vt 0.505139 0.027146
vt 0.507174 0.092605
vt 0.523296 0.145127
vt 0.523296 0.197834
vt 0.525332 0.263293
vt 0.522279 0.027274
vt 0.522802 0.092040
vt 0.532150 0.145691
vt 0.532369 0.198368
vt 0.535305 0.252763
vt 0.531992 0.037166
vt 0.531291 0.092319
vt 0.419707 0.441880
vt 0.439588 0.480918
vt 0.411476 0.496460
vt 0.439588 0.441879
vt 0.413119 0.429410
vt 0.439588 0.429410
vt 0.406479 0.346093
vt 0.439587 0.346093
vt 0.439587 0.387190
vt 0.406479 0.387190
vt 0.425879 0.178509
vt 0.439587 0.178509
vt 0.439587 0.222433
vt 0.424930 0.222434
vt 0.425879 0.155593
vt 0.439587 0.155593
vt 0.415338 0.126647
vt 0.439587 0.126647
vt 0.418686 0.091501
vt 0.439587 0.091501
vt 0.439587 0.020654
vt 0.439587 0.036895
vt 0.425346 0.036895
vt 0.421692 0.066855
vt 0.439587 0.066855
vt 0.439587 0.308216
vt 0.406479 0.308216
vt 0.763718 0.195555
vt 0.765042 0.235077
vt 0.746614 0.234728
vt 0.745926 0.196176
vt 0.743292 0.106649
vt 0.723535 0.037926
vt 0.760195 0.062156
vt 0.764635 0.084596
vt 0.658079 0.233274
vt 0.659394 0.197602
vt 0.701721 0.197602
vt 0.702314 0.233886
vt 0.459469 0.441879
vt 0.467700 0.496460
vt 0.786486 0.235523
vt 0.783031 0.204963
vt 0.719763 0.163154
vt 0.700954 0.171412
vt 0.681942 0.163659
vt 0.757225 0.166234
vt 0.752328 0.141853
vt 0.726600 0.144156
vt 0.719169 0.125594
vt 0.700364 0.117646
vt 0.659883 0.098964
vt 0.681579 0.125552
vt 0.673850 0.144650
vt 0.632438 0.125495
vt 0.602371 0.153428
vt 0.606868 0.195899
vt 0.608156 0.209920
vt 0.774237 0.245897
vt 0.466056 0.429410
vt 0.472696 0.346093
vt 0.472696 0.387190
vt 0.453296 0.178509
vt 0.454245 0.222433
vt 0.453296 0.155593
vt 0.463837 0.126647
vt 0.460489 0.091501
vt 0.453828 0.036895
vt 0.763739 0.254826
vt 0.546089 0.381723
vt 0.546089 0.396550
vt 0.492282 0.396550
vt 0.492282 0.381723
vt 0.546089 0.366897
vt 0.492282 0.366897
vt 0.546089 0.352071
vt 0.492282 0.352071
vt 0.546089 0.337244
vt 0.492282 0.337244
vt 0.546089 0.322418
vt 0.492282 0.322418
vt 0.546089 0.307591
vt 0.492282 0.307591
vt 0.546089 0.292765
vt 0.492282 0.292765
vt 0.457483 0.066855
vt 0.472696 0.308216
vt 0.492282 0.277938
vt 0.546089 0.277938
vt 0.763718 0.195555
vt 0.765042 0.235077
vt 0.746614 0.234728
vt 0.745926 0.196176
vt 0.743292 0.106649
vt 0.723535 0.037926
vt 0.760195 0.062156
vt 0.764635 0.084596
vt 0.658079 0.233274
vt 0.659394 0.197602
vt 0.701721 0.197602
vt 0.702314 0.233886
vt 0.786486 0.235523
vt 0.783031 0.204963
vt 0.719763 0.163154
vt 0.700954 0.171412
vt 0.681942 0.163659
vt 0.757225 0.166234
vt 0.752328 0.141853
vt 0.726600 0.144156
vt 0.719169 0.125594
vt 0.700364 0.117646
vt 0.659883 0.098964
vt 0.681579 0.125552
vt 0.673850 0.144650
vt 0.632438 0.125495
vt 0.602371 0.153428
vt 0.606868 0.195899
vt 0.608156 0.209920
vt 0.774237 0.245897
vt 0.763739 0.254826
vt 0.154456 0.777787
vt 0.142519 0.724556
vt 0.236123 0.736271
vt 0.252704 0.793635
vt 0.294244 0.735697
vt 0.352391 0.861454
vt 0.313817 0.734838
vt 0.368526 0.872824
vt 0.236825 0.820140
vt 0.151665 0.784099
vt 0.339163 0.890311
vt 0.360783 0.893829
vt 0.337949 0.739204
vt 0.383597 0.867786
vt 0.147725 0.779345
vt 0.135745 0.726131
vn -0.177209 0.140481 0.974095
vn -0.163420 0.059387 0.984768
vn -0.210897 0.158602 0.964556
vn -0.045029 0.319817 0.946409
vn -0.055631 0.324743 0.944165
vn -0.014904 0.103442 0.994524
vn -0.018357 0.103102 0.994501
vn -0.036346 0.318873 0.947100
vn -0.012329 0.105800 0.994311
vn -0.025796 0.309682 0.950490
vn -0.009141 0.103686 0.994568
vn -0.014817 0.295785 0.955140
vn -0.005393 0.099903 0.994983
vn -0.009670 0.292613 0.956182
vn -0.004540 0.135405 0.990780
vn -0.039274 0.140026 0.989369
vn -0.102793 0.337973 0.935525
vn 0.005286 -0.117960 0.993004
vn 0.003554 -0.116234 0.993216
vn 0.009465 -0.124186 0.992214
vn 0.014290 -0.127869 0.991688
vn 0.018057 -0.128170 0.991588
vn 0.022410 -0.129692 0.991301
vn 0.034489 -0.135592 0.990164
vn -0.086898 0.043688 0.995259
vn -0.213804 0.296867 0.930676
vn 0.040043 -0.999198 0.000000
vn 0.040043 -0.999198 0.000000
vn 0.028329 -0.999599 0.000000
vn 0.028329 -0.999599 0.000000
vn 0.072986 -0.997333 0.000000
vn 0.072986 -0.997333 0.000000
vn 0.110437 -0.993883 0.000000
vn 0.110437 -0.993883 0.000000
vn 0.137845 -0.990454 0.000000
vn 0.137845 -0.990454 0.000000
vn 0.167454 -0.985880 0.000000
vn 0.167454 -0.985880 0.000000
vn 0.201195 -0.979551 0.000000
vn 0.201195 -0.979551 0.000000
vn 0.213793 -0.976879 0.000000
vn 0.213793 -0.976879 0.000000
vn 0.213791 -0.976880 0.000000
vn 0.409258 -0.836483 0.364423
vn 0.856230 -0.323713 0.402591
vn -0.004145 -0.655490 0.755193
vn 0.662935 -0.157155 0.731997
vn -0.937353 0.245087 0.247594
vn -0.841467 0.190410 0.505646
vn -0.949164 0.282356 0.139151
vn 0.098440 0.154697 0.983046
vn 0.958891 -0.006043 0.283710
vn 0.846609 0.000084 0.532216
vn 0.644996 0.730983 0.222808
vn 0.715532 0.606364 0.346895
vn -0.957178 0.278729 -0.078230
vn 0.999897 -0.014317 0.000000
vn 0.646355 0.763037 0.000000
vn 0.952508 -0.304512 0.000000
vn 0.501590 -0.865105 0.000000
vn -0.389957 -0.920833 0.000000
vn -0.960121 0.279586 0.000000
vn -0.960121 0.279587 0.000000
vn -0.099434 -0.461523 0.881538
vn 0.029872 -0.510869 0.859140
vn -0.067373 -0.815834 0.574348
vn 0.049417 -0.832953 0.551132
vn -0.112061 0.095712 0.989081
vn -0.001290 0.025790 0.999667
vn -0.139954 0.609941 0.779990
vn -0.029530 0.561364 0.827042
vn -0.154363 0.842332 0.516380
vn -0.043267 0.833681 0.550549
vn 0.007401 -0.837443 0.546475
vn -0.015918 -0.536462 0.843775
vn -0.001481 0.002069 0.999997
vn 0.022005 0.537125 0.843216
vn 0.007520 0.837567 0.546283
vn 0.006111 -0.548204 0.836323
vn -0.029277 -0.552550 0.832965
vn 0.000150 -0.003094 0.999995
vn 0.000150 0.000481 1.000000
vn 0.038599 -0.841193 0.539356
vn -0.018927 -0.843165 0.537322
vn -0.006163 0.544055 0.839027
vn 0.030463 0.551842 0.833392
vn -0.042142 0.840375 0.540365
vn 0.018518 0.843735 0.536441
vn 0.008014 -0.549316 0.835576
vn -0.031357 -0.551437 0.833627
vn 0.000152 -0.003141 0.999995
vn 0.000153 0.000527 1.000000
vn 0.041380 -0.841574 0.538554
vn -0.021744 -0.842695 0.537952
vn -0.008128 0.545156 0.838295
vn 0.032643 0.550721 0.834051
vn -0.045061 0.840755 0.539537
vn 0.021518 0.843248 0.537094
vn 0.009865 -0.550547 0.834746
vn -0.033404 -0.550180 0.834378
vn 0.000152 -0.003184 0.999995
vn 0.000155 0.000578 1.000000
vn 0.044141 -0.841995 0.537676
vn -0.024553 -0.842173 0.538649
vn -0.010039 0.546379 0.837478
vn 0.034788 0.549456 0.834798
vn -0.047958 0.841180 0.538625
vn 0.024507 0.842706 0.537816
vn 0.011663 -0.551889 0.833836
vn -0.035415 -0.548786 0.835212
vn 0.000155 -0.003229 0.999995
vn 0.000158 0.000631 1.000000
vn 0.046883 -0.842457 0.536720
vn -0.027356 -0.841597 0.539413
vn -0.011895 0.547719 0.836578
vn 0.036895 0.548050 0.835632
vn -0.050834 0.841646 0.537632
vn 0.027491 0.842104 0.538615
vn 0.013403 -0.553338 0.832849
vn -0.037383 -0.547256 0.836130
vn 0.000157 -0.003271 0.999995
vn 0.000160 0.000687 1.000000
vn 0.049605 -0.842960 0.535685
vn -0.030150 -0.840971 0.540239
vn -0.013694 0.549171 0.835598
vn 0.038960 0.546504 0.836550
vn -0.053689 0.842150 0.536563
vn 0.030463 0.841450 0.539476
vn 0.015313 -0.554723 0.831894
vn -0.039311 -0.545591 0.837129
vn 0.000158 -0.003315 0.999995
vn 0.000164 0.000746 1.000000
vn 0.053312 -0.843137 0.535049
vn -0.032930 -0.840290 0.541136
vn -0.015429 0.550734 0.834538
vn 0.040979 0.544820 0.837551
vn -0.056521 0.842694 0.535418
vn 0.033431 0.840731 0.540420
vn 0.022877 -0.554757 0.831698
vn -0.040030 -0.543404 0.838517
vn 0.001331 -0.001783 0.999998
vn -0.000186 0.001054 0.999999
vn 0.066014 -0.842852 0.534081
vn -0.031564 -0.839843 0.541911
vn -0.018219 0.553366 0.832739
vn 0.042893 0.543038 0.838612
vn -0.060445 0.843293 0.534045
vn 0.036381 0.839961 0.541427
vn 0.032798 -0.556079 0.830482
vn -0.034400 -0.541674 0.839884
vn 0.001457 -0.001871 0.999997
vn -0.001129 0.001686 0.999998
vn 0.081357 -0.842289 0.532851
vn -0.022126 -0.839427 0.543022
vn -0.026534 0.555308 0.831221
vn 0.039579 0.542204 0.839314
vn -0.072302 0.843526 0.532200
vn 0.034110 0.839346 0.542527
vn 0.042704 -0.557317 0.829201
vn -0.028230 -0.540124 0.841112
vn 0.001570 -0.001974 0.999997
vn -0.001244 0.001811 0.999998
vn 0.096667 -0.841487 0.531559
vn -0.012277 -0.838925 0.544108
vn -0.035953 0.556635 0.829979
vn 0.033720 0.540689 0.840546
vn -0.086918 0.843025 0.530805
vn 0.025263 0.838847 0.543781
vn 0.052595 -0.558478 0.827850
vn -0.022073 -0.538384 0.842411
vn 0.001685 -0.002084 0.999996
vn -0.001360 0.001935 0.999997
vn 0.111953 -0.840452 0.530196
vn -0.002433 -0.838264 0.545259
vn -0.045351 0.557895 0.828672
vn 0.027860 0.538995 0.841848
vn -0.101507 0.842322 0.529330
vn 0.016392 0.838277 0.544998
vn 0.338594 -0.516232 0.786676
vn 0.350690 -0.030160 0.936006
vn 0.294045 -0.822078 0.487571
vn 0.363395 0.504447 0.783248
vn 0.317949 0.772128 0.550207
vn -0.099434 -0.461523 -0.881538
vn -0.067373 -0.815834 -0.574348
vn 0.029872 -0.510868 -0.859140
vn 0.049417 -0.832952 -0.551134
vn -0.112061 0.095712 -0.989081
vn -0.001290 0.025790 -0.999667
vn -0.139954 0.609941 -0.779990
vn -0.029530 0.561364 -0.827042
vn -0.154363 0.842332 -0.516380
vn -0.043267 0.833681 -0.550548
vn 0.007400 -0.837443 -0.546475
vn -0.015919 -0.536462 -0.843775
vn -0.001481 0.002069 -0.999997
vn 0.022005 0.537125 -0.843216
vn 0.007520 0.837567 -0.546283
vn 0.006111 -0.548204 -0.836323
vn 0.000150 -0.003094 -0.999995
vn -0.029277 -0.552550 -0.832965
vn 0.000151 0.000481 -1.000000
vn 0.038599 -0.841193 -0.539355
vn -0.018926 -0.843165 -0.537322
vn -0.006163 0.544056 -0.839027
vn -0.042141 0.840374 -0.540366
vn 0.030464 0.551842 -0.833392
vn 0.018518 0.843734 -0.536441
vn 0.008014 -0.549317 -0.835576
vn 0.000152 -0.003141 -0.999995
vn -0.031357 -0.551437 -0.833627
vn 0.000152 0.000528 -1.000000
vn 0.041380 -0.841575 -0.538554
vn -0.021744 -0.842696 -0.537951
vn -0.008129 0.545155 -0.838296
vn -0.045061 0.840756 -0.539536
vn 0.032642 0.550722 -0.834050
vn 0.021517 0.843249 -0.537093
vn 0.009865 -0.550547 -0.834746
vn 0.000152 -0.003183 -0.999995
vn -0.033404 -0.550180 -0.834378
vn 0.000155 0.000578 -1.000000
vn 0.044141 -0.841995 -0.537677
vn -0.024552 -0.842173 -0.538648
vn -0.010039 0.546378 -0.837478
vn -0.047958 0.841179 -0.538625
vn 0.034787 0.549455 -0.834799
vn 0.024507 0.842705 -0.537817
vn 0.011663 -0.551889 -0.833836
vn 0.000155 -0.003228 -0.999995
vn -0.035415 -0.548786 -0.835212
vn 0.000158 0.000632 -1.000000
vn 0.046883 -0.842457 -0.536719
vn -0.027355 -0.841597 -0.539412
vn -0.011895 0.547719 -0.836578
vn -0.050834 0.841647 -0.537631
vn 0.036895 0.548050 -0.835631
vn 0.027491 0.842104 -0.538614
vn 0.013402 -0.553339 -0.832848
vn 0.000157 -0.003272 -0.999995
vn -0.037384 -0.547256 -0.836130
vn 0.000160 0.000687 -1.000000
vn 0.049604 -0.842960 -0.535684
vn -0.030151 -0.840971 -0.540239
vn -0.013694 0.549171 -0.835598
vn -0.053689 0.842151 -0.536563
vn 0.038959 0.546504 -0.836550
vn 0.030464 0.841449 -0.539477
vn 0.015313 -0.554723 -0.831894
vn 0.000158 -0.003315 -0.999995
vn -0.039310 -0.545591 -0.837129
vn 0.000163 0.000747 -1.000000
vn 0.053312 -0.843138 -0.535048
vn -0.032930 -0.840290 -0.541136
vn -0.015429 0.550733 -0.834539
vn -0.056521 0.842695 -0.535416
vn 0.040978 0.544820 -0.837551
vn 0.033430 0.840732 -0.540418
vn 0.022878 -0.554758 -0.831697
vn 0.001332 -0.001783 -0.999998
vn -0.040030 -0.543404 -0.838516
vn -0.000186 0.001054 -0.999999
vn 0.066014 -0.842852 -0.534081
vn -0.031564 -0.839843 -0.541911
vn -0.018219 0.553366 -0.832739
vn -0.060445 0.843292 -0.534045
vn 0.042893 0.543038 -0.838612
vn 0.036381 0.839961 -0.541426
vn 0.032797 -0.556079 -0.830482
vn 0.001457 -0.001871 -0.999997
vn -0.034400 -0.541675 -0.839884
vn -0.001128 0.001685 -0.999998
vn 0.081356 -0.842289 -0.532851
vn -0.022127 -0.839427 -0.543022
vn -0.026534 0.555308 -0.831222
vn -0.072302 0.843525 -0.532201
vn 0.039578 0.542204 -0.839314
vn 0.034109 0.839346 -0.542527
vn 0.042704 -0.557317 -0.829201
vn 0.001569 -0.001973 -0.999997
vn -0.028230 -0.540124 -0.841112
vn -0.001244 0.001811 -0.999998
vn 0.096667 -0.841487 -0.531559
vn -0.012277 -0.838926 -0.544108
vn -0.035953 0.556636 -0.829978
vn -0.086918 0.843025 -0.530805
vn 0.033720 0.540690 -0.840546
vn 0.025262 0.838846 -0.543782
vn 0.052594 -0.558479 -0.827850
vn 0.001685 -0.002084 -0.999996
vn -0.022073 -0.538384 -0.842410
vn -0.001360 0.001936 -0.999997
vn 0.111952 -0.840452 -0.530195
vn -0.002432 -0.838265 -0.545258
vn -0.045351 0.557894 -0.828672
vn -0.101508 0.842322 -0.529330
vn 0.027860 0.538996 -0.841847
vn 0.016392 0.838277 -0.544999
vn 0.338594 -0.516231 -0.786676
vn 0.350690 -0.030160 -0.936006
vn 0.294045 -0.822079 -0.487570
vn 0.363395 0.504447 -0.783248
vn 0.317949 0.772128 -0.550206
vn -0.014045 0.244498 -0.969548
vn -0.004815 0.125707 -0.992056
vn -0.011418 0.245288 -0.969383
vn 0.003910 -0.039867 -0.999197
vn 0.005570 -0.110916 -0.993814
vn 0.003891 -0.065569 -0.997841
vn 0.000000 0.000000 -1.000000
vn 0.000000 0.000000 -1.000000
vn -0.732573 0.680689 0.000000
vn -0.745060 0.666997 0.000000
vn -0.823507 0.567300 -0.002688
vn -0.732566 0.680696 0.000000
vn -0.610014 0.792391 0.000000
vn -0.617362 0.786679 0.000000
vn -0.985502 0.169665 0.000000
vn -0.985502 0.169665 0.000000
vn 0.068746 -0.997299 0.025871
vn 0.069010 -0.997323 0.024162
vn 0.072307 -0.997379 0.002713
vn 0.072722 -0.997352 0.000000
vn -0.056941 0.991202 -0.119485
vn -0.058242 0.992231 -0.109930
vn 0.000000 0.000000 -1.000000
vn -0.000000 -0.000000 -1.000000
vn 0.000000 0.000000 -1.000000
vn -0.000000 -0.000000 -1.000000
vn -0.966379 -0.257123 0.000000
vn -0.966379 -0.257123 0.000000
vn -0.966379 -0.257123 0.000000
vn -0.966379 -0.257123 0.000000
vn 0.000000 0.000000 1.000000
vn 0.000000 0.000000 1.000000
vn 0.000000 0.000000 1.000000
vn 0.000000 0.000000 1.000000
vn 0.966379 0.257123 0.000000
vn 0.966376 0.257133 0.000000
vn 0.966378 0.257125 0.000000
vn 0.966375 0.257135 0.000000
vn -0.257115 0.966381 0.000004
vn -0.257120 0.966379 0.000009
vn -0.257115 0.966381 0.000005
vn -0.257120 0.966379 0.000009
vn -0.257115 0.966381 -0.000005
vn -0.257115 0.966381 -0.000004
vn -0.257121 0.966379 -0.000007
vn -0.257121 0.966379 -0.000006
vn 0.000000 0.000000 1.000000
vn 0.000000 0.000000 1.000000
vn 0.000000 0.000000 1.000000
vn 0.000000 0.000000 1.000000
vn 0.966379 0.257120 0.000000
vn 0.966377 0.257128 0.000000
vn 0.966379 0.257122 0.000000
vn 0.966377 0.257129 0.000000
vn 0.000000 0.000000 -1.000000
vn 0.000000 0.000000 -1.000000
vn 0.000000 0.000000 -1.000000
vn 0.000000 0.000000 -1.000000
vn -0.966382 -0.257111 0.000000
vn -0.966382 -0.257111 0.000000
vn -0.966382 -0.257111 0.000000
vn -0.966382 -0.257111 0.000000
vn 0.257115 -0.966381 -0.000002
vn 0.257118 -0.966380 -0.000000
vn 0.257115 -0.966381 -0.000002
vn 0.257118 -0.966380 0.000000
vn 0.257114 -0.966381 0.000004
vn 0.257114 -0.966381 0.000005
vn 0.257118 -0.966380 0.000001
vn 0.257118 -0.966380 0.000001
vn -0.177210 0.140481 -0.974095
vn -0.210898 0.158602 -0.964556
vn -0.163420 0.059387 -0.984768
vn -0.018357 0.103103 -0.994501
vn -0.055632 0.324744 -0.944165
vn -0.014904 0.103443 -0.994524
vn -0.045029 0.319818 -0.946408
vn -0.012329 0.105800 -0.994311
vn -0.036346 0.318873 -0.947100
vn -0.009141 0.103686 -0.994568
vn -0.025796 0.309682 -0.950490
vn -0.005393 0.099903 -0.994983
vn -0.014817 0.295785 -0.955140
vn -0.004540 0.135406 -0.990780
vn -0.009670 0.292613 -0.956182
vn -0.039274 0.140026 -0.989369
vn -0.102794 0.337973 -0.935526
vn 0.005286 -0.117960 -0.993004
vn 0.003554 -0.116234 -0.993216
vn 0.009465 -0.124186 -0.992214
vn 0.014290 -0.127869 -0.991688
vn 0.018057 -0.128170 -0.991588
vn 0.022410 -0.129691 -0.991301
vn 0.034489 -0.135592 -0.990164
vn -0.086898 0.043689 -0.995259
vn -0.213805 0.296869 -0.930675
vn 0.040043 -0.999198 0.000000
vn 0.028329 -0.999599 0.000000
vn 0.040043 -0.999198 0.000000
vn 0.028329 -0.999599 0.000000
vn 0.072986 -0.997333 0.000000
vn 0.072986 -0.997333 0.000000
vn 0.110437 -0.993883 0.000000
vn 0.110437 -0.993883 0.000000
vn 0.137845 -0.990454 0.000000
vn 0.137845 -0.990454 0.000000
vn 0.167453 -0.985880 0.000000
vn 0.167453 -0.985880 0.000000
vn 0.201195 -0.979551 0.000000
vn 0.201195 -0.979551 0.000000
vn 0.213793 -0.976879 0.000000
vn 0.213793 -0.976879 0.000000
vn 0.213791 -0.976879 0.000000
vn 0.662935 -0.157156 -0.731997
vn 0.856230 -0.323714 -0.402591
vn -0.004146 -0.655491 -0.755192
vn 0.409258 -0.836483 -0.364423
vn -0.937353 0.245087 -0.247594
vn -0.949164 0.282356 -0.139151
vn -0.841467 0.190410 -0.505646
vn 0.098440 0.154700 -0.983045
vn 0.958891 -0.006043 -0.283710
vn 0.846609 0.000083 -0.532216
vn 0.644997 0.730983 -0.222808
vn 0.715531 0.606366 -0.346894
vn -0.957178 0.278729 0.078230
vn 0.999898 -0.014318 0.000000
vn 0.646355 0.763037 0.000000
vn 0.952508 -0.304512 0.000000
vn 0.501590 -0.865105 0.000000
vn -0.389957 -0.920833 0.000000
vn -0.960121 0.279586 0.000000
vn -0.960121 0.279586 0.000000
vn -0.701325 0.697794 0.145693
vn -0.701325 0.697794 0.145691
vn -0.701327 0.697794 0.145685
vn -0.701327 0.697794 0.145683
vn -0.659174 -0.712635 0.240084
vn -0.659174 -0.712636 0.240084
vn -0.659174 -0.712636 0.240084
vn -0.659174 -0.712636 0.240084
vn 0.701325 -0.697796 -0.145683
vn 0.701325 -0.697796 -0.145685
vn 0.701324 -0.697796 -0.145692
vn 0.701323 -0.697796 -0.145694
vn 0.659176 0.712635 -0.240081
vn 0.659175 0.712636 -0.240081
vn 0.659171 0.712639 -0.240083
vn 0.659170 0.712640 -0.240084
vn -0.271347 -0.072342 -0.959759
vn -0.271347 -0.072341 -0.959759
vn -0.271349 -0.072343 -0.959758
vn -0.271350 -0.072343 -0.959758
vn -0.271352 -0.072337 -0.959758
vn -0.271352 -0.072336 -0.959758
vn -0.271352 -0.072343 -0.959758
vn -0.271353 -0.072342 -0.959757
vn 0.701325 -0.697794 -0.145696
vn 0.701325 -0.697794 -0.145694
vn 0.701326 -0.697795 -0.145684
vn 0.701327 -0.697795 -0.145682
vn 0.659174 0.712635 -0.240085
vn 0.659174 0.712635 -0.240086
vn 0.659172 0.712635 -0.240090
vn 0.659172 0.712635 -0.240091
vn -0.701326 0.697795 0.145682
vn -0.701326 0.697795 0.145682
vn -0.701326 0.697794 0.145687
vn -0.701326 0.697794 0.145688
vn -0.659175 -0.712637 0.240075
vn -0.659175 -0.712637 0.240076
vn -0.659174 -0.712638 0.240079
vn -0.659173 -0.712638 0.240079
vn 0.271347 0.072343 0.959759
vn 0.271347 0.072343 0.959759
vn 0.271350 0.072345 0.959758
vn 0.271350 0.072345 0.959758
vn 0.271348 0.072338 0.959759
vn 0.271348 0.072337 0.959759
vn 0.271353 0.072344 0.959757
vn 0.271352 0.072344 0.959757
vn -0.701325 0.697794 -0.145692
vn -0.701327 0.697794 -0.145685
vn -0.701325 0.697794 -0.145691
vn -0.701327 0.697794 -0.145684
vn -0.659175 -0.712634 -0.240085
vn -0.659173 -0.712636 -0.240084
vn -0.659174 -0.712635 -0.240085
vn -0.659173 -0.712637 -0.240083
vn 0.701326 -0.697796 0.145682
vn 0.701324 -0.697796 0.145691
vn 0.701325 -0.697796 0.145684
vn 0.701323 -0.697796 0.145693
vn 0.659176 0.712635 0.240080
vn 0.659172 0.712638 0.240082
vn 0.659175 0.712636 0.240081
vn 0.659171 0.712639 0.240083
vn -0.271347 -0.072342 0.959759
vn -0.271350 -0.072343 0.959758
vn -0.271347 -0.072341 0.959759
vn -0.271350 -0.072342 0.959758
vn -0.271352 -0.072336 0.959758
vn -0.271352 -0.072336 0.959758
vn -0.271353 -0.072343 0.959757
vn -0.271353 -0.072343 0.959757
vn 0.701325 -0.697794 0.145694
vn 0.701327 -0.697795 0.145683
vn 0.701325 -0.697794 0.145692
vn 0.701327 -0.697795 0.145682
vn 0.659174 0.712635 0.240087
vn 0.659172 0.712636 0.240089
vn 0.659173 0.712635 0.240087
vn 0.659172 0.712636 0.240089
vn -0.701326 0.697795 -0.145682
vn -0.701327 0.697794 -0.145686
vn -0.701326 0.697795 -0.145682
vn -0.701327 0.697794 -0.145686
vn -0.659175 -0.712637 -0.240076
vn -0.659174 -0.712638 -0.240079
vn -0.659175 -0.712637 -0.240076
vn -0.659173 -0.712638 -0.240080
vn 0.271347 0.072343 -0.959759
vn 0.271350 0.072346 -0.959758
vn 0.271348 0.072343 -0.959759
vn 0.271350 0.072346 -0.959758
vn 0.271348 0.072338 -0.959759
vn 0.271348 0.072338 -0.959759
vn 0.271353 0.072343 -0.959757
vn 0.271353 0.072343 -0.959757
vn -0.560412 0.819425 0.120338
vn -0.774227 0.632908 0.000000
vn -0.752866 0.586998 0.297702
vn -0.535544 0.844508 0.000000
vn 0.044496 0.999010 0.000000
vn 0.044496 0.999010 0.000000
vn 0.825967 0.563718 0.000000
vn 0.825967 0.563718 0.000000
vn 0.503326 0.864097 0.000000
vn 0.496751 0.867893 0.000000
vn 0.515999 -0.856589 0.000000
vn 0.729725 -0.683741 0.000000
vn 0.520550 -0.853831 0.000000
vn 0.729725 -0.683741 0.000000
vn -0.592469 -0.805593 0.000000
vn -0.500739 -0.865599 0.000000
vn -0.357408 -0.933948 0.000000
vn -0.381558 -0.924345 0.000000
vn 0.005956 -0.999982 0.000000
vn 0.005956 -0.999982 0.000000
vn 0.056926 -0.785602 -0.616108
vn 0.260685 -0.965424 0.000000
vn 0.148544 -0.988906 0.000000
vn 0.005956 -0.999982 0.000000
vn 0.005956 -0.999982 0.000000
vn 0.825620 0.564226 0.000000
vn 0.825794 0.563972 0.000000
vn 0.825620 0.564227 0.000000
vn 0.825804 0.563957 0.000000
vn -0.074387 -0.677078 -0.732142
vn -0.059501 -0.381243 -0.922558
vn -0.037874 -0.825404 -0.563271
vn -0.075398 -0.409051 -0.909391
vn 0.202182 -0.172094 -0.964109
vn 0.141892 -0.193718 -0.970742
vn 0.039819 -0.490157 -0.870724
vn -0.002858 -0.416145 -0.909294
vn -0.148928 0.311336 -0.938558
vn -0.053967 0.149371 -0.987307
vn 0.001756 -0.010221 -0.999946
vn -0.052583 0.007299 -0.998590
vn -0.468009 0.567395 -0.677518
vn -0.021976 -0.667903 -0.743924
vn -0.121997 -0.362732 -0.923874
vn 0.000000 0.000000 -1.000000
vn -0.081201 0.267456 -0.960143
vn -0.026906 -0.788707 -0.614181
vn -0.107346 -0.626201 -0.772237
vn 0.175158 -0.426922 -0.887162
vn -0.054097 -0.846830 -0.529106
vn 0.232028 -0.145131 -0.961821
vn 0.101143 0.076609 -0.991918
vn -0.068050 0.173711 -0.982443
vn 0.208535 -0.022682 -0.977752
vn -0.048837 0.043313 -0.997867
vn -0.100660 -0.027845 -0.994531
vn -0.223886 0.041458 -0.973733
vn -0.977296 0.211877 0.000000
vn -0.977296 0.211877 0.000000
vn -0.977296 0.211877 0.000000
vn 0.044496 0.999010 0.000000
vn 0.825967 0.563719 0.000000
vn 0.503325 0.864097 0.000000
vn 0.729725 -0.683741 0.000000
vn 0.520550 -0.853831 0.000000
vn -0.592469 -0.805594 0.000000
vn -0.977297 0.211876 0.000000
vn -0.977296 0.211877 0.000000
vn 0.809257 0.587454 0.000000
vn 0.987624 -0.156840 0.000000
vn 0.809263 0.587446 0.000000
vn 0.987622 -0.156852 0.000000
vn 0.156844 0.987623 0.000000
vn 0.156844 0.987623 0.000000
vn -0.587451 0.809260 0.000000
vn -0.587448 0.809262 0.000000
vn -0.987624 0.156843 0.000000
vn -0.987624 0.156843 0.000000
vn -0.809261 -0.587449 0.000000
vn -0.809258 -0.587454 0.000000
vn -0.156844 -0.987623 0.000000
vn -0.156844 -0.987623 0.000000
vn 0.587451 -0.809259 0.000000
vn 0.587451 -0.809259 0.000000
vn 0.825805 0.563956 0.000000
vn 0.825620 0.564227 0.000000
vn -0.075398 -0.409051 0.909391
vn -0.059501 -0.381243 0.922558
vn -0.100431 -0.694438 0.712510
vn -0.074387 -0.677078 0.732142
vn -0.002858 -0.416145 0.909294
vn 0.141892 -0.193718 0.970742
vn 0.129822 -0.304679 0.943566
vn 0.202182 -0.172094 0.964109
vn 0.042880 0.188086 0.981216
vn 0.001756 -0.010221 0.999946
vn -0.053967 0.149371 0.987307
vn -0.052583 0.007299 0.998590
vn -0.021976 -0.667904 0.743923
vn -0.083243 -0.720832 0.688093
vn 0.000000 0.000000 1.000000
vn -0.121997 -0.362732 0.923874
vn -0.081201 0.267456 0.960143
vn -0.039948 -0.542451 0.839137
vn 0.175158 -0.426922 0.887162
vn -0.090799 -0.533725 0.840770
vn -0.107346 -0.626200 0.772237
vn 0.232028 -0.145131 0.961821
vn -0.048838 0.043313 0.997867
vn -0.068051 0.173711 0.982443
vn 0.208535 -0.022682 0.977752
vn 0.101143 0.076609 0.991918
vn -0.100660 -0.027845 0.994531
vn -0.223886 0.041458 0.973733
vn -0.204652 0.111087 0.972511
vn -0.977298 0.211868 0.000000
vn -0.977296 0.211877 0.000000
vn -0.977296 0.211877 0.000000
vn -0.977299 0.211863 0.000000
vn -0.977298 0.211868 0.000000
vn 0.003910 -0.039867 0.999197
vn -0.004815 0.125707 0.992056
vn -0.011418 0.245288 0.969383
vn -0.014045 0.244498 0.969548
vn 0.005570 -0.110916 0.993814
vn 0.003891 -0.065568 0.997841
vn -0.000000 -0.000000 1.000000
vn -0.000000 -0.000000 1.000000
vn -0.732566 0.680696 0.000000
vn -0.745060 0.666997 0.000000
vn -0.823507 0.567300 0.002688
vn -0.732573 0.680689 0.000000
vn -0.610014 0.792391 0.000000
vn -0.617362 0.786679 0.000000
vn -0.985502 0.169665 0.000000
vn -0.985502 0.169665 0.000000
vn 0.072722 -0.997352 0.000000
vn 0.069010 -0.997323 -0.024162
vn 0.072307 -0.997379 -0.002713
vn 0.068746 -0.997299 -0.025871
vn -0.056941 0.991201 0.119495
vn -0.058242 0.992230 0.109939
s 1
g blade
f 1460/1864/2457 1484/1866/2458 1461/1865/2459
f 1465/1870/2460 1464/1869/2461 1481/1867/2462
f 1481/1867/2462 1464/1869/2461 1482/1868/2463
f 1466/1872/2464 1465/1870/2460 1480/1871/2465
f 1480/1871/2465 1465/1870/2460 1481/1867/2462
f 1467/1874/2466 1466/1872/2464 1479/1873/2467
f 1479/1873/2467 1466/1872/2464 1480/1871/2465
f 1468/1876/2468 1467/1874/2466 1478/1875/2469
f 1478/1875/2469 1467/1874/2466 1479/1873/2467
f 1469/1878/2470 1468/1876/2468 1477/1877/2471
f 1477/1877/2471 1468/1876/2468 1478/1875/2469
f 1482/1868/2463 1464/1869/2461 1483/1879/2472
f 1483/1879/2472 1464/1869/2461 1463/1880/2473
f 1471/1881/2474 1470/1882/2475 1478/1875/2469
f 1478/1875/2469 1470/1882/2475 1477/1877/2471
f 1472/1883/2476 1471/1881/2474 1479/1873/2467
f 1479/1873/2467 1471/1881/2474 1478/1875/2469
f 1473/1884/2477 1472/1883/2476 1480/1871/2465
f 1480/1871/2465 1472/1883/2476 1479/1873/2467
f 1474/1885/2478 1473/1884/2477 1481/1867/2462
f 1481/1867/2462 1473/1884/2477 1480/1871/2465
f 1475/1886/2479 1474/1885/2478 1482/1868/2463
f 1482/1868/2463 1474/1885/2478 1481/1867/2462
f 1476/1887/2480 1475/1886/2479 1483/1879/2472
f 1483/1879/2472 1475/1886/2479 1482/1868/2463
f 1484/1866/2458 1476/1887/2480 1485/1888/2481
f 1485/1888/2481 1476/1887/2480 1483/1879/2472
f 1483/1879/2472 1463/1880/2473 1485/1888/2481
f 1485/1888/2481 1463/1880/2473 1462/1889/2482
f 1484/1866/2458 1485/1888/2481 1461/1865/2459
f 1461/1865/2459 1485/1888/2481 1462/1889/2482
s 3
f 1471/1881/2483 1487/1891/2484 1470/1882/2485
f 1470/1882/2485 1487/1891/2484 1486/1890/2486
f 1472/1883/2487 1488/1892/2488 1471/1881/2483
f 1471/1881/2483 1488/1892/2488 1487/1891/2484
f 1473/1884/2489 1489/1893/2490 1472/1883/2487
f 1472/1883/2487 1489/1893/2490 1488/1892/2488
f 1474/1885/2491 1490/1894/2492 1473/1884/2489
f 1473/1884/2489 1490/1894/2492 1489/1893/2490
f 1475/1886/2493 1491/1895/2494 1474/1885/2491
f 1474/1885/2491 1491/1895/2494 1490/1894/2492
f 1476/1887/2495 1492/1896/2496 1475/1886/2493
f 1475/1886/2493 1492/1896/2496 1491/1895/2494
f 1484/1866/2497 1493/1897/2498 1476/1887/2495
f 1476/1887/2495 1493/1897/2498 1492/1896/2496
f 1460/1864/2499 1493/1897/2498 1484/1866/2497
s 10
f 1499/1901/2500 1498/1900/2501 1494/1898/2502
f 1494/1898/2502 1498/1900/2501 1500/1899/2503
s 11
f 1494/1898/2504 1500/1899/2505 1495/1902/2506
f 1495/1902/2506 1500/1899/2505 1501/1903/2507
s 10
f 1498/1900/2501 1497/1904/2508 1500/1899/2503
f 1500/1899/2503 1497/1904/2508 1501/1903/2509
f 1497/1905/2508 1496/1906/2510 1501/1903/2509
f 1501/1903/2509 1496/1906/2510 1495/1902/2511
s 11
f 1495/1902/2506 1496/1907/2512 1494/1898/2504
s 10
f 1497/1905/2508 1503/1909/2513 1496/1906/2510
f 1496/1906/2510 1503/1909/2513 1502/1908/2514
f 1498/1900/2501 1504/1911/2515 1497/1904/2508
f 1497/1904/2508 1504/1911/2515 1503/1910/2513
f 1505/1913/2516 1504/1912/2515 1499/1901/2500
f 1499/1901/2500 1504/1912/2515 1498/1900/2501
f 1494/1898/2502 1506/1915/2517 1499/1901/2500
f 1499/1901/2500 1506/1915/2517 1505/1914/2516
s 11
f 1496/1907/2512 1502/1917/2518 1494/1898/2504
f 1494/1898/2504 1502/1917/2518 1506/1916/2519
s 12
f 1513/1918/2520 1510/1921/2521 1512/1919/2522
f 1512/1919/2522 1510/1921/2521 1511/1920/2523
f 1514/1922/2524 1509/1923/2525 1513/1918/2520
f 1513/1918/2520 1509/1923/2525 1510/1921/2521
f 1515/1924/2526 1508/1925/2527 1514/1922/2524
f 1514/1922/2524 1508/1925/2527 1509/1923/2525
f 1516/1926/2528 1507/1927/2529 1515/1924/2526
f 1515/1924/2526 1507/1927/2529 1508/1925/2527
f 1512/1919/2522 1574/1929/2530 1513/1918/2520
f 1513/1918/2520 1574/1929/2530 1573/1928/2531
f 1513/1918/2520 1573/1928/2531 1514/1922/2524
f 1514/1922/2524 1573/1928/2531 1572/1930/2532
f 1514/1922/2524 1572/1930/2532 1515/1924/2526
f 1515/1924/2526 1572/1930/2532 1576/1931/2533
f 1515/1924/2526 1576/1931/2533 1516/1926/2528
f 1516/1926/2528 1576/1931/2533 1575/1932/2534
f 1523/1933/2535 1623/1936/2536 1522/1934/2537
f 1522/1934/2537 1623/1936/2536 1622/1935/2538
f 1524/1937/2539 1624/1938/2540 1523/1933/2535
f 1523/1933/2535 1624/1938/2540 1623/1936/2536
f 1526/1939/2541 1626/1942/2542 1525/1940/2543
f 1525/1940/2543 1626/1942/2542 1625/1941/2544
f 1522/1934/2537 1622/1935/2538 1526/1939/2541
f 1526/1939/2541 1622/1935/2538 1626/1942/2542
f 1528/1943/2545 1618/1946/2546 1527/1944/2547
f 1527/1944/2547 1618/1946/2546 1617/1945/2548
f 1529/1947/2549 1619/1948/2550 1528/1943/2545
f 1528/1943/2545 1619/1948/2550 1618/1946/2546
f 1531/1949/2551 1621/1952/2552 1530/1950/2553
f 1530/1950/2553 1621/1952/2552 1620/1951/2554
f 1527/1944/2547 1617/1945/2548 1531/1949/2551
f 1531/1949/2551 1617/1945/2548 1621/1952/2552
f 1533/1953/2555 1613/1956/2556 1532/1954/2557
f 1532/1954/2557 1613/1956/2556 1612/1955/2558
f 1534/1957/2559 1614/1958/2560 1533/1953/2555
f 1533/1953/2555 1614/1958/2560 1613/1956/2556
f 1536/1959/2561 1616/1962/2562 1535/1960/2563
f 1535/1960/2563 1616/1962/2562 1615/1961/2564
f 1532/1954/2557 1612/1955/2558 1536/1959/2561
f 1536/1959/2561 1612/1955/2558 1616/1962/2562
f 1538/1963/2565 1608/1966/2566 1537/1964/2567
f 1537/1964/2567 1608/1966/2566 1607/1965/2568
f 1539/1967/2569 1609/1968/2570 1538/1963/2565
f 1538/1963/2565 1609/1968/2570 1608/1966/2566
f 1541/1969/2571 1611/1972/2572 1540/1970/2573
f 1540/1970/2573 1611/1972/2572 1610/1971/2574
f 1537/1964/2567 1607/1965/2568 1541/1969/2571
f 1541/1969/2571 1607/1965/2568 1611/1972/2572
f 1543/1973/2575 1603/1976/2576 1542/1974/2577
f 1542/1974/2577 1603/1976/2576 1602/1975/2578
f 1544/1977/2579 1604/1978/2580 1543/1973/2575
f 1543/1973/2575 1604/1978/2580 1603/1976/2576
f 1546/1979/2581 1606/1982/2582 1545/1980/2583
f 1545/1980/2583 1606/1982/2582 1605/1981/2584
f 1542/1974/2577 1602/1975/2578 1546/1979/2581
f 1546/1979/2581 1602/1975/2578 1606/1982/2582
f 1548/1983/2585 1598/1986/2586 1547/1984/2587
f 1547/1984/2587 1598/1986/2586 1597/1985/2588
f 1549/1987/2589 1599/1988/2590 1548/1983/2585
f 1548/1983/2585 1599/1988/2590 1598/1986/2586
f 1551/1989/2591 1601/1992/2592 1550/1990/2593
f 1550/1990/2593 1601/1992/2592 1600/1991/2594
f 1547/1984/2587 1597/1985/2588 1551/1989/2591
f 1551/1989/2591 1597/1985/2588 1601/1992/2592
f 1553/1993/2595 1593/1996/2596 1552/1994/2597
f 1552/1994/2597 1593/1996/2596 1592/1995/2598
f 1554/1997/2599 1594/1998/2600 1553/1993/2595
f 1553/1993/2595 1594/1998/2600 1593/1996/2596
f 1556/1999/2601 1596/2002/2602 1555/2000/2603
f 1555/2000/2603 1596/2002/2602 1595/2001/2604
f 1552/1994/2597 1592/1995/2598 1556/1999/2601
f 1556/1999/2601 1592/1995/2598 1596/2002/2602
f 1558/2003/2605 1588/2006/2606 1557/2004/2607
f 1557/2004/2607 1588/2006/2606 1587/2005/2608
f 1559/2007/2609 1589/2008/2610 1558/2003/2605
f 1558/2003/2605 1589/2008/2610 1588/2006/2606
f 1561/2009/2611 1591/2012/2612 1560/2010/2613
f 1560/2010/2613 1591/2012/2612 1590/2011/2614
f 1557/2004/2607 1587/2005/2608 1561/2009/2611
f 1561/2009/2611 1587/2005/2608 1591/2012/2612
f 1563/2013/2615 1583/2016/2616 1562/2014/2617
f 1562/2014/2617 1583/2016/2616 1582/2015/2618
f 1564/2017/2619 1584/2018/2620 1563/2013/2615
f 1563/2013/2615 1584/2018/2620 1583/2016/2616
f 1566/2019/2621 1586/2022/2622 1565/2020/2623
f 1565/2020/2623 1586/2022/2622 1585/2021/2624
f 1562/2014/2617 1582/2015/2618 1566/2019/2621
f 1566/2019/2621 1582/2015/2618 1586/2022/2622
f 1568/2023/2625 1578/2026/2626 1567/2024/2627
f 1567/2024/2627 1578/2026/2626 1577/2025/2628
f 1569/2027/2629 1579/2028/2630 1568/2023/2625
f 1568/2023/2625 1579/2028/2630 1578/2026/2626
f 1571/2029/2631 1581/2032/2632 1570/2030/2633
f 1570/2030/2633 1581/2032/2632 1580/2031/2634
f 1567/2024/2627 1577/2025/2628 1571/2029/2631
f 1571/2029/2631 1577/2025/2628 1581/2032/2632
f 1573/1928/2531 1568/2023/2625 1572/1930/2532
f 1572/1930/2532 1568/2023/2625 1567/2024/2627
f 1574/1929/2530 1569/2027/2629 1573/1928/2531
f 1573/1928/2531 1569/2027/2629 1568/2023/2625
f 1576/1931/2533 1571/2029/2631 1575/1932/2534
f 1575/1932/2534 1571/2029/2631 1570/2030/2633
f 1572/1930/2532 1567/2024/2627 1576/1931/2533
f 1576/1931/2533 1567/2024/2627 1571/2029/2631
f 1578/2026/2626 1563/2013/2615 1577/2025/2628
f 1577/2025/2628 1563/2013/2615 1562/2014/2617
f 1579/2028/2630 1564/2017/2619 1578/2026/2626
f 1578/2026/2626 1564/2017/2619 1563/2013/2615
f 1581/2032/2632 1566/2019/2621 1580/2031/2634
f 1580/2031/2634 1566/2019/2621 1565/2020/2623
f 1577/2025/2628 1562/2014/2617 1581/2032/2632
f 1581/2032/2632 1562/2014/2617 1566/2019/2621
f 1583/2016/2616 1558/2003/2605 1582/2015/2618
f 1582/2015/2618 1558/2003/2605 1557/2004/2607
f 1584/2018/2620 1559/2007/2609 1583/2016/2616
f 1583/2016/2616 1559/2007/2609 1558/2003/2605
f 1586/2022/2622 1561/2009/2611 1585/2021/2624
f 1585/2021/2624 1561/2009/2611 1560/2010/2613
f 1582/2015/2618 1557/2004/2607 1586/2022/2622
f 1586/2022/2622 1557/2004/2607 1561/2009/2611
f 1588/2006/2606 1553/1993/2595 1587/2005/2608
f 1587/2005/2608 1553/1993/2595 1552/1994/2597
f 1589/2008/2610 1554/1997/2599 1588/2006/2606
f 1588/2006/2606 1554/1997/2599 1553/1993/2595
f 1591/2012/2612 1556/1999/2601 1590/2011/2614
f 1590/2011/2614 1556/1999/2601 1555/2000/2603
f 1587/2005/2608 1552/1994/2597 1591/2012/2612
f 1591/2012/2612 1552/1994/2597 1556/1999/2601
f 1593/1996/2596 1548/1983/2585 1592/1995/2598
f 1592/1995/2598 1548/1983/2585 1547/1984/2587
f 1594/1998/2600 1549/1987/2589 1593/1996/2596
f 1593/1996/2596 1549/1987/2589 1548/1983/2585
f 1596/2002/2602 1551/1989/2591 1595/2001/2604
f 1595/2001/2604 1551/1989/2591 1550/1990/2593
f 1592/1995/2598 1547/1984/2587 1596/2002/2602
f 1596/2002/2602 1547/1984/2587 1551/1989/2591
f 1598/1986/2586 1543/1973/2575 1597/1985/2588
f 1597/1985/2588 1543/1973/2575 1542/1974/2577
f 1599/1988/2590 1544/1977/2579 1598/1986/2586
f 1598/1986/2586 1544/1977/2579 1543/1973/2575
f 1601/1992/2592 1546/1979/2581 1600/1991/2594
f 1600/1991/2594 1546/1979/2581 1545/1980/2583
f 1597/1985/2588 1542/1974/2577 1601/1992/2592
f 1601/1992/2592 1542/1974/2577 1546/1979/2581
f 1603/1976/2576 1538/1963/2565 1602/1975/2578
f 1602/1975/2578 1538/1963/2565 1537/1964/2567
f 1604/1978/2580 1539/1967/2569 1603/1976/2576
f 1603/1976/2576 1539/1967/2569 1538/1963/2565
f 1606/1982/2582 1541/1969/2571 1605/1981/2584
f 1605/1981/2584 1541/1969/2571 1540/1970/2573
f 1602/1975/2578 1537/1964/2567 1606/1982/2582
f 1606/1982/2582 1537/1964/2567 1541/1969/2571
f 1608/1966/2566 1533/1953/2555 1607/1965/2568
f 1607/1965/2568 1533/1953/2555 1532/1954/2557
f 1609/1968/2570 1534/1957/2559 1608/1966/2566
f 1608/1966/2566 1534/1957/2559 1533/1953/2555
f 1611/1972/2572 1536/1959/2561 1610/1971/2574
f 1610/1971/2574 1536/1959/2561 1535/1960/2563
f 1607/1965/2568 1532/1954/2557 1611/1972/2572
f 1611/1972/2572 1532/1954/2557 1536/1959/2561
f 1613/1956/2556 1528/1943/2545 1612/1955/2558
f 1612/1955/2558 1528/1943/2545 1527/1944/2547
f 1614/1958/2560 1529/1947/2549 1613/1956/2556
f 1613/1956/2556 1529/1947/2549 1528/1943/2545
f 1616/1962/2562 1531/1949/2551 1615/1961/2564
f 1615/1961/2564 1531/1949/2551 1530/1950/2553
f 1612/1955/2558 1527/1944/2547 1616/1962/2562
f 1616/1962/2562 1527/1944/2547 1531/1949/2551
f 1618/1946/2546 1523/1933/2535 1617/1945/2548
f 1617/1945/2548 1523/1933/2535 1522/1934/2537
f 1619/1948/2550 1524/1937/2539 1618/1946/2546
f 1618/1946/2546 1524/1937/2539 1523/1933/2535
f 1621/1952/2552 1526/1939/2541 1620/1951/2554
f 1620/1951/2554 1526/1939/2541 1525/1940/2543
f 1617/1945/2548 1522/1934/2537 1621/1952/2552
f 1621/1952/2552 1522/1934/2537 1526/1939/2541
f 1623/1936/2536 1518/2034/2635 1622/1935/2538
f 1622/1935/2538 1518/2034/2635 1519/2033/2636
f 1624/1938/2540 1517/2035/2637 1623/1936/2536
f 1623/1936/2536 1517/2035/2637 1518/2034/2635
f 1626/1942/2542 1520/2037/2638 1625/1941/2544
f 1625/1941/2544 1520/2037/2638 1521/2036/2639
f 1622/1935/2538 1519/2033/2636 1626/1942/2542
f 1626/1942/2542 1519/2033/2636 1520/2037/2638
s 35
f 1630/2038/2640 1512/2039/2641 1629/2041/2642
f 1629/2041/2642 1512/2039/2641 1511/2040/2643
f 1631/2042/2644 1630/2038/2640 1628/2043/2645
f 1628/2043/2645 1630/2038/2640 1629/2041/2642
f 1632/2044/2646 1631/2042/2644 1627/2045/2647
f 1627/2045/2647 1631/2042/2644 1628/2043/2645
f 1516/2046/2648 1632/2044/2646 1507/2047/2649
f 1507/2047/2649 1632/2044/2646 1627/2045/2647
f 1512/2039/2641 1630/2038/2640 1574/2049/2650
f 1574/2049/2650 1630/2038/2640 1667/2048/2651
f 1630/2038/2640 1631/2042/2644 1667/2048/2651
f 1667/2048/2651 1631/2042/2644 1666/2050/2652
f 1631/2042/2644 1632/2044/2646 1666/2050/2652
f 1666/2050/2652 1632/2044/2646 1668/2051/2653
f 1632/2044/2646 1516/2046/2648 1668/2051/2653
f 1668/2051/2653 1516/2046/2648 1575/2052/2654
f 1637/2053/2655 1636/2054/2656 1697/2056/2657
f 1697/2056/2657 1636/2054/2656 1696/2055/2658
f 1524/2057/2659 1637/2053/2655 1624/2058/2660
f 1624/2058/2660 1637/2053/2655 1697/2056/2657
f 1638/2059/2661 1525/2060/2662 1698/2062/2663
f 1698/2062/2663 1525/2060/2662 1625/2061/2664
f 1636/2054/2656 1638/2059/2661 1696/2055/2658
f 1696/2055/2658 1638/2059/2661 1698/2062/2663
f 1640/2063/2665 1639/2064/2666 1694/2066/2667
f 1694/2066/2667 1639/2064/2666 1693/2065/2668
f 1529/2067/2669 1640/2063/2665 1619/2068/2670
f 1619/2068/2670 1640/2063/2665 1694/2066/2667
f 1641/2069/2671 1530/2070/2672 1695/2072/2673
f 1695/2072/2673 1530/2070/2672 1620/2071/2674
f 1639/2064/2666 1641/2069/2671 1693/2065/2668
f 1693/2065/2668 1641/2069/2671 1695/2072/2673
f 1643/2073/2675 1642/2074/2676 1691/2076/2677
f 1691/2076/2677 1642/2074/2676 1690/2075/2678
f 1534/2077/2679 1643/2073/2675 1614/2078/2680
f 1614/2078/2680 1643/2073/2675 1691/2076/2677
f 1644/2079/2681 1535/2080/2682 1692/2082/2683
f 1692/2082/2683 1535/2080/2682 1615/2081/2684
f 1642/2074/2676 1644/2079/2681 1690/2075/2678
f 1690/2075/2678 1644/2079/2681 1692/2082/2683
f 1646/2083/2685 1645/2084/2686 1688/2086/2687
f 1688/2086/2687 1645/2084/2686 1687/2085/2688
f 1539/2087/2689 1646/2083/2685 1609/2088/2690
f 1609/2088/2690 1646/2083/2685 1688/2086/2687
f 1647/2089/2691 1540/2090/2692 1689/2092/2693
f 1689/2092/2693 1540/2090/2692 1610/2091/2694
f 1645/2084/2686 1647/2089/2691 1687/2085/2688
f 1687/2085/2688 1647/2089/2691 1689/2092/2693
f 1649/2093/2695 1648/2094/2696 1685/2096/2697
f 1685/2096/2697 1648/2094/2696 1684/2095/2698
f 1544/2097/2699 1649/2093/2695 1604/2098/2700
f 1604/2098/2700 1649/2093/2695 1685/2096/2697
f 1650/2099/2701 1545/2100/2702 1686/2102/2703
f 1686/2102/2703 1545/2100/2702 1605/2101/2704
f 1648/2094/2696 1650/2099/2701 1684/2095/2698
f 1684/2095/2698 1650/2099/2701 1686/2102/2703
f 1652/2103/2705 1651/2104/2706 1682/2106/2707
f 1682/2106/2707 1651/2104/2706 1681/2105/2708
f 1549/2107/2709 1652/2103/2705 1599/2108/2710
f 1599/2108/2710 1652/2103/2705 1682/2106/2707
f 1653/2109/2711 1550/2110/2712 1683/2112/2713
f 1683/2112/2713 1550/2110/2712 1600/2111/2714
f 1651/2104/2706 1653/2109/2711 1681/2105/2708
f 1681/2105/2708 1653/2109/2711 1683/2112/2713
f 1655/2113/2715 1654/2114/2716 1679/2116/2717
f 1679/2116/2717 1654/2114/2716 1678/2115/2718
f 1554/2117/2719 1655/2113/2715 1594/2118/2720
f 1594/2118/2720 1655/2113/2715 1679/2116/2717
f 1656/2119/2721 1555/2120/2722 1680/2122/2723
f 1680/2122/2723 1555/2120/2722 1595/2121/2724
f 1654/2114/2716 1656/2119/2721 1678/2115/2718
f 1678/2115/2718 1656/2119/2721 1680/2122/2723
f 1658/2123/2725 1657/2124/2726 1676/2126/2727
f 1676/2126/2727 1657/2124/2726 1675/2125/2728
f 1559/2127/2729 1658/2123/2725 1589/2128/2730
f 1589/2128/2730 1658/2123/2725 1676/2126/2727
f 1659/2129/2731 1560/2130/2732 1677/2132/2733
f 1677/2132/2733 1560/2130/2732 1590/2131/2734
f 1657/2124/2726 1659/2129/2731 1675/2125/2728
f 1675/2125/2728 1659/2129/2731 1677/2132/2733
f 1661/2133/2735 1660/2134/2736 1673/2136/2737
f 1673/2136/2737 1660/2134/2736 1672/2135/2738
f 1564/2137/2739 1661/2133/2735 1584/2138/2740
f 1584/2138/2740 1661/2133/2735 1673/2136/2737
f 1662/2139/2741 1565/2140/2742 1674/2142/2743
f 1674/2142/2743 1565/2140/2742 1585/2141/2744
f 1660/2134/2736 1662/2139/2741 1672/2135/2738
f 1672/2135/2738 1662/2139/2741 1674/2142/2743
f 1664/2143/2745 1663/2144/2746 1670/2146/2747
f 1670/2146/2747 1663/2144/2746 1669/2145/2748
f 1569/2147/2749 1664/2143/2745 1579/2148/2750
f 1579/2148/2750 1664/2143/2745 1670/2146/2747
f 1665/2149/2751 1570/2150/2752 1671/2152/2753
f 1671/2152/2753 1570/2150/2752 1580/2151/2754
f 1663/2144/2746 1665/2149/2751 1669/2145/2748
f 1669/2145/2748 1665/2149/2751 1671/2152/2753
f 1667/2048/2651 1666/2050/2652 1664/2143/2745
f 1664/2143/2745 1666/2050/2652 1663/2144/2746
f 1574/2049/2650 1667/2048/2651 1569/2147/2749
f 1569/2147/2749 1667/2048/2651 1664/2143/2745
f 1668/2051/2653 1575/2052/2654 1665/2149/2751
f 1665/2149/2751 1575/2052/2654 1570/2150/2752
f 1666/2050/2652 1668/2051/2653 1663/2144/2746
f 1663/2144/2746 1668/2051/2653 1665/2149/2751
f 1670/2146/2747 1669/2145/2748 1661/2133/2735
f 1661/2133/2735 1669/2145/2748 1660/2134/2736
f 1579/2148/2750 1670/2146/2747 1564/2137/2739
f 1564/2137/2739 1670/2146/2747 1661/2133/2735
f 1671/2152/2753 1580/2151/2754 1662/2139/2741
f 1662/2139/2741 1580/2151/2754 1565/2140/2742
f 1669/2145/2748 1671/2152/2753 1660/2134/2736
f 1660/2134/2736 1671/2152/2753 1662/2139/2741
f 1673/2136/2737 1672/2135/2738 1658/2123/2725
f 1658/2123/2725 1672/2135/2738 1657/2124/2726
f 1584/2138/2740 1673/2136/2737 1559/2127/2729
f 1559/2127/2729 1673/2136/2737 1658/2123/2725
f 1674/2142/2743 1585/2141/2744 1659/2129/2731
f 1659/2129/2731 1585/2141/2744 1560/2130/2732
f 1672/2135/2738 1674/2142/2743 1657/2124/2726
f 1657/2124/2726 1674/2142/2743 1659/2129/2731
f 1676/2126/2727 1675/2125/2728 1655/2113/2715
f 1655/2113/2715 1675/2125/2728 1654/2114/2716
f 1589/2128/2730 1676/2126/2727 1554/2117/2719
f 1554/2117/2719 1676/2126/2727 1655/2113/2715
f 1677/2132/2733 1590/2131/2734 1656/2119/2721
f 1656/2119/2721 1590/2131/2734 1555/2120/2722
f 1675/2125/2728 1677/2132/2733 1654/2114/2716
f 1654/2114/2716 1677/2132/2733 1656/2119/2721
f 1679/2116/2717 1678/2115/2718 1652/2103/2705
f 1652/2103/2705 1678/2115/2718 1651/2104/2706
f 1594/2118/2720 1679/2116/2717 1549/2107/2709
f 1549/2107/2709 1679/2116/2717 1652/2103/2705
f 1680/2122/2723 1595/2121/2724 1653/2109/2711
f 1653/2109/2711 1595/2121/2724 1550/2110/2712
f 1678/2115/2718 1680/2122/2723 1651/2104/2706
f 1651/2104/2706 1680/2122/2723 1653/2109/2711
f 1682/2106/2707 1681/2105/2708 1649/2093/2695
f 1649/2093/2695 1681/2105/2708 1648/2094/2696
f 1599/2108/2710 1682/2106/2707 1544/2097/2699
f 1544/2097/2699 1682/2106/2707 1649/2093/2695
f 1683/2112/2713 1600/2111/2714 1650/2099/2701
f 1650/2099/2701 1600/2111/2714 1545/2100/2702
f 1681/2105/2708 1683/2112/2713 1648/2094/2696
f 1648/2094/2696 1683/2112/2713 1650/2099/2701
f 1685/2096/2697 1684/2095/2698 1646/2083/2685
f 1646/2083/2685 1684/2095/2698 1645/2084/2686
f 1604/2098/2700 1685/2096/2697 1539/2087/2689
f 1539/2087/2689 1685/2096/2697 1646/2083/2685
f 1686/2102/2703 1605/2101/2704 1647/2089/2691
f 1647/2089/2691 1605/2101/2704 1540/2090/2692
f 1684/2095/2698 1686/2102/2703 1645/2084/2686
f 1645/2084/2686 1686/2102/2703 1647/2089/2691
f 1688/2086/2687 1687/2085/2688 1643/2073/2675
f 1643/2073/2675 1687/2085/2688 1642/2074/2676
f 1609/2088/2690 1688/2086/2687 1534/2077/2679
f 1534/2077/2679 1688/2086/2687 1643/2073/2675
f 1689/2092/2693 1610/2091/2694 1644/2079/2681
f 1644/2079/2681 1610/2091/2694 1535/2080/2682
f 1687/2085/2688 1689/2092/2693 1642/2074/2676
f 1642/2074/2676 1689/2092/2693 1644/2079/2681
f 1691/2076/2677 1690/2075/2678 1640/2063/2665
f 1640/2063/2665 1690/2075/2678 1639/2064/2666
f 1614/2078/2680 1691/2076/2677 1529/2067/2669
f 1529/2067/2669 1691/2076/2677 1640/2063/2665
f 1692/2082/2683 1615/2081/2684 1641/2069/2671
f 1641/2069/2671 1615/2081/2684 1530/2070/2672
f 1690/2075/2678 1692/2082/2683 1639/2064/2666
f 1639/2064/2666 1692/2082/2683 1641/2069/2671
f 1694/2066/2667 1693/2065/2668 1637/2053/2655
f 1637/2053/2655 1693/2065/2668 1636/2054/2656
f 1619/2068/2670 1694/2066/2667 1524/2057/2659
f 1524/2057/2659 1694/2066/2667 1637/2053/2655
f 1695/2072/2673 1620/2071/2674 1638/2059/2661
f 1638/2059/2661 1620/2071/2674 1525/2060/2662
f 1693/2065/2668 1695/2072/2673 1636/2054/2656
f 1636/2054/2656 1695/2072/2673 1638/2059/2661
f 1697/2056/2657 1696/2055/2658 1633/2154/2755
f 1633/2154/2755 1696/2055/2658 1634/2153/2756
f 1624/2058/2660 1697/2056/2657 1517/2155/2757
f 1517/2155/2757 1697/2056/2657 1633/2154/2755
f 1698/2062/2663 1625/2061/2664 1635/2157/2758
f 1635/2157/2758 1625/2061/2664 1521/2156/2759
f 1696/2055/2658 1698/2062/2663 1634/2153/2756
f 1634/2153/2756 1698/2062/2663 1635/2157/2758
s 69
f 1704/2159/2760 1705/2160/2761 1699/2158/2762
f 1699/2158/2762 1705/2160/2761 1700/2161/2763
f 1705/2160/2761 1706/2162/2764 1700/2161/2763
f 1700/2161/2763 1706/2162/2764 1701/2163/2765
f 1706/2162/2764 1703/2164/2766 1701/2163/2765
f 1701/2163/2765 1703/2164/2766 1702/2165/2767
s 70
f 1700/2161/2768 1708/2166/2769 1699/2158/2770
f 1699/2158/2770 1708/2166/2769 1707/2167/2771
f 1700/2161/2768 1701/2163/2772 1708/2166/2769
f 1708/2166/2769 1701/2163/2772 1709/2168/2773
f 1701/2163/2772 1702/2165/2774 1709/2168/2773
f 1709/2168/2773 1702/2165/2774 1710/2169/2775
s 71
f 1703/2164/2776 1711/2170/2777 1702/2165/2778
f 1702/2165/2778 1711/2170/2777 1710/2171/2779
s 70
f 1704/2159/2780 1699/2158/2770 1712/2173/2781
f 1712/2173/2781 1699/2158/2770 1707/2172/2771
s 72
f 1714/2174/2782 1713/2175/2783 1718/2177/2784
f 1718/2177/2784 1713/2175/2783 1717/2176/2785
s 73
f 1715/2178/2786 1714/2174/2787 1719/2179/2788
f 1719/2179/2788 1714/2174/2787 1718/2177/2789
s 74
f 1716/2180/2790 1715/2181/2791 1720/2183/2792
f 1720/2183/2792 1715/2181/2791 1719/2182/2793
s 75
f 1713/2175/2794 1716/2180/2795 1717/2176/2796
f 1717/2176/2796 1716/2180/2795 1720/2183/2797
s 76
f 1718/2184/2798 1717/2185/2799 1722/2187/2800
f 1722/2187/2800 1717/2185/2799 1721/2186/2801
f 1719/2188/2802 1718/2184/2798 1723/2189/2803
f 1723/2189/2803 1718/2184/2798 1722/2187/2800
f 1720/2190/2804 1719/2191/2802 1724/2193/2805
f 1724/2193/2805 1719/2191/2802 1723/2192/2803
f 1717/2185/2799 1720/2190/2804 1721/2186/2801
f 1721/2186/2801 1720/2190/2804 1724/2193/2805
s 77
f 1722/2187/2806 1721/2186/2807 1726/2195/2808
f 1726/2195/2808 1721/2186/2807 1725/2194/2809
s 78
f 1723/2189/2810 1722/2187/2811 1727/2196/2812
f 1727/2196/2812 1722/2187/2811 1726/2195/2813
s 79
f 1724/2193/2814 1723/2192/2815 1728/2198/2816
f 1728/2198/2816 1723/2192/2815 1727/2197/2817
s 80
f 1721/2186/2818 1724/2193/2819 1725/2194/2820
f 1725/2194/2820 1724/2193/2819 1728/2198/2821
s 81
f 1726/2195/2822 1725/2194/2823 1714/2200/2824
f 1714/2200/2824 1725/2194/2823 1713/2199/2825
f 1727/2196/2826 1726/2195/2822 1715/2201/2827
f 1715/2201/2827 1726/2195/2822 1714/2200/2824
f 1728/2198/2828 1727/2197/2826 1716/2203/2829
f 1716/2203/2829 1727/2197/2826 1715/2202/2827
f 1725/2194/2823 1728/2198/2828 1713/2199/2825
f 1713/2199/2825 1728/2198/2828 1716/2203/2829
s 82
f 1460/2204/2830 1461/2205/2831 1743/2206/2832
f 1741/2208/2833 1464/2209/2834 1740/2207/2835
f 1740/2207/2835 1464/2209/2834 1465/2210/2836
f 1740/2207/2835 1465/2210/2836 1739/2211/2837
f 1739/2211/2837 1465/2210/2836 1466/2212/2838
f 1739/2211/2837 1466/2212/2838 1738/2213/2839
f 1738/2213/2839 1466/2212/2838 1467/2214/2840
f 1738/2213/2839 1467/2214/2840 1737/2215/2841
f 1737/2215/2841 1467/2214/2840 1468/2216/2842
f 1737/2215/2841 1468/2216/2842 1736/2217/2843
f 1736/2217/2843 1468/2216/2842 1469/2218/2844
f 1741/2208/2833 1742/2219/2845 1464/2209/2834
f 1464/2209/2834 1742/2219/2845 1463/2220/2846
f 1730/2221/2847 1737/2215/2841 1729/2222/2848
f 1729/2222/2848 1737/2215/2841 1736/2217/2843
f 1731/2223/2849 1738/2213/2839 1730/2221/2847
f 1730/2221/2847 1738/2213/2839 1737/2215/2841
f 1732/2224/2850 1739/2211/2837 1731/2223/2849
f 1731/2223/2849 1739/2211/2837 1738/2213/2839
f 1733/2225/2851 1740/2207/2835 1732/2224/2850
f 1732/2224/2850 1740/2207/2835 1739/2211/2837
f 1734/2226/2852 1741/2208/2833 1733/2225/2851
f 1733/2225/2851 1741/2208/2833 1740/2207/2835
f 1735/2227/2853 1742/2219/2845 1734/2226/2852
f 1734/2226/2852 1742/2219/2845 1741/2208/2833
f 1743/2206/2832 1744/2228/2854 1735/2227/2853
f 1735/2227/2853 1744/2228/2854 1742/2219/2845
f 1462/2229/2855 1463/2220/2846 1744/2228/2854
f 1744/2228/2854 1463/2220/2846 1742/2219/2845
f 1743/2206/2832 1461/2205/2831 1744/2228/2854
f 1744/2228/2854 1461/2205/2831 1462/2229/2855
s 85
f 1730/2221/2856 1729/2222/2857 1487/2231/2858
f 1487/2231/2858 1729/2222/2857 1486/2230/2859
f 1731/2223/2860 1730/2221/2856 1488/2232/2861
f 1488/2232/2861 1730/2221/2856 1487/2231/2858
f 1732/2224/2862 1731/2223/2860 1489/2233/2863
f 1489/2233/2863 1731/2223/2860 1488/2232/2861
f 1733/2225/2864 1732/2224/2862 1490/2234/2865
f 1490/2234/2865 1732/2224/2862 1489/2233/2863
f 1734/2226/2866 1733/2225/2864 1491/2235/2867
f 1491/2235/2867 1733/2225/2864 1490/2234/2865
f 1735/2227/2868 1734/2226/2866 1492/2236/2869
f 1492/2236/2869 1734/2226/2866 1491/2235/2867
f 1743/2206/2870 1735/2227/2868 1493/2237/2871
f 1493/2237/2871 1735/2227/2868 1492/2236/2869
f 1460/2204/2872 1743/2206/2870 1493/2237/2871
s 86
f 1751/2239/2873 1749/2240/2874 1745/2238/2875
f 1745/2238/2875 1749/2240/2874 1750/2241/2876
s 87
f 1745/2238/2877 1746/2242/2878 1751/2239/2879
f 1751/2239/2879 1746/2242/2878 1752/2243/2880
s 86
f 1749/2240/2874 1751/2239/2873 1748/2244/2881
f 1748/2244/2881 1751/2239/2873 1752/2243/2882
f 1748/2245/2881 1752/2243/2882 1747/2246/2883
f 1747/2246/2883 1752/2243/2882 1746/2242/2884
s 87
f 1746/2242/2878 1745/2238/2877 1747/2247/2885
s 86
f 1748/2245/2881 1747/2246/2883 1503/2249/2886
f 1503/2249/2886 1747/2246/2883 1502/2248/2887
f 1749/2240/2874 1748/2244/2881 1504/2251/2888
f 1504/2251/2888 1748/2244/2881 1503/2250/2886
f 1749/2240/2874 1504/2252/2888 1750/2241/2876
f 1750/2241/2876 1504/2252/2888 1505/2253/2889
f 1745/2238/2875 1750/2241/2876 1506/2255/2890
f 1506/2255/2890 1750/2241/2876 1505/2254/2889
s 87
f 1747/2247/2885 1745/2238/2877 1502/2257/2891
f 1502/2257/2891 1745/2238/2877 1506/2256/2892
s 88
f 1754/2258/2893 1758/2261/2894 1753/2259/2895
f 1753/2259/2895 1758/2261/2894 1757/2260/2896
s 89
f 1755/2262/2897 1759/2263/2898 1754/2258/2899
f 1754/2258/2899 1759/2263/2898 1758/2261/2900
s 90
f 1756/2264/2901 1760/2267/2902 1755/2265/2903
f 1755/2265/2903 1760/2267/2902 1759/2266/2904
s 91
f 1753/2259/2905 1757/2260/2906 1756/2264/2907
f 1756/2264/2907 1757/2260/2906 1760/2267/2908
s 92
f 1758/2268/2909 1762/2271/2910 1757/2269/2911
f 1757/2269/2911 1762/2271/2910 1761/2270/2912
f 1759/2272/2913 1763/2273/2914 1758/2268/2909
f 1758/2268/2909 1763/2273/2914 1762/2271/2910
f 1760/2274/2915 1764/2277/2916 1759/2275/2913
f 1759/2275/2913 1764/2277/2916 1763/2276/2914
f 1757/2269/2911 1761/2270/2912 1760/2274/2915
f 1760/2274/2915 1761/2270/2912 1764/2277/2916
s 95
f 1762/2271/2917 1766/2279/2918 1761/2270/2919
f 1761/2270/2919 1766/2279/2918 1765/2278/2920
s 96
f 1763/2273/2921 1767/2280/2922 1762/2271/2923
f 1762/2271/2923 1767/2280/2922 1766/2279/2924
s 97
f 1764/2277/2925 1768/2282/2926 1763/2276/2927
f 1763/2276/2927 1768/2282/2926 1767/2281/2928
s 98
f 1761/2270/2929 1765/2278/2930 1764/2277/2931
f 1764/2277/2931 1765/2278/2930 1768/2282/2932
s 99
f 1766/2279/2933 1754/2284/2934 1765/2278/2935
f 1765/2278/2935 1754/2284/2934 1753/2283/2936
f 1767/2280/2937 1755/2285/2938 1766/2279/2933
f 1766/2279/2933 1755/2285/2938 1754/2284/2934
f 1768/2282/2939 1756/2287/2940 1767/2281/2937
f 1767/2281/2937 1756/2287/2940 1755/2286/2938
f 1765/2278/2935 1753/2283/2936 1768/2282/2939
f 1768/2282/2939 1753/2283/2936 1756/2287/2940
s 102
f 1770/2288/2941 1769/2289/2942 1774/2291/2943
f 1774/2291/2943 1769/2289/2942 1773/2290/2944
s 103
f 1771/2292/2945 1770/2288/2946 1775/2293/2947
f 1775/2293/2947 1770/2288/2946 1774/2291/2948
s 104
f 1772/2294/2949 1771/2295/2950 1776/2297/2951
f 1776/2297/2951 1771/2295/2950 1775/2296/2952
s 105
f 1769/2289/2953 1772/2294/2954 1773/2290/2955
f 1773/2290/2955 1772/2294/2954 1776/2297/2956
s 106
f 1774/2298/2957 1773/2299/2958 1778/2301/2959
f 1778/2301/2959 1773/2299/2958 1777/2300/2960
f 1775/2302/2961 1774/2298/2957 1779/2303/2962
f 1779/2303/2962 1774/2298/2957 1778/2301/2959
f 1776/2304/2963 1775/2305/2961 1780/2307/2964
f 1780/2307/2964 1775/2305/2961 1779/2306/2962
f 1773/2299/2958 1776/2304/2963 1777/2300/2960
f 1777/2300/2960 1776/2304/2963 1780/2307/2964
s 107
f 1778/2301/2965 1777/2300/2966 1782/2309/2967
f 1782/2309/2967 1777/2300/2966 1781/2308/2968
s 108
f 1779/2303/2969 1778/2301/2970 1783/2310/2971
f 1783/2310/2971 1778/2301/2970 1782/2309/2972
s 109
f 1780/2307/2973 1779/2306/2974 1784/2312/2975
f 1784/2312/2975 1779/2306/2974 1783/2311/2976
s 110
f 1777/2300/2977 1780/2307/2978 1781/2308/2979
f 1781/2308/2979 1780/2307/2978 1784/2312/2980
s 111
f 1782/2309/2981 1781/2308/2982 1770/2314/2983
f 1770/2314/2983 1781/2308/2982 1769/2313/2984
f 1783/2310/2985 1782/2309/2981 1771/2315/2986
f 1771/2315/2986 1782/2309/2981 1770/2314/2983
f 1784/2312/2987 1783/2311/2985 1772/2317/2988
f 1772/2317/2988 1783/2311/2985 1771/2316/2986
f 1781/2308/2982 1784/2312/2987 1769/2313/2984
f 1769/2313/2984 1784/2312/2987 1772/2317/2988
s 112
f 1799/2318/2989 1785/2319/2990 1806/2320/2991
f 1799/2318/2989 1787/2321/2992 1785/2319/2990
f 1807/2322/2993 1788/2323/2994 1799/2318/2989
f 1799/2318/2989 1788/2323/2994 1787/2321/2992
f 1810/2324/2995 1790/2325/2996 1800/2327/2997
f 1800/2327/2997 1790/2325/2996 1789/2326/2998
f 1792/2329/2999 1791/2330/3000 1802/2328/3001
f 1802/2328/3001 1791/2330/3000 1801/2331/3002
f 1803/2332/3003 1793/2333/3004 1802/2328/3001
f 1802/2328/3001 1793/2333/3004 1792/2329/2999
f 1804/2334/3005 1794/2335/3006 1803/2332/3003
f 1803/2332/3003 1794/2335/3006 1793/2333/3004
f 1795/2337/3007 1794/2335/3006 1808/2336/3008
f 1808/2336/3008 1794/2335/3006 1804/2334/3005
f 1786/2338/3009 1796/2339/3010 1805/2340/3011
f 1800/2327/2997 1789/2326/2998 1807/2322/2993
f 1807/2322/2993 1789/2326/2998 1788/2323/2994
f 1797/2342/3012 1795/2337/3007 1811/2341/3013
f 1811/2341/3013 1795/2337/3007 1808/2336/3008
f 1791/2330/3014 1798/2343/3015 1801/2331/3016
f 1801/2331/3016 1798/2343/3015 1809/2344/3017
f 1809/2344/3017 1798/2343/3015 1810/2324/2995
f 1810/2324/2995 1798/2343/3015 1790/2325/2996
f 1796/2339/3010 1797/2342/3012 1805/2340/3011
f 1805/2340/3011 1797/2342/3012 1811/2341/3013
f 1829/2346/3018 1823/2347/3019 1821/2345/3020
f 1821/2345/3020 1823/2347/3019 1828/2348/3021
f 1817/2350/3022 1818/2351/3023 1820/2349/3024
f 1820/2349/3024 1818/2351/3023 1819/2352/3025
f 1824/2353/3026 1827/2354/3027 1822/2356/3028
f 1822/2356/3028 1827/2354/3027 1825/2355/3029
f 1815/2357/3030 1824/2358/3026 1785/2319/2990
f 1823/2347/3019 1822/2356/3028 1828/2348/3021
f 1828/2348/3021 1822/2356/3028 1825/2355/3029
f 1812/2359/3031 1829/2346/3018 1786/2360/3009
f 1786/2360/3009 1829/2346/3018 1821/2345/3020
f 1828/2348/3021 1825/2355/3029 1831/2361/3032
f 1831/2361/3032 1825/2355/3029 1830/2362/3033
f 1827/2354/3027 1837/2363/3034 1825/2355/3029
f 1825/2355/3029 1837/2363/3034 1830/2362/3033
f 1821/2345/3020 1828/2348/3021 1841/2364/3035
f 1841/2364/3035 1828/2348/3021 1831/2361/3032
f 1832/2366/3036 1833/2367/3037 1838/2365/3038
f 1838/2365/3038 1833/2367/3037 1820/2349/3024
f 1833/2367/3037 1834/2368/3039 1820/2349/3024
f 1820/2349/3024 1834/2368/3039 1817/2350/3022
f 1835/2370/3040 1836/2371/3041 1839/2369/3042
f 1839/2369/3042 1836/2371/3041 1840/2372/3043
f 1817/2350/3022 1834/2368/3039 1839/2369/3042
f 1839/2369/3042 1834/2368/3039 1835/2370/3040
f 1816/2373/3044 1827/2354/3027 1826/2374/3045
f 1816/2373/3044 1840/2372/3043 1827/2354/3027
f 1840/2372/3043 1836/2371/3041 1827/2354/3027
f 1836/2371/3041 1837/2363/3034 1827/2354/3027
f 1841/2364/3035 1831/2361/3032 1838/2365/3038
f 1838/2365/3038 1831/2361/3032 1832/2366/3036
f 1826/2374/3045 1827/2354/3027 1815/2375/3030
f 1815/2375/3030 1827/2354/3027 1824/2353/3026
s 128
f 1829/2346/3046 1812/2359/3047 1813/2376/3048
s 112
f 1815/2357/3030 1785/2319/2990 1787/2321/2992
f 1826/2377/3049 1815/2357/3030 1788/2323/2994
f 1788/2323/2994 1815/2357/3030 1787/2321/2992
f 1840/2378/3050 1816/2379/3051 1790/2325/2996
f 1790/2325/2996 1816/2379/3051 1789/2326/2998
f 1817/2381/3052 1791/2330/3000 1818/2380/3053
f 1818/2380/3053 1791/2330/3000 1792/2329/2999
f 1819/2382/3054 1818/2380/3053 1793/2333/3004
f 1793/2333/3004 1818/2380/3053 1792/2329/2999
f 1820/2383/3024 1819/2382/3054 1794/2335/3006
f 1794/2335/3006 1819/2382/3054 1793/2333/3004
f 1820/2383/3024 1794/2335/3006 1838/2384/3038
f 1838/2384/3038 1794/2335/3006 1795/2337/3007
f 1786/2338/3009 1821/2385/3020 1796/2339/3010
f 1816/2379/3051 1826/2377/3049 1789/2326/2998
f 1789/2326/2998 1826/2377/3049 1788/2323/2994
s 128
f 1823/2347/3055 1829/2346/3046 1814/2386/3056
f 1814/2386/3056 1829/2346/3046 1813/2376/3048
s 129
f 1831/2387/3057 1830/2388/3058 1843/2390/3059
f 1843/2390/3059 1830/2388/3058 1842/2389/3060
f 1832/2391/3061 1831/2387/3057 1844/2392/3062
f 1844/2392/3062 1831/2387/3057 1843/2390/3059
f 1833/2393/3063 1832/2391/3061 1845/2394/3064
f 1845/2394/3064 1832/2391/3061 1844/2392/3062
f 1834/2395/3065 1833/2393/3063 1846/2396/3066
f 1846/2396/3066 1833/2393/3063 1845/2394/3064
f 1835/2397/3067 1834/2395/3065 1847/2398/3068
f 1847/2398/3068 1834/2395/3065 1846/2396/3066
f 1836/2399/3069 1835/2397/3067 1848/2400/3070
f 1848/2400/3070 1835/2397/3067 1847/2398/3068
f 1837/2401/3071 1836/2399/3069 1849/2402/3072
f 1849/2402/3072 1836/2399/3069 1848/2400/3070
s 112
f 1838/2384/3038 1795/2337/3007 1841/2403/3035
f 1841/2403/3035 1795/2337/3007 1797/2342/3012
f 1839/2404/3073 1798/2343/3015 1817/2381/3074
f 1817/2381/3074 1798/2343/3015 1791/2330/3014
f 1839/2404/3073 1840/2378/3050 1798/2343/3015
f 1798/2343/3015 1840/2378/3050 1790/2325/2996
f 1841/2403/3035 1797/2342/3012 1821/2385/3020
f 1821/2385/3020 1797/2342/3012 1796/2339/3010
s 129
f 1837/2401/3071 1849/2402/3072 1830/2406/3058
f 1830/2406/3058 1849/2402/3072 1842/2405/3060
s 131
f 1854/2410/3075 1851/2409/3076 1805/2407/3077
f 1805/2407/3077 1851/2409/3076 1855/2408/3078
f 1803/2414/3079 1802/2413/3080 1804/2411/3081
f 1804/2411/3081 1802/2413/3080 1801/2412/3082
f 1806/2415/3083 1850/2418/3084 1853/2416/3085
f 1853/2416/3085 1850/2418/3084 1852/2417/3086
f 1852/2417/3086 1850/2418/3084 1854/2410/3075
f 1854/2410/3075 1850/2418/3084 1851/2409/3076
f 1812/2419/3087 1786/2420/3088 1855/2408/3078
f 1855/2408/3078 1786/2420/3088 1805/2407/3077
f 1842/2422/3089 1852/2417/3086 1843/2421/3090
f 1843/2421/3090 1852/2417/3086 1854/2410/3075
f 1853/2416/3085 1852/2417/3086 1849/2423/3091
f 1849/2423/3091 1852/2417/3086 1842/2422/3089
f 1805/2407/3077 1811/2424/3092 1854/2410/3075
f 1854/2410/3075 1811/2424/3092 1843/2421/3090
f 1804/2411/3081 1845/2427/3093 1808/2425/3094
f 1808/2425/3094 1845/2427/3093 1844/2426/3095
f 1801/2412/3082 1846/2428/3096 1804/2411/3081
f 1804/2411/3081 1846/2428/3096 1845/2427/3093
f 1810/2432/3097 1848/2431/3098 1809/2429/3099
f 1809/2429/3099 1848/2431/3098 1847/2430/3100
f 1801/2412/3082 1809/2429/3099 1846/2428/3096
f 1846/2428/3096 1809/2429/3099 1847/2430/3100
f 1800/2433/3101 1807/2434/3102 1853/2416/3085
f 1800/2433/3101 1853/2416/3085 1810/2432/3097
f 1810/2432/3097 1853/2416/3085 1848/2431/3098
f 1853/2416/3085 1849/2423/3091 1848/2431/3098
f 1811/2424/3092 1808/2425/3094 1843/2421/3090
f 1843/2421/3090 1808/2425/3094 1844/2426/3095
f 1807/2434/3102 1799/2435/3103 1853/2416/3085
f 1853/2416/3085 1799/2435/3103 1806/2415/3083
s 138
f 1855/2408/3104 1813/2436/3105 1812/2419/3106
f 1851/2409/3107 1814/2437/3108 1855/2408/3104
f 1855/2408/3104 1814/2437/3108 1813/2436/3105
s 139
f 1857/2441/3109 1862/2440/3110 1856/2438/3111
f 1856/2438/3111 1862/2440/3110 1861/2439/3112
f 1862/2440/3110 1857/2441/3109 1863/2442/3113
f 1863/2442/3113 1857/2441/3109 1858/2443/3114
f 1863/2442/3113 1858/2443/3114 1860/2444/3115
f 1860/2444/3115 1858/2443/3114 1859/2445/3116
s 140
f 1707/2447/3117 1708/2446/3118 1856/2438/3119
f 1856/2438/3119 1708/2446/3118 1857/2441/3120
f 1857/2441/3120 1708/2446/3118 1858/2443/3121
f 1858/2443/3121 1708/2446/3118 1709/2448/3122
f 1858/2443/3121 1709/2448/3122 1859/2445/3123
f 1859/2445/3123 1709/2448/3122 1710/2449/3124
s 141
f 1710/2451/3125 1711/2450/3126 1859/2445/3127
f 1859/2445/3127 1711/2450/3126 1860/2444/3128
s 140
f 1861/2439/3129 1712/2453/3130 1856/2438/3119
f 1856/2438/3119 1712/2453/3130 1707/2452/3117
