# This file uses centimeters as units for non-parametric coordinates.

g default
v -34.401723 -5.674951 3.070861
v -34.773783 -0.692020 8.126154
v -306.495214 -27.483036 3.535087
v -303.944595 -22.299389 8.514602
v -294.930180 -1.942325 3.212224
v -297.058925 -7.022243 8.056623
v -36.627427 19.549378 3.248492
v -36.036182 14.225588 8.153789
v -299.542409 -6.657606 -0.000000
v -295.655219 -1.883926 -0.000001
v -35.885622 19.530411 -0.000001
v -33.099688 12.641762 -0.000000
v -32.130171 1.511993 0.000000
v -33.716724 -5.487467 -0.000001
v -307.157118 -27.463626 -0.000001
v -305.861178 -18.156950 0.000000
v -34.401723 -5.674951 -3.070861
v -34.773783 -0.692020 -8.126154
v -306.495214 -27.483036 -3.535087
v -303.944595 -22.299389 -8.514602
v -294.930180 -1.942325 -3.212225
v -297.058925 -7.022243 -8.056627
v -36.627427 19.549378 -3.248493
v -36.036182 14.225588 -8.153789
vt 0.569101 0.800858
vt 0.329385 0.903523
vt 0.329386 0.807065
vt 0.569102 0.917007
vt 0.051156 0.147469
vt 0.979097 0.147469
vt 0.979097 0.086728
vt 0.012398 0.086728
vt 0.310969 0.787007
vt 0.979097 0.136382
vt 0.979097 0.097108
vt 0.310969 0.921151
vt 0.044949 0.136382
vt 0.550685 0.942200
vt 0.550685 0.777553
vt 0.018604 0.097108
vt 0.542790 0.917007
vt 0.051156 0.150684
vt 0.542790 0.942200
vt 0.303074 0.787007
vt 0.979097 0.150684
vt 0.303074 0.807065
vt 0.303073 0.903523
vt 0.979097 0.083513
vt 0.303073 0.921151
vt 0.542790 0.777553
vt 0.012398 0.083513
vt 0.542790 0.800858
vt 0.018604 0.097108
vt 0.979097 0.097108
vt 0.979097 0.136382
vt 0.044949 0.136382
vt 0.979097 0.086728
vt 0.012398 0.086728
vt 0.051156 0.147469
vt 0.979097 0.147469
vt 0.542790 0.942200
vt 0.542790 0.917007
vt 0.569102 0.917007
vt 0.550685 0.942200
vt 0.979097 0.150684
vt 0.051156 0.150684
vt 0.329386 0.807065
vt 0.303074 0.807065
vt 0.303074 0.787007
vt 0.310969 0.787007
vt 0.329385 0.903523
vt 0.303073 0.903523
vt 0.303073 0.921151
vt 0.310969 0.921151
vt 0.012398 0.083513
vt 0.979097 0.083513
vt 0.569101 0.800858
vt 0.542790 0.800858
vt 0.542790 0.777553
vt 0.550685 0.777553
vn -0.000999 0.030414 0.999537
vn -0.000248 -0.000704 1.000000
vn -0.000978 0.029536 0.999563
vn -0.000220 -0.001871 0.999998
vn 0.057917 -0.708855 0.702972
vn 0.057811 -0.706288 0.705560
vn 0.057915 -0.708812 0.703016
vn 0.057809 -0.706253 0.705595
vn -0.057367 0.701480 0.710376
vn -0.056135 0.673639 0.736926
vn -0.057348 0.701059 0.710794
vn -0.056113 0.673166 0.737360
vn -0.762286 0.620729 0.183343
vn -0.771984 0.583742 0.251568
vn -0.771253 0.587473 0.245041
vn -0.773302 0.576254 0.264453
vn -0.082132 0.996319 -0.024569
vn -0.082861 0.995902 0.036229
vn -0.082138 0.996328 -0.024153
vn -0.082866 0.995881 0.036806
vn 0.904031 0.339603 0.259611
vn 0.904830 0.344314 0.250461
vn 0.905317 0.347484 0.244247
vn 0.907356 0.366957 0.205055
vn 0.941460 0.079064 0.327721
vn 0.941778 0.079874 0.326611
vn 0.942055 0.080583 0.325636
vn 0.942647 0.082114 0.323534
vn 0.955570 -0.216597 0.199930
vn 0.949161 -0.194110 0.247818
vn 0.950110 -0.196952 0.241868
vn 0.947643 -0.189787 0.256814
vn 0.080094 -0.996577 -0.020468
vn 0.079750 -0.995897 -0.042765
vn 0.080092 -0.996575 -0.020593
vn 0.079746 -0.995887 -0.043015
vn -0.938425 0.176403 0.297053
vn -0.946069 0.169073 0.276349
vn -0.952342 0.162578 0.258095
vn -0.973708 0.135582 0.183060
vn -0.841284 0.462277 0.280252
vn -0.841026 0.406810 0.356624
vn -0.842021 0.428997 0.327050
vn -0.839517 0.389730 0.378579
vn -0.000999 0.030414 -0.999537
vn -0.000978 0.029536 -0.999563
vn -0.000248 -0.000704 -1.000000
vn -0.000220 -0.001871 -0.999998
vn 0.057809 -0.706253 -0.705595
vn 0.057811 -0.706288 -0.705560
vn 0.057915 -0.708812 -0.703016
vn 0.057917 -0.708855 -0.702972
vn -0.056113 0.673166 -0.737360
vn -0.056135 0.673639 -0.736926
vn -0.057348 0.701059 -0.710794
vn -0.057367 0.701481 -0.710376
vn -0.762291 0.620724 -0.183344
vn -0.771252 0.587473 -0.245041
vn -0.771983 0.583743 -0.251568
vn -0.773300 0.576257 -0.264452
vn -0.082132 0.996319 0.024568
vn -0.082138 0.996328 0.024152
vn -0.082861 0.995902 -0.036230
vn -0.082866 0.995881 -0.036806
vn 0.904031 0.339602 -0.259611
vn 0.905317 0.347484 -0.244247
vn 0.904830 0.344313 -0.250461
vn 0.907356 0.366957 -0.205054
vn 0.941460 0.079064 -0.327721
vn 0.942055 0.080584 -0.325636
vn 0.941778 0.079874 -0.326611
vn 0.942647 0.082114 -0.323534
vn 0.955570 -0.216597 -0.199931
vn 0.950110 -0.196953 -0.241868
vn 0.949161 -0.194110 -0.247818
vn 0.947643 -0.189787 -0.256814
vn 0.080094 -0.996577 0.020468
vn 0.080092 -0.996575 0.020594
vn 0.079750 -0.995897 0.042764
vn 0.079746 -0.995887 0.043014
vn -0.938425 0.176403 -0.297053
vn -0.952342 0.162578 -0.258095
vn -0.946069 0.169073 -0.276349
vn -0.973708 0.135582 -0.183060
vn -0.839516 0.389732 -0.378579
vn -0.841026 0.406811 -0.356624
vn -0.842022 0.428996 -0.327050
vn -0.841286 0.462274 -0.280252
s 1
g effect
f 4/16/1 2/11/2 6/13/3
f 6/13/3 2/11/2 8/10/4
s 2
f 2/11/5 4/16/6 1/7/7
f 1/7/7 4/16/6 3/8/8
s 3
f 6/13/9 8/10/10 5/5/11
f 5/5/11 8/10/10 7/6/12
s 4
f 10/19/13 9/17/14 5/14/15
f 5/14/15 9/17/14 6/4/16
s 5
f 11/21/17 10/18/18 7/6/19
f 7/6/19 10/18/18 5/5/20
s 6
f 8/3/21 12/22/22 7/9/23
f 7/9/23 12/22/22 11/20/24
s 7
f 2/2/25 13/23/26 8/3/27
f 8/3/27 13/23/26 12/22/28
s 8
f 14/25/29 13/23/30 1/12/31
f 1/12/31 13/23/30 2/2/32
s 9
f 15/27/33 14/24/34 3/8/35
f 3/8/35 14/24/34 1/7/36
s 10
f 4/1/37 16/28/38 3/15/39
f 3/15/39 16/28/38 15/26/40
s 11
f 9/17/41 16/28/42 6/4/43
f 6/4/43 16/28/42 4/1/44
s 12
f 20/29/45 22/32/46 18/30/47
f 18/30/47 22/32/46 24/31/48
s 13
f 19/34/49 20/29/50 17/33/51
f 17/33/51 20/29/50 18/30/52
s 14
f 23/36/53 24/31/54 21/35/55
f 21/35/55 24/31/54 22/32/56
s 15
f 10/37/57 21/40/58 9/38/59
f 9/38/59 21/40/58 22/39/60
s 16
f 11/41/61 23/36/62 10/42/63
f 10/42/63 23/36/62 21/35/64
s 17
f 24/43/65 23/46/66 12/44/67
f 12/44/67 23/46/66 11/45/68
s 18
f 18/47/69 24/43/70 13/48/71
f 13/48/71 24/43/70 12/44/72
s 19
f 14/49/73 17/50/74 13/48/75
f 13/48/75 17/50/74 18/47/76
s 20
f 15/51/77 19/34/78 14/52/79
f 14/52/79 19/34/78 17/33/80
s 21
f 20/53/81 19/56/82 16/54/83
f 16/54/83 19/56/82 15/55/84
s 22
f 20/53/85 16/54/86 22/39/87
f 22/39/87 16/54/86 9/38/88
g default
v -59.270042 54.608055 19.263201
v -61.146618 52.871517 16.526426
v -57.206154 52.377728 19.263201
v -59.082729 50.641190 16.526426
v -48.057114 64.984222 16.526426
v -49.933689 63.247688 19.263201
v -45.993225 62.753899 16.526426
v -47.869801 61.017361 19.263201
v 43.959999 8.507660 15.865695
v -25.072985 37.378292 15.865695
v 48.664566 -4.354321 13.789104
v -35.124840 28.076548 13.789104
v -30.110643 32.716564 15.865695
v 44.152397 1.269638 15.865695
v 48.467018 10.156219 13.789104
v -24.250492 39.257786 16.526426
v -26.127071 37.521248 19.263201
v -25.650187 40.770355 16.526426
v -27.526764 39.033813 19.263201
v -37.340000 27.145077 16.526426
v -35.463425 28.881615 19.263201
v -38.739693 28.657644 16.526426
v -36.863117 30.394182 19.263201
v -22.573967 39.690819 17.236004
v -24.771397 37.657372 20.682215
v -23.131481 40.293297 17.236004
v -25.328915 38.259846 20.682215
v -37.901497 25.507095 17.236004
v -35.704067 27.540545 20.682215
v -38.459015 26.109570 17.236004
v -36.261585 28.143019 20.682215
v -25.139006 38.435581 15.999217
v -26.760820 36.934795 18.208889
v -46.881737 61.931694 15.999217
v -48.503548 60.430908 18.208889
v -36.451492 27.967283 15.999217
v -34.829678 29.468071 18.208889
v -58.194221 51.463398 15.999217
v -56.572407 52.964184 18.208889
v 43.959999 8.507660 13.789104
v -25.072985 37.378292 13.789104
v -37.901497 25.507095 13.789104
v -35.704067 27.540545 13.789104
v -24.771397 37.657372 13.789104
v -22.573967 39.690819 13.789104
v -23.131481 40.293297 13.789104
v -25.328915 38.259846 13.789104
v -36.261585 28.143019 13.789104
v -38.459015 26.109570 13.789104
v -24.250492 39.257786 13.789104
v -25.650187 40.770355 13.789104
v -27.526764 39.033813 13.789104
v -36.863117 30.394182 13.789104
v -38.739693 28.657644 13.789104
v -37.340000 27.145077 13.789104
v -58.194221 51.463398 13.789104
v -36.451492 27.967283 13.789104
v -61.146618 52.871517 13.789104
v -59.270042 54.608055 13.789104
v -49.933689 63.247688 13.789104
v -48.057114 64.984222 13.789104
v -45.993225 62.753899 13.789104
v -47.869801 61.017361 13.789104
v -57.206154 52.377728 13.789104
v -59.082729 50.641190 13.789104
v -46.881737 61.931694 13.789104
v -25.139006 38.435581 13.789104
v -59.270042 54.608055 8.315008
v -61.146618 52.871517 11.051783
v -57.206154 52.377728 8.315008
v -59.082729 50.641190 11.051783
v -48.057114 64.984222 11.051783
v -49.933689 63.247688 8.315008
v -45.993225 62.753899 11.051783
v -47.869801 61.017361 8.315008
v 43.959999 8.507660 11.712514
v -25.072985 37.378292 11.712514
v -30.110643 32.716564 11.712514
v 44.152397 1.269638 11.712514
v -24.250492 39.257786 11.051783
v -26.127071 37.521248 8.315008
v -25.650187 40.770355 11.051783
v -27.526764 39.033813 8.315008
v -37.340000 27.145077 11.051783
v -35.463425 28.881615 8.315008
v -38.739693 28.657644 11.051783
v -36.863117 30.394182 8.315008
v -22.573967 39.690819 10.342205
v -24.771397 37.657372 6.895995
v -23.131481 40.293297 10.342205
v -25.328915 38.259846 6.895995
v -37.901497 25.507095 10.342205
v -35.704067 27.540545 6.895995
v -38.459015 26.109570 10.342205
v -36.261585 28.143019 6.895995
v -25.139006 38.435581 11.578992
v -26.760820 36.934795 9.369320
v -46.881737 61.931694 11.578992
v -48.503548 60.430908 9.369320
v -36.451492 27.967283 11.578992
v -34.829678 29.468071 9.369320
v -58.194221 51.463398 11.578992
v -56.572407 52.964184 9.369320
v -7.481403 18.368084 15.865695
v -12.890940 14.108227 15.865695
v -17.533260 9.066341 13.789104
v -12.890940 14.108227 11.712514
v -7.481403 18.368084 11.712514
v -7.481403 18.368084 13.789104
v -34.147434 -20.062073 15.865695
v -32.303921 -26.696167 15.865695
v -34.147434 -20.062073 13.789104
v -34.147434 -20.062073 11.712514
v -32.303921 -26.696167 11.712514
v -29.442902 -32.924019 13.789104
v 70.710701 0.000000 0.000000
v 0.000000 70.710701 0.000000
v 0.000000 55.656200 4.000000
v 55.656200 0.000000 4.000000
v 0.000000 -70.710602 0.000000
v 0.000000 -55.656101 4.000000
v -70.710701 0.000000 0.000000
v -55.656101 0.000000 4.000000
v 0.000000 55.656200 -4.000000
v 0.000000 70.710701 0.000000
v 70.710701 0.000000 0.000000
v 55.656200 0.000000 -4.000000
v 0.000000 -70.710602 0.000000
v 0.000000 -55.656101 -4.000000
v -70.710701 0.000000 0.000000
v -55.656101 0.000000 -4.000000
vt 0.207370 0.816938
vt 0.425785 0.647284
vt 0.446017 0.666186
vt 0.534334 0.760227
vt 0.534334 0.666185
vt 0.446017 0.760227
vt 0.267645 0.667520
vt 0.207370 0.667520
vt 0.055847 0.273040
vt 0.983519 0.273040
vt 0.981544 0.230445
vt 0.073496 0.230677
vt 0.015029 0.266457
vt 0.981551 0.253085
vt 0.434470 0.834932
vt 0.357700 0.760227
vt 0.357701 0.666186
vt 0.434470 0.928973
vt 0.434470 0.956661
vt 0.475347 0.956661
vt 0.475347 0.807244
vt 0.434470 0.807244
vt 0.668865 0.669418
vt 0.129503 0.779537
vt 0.129503 0.669417
vt 0.668865 0.779538
vt 0.677341 0.750774
vt 0.693623 0.750774
vt 0.693623 0.573156
vt 0.643388 0.647284
vt 0.030737 0.518690
vt 0.665719 0.518690
vt 0.665719 0.599964
vt 0.030737 0.599964
vt 0.030737 0.623066
vt 0.665719 0.623067
vt 0.665719 0.495588
vt 0.030737 0.495587
vt 0.055847 0.266457
vt 0.983519 0.266457
vt 0.677341 0.776257
vt 0.617905 0.779538
vt 0.617905 0.669418
vt 0.078543 0.801671
vt 0.078543 0.779537
vt 0.078543 0.669417
vt 0.434470 0.787007
vt 0.317231 0.779129
vt 0.317231 0.760227
vt 0.317231 0.666185
vt 0.665719 0.639406
vt 0.405548 0.666186
vt 0.405548 0.760227
vt 0.267645 0.647284
vt 0.493864 0.647284
vt 0.493864 0.666186
vt 0.493864 0.760227
vt 0.207370 0.837175
vt 0.030737 0.479248
vt 0.012398 0.209942
vt 0.053739 0.253298
vt 0.053731 0.208943
vt 0.981537 0.208683
vt 0.665719 0.479249
vt 0.030737 0.639405
vt 0.493864 0.779128
vt 0.514101 0.779129
vt 0.207370 0.647283
vt 0.405548 0.779129
vt 0.405548 0.647284
vt 0.267645 0.816938
vt 0.514101 0.647284
vt 0.207370 0.695209
vt 0.425785 0.779129
vt 0.267645 0.695209
vt 0.207370 0.789250
vt 0.267645 0.789250
vt 0.317232 0.647284
vt 0.337468 0.779129
vt 0.337468 0.647284
vt 0.475347 0.928973
vt 0.475347 0.834932
vt 0.078543 0.647283
vt 0.104025 0.801671
vt 0.617905 0.647284
vt 0.677341 0.573156
vt 0.617905 0.801671
vt 0.104025 0.647283
vt 0.693623 0.717025
vt 0.677341 0.717025
vt 0.643388 0.801671
vt 0.693623 0.606905
vt 0.677341 0.606905
vt 0.267645 0.837175
vt 0.475347 0.976898
vt 0.434470 0.976898
vt 0.475347 0.787007
vt 0.693623 0.776257
vt 0.677341 0.547673
vt 0.693623 0.547673
vt 0.267645 0.789250
vt 0.207370 0.789250
vt 0.207370 0.695209
vt 0.267645 0.695209
vt 0.267645 0.816938
vt 0.207370 0.816938
vt 0.267645 0.667520
vt 0.207370 0.667520
vt 0.053731 0.208943
vt 0.981537 0.208683
vt 0.981544 0.230445
vt 0.073496 0.230677
vt 0.053739 0.253298
vt 0.012398 0.209942
vt 0.981551 0.253085
vt 0.983519 0.273040
vt 0.055847 0.273040
vt 0.055847 0.266457
vt 0.983519 0.266457
vt 0.015029 0.266457
vt 0.434470 0.834932
vt 0.475347 0.834932
vt 0.475347 0.928973
vt 0.434470 0.928973
vt 0.434470 0.956661
vt 0.475347 0.956661
vt 0.475347 0.976898
vt 0.434470 0.976898
vt 0.434470 0.787007
vt 0.475347 0.787007
vt 0.475347 0.807244
vt 0.434470 0.807244
vt 0.357701 0.666186
vt 0.317231 0.666185
vt 0.317232 0.647284
vt 0.337468 0.647284
vt 0.357700 0.760227
vt 0.317231 0.760227
vt 0.337468 0.779129
vt 0.317231 0.779129
vt 0.677341 0.606905
vt 0.693623 0.606905
vt 0.693623 0.717025
vt 0.677341 0.717025
vt 0.677341 0.750774
vt 0.693623 0.750774
vt 0.693623 0.776257
vt 0.677341 0.776257
vt 0.677341 0.547673
vt 0.693623 0.547673
vt 0.693623 0.573156
vt 0.677341 0.573156
vt 0.129503 0.669417
vt 0.078543 0.669417
vt 0.078543 0.647283
vt 0.104025 0.647283
vt 0.617905 0.669418
vt 0.617905 0.647284
vt 0.643388 0.647284
vt 0.668865 0.669418
vt 0.129503 0.779537
vt 0.078543 0.779537
vt 0.104025 0.801671
vt 0.078543 0.801671
vt 0.668865 0.779538
vt 0.617905 0.779538
vt 0.643388 0.801671
vt 0.617905 0.801671
vt 0.030737 0.518690
vt 0.665719 0.518690
vt 0.665719 0.599964
vt 0.030737 0.599964
vt 0.030737 0.623066
vt 0.665719 0.623067
vt 0.665719 0.639406
vt 0.030737 0.639405
vt 0.030737 0.495587
vt 0.665719 0.495588
vt 0.405548 0.666186
vt 0.405548 0.647284
vt 0.425785 0.647284
vt 0.446017 0.666186
vt 0.405548 0.760227
vt 0.446017 0.760227
vt 0.405548 0.779129
vt 0.425785 0.779129
vt 0.207370 0.647283
vt 0.267645 0.647284
vt 0.493864 0.666186
vt 0.493864 0.647284
vt 0.514101 0.647284
vt 0.534334 0.666185
vt 0.493864 0.760227
vt 0.534334 0.760227
vt 0.493864 0.779128
vt 0.514101 0.779129
vt 0.267645 0.837175
vt 0.207370 0.837175
vt 0.030737 0.479248
vt 0.665719 0.479249
vt 0.761210 0.208745
vt 0.763224 0.273040
vt 0.765909 0.230500
vt 0.761223 0.253136
vt 0.761223 0.253136
vt 0.765909 0.230500
vt 0.763224 0.273040
vt 0.761210 0.208745
vt 0.763224 0.266457
vt 0.763224 0.266457
vt 0.763224 0.266457
vt 0.763224 0.266457
vt 0.761210 0.208745
vt 0.763224 0.273040
vt 0.761210 0.208745
vt 0.763224 0.273040
vt 0.765909 0.230500
vt 0.761223 0.253136
vt 0.761223 0.253136
vt 0.765909 0.230500
vt 0.253165 0.628550
vt 0.248805 0.628550
vt 0.250255 0.627100
vt 0.251705 0.627100
vt 0.253165 0.624190
vt 0.251705 0.625640
vt 0.248805 0.624190
vt 0.250255 0.625640
vt 0.210548 0.740848
vt 0.237658 0.713682
vt 0.264824 0.740797
vt 0.237709 0.767958
vt 0.250085 0.619500
vt 0.248495 0.621100
vt 0.253275 0.621100
vt 0.251685 0.619500
vt 0.253275 0.616310
vt 0.251685 0.617910
vt 0.248495 0.616310
vt 0.250085 0.617910
vt 0.210638 0.740937
vt 0.237748 0.713771
vt 0.264914 0.740887
vt 0.237798 0.768048
vn -0.000001 0.000000 1.000000
vn -0.000001 0.000000 1.000000
vn 0.000000 0.000000 1.000000
vn 0.000000 0.000000 1.000000
vn -0.536328 -0.496305 0.682667
vn -0.536328 -0.496304 0.682667
vn -0.536328 -0.496304 0.682667
vn -0.536328 -0.496303 0.682668
vn 0.536328 0.496306 0.682666
vn 0.536328 0.496303 0.682668
vn 0.536328 0.496304 0.682668
vn 0.536327 0.496301 0.682670
vn 0.036277 0.000964 0.999341
vn -0.000000 0.000000 1.000000
vn 0.076542 -0.131244 0.988391
vn 0.051550 -0.140933 0.988676
vn 0.420161 0.008045 0.907414
vn 0.121098 -0.256878 0.958827
vn 0.099904 -0.273129 0.956776
vn -0.343517 0.939147 0.000000
vn -0.343516 0.939147 0.000000
vn -0.343516 0.939147 0.000000
vn -0.343516 0.939147 0.000000
vn -0.343517 0.939146 0.000000
vn -0.343517 0.939146 0.000000
vn -0.343517 0.939146 0.000000
vn 0.000000 0.000000 1.000000
vn 0.000000 0.000000 1.000000
vn 0.000000 0.000000 1.000000
vn 0.000000 0.000000 1.000000
vn -0.733961 -0.679191 0.000000
vn -0.733962 -0.679190 0.000000
vn -0.733963 -0.679190 0.000000
vn -0.733964 -0.679189 0.000000
vn 0.733961 0.679191 0.000000
vn 0.733962 0.679190 0.000000
vn 0.733962 0.679190 0.000000
vn 0.733963 0.679189 0.000000
vn -0.679190 0.733963 0.000000
vn -0.679190 0.733962 0.000000
vn -0.679190 0.733962 0.000000
vn -0.679192 0.733961 0.000000
vn 0.536328 0.496305 0.682667
vn 0.536327 0.496303 0.682669
vn 0.536327 0.496304 0.682668
vn 0.536326 0.496303 0.682669
vn -0.536326 -0.496305 0.682668
vn -0.536327 -0.496305 0.682667
vn -0.536326 -0.496305 0.682668
vn -0.536327 -0.496306 0.682667
vn -0.679191 0.733962 0.000000
vn -0.679191 0.733962 0.000000
vn -0.679191 0.733962 0.000000
vn -0.679191 0.733962 0.000000
vn -0.679191 0.733962 0.000000
vn -0.679191 0.733962 0.000000
vn -0.679191 0.733962 0.000000
vn -0.679191 0.733962 0.000000
vn 0.000000 0.000000 1.000000
vn 0.000000 0.000000 1.000000
vn 0.000001 0.000000 1.000000
vn 0.000001 0.000000 1.000000
vn -0.733963 -0.679189 0.000000
vn -0.733962 -0.679190 0.000000
vn -0.733958 -0.679194 0.000000
vn -0.733958 -0.679195 0.000000
vn 0.733965 0.679187 0.000000
vn 0.733965 0.679187 0.000000
vn 0.733965 0.679187 0.000000
vn 0.733965 0.679187 0.000000
vn -0.679192 0.733961 0.000000
vn -0.679191 0.733962 0.000000
vn -0.679191 0.733961 0.000000
vn -0.679190 0.733963 0.000000
vn 0.679191 -0.733962 0.000000
vn 0.679191 -0.733962 0.000000
vn 0.679191 -0.733962 0.000000
vn 0.679191 -0.733962 0.000000
vn 0.554071 0.512726 0.655833
vn 0.554074 0.512724 0.655833
vn 0.554071 0.512726 0.655833
vn 0.554074 0.512723 0.655833
vn -0.554067 -0.512731 0.655832
vn -0.554075 -0.512724 0.655832
vn -0.554068 -0.512730 0.655832
vn -0.554076 -0.512723 0.655832
vn -0.679190 0.733962 0.000000
vn -0.679190 0.733962 0.000000
vn -0.679191 0.733962 0.000000
vn -0.679191 0.733962 0.000000
vn -0.679190 0.733962 0.000000
vn -0.679190 0.733962 0.000000
vn -0.679190 0.733962 0.000000
vn -0.679190 0.733962 0.000000
vn 0.679191 -0.733962 0.000000
vn 0.679191 -0.733962 0.000000
vn 0.679190 -0.733962 0.000000
vn 0.679190 -0.733962 0.000000
vn 0.679192 -0.733961 0.000000
vn 0.679191 -0.733961 0.000000
vn 0.679191 -0.733962 0.000000
vn 0.679190 -0.733963 0.000000
vn 0.000000 0.000000 1.000000
vn -0.000000 0.000000 1.000000
vn 0.000000 0.000000 1.000000
vn -0.000000 0.000000 1.000000
vn -0.733962 -0.679191 0.000000
vn -0.733962 -0.679190 0.000000
vn -0.733962 -0.679191 0.000000
vn -0.733962 -0.679190 0.000000
vn 0.518990 0.480261 0.707106
vn 0.518990 0.480261 0.707106
vn 0.518990 0.480260 0.707107
vn 0.518990 0.480260 0.707107
vn -0.518990 -0.480260 0.707107
vn -0.518990 -0.480260 0.707107
vn -0.518990 -0.480261 0.707106
vn -0.518990 -0.480261 0.707106
vn -0.679189 0.733963 0.000000
vn -0.679191 0.733961 0.000000
vn -0.679191 0.733962 0.000000
vn -0.679192 0.733961 0.000000
vn -0.679191 0.733962 0.000000
vn -0.679190 0.733962 0.000000
vn -0.679191 0.733962 0.000000
vn -0.679190 0.733962 0.000000
vn -0.679191 0.733962 0.000000
vn -0.679190 0.733963 0.000000
vn -0.679189 0.733963 0.000000
vn -0.679189 0.733964 0.000000
vn 0.733962 0.679191 0.000000
vn 0.733962 0.679191 0.000000
vn 0.733962 0.679191 0.000000
vn 0.733962 0.679190 0.000000
vn 0.679193 -0.733960 0.000000
vn 0.679190 -0.733962 0.000000
vn 0.679191 -0.733962 0.000000
vn 0.679190 -0.733963 0.000000
vn 0.679191 -0.733962 0.000000
vn 0.679190 -0.733962 0.000000
vn 0.679191 -0.733962 0.000000
vn 0.679190 -0.733963 0.000000
vn 0.679192 -0.733961 0.000000
vn 0.679192 -0.733961 0.000000
vn 0.679192 -0.733961 0.000000
vn 0.679192 -0.733961 0.000000
vn -0.733962 -0.679191 0.000000
vn -0.733962 -0.679191 0.000000
vn -0.733962 -0.679191 0.000000
vn -0.733962 -0.679191 0.000000
vn 0.733962 0.679190 0.000000
vn 0.733962 0.679191 0.000000
vn 0.733962 0.679190 0.000000
vn 0.733962 0.679191 0.000000
vn -0.000000 0.000000 -1.000000
vn -0.000000 0.000000 -1.000000
vn -0.000000 0.000000 -1.000000
vn 0.000000 0.000000 -1.000000
vn -0.536328 -0.496305 -0.682667
vn -0.536328 -0.496304 -0.682667
vn -0.536328 -0.496304 -0.682667
vn -0.536328 -0.496303 -0.682668
vn 0.536328 0.496306 -0.682666
vn 0.536327 0.496304 -0.682668
vn 0.536327 0.496303 -0.682669
vn 0.536327 0.496301 -0.682671
vn 0.036277 0.000964 -0.999341
vn 0.076542 -0.131244 -0.988391
vn 0.000000 0.000000 -1.000000
vn 0.051550 -0.140933 -0.988676
vn 0.420161 0.008045 -0.907414
vn 0.121099 -0.256878 -0.958827
vn 0.099903 -0.273129 -0.956776
vn -0.343516 0.939147 0.000000
vn -0.343516 0.939147 0.000000
vn -0.343516 0.939147 0.000000
vn -0.343516 0.939147 0.000000
vn -0.343517 0.939146 0.000000
vn -0.343517 0.939146 0.000000
vn -0.343517 0.939146 0.000000
vn 0.000000 0.000000 -1.000000
vn 0.000000 0.000000 -1.000000
vn 0.000000 0.000000 -1.000000
vn 0.000000 0.000000 -1.000000
vn -0.733961 -0.679191 0.000000
vn -0.733963 -0.679190 0.000000
vn -0.733962 -0.679190 0.000000
vn -0.733963 -0.679189 0.000000
vn 0.733961 0.679191 0.000000
vn 0.733962 0.679190 0.000000
vn 0.733962 0.679191 0.000000
vn 0.733963 0.679190 0.000000
vn -0.679190 0.733963 0.000000
vn -0.679190 0.733962 0.000000
vn -0.679190 0.733962 0.000000
vn -0.679192 0.733961 0.000000
vn 0.536328 0.496305 -0.682667
vn 0.536327 0.496304 -0.682668
vn 0.536327 0.496303 -0.682669
vn 0.536327 0.496303 -0.682669
vn -0.536326 -0.496305 -0.682668
vn -0.536327 -0.496305 -0.682668
vn -0.536327 -0.496305 -0.682667
vn -0.536327 -0.496306 -0.682667
vn -0.679191 0.733962 0.000000
vn -0.679190 0.733962 0.000000
vn -0.679191 0.733962 0.000000
vn -0.679190 0.733962 0.000000
vn -0.679191 0.733962 0.000000
vn -0.679191 0.733962 0.000000
vn -0.679191 0.733962 0.000000
vn -0.679191 0.733961 0.000000
vn 0.000001 0.000000 -1.000000
vn 0.000000 0.000000 -1.000000
vn 0.000001 0.000000 -1.000000
vn 0.000000 0.000000 -1.000000
vn -0.733963 -0.679189 0.000000
vn -0.733959 -0.679194 0.000000
vn -0.733962 -0.679190 0.000000
vn -0.733958 -0.679195 0.000000
vn 0.733965 0.679187 0.000000
vn 0.733965 0.679187 0.000000
vn 0.733965 0.679187 0.000000
vn 0.733965 0.679187 0.000000
vn -0.679192 0.733960 0.000000
vn -0.679192 0.733961 0.000000
vn -0.679191 0.733961 0.000000
vn -0.679190 0.733963 0.000000
vn 0.679190 -0.733962 0.000000
vn 0.679191 -0.733962 0.000000
vn 0.679191 -0.733962 0.000000
vn 0.679191 -0.733962 0.000000
vn 0.554070 0.512725 -0.655835
vn 0.554071 0.512725 -0.655834
vn 0.554074 0.512724 -0.655832
vn 0.554075 0.512723 -0.655832
vn -0.554067 -0.512732 -0.655832
vn -0.554068 -0.512731 -0.655832
vn -0.554074 -0.512724 -0.655832
vn -0.554075 -0.512723 -0.655832
vn -0.679190 0.733962 0.000000
vn -0.679191 0.733962 0.000000
vn -0.679191 0.733962 0.000000
vn -0.679191 0.733962 0.000000
vn -0.679191 0.733962 0.000000
vn -0.679190 0.733962 0.000000
vn -0.679191 0.733962 0.000000
vn -0.679190 0.733962 0.000000
vn 0.679191 -0.733962 0.000000
vn 0.679191 -0.733962 0.000000
vn 0.679191 -0.733962 0.000000
vn 0.679190 -0.733962 0.000000
vn 0.679190 -0.733963 0.000000
vn 0.679191 -0.733961 0.000000
vn 0.679191 -0.733962 0.000000
vn 0.679191 -0.733961 0.000000
vn -0.000000 0.000000 -1.000000
vn -0.000000 0.000000 -1.000000
vn 0.000000 0.000000 -1.000000
vn 0.000000 0.000000 -1.000000
vn -0.733962 -0.679190 0.000000
vn -0.733962 -0.679190 0.000000
vn -0.733962 -0.679190 0.000000
vn -0.733962 -0.679190 0.000000
vn 0.518990 0.480261 -0.707106
vn 0.518990 0.480260 -0.707106
vn 0.518990 0.480261 -0.707106
vn 0.518990 0.480260 -0.707107
vn -0.518989 -0.480260 -0.707107
vn -0.518990 -0.480261 -0.707105
vn -0.518989 -0.480260 -0.707107
vn -0.518991 -0.480261 -0.707105
vn -0.679192 0.733961 0.000000
vn -0.679191 0.733961 0.000000
vn -0.679191 0.733962 0.000000
vn -0.679189 0.733963 0.000000
vn -0.679191 0.733962 0.000000
vn -0.679191 0.733962 0.000000
vn -0.679191 0.733962 0.000000
vn -0.679190 0.733962 0.000000
vn -0.679191 0.733962 0.000000
vn -0.679189 0.733963 0.000000
vn -0.679190 0.733963 0.000000
vn -0.679189 0.733964 0.000000
vn 0.733961 0.679191 0.000000
vn 0.733962 0.679191 0.000000
vn 0.733962 0.679191 0.000000
vn 0.733962 0.679190 0.000000
vn 0.679190 -0.733963 0.000000
vn 0.679190 -0.733962 0.000000
vn 0.679191 -0.733962 0.000000
vn 0.679193 -0.733960 0.000000
vn 0.679191 -0.733962 0.000000
vn 0.679191 -0.733962 0.000000
vn 0.679190 -0.733962 0.000000
vn 0.679190 -0.733962 0.000000
vn 0.679192 -0.733961 0.000000
vn 0.679192 -0.733961 0.000000
vn 0.679192 -0.733961 0.000000
vn 0.679192 -0.733961 0.000000
vn -0.733962 -0.679191 0.000000
vn -0.733962 -0.679191 0.000000
vn -0.733962 -0.679191 0.000000
vn -0.733962 -0.679191 0.000000
vn 0.733962 0.679190 0.000000
vn 0.733962 0.679190 0.000000
vn 0.733962 0.679191 0.000000
vn 0.733962 0.679191 0.000000
vn 0.000000 0.000000 1.000000
vn -0.000000 0.000000 1.000000
vn -0.109923 -0.101720 0.988721
vn -0.110031 -0.101820 0.988699
vn -0.213455 -0.197526 0.956776
vn -0.213455 -0.197526 0.956776
vn -0.213455 -0.197526 -0.956776
vn -0.213455 -0.197526 -0.956776
vn -0.109923 -0.101720 -0.988721
vn -0.110031 -0.101820 -0.988699
vn 0.000000 0.000000 -1.000000
vn 0.000000 0.000000 -1.000000
vn 0.733962 0.679191 0.000000
vn 0.733962 0.679191 0.000000
vn 0.733962 0.679190 0.000000
vn 0.733962 0.679190 0.000000
vn 0.733962 0.679191 0.000000
vn 0.733962 0.679190 0.000000
vn 0.733962 0.679191 0.000000
vn 0.733962 0.679190 0.000000
vn 0.248722 0.248722 0.936096
vn 0.248722 0.248722 0.936096
vn 0.248722 0.248722 0.936096
vn 0.153151 -0.051050 0.986883
vn 0.255859 0.085290 0.962944
vn 0.063960 0.191880 0.979332
vn 0.085290 -0.255859 0.962944
vn 0.255859 0.085290 0.962944
vn 0.153151 -0.051050 0.986883
vn -0.063960 -0.191880 0.979332
vn 0.085290 -0.255859 0.962944
vn 0.153151 -0.051050 0.986883
vn -0.255849 -0.085290 0.962947
vn 0.085290 -0.255859 0.962944
vn -0.063960 -0.191880 0.979332
vn -0.153151 0.051050 0.986883
vn -0.255849 -0.085290 0.962947
vn -0.063960 -0.191880 0.979332
vn -0.085280 0.255859 0.962945
vn -0.255849 -0.085290 0.962947
vn -0.153151 0.051050 0.986883
vn 0.063960 0.191880 0.979332
vn -0.085280 0.255859 0.962945
vn -0.153151 0.051050 0.986883
vn -0.153151 0.051050 0.986883
vn -0.063960 -0.191880 0.979332
vn 0.153151 -0.051050 0.986883
vn 0.063960 0.191880 0.979332
vn -0.153151 0.051050 0.986883
vn 0.153151 -0.051050 0.986883
vn 0.063960 0.191880 -0.979332
vn -0.085280 0.255859 -0.962945
vn 0.255859 0.085290 -0.962944
vn 0.153151 -0.051050 -0.986883
vn 0.063960 0.191880 -0.979332
vn 0.255859 0.085290 -0.962944
vn 0.153151 -0.051050 -0.986883
vn 0.255859 0.085290 -0.962944
vn 0.085290 -0.255859 -0.962944
vn -0.063960 -0.191880 -0.979332
vn 0.153151 -0.051050 -0.986883
vn 0.085290 -0.255859 -0.962944
vn -0.063960 -0.191880 -0.979332
vn 0.085290 -0.255859 -0.962944
vn -0.255849 -0.085290 -0.962947
vn -0.153151 0.051050 -0.986883
vn -0.063960 -0.191880 -0.979332
vn -0.255849 -0.085290 -0.962947
vn -0.153151 0.051050 -0.986883
vn -0.255849 -0.085290 -0.962947
vn -0.085280 0.255859 -0.962945
vn 0.063960 0.191880 -0.979332
vn -0.153151 0.051050 -0.986883
vn -0.085280 0.255859 -0.962945
vn 0.153151 -0.051050 -0.986883
vn -0.063960 -0.191880 -0.979332
vn -0.153151 0.051050 -0.986883
vn 0.063960 0.191880 -0.979332
vn 0.153151 -0.051050 -0.986883
vn -0.153151 0.051050 -0.986883
s 1
g item_damaged
f 25/133/89 27/132/90 30/131/91
f 30/131/91 27/132/90 32/129/92
s 2
f 25/133/93 26/127/94 27/132/95
f 27/132/95 26/127/94 28/57/96
s 3
f 29/63/97 30/131/98 31/64/99
f 31/64/99 30/131/98 32/129/100
s 4
f 33/118/101 134/257/102 38/68/103
f 38/68/103 134/257/102 135/276/104
f 33/118/101 38/68/103 39/116/105
f 39/116/105 38/68/103 35/117/106
f 35/117/106 38/68/103 139/274/107
f 139/274/107 38/68/103 135/276/104
s 5
f 136/268/108 134/258/109 64/95/110
f 64/95/110 134/258/109 33/65/111
s off
f 39/69/112 64/95/113 33/65/114
s 6
f 41/71/115 43/138/116 45/74/117
f 45/74/117 43/138/116 47/137/118
s 7
f 44/75/119 46/76/120 79/152/121
f 79/152/121 46/76/120 78/151/122
s 8
f 74/103/123 75/153/124 40/78/125
f 40/78/125 75/153/124 42/77/126
s 9
f 47/73/127 77/106/128 46/136/129
f 46/136/129 77/106/128 78/134/130
s 10
f 41/71/131 40/78/132 43/138/133
f 43/138/133 40/78/132 42/77/134
s 11
f 44/75/135 45/74/136 46/76/137
f 46/76/137 45/74/136 47/137/138
s 12
f 43/72/139 76/105/140 47/73/141
f 47/73/141 76/105/140 77/106/142
s 13
f 43/72/143 42/135/144 76/105/145
f 76/105/145 42/135/144 75/104/146
s 14
f 49/149/147 51/148/148 53/146/149
f 53/146/149 51/148/148 55/145/150
s 15
f 52/83/151 54/84/152 66/97/153
f 66/97/153 54/84/152 73/154/154
s 16
f 69/155/155 70/156/156 48/142/157
f 48/142/157 70/156/156 50/85/158
s 17
f 55/81/159 72/102/160 54/144/161
f 54/144/161 72/102/160 73/139/162
s 18
f 69/141/163 48/86/164 68/99/165
f 68/99/165 48/86/164 49/79/166
s 19
f 49/149/167 48/142/168 51/148/169
f 51/148/169 48/142/168 50/85/170
s 20
f 52/83/171 53/146/172 54/84/173
f 54/84/173 53/146/172 55/145/174
s 21
f 51/80/175 71/101/176 55/81/177
f 55/81/177 71/101/176 72/102/178
s 22
f 51/80/179 50/140/180 71/101/181
f 71/101/181 50/140/180 70/100/182
s 23
f 68/99/183 49/79/184 67/98/185
f 67/98/185 49/79/184 53/82/186
s 24
f 53/82/187 52/147/188 67/98/189
f 67/98/189 52/147/188 66/143/190
s 25
f 57/87/191 59/88/192 61/90/193
f 61/90/193 59/88/192 63/89/194
s 26
f 60/91/195 62/92/196 81/121/197
f 81/121/197 62/92/196 80/107/198
s 27
f 57/87/199 56/94/200 59/88/201
f 59/88/201 56/94/200 58/93/202
s 28
f 60/91/203 61/90/204 62/92/205
f 62/92/205 61/90/204 63/89/206
s 29
f 82/126/207 26/58/208 83/108/209
f 83/108/209 26/58/208 25/59/210
s 30
f 84/109/211 83/108/212 30/62/213
f 30/62/213 83/108/212 25/59/214
s 31
f 85/125/215 84/109/216 29/130/217
f 29/130/217 84/109/216 30/62/218
s 32
f 29/63/219 31/64/220 85/110/221
f 85/110/221 31/64/220 86/124/222
s 33
f 86/111/223 31/128/224 87/112/225
f 87/112/225 31/128/224 32/61/226
s 34
f 88/113/227 87/112/228 27/60/229
f 27/60/229 87/112/228 32/61/230
s 35
f 89/122/231 88/113/232 28/123/233
f 28/123/233 88/113/232 27/60/234
s 36
f 82/150/235 89/114/236 26/127/237
f 26/127/237 89/114/236 28/57/238
s 37
f 91/115/239 90/120/240 56/94/241
f 56/94/241 90/120/240 58/93/242
s 38
f 92/157/243 97/160/244 94/158/245
f 94/158/245 97/160/244 99/159/246
s 39
f 92/157/247 94/158/248 93/161/249
f 93/161/249 94/158/248 95/162/250
s 40
f 96/163/251 98/164/252 97/160/253
f 97/160/253 98/164/252 99/159/254
s 41
f 100/165/255 103/168/256 137/271/257
f 137/271/257 103/168/256 138/273/258
f 100/165/255 39/170/259 103/168/256
f 103/168/256 39/170/259 35/169/260
f 35/169/260 139/275/261 103/168/256
f 103/168/256 139/275/261 138/273/258
s 42
f 137/272/262 136/267/263 100/173/264
f 100/173/264 136/267/263 64/174/265
s off
f 39/176/266 100/173/267 64/174/268
s 43
f 105/177/269 109/180/270 107/178/271
f 107/178/271 109/180/270 111/179/272
s 44
f 108/181/273 79/184/274 110/182/275
f 110/182/275 79/184/274 78/183/276
s 45
f 74/185/277 104/188/278 75/186/279
f 75/186/279 104/188/278 106/187/280
s 46
f 111/189/281 110/192/282 77/190/283
f 77/190/283 110/192/282 78/191/284
s 47
f 105/177/285 107/178/286 104/188/287
f 104/188/287 107/178/286 106/187/288
s 48
f 108/181/289 110/182/290 109/180/291
f 109/180/291 110/182/290 111/179/292
s 49
f 107/193/293 111/189/294 76/194/295
f 76/194/295 111/189/294 77/190/296
s 50
f 107/193/297 76/194/298 106/195/299
f 106/195/299 76/194/298 75/196/300
s 51
f 113/197/301 117/200/302 115/198/303
f 115/198/303 117/200/302 119/199/304
s 52
f 116/201/305 66/204/306 118/202/307
f 118/202/307 66/204/306 73/203/308
s 53
f 69/205/309 112/208/310 70/206/311
f 70/206/311 112/208/310 114/207/312
s 54
f 119/209/313 118/212/314 72/210/315
f 72/210/315 118/212/314 73/211/316
s 55
f 113/216/317 112/215/318 68/213/319
f 68/213/319 112/215/318 69/214/320
s 56
f 113/197/321 115/198/322 112/208/323
f 112/208/323 115/198/322 114/207/324
s 57
f 116/201/325 118/202/326 117/200/327
f 117/200/327 118/202/326 119/199/328
s 58
f 115/217/329 119/209/330 71/218/331
f 71/218/331 119/209/330 72/210/332
s 59
f 115/217/333 71/218/334 114/219/335
f 114/219/335 71/218/334 70/220/336
s 60
f 68/213/337 67/222/338 113/216/339
f 113/216/339 67/222/338 117/221/340
s 61
f 66/224/341 116/223/342 67/222/343
f 67/222/343 116/223/342 117/221/344
s 62
f 121/225/345 125/228/346 123/226/347
f 123/226/347 125/228/346 127/227/348
s 63
f 124/229/349 81/232/350 126/230/351
f 126/230/351 81/232/350 80/231/352
s 64
f 121/225/353 123/226/354 120/233/355
f 120/233/355 123/226/354 122/234/356
s 65
f 124/229/357 126/230/358 125/228/359
f 125/228/359 126/230/358 127/227/360
s 66
f 92/238/361 93/237/362 83/235/363
f 83/235/363 93/237/362 82/236/364
s 67
f 84/239/365 97/240/366 83/235/367
f 83/235/367 97/240/366 92/238/368
s 68
f 85/241/369 96/242/370 84/239/371
f 84/239/371 96/242/370 97/240/372
s 69
f 96/163/373 85/244/374 98/164/375
f 98/164/375 85/244/374 86/243/376
s 70
f 99/248/377 98/247/378 87/245/379
f 87/245/379 98/247/378 86/246/380
s 71
f 88/249/381 94/250/382 87/245/383
f 87/245/383 94/250/382 99/248/384
s 72
f 89/251/385 95/252/386 88/249/387
f 88/249/387 95/252/386 94/250/388
s 73
f 82/253/389 93/161/390 89/254/391
f 89/254/391 93/161/390 95/162/392
s 74
f 91/255/393 120/233/394 90/256/395
f 90/256/395 120/233/394 122/234/396
s 75
f 128/269/397 34/119/398 129/259/399
f 129/259/399 34/119/398 37/67/400
f 130/261/401 129/259/399 36/70/402
f 36/70/402 129/259/399 37/67/400
s 76
f 130/260/403 36/171/404 131/262/405
f 131/262/405 36/171/404 102/167/406
f 132/264/407 131/262/405 101/166/408
f 101/166/408 131/262/405 102/167/406
s 77
f 101/172/409 65/175/410 132/263/411
f 132/263/411 65/175/410 133/266/412
s 78
f 34/66/413 128/270/414 65/96/415
f 65/96/415 128/270/414 133/265/416
s off
f 140/277/417 141/278/418 142/279/419
f 143/280/420 140/277/421 142/279/422
f 144/281/423 140/277/424 143/280/425
f 145/282/426 144/281/427 143/280/428
f 146/283/429 144/281/430 145/282/431
f 147/284/432 146/283/433 145/282/434
f 141/278/435 146/283/436 147/284/437
f 142/279/438 141/278/439 147/284/440
f 147/285/441 145/286/442 143/287/443
f 142/288/444 147/285/445 143/287/446
f 148/289/447 149/290/448 150/291/449
f 151/292/450 148/289/451 150/291/452
f 151/292/453 150/291/454 152/293/455
f 153/294/456 151/292/457 152/293/458
f 153/294/459 152/293/460 154/295/461
f 155/296/462 153/294/463 154/295/464
f 155/296/465 154/295/466 149/290/467
f 148/289/468 155/296/469 149/290/470
f 151/297/471 153/298/472 155/299/473
f 148/300/474 151/297/475 155/299/476
g default
v 38.431594 18.787850 4.485711
v 38.249568 20.875061 2.243080
v 31.775903 18.207405 4.485711
v 31.593876 20.294616 2.243080
v 39.519239 6.316339 2.243080
v 39.337213 8.403550 4.485711
v 32.863548 5.735894 2.243080
v 32.681521 7.823105 4.485711
v -39.184825 0.999105 1.701648
v -40.159846 12.179220 0.000000
v -39.673473 6.602209 1.701648
v -37.253079 -0.379003 2.243080
v -37.435106 1.708209 4.485711
v -32.739305 0.014645 2.243080
v -32.921331 2.101857 4.485711
v -38.522750 14.179719 2.243080
v -38.340724 12.092509 4.485711
v -34.008976 14.573367 2.243080
v -33.826950 12.486157 4.485711
v -38.942426 -1.780412 2.824538
v -39.155575 0.663668 5.648512
v -37.144532 -1.623617 2.824538
v -37.357681 0.820463 5.648512
v -40.429184 15.267540 2.824538
v -40.216035 12.823462 5.648512
v -38.631290 15.424335 2.824538
v -38.418141 12.980257 5.648512
v -37.339260 0.609238 1.811062
v -37.496575 2.413091 3.621762
v 32.777363 6.724134 1.811062
v 32.620048 8.527987 3.621762
v -38.436562 13.191480 1.811062
v -38.279247 11.387627 3.621762
v 31.680061 19.306375 1.811062
v 31.837376 17.502523 3.621762
v -39.184825 0.999105 0.000000
v -40.429184 15.267540 0.000000
v -40.216035 12.823462 0.000000
v -39.155575 0.663668 0.000000
v -38.942426 -1.780412 0.000000
v -37.144532 -1.623617 0.000000
v -37.357681 0.820463 0.000000
v -38.418141 12.980257 0.000000
v -38.631290 15.424335 0.000000
v -37.253079 -0.379003 0.000000
v -32.739305 0.014645 0.000000
v -32.921331 2.101857 0.000000
v -33.826950 12.486157 0.000000
v -34.008976 14.573367 0.000000
v -38.522750 14.179719 0.000000
v 31.680061 19.306375 0.000000
v -38.436562 13.191480 0.000000
v 38.249568 20.875061 0.000000
v 38.431594 18.787850 0.000000
v 39.337213 8.403550 0.000000
v 39.519239 6.316339 0.000000
v 32.863548 5.735894 0.000000
v 32.681521 7.823105 0.000000
v 31.775903 18.207405 0.000000
v 31.593876 20.294616 0.000000
v 32.777363 6.724134 0.000000
v -37.339260 0.609238 0.000000
v 38.431594 18.787850 -4.485711
v 38.249568 20.875061 -2.243080
v 31.775903 18.207405 -4.485711
v 31.593876 20.294616 -2.243080
v 39.519239 6.316339 -2.243080
v 39.337213 8.403550 -4.485711
v 32.863548 5.735894 -2.243080
v 32.681521 7.823105 -4.485711
v -39.184825 0.999105 -1.701648
v -39.673473 6.602209 -1.701648
v -37.253079 -0.379003 -2.243080
v -37.435106 1.708209 -4.485711
v -32.739305 0.014645 -2.243080
v -32.921331 2.101857 -4.485711
v -38.522750 14.179719 -2.243080
v -38.340724 12.092509 -4.485711
v -34.008976 14.573367 -2.243080
v -33.826950 12.486157 -4.485711
v -38.942426 -1.780412 -2.824538
v -39.155575 0.663668 -5.648512
v -37.144532 -1.623617 -2.824538
v -37.357681 0.820463 -5.648512
v -40.429184 15.267540 -2.824538
v -40.216035 12.823462 -5.648512
v -38.631290 15.424335 -2.824538
v -38.418141 12.980257 -5.648512
v -37.339260 0.609238 -1.811062
v -37.496575 2.413091 -3.621762
v 32.777363 6.724134 -1.811062
v 32.620048 8.527987 -3.621762
v -38.436562 13.191480 -1.811062
v -38.279247 11.387627 -3.621762
v 31.680061 19.306375 -1.811062
v 31.837376 17.502523 -3.621762
v -100.777223 -4.372390 1.701648
v -101.265856 1.230715 1.701648
v -101.752245 6.807725 0.000000
v -101.265856 1.230715 -1.701648
v -100.777223 -4.372390 -1.701648
v -100.777223 -4.372390 0.000000
vt 0.207370 0.816938
vt 0.425785 0.647284
vt 0.446017 0.666186
vt 0.534334 0.760227
vt 0.534334 0.666185
vt 0.446017 0.760227
vt 0.267645 0.667520
vt 0.207370 0.667520
vt 0.983519 0.273040
vt 0.981544 0.230445
vt 0.981551 0.253085
vt 0.434470 0.834932
vt 0.357700 0.760227
vt 0.357701 0.666186
vt 0.434470 0.928973
vt 0.434470 0.956661
vt 0.475347 0.956661
vt 0.475347 0.807244
vt 0.434470 0.807244
vt 0.668865 0.669418
vt 0.129503 0.779537
vt 0.129503 0.669417
vt 0.668865 0.779538
vt 0.677341 0.750774
vt 0.693623 0.750774
vt 0.693623 0.573156
vt 0.643388 0.647284
vt 0.030737 0.518690
vt 0.665719 0.518690
vt 0.665719 0.599964
vt 0.030737 0.599964
vt 0.030737 0.623066
vt 0.665719 0.623067
vt 0.665719 0.495588
vt 0.030737 0.495587
vt 0.983519 0.266457
vt 0.677341 0.776257
vt 0.617905 0.779538
vt 0.617905 0.669418
vt 0.078543 0.801671
vt 0.078543 0.779537
vt 0.078543 0.669417
vt 0.434470 0.787007
vt 0.317231 0.779129
vt 0.317231 0.760227
vt 0.317231 0.666185
vt 0.665719 0.639406
vt 0.405548 0.666186
vt 0.405548 0.760227
vt 0.267645 0.647284
vt 0.493864 0.647284
vt 0.493864 0.666186
vt 0.493864 0.760227
vt 0.207370 0.837175
vt 0.030737 0.479248
vt 0.981537 0.208683
vt 0.665719 0.479249
vt 0.030737 0.639405
vt 0.493864 0.779128
vt 0.514101 0.779129
vt 0.207370 0.647283
vt 0.405548 0.779129
vt 0.405548 0.647284
vt 0.267645 0.816938
vt 0.514101 0.647284
vt 0.207370 0.695209
vt 0.425785 0.779129
vt 0.267645 0.695209
vt 0.207370 0.789250
vt 0.267645 0.789250
vt 0.317232 0.647284
vt 0.337468 0.779129
vt 0.337468 0.647284
vt 0.475347 0.928973
vt 0.475347 0.834932
vt 0.078543 0.647283
vt 0.104025 0.801671
vt 0.617905 0.647284
vt 0.677341 0.573156
vt 0.617905 0.801671
vt 0.104025 0.647283
vt 0.693623 0.717025
vt 0.677341 0.717025
vt 0.643388 0.801671
vt 0.693623 0.606905
vt 0.677341 0.606905
vt 0.267645 0.837175
vt 0.475347 0.976898
vt 0.434470 0.976898
vt 0.475347 0.787007
vt 0.693623 0.776257
vt 0.677341 0.547673
vt 0.693623 0.547673
vt 0.267645 0.789250
vt 0.207370 0.789250
vt 0.207370 0.695209
vt 0.267645 0.695209
vt 0.267645 0.816938
vt 0.207370 0.816938
vt 0.267645 0.667520
vt 0.207370 0.667520
vt 0.981537 0.208683
vt 0.981544 0.230445
vt 0.981551 0.253085
vt 0.983519 0.273040
vt 0.983519 0.266457
vt 0.434470 0.834932
vt 0.475347 0.834932
vt 0.475347 0.928973
vt 0.434470 0.928973
vt 0.434470 0.956661
vt 0.475347 0.956661
vt 0.475347 0.976898
vt 0.434470 0.976898
vt 0.434470 0.787007
vt 0.475347 0.787007
vt 0.475347 0.807244
vt 0.434470 0.807244
vt 0.357701 0.666186
vt 0.317231 0.666185
vt 0.317232 0.647284
vt 0.337468 0.647284
vt 0.357700 0.760227
vt 0.317231 0.760227
vt 0.337468 0.779129
vt 0.317231 0.779129
vt 0.677341 0.606905
vt 0.693623 0.606905
vt 0.693623 0.717025
vt 0.677341 0.717025
vt 0.677341 0.750774
vt 0.693623 0.750774
vt 0.693623 0.776257
vt 0.677341 0.776257
vt 0.677341 0.547673
vt 0.693623 0.547673
vt 0.693623 0.573156
vt 0.677341 0.573156
vt 0.129503 0.669417
vt 0.078543 0.669417
vt 0.078543 0.647283
vt 0.104025 0.647283
vt 0.617905 0.669418
vt 0.617905 0.647284
vt 0.643388 0.647284
vt 0.668865 0.669418
vt 0.129503 0.779537
vt 0.078543 0.779537
vt 0.104025 0.801671
vt 0.078543 0.801671
vt 0.668865 0.779538
vt 0.617905 0.779538
vt 0.643388 0.801671
vt 0.617905 0.801671
vt 0.030737 0.518690
vt 0.665719 0.518690
vt 0.665719 0.599964
vt 0.030737 0.599964
vt 0.030737 0.623066
vt 0.665719 0.623067
vt 0.665719 0.639406
vt 0.030737 0.639405
vt 0.030737 0.495587
vt 0.665719 0.495588
vt 0.405548 0.666186
vt 0.405548 0.647284
vt 0.425785 0.647284
vt 0.446017 0.666186
vt 0.405548 0.760227
vt 0.446017 0.760227
vt 0.405548 0.779129
vt 0.425785 0.779129
vt 0.207370 0.647283
vt 0.267645 0.647284
vt 0.493864 0.666186
vt 0.493864 0.647284
vt 0.514101 0.647284
vt 0.534334 0.666185
vt 0.493864 0.760227
vt 0.534334 0.760227
vt 0.493864 0.779128
vt 0.514101 0.779129
vt 0.267645 0.837175
vt 0.207370 0.837175
vt 0.030737 0.479248
vt 0.665719 0.479249
vt 0.740741 0.208751
vt 0.742757 0.273040
vt 0.745876 0.230506
vt 0.740754 0.253140
vt 0.740754 0.253140
vt 0.745876 0.230506
vt 0.742757 0.273040
vt 0.740741 0.208751
vt 0.742758 0.266457
vt 0.742758 0.266457
vn 0.000000 0.000000 1.000000
vn 0.000000 0.000000 1.000000
vn 0.000000 0.000000 1.000000
vn 0.000000 0.000000 1.000000
vn -0.063486 0.727966 0.682668
vn -0.063486 0.727965 0.682668
vn -0.063486 0.727965 0.682668
vn -0.063486 0.727965 0.682668
vn 0.063486 -0.727965 0.682668
vn 0.063486 -0.727965 0.682668
vn 0.063486 -0.727965 0.682669
vn 0.063486 -0.727965 0.682669
vn 0.000000 0.000000 1.000000
vn 0.000000 0.000000 1.000000
vn 0.000000 0.000000 1.000000
vn 0.000000 0.000000 1.000000
vn -0.086881 0.996219 0.000000
vn -0.086881 0.996219 0.000000
vn -0.086881 0.996219 0.000000
vn -0.086881 0.996219 0.000000
vn 0.086881 -0.996219 0.000000
vn 0.086881 -0.996219 0.000000
vn 0.086881 -0.996219 0.000000
vn 0.086881 -0.996219 0.000000
vn 0.996219 0.086881 0.000000
vn 0.996219 0.086881 0.000000
vn 0.996219 0.086881 0.000000
vn 0.996219 0.086881 0.000000
vn 0.063486 -0.727966 0.682668
vn 0.063486 -0.727965 0.682668
vn 0.063486 -0.727965 0.682668
vn 0.063486 -0.727965 0.682669
vn -0.063486 0.727966 0.682668
vn -0.063486 0.727966 0.682668
vn -0.063486 0.727965 0.682668
vn -0.063486 0.727965 0.682669
vn 0.996219 0.086881 0.000000
vn 0.996219 0.086881 0.000000
vn 0.996219 0.086881 0.000000
vn 0.996219 0.086881 0.000000
vn 0.996219 0.086881 0.000000
vn 0.996219 0.086881 0.000000
vn 0.996219 0.086881 0.000000
vn 0.996219 0.086881 0.000000
vn 0.000000 0.000000 1.000000
vn 0.000000 0.000000 1.000000
vn 0.000000 0.000000 1.000000
vn 0.000000 0.000000 1.000000
vn -0.086881 0.996219 0.000000
vn -0.086881 0.996219 0.000000
vn -0.086881 0.996219 0.000000
vn -0.086881 0.996219 0.000000
vn 0.086881 -0.996219 0.000000
vn 0.086881 -0.996219 0.000000
vn 0.086881 -0.996219 0.000000
vn 0.086881 -0.996219 0.000000
vn 0.996219 0.086881 0.000000
vn 0.996219 0.086881 0.000000
vn 0.996219 0.086881 0.000000
vn 0.996219 0.086881 0.000000
vn -0.996219 -0.086881 0.000000
vn -0.996219 -0.086881 0.000000
vn -0.996219 -0.086881 0.000000
vn -0.996219 -0.086881 0.000000
vn 0.065587 -0.752051 0.655833
vn 0.065587 -0.752052 0.655833
vn 0.065587 -0.752051 0.655833
vn 0.065587 -0.752052 0.655832
vn -0.065587 0.752051 0.655833
vn -0.065587 0.752052 0.655832
vn -0.065587 0.752052 0.655833
vn -0.065587 0.752052 0.655832
vn 0.996219 0.086881 0.000000
vn 0.996219 0.086881 0.000000
vn 0.996219 0.086881 0.000000
vn 0.996219 0.086881 0.000000
vn 0.996219 0.086881 0.000000
vn 0.996219 0.086881 0.000000
vn 0.996219 0.086881 0.000000
vn 0.996219 0.086881 0.000000
vn -0.996219 -0.086881 0.000000
vn -0.996219 -0.086881 0.000000
vn -0.996219 -0.086881 0.000000
vn -0.996219 -0.086881 0.000000
vn -0.996219 -0.086881 0.000000
vn -0.996219 -0.086881 0.000000
vn -0.996219 -0.086881 0.000000
vn -0.996219 -0.086881 0.000000
vn 0.000000 0.000000 1.000000
vn 0.000000 0.000000 1.000000
vn 0.000000 0.000000 1.000000
vn 0.000000 0.000000 1.000000
vn -0.086881 0.996219 0.000000
vn -0.086881 0.996219 0.000000
vn -0.086881 0.996219 0.000000
vn -0.086881 0.996219 0.000000
vn 0.061434 -0.704433 0.707107
vn 0.061434 -0.704433 0.707107
vn 0.061434 -0.704433 0.707107
vn 0.061434 -0.704433 0.707107
vn -0.061434 0.704433 0.707107
vn -0.061434 0.704433 0.707107
vn -0.061434 0.704433 0.707106
vn -0.061434 0.704434 0.707106
vn 0.996219 0.086881 0.000000
vn 0.996219 0.086881 0.000000
vn 0.996219 0.086881 0.000000
vn 0.996219 0.086881 0.000000
vn 0.996219 0.086881 0.000000
vn 0.996219 0.086881 0.000000
vn 0.996219 0.086881 0.000000
vn 0.996219 0.086881 0.000000
vn 0.996219 0.086881 0.000000
vn 0.996219 0.086881 0.000000
vn 0.996219 0.086881 0.000000
vn 0.996219 0.086881 0.000000
vn 0.086881 -0.996219 0.000000
vn 0.086881 -0.996219 0.000000
vn 0.086881 -0.996219 0.000000
vn 0.086881 -0.996219 0.000000
vn -0.996219 -0.086881 0.000000
vn -0.996219 -0.086878 0.000000
vn -0.996219 -0.086879 0.000000
vn -0.996219 -0.086877 0.000000
vn -0.996219 -0.086881 0.000000
vn -0.996219 -0.086881 0.000000
vn -0.996219 -0.086881 0.000000
vn -0.996219 -0.086881 0.000000
vn -0.996219 -0.086881 0.000000
vn -0.996219 -0.086882 0.000000
vn -0.996219 -0.086882 0.000000
vn -0.996219 -0.086882 0.000000
vn -0.086881 0.996219 0.000000
vn -0.086881 0.996219 0.000000
vn -0.086881 0.996219 0.000000
vn -0.086881 0.996219 0.000000
vn 0.086881 -0.996219 0.000000
vn 0.086881 -0.996219 0.000000
vn 0.086881 -0.996219 0.000000
vn 0.086881 -0.996219 0.000000
vn 0.000000 0.000000 -1.000000
vn 0.000000 0.000000 -1.000000
vn 0.000000 0.000000 -1.000000
vn 0.000000 0.000000 -1.000000
vn -0.063486 0.727966 -0.682668
vn -0.063486 0.727965 -0.682668
vn -0.063486 0.727965 -0.682668
vn -0.063486 0.727965 -0.682668
vn 0.063486 -0.727965 -0.682668
vn 0.063486 -0.727965 -0.682669
vn 0.063486 -0.727965 -0.682668
vn 0.063486 -0.727965 -0.682669
vn 0.000000 0.000000 -1.000000
vn 0.000000 0.000000 -1.000000
vn 0.000000 0.000000 -1.000000
vn 0.000000 0.000000 -1.000000
vn -0.086881 0.996219 0.000000
vn -0.086881 0.996219 0.000000
vn -0.086881 0.996219 0.000000
vn -0.086881 0.996219 0.000000
vn 0.086881 -0.996219 0.000000
vn 0.086881 -0.996219 0.000000
vn 0.086881 -0.996219 0.000000
vn 0.086881 -0.996219 0.000000
vn 0.996219 0.086881 0.000000
vn 0.996219 0.086881 0.000000
vn 0.996219 0.086881 0.000000
vn 0.996219 0.086881 0.000000
vn 0.063486 -0.727966 -0.682668
vn 0.063486 -0.727965 -0.682668
vn 0.063486 -0.727965 -0.682668
vn 0.063486 -0.727965 -0.682669
vn -0.063486 0.727966 -0.682668
vn -0.063486 0.727965 -0.682668
vn -0.063486 0.727966 -0.682668
vn -0.063486 0.727965 -0.682669
vn 0.996219 0.086881 0.000000
vn 0.996219 0.086881 0.000000
vn 0.996219 0.086881 0.000000
vn 0.996219 0.086881 0.000000
vn 0.996219 0.086881 0.000000
vn 0.996219 0.086881 0.000000
vn 0.996219 0.086881 0.000000
vn 0.996219 0.086881 0.000000
vn 0.000000 0.000000 -1.000000
vn 0.000000 0.000000 -1.000000
vn 0.000000 0.000000 -1.000000
vn 0.000000 0.000000 -1.000000
vn -0.086881 0.996219 0.000000
vn -0.086881 0.996219 0.000000
vn -0.086881 0.996219 0.000000
vn -0.086881 0.996219 0.000000
vn 0.086881 -0.996219 0.000000
vn 0.086881 -0.996219 0.000000
vn 0.086881 -0.996219 0.000000
vn 0.086881 -0.996219 0.000000
vn 0.996219 0.086881 0.000000
vn 0.996219 0.086881 0.000000
vn 0.996219 0.086881 0.000000
vn 0.996219 0.086881 0.000000
vn -0.996219 -0.086881 0.000000
vn -0.996219 -0.086881 0.000000
vn -0.996219 -0.086881 0.000000
vn -0.996219 -0.086881 0.000000
vn 0.065587 -0.752051 -0.655833
vn 0.065587 -0.752051 -0.655833
vn 0.065587 -0.752052 -0.655833
vn 0.065587 -0.752052 -0.655832
vn -0.065587 0.752051 -0.655833
vn -0.065587 0.752052 -0.655833
vn -0.065587 0.752052 -0.655832
vn -0.065587 0.752052 -0.655832
vn 0.996219 0.086881 0.000000
vn 0.996219 0.086881 0.000000
vn 0.996219 0.086881 0.000000
vn 0.996219 0.086881 0.000000
vn 0.996219 0.086881 0.000000
vn 0.996219 0.086881 0.000000
vn 0.996219 0.086881 0.000000
vn 0.996219 0.086881 0.000000
vn -0.996219 -0.086881 0.000000
vn -0.996219 -0.086881 0.000000
vn -0.996219 -0.086881 0.000000
vn -0.996219 -0.086881 0.000000
vn -0.996219 -0.086881 0.000000
vn -0.996219 -0.086881 0.000000
vn -0.996219 -0.086881 0.000000
vn -0.996219 -0.086881 0.000000
vn 0.000000 0.000000 -1.000000
vn 0.000000 0.000000 -1.000000
vn 0.000000 0.000000 -1.000000
vn 0.000000 0.000000 -1.000000
vn -0.086881 0.996219 0.000000
vn -0.086881 0.996219 0.000000
vn -0.086881 0.996219 0.000000
vn -0.086881 0.996219 0.000000
vn 0.061434 -0.704433 -0.707107
vn 0.061434 -0.704433 -0.707107
vn 0.061434 -0.704433 -0.707107
vn 0.061434 -0.704433 -0.707107
vn -0.061434 0.704433 -0.707107
vn -0.061434 0.704433 -0.707106
vn -0.061434 0.704433 -0.707107
vn -0.061434 0.704434 -0.707106
vn 0.996219 0.086881 0.000000
vn 0.996219 0.086881 0.000000
vn 0.996219 0.086881 0.000000
vn 0.996219 0.086881 0.000000
vn 0.996219 0.086881 0.000000
vn 0.996219 0.086881 0.000000
vn 0.996219 0.086881 0.000000
vn 0.996219 0.086881 0.000000
vn 0.996219 0.086881 0.000000
vn 0.996219 0.086881 0.000000
vn 0.996219 0.086881 0.000000
vn 0.996219 0.086881 0.000000
vn 0.086881 -0.996219 0.000000
vn 0.086881 -0.996219 0.000000
vn 0.086881 -0.996219 0.000000
vn 0.086881 -0.996219 0.000000
vn -0.996219 -0.086877 0.000000
vn -0.996219 -0.086878 0.000000
vn -0.996219 -0.086879 0.000000
vn -0.996219 -0.086881 0.000000
vn -0.996219 -0.086881 0.000000
vn -0.996219 -0.086881 0.000000
vn -0.996219 -0.086881 0.000000
vn -0.996219 -0.086881 0.000000
vn -0.996219 -0.086881 0.000000
vn -0.996219 -0.086883 0.000000
vn -0.996219 -0.086883 0.000000
vn -0.996219 -0.086884 0.000000
vn -0.086881 0.996219 0.000000
vn -0.086881 0.996219 0.000000
vn -0.086881 0.996219 0.000000
vn -0.086881 0.996219 0.000000
vn 0.086881 -0.996219 0.000000
vn 0.086881 -0.996219 0.000000
vn 0.086881 -0.996219 0.000000
vn 0.086881 -0.996219 0.000000
vn -0.013025 0.149347 0.988699
vn -0.000000 -0.000000 1.000000
vn -0.013025 0.149347 0.988699
vn 0.000000 0.000000 1.000000
vn -0.025267 0.289726 0.956776
vn -0.025267 0.289726 0.956776
vn -0.013025 0.149347 -0.988699
vn -0.025267 0.289726 -0.956776
vn -0.013025 0.149347 -0.988699
vn -0.025267 0.289726 -0.956776
vn 0.000000 0.000000 -1.000000
vn 0.000000 0.000000 -1.000000
vn 0.086881 -0.996219 0.000000
vn 0.086881 -0.996219 0.000000
vn 0.086881 -0.996219 0.000000
vn 0.086881 -0.996219 0.000000
vn 0.086881 -0.996219 0.000000
vn 0.086881 -0.996219 0.000000
vn 0.086881 -0.996219 0.000000
vn 0.086881 -0.996219 0.000000
vn -0.996219 -0.086881 0.000000
vn -0.996219 -0.086879 0.000000
vn -0.996219 -0.086880 0.000000
vn -0.996219 -0.086877 0.000000
vn -0.996219 -0.086881 0.000000
vn -0.996219 -0.086881 0.000000
vn -0.996219 -0.086881 0.000000
vn -0.996219 -0.086877 0.000000
vn -0.996219 -0.086877 0.000000
vn -0.996219 -0.086877 0.000000
s 1
g blade_damaged
f 156/370/477 158/369/478 161/368/479
f 161/368/479 158/369/478 163/366/480
s 2
f 156/370/481 157/364/482 158/369/483
f 158/369/483 157/364/482 159/301/484
s 3
f 160/307/485 161/368/486 162/308/487
f 162/308/487 161/368/486 163/366/488
s 4
f 168/312/489 170/375/490 172/315/491
f 172/315/491 170/375/490 174/374/492
s 5
f 171/316/493 173/317/494 205/389/495
f 205/389/495 173/317/494 204/388/496
s 6
f 200/343/497 201/390/498 167/319/499
f 167/319/499 201/390/498 169/318/500
s 7
f 174/314/501 203/346/502 173/373/503
f 173/373/503 203/346/502 204/371/504
s 8
f 168/312/505 167/319/506 170/375/507
f 170/375/507 167/319/506 169/318/508
s 9
f 171/316/509 172/315/510 173/317/511
f 173/317/511 172/315/510 174/374/512
s 10
f 170/313/513 202/345/514 174/314/515
f 174/314/515 202/345/514 203/346/516
s 11
f 170/313/517 169/372/518 202/345/519
f 202/345/519 169/372/518 201/344/520
s 12
f 176/386/521 178/385/522 180/383/523
f 180/383/523 178/385/522 182/382/524
s 13
f 179/324/525 181/325/526 192/337/527
f 192/337/527 181/325/526 199/391/528
s 14
f 195/392/529 196/393/530 175/379/531
f 175/379/531 196/393/530 177/326/532
s 15
f 182/322/533 198/342/534 181/381/535
f 181/381/535 198/342/534 199/376/536
s 16
f 195/378/537 175/327/538 194/339/539
f 194/339/539 175/327/538 176/320/540
s 17
f 176/386/541 175/379/542 178/385/543
f 178/385/543 175/379/542 177/326/544
s 18
f 179/324/545 180/383/546 181/325/547
f 181/325/547 180/383/546 182/382/548
s 19
f 178/321/549 197/341/550 182/322/551
f 182/322/551 197/341/550 198/342/552
s 20
f 178/321/553 177/377/554 197/341/555
f 197/341/555 177/377/554 196/340/556
s 21
f 194/339/557 176/320/558 193/338/559
f 193/338/559 176/320/558 180/323/560
s 22
f 180/323/561 179/384/562 193/338/563
f 193/338/563 179/384/562 192/380/564
s 23
f 184/328/565 186/329/566 188/331/567
f 188/331/567 186/329/566 190/330/568
s 24
f 187/332/569 189/333/570 207/358/571
f 207/358/571 189/333/570 206/347/572
s 25
f 184/328/573 183/335/574 186/329/575
f 186/329/575 183/335/574 185/334/576
s 26
f 187/332/577 188/331/578 189/333/579
f 189/333/579 188/331/578 190/330/580
s 27
f 208/363/581 157/302/582 209/348/583
f 209/348/583 157/302/582 156/303/584
s 28
f 210/349/585 209/348/586 161/306/587
f 161/306/587 209/348/586 156/303/588
s 29
f 211/362/589 210/349/590 160/367/591
f 160/367/591 210/349/590 161/306/592
s 30
f 160/307/593 162/308/594 211/350/595
f 211/350/595 162/308/594 212/361/596
s 31
f 212/351/597 162/365/598 213/352/599
f 213/352/599 162/365/598 163/305/600
s 32
f 214/353/601 213/352/602 158/304/603
f 158/304/603 213/352/602 163/305/604
s 33
f 215/359/605 214/353/606 159/360/607
f 159/360/607 214/353/606 158/304/608
s 34
f 208/387/609 215/354/610 157/364/611
f 157/364/611 215/354/610 159/301/612
s 35
f 217/355/613 216/357/614 183/335/615
f 183/335/615 216/357/614 185/334/616
s 36
f 218/394/617 223/397/618 220/395/619
f 220/395/619 223/397/618 225/396/620
s 37
f 218/394/621 220/395/622 219/398/623
f 219/398/623 220/395/622 221/399/624
s 38
f 222/400/625 224/401/626 223/397/627
f 223/397/627 224/401/626 225/396/628
s 39
f 229/407/629 233/410/630 231/408/631
f 231/408/631 233/410/630 235/409/632
s 40
f 232/411/633 205/414/634 234/412/635
f 234/412/635 205/414/634 204/413/636
s 41
f 200/415/637 228/418/638 201/416/639
f 201/416/639 228/418/638 230/417/640
s 42
f 235/419/641 234/422/642 203/420/643
f 203/420/643 234/422/642 204/421/644
s 43
f 229/407/645 231/408/646 228/418/647
f 228/418/647 231/408/646 230/417/648
s 44
f 232/411/649 234/412/650 233/410/651
f 233/410/651 234/412/650 235/409/652
s 45
f 231/423/653 235/419/654 202/424/655
f 202/424/655 235/419/654 203/420/656
s 46
f 231/423/657 202/424/658 230/425/659
f 230/425/659 202/424/658 201/426/660
s 47
f 237/427/661 241/430/662 239/428/663
f 239/428/663 241/430/662 243/429/664
s 48
f 240/431/665 192/434/666 242/432/667
f 242/432/667 192/434/666 199/433/668
s 49
f 195/435/669 236/438/670 196/436/671
f 196/436/671 236/438/670 238/437/672
s 50
f 243/439/673 242/442/674 198/440/675
f 198/440/675 242/442/674 199/441/676
s 51
f 237/446/677 236/445/678 194/443/679
f 194/443/679 236/445/678 195/444/680
s 52
f 237/427/681 239/428/682 236/438/683
f 236/438/683 239/428/682 238/437/684
s 53
f 240/431/685 242/432/686 241/430/687
f 241/430/687 242/432/686 243/429/688
s 54
f 239/447/689 243/439/690 197/448/691
f 197/448/691 243/439/690 198/440/692
s 55
f 239/447/693 197/448/694 238/449/695
f 238/449/695 197/448/694 196/450/696
s 56
f 194/443/697 193/452/698 237/446/699
f 237/446/699 193/452/698 241/451/700
s 57
f 192/454/701 240/453/702 193/452/703
f 193/452/703 240/453/702 241/451/704
s 58
f 245/455/705 249/458/706 247/456/707
f 247/456/707 249/458/706 251/457/708
s 59
f 248/459/709 207/462/710 250/460/711
f 250/460/711 207/462/710 206/461/712
s 60
f 245/455/713 247/456/714 244/463/715
f 244/463/715 247/456/714 246/464/716
s 61
f 248/459/717 250/460/718 249/458/719
f 249/458/719 250/460/718 251/457/720
s 62
f 218/468/721 219/467/722 209/465/723
f 209/465/723 219/467/722 208/466/724
s 63
f 210/469/725 223/470/726 209/465/727
f 209/465/727 223/470/726 218/468/728
s 64
f 211/471/729 222/472/730 210/469/731
f 210/469/731 222/472/730 223/470/732
s 65
f 222/400/733 211/474/734 224/401/735
f 224/401/735 211/474/734 212/473/736
s 66
f 225/478/737 224/477/738 213/475/739
f 213/475/739 224/477/738 212/476/740
s 67
f 214/479/741 220/480/742 213/475/743
f 213/475/743 220/480/742 225/478/744
s 68
f 215/481/745 221/482/746 214/479/747
f 214/479/747 221/482/746 220/480/748
s 69
f 208/483/749 219/398/750 215/484/751
f 215/484/751 219/398/750 221/399/752
s 70
f 217/485/753 244/463/754 216/486/755
f 216/486/755 244/463/754 246/464/756
s 71
f 253/489/757 252/487/758 166/310/759
f 166/310/759 252/487/758 164/356/760
f 254/491/761 253/489/757 165/311/762
f 165/311/762 253/489/757 166/310/759
s 72
f 255/492/763 254/490/764 227/403/765
f 227/403/765 254/490/764 165/404/766
f 256/494/767 255/492/763 226/402/768
f 226/402/768 255/492/763 227/403/765
s 73
f 226/405/769 191/406/770 256/493/771
f 256/493/771 191/406/770 257/496/772
s 74
f 164/309/773 252/488/774 191/336/775
f 191/336/775 252/488/774 257/495/776
s 75
f 255/492/777 257/495/778 253/489/779
f 253/489/779 257/495/778 252/487/780
s off
f 253/489/781 254/490/782 255/492/783
f 257/495/784 255/492/785 256/493/786
g default
v 38.431594 18.787850 4.485711
v 38.249568 20.875061 2.243080
v 31.775903 18.207405 4.485711
v 31.593876 20.294616 2.243080
v 39.519239 6.316339 2.243080
v 39.337213 8.403550 4.485711
v 32.863548 5.735894 2.243080
v 32.681521 7.823105 4.485711
v -278.076628 -19.834735 1.701648
v -39.184825 0.999105 1.701648
v -279.051650 -8.654620 0.000000
v -40.159846 12.179220 0.000000
v -39.673473 6.602209 1.701648
v -273.515201 -13.791211 1.701648
v -288.587909 -20.751428 0.000000
v -37.253079 -0.379003 2.243080
v -37.435106 1.708209 4.485711
v -32.739305 0.014645 2.243080
v -32.921331 2.101857 4.485711
v -38.522750 14.179719 2.243080
v -38.340724 12.092509 4.485711
v -34.008976 14.573367 2.243080
v -33.826950 12.486157 4.485711
v -38.942426 -1.780412 2.824538
v -39.155575 0.663668 5.648512
v -37.144532 -1.623617 2.824538
v -37.357681 0.820463 5.648512
v -40.429184 15.267540 2.824538
v -40.216035 12.823462 5.648512
v -38.631290 15.424335 2.824538
v -38.418141 12.980257 5.648512
v -37.339260 0.609238 1.811062
v -37.496575 2.413091 3.621762
v 32.777363 6.724134 1.811062
v 32.620048 8.527987 3.621762
v -38.436562 13.191480 1.811062
v -38.279247 11.387627 3.621762
v 31.680061 19.306375 1.811062
v 31.837376 17.502523 3.621762
v -278.076628 -19.834735 0.000000
v -39.184825 0.999105 0.000000
v -40.429184 15.267540 0.000000
v -40.216035 12.823462 0.000000
v -39.155575 0.663668 0.000000
v -38.942426 -1.780412 0.000000
v -37.144532 -1.623617 0.000000
v -37.357681 0.820463 0.000000
v -38.418141 12.980257 0.000000
v -38.631290 15.424335 0.000000
v -37.253079 -0.379003 0.000000
v -32.739305 0.014645 0.000000
v -32.921331 2.101857 0.000000
v -33.826950 12.486157 0.000000
v -34.008976 14.573367 0.000000
v -38.522750 14.179719 0.000000
v 31.680061 19.306375 0.000000
v -38.436562 13.191480 0.000000
v 38.249568 20.875061 0.000000
v 38.431594 18.787850 0.000000
v 39.337213 8.403550 0.000000
v 39.519239 6.316339 0.000000
v 32.863548 5.735894 0.000000
v 32.681521 7.823105 0.000000
v 31.775903 18.207405 0.000000
v 31.593876 20.294616 0.000000
v 32.777363 6.724134 0.000000
v -37.339260 0.609238 0.000000
v 38.431594 18.787850 -4.485711
v 38.249568 20.875061 -2.243080
v 31.775903 18.207405 -4.485711
v 31.593876 20.294616 -2.243080
v 39.519239 6.316339 -2.243080
v 39.337213 8.403550 -4.485711
v 32.863548 5.735894 -2.243080
v 32.681521 7.823105 -4.485711
v -278.076628 -19.834735 -1.701648
v -39.184825 0.999105 -1.701648
v -39.673473 6.602209 -1.701648
v -273.515201 -13.791211 -1.701648
v -37.253079 -0.379003 -2.243080
v -37.435106 1.708209 -4.485711
v -32.739305 0.014645 -2.243080
v -32.921331 2.101857 -4.485711
v -38.522750 14.179719 -2.243080
v -38.340724 12.092509 -4.485711
v -34.008976 14.573367 -2.243080
v -33.826950 12.486157 -4.485711
v -38.942426 -1.780412 -2.824538
v -39.155575 0.663668 -5.648512
v -37.144532 -1.623617 -2.824538
v -37.357681 0.820463 -5.648512
v -40.429184 15.267540 -2.824538
v -40.216035 12.823462 -5.648512
v -38.631290 15.424335 -2.824538
v -38.418141 12.980257 -5.648512
v -37.339260 0.609238 -1.811062
v -37.496575 2.413091 -3.621762
v 32.777363 6.724134 -1.811062
v 32.620048 8.527987 -3.621762
v -38.436562 13.191480 -1.811062
v -38.279247 11.387627 -3.621762
v 31.680061 19.306375 -1.811062
v 31.837376 17.502523 -3.621762
vt 0.207370 0.816938
vt 0.425785 0.647284
vt 0.446017 0.666186
vt 0.534334 0.760227
vt 0.534334 0.666185
vt 0.446017 0.760227
vt 0.267645 0.667520
vt 0.207370 0.667520
vt 0.055847 0.273040
vt 0.983519 0.273040
vt 0.981544 0.230445
vt 0.073496 0.230677
vt 0.015029 0.266457
vt 0.981551 0.253085
vt 0.434470 0.834932
vt 0.357700 0.760227
vt 0.357701 0.666186
vt 0.434470 0.928973
vt 0.434470 0.956661
vt 0.475347 0.956661
vt 0.475347 0.807244
vt 0.434470 0.807244
vt 0.668865 0.669418
vt 0.129503 0.779537
vt 0.129503 0.669417
vt 0.668865 0.779538
vt 0.677341 0.750774
vt 0.693623 0.750774
vt 0.693623 0.573156
vt 0.643388 0.647284
vt 0.030737 0.518690
vt 0.665719 0.518690
vt 0.665719 0.599964
vt 0.030737 0.599964
vt 0.030737 0.623066
vt 0.665719 0.623067
vt 0.665719 0.495588
vt 0.030737 0.495587
vt 0.055847 0.266457
vt 0.983519 0.266457
vt 0.677341 0.776257
vt 0.617905 0.779538
vt 0.617905 0.669418
vt 0.078543 0.801671
vt 0.078543 0.779537
vt 0.078543 0.669417
vt 0.434470 0.787007
vt 0.317231 0.779129
vt 0.317231 0.760227
vt 0.317231 0.666185
vt 0.665719 0.639406
vt 0.405548 0.666186
vt 0.405548 0.760227
vt 0.267645 0.647284
vt 0.493864 0.647284
vt 0.493864 0.666186
vt 0.493864 0.760227
vt 0.207370 0.837175
vt 0.030737 0.479248
vt 0.012398 0.209942
vt 0.053739 0.253298
vt 0.053731 0.208943
vt 0.981537 0.208683
vt 0.665719 0.479249
vt 0.030737 0.639405
vt 0.493864 0.779128
vt 0.514101 0.779129
vt 0.207370 0.647283
vt 0.405548 0.779129
vt 0.405548 0.647284
vt 0.267645 0.816938
vt 0.514101 0.647284
vt 0.207370 0.695209
vt 0.425785 0.779129
vt 0.267645 0.695209
vt 0.207370 0.789250
vt 0.267645 0.789250
vt 0.317232 0.647284
vt 0.337468 0.779129
vt 0.337468 0.647284
vt 0.475347 0.928973
vt 0.475347 0.834932
vt 0.078543 0.647283
vt 0.104025 0.801671
vt 0.617905 0.647284
vt 0.677341 0.573156
vt 0.617905 0.801671
vt 0.104025 0.647283
vt 0.693623 0.717025
vt 0.677341 0.717025
vt 0.643388 0.801671
vt 0.693623 0.606905
vt 0.677341 0.606905
vt 0.267645 0.837175
vt 0.475347 0.976898
vt 0.434470 0.976898
vt 0.475347 0.787007
vt 0.693623 0.776257
vt 0.677341 0.547673
vt 0.693623 0.547673
vt 0.267645 0.789250
vt 0.207370 0.789250
vt 0.207370 0.695209
vt 0.267645 0.695209
vt 0.267645 0.816938
vt 0.207370 0.816938
vt 0.267645 0.667520
vt 0.207370 0.667520
vt 0.053731 0.208943
vt 0.981537 0.208683
vt 0.981544 0.230445
vt 0.073496 0.230677
vt 0.053739 0.253298
vt 0.012398 0.209942
vt 0.981551 0.253085
vt 0.983519 0.273040
vt 0.055847 0.273040
vt 0.055847 0.266457
vt 0.983519 0.266457
vt 0.015029 0.266457
vt 0.434470 0.834932
vt 0.475347 0.834932
vt 0.475347 0.928973
vt 0.434470 0.928973
vt 0.434470 0.956661
vt 0.475347 0.956661
vt 0.475347 0.976898
vt 0.434470 0.976898
vt 0.434470 0.787007
vt 0.475347 0.787007
vt 0.475347 0.807244
vt 0.434470 0.807244
vt 0.357701 0.666186
vt 0.317231 0.666185
vt 0.317232 0.647284
vt 0.337468 0.647284
vt 0.357700 0.760227
vt 0.317231 0.760227
vt 0.337468 0.779129
vt 0.317231 0.779129
vt 0.677341 0.606905
vt 0.693623 0.606905
vt 0.693623 0.717025
vt 0.677341 0.717025
vt 0.677341 0.750774
vt 0.693623 0.750774
vt 0.693623 0.776257
vt 0.677341 0.776257
vt 0.677341 0.547673
vt 0.693623 0.547673
vt 0.693623 0.573156
vt 0.677341 0.573156
vt 0.129503 0.669417
vt 0.078543 0.669417
vt 0.078543 0.647283
vt 0.104025 0.647283
vt 0.617905 0.669418
vt 0.617905 0.647284
vt 0.643388 0.647284
vt 0.668865 0.669418
vt 0.129503 0.779537
vt 0.078543 0.779537
vt 0.104025 0.801671
vt 0.078543 0.801671
vt 0.668865 0.779538
vt 0.617905 0.779538
vt 0.643388 0.801671
vt 0.617905 0.801671
vt 0.030737 0.518690
vt 0.665719 0.518690
vt 0.665719 0.599964
vt 0.030737 0.599964
vt 0.030737 0.623066
vt 0.665719 0.623067
vt 0.665719 0.639406
vt 0.030737 0.639405
vt 0.030737 0.495587
vt 0.665719 0.495588
vt 0.405548 0.666186
vt 0.405548 0.647284
vt 0.425785 0.647284
vt 0.446017 0.666186
vt 0.405548 0.760227
vt 0.446017 0.760227
vt 0.405548 0.779129
vt 0.425785 0.779129
vt 0.207370 0.647283
vt 0.267645 0.647284
vt 0.493864 0.666186
vt 0.493864 0.647284
vt 0.514101 0.647284
vt 0.534334 0.666185
vt 0.493864 0.760227
vt 0.534334 0.760227
vt 0.493864 0.779128
vt 0.514101 0.779129
vt 0.267645 0.837175
vt 0.207370 0.837175
vt 0.030737 0.479248
vt 0.665719 0.479249
vn 0.000000 0.000000 1.000000
vn 0.000000 0.000000 1.000000
vn 0.000000 0.000000 1.000000
vn 0.000000 0.000000 1.000000
vn -0.063486 0.727966 0.682668
vn -0.063486 0.727965 0.682668
vn -0.063486 0.727965 0.682668
vn -0.063486 0.727965 0.682668
vn 0.063486 -0.727965 0.682668
vn 0.063486 -0.727965 0.682668
vn 0.063486 -0.727965 0.682669
vn 0.063486 -0.727965 0.682669
vn -0.029145 0.022786 0.999316
vn -0.000000 -0.000000 1.000000
vn -0.015482 0.148511 0.988790
vn -0.013025 0.149347 0.988699
vn -0.040173 0.274508 0.960745
vn -0.169731 0.133804 0.976365
vn -0.025267 0.289726 0.956776
vn 0.086881 -0.996219 0.000000
vn 0.086881 -0.996219 0.000000
vn 0.086881 -0.996219 0.000000
vn 0.086881 -0.996219 0.000000
vn 0.086881 -0.996219 0.000000
vn 0.086881 -0.996219 0.000000
vn 0.086881 -0.996219 0.000000
vn 0.000000 0.000000 1.000000
vn 0.000000 0.000000 1.000000
vn 0.000000 0.000000 1.000000
vn 0.000000 0.000000 1.000000
vn -0.086881 0.996219 0.000000
vn -0.086881 0.996219 0.000000
vn -0.086881 0.996219 0.000000
vn -0.086881 0.996219 0.000000
vn 0.086881 -0.996219 0.000000
vn 0.086881 -0.996219 0.000000
vn 0.086881 -0.996219 0.000000
vn 0.086881 -0.996219 0.000000
vn 0.996219 0.086881 0.000000
vn 0.996219 0.086881 0.000000
vn 0.996219 0.086881 0.000000
vn 0.996219 0.086881 0.000000
vn 0.063486 -0.727966 0.682668
vn 0.063486 -0.727965 0.682668
vn 0.063486 -0.727965 0.682668
vn 0.063486 -0.727965 0.682669
vn -0.063486 0.727966 0.682668
vn -0.063486 0.727966 0.682668
vn -0.063486 0.727965 0.682668
vn -0.063486 0.727965 0.682669
vn 0.996219 0.086881 0.000000
vn 0.996219 0.086881 0.000000
vn 0.996219 0.086881 0.000000
vn 0.996219 0.086881 0.000000
vn 0.996219 0.086881 0.000000
vn 0.996219 0.086881 0.000000
vn 0.996219 0.086881 0.000000
vn 0.996219 0.086881 0.000000
vn 0.000000 0.000000 1.000000
vn 0.000000 0.000000 1.000000
vn 0.000000 0.000000 1.000000
vn 0.000000 0.000000 1.000000
vn -0.086881 0.996219 0.000000
vn -0.086881 0.996219 0.000000
vn -0.086881 0.996219 0.000000
vn -0.086881 0.996219 0.000000
vn 0.086881 -0.996219 0.000000
vn 0.086881 -0.996219 0.000000
vn 0.086881 -0.996219 0.000000
vn 0.086881 -0.996219 0.000000
vn 0.996219 0.086881 0.000000
vn 0.996219 0.086881 0.000000
vn 0.996219 0.086881 0.000000
vn 0.996219 0.086881 0.000000
vn -0.996219 -0.086881 0.000000
vn -0.996219 -0.086881 0.000000
vn -0.996219 -0.086881 0.000000
vn -0.996219 -0.086881 0.000000
vn 0.065587 -0.752051 0.655833
vn 0.065587 -0.752052 0.655833
vn 0.065587 -0.752051 0.655833
vn 0.065587 -0.752052 0.655832
vn -0.065587 0.752051 0.655833
vn -0.065587 0.752052 0.655832
vn -0.065587 0.752052 0.655833
vn -0.065587 0.752052 0.655832
vn 0.996219 0.086881 0.000000
vn 0.996219 0.086881 0.000000
vn 0.996219 0.086881 0.000000
vn 0.996219 0.086881 0.000000
vn 0.996219 0.086881 0.000000
vn 0.996219 0.086881 0.000000
vn 0.996219 0.086881 0.000000
vn 0.996219 0.086881 0.000000
vn -0.996219 -0.086881 0.000000
vn -0.996219 -0.086881 0.000000
vn -0.996219 -0.086881 0.000000
vn -0.996219 -0.086881 0.000000
vn -0.996219 -0.086881 0.000000
vn -0.996219 -0.086881 0.000000
vn -0.996219 -0.086881 0.000000
vn -0.996219 -0.086881 0.000000
vn 0.000000 0.000000 1.000000
vn 0.000000 0.000000 1.000000
vn 0.000000 0.000000 1.000000
vn 0.000000 0.000000 1.000000
vn -0.086881 0.996219 0.000000
vn -0.086881 0.996219 0.000000
vn -0.086881 0.996219 0.000000
vn -0.086881 0.996219 0.000000
vn 0.061434 -0.704433 0.707107
vn 0.061434 -0.704433 0.707107
vn 0.061434 -0.704433 0.707107
vn 0.061434 -0.704433 0.707107
vn -0.061434 0.704433 0.707107
vn -0.061434 0.704433 0.707107
vn -0.061434 0.704433 0.707106
vn -0.061434 0.704434 0.707106
vn 0.996219 0.086881 0.000000
vn 0.996219 0.086881 0.000000
vn 0.996219 0.086881 0.000000
vn 0.996219 0.086881 0.000000
vn 0.996219 0.086881 0.000000
vn 0.996219 0.086881 0.000000
vn 0.996219 0.086881 0.000000
vn 0.996219 0.086881 0.000000
vn 0.996219 0.086881 0.000000
vn 0.996219 0.086881 0.000000
vn 0.996219 0.086881 0.000000
vn 0.996219 0.086881 0.000000
vn 0.086881 -0.996219 0.000000
vn 0.086881 -0.996219 0.000000
vn 0.086881 -0.996219 0.000000
vn 0.086881 -0.996219 0.000000
vn -0.996219 -0.086881 0.000000
vn -0.996219 -0.086878 0.000000
vn -0.996219 -0.086879 0.000000
vn -0.996219 -0.086877 0.000000
vn -0.996219 -0.086881 0.000000
vn -0.996219 -0.086881 0.000000
vn -0.996219 -0.086881 0.000000
vn -0.996219 -0.086881 0.000000
vn -0.996219 -0.086881 0.000000
vn -0.996219 -0.086882 0.000000
vn -0.996219 -0.086882 0.000000
vn -0.996219 -0.086882 0.000000
vn -0.086881 0.996219 0.000000
vn -0.086881 0.996219 0.000000
vn -0.086881 0.996219 0.000000
vn -0.086881 0.996219 0.000000
vn 0.086881 -0.996219 0.000000
vn 0.086881 -0.996219 0.000000
vn 0.086881 -0.996219 0.000000
vn 0.086881 -0.996219 0.000000
vn 0.000000 0.000000 -1.000000
vn 0.000000 0.000000 -1.000000
vn 0.000000 0.000000 -1.000000
vn 0.000000 0.000000 -1.000000
vn -0.063486 0.727966 -0.682668
vn -0.063486 0.727965 -0.682668
vn -0.063486 0.727965 -0.682668
vn -0.063486 0.727965 -0.682668
vn 0.063486 -0.727965 -0.682668
vn 0.063486 -0.727965 -0.682669
vn 0.063486 -0.727965 -0.682668
vn 0.063486 -0.727965 -0.682669
vn -0.029145 0.022786 -0.999316
vn -0.015482 0.148511 -0.988790
vn -0.000000 -0.000000 -1.000000
vn -0.013025 0.149347 -0.988699
vn -0.169731 0.133804 -0.976365
vn -0.040173 0.274508 -0.960745
vn -0.025267 0.289726 -0.956776
vn 0.086881 -0.996219 0.000000
vn 0.086881 -0.996219 0.000000
vn 0.086881 -0.996219 0.000000
vn 0.086881 -0.996219 0.000000
vn 0.086881 -0.996219 0.000000
vn 0.086881 -0.996219 0.000000
vn 0.086881 -0.996219 0.000000
vn 0.000000 0.000000 -1.000000
vn 0.000000 0.000000 -1.000000
vn 0.000000 0.000000 -1.000000
vn 0.000000 0.000000 -1.000000
vn -0.086881 0.996219 0.000000
vn -0.086881 0.996219 0.000000
vn -0.086881 0.996219 0.000000
vn -0.086881 0.996219 0.000000
vn 0.086881 -0.996219 0.000000
vn 0.086881 -0.996219 0.000000
vn 0.086881 -0.996219 0.000000
vn 0.086881 -0.996219 0.000000
vn 0.996219 0.086881 0.000000
vn 0.996219 0.086881 0.000000
vn 0.996219 0.086881 0.000000
vn 0.996219 0.086881 0.000000
vn 0.063486 -0.727966 -0.682668
vn 0.063486 -0.727965 -0.682668
vn 0.063486 -0.727965 -0.682668
vn 0.063486 -0.727965 -0.682669
vn -0.063486 0.727966 -0.682668
vn -0.063486 0.727965 -0.682668
vn -0.063486 0.727966 -0.682668
vn -0.063486 0.727965 -0.682669
vn 0.996219 0.086881 0.000000
vn 0.996219 0.086881 0.000000
vn 0.996219 0.086881 0.000000
vn 0.996219 0.086881 0.000000
vn 0.996219 0.086881 0.000000
vn 0.996219 0.086881 0.000000
vn 0.996219 0.086881 0.000000
vn 0.996219 0.086881 0.000000
vn 0.000000 0.000000 -1.000000
vn 0.000000 0.000000 -1.000000
vn 0.000000 0.000000 -1.000000
vn 0.000000 0.000000 -1.000000
vn -0.086881 0.996219 0.000000
vn -0.086881 0.996219 0.000000
vn -0.086881 0.996219 0.000000
vn -0.086881 0.996219 0.000000
vn 0.086881 -0.996219 0.000000
vn 0.086881 -0.996219 0.000000
vn 0.086881 -0.996219 0.000000
vn 0.086881 -0.996219 0.000000
vn 0.996219 0.086881 0.000000
vn 0.996219 0.086881 0.000000
vn 0.996219 0.086881 0.000000
vn 0.996219 0.086881 0.000000
vn -0.996219 -0.086881 0.000000
vn -0.996219 -0.086881 0.000000
vn -0.996219 -0.086881 0.000000
vn -0.996219 -0.086881 0.000000
vn 0.065587 -0.752051 -0.655833
vn 0.065587 -0.752051 -0.655833
vn 0.065587 -0.752052 -0.655833
vn 0.065587 -0.752052 -0.655832
vn -0.065587 0.752051 -0.655833
vn -0.065587 0.752052 -0.655833
vn -0.065587 0.752052 -0.655832
vn -0.065587 0.752052 -0.655832
vn 0.996219 0.086881 0.000000
vn 0.996219 0.086881 0.000000
vn 0.996219 0.086881 0.000000
vn 0.996219 0.086881 0.000000
vn 0.996219 0.086881 0.000000
vn 0.996219 0.086881 0.000000
vn 0.996219 0.086881 0.000000
vn 0.996219 0.086881 0.000000
vn -0.996219 -0.086881 0.000000
vn -0.996219 -0.086881 0.000000
vn -0.996219 -0.086881 0.000000
vn -0.996219 -0.086881 0.000000
vn -0.996219 -0.086881 0.000000
vn -0.996219 -0.086881 0.000000
vn -0.996219 -0.086881 0.000000
vn -0.996219 -0.086881 0.000000
vn 0.000000 0.000000 -1.000000
vn 0.000000 0.000000 -1.000000
vn 0.000000 0.000000 -1.000000
vn 0.000000 0.000000 -1.000000
vn -0.086881 0.996219 0.000000
vn -0.086881 0.996219 0.000000
vn -0.086881 0.996219 0.000000
vn -0.086881 0.996219 0.000000
vn 0.061434 -0.704433 -0.707107
vn 0.061434 -0.704433 -0.707107
vn 0.061434 -0.704433 -0.707107
vn 0.061434 -0.704433 -0.707107
vn -0.061434 0.704433 -0.707107
vn -0.061434 0.704433 -0.707106
vn -0.061434 0.704433 -0.707107
vn -0.061434 0.704434 -0.707106
vn 0.996219 0.086881 0.000000
vn 0.996219 0.086881 0.000000
vn 0.996219 0.086881 0.000000
vn 0.996219 0.086881 0.000000
vn 0.996219 0.086881 0.000000
vn 0.996219 0.086881 0.000000
vn 0.996219 0.086881 0.000000
vn 0.996219 0.086881 0.000000
vn 0.996219 0.086881 0.000000
vn 0.996219 0.086881 0.000000
vn 0.996219 0.086881 0.000000
vn 0.996219 0.086881 0.000000
vn 0.086881 -0.996219 0.000000
vn 0.086881 -0.996219 0.000000
vn 0.086881 -0.996219 0.000000
vn 0.086881 -0.996219 0.000000
vn -0.996219 -0.086877 0.000000
vn -0.996219 -0.086878 0.000000
vn -0.996219 -0.086879 0.000000
vn -0.996219 -0.086881 0.000000
vn -0.996219 -0.086881 0.000000
vn -0.996219 -0.086881 0.000000
vn -0.996219 -0.086881 0.000000
vn -0.996219 -0.086881 0.000000
vn -0.996219 -0.086881 0.000000
vn -0.996219 -0.086883 0.000000
vn -0.996219 -0.086883 0.000000
vn -0.996219 -0.086884 0.000000
vn -0.086881 0.996219 0.000000
vn -0.086881 0.996219 0.000000
vn -0.086881 0.996219 0.000000
vn -0.086881 0.996219 0.000000
vn 0.086881 -0.996219 0.000000
vn 0.086881 -0.996219 0.000000
vn 0.086881 -0.996219 0.000000
vn 0.086881 -0.996219 0.000000
s 1
g blade
f 258/573/787 260/572/788 263/571/789
f 263/571/789 260/572/788 265/569/790
s 2
f 258/573/791 259/567/792 260/572/793
f 260/572/793 259/567/792 261/497/794
s 3
f 262/503/795 263/571/796 264/504/797
f 264/504/797 263/571/796 265/569/798
s 4
f 266/558/799 267/559/800 271/508/801
f 271/508/801 267/559/800 270/507/802
f 271/508/801 268/557/803 266/558/799
f 266/558/799 268/557/803 272/556/804
f 268/557/803 271/508/801 269/510/805
f 269/510/805 271/508/801 270/507/802
s 5
f 267/506/806 266/505/807 298/536/808
f 298/536/808 266/505/807 297/535/809
s off
f 272/509/810 297/535/811 266/505/812
s 6
f 274/511/813 276/578/814 278/514/815
f 278/514/815 276/578/814 280/577/816
s 7
f 277/515/817 279/516/818 312/592/819
f 312/592/819 279/516/818 311/591/820
s 8
f 307/543/821 308/593/822 273/518/823
f 273/518/823 308/593/822 275/517/824
s 9
f 280/513/825 310/546/826 279/576/827
f 279/576/827 310/546/826 311/574/828
s 10
f 274/511/829 273/518/830 276/578/831
f 276/578/831 273/518/830 275/517/832
s 11
f 277/515/833 278/514/834 279/516/835
f 279/516/835 278/514/834 280/577/836
s 12
f 276/512/837 309/545/838 280/513/839
f 280/513/839 309/545/838 310/546/840
s 13
f 276/512/841 275/575/842 309/545/843
f 309/545/843 275/575/842 308/544/844
s 14
f 282/589/845 284/588/846 286/586/847
f 286/586/847 284/588/846 288/585/848
s 15
f 285/523/849 287/524/850 299/537/851
f 299/537/851 287/524/850 306/594/852
s 16
f 302/595/853 303/596/854 281/582/855
f 281/582/855 303/596/854 283/525/856
s 17
f 288/521/857 305/542/858 287/584/859
f 287/584/859 305/542/858 306/579/860
s 18
f 302/581/861 281/526/862 301/539/863
f 301/539/863 281/526/862 282/519/864
s 19
f 282/589/865 281/582/866 284/588/867
f 284/588/867 281/582/866 283/525/868
s 20
f 285/523/869 286/586/870 287/524/871
f 287/524/871 286/586/870 288/585/872
s 21
f 284/520/873 304/541/874 288/521/875
f 288/521/875 304/541/874 305/542/876
s 22
f 284/520/877 283/580/878 304/541/879
f 304/541/879 283/580/878 303/540/880
s 23
f 301/539/881 282/519/882 300/538/883
f 300/538/883 282/519/882 286/522/884
s 24
f 286/522/885 285/587/886 300/538/887
f 300/538/887 285/587/886 299/583/888
s 25
f 290/527/889 292/528/890 294/530/891
f 294/530/891 292/528/890 296/529/892
s 26
f 293/531/893 295/532/894 314/561/895
f 314/561/895 295/532/894 313/547/896
s 27
f 290/527/897 289/534/898 292/528/899
f 292/528/899 289/534/898 291/533/900
s 28
f 293/531/901 294/530/902 295/532/903
f 295/532/903 294/530/902 296/529/904
s 29
f 315/566/905 259/498/906 316/548/907
f 316/548/907 259/498/906 258/499/908
s 30
f 317/549/909 316/548/910 263/502/911
f 263/502/911 316/548/910 258/499/912
s 31
f 318/565/913 317/549/914 262/570/915
f 262/570/915 317/549/914 263/502/916
s 32
f 262/503/917 264/504/918 318/550/919
f 318/550/919 264/504/918 319/564/920
s 33
f 319/551/921 264/568/922 320/552/923
f 320/552/923 264/568/922 265/501/924
s 34
f 321/553/925 320/552/926 260/500/927
f 260/500/927 320/552/926 265/501/928
s 35
f 322/562/929 321/553/930 261/563/931
f 261/563/931 321/553/930 260/500/932
s 36
f 315/590/933 322/554/934 259/567/935
f 259/567/935 322/554/934 261/497/936
s 37
f 324/555/937 323/560/938 289/534/939
f 289/534/939 323/560/938 291/533/940
s 38
f 325/597/941 330/600/942 327/598/943
f 327/598/943 330/600/942 332/599/944
s 39
f 325/597/945 327/598/946 326/601/947
f 326/601/947 327/598/946 328/602/948
s 40
f 329/603/949 331/604/950 330/600/951
f 330/600/951 331/604/950 332/599/952
s 41
f 333/605/953 336/608/954 334/606/955
f 334/606/955 336/608/954 335/607/956
f 272/610/957 268/609/958 333/605/953
f 333/605/953 268/609/958 336/608/954
f 268/609/958 269/611/959 336/608/954
f 336/608/954 269/611/959 335/607/956
s 42
f 334/612/960 298/615/961 333/613/962
f 333/613/962 298/615/961 297/614/963
s off
f 272/616/964 333/613/965 297/614/966
s 43
f 338/617/967 342/620/968 340/618/969
f 340/618/969 342/620/968 344/619/970
s 44
f 341/621/971 312/624/972 343/622/973
f 343/622/973 312/624/972 311/623/974
s 45
f 307/625/975 337/628/976 308/626/977
f 308/626/977 337/628/976 339/627/978
s 46
f 344/629/979 343/632/980 310/630/981
f 310/630/981 343/632/980 311/631/982
s 47
f 338/617/983 340/618/984 337/628/985
f 337/628/985 340/618/984 339/627/986
s 48
f 341/621/987 343/622/988 342/620/989
f 342/620/989 343/622/988 344/619/990
s 49
f 340/633/991 344/629/992 309/634/993
f 309/634/993 344/629/992 310/630/994
s 50
f 340/633/995 309/634/996 339/635/997
f 339/635/997 309/634/996 308/636/998
s 51
f 346/637/999 350/640/1000 348/638/1001
f 348/638/1001 350/640/1000 352/639/1002
s 52
f 349/641/1003 299/644/1004 351/642/1005
f 351/642/1005 299/644/1004 306/643/1006
s 53
f 302/645/1007 345/648/1008 303/646/1009
f 303/646/1009 345/648/1008 347/647/1010
s 54
f 352/649/1011 351/652/1012 305/650/1013
f 305/650/1013 351/652/1012 306/651/1014
s 55
f 346/656/1015 345/655/1016 301/653/1017
f 301/653/1017 345/655/1016 302/654/1018
s 56
f 346/637/1019 348/638/1020 345/648/1021
f 345/648/1021 348/638/1020 347/647/1022
s 57
f 349/641/1023 351/642/1024 350/640/1025
f 350/640/1025 351/642/1024 352/639/1026
s 58
f 348/657/1027 352/649/1028 304/658/1029
f 304/658/1029 352/649/1028 305/650/1030
s 59
f 348/657/1031 304/658/1032 347/659/1033
f 347/659/1033 304/658/1032 303/660/1034
s 60
f 301/653/1035 300/662/1036 346/656/1037
f 346/656/1037 300/662/1036 350/661/1038
s 61
f 299/664/1039 349/663/1040 300/662/1041
f 300/662/1041 349/663/1040 350/661/1042
s 62
f 354/665/1043 358/668/1044 356/666/1045
f 356/666/1045 358/668/1044 360/667/1046
s 63
f 357/669/1047 314/672/1048 359/670/1049
f 359/670/1049 314/672/1048 313/671/1050
s 64
f 354/665/1051 356/666/1052 353/673/1053
f 353/673/1053 356/666/1052 355/674/1054
s 65
f 357/669/1055 359/670/1056 358/668/1057
f 358/668/1057 359/670/1056 360/667/1058
s 66
f 325/678/1059 326/677/1060 316/675/1061
f 316/675/1061 326/677/1060 315/676/1062
s 67
f 317/679/1063 330/680/1064 316/675/1065
f 316/675/1065 330/680/1064 325/678/1066
s 68
f 318/681/1067 329/682/1068 317/679/1069
f 317/679/1069 329/682/1068 330/680/1070
s 69
f 329/603/1071 318/684/1072 331/604/1073
f 331/604/1073 318/684/1072 319/683/1074
s 70
f 332/688/1075 331/687/1076 320/685/1077
f 320/685/1077 331/687/1076 319/686/1078
s 71
f 321/689/1079 327/690/1080 320/685/1081
f 320/685/1081 327/690/1080 332/688/1082
s 72
f 322/691/1083 328/692/1084 321/689/1085
f 321/689/1085 328/692/1084 327/690/1086
s 73
f 315/693/1087 326/601/1088 322/694/1089
f 322/694/1089 326/601/1088 328/602/1090
s 74
f 324/695/1091 353/673/1092 323/696/1093
f 323/696/1093 353/673/1092 355/674/1094
g default
v -39.027569 -0.804069 0.875144
v -39.197330 1.142499 2.916440
v -301.195588 -23.667836 0.875133
v -299.682132 -21.574474 2.916429
v -291.976115 -7.938588 0.875133
v -293.466171 -10.300264 2.916429
v -40.319378 14.008487 0.875134
v -40.126217 11.793608 2.916431
v -293.466171 -10.300264 0.000000
v -291.976115 -7.938588 0.000000
v -40.319378 14.008487 0.000000
v -40.126217 11.793608 0.000000
v -39.197330 1.142499 0.000000
v -39.027569 -0.804069 0.000000
v -301.195588 -23.667836 0.000000
v -299.682132 -21.574474 0.000000
v -39.027569 -0.804069 -0.875144
v -39.197330 1.142499 -2.916440
v -301.195588 -23.667836 -0.875133
v -299.682132 -21.574474 -2.916429
v -291.976115 -7.938588 -0.875133
v -293.466171 -10.300264 -2.916429
v -40.319378 14.008487 -0.875134
v -40.126217 11.793608 -2.916431
vt 0.569101 0.800858
vt 0.329385 0.903523
vt 0.329386 0.807065
vt 0.569102 0.917007
vt 0.051156 0.147469
vt 0.979097 0.147469
vt 0.979097 0.086728
vt 0.012398 0.086728
vt 0.310969 0.787007
vt 0.979097 0.136382
vt 0.979097 0.097108
vt 0.310969 0.921151
vt 0.044949 0.136382
vt 0.550685 0.942200
vt 0.550685 0.777553
vt 0.018604 0.097108
vt 0.542790 0.917007
vt 0.051156 0.150684
vt 0.542790 0.942200
vt 0.303074 0.787007
vt 0.979097 0.150684
vt 0.303074 0.807065
vt 0.303073 0.903523
vt 0.979097 0.083513
vt 0.303073 0.921151
vt 0.542790 0.777553
vt 0.012398 0.083513
vt 0.542790 0.800858
vt 0.018604 0.097108
vt 0.979097 0.097108
vt 0.979097 0.136382
vt 0.044949 0.136382
vt 0.979097 0.086728
vt 0.012398 0.086728
vt 0.051156 0.147469
vt 0.979097 0.147469
vt 0.542790 0.942200
vt 0.542790 0.917007
vt 0.569102 0.917007
vt 0.550685 0.942200
vt 0.979097 0.150684
vt 0.051156 0.150684
vt 0.329386 0.807065
vt 0.303074 0.807065
vt 0.303074 0.787007
vt 0.310969 0.787007
vt 0.329385 0.903523
vt 0.303073 0.903523
vt 0.303073 0.921151
vt 0.310969 0.921151
vt 0.012398 0.083513
vt 0.979097 0.083513
vt 0.569101 0.800858
vt 0.542790 0.800858
vt 0.542790 0.777553
vt 0.550685 0.777553
vn -0.000000 0.000000 1.000000
vn -0.000000 0.000001 1.000000
vn -0.000000 0.000000 1.000000
vn -0.000000 0.000001 1.000000
vn 0.062762 -0.719660 0.691484
vn 0.062762 -0.719662 0.691482
vn 0.062762 -0.719660 0.691484
vn 0.062762 -0.719662 0.691482
vn -0.058759 0.673757 0.736613
vn -0.058759 0.673758 0.736612
vn -0.058759 0.673757 0.736613
vn -0.058759 0.673758 0.736612
vn -0.845740 0.533595 0.000000
vn -0.845725 0.533620 0.000000
vn -0.845728 0.533614 0.000000
vn -0.845723 0.533621 0.000000
vn -0.086881 0.996219 0.000000
vn -0.086881 0.996219 0.000000
vn -0.086881 0.996219 0.000000
vn -0.086881 0.996219 0.000000
vn 0.996219 0.086883 0.000000
vn 0.996219 0.086883 0.000000
vn 0.996219 0.086882 0.000000
vn 0.996219 0.086881 0.000000
vn 0.996219 0.086880 0.000000
vn 0.996219 0.086880 0.000000
vn 0.996219 0.086881 0.000000
vn 0.996219 0.086881 0.000000
vn 0.996219 0.086881 0.000000
vn 0.996219 0.086881 0.000000
vn 0.996219 0.086881 0.000000
vn 0.996219 0.086881 0.000000
vn 0.086881 -0.996219 0.000000
vn 0.086881 -0.996219 0.000000
vn 0.086881 -0.996219 0.000000
vn 0.086881 -0.996219 0.000000
vn -0.810389 0.585893 0.000000
vn -0.810388 0.585893 0.000000
vn -0.810388 0.585894 0.000000
vn -0.810387 0.585895 0.000000
vn -0.875720 0.482819 0.000000
vn -0.875720 0.482819 0.000000
vn -0.875718 0.482823 0.000000
vn -0.875718 0.482823 0.000000
vn -0.000000 0.000000 -1.000000
vn -0.000000 0.000000 -1.000000
vn -0.000000 0.000001 -1.000000
vn -0.000000 0.000001 -1.000000
vn 0.062762 -0.719662 -0.691482
vn 0.062762 -0.719662 -0.691482
vn 0.062762 -0.719660 -0.691484
vn 0.062762 -0.719660 -0.691484
vn -0.058759 0.673758 -0.736612
vn -0.058759 0.673758 -0.736612
vn -0.058759 0.673757 -0.736613
vn -0.058759 0.673757 -0.736613
vn -0.845740 0.533595 0.000000
vn -0.845728 0.533614 0.000000
vn -0.845725 0.533620 0.000000
vn -0.845723 0.533621 0.000000
vn -0.086881 0.996219 0.000000
vn -0.086881 0.996219 0.000000
vn -0.086881 0.996219 0.000000
vn -0.086881 0.996219 0.000000
vn 0.996219 0.086883 0.000000
vn 0.996219 0.086882 0.000000
vn 0.996219 0.086883 0.000000
vn 0.996219 0.086881 0.000000
vn 0.996219 0.086880 0.000000
vn 0.996219 0.086881 0.000000
vn 0.996219 0.086880 0.000000
vn 0.996219 0.086881 0.000000
vn 0.996219 0.086881 0.000000
vn 0.996219 0.086881 0.000000
vn 0.996219 0.086881 0.000000
vn 0.996219 0.086881 0.000000
vn 0.086881 -0.996219 0.000000
vn 0.086881 -0.996219 0.000000
vn 0.086881 -0.996219 0.000000
vn 0.086881 -0.996219 0.000000
vn -0.810389 0.585893 0.000000
vn -0.810388 0.585894 0.000000
vn -0.810388 0.585893 0.000000
vn -0.810387 0.585895 0.000000
vn -0.875720 0.482819 0.000000
vn -0.875718 0.482823 0.000000
vn -0.875720 0.482819 0.000000
vn -0.875718 0.482823 0.000000
s 1
g sheath
f 364/712/1095 362/707/1096 366/709/1097
f 366/709/1097 362/707/1096 368/706/1098
s 2
f 362/707/1099 364/712/1100 361/703/1101
f 361/703/1101 364/712/1100 363/704/1102
s 3
f 366/709/1103 368/706/1104 365/701/1105
f 365/701/1105 368/706/1104 367/702/1106
s 4
f 370/715/1107 369/713/1108 365/710/1109
f 365/710/1109 369/713/1108 366/700/1110
s 5
f 371/717/1111 370/714/1112 367/702/1113
f 367/702/1113 370/714/1112 365/701/1114
s 6
f 368/699/1115 372/718/1116 367/705/1117
f 367/705/1117 372/718/1116 371/716/1118
s 7
f 362/698/1119 373/719/1120 368/699/1121
f 368/699/1121 373/719/1120 372/718/1122
s 8
f 374/721/1123 373/719/1124 361/708/1125
f 361/708/1125 373/719/1124 362/698/1126
s 9
f 375/723/1127 374/720/1128 363/704/1129
f 363/704/1129 374/720/1128 361/703/1130
s 10
f 364/697/1131 376/724/1132 363/711/1133
f 363/711/1133 376/724/1132 375/722/1134
s 11
f 366/700/1135 369/713/1136 364/697/1137
f 364/697/1137 369/713/1136 376/724/1138
s 12
f 380/725/1139 382/728/1140 378/726/1141
f 378/726/1141 382/728/1140 384/727/1142
s 13
f 379/730/1143 380/725/1144 377/729/1145
f 377/729/1145 380/725/1144 378/726/1146
s 14
f 383/732/1147 384/727/1148 381/731/1149
f 381/731/1149 384/727/1148 382/728/1150
s 15
f 370/733/1151 381/736/1152 369/734/1153
f 369/734/1153 381/736/1152 382/735/1154
s 16
f 371/737/1155 383/732/1156 370/738/1157
f 370/738/1157 383/732/1156 381/731/1158
s 17
f 384/739/1159 383/742/1160 372/740/1161
f 372/740/1161 383/742/1160 371/741/1162
s 18
f 378/743/1163 384/739/1164 373/744/1165
f 373/744/1165 384/739/1164 372/740/1166
s 19
f 374/745/1167 377/746/1168 373/744/1169
f 373/744/1169 377/746/1168 378/743/1170
s 20
f 375/747/1171 379/730/1172 374/748/1173
f 374/748/1173 379/730/1172 377/729/1174
s 21
f 380/749/1175 379/752/1176 376/750/1177
f 376/750/1177 379/752/1176 375/751/1178
s 22
f 382/735/1179 380/749/1180 369/734/1181
f 369/734/1181 380/749/1180 376/750/1182
g default
v -59.270042 54.608055 19.263201
v -61.146618 52.871517 16.526426
v -57.206154 52.377728 19.263201
v -59.082729 50.641190 16.526426
v -48.057114 64.984222 16.526426
v -49.933689 63.247688 19.263201
v -45.993225 62.753899 16.526426
v -47.869801 61.017361 19.263201
v 49.005882 -42.674469 15.865695
v -25.072985 37.378292 15.865695
v 38.954025 -51.976212 13.789104
v -35.124840 28.076548 13.789104
v -30.110643 32.716564 15.865695
v 42.402229 -45.643906 15.865695
v 52.265366 -46.196800 13.789104
v -24.250492 39.257786 16.526426
v -26.127071 37.521248 19.263201
v -25.650187 40.770355 16.526426
v -27.526764 39.033813 19.263201
v -37.340000 27.145077 16.526426
v -35.463425 28.881615 19.263201
v -38.739693 28.657644 16.526426
v -36.863117 30.394182 19.263201
v -22.573967 39.690819 17.236004
v -24.771397 37.657372 20.682215
v -23.131481 40.293297 17.236004
v -25.328915 38.259846 20.682215
v -37.901497 25.507095 17.236004
v -35.704067 27.540545 20.682215
v -38.459015 26.109570 17.236004
v -36.261585 28.143019 20.682215
v -25.139006 38.435581 15.999217
v -26.760820 36.934795 18.208889
v -46.881737 61.931694 15.999217
v -48.503548 60.430908 18.208889
v -36.451492 27.967283 15.999217
v -34.829678 29.468071 18.208889
v -58.194221 51.463398 15.999217
v -56.572407 52.964184 18.208889
v 49.005882 -42.674469 13.789104
v -25.072985 37.378292 13.789104
v -37.901497 25.507095 13.789104
v -35.704067 27.540545 13.789104
v -24.771397 37.657372 13.789104
v -22.573967 39.690819 13.789104
v -23.131481 40.293297 13.789104
v -25.328915 38.259846 13.789104
v -36.261585 28.143019 13.789104
v -38.459015 26.109570 13.789104
v -24.250492 39.257786 13.789104
v -25.650187 40.770355 13.789104
v -27.526764 39.033813 13.789104
v -36.863117 30.394182 13.789104
v -38.739693 28.657644 13.789104
v -37.340000 27.145077 13.789104
v -58.194221 51.463398 13.789104
v -36.451492 27.967283 13.789104
v -61.146618 52.871517 13.789104
v -59.270042 54.608055 13.789104
v -49.933689 63.247688 13.789104
v -48.057114 64.984222 13.789104
v -45.993225 62.753899 13.789104
v -47.869801 61.017361 13.789104
v -57.206154 52.377728 13.789104
v -59.082729 50.641190 13.789104
v -46.881737 61.931694 13.789104
v -25.139006 38.435581 13.789104
v -59.270042 54.608055 8.315008
v -61.146618 52.871517 11.051783
v -57.206154 52.377728 8.315008
v -59.082729 50.641190 11.051783
v -48.057114 64.984222 11.051783
v -49.933689 63.247688 8.315008
v -45.993225 62.753899 11.051783
v -47.869801 61.017361 8.315008
v 49.005882 -42.674469 11.712514
v -25.072985 37.378292 11.712514
v -30.110643 32.716564 11.712514
v 42.402229 -45.643906 11.712514
v -24.250492 39.257786 11.051783
v -26.127071 37.521248 8.315008
v -25.650187 40.770355 11.051783
v -27.526764 39.033813 8.315008
v -37.340000 27.145077 11.051783
v -35.463425 28.881615 8.315008
v -38.739693 28.657644 11.051783
v -36.863117 30.394182 8.315008
v -22.573967 39.690819 10.342205
v -24.771397 37.657372 6.895995
v -23.131481 40.293297 10.342205
v -25.328915 38.259846 6.895995
v -37.901497 25.507095 10.342205
v -35.704067 27.540545 6.895995
v -38.459015 26.109570 10.342205
v -36.261585 28.143019 6.895995
v -25.139006 38.435581 11.578992
v -26.760820 36.934795 9.369320
v -46.881737 61.931694 11.578992
v -48.503548 60.430908 9.369320
v -36.451492 27.967283 11.578992
v -34.829678 29.468071 9.369320
v -58.194221 51.463398 11.578992
v -56.572407 52.964184 9.369320
v 50.915737 41.476952 8.534252
v 49.307602 43.144375 10.954349
v -46.045860 -52.037292 8.534239
v -47.031471 -49.769478 10.954336
v -54.395561 -35.599598 8.534240
v -53.188286 -38.097252 10.954336
v 38.678490 54.165321 8.534241
v 40.508289 52.268066 10.954338
v -53.188286 -38.097252 7.496709
v -54.395561 -35.599598 7.496709
v 38.678490 54.165321 7.496709
v 40.508289 52.268066 7.496709
v 49.307602 43.144375 7.496709
v 50.915737 41.476952 7.496709
v -46.045860 -52.037292 7.496709
v -47.031471 -49.769478 7.496709
v 50.915737 41.476952 6.459165
v 49.307602 43.144375 4.039069
v -46.045860 -52.037292 6.459178
v -47.031471 -49.769478 4.039082
v -54.395561 -35.599598 6.459178
v -53.188286 -38.097252 4.039082
v 38.678490 54.165321 6.459177
v 40.508289 52.268066 4.039079
v 70.710701 0.000000 0.000000
v 0.000000 70.710701 0.000000
v 0.000000 55.656200 4.000000
v 55.656200 0.000000 4.000000
v 0.000000 -70.710602 0.000000
v 0.000000 -55.656101 4.000000
v -70.710701 0.000000 0.000000
v -55.656101 0.000000 4.000000
v 0.000000 55.656200 -4.000000
v 0.000000 70.710701 0.000000
v 70.710701 0.000000 0.000000
v 55.656200 0.000000 -4.000000
v 0.000000 -70.710602 0.000000
v 0.000000 -55.656101 -4.000000
v -70.710701 0.000000 0.000000
v -55.656101 0.000000 -4.000000
vt 0.207370 0.816938
vt 0.425785 0.647284
vt 0.446017 0.666186
vt 0.534334 0.760227
vt 0.534334 0.666185
vt 0.446017 0.760227
vt 0.267645 0.667520
vt 0.207370 0.667520
vt 0.055847 0.273040
vt 0.983519 0.273040
vt 0.981544 0.230445
vt 0.073496 0.230677
vt 0.015029 0.266457
vt 0.981551 0.253085
vt 0.434470 0.834932
vt 0.357700 0.760227
vt 0.357701 0.666186
vt 0.434470 0.928973
vt 0.434470 0.956661
vt 0.475347 0.956661
vt 0.475347 0.807244
vt 0.434470 0.807244
vt 0.668865 0.669418
vt 0.129503 0.779537
vt 0.129503 0.669417
vt 0.668865 0.779538
vt 0.677341 0.750774
vt 0.693623 0.750774
vt 0.693623 0.573156
vt 0.643388 0.647284
vt 0.030737 0.518690
vt 0.665719 0.518690
vt 0.665719 0.599964
vt 0.030737 0.599964
vt 0.030737 0.623066
vt 0.665719 0.623067
vt 0.665719 0.495588
vt 0.030737 0.495587
vt 0.055847 0.266457
vt 0.983519 0.266457
vt 0.677341 0.776257
vt 0.617905 0.779538
vt 0.617905 0.669418
vt 0.078543 0.801671
vt 0.078543 0.779537
vt 0.078543 0.669417
vt 0.434470 0.787007
vt 0.317231 0.779129
vt 0.317231 0.760227
vt 0.317231 0.666185
vt 0.665719 0.639406
vt 0.405548 0.666186
vt 0.405548 0.760227
vt 0.267645 0.647284
vt 0.493864 0.647284
vt 0.493864 0.666186
vt 0.493864 0.760227
vt 0.207370 0.837175
vt 0.030737 0.479248
vt 0.012398 0.209942
vt 0.053739 0.253298
vt 0.053731 0.208943
vt 0.981537 0.208683
vt 0.665719 0.479249
vt 0.030737 0.639405
vt 0.493864 0.779128
vt 0.514101 0.779129
vt 0.207370 0.647283
vt 0.405548 0.779129
vt 0.405548 0.647284
vt 0.267645 0.816938
vt 0.514101 0.647284
vt 0.207370 0.695209
vt 0.425785 0.779129
vt 0.267645 0.695209
vt 0.207370 0.789250
vt 0.267645 0.789250
vt 0.317232 0.647284
vt 0.337468 0.779129
vt 0.337468 0.647284
vt 0.475347 0.928973
vt 0.475347 0.834932
vt 0.078543 0.647283
vt 0.104025 0.801671
vt 0.617905 0.647284
vt 0.677341 0.573156
vt 0.617905 0.801671
vt 0.104025 0.647283
vt 0.693623 0.717025
vt 0.677341 0.717025
vt 0.643388 0.801671
vt 0.693623 0.606905
vt 0.677341 0.606905
vt 0.267645 0.837175
vt 0.475347 0.976898
vt 0.434470 0.976898
vt 0.475347 0.787007
vt 0.693623 0.776257
vt 0.677341 0.547673
vt 0.693623 0.547673
vt 0.267645 0.789250
vt 0.207370 0.789250
vt 0.207370 0.695209
vt 0.267645 0.695209
vt 0.267645 0.816938
vt 0.207370 0.816938
vt 0.267645 0.667520
vt 0.207370 0.667520
vt 0.053731 0.208943
vt 0.981537 0.208683
vt 0.981544 0.230445
vt 0.073496 0.230677
vt 0.053739 0.253298
vt 0.012398 0.209942
vt 0.981551 0.253085
vt 0.983519 0.273040
vt 0.055847 0.273040
vt 0.055847 0.266457
vt 0.983519 0.266457
vt 0.015029 0.266457
vt 0.434470 0.834932
vt 0.475347 0.834932
vt 0.475347 0.928973
vt 0.434470 0.928973
vt 0.434470 0.956661
vt 0.475347 0.956661
vt 0.475347 0.976898
vt 0.434470 0.976898
vt 0.434470 0.787007
vt 0.475347 0.787007
vt 0.475347 0.807244
vt 0.434470 0.807244
vt 0.357701 0.666186
vt 0.317231 0.666185
vt 0.317232 0.647284
vt 0.337468 0.647284
vt 0.357700 0.760227
vt 0.317231 0.760227
vt 0.337468 0.779129
vt 0.317231 0.779129
vt 0.677341 0.606905
vt 0.693623 0.606905
vt 0.693623 0.717025
vt 0.677341 0.717025
vt 0.677341 0.750774
vt 0.693623 0.750774
vt 0.693623 0.776257
vt 0.677341 0.776257
vt 0.677341 0.547673
vt 0.693623 0.547673
vt 0.693623 0.573156
vt 0.677341 0.573156
vt 0.129503 0.669417
vt 0.078543 0.669417
vt 0.078543 0.647283
vt 0.104025 0.647283
vt 0.617905 0.669418
vt 0.617905 0.647284
vt 0.643388 0.647284
vt 0.668865 0.669418
vt 0.129503 0.779537
vt 0.078543 0.779537
vt 0.104025 0.801671
vt 0.078543 0.801671
vt 0.668865 0.779538
vt 0.617905 0.779538
vt 0.643388 0.801671
vt 0.617905 0.801671
vt 0.030737 0.518690
vt 0.665719 0.518690
vt 0.665719 0.599964
vt 0.030737 0.599964
vt 0.030737 0.623066
vt 0.665719 0.623067
vt 0.665719 0.639406
vt 0.030737 0.639405
vt 0.030737 0.495587
vt 0.665719 0.495588
vt 0.405548 0.666186
vt 0.405548 0.647284
vt 0.425785 0.647284
vt 0.446017 0.666186
vt 0.405548 0.760227
vt 0.446017 0.760227
vt 0.405548 0.779129
vt 0.425785 0.779129
vt 0.207370 0.647283
vt 0.267645 0.647284
vt 0.493864 0.666186
vt 0.493864 0.647284
vt 0.514101 0.647284
vt 0.534334 0.666185
vt 0.493864 0.760227
vt 0.534334 0.760227
vt 0.493864 0.779128
vt 0.514101 0.779129
vt 0.267645 0.837175
vt 0.207370 0.837175
vt 0.030737 0.479248
vt 0.665719 0.479249
vt 0.018604 0.097108
vt 0.979097 0.097108
vt 0.979097 0.136382
vt 0.044949 0.136382
vt 0.979097 0.086728
vt 0.012398 0.086728
vt 0.051156 0.147469
vt 0.979097 0.147469
vt 0.542790 0.942200
vt 0.542790 0.917007
vt 0.569102 0.917007
vt 0.550685 0.942200
vt 0.979097 0.150684
vt 0.051156 0.150684
vt 0.329386 0.807065
vt 0.303074 0.807065
vt 0.303074 0.787007
vt 0.310969 0.787007
vt 0.329385 0.903523
vt 0.303073 0.903523
vt 0.303073 0.921151
vt 0.310969 0.921151
vt 0.012398 0.083513
vt 0.979097 0.083513
vt 0.569101 0.800858
vt 0.542790 0.800858
vt 0.542790 0.777553
vt 0.550685 0.777553
vt 0.018604 0.097108
vt 0.044949 0.136382
vt 0.979097 0.136382
vt 0.979097 0.097108
vt 0.979097 0.086728
vt 0.012398 0.086728
vt 0.051156 0.147469
vt 0.979097 0.147469
vt 0.542790 0.942200
vt 0.550685 0.942200
vt 0.569102 0.917007
vt 0.542790 0.917007
vt 0.979097 0.150684
vt 0.051156 0.150684
vt 0.329386 0.807065
vt 0.310969 0.787007
vt 0.303074 0.787007
vt 0.303074 0.807065
vt 0.329385 0.903523
vt 0.303073 0.903523
vt 0.303073 0.921151
vt 0.310969 0.921151
vt 0.012398 0.083513
vt 0.979097 0.083513
vt 0.569101 0.800858
vt 0.550685 0.777553
vt 0.542790 0.777553
vt 0.542790 0.800858
vt 0.253165 0.628550
vt 0.248805 0.628550
vt 0.250255 0.627100
vt 0.251705 0.627100
vt 0.253165 0.624190
vt 0.251705 0.625640
vt 0.248805 0.624190
vt 0.250255 0.625640
vt 0.210548 0.740848
vt 0.237658 0.713682
vt 0.264824 0.740797
vt 0.237709 0.767958
vt 0.250085 0.619500
vt 0.248495 0.621100
vt 0.253275 0.621100
vt 0.251685 0.619500
vt 0.253275 0.616310
vt 0.251685 0.617910
vt 0.248495 0.616310
vt 0.250085 0.617910
vt 0.210638 0.740937
vt 0.237748 0.713771
vt 0.264914 0.740887
vt 0.237798 0.768048
vn -0.000001 0.000000 1.000000
vn -0.000001 0.000000 1.000000
vn 0.000000 0.000000 1.000000
vn 0.000000 0.000000 1.000000
vn -0.536328 -0.496305 0.682667
vn -0.536328 -0.496304 0.682667
vn -0.536328 -0.496304 0.682667
vn -0.536328 -0.496303 0.682668
vn 0.536328 0.496306 0.682666
vn 0.536328 0.496303 0.682668
vn 0.536328 0.496304 0.682668
vn 0.536327 0.496301 0.682670
vn 0.011570 -0.025731 0.999602
vn 0.000000 0.000000 1.000000
vn -0.095672 -0.116786 0.988538
vn -0.110031 -0.101820 0.988699
vn 0.169491 -0.384541 0.907415
vn -0.195554 -0.207813 0.958422
vn -0.213455 -0.197526 0.956776
vn 0.733962 0.679190 0.000000
vn 0.733962 0.679190 0.000000
vn 0.733962 0.679190 0.000000
vn 0.733962 0.679190 0.000000
vn 0.733962 0.679191 0.000000
vn 0.733962 0.679191 0.000000
vn 0.733962 0.679191 0.000000
vn 0.000000 0.000000 1.000000
vn 0.000000 0.000000 1.000000
vn 0.000000 0.000000 1.000000
vn 0.000000 0.000000 1.000000
vn -0.733961 -0.679191 0.000000
vn -0.733962 -0.679190 0.000000
vn -0.733963 -0.679190 0.000000
vn -0.733964 -0.679189 0.000000
vn 0.733961 0.679191 0.000000
vn 0.733962 0.679190 0.000000
vn 0.733962 0.679190 0.000000
vn 0.733963 0.679189 0.000000
vn -0.679190 0.733963 0.000000
vn -0.679190 0.733962 0.000000
vn -0.679190 0.733962 0.000000
vn -0.679192 0.733961 0.000000
vn 0.536328 0.496305 0.682667
vn 0.536327 0.496303 0.682669
vn 0.536327 0.496304 0.682668
vn 0.536326 0.496303 0.682669
vn -0.536326 -0.496305 0.682668
vn -0.536327 -0.496305 0.682667
vn -0.536326 -0.496305 0.682668
vn -0.536327 -0.496306 0.682667
vn -0.679191 0.733962 0.000000
vn -0.679191 0.733962 0.000000
vn -0.679191 0.733962 0.000000
vn -0.679191 0.733962 0.000000
vn -0.679191 0.733962 0.000000
vn -0.679191 0.733962 0.000000
vn -0.679191 0.733962 0.000000
vn -0.679191 0.733962 0.000000
vn 0.000000 0.000000 1.000000
vn 0.000000 0.000000 1.000000
vn 0.000001 0.000000 1.000000
vn 0.000001 0.000000 1.000000
vn -0.733963 -0.679189 0.000000
vn -0.733962 -0.679190 0.000000
vn -0.733958 -0.679194 0.000000
vn -0.733958 -0.679195 0.000000
vn 0.733965 0.679187 0.000000
vn 0.733965 0.679187 0.000000
vn 0.733965 0.679187 0.000000
vn 0.733965 0.679187 0.000000
vn -0.679192 0.733961 0.000000
vn -0.679191 0.733962 0.000000
vn -0.679191 0.733961 0.000000
vn -0.679190 0.733963 0.000000
vn 0.679191 -0.733962 0.000000
vn 0.679191 -0.733962 0.000000
vn 0.679191 -0.733962 0.000000
vn 0.679191 -0.733962 0.000000
vn 0.554071 0.512726 0.655833
vn 0.554074 0.512724 0.655833
vn 0.554071 0.512726 0.655833
vn 0.554074 0.512723 0.655833
vn -0.554067 -0.512731 0.655832
vn -0.554075 -0.512724 0.655832
vn -0.554068 -0.512730 0.655832
vn -0.554076 -0.512723 0.655832
vn -0.679190 0.733962 0.000000
vn -0.679190 0.733962 0.000000
vn -0.679191 0.733962 0.000000
vn -0.679191 0.733962 0.000000
vn -0.679190 0.733962 0.000000
vn -0.679190 0.733962 0.000000
vn -0.679190 0.733962 0.000000
vn -0.679190 0.733962 0.000000
vn 0.679191 -0.733962 0.000000
vn 0.679191 -0.733962 0.000000
vn 0.679190 -0.733962 0.000000
vn 0.679190 -0.733962 0.000000
vn 0.679192 -0.733961 0.000000
vn 0.679191 -0.733961 0.000000
vn 0.679191 -0.733962 0.000000
vn 0.679190 -0.733963 0.000000
vn 0.000000 0.000000 1.000000
vn -0.000000 0.000000 1.000000
vn 0.000000 0.000000 1.000000
vn -0.000000 0.000000 1.000000
vn -0.733962 -0.679191 0.000000
vn -0.733962 -0.679190 0.000000
vn -0.733962 -0.679191 0.000000
vn -0.733962 -0.679190 0.000000
vn 0.518990 0.480261 0.707106
vn 0.518990 0.480261 0.707106
vn 0.518990 0.480260 0.707107
vn 0.518990 0.480260 0.707107
vn -0.518990 -0.480260 0.707107
vn -0.518990 -0.480260 0.707107
vn -0.518990 -0.480261 0.707106
vn -0.518990 -0.480261 0.707106
vn -0.679189 0.733963 0.000000
vn -0.679191 0.733961 0.000000
vn -0.679191 0.733962 0.000000
vn -0.679192 0.733961 0.000000
vn -0.679191 0.733962 0.000000
vn -0.679190 0.733962 0.000000
vn -0.679191 0.733962 0.000000
vn -0.679190 0.733962 0.000000
vn -0.679191 0.733962 0.000000
vn -0.679190 0.733963 0.000000
vn -0.679189 0.733963 0.000000
vn -0.679189 0.733964 0.000000
vn 0.733962 0.679191 0.000000
vn 0.733962 0.679191 0.000000
vn 0.733962 0.679191 0.000000
vn 0.733962 0.679190 0.000000
vn 0.679193 -0.733960 0.000000
vn 0.679190 -0.733962 0.000000
vn 0.679191 -0.733962 0.000000
vn 0.679190 -0.733963 0.000000
vn 0.679191 -0.733962 0.000000
vn 0.679190 -0.733962 0.000000
vn 0.679191 -0.733962 0.000000
vn 0.679190 -0.733963 0.000000
vn 0.679192 -0.733961 0.000000
vn 0.679192 -0.733961 0.000000
vn 0.679192 -0.733961 0.000000
vn 0.679192 -0.733961 0.000000
vn -0.733962 -0.679191 0.000000
vn -0.733962 -0.679191 0.000000
vn -0.733962 -0.679191 0.000000
vn -0.733962 -0.679191 0.000000
vn 0.733962 0.679190 0.000000
vn 0.733962 0.679191 0.000000
vn 0.733962 0.679190 0.000000
vn 0.733962 0.679191 0.000000
vn -0.000000 0.000000 -1.000000
vn -0.000000 0.000000 -1.000000
vn -0.000000 0.000000 -1.000000
vn 0.000000 0.000000 -1.000000
vn -0.536328 -0.496305 -0.682667
vn -0.536328 -0.496304 -0.682667
vn -0.536328 -0.496304 -0.682667
vn -0.536328 -0.496303 -0.682668
vn 0.536328 0.496306 -0.682666
vn 0.536327 0.496304 -0.682668
vn 0.536327 0.496303 -0.682669
vn 0.536327 0.496301 -0.682671
vn 0.011570 -0.025731 -0.999602
vn -0.095672 -0.116786 -0.988538
vn -0.000000 0.000000 -1.000000
vn -0.110031 -0.101820 -0.988699
vn 0.169492 -0.384541 -0.907414
vn -0.195555 -0.207813 -0.958422
vn -0.213455 -0.197526 -0.956776
vn 0.733962 0.679191 0.000000
vn 0.733962 0.679191 0.000000
vn 0.733962 0.679190 0.000000
vn 0.733962 0.679190 0.000000
vn 0.733962 0.679191 0.000000
vn 0.733962 0.679191 0.000000
vn 0.733962 0.679191 0.000000
vn 0.000000 0.000000 -1.000000
vn 0.000000 0.000000 -1.000000
vn 0.000000 0.000000 -1.000000
vn 0.000000 0.000000 -1.000000
vn -0.733961 -0.679191 0.000000
vn -0.733963 -0.679190 0.000000
vn -0.733962 -0.679190 0.000000
vn -0.733963 -0.679189 0.000000
vn 0.733961 0.679191 0.000000
vn 0.733962 0.679190 0.000000
vn 0.733962 0.679191 0.000000
vn 0.733963 0.679190 0.000000
vn -0.679190 0.733963 0.000000
vn -0.679190 0.733962 0.000000
vn -0.679190 0.733962 0.000000
vn -0.679192 0.733961 0.000000
vn 0.536328 0.496305 -0.682667
vn 0.536327 0.496304 -0.682668
vn 0.536327 0.496303 -0.682669
vn 0.536327 0.496303 -0.682669
vn -0.536326 -0.496305 -0.682668
vn -0.536327 -0.496305 -0.682668
vn -0.536327 -0.496305 -0.682667
vn -0.536327 -0.496306 -0.682667
vn -0.679191 0.733962 0.000000
vn -0.679190 0.733962 0.000000
vn -0.679191 0.733962 0.000000
vn -0.679190 0.733962 0.000000
vn -0.679191 0.733962 0.000000
vn -0.679191 0.733962 0.000000
vn -0.679191 0.733962 0.000000
vn -0.679191 0.733961 0.000000
vn 0.000001 0.000000 -1.000000
vn 0.000000 0.000000 -1.000000
vn 0.000001 0.000000 -1.000000
vn 0.000000 0.000000 -1.000000
vn -0.733963 -0.679189 0.000000
vn -0.733959 -0.679194 0.000000
vn -0.733962 -0.679190 0.000000
vn -0.733958 -0.679195 0.000000
vn 0.733965 0.679187 0.000000
vn 0.733965 0.679187 0.000000
vn 0.733965 0.679187 0.000000
vn 0.733965 0.679187 0.000000
vn -0.679192 0.733960 0.000000
vn -0.679192 0.733961 0.000000
vn -0.679191 0.733961 0.000000
vn -0.679190 0.733963 0.000000
vn 0.679190 -0.733962 0.000000
vn 0.679191 -0.733962 0.000000
vn 0.679191 -0.733962 0.000000
vn 0.679191 -0.733962 0.000000
vn 0.554070 0.512725 -0.655835
vn 0.554071 0.512725 -0.655834
vn 0.554074 0.512724 -0.655832
vn 0.554075 0.512723 -0.655832
vn -0.554067 -0.512732 -0.655832
vn -0.554068 -0.512731 -0.655832
vn -0.554074 -0.512724 -0.655832
vn -0.554075 -0.512723 -0.655832
vn -0.679190 0.733962 0.000000
vn -0.679191 0.733962 0.000000
vn -0.679191 0.733962 0.000000
vn -0.679191 0.733962 0.000000
vn -0.679191 0.733962 0.000000
vn -0.679190 0.733962 0.000000
vn -0.679191 0.733962 0.000000
vn -0.679190 0.733962 0.000000
vn 0.679191 -0.733962 0.000000
vn 0.679191 -0.733962 0.000000
vn 0.679191 -0.733962 0.000000
vn 0.679190 -0.733962 0.000000
vn 0.679190 -0.733963 0.000000
vn 0.679191 -0.733961 0.000000
vn 0.679191 -0.733962 0.000000
vn 0.679191 -0.733961 0.000000
vn -0.000000 0.000000 -1.000000
vn -0.000000 0.000000 -1.000000
vn 0.000000 0.000000 -1.000000
vn 0.000000 0.000000 -1.000000
vn -0.733962 -0.679190 0.000000
vn -0.733962 -0.679190 0.000000
vn -0.733962 -0.679190 0.000000
vn -0.733962 -0.679190 0.000000
vn 0.518990 0.480261 -0.707106
vn 0.518990 0.480260 -0.707106
vn 0.518990 0.480261 -0.707106
vn 0.518990 0.480260 -0.707107
vn -0.518989 -0.480260 -0.707107
vn -0.518990 -0.480261 -0.707105
vn -0.518989 -0.480260 -0.707107
vn -0.518991 -0.480261 -0.707105
vn -0.679192 0.733961 0.000000
vn -0.679191 0.733961 0.000000
vn -0.679191 0.733962 0.000000
vn -0.679189 0.733963 0.000000
vn -0.679191 0.733962 0.000000
vn -0.679191 0.733962 0.000000
vn -0.679191 0.733962 0.000000
vn -0.679190 0.733962 0.000000
vn -0.679191 0.733962 0.000000
vn -0.679189 0.733963 0.000000
vn -0.679190 0.733963 0.000000
vn -0.679189 0.733964 0.000000
vn 0.733961 0.679191 0.000000
vn 0.733962 0.679191 0.000000
vn 0.733962 0.679191 0.000000
vn 0.733962 0.679190 0.000000
vn 0.679190 -0.733963 0.000000
vn 0.679190 -0.733962 0.000000
vn 0.679191 -0.733962 0.000000
vn 0.679193 -0.733960 0.000000
vn 0.679191 -0.733962 0.000000
vn 0.679191 -0.733962 0.000000
vn 0.679190 -0.733962 0.000000
vn 0.679190 -0.733962 0.000000
vn 0.679192 -0.733961 0.000000
vn 0.679192 -0.733961 0.000000
vn 0.679192 -0.733961 0.000000
vn 0.679192 -0.733961 0.000000
vn -0.733962 -0.679191 0.000000
vn -0.733962 -0.679191 0.000000
vn -0.733962 -0.679191 0.000000
vn -0.733962 -0.679191 0.000000
vn 0.733962 0.679190 0.000000
vn 0.733962 0.679190 0.000000
vn 0.733962 0.679191 0.000000
vn 0.733962 0.679191 0.000000
vn -0.000000 -0.000000 1.000000
vn -0.000000 0.000001 1.000000
vn -0.000000 -0.000000 1.000000
vn -0.000000 0.000001 1.000000
vn 0.501481 -0.519969 0.691484
vn 0.501482 -0.519968 0.691483
vn 0.501481 -0.519968 0.691484
vn 0.501482 -0.519968 0.691483
vn -0.469495 0.486802 0.736612
vn -0.469495 0.486803 0.736612
vn -0.469495 0.486802 0.736613
vn -0.469495 0.486803 0.736612
vn -0.900338 -0.435191 0.000000
vn -0.900338 -0.435192 0.000000
vn -0.900338 -0.435191 0.000000
vn -0.900338 -0.435192 0.000000
vn -0.694195 0.719787 0.000000
vn -0.694196 0.719786 0.000000
vn -0.694195 0.719787 0.000000
vn -0.694196 0.719786 0.000000
vn 0.719789 0.694193 0.000000
vn 0.719788 0.694193 0.000000
vn 0.719788 0.694194 0.000000
vn 0.719786 0.694196 0.000000
vn 0.719787 0.694195 0.000000
vn 0.719787 0.694195 0.000000
vn 0.719786 0.694196 0.000000
vn 0.719786 0.694196 0.000000
vn 0.719789 0.694193 0.000000
vn 0.719786 0.694196 0.000000
vn 0.719787 0.694195 0.000000
vn 0.719786 0.694196 0.000000
vn 0.694196 -0.719786 0.000000
vn 0.694195 -0.719787 0.000000
vn 0.694196 -0.719786 0.000000
vn 0.694195 -0.719787 0.000000
vn -0.917129 -0.398589 0.000000
vn -0.917129 -0.398590 0.000000
vn -0.917129 -0.398590 0.000000
vn -0.917129 -0.398590 0.000000
vn -0.884495 -0.466550 0.000000
vn -0.884495 -0.466550 0.000000
vn -0.884495 -0.466550 0.000000
vn -0.884495 -0.466549 0.000000
vn -0.000000 -0.000000 -1.000000
vn -0.000000 -0.000000 -1.000000
vn -0.000001 0.000001 -1.000000
vn -0.000001 0.000001 -1.000000
vn 0.501481 -0.519968 -0.691484
vn 0.501481 -0.519968 -0.691484
vn 0.501481 -0.519968 -0.691484
vn 0.501481 -0.519968 -0.691483
vn -0.469496 0.486803 -0.736611
vn -0.469496 0.486803 -0.736611
vn -0.469495 0.486802 -0.736612
vn -0.469495 0.486803 -0.736613
vn -0.900338 -0.435191 0.000000
vn -0.900338 -0.435192 0.000000
vn -0.900338 -0.435192 0.000000
vn -0.900338 -0.435192 0.000000
vn -0.694195 0.719787 0.000000
vn -0.694195 0.719787 0.000000
vn -0.694195 0.719787 0.000000
vn -0.694195 0.719787 0.000000
vn 0.719786 0.694196 0.000000
vn 0.719786 0.694196 0.000000
vn 0.719786 0.694196 0.000000
vn 0.719787 0.694195 0.000000
vn 0.719786 0.694196 0.000000
vn 0.719787 0.694195 0.000000
vn 0.719786 0.694196 0.000000
vn 0.719787 0.694195 0.000000
vn 0.719790 0.694192 0.000000
vn 0.719786 0.694196 0.000000
vn 0.719785 0.694197 0.000000
vn 0.719785 0.694197 0.000000
vn 0.694196 -0.719786 0.000000
vn 0.694196 -0.719786 0.000000
vn 0.694196 -0.719787 0.000000
vn 0.694196 -0.719786 0.000000
vn -0.917129 -0.398591 0.000000
vn -0.917129 -0.398591 0.000000
vn -0.917129 -0.398591 0.000000
vn -0.917128 -0.398593 0.000000
vn -0.884495 -0.466550 0.000000
vn -0.884495 -0.466550 0.000000
vn -0.884495 -0.466550 0.000000
vn -0.884495 -0.466549 0.000000
vn 0.248722 0.248722 0.936096
vn 0.248722 0.248722 0.936096
vn 0.248722 0.248722 0.936096
vn 0.153151 -0.051050 0.986883
vn 0.255859 0.085290 0.962944
vn 0.063960 0.191880 0.979332
vn 0.085290 -0.255859 0.962944
vn 0.255859 0.085290 0.962944
vn 0.153151 -0.051050 0.986883
vn -0.063960 -0.191880 0.979332
vn 0.085290 -0.255859 0.962944
vn 0.153151 -0.051050 0.986883
vn -0.255849 -0.085290 0.962947
vn 0.085290 -0.255859 0.962944
vn -0.063960 -0.191880 0.979332
vn -0.153151 0.051050 0.986883
vn -0.255849 -0.085290 0.962947
vn -0.063960 -0.191880 0.979332
vn -0.085280 0.255859 0.962945
vn -0.255849 -0.085290 0.962947
vn -0.153151 0.051050 0.986883
vn 0.063960 0.191880 0.979332
vn -0.085280 0.255859 0.962945
vn -0.153151 0.051050 0.986883
vn -0.153151 0.051050 0.986883
vn -0.063960 -0.191880 0.979332
vn 0.153151 -0.051050 0.986883
vn 0.063960 0.191880 0.979332
vn -0.153151 0.051050 0.986883
vn 0.153151 -0.051050 0.986883
vn 0.063960 0.191880 -0.979332
vn -0.085280 0.255859 -0.962945
vn 0.255859 0.085290 -0.962944
vn 0.153151 -0.051050 -0.986883
vn 0.063960 0.191880 -0.979332
vn 0.255859 0.085290 -0.962944
vn 0.153151 -0.051050 -0.986883
vn 0.255859 0.085290 -0.962944
vn 0.085290 -0.255859 -0.962944
vn -0.063960 -0.191880 -0.979332
vn 0.153151 -0.051050 -0.986883
vn 0.085290 -0.255859 -0.962944
vn -0.063960 -0.191880 -0.979332
vn 0.085290 -0.255859 -0.962944
vn -0.255849 -0.085290 -0.962947
vn -0.153151 0.051050 -0.986883
vn -0.063960 -0.191880 -0.979332
vn -0.255849 -0.085290 -0.962947
vn -0.153151 0.051050 -0.986883
vn -0.255849 -0.085290 -0.962947
vn -0.085280 0.255859 -0.962945
vn 0.063960 0.191880 -0.979332
vn -0.153151 0.051050 -0.986883
vn -0.085280 0.255859 -0.962945
vn 0.153151 -0.051050 -0.986883
vn -0.063960 -0.191880 -0.979332
vn -0.153151 0.051050 -0.986883
vn 0.063960 0.191880 -0.979332
vn 0.153151 -0.051050 -0.986883
vn -0.153151 0.051050 -0.986883
s 1
g item_blade
f 385/829/1183 387/828/1184 390/827/1185
f 390/827/1185 387/828/1184 392/825/1186
s 2
f 385/829/1187 386/823/1188 387/828/1189
f 387/828/1189 386/823/1188 388/753/1190
s 3
f 389/759/1191 390/827/1192 391/760/1193
f 391/760/1193 390/827/1192 392/825/1194
s 4
f 393/814/1195 394/815/1196 398/764/1197
f 398/764/1197 394/815/1196 397/763/1198
f 393/814/1195 398/764/1197 399/812/1199
f 399/812/1199 398/764/1197 395/813/1200
f 395/813/1200 398/764/1197 396/766/1201
f 396/766/1201 398/764/1197 397/763/1198
s 5
f 394/762/1202 393/761/1203 425/792/1204
f 425/792/1204 393/761/1203 424/791/1205
s off
f 399/765/1206 424/791/1207 393/761/1208
s 6
f 401/767/1209 403/834/1210 405/770/1211
f 405/770/1211 403/834/1210 407/833/1212
s 7
f 404/771/1213 406/772/1214 439/848/1215
f 439/848/1215 406/772/1214 438/847/1216
s 8
f 434/799/1217 435/849/1218 400/774/1219
f 400/774/1219 435/849/1218 402/773/1220
s 9
f 407/769/1221 437/802/1222 406/832/1223
f 406/832/1223 437/802/1222 438/830/1224
s 10
f 401/767/1225 400/774/1226 403/834/1227
f 403/834/1227 400/774/1226 402/773/1228
s 11
f 404/771/1229 405/770/1230 406/772/1231
f 406/772/1231 405/770/1230 407/833/1232
s 12
f 403/768/1233 436/801/1234 407/769/1235
f 407/769/1235 436/801/1234 437/802/1236
s 13
f 403/768/1237 402/831/1238 436/801/1239
f 436/801/1239 402/831/1238 435/800/1240
s 14
f 409/845/1241 411/844/1242 413/842/1243
f 413/842/1243 411/844/1242 415/841/1244
s 15
f 412/779/1245 414/780/1246 426/793/1247
f 426/793/1247 414/780/1246 433/850/1248
s 16
f 429/851/1249 430/852/1250 408/838/1251
f 408/838/1251 430/852/1250 410/781/1252
s 17
f 415/777/1253 432/798/1254 414/840/1255
f 414/840/1255 432/798/1254 433/835/1256
s 18
f 429/837/1257 408/782/1258 428/795/1259
f 428/795/1259 408/782/1258 409/775/1260
s 19
f 409/845/1261 408/838/1262 411/844/1263
f 411/844/1263 408/838/1262 410/781/1264
s 20
f 412/779/1265 413/842/1266 414/780/1267
f 414/780/1267 413/842/1266 415/841/1268
s 21
f 411/776/1269 431/797/1270 415/777/1271
f 415/777/1271 431/797/1270 432/798/1272
s 22
f 411/776/1273 410/836/1274 431/797/1275
f 431/797/1275 410/836/1274 430/796/1276
s 23
f 428/795/1277 409/775/1278 427/794/1279
f 427/794/1279 409/775/1278 413/778/1280
s 24
f 413/778/1281 412/843/1282 427/794/1283
f 427/794/1283 412/843/1282 426/839/1284
s 25
f 417/783/1285 419/784/1286 421/786/1287
f 421/786/1287 419/784/1286 423/785/1288
s 26
f 420/787/1289 422/788/1290 441/817/1291
f 441/817/1291 422/788/1290 440/803/1292
s 27
f 417/783/1293 416/790/1294 419/784/1295
f 419/784/1295 416/790/1294 418/789/1296
s 28
f 420/787/1297 421/786/1298 422/788/1299
f 422/788/1299 421/786/1298 423/785/1300
s 29
f 442/822/1301 386/754/1302 443/804/1303
f 443/804/1303 386/754/1302 385/755/1304
s 30
f 444/805/1305 443/804/1306 390/758/1307
f 390/758/1307 443/804/1306 385/755/1308
s 31
f 445/821/1309 444/805/1310 389/826/1311
f 389/826/1311 444/805/1310 390/758/1312
s 32
f 389/759/1313 391/760/1314 445/806/1315
f 445/806/1315 391/760/1314 446/820/1316
s 33
f 446/807/1317 391/824/1318 447/808/1319
f 447/808/1319 391/824/1318 392/757/1320
s 34
f 448/809/1321 447/808/1322 387/756/1323
f 387/756/1323 447/808/1322 392/757/1324
s 35
f 449/818/1325 448/809/1326 388/819/1327
f 388/819/1327 448/809/1326 387/756/1328
s 36
f 442/846/1329 449/810/1330 386/823/1331
f 386/823/1331 449/810/1330 388/753/1332
s 37
f 451/811/1333 450/816/1334 416/790/1335
f 416/790/1335 450/816/1334 418/789/1336
s 38
f 452/853/1337 457/856/1338 454/854/1339
f 454/854/1339 457/856/1338 459/855/1340
s 39
f 452/853/1341 454/854/1342 453/857/1343
f 453/857/1343 454/854/1342 455/858/1344
s 40
f 456/859/1345 458/860/1346 457/856/1347
f 457/856/1347 458/860/1346 459/855/1348
s 41
f 460/861/1349 463/864/1350 461/862/1351
f 461/862/1351 463/864/1350 462/863/1352
f 460/861/1349 399/866/1353 463/864/1350
f 463/864/1350 399/866/1353 395/865/1354
f 395/865/1354 396/867/1355 463/864/1350
f 463/864/1350 396/867/1355 462/863/1352
s 42
f 461/868/1356 425/871/1357 460/869/1358
f 460/869/1358 425/871/1357 424/870/1359
s off
f 399/872/1360 460/869/1361 424/870/1362
s 43
f 465/873/1363 469/876/1364 467/874/1365
f 467/874/1365 469/876/1364 471/875/1366
s 44
f 468/877/1367 439/880/1368 470/878/1369
f 470/878/1369 439/880/1368 438/879/1370
s 45
f 434/881/1371 464/884/1372 435/882/1373
f 435/882/1373 464/884/1372 466/883/1374
s 46
f 471/885/1375 470/888/1376 437/886/1377
f 437/886/1377 470/888/1376 438/887/1378
s 47
f 465/873/1379 467/874/1380 464/884/1381
f 464/884/1381 467/874/1380 466/883/1382
s 48
f 468/877/1383 470/878/1384 469/876/1385
f 469/876/1385 470/878/1384 471/875/1386
s 49
f 467/889/1387 471/885/1388 436/890/1389
f 436/890/1389 471/885/1388 437/886/1390
s 50
f 467/889/1391 436/890/1392 466/891/1393
f 466/891/1393 436/890/1392 435/892/1394
s 51
f 473/893/1395 477/896/1396 475/894/1397
f 475/894/1397 477/896/1396 479/895/1398
s 52
f 476/897/1399 426/900/1400 478/898/1401
f 478/898/1401 426/900/1400 433/899/1402
s 53
f 429/901/1403 472/904/1404 430/902/1405
f 430/902/1405 472/904/1404 474/903/1406
s 54
f 479/905/1407 478/908/1408 432/906/1409
f 432/906/1409 478/908/1408 433/907/1410
s 55
f 473/912/1411 472/911/1412 428/909/1413
f 428/909/1413 472/911/1412 429/910/1414
s 56
f 473/893/1415 475/894/1416 472/904/1417
f 472/904/1417 475/894/1416 474/903/1418
s 57
f 476/897/1419 478/898/1420 477/896/1421
f 477/896/1421 478/898/1420 479/895/1422
s 58
f 475/913/1423 479/905/1424 431/914/1425
f 431/914/1425 479/905/1424 432/906/1426
s 59
f 475/913/1427 431/914/1428 474/915/1429
f 474/915/1429 431/914/1428 430/916/1430
s 60
f 428/909/1431 427/918/1432 473/912/1433
f 473/912/1433 427/918/1432 477/917/1434
s 61
f 426/920/1435 476/919/1436 427/918/1437
f 427/918/1437 476/919/1436 477/917/1438
s 62
f 481/921/1439 485/924/1440 483/922/1441
f 483/922/1441 485/924/1440 487/923/1442
s 63
f 484/925/1443 441/928/1444 486/926/1445
f 486/926/1445 441/928/1444 440/927/1446
s 64
f 481/921/1447 483/922/1448 480/929/1449
f 480/929/1449 483/922/1448 482/930/1450
s 65
f 484/925/1451 486/926/1452 485/924/1453
f 485/924/1453 486/926/1452 487/923/1454
s 66
f 452/934/1455 453/933/1456 443/931/1457
f 443/931/1457 453/933/1456 442/932/1458
s 67
f 444/935/1459 457/936/1460 443/931/1461
f 443/931/1461 457/936/1460 452/934/1462
s 68
f 445/937/1463 456/938/1464 444/935/1465
f 444/935/1465 456/938/1464 457/936/1466
s 69
f 456/859/1467 445/940/1468 458/860/1469
f 458/860/1469 445/940/1468 446/939/1470
s 70
f 459/944/1471 458/943/1472 447/941/1473
f 447/941/1473 458/943/1472 446/942/1474
s 71
f 448/945/1475 454/946/1476 447/941/1477
f 447/941/1477 454/946/1476 459/944/1478
s 72
f 449/947/1479 455/948/1480 448/945/1481
f 448/945/1481 455/948/1480 454/946/1482
s 73
f 442/949/1483 453/857/1484 449/950/1485
f 449/950/1485 453/857/1484 455/858/1486
s 74
f 451/951/1487 480/929/1488 450/952/1489
f 450/952/1489 480/929/1488 482/930/1490
s 75
f 491/953/1491 489/954/1492 493/956/1493
f 493/956/1493 489/954/1492 495/955/1494
s 76
f 489/954/1495 491/953/1496 488/957/1497
f 488/957/1497 491/953/1496 490/958/1498
s 77
f 493/956/1499 495/955/1500 492/959/1501
f 492/959/1501 495/955/1500 494/960/1502
s 78
f 497/961/1503 496/962/1504 492/964/1505
f 492/964/1505 496/962/1504 493/963/1506
s 79
f 498/965/1507 497/966/1508 494/960/1509
f 494/960/1509 497/966/1508 492/959/1510
s 80
f 495/967/1511 499/968/1512 494/970/1513
f 494/970/1513 499/968/1512 498/969/1514
s 81
f 489/971/1515 500/972/1516 495/967/1517
f 495/967/1517 500/972/1516 499/968/1518
s 82
f 501/973/1519 500/972/1520 488/974/1521
f 488/974/1521 500/972/1520 489/971/1522
s 83
f 502/975/1523 501/976/1524 490/958/1525
f 490/958/1525 501/976/1524 488/957/1526
s 84
f 491/977/1527 503/978/1528 490/980/1529
f 490/980/1529 503/978/1528 502/979/1530
s 85
f 493/963/1531 496/962/1532 491/977/1533
f 491/977/1533 496/962/1532 503/978/1534
s 86
f 507/981/1535 509/982/1536 505/984/1537
f 505/984/1537 509/982/1536 511/983/1538
s 87
f 506/986/1539 507/981/1540 504/985/1541
f 504/985/1541 507/981/1540 505/984/1542
s 88
f 510/988/1543 511/983/1544 508/987/1545
f 508/987/1545 511/983/1544 509/982/1546
s 89
f 497/989/1547 508/990/1548 496/992/1549
f 496/992/1549 508/990/1548 509/991/1550
s 90
f 498/993/1551 510/988/1552 497/994/1553
f 497/994/1553 510/988/1552 508/987/1554
s 91
f 511/995/1555 510/996/1556 499/998/1557
f 499/998/1557 510/996/1556 498/997/1558
s 92
f 505/999/1559 511/995/1560 500/1000/1561
f 500/1000/1561 511/995/1560 499/998/1562
s 93
f 501/1001/1563 504/1002/1564 500/1000/1565
f 500/1000/1565 504/1002/1564 505/999/1566
s 94
f 502/1003/1567 506/986/1568 501/1004/1569
f 501/1004/1569 506/986/1568 504/985/1570
s 95
f 507/1005/1571 506/1006/1572 503/1008/1573
f 503/1008/1573 506/1006/1572 502/1007/1574
s 96
f 509/991/1575 507/1005/1576 496/992/1577
f 496/992/1577 507/1005/1576 503/1008/1578
s off
f 512/1009/1579 513/1010/1580 514/1011/1581
f 515/1012/1582 512/1009/1583 514/1011/1584
f 516/1013/1585 512/1009/1586 515/1012/1587
f 517/1014/1588 516/1013/1589 515/1012/1590
f 518/1015/1591 516/1013/1592 517/1014/1593
f 519/1016/1594 518/1015/1595 517/1014/1596
f 513/1010/1597 518/1015/1598 519/1016/1599
f 514/1011/1600 513/1010/1601 519/1016/1602
f 519/1017/1603 517/1018/1604 515/1019/1605
f 514/1020/1606 519/1017/1607 515/1019/1608
f 520/1021/1609 521/1022/1610 522/1023/1611
f 523/1024/1612 520/1021/1613 522/1023/1614
f 523/1024/1615 522/1023/1616 524/1025/1617
f 525/1026/1618 523/1024/1619 524/1025/1620
f 525/1026/1621 524/1025/1622 526/1027/1623
f 527/1028/1624 525/1026/1625 526/1027/1626
f 527/1028/1627 526/1027/1628 521/1022/1629
f 520/1021/1630 527/1028/1631 521/1022/1632
f 523/1029/1633 525/1030/1634 527/1031/1635
f 520/1032/1636 523/1029/1637 527/1031/1638
