# This file uses centimeters as units for non-parametric coordinates.

g default
v -85.256622 16.965332 -12.661970
v -79.138153 23.082985 -12.661901
v -76.899185 31.440121 -12.661901
v -79.138153 39.797253 -12.661901
v -85.256622 45.914902 -12.661970
v -93.613327 48.154236 -12.661932
v -101.969986 45.914902 -12.661970
v -108.088486 39.797253 -12.661901
v -110.327438 31.440121 -12.661932
v -108.088486 23.082985 -12.661901
v -101.969986 16.965336 -12.661970
v -93.613327 14.725999 -12.661932
v -93.613327 31.440121 -14.317625
v -72.631973 43.553734 -7.840795
v -69.386078 31.440121 -7.840747
v -72.631973 19.326508 -7.840788
v -81.499710 10.458741 -7.840831
v -93.613342 7.212980 -7.840841
v -105.726944 10.458741 -7.840834
v -114.594666 19.326508 -7.840834
v -117.840561 31.440121 -7.840792
v -114.594666 43.553734 -7.840831
v -105.726944 52.421463 -7.840834
v -93.613342 55.667206 -7.840867
v -81.499710 52.421463 -7.840834
v -85.256622 16.965332 17.308250
v -79.138153 23.082985 17.308180
v -76.899185 31.440121 17.308180
v -79.138153 39.797253 17.308180
v -85.256622 45.914902 17.308250
v -93.613327 48.154236 17.308212
v -101.969986 45.914902 17.308250
v -108.088486 39.797253 17.308180
v -110.327438 31.440121 17.308212
v -108.088486 23.082985 17.308180
v -101.969986 16.965336 17.308250
v -93.613327 14.725999 17.308212
v -93.613327 31.440121 18.963903
v -72.631973 43.553734 12.487082
v -69.386078 31.440121 12.487032
v -72.631973 19.326508 12.487068
v -81.499710 10.458741 12.487110
v -93.613342 7.212980 12.487120
v -105.726944 10.458741 12.487114
v -114.594666 19.326508 12.487110
v -117.840561 31.440121 12.487032
v -114.594666 43.553734 12.487114
v -105.726944 52.421463 12.487114
v -93.613342 55.667206 12.487129
v -81.499710 52.421463 12.487114
v 12.728485 16.965332 17.308250
v 6.610016 23.083057 17.308180
v 4.371796 31.440121 17.308302
v 6.610016 39.797176 17.308180
v 12.728485 45.914902 17.308250
v 21.085205 48.154236 17.308212
v 29.441833 45.914902 17.308264
v 35.560364 39.797176 17.308180
v 37.798553 31.440121 17.308302
v 35.560364 23.083057 17.308180
v 29.441833 16.965336 17.308250
v 21.085205 14.725999 17.308212
v 21.085205 31.440121 18.963903
v 0.103836 43.553589 12.487173
v -3.142059 31.440121 12.487148
v 0.103836 19.326653 12.487158
v 8.971863 10.458741 12.487099
v 21.085205 7.213017 12.487129
v 33.198486 10.458777 12.487141
v 42.066528 19.326653 12.487196
v 45.312439 31.440121 12.487114
v 42.066528 43.553589 12.487186
v 33.198486 52.421463 12.487141
v 21.085205 55.667206 12.487137
v 8.971863 52.421463 12.487114
v 12.728485 16.965336 -12.661970
v 6.610016 23.083057 -12.661901
v 4.371796 31.440121 -12.662022
v 6.610016 39.797176 -12.661901
v 12.728485 45.914902 -12.661970
v 21.085205 48.154236 -12.661932
v 29.441833 45.914902 -12.661970
v 35.560364 39.797176 -12.661901
v 37.798553 31.440121 -12.662022
v 35.560364 23.083057 -12.661901
v 29.441833 16.965401 -12.661970
v 21.085205 14.725999 -12.661932
v 21.085205 31.440121 -14.317625
v 0.103836 43.553589 -7.840877
v -3.142059 31.440121 -7.840834
v 0.103836 19.326653 -7.840877
v 8.971863 10.458741 -7.840819
v 21.085205 7.212980 -7.840886
v 33.198486 10.458777 -7.840862
v 42.066528 19.326653 -7.840915
v 45.312439 31.440121 -7.840834
v 42.066528 43.553589 -7.840907
v 33.198486 52.421463 -7.840860
v 21.085205 55.667206 -7.840849
v 8.971863 52.421463 -7.840831
v -231.545502 -63.533226 1.381530
v 159.017365 -63.533226 1.381530
v -231.545502 -57.829697 1.381530
v 159.017365 -57.829697 1.381530
v -231.545502 -57.829697 -1.381530
v 159.017365 -57.829697 -1.381530
v -231.545502 -63.533226 -1.381530
v 159.017365 -63.533226 -1.381530
v -36.264069 -162.044907 1.381530
v -36.264069 -156.341370 1.381530
v -36.264069 -156.341370 -1.381530
v -36.264069 -162.044907 -1.381530
vt 0.247119 0.114460
vt 0.199629 0.087043
vt 0.227048 0.134532
vt 0.199629 0.141879
vt 0.172211 0.134532
vt 0.152140 0.114460
vt 0.144794 0.087042
vt 0.152140 0.059624
vt 0.172212 0.039553
vt 0.199629 0.032207
vt 0.227047 0.039553
vt 0.247118 0.059624
vt 0.254465 0.087042
vt 0.200158 0.154098
vt 0.166559 0.145378
vt 0.233615 0.144849
vt 0.257965 0.120111
vt 0.266684 0.086513
vt 0.257435 0.053057
vt 0.232698 0.028707
vt 0.199101 0.019988
vt 0.165645 0.029236
vt 0.141295 0.053973
vt 0.132575 0.087570
vt 0.141822 0.121027
vt 0.247119 0.114460
vt 0.227048 0.134532
vt 0.199629 0.087043
vt 0.199629 0.141879
vt 0.172211 0.134532
vt 0.152140 0.114460
vt 0.144794 0.087042
vt 0.152140 0.059624
vt 0.172212 0.039553
vt 0.199629 0.032207
vt 0.227047 0.039553
vt 0.247118 0.059624
vt 0.254465 0.087042
vt 0.200158 0.154098
vt 0.166559 0.145378
vt 0.233615 0.144849
vt 0.257965 0.120111
vt 0.266684 0.086513
vt 0.257435 0.053057
vt 0.232698 0.028707
vt 0.199101 0.019988
vt 0.165645 0.029236
vt 0.141295 0.053973
vt 0.132575 0.087570
vt 0.141822 0.121027
vt 0.247119 0.114460
vt 0.199629 0.087043
vt 0.227048 0.134532
vt 0.199629 0.141879
vt 0.172211 0.134532
vt 0.152140 0.114460
vt 0.144794 0.087042
vt 0.152140 0.059624
vt 0.172212 0.039553
vt 0.199629 0.032207
vt 0.227047 0.039553
vt 0.247118 0.059624
vt 0.254465 0.087042
vt 0.200158 0.154098
vt 0.166559 0.145378
vt 0.233615 0.144849
vt 0.257965 0.120111
vt 0.266684 0.086513
vt 0.257435 0.053057
vt 0.232698 0.028707
vt 0.199101 0.019988
vt 0.165645 0.029236
vt 0.141295 0.053973
vt 0.132575 0.087570
vt 0.141822 0.121027
vt 0.247119 0.114460
vt 0.227048 0.134532
vt 0.199629 0.087043
vt 0.199629 0.141879
vt 0.172211 0.134532
vt 0.152140 0.114460
vt 0.144794 0.087042
vt 0.152140 0.059624
vt 0.172212 0.039553
vt 0.199629 0.032207
vt 0.227047 0.039553
vt 0.247118 0.059624
vt 0.254465 0.087042
vt 0.200158 0.154098
vt 0.166559 0.145378
vt 0.233615 0.144849
vt 0.257965 0.120111
vt 0.266684 0.086513
vt 0.257435 0.053057
vt 0.232698 0.028707
vt 0.199101 0.019988
vt 0.165645 0.029236
vt 0.141295 0.053973
vt 0.132575 0.087570
vt 0.141822 0.121027
vt 0.375000 0.000000
vt 0.500000 0.000000
vt 0.500000 0.250000
vt 0.375000 0.250000
vt 0.500000 0.500000
vt 0.375000 0.500000
vt 0.500000 0.750000
vt 0.375000 0.750000
vt 0.500000 1.000000
vt 0.375000 1.000000
vt 0.625000 0.000000
vt 0.875000 0.000000
vt 0.875000 0.250000
vt 0.625000 0.250000
vt 0.125000 0.000000
vt 0.125000 0.250000
vt 0.625000 0.500000
vt 0.625000 0.750000
vt 0.625000 1.000000
vn 0.160478 -0.261588 -0.951745
vn 0.000000 -0.000000 -1.000000
vn 0.269786 -0.146315 -0.951739
vn 0.306788 0.008187 -0.951743
vn 0.261602 0.160484 -0.951740
vn 0.146299 0.269777 -0.951744
vn -0.008185 0.306793 -0.951741
vn -0.160477 0.261588 -0.951745
vn -0.269784 0.146315 -0.951740
vn -0.306785 -0.008187 -0.951744
vn -0.261600 -0.160485 -0.951741
vn -0.146299 -0.269777 -0.951744
vn 0.008185 -0.306794 -0.951741
vn 0.540034 0.011921 -0.841559
vn 0.461731 0.280336 -0.841556
vn 0.473641 -0.259703 -0.841557
vn 0.280336 -0.461708 -0.841569
vn 0.011915 -0.540027 -0.841564
vn -0.259689 -0.473633 -0.841566
vn -0.461729 -0.280335 -0.841558
vn -0.540031 -0.011921 -0.841560
vn -0.473637 0.259704 -0.841559
vn -0.280335 0.461708 -0.841569
vn -0.011916 0.540027 -0.841563
vn 0.259691 0.473635 -0.841564
vn 0.160478 -0.261588 0.951745
vn 0.269786 -0.146315 0.951739
vn 0.000000 -0.000000 1.000000
vn 0.306787 0.008187 0.951743
vn 0.261602 0.160484 0.951740
vn 0.146299 0.269777 0.951744
vn -0.008185 0.306794 0.951741
vn -0.160477 0.261588 0.951745
vn -0.269784 0.146315 0.951740
vn -0.306787 -0.008186 0.951743
vn -0.261600 -0.160485 0.951741
vn -0.146299 -0.269777 0.951744
vn 0.008185 -0.306794 0.951741
vn 0.540034 0.011920 0.841559
vn 0.461731 0.280336 0.841556
vn 0.473640 -0.259703 0.841557
vn 0.280336 -0.461708 0.841569
vn 0.011915 -0.540027 0.841564
vn -0.259689 -0.473634 0.841566
vn -0.461730 -0.280335 0.841557
vn -0.540034 -0.011920 0.841559
vn -0.473638 0.259702 0.841559
vn -0.280335 0.461709 0.841569
vn -0.011915 0.540028 0.841562
vn 0.259691 0.473635 0.841564
vn -0.160480 -0.261591 0.951744
vn 0.000000 -0.000000 1.000000
vn -0.269787 -0.146315 0.951739
vn -0.306769 0.008191 0.951749
vn -0.261606 0.160485 0.951739
vn -0.146302 0.269777 0.951744
vn 0.008184 0.306793 0.951741
vn 0.160479 0.261590 0.951744
vn 0.269788 0.146314 0.951739
vn 0.306770 -0.008191 0.951748
vn 0.261606 -0.160485 0.951739
vn 0.146302 -0.269776 0.951744
vn -0.008185 -0.306793 0.951741
vn -0.540004 0.011928 0.841578
vn -0.461718 0.280330 0.841565
vn -0.473636 -0.259708 0.841559
vn -0.280335 -0.461717 0.841564
vn -0.011916 -0.540028 0.841563
vn 0.259690 -0.473638 0.841563
vn 0.461719 -0.280328 0.841565
vn 0.540005 -0.011928 0.841577
vn 0.473635 0.259705 0.841560
vn 0.280334 0.461716 0.841565
vn 0.011914 0.540029 0.841562
vn -0.259691 0.473640 0.841562
vn -0.160480 -0.261591 -0.951744
vn -0.269788 -0.146315 -0.951739
vn 0.000000 0.000000 -1.000000
vn -0.306771 0.008191 -0.951748
vn -0.261607 0.160485 -0.951739
vn -0.146302 0.269777 -0.951744
vn 0.008184 0.306793 -0.951741
vn 0.160479 0.261590 -0.951744
vn 0.269787 0.146315 -0.951739
vn 0.306771 -0.008191 -0.951748
vn 0.261606 -0.160485 -0.951739
vn 0.146301 -0.269774 -0.951745
vn -0.008184 -0.306792 -0.951742
vn -0.540006 0.011928 -0.841577
vn -0.461720 0.280330 -0.841564
vn -0.473636 -0.259707 -0.841559
vn -0.280336 -0.461716 -0.841564
vn -0.011916 -0.540024 -0.841566
vn 0.259690 -0.473635 -0.841564
vn 0.461719 -0.280328 -0.841565
vn 0.540005 -0.011928 -0.841577
vn 0.473635 0.259705 -0.841560
vn 0.280334 0.461716 -0.841565
vn 0.011914 0.540030 -0.841562
vn -0.259692 0.473640 -0.841561
vn -0.000000 0.000000 1.000000
vn -0.000000 0.000000 1.000000
vn 0.000000 0.000000 1.000000
vn 0.000000 0.000000 1.000000
vn 0.450396 0.892829 0.000000
vn -0.000000 1.000000 0.000000
vn 0.450396 0.892829 0.000000
vn 0.000000 1.000000 0.000000
vn 0.000000 0.000000 -1.000000
vn 0.000000 0.000000 -1.000000
vn 0.000000 0.000000 -1.000000
vn 0.000000 0.000000 -1.000000
vn -0.450396 -0.892829 0.000000
vn -0.000000 -1.000000 0.000000
vn -0.450396 -0.892829 0.000000
vn 0.000000 -1.000000 0.000000
vn 1.000000 0.000000 0.000000
vn 1.000000 0.000000 0.000000
vn 1.000000 0.000000 0.000000
vn 1.000000 0.000000 0.000000
vn -1.000000 0.000000 0.000000
vn -1.000000 0.000000 0.000000
vn -1.000000 0.000000 0.000000
vn -1.000000 0.000000 0.000000
vn -0.000000 0.000000 1.000000
vn 0.000000 0.000000 1.000000
vn -0.450396 0.892829 0.000000
vn -0.450396 0.892829 0.000000
vn -0.000000 0.000000 -1.000000
vn -0.000000 0.000000 -1.000000
vn 0.450396 -0.892829 0.000000
vn 0.450396 -0.892829 0.000000
s 1
g effect
f 1/1/1 13/2/2 2/3/3
f 2/3/3 13/2/2 3/4/4
f 3/4/4 13/2/2 4/5/5
f 4/5/5 13/2/2 5/6/6
f 5/6/6 13/2/2 6/7/7
f 6/7/7 13/2/2 7/8/8
f 7/8/8 13/2/2 8/9/9
f 8/9/9 13/2/2 9/10/10
f 9/10/10 13/2/2 10/11/11
f 10/11/11 13/2/2 11/12/12
f 11/12/12 13/2/2 12/13/13
f 12/13/13 13/2/2 1/1/1
f 15/14/14 3/4/4 14/15/15
f 14/15/15 3/4/4 4/5/5
f 16/16/16 2/3/3 15/14/14
f 15/14/14 2/3/3 3/4/4
f 17/17/17 1/1/1 16/16/16
f 16/16/16 1/1/1 2/3/3
f 18/18/18 12/13/13 17/17/17
f 17/17/17 12/13/13 1/1/1
f 19/19/19 11/12/12 18/18/18
f 18/18/18 11/12/12 12/13/13
f 20/20/20 10/11/11 19/19/19
f 19/19/19 10/11/11 11/12/12
f 21/21/21 9/10/10 20/20/20
f 20/20/20 9/10/10 10/11/11
f 22/22/22 8/9/9 21/21/21
f 21/21/21 8/9/9 9/10/10
f 23/23/23 7/8/8 22/22/22
f 22/22/22 7/8/8 8/9/9
f 24/24/24 6/7/7 23/23/23
f 23/23/23 6/7/7 7/8/8
f 25/25/25 5/6/6 24/24/24
f 24/24/24 5/6/6 6/7/7
f 14/15/15 4/5/5 25/25/25
f 25/25/25 4/5/5 5/6/6
s 2
f 26/26/26 27/27/27 38/28/28
f 27/27/27 28/29/29 38/28/28
f 28/29/29 29/30/30 38/28/28
f 29/30/30 30/31/31 38/28/28
f 30/31/31 31/32/32 38/28/28
f 31/32/32 32/33/33 38/28/28
f 32/33/33 33/34/34 38/28/28
f 33/34/34 34/35/35 38/28/28
f 34/35/35 35/36/36 38/28/28
f 35/36/36 36/37/37 38/28/28
f 36/37/37 37/38/38 38/28/28
f 37/38/38 26/26/26 38/28/28
f 40/39/39 39/40/40 28/29/29
f 28/29/29 39/40/40 29/30/30
f 41/41/41 40/39/39 27/27/27
f 27/27/27 40/39/39 28/29/29
f 42/42/42 41/41/41 26/26/26
f 26/26/26 41/41/41 27/27/27
f 43/43/43 42/42/42 37/38/38
f 37/38/38 42/42/42 26/26/26
f 44/44/44 43/43/43 36/37/37
f 36/37/37 43/43/43 37/38/38
f 45/45/45 44/44/44 35/36/36
f 35/36/36 44/44/44 36/37/37
f 46/46/46 45/45/45 34/35/35
f 34/35/35 45/45/45 35/36/36
f 47/47/47 46/46/46 33/34/34
f 33/34/34 46/46/46 34/35/35
f 48/48/48 47/47/47 32/33/33
f 32/33/33 47/47/47 33/34/34
f 49/49/49 48/48/48 31/32/32
f 31/32/32 48/48/48 32/33/33
f 50/50/50 49/49/49 30/31/31
f 30/31/31 49/49/49 31/32/32
f 39/40/40 50/50/50 29/30/30
f 29/30/30 50/50/50 30/31/31
s 3
f 51/51/51 63/52/52 52/53/53
f 52/53/53 63/52/52 53/54/54
f 53/54/54 63/52/52 54/55/55
f 54/55/55 63/52/52 55/56/56
f 55/56/56 63/52/52 56/57/57
f 56/57/57 63/52/52 57/58/58
f 57/58/58 63/52/52 58/59/59
f 58/59/59 63/52/52 59/60/60
f 59/60/60 63/52/52 60/61/61
f 60/61/61 63/52/52 61/62/62
f 61/62/62 63/52/52 62/63/63
f 62/63/63 63/52/52 51/51/51
f 65/64/64 53/54/54 64/65/65
f 64/65/65 53/54/54 54/55/55
f 66/66/66 52/53/53 65/64/64
f 65/64/64 52/53/53 53/54/54
f 67/67/67 51/51/51 66/66/66
f 66/66/66 51/51/51 52/53/53
f 68/68/68 62/63/63 67/67/67
f 67/67/67 62/63/63 51/51/51
f 69/69/69 61/62/62 68/68/68
f 68/68/68 61/62/62 62/63/63
f 70/70/70 60/61/61 69/69/69
f 69/69/69 60/61/61 61/62/62
f 71/71/71 59/60/60 70/70/70
f 70/70/70 59/60/60 60/61/61
f 72/72/72 58/59/59 71/71/71
f 71/71/71 58/59/59 59/60/60
f 73/73/73 57/58/58 72/72/72
f 72/72/72 57/58/58 58/59/59
f 74/74/74 56/57/57 73/73/73
f 73/73/73 56/57/57 57/58/58
f 75/75/75 55/56/56 74/74/74
f 74/74/74 55/56/56 56/57/57
f 64/65/65 54/55/55 75/75/75
f 75/75/75 54/55/55 55/56/56
s 4
f 76/76/76 77/77/77 88/78/78
f 77/77/77 78/79/79 88/78/78
f 78/79/79 79/80/80 88/78/78
f 79/80/80 80/81/81 88/78/78
f 80/81/81 81/82/82 88/78/78
f 81/82/82 82/83/83 88/78/78
f 82/83/83 83/84/84 88/78/78
f 83/84/84 84/85/85 88/78/78
f 84/85/85 85/86/86 88/78/78
f 85/86/86 86/87/87 88/78/78
f 86/87/87 87/88/88 88/78/78
f 87/88/88 76/76/76 88/78/78
f 90/89/89 89/90/90 78/79/79
f 78/79/79 89/90/90 79/80/80
f 91/91/91 90/89/89 77/77/77
f 77/77/77 90/89/89 78/79/79
f 92/92/92 91/91/91 76/76/76
f 76/76/76 91/91/91 77/77/77
f 93/93/93 92/92/92 87/88/88
f 87/88/88 92/92/92 76/76/76
f 94/94/94 93/93/93 86/87/87
f 86/87/87 93/93/93 87/88/88
f 95/95/95 94/94/94 85/86/86
f 85/86/86 94/94/94 86/87/87
f 96/96/96 95/95/95 84/85/85
f 84/85/85 95/95/95 85/86/86
f 97/97/97 96/96/96 83/84/84
f 83/84/84 96/96/96 84/85/85
f 98/98/98 97/97/97 82/83/83
f 82/83/83 97/97/97 83/84/84
f 99/99/99 98/98/98 81/82/82
f 81/82/82 98/98/98 82/83/83
f 100/100/100 99/99/99 80/81/81
f 80/81/81 99/99/99 81/82/82
f 89/90/90 100/100/100 79/80/80
f 79/80/80 100/100/100 80/81/81
s 5
f 109/102/101 110/103/102 101/101/103
f 101/101/103 110/103/102 103/104/104
s 6
f 103/104/105 110/103/106 105/106/107
f 105/106/107 110/103/106 111/105/108
s 7
f 105/106/109 111/105/110 107/108/111
f 107/108/111 111/105/110 112/107/112
s 8
f 107/108/113 112/107/114 101/110/115
f 101/110/115 112/107/114 109/109/116
s 9
f 102/111/117 108/112/118 104/114/119
f 104/114/119 108/112/118 106/113/120
s 10
f 107/115/121 101/101/122 105/116/123
f 105/116/123 101/101/122 103/104/124
s 5
f 109/102/101 102/111/125 110/103/102
f 110/103/102 102/111/125 104/114/126
s 6
f 111/105/108 110/103/106 106/117/127
f 106/117/127 110/103/106 104/114/128
s 7
f 112/107/112 111/105/110 108/118/129
f 108/118/129 111/105/110 106/117/130
s 8
f 109/109/116 112/107/114 102/119/131
f 102/119/131 112/107/114 108/118/132
g default
v 70.710701 0.000000 0.000000
v 0.000000 70.710701 0.000000
v 0.000000 55.656200 4.000000
v 55.656200 0.000000 4.000000
v 0.000000 -70.710602 0.000000
v 0.000000 -55.656101 4.000000
v -70.710701 0.000000 0.000000
v -55.656101 0.000000 4.000000
v 0.000000 55.656200 -4.000000
v 0.000000 70.710701 0.000000
v 70.710701 0.000000 0.000000
v 55.656200 0.000000 -4.000000
v 0.000000 -70.710602 0.000000
v 0.000000 -55.656101 -4.000000
v -70.710701 0.000000 0.000000
v -55.656101 0.000000 -4.000000
vt 0.247390 0.646700
vt 0.243030 0.646700
vt 0.244480 0.645250
vt 0.245930 0.645250
vt 0.247390 0.642340
vt 0.245930 0.643790
vt 0.243030 0.642340
vt 0.244480 0.643790
vt 0.134311 0.086460
vt 0.199723 0.021036
vt 0.265147 0.086460
vt 0.199723 0.151873
vt 0.244310 0.637650
vt 0.242720 0.639250
vt 0.247500 0.639250
vt 0.245910 0.637650
vt 0.247500 0.634460
vt 0.245910 0.636060
vt 0.242720 0.634460
vt 0.244310 0.636060
vt 0.134117 0.086439
vt 0.199529 0.021016
vt 0.264953 0.086439
vt 0.199529 0.151852
vn 0.248722 0.248722 0.936096
vn 0.248722 0.248722 0.936096
vn 0.248722 0.248722 0.936096
vn 0.153151 -0.051050 0.986883
vn 0.255859 0.085290 0.962944
vn 0.063960 0.191880 0.979332
vn 0.085290 -0.255859 0.962944
vn 0.255859 0.085290 0.962944
vn 0.153151 -0.051050 0.986883
vn -0.063960 -0.191880 0.979332
vn 0.085290 -0.255859 0.962944
vn 0.153151 -0.051050 0.986883
vn -0.255849 -0.085290 0.962947
vn 0.085290 -0.255859 0.962944
vn -0.063960 -0.191880 0.979332
vn -0.153151 0.051050 0.986883
vn -0.255849 -0.085290 0.962947
vn -0.063960 -0.191880 0.979332
vn -0.085280 0.255859 0.962945
vn -0.255849 -0.085290 0.962947
vn -0.153151 0.051050 0.986883
vn 0.063960 0.191880 0.979332
vn -0.085280 0.255859 0.962945
vn -0.153151 0.051050 0.986883
vn -0.153151 0.051050 0.986883
vn -0.063960 -0.191880 0.979332
vn 0.153151 -0.051050 0.986883
vn 0.063960 0.191880 0.979332
vn -0.153151 0.051050 0.986883
vn 0.153151 -0.051050 0.986883
vn 0.063960 0.191880 -0.979332
vn -0.085280 0.255859 -0.962945
vn 0.255859 0.085290 -0.962944
vn 0.153151 -0.051050 -0.986883
vn 0.063960 0.191880 -0.979332
vn 0.255859 0.085290 -0.962944
vn 0.153151 -0.051050 -0.986883
vn 0.255859 0.085290 -0.962944
vn 0.085290 -0.255859 -0.962944
vn -0.063960 -0.191880 -0.979332
vn 0.153151 -0.051050 -0.986883
vn 0.085290 -0.255859 -0.962944
vn -0.063960 -0.191880 -0.979332
vn 0.085290 -0.255859 -0.962944
vn -0.255849 -0.085290 -0.962947
vn -0.153151 0.051050 -0.986883
vn -0.063960 -0.191880 -0.979332
vn -0.255849 -0.085290 -0.962947
vn -0.153151 0.051050 -0.986883
vn -0.255849 -0.085290 -0.962947
vn -0.085280 0.255859 -0.962945
vn 0.063960 0.191880 -0.979332
vn -0.153151 0.051050 -0.986883
vn -0.085280 0.255859 -0.962945
vn 0.153151 -0.051050 -0.986883
vn -0.063960 -0.191880 -0.979332
vn -0.153151 0.051050 -0.986883
vn 0.063960 0.191880 -0.979332
vn 0.153151 -0.051050 -0.986883
vn -0.153151 0.051050 -0.986883
s off
g item_blade
f 113/120/133 114/121/134 115/122/135
f 116/123/136 113/120/137 115/122/138
f 117/124/139 113/120/140 116/123/141
f 118/125/142 117/124/143 116/123/144
f 119/126/145 117/124/146 118/125/147
f 120/127/148 119/126/149 118/125/150
f 114/121/151 119/126/152 120/127/153
f 115/122/154 114/121/155 120/127/156
f 120/128/157 118/129/158 116/130/159
f 115/131/160 120/128/161 116/130/162
f 121/132/163 122/133/164 123/134/165
f 124/135/166 121/132/167 123/134/168
f 124/135/169 123/134/170 125/136/171
f 126/137/172 124/135/173 125/136/174
f 126/137/175 125/136/176 127/138/177
f 128/139/178 126/137/179 127/138/180
f 128/139/181 127/138/182 122/133/183
f 121/132/184 128/139/185 122/133/186
f 124/140/187 126/141/188 128/142/189
f 121/143/190 124/140/191 128/142/192
g default
v 70.710701 0.000000 0.000000
v 0.000000 70.710701 0.000000
v 0.000000 55.656200 4.000000
v 55.656200 0.000000 4.000000
v 0.000000 -70.710602 0.000000
v 0.000000 -55.656101 4.000000
v -70.710701 0.000000 0.000000
v -55.656101 0.000000 4.000000
v 0.000000 55.656200 -4.000000
v 0.000000 70.710701 0.000000
v 70.710701 0.000000 0.000000
v 55.656200 0.000000 -4.000000
v 0.000000 -70.710602 0.000000
v 0.000000 -55.656101 -4.000000
v -70.710701 0.000000 0.000000
v -55.656101 0.000000 -4.000000
v 13.683113 -21.383270 7.776031
v 15.029198 -18.401833 6.237800
v 21.421761 -18.089874 6.237800
v 24.486427 -16.537964 7.776031
v 25.545044 -19.204330 7.776031
v 27.480057 -21.330162 7.776031
v 29.833641 -22.969368 7.776031
v 27.151100 -24.764191 6.237800
v 24.036629 -27.587158 6.237800
v 21.794540 -30.937778 7.776031
v 17.673813 -31.135410 7.776031
v 16.146736 -23.736771 7.776031
v 24.774742 -22.924076 6.237800
v 22.711937 -20.433990 6.237800
v 22.243019 -30.267639 6.237800
v 18.671043 -30.364445 6.237800
v 17.103279 -23.401783 6.237800
v 14.073784 -20.517822 6.237800
v 15.029198 -18.401833 9.314260
v 21.421761 -18.089874 9.314260
v 27.151100 -24.764191 9.314260
v 24.036629 -27.587158 9.314260
v 24.774742 -22.924076 9.314261
v 22.711937 -20.433990 9.314261
v 22.243019 -30.267639 9.314260
v 18.671043 -30.364445 9.314260
v 17.103279 -23.401783 9.314260
v 14.073784 -20.517822 9.314260
v 33.301109 -21.904701 7.776031
v 33.002037 -24.659180 7.776031
v 32.011810 -25.872875 10.078485
v 30.745049 -27.029129 10.078485
v 29.003563 -27.971512 10.078485
v 27.736847 -29.127773 10.078485
v 26.801933 -30.658691 10.078485
v 26.378342 -31.949493 10.078485
v 25.547791 -34.367363 10.078485
v 26.501663 -35.136375 9.314264
v 25.714676 -36.965260 9.070534
v 24.917725 -38.218246 8.860144
v 23.314148 -39.402969 8.645926
v 20.705994 -40.200264 8.211030
v 18.718834 -40.194874 7.776031
v 19.865349 -39.163689 8.211030
v 20.999535 -37.689499 8.645926
v 21.730576 -35.933758 8.860144
v 21.912247 -34.193340 9.070534
v 20.846825 -32.537735 9.314264
v 22.243019 -30.267639 9.314261
v 24.036629 -27.587158 9.314257
v 27.151100 -24.764191 9.314260
v 29.833641 -22.969368 7.776031
v 32.481995 -22.878235 9.227543
v 31.707634 -24.518940 10.450788
v 30.505608 -25.922447 10.786371
v 28.489967 -26.965973 10.786371
v 26.729050 -28.267029 10.786371
v 25.426567 -29.948776 10.786371
v 24.967415 -31.587402 10.786373
v 24.361488 -34.182785 10.786373
v 24.025642 -36.213486 10.667347
v 23.250328 -37.489735 10.332253
v 22.119576 -38.507954 9.821878
v 20.477394 -39.484749 8.906894
v 32.779114 -24.995964 9.452206
v 24.664459 -32.885086 10.786373
v 26.501663 -35.136375 7.776031
v 25.714676 -36.965260 7.776031
v 24.917725 -38.218246 7.776031
v 23.314148 -39.402969 7.776031
v 20.705994 -40.200264 7.776031
v 19.865349 -39.163689 7.776031
v 20.999535 -37.689499 7.776031
v 21.730576 -35.933758 7.776031
v 21.912247 -34.193340 7.776031
v 20.846825 -32.537735 7.776031
v 22.243019 -30.267639 7.776031
v 32.011810 -25.872875 5.473577
v 30.745049 -27.029129 5.473577
v 29.003563 -27.971512 5.473577
v 27.736847 -29.127773 5.473577
v 26.801933 -30.658691 5.473577
v 26.378342 -31.949493 5.473577
v 25.547791 -34.367363 5.473577
v 26.501663 -35.136375 6.237796
v 25.714676 -36.965260 6.481527
v 24.917725 -38.218246 6.691917
v 23.314148 -39.402969 6.906136
v 20.705994 -40.200264 7.341031
v 19.865349 -39.163689 7.341031
v 20.999535 -37.689499 6.906136
v 21.730576 -35.933758 6.691917
v 21.912247 -34.193340 6.481527
v 20.846825 -32.537735 6.237796
v 22.243019 -30.267639 6.237800
v 24.036629 -27.587158 6.237804
v 27.151100 -24.764191 6.237800
v 32.481995 -22.878235 6.324519
v 31.707634 -24.518940 5.101273
v 30.505608 -25.922447 4.765689
v 28.489967 -26.965973 4.765690
v 26.729050 -28.267029 4.765690
v 25.426567 -29.948776 4.765690
v 24.967415 -31.587402 4.765688
v 24.361488 -34.182785 4.765687
v 24.025642 -36.213486 4.884714
v 23.250328 -37.489735 5.219809
v 22.119576 -38.507954 5.730183
v 20.477394 -39.484749 6.645167
v 32.779114 -24.995964 6.099855
v 24.664459 -32.885086 4.765688
v -23.703979 52.271957 10.078485
v 36.924057 -32.614502 10.078485
v 34.972603 -31.315510 10.078485
v 33.511559 -29.599083 10.078485
v 33.125359 -27.846001 10.078485
v 33.473862 -26.528091 10.078485
v 34.013573 -25.738922 9.452206
v 32.779114 -24.995964 9.452206
v 32.011810 -25.872875 10.078485
v 30.745049 -27.029129 10.078485
v 29.003563 -27.971512 10.078485
v 27.736847 -29.127773 10.078485
v 26.801933 -30.658691 10.078485
v 26.378342 -31.949493 10.078485
v 25.547791 -34.367363 10.078485
v 26.501663 -35.136375 10.078485
v 28.997894 -34.255081 10.078485
v 29.819153 -36.886047 10.078485
v 31.895607 -36.191956 10.078485
v 33.576660 -35.652420 7.776031
v 35.634361 -35.715908 7.776031
v -25.183163 49.667084 7.776031
v -21.652874 55.883987 7.776031
v 38.335213 -28.705933 7.776031
v 36.935890 -28.016853 7.776031
v 35.243614 -26.731209 7.776031
v 34.277206 -28.755100 9.494013
v 36.075142 -29.802681 9.494013
v 37.697578 -30.572376 9.494013
v -22.646545 54.134094 9.494013
v 34.830978 -27.595345 8.812588
v 36.505531 -28.909790 8.812588
v 38.016434 -29.639141 8.812588
v -22.149700 55.009048 8.812588
v 34.146843 -25.369698 7.776031
v 33.002037 -24.659180 7.776031
v 34.112404 -25.703911 7.776031
v 33.951355 -26.078686 9.338029
v 33.616722 -26.613575 9.863765
v -24.351685 51.131332 10.078485
v 36.424866 -33.814938 10.078485
v 34.139641 -33.903278 10.078485
v 32.036552 -35.617096 10.078485
v -24.767422 50.399216 9.429013
v 36.029625 -34.765419 9.429013
v 33.858192 -34.777824 9.429013
v 25.547791 -34.367363 7.776031
v 26.501663 -35.136375 7.776031
v 28.997894 -34.255081 7.776031
v 29.819153 -36.886047 7.776031
v 31.895607 -36.191956 7.776031
v -23.703979 52.271957 5.473577
v 36.924057 -32.614502 5.473577
v 34.972603 -31.315510 5.473577
v 33.511559 -29.599083 5.473577
v 33.125359 -27.846001 5.473577
v 33.473862 -26.528091 5.473577
v 34.013573 -25.738922 6.099855
v 32.779114 -24.995964 6.099855
v 32.011810 -25.872875 5.473577
v 30.745049 -27.029129 5.473577
v 29.003563 -27.971512 5.473577
v 27.736847 -29.127773 5.473577
v 26.801933 -30.658691 5.473577
v 26.378342 -31.949493 5.473577
v 25.547791 -34.367363 5.473577
v 26.501663 -35.136375 5.473577
v 28.997894 -34.255081 5.473577
v 29.819153 -36.886047 5.473577
v 31.895607 -36.191956 5.473577
v 34.277206 -28.755100 6.058048
v 36.075142 -29.802681 6.058048
v 37.697578 -30.572376 6.058048
v -22.646545 54.134094 6.058048
v 34.830978 -27.595345 6.739473
v 36.505531 -28.909790 6.739473
v 38.016434 -29.639141 6.739473
v -22.149700 55.009048 6.739473
v 33.951355 -26.078686 6.214032
v 33.616722 -26.613575 5.688296
v -24.351685 51.131332 5.473577
v 36.424866 -33.814938 5.473577
v 34.139641 -33.903278 5.473577
v 32.036552 -35.617096 5.473577
v -24.767422 50.399216 6.123048
v 36.029625 -34.765419 6.123048
v 33.858192 -34.777824 6.123048
v 26.571953 -13.322609 6.237800
v 24.486427 -16.537964 6.237800
v 21.421761 -18.089874 6.237800
v 15.029198 -18.401833 6.237800
v 13.683113 -21.383270 6.237800
v 16.146736 -23.736771 6.237800
v 17.821091 -31.584488 6.237800
v 12.786682 -32.226093 6.237800
v 10.596992 -27.049915 6.237800
v 7.222374 -26.950798 6.237800
v 4.800629 -24.862118 6.237800
v 2.477211 -19.132217 6.237800
v 5.427979 -18.210281 6.237800
v 9.374191 -19.018547 6.237800
v 11.794907 -16.155273 6.237800
v 14.823608 -14.323074 6.237800
v 17.495445 -14.549835 6.237800
v 19.922783 -13.410339 6.237800
v 21.455101 -11.209846 6.237800
v 25.357170 -13.564354 5.091383
v 23.631516 -15.864304 5.091383
v 21.063110 -17.070061 5.091383
v 14.428276 -17.650284 5.091383
v 12.625656 -21.476177 5.091383
v 15.119820 -23.903934 5.091383
v 16.502502 -30.723221 5.091383
v 13.208702 -31.166748 5.091383
v 11.252861 -26.023056 5.091383
v 7.849754 -25.748451 5.091383
v 5.976006 -24.143456 5.091383
v 12.291908 -16.601227 5.091383
v 9.580063 -19.747414 5.091383
v 5.491325 -18.903351 5.091383
v 3.933334 -19.602852 5.091383
v 21.785919 -12.101402 5.091383
v 20.309975 -13.971161 5.091383
v 17.586067 -15.230324 5.091383
v 15.171982 -14.952538 5.091383
v 26.571953 -13.322609 7.776031
v 24.486427 -16.537964 7.776031
v 21.421761 -18.089874 7.776031
v 15.029198 -18.401833 7.776031
v 13.683113 -21.383270 7.776031
v 16.146736 -23.736771 7.776031
v 17.821091 -31.584488 7.776031
v 12.786682 -32.226093 7.776031
v 10.596992 -27.049915 7.776031
v 7.222374 -26.950798 7.776031
v 4.800629 -24.862118 7.776031
v 2.477211 -19.132217 7.776031
v 5.427979 -18.210281 7.776031
v 9.374191 -19.018547 7.776031
v 11.794907 -16.155273 7.776031
v 14.823608 -14.323074 7.776031
v 21.455101 -11.209846 7.776031
v 26.571953 -13.322609 9.314260
v 24.486427 -16.537964 9.314260
v 21.421761 -18.089874 9.314260
v 15.029198 -18.401833 9.314260
v 13.683113 -21.383270 9.314260
v 16.146736 -23.736771 9.314260
v 17.821091 -31.584488 9.314260
v 12.786682 -32.226093 9.314260
v 10.596992 -27.049915 9.314260
v 7.222374 -26.950798 9.314260
v 4.800629 -24.862118 9.314260
v 2.477211 -19.132217 9.314260
v 5.427979 -18.210281 9.314260
v 9.374191 -19.018547 9.314260
v 11.794907 -16.155273 9.314260
v 14.823608 -14.323074 9.314260
v 17.495445 -14.549835 9.314260
v 19.922783 -13.410339 9.314260
v 21.455101 -11.209846 9.314260
v 25.357170 -13.564354 10.460678
v 23.631516 -15.864304 10.460678
v 21.063110 -17.070061 10.460678
v 14.428276 -17.650284 10.460678
v 12.625656 -21.476177 10.460678
v 15.119820 -23.903934 10.460678
v 16.502502 -30.723221 10.460678
v 13.208702 -31.166748 10.460678
v 11.252861 -26.023056 10.460678
v 7.849754 -25.748451 10.460678
v 5.976006 -24.143456 10.460678
v 12.291908 -16.601227 10.460678
v 9.580063 -19.747414 10.460678
v 5.491325 -18.903351 10.460678
v 3.933334 -19.602852 10.460678
v 21.785919 -12.101402 10.460678
v 20.309975 -13.971161 10.460678
v 17.586067 -15.230324 10.460678
v 15.171982 -14.952538 10.460678
v 21.454948 -11.208199 7.029971
v 21.681854 -8.538033 7.029970
v 20.542458 -6.112160 7.029969
v 22.337387 -4.815605 7.029969
v 23.925842 -8.370186 7.029970
v 23.725700 -12.135284 7.029971
v 23.316338 -6.552444 7.029970
v 21.112167 -7.325081 7.029970
v 24.010468 -10.212257 7.029970
v 21.568398 -9.873100 7.029970
v 21.440002 -5.463890 6.327295
v 22.214279 -6.938782 6.327296
v 22.803848 -8.454094 6.327297
v 22.789467 -10.042694 6.327297
v 22.590302 -11.671753 6.327297
v 24.010468 -10.212257 7.776031
v 23.725700 -12.135284 7.776031
v 24.535164 -3.576935 7.029969
v 25.611137 -5.532104 7.029970
v 25.611137 -5.532104 7.776031
v 24.535164 -3.576935 7.776031
v 26.317795 -7.568169 7.029970
v 26.317795 -7.568169 7.776031
v 25.121849 -7.969215 7.029970
v 23.973099 -9.397865 7.029970
v 24.368851 -8.604439 7.029970
v 25.121849 -7.969215 7.776031
v 23.973099 -9.397865 7.776031
v 24.368851 -8.604439 7.776031
v 21.454948 -11.208199 8.522091
v 21.681854 -8.538033 8.522091
v 20.542458 -6.112160 8.522092
v 22.337387 -4.815605 8.522092
v 23.925842 -8.370186 8.522091
v 23.725700 -12.135284 8.522090
v 23.316338 -6.552444 8.522091
v 21.112167 -7.325081 8.522091
v 24.010468 -10.212257 8.522091
v 21.568398 -9.873100 8.522091
v 21.440002 -5.463890 9.224766
v 22.214279 -6.938782 9.224765
v 22.803848 -8.454094 9.224765
v 22.789467 -10.042694 9.224764
v 22.590302 -11.671753 9.224764
v 24.010468 -10.212257 7.776031
v 23.725700 -12.135284 7.776031
v 24.535164 -3.576935 8.522092
v 25.611137 -5.532104 8.522091
v 25.611137 -5.532104 7.776031
v 24.535164 -3.576935 7.776031
v 26.317795 -7.568169 8.522091
v 26.317795 -7.568169 7.776031
v 25.121849 -7.969215 8.522091
v 23.973099 -9.397865 8.522091
v 24.368851 -8.604439 8.522091
v 25.121849 -7.969215 7.776031
v 23.973099 -9.397865 7.776031
v 24.368851 -8.604439 7.776031
v 4.910538 -24.495132 7.943933
v -0.161201 -23.592697 7.943933
v -10.784157 -16.043022 7.943933
v -15.326801 -13.996658 7.943933
v -19.428642 -12.980072 7.943933
v -24.123779 -12.630089 7.943933
v -23.092690 -11.715263 7.943933
v -16.981445 -10.381325 7.943933
v -14.345779 -10.636436 7.943933
v -7.856300 -13.559761 7.943933
v -4.595840 -15.781631 7.943933
v -1.492142 -18.759323 7.943933
v 3.492584 -20.384880 7.943933
v -70.857925 -33.579048 7.776031
v -63.737083 -21.836807 7.776031
v -59.012558 -17.225906 7.776031
v -45.369225 -8.239502 7.776031
v -31.651756 -2.742050 7.776031
v -15.889687 0.749931 7.776031
v -4.209717 1.812737 7.776031
v -1.807632 -0.353157 7.776031
v 2.127174 -1.629585 7.776031
v 6.077148 -0.077621 7.776031
v 16.594521 -0.079124 7.776031
v 22.832848 1.631836 7.776031
v 27.237129 -2.336281 7.776031
v 25.911026 -4.811897 9.330956
v 21.832993 -6.726410 9.293810
v 19.291687 -4.583923 9.257454
v 16.527458 -3.657906 9.223468
v 13.221405 -3.833443 9.187902
v 10.389076 -5.273743 9.162540
v 9.031929 -7.653366 9.157078
v -5.440918 -6.823807 8.995055
v -11.137833 -2.244873 8.914439
v -16.354603 -2.523254 8.858323
v -31.126389 -5.116692 9.647417
v -44.201603 -10.196190 9.399464
v -52.662991 -14.870888 9.358127
v -54.129040 -20.129272 10.406206
v -54.239983 -23.467617 7.776031
v -61.984310 -26.448540 7.776031
v -66.789207 -29.827587 7.776031
v -68.519638 -28.661190 7.776031
v -53.977795 -13.225540 7.776031
v 22.087471 -0.378990 11.157126
v 16.559380 -1.954308 10.313961
v 19.066154 -1.464264 10.358965
v 19.689308 0.651321 7.776031
v 13.385208 -1.921471 10.252418
v 9.789581 -1.993416 10.183465
v 5.408958 -2.142639 10.099886
v 5.971527 -1.083778 10.103369
v 4.147278 -2.840866 10.080384
v 1.977333 -2.958870 10.039291
v -2.351120 -1.864876 9.948050
v -5.598686 0.425385 9.869347
v -9.842781 -1.143181 10.085238
v -16.221100 -1.967140 9.590303
v -62.508373 -24.514214 9.647627
v -67.643715 -29.156353 8.829092
v -58.260864 -21.750961 9.991230
v -57.995827 -24.529816 7.776031
v 3.549713 -1.460266 7.776031
v 4.738480 -1.026031 7.776031
v 0.211563 -1.240952 7.776031
v -0.122406 -2.655563 9.996616
v -2.964622 0.524330 7.776031
v -3.899483 -0.929871 9.911621
v 11.469330 -0.078392 7.776031
v 7.599251 -2.068001 10.141675
v 8.773209 -0.077927 7.776031
v -4.751732 -5.524872 10.232426
v 9.932129 -3.818710 10.542719
v 7.963737 -6.254578 10.518707
v 13.317299 -2.714912 10.608592
v 16.545883 -2.674995 10.679489
v 19.204239 -3.373634 10.743694
v 21.938179 -5.389565 10.820056
v 25.067001 -3.833321 10.876677
v 26.597427 -1.759857 7.776031
v -0.749664 -5.754547 10.322531
v -1.099083 -7.072693 9.043662
v 3.708504 -6.010422 10.422902
v 3.582314 -7.341019 9.096069
v 25.911026 -4.811897 7.776031
v 21.832993 -6.726410 7.776031
v 19.291687 -4.583923 7.776031
v 16.527458 -3.657906 7.776031
v 13.221405 -3.833443 7.776031
v 10.389076 -5.273743 7.776031
v 9.031929 -7.653366 7.776031
v 3.582314 -7.341019 7.776031
v -5.440918 -6.823807 7.776031
v -11.137833 -2.244873 7.776031
v -16.354603 -2.523254 7.776031
v -31.126389 -5.116692 7.776031
v -44.201603 -10.196190 7.776031
v -52.662991 -14.870888 7.776031
v -54.129040 -20.129272 7.776031
v -1.099083 -7.072693 7.776031
v 25.911026 -4.811897 6.221105
v 21.832993 -6.726410 6.258251
v 19.291687 -4.583923 6.294608
v 16.527458 -3.657906 6.328593
v 13.221405 -3.833443 6.364159
v 10.389076 -5.273743 6.389521
v 9.031929 -7.653366 6.394983
v -5.440918 -6.823807 6.557006
v -11.137833 -2.244873 6.637622
v -16.354603 -2.523254 6.693738
v -31.126389 -5.116692 5.904644
v -44.201603 -10.196190 6.152597
v -52.662991 -14.870888 6.193935
v -54.129040 -20.129272 5.145855
v 22.087471 -0.378990 4.394935
v 16.559380 -1.954308 5.238101
v 19.066154 -1.464264 5.193096
v 13.385208 -1.921471 5.299644
v 9.789581 -1.993416 5.368596
v 5.408958 -2.142639 5.452175
v 5.971527 -1.083778 5.448693
v 4.147278 -2.840866 5.471677
v 1.977333 -2.958870 5.512770
v -2.351120 -1.864876 5.604011
v -5.598686 0.425385 5.682714
v -9.842781 -1.143181 5.466824
v -16.221100 -1.967140 5.961757
v -62.508373 -24.514214 5.904434
v -67.643715 -29.156353 6.722970
v -58.260864 -21.750961 5.560831
v -0.122406 -2.655563 5.555445
v -3.899483 -0.929871 5.640440
v 7.599251 -2.068001 5.410386
v -4.751732 -5.524872 5.319635
v 9.932129 -3.818710 5.009342
v 7.963737 -6.254578 5.033354
v 13.317299 -2.714912 4.943469
v 16.545883 -2.674995 4.872572
v 19.204239 -3.373634 4.808367
v 21.938179 -5.389565 4.732005
v 25.067001 -3.833321 4.675385
v -0.749664 -5.754547 5.229531
v -1.099083 -7.072693 6.508399
v 3.708504 -6.010422 5.129159
v 3.582314 -7.341019 6.455991
v 17.270699 -13.293999 4.655984
v 19.100143 -12.435120 4.655984
v 20.255096 -10.776588 4.655984
v 20.425980 -8.762772 4.655984
v 19.567116 -6.933327 4.655984
v 17.908577 -5.778381 4.655984
v 15.894768 -5.607521 4.655984
v 14.065308 -6.466293 4.655984
v 12.910378 -8.124840 4.655984
v 12.739426 -10.138687 4.655984
v 13.598358 -11.968163 4.655984
v 15.256874 -13.123108 4.655984
v 16.582680 -9.450745 4.655984
v 21.681839 -8.538017 7.776031
v 21.455101 -11.209846 7.776031
v 14.823608 -14.323074 7.776031
v 12.623085 -12.790771 7.776031
v 11.483566 -10.363503 7.776031
v 11.710381 -7.691628 7.776031
v 13.242699 -5.491135 7.776031
v 15.669991 -4.351593 7.776031
v 18.341805 -4.578384 7.776031
v 20.542313 -6.110710 7.776031
v 21.681839 -8.538017 6.301269
v 21.455101 -11.209846 6.301269
v 19.922783 -13.410339 6.301269
v 17.495415 -14.549873 6.301268
v 14.823593 -14.323074 6.301268
v 12.623085 -12.790771 6.301268
v 11.483566 -10.363503 6.301268
v 11.710381 -7.691628 6.301268
v 13.242699 -5.491135 6.301268
v 15.669991 -4.351593 6.301268
v 18.341789 -4.578362 6.301268
v 20.542313 -6.110710 6.301268
v 17.270699 -13.293999 10.896077
v 19.100143 -12.435120 10.896077
v 20.255096 -10.776588 10.896077
v 20.425980 -8.762772 10.896077
v 19.567116 -6.933327 10.896077
v 17.908577 -5.778381 10.896077
v 15.894768 -5.607521 10.896077
v 14.065308 -6.466293 10.896077
v 12.910378 -8.124840 10.896077
v 12.739426 -10.138687 10.896077
v 13.598358 -11.968163 10.896077
v 15.256874 -13.123108 10.896077
v 16.582680 -9.450745 10.896077
v 21.681839 -8.538017 9.250793
v 21.455101 -11.209846 9.250793
v 19.922783 -13.410339 9.250793
v 17.495415 -14.549873 9.250793
v 14.823593 -14.323074 9.250793
v 12.623085 -12.790771 9.250793
v 11.483566 -10.363503 9.250793
v 11.710381 -7.691628 9.250793
v 13.242699 -5.491135 9.250793
v 15.669991 -4.351593 9.250793
v 18.341789 -4.578362 9.250793
v 20.542313 -6.110710 9.250793
v 9.374191 -19.018547 7.776031
v 11.794907 -16.155273 8.914435
v 14.823608 -14.323074 8.914456
v 12.623085 -12.790771 8.914456
v 11.483574 -10.363510 8.914456
v 11.710381 -7.691612 8.914456
v 13.242691 -5.491158 8.914456
v 15.669991 -4.351593 8.914456
v 15.487732 -3.460648 8.914456
v 13.221405 -3.833443 8.914433
v 10.389076 -5.273743 8.914433
v 9.031929 -7.653366 8.914433
v 3.582314 -7.341019 8.914433
v -1.099083 -7.072693 8.914433
v -5.440918 -6.823807 8.914432
v -11.137833 -2.244873 8.914431
v -16.354603 -2.523254 8.914431
v -31.126389 -5.116692 8.914438
v -44.201603 -10.196190 8.914436
v -52.662991 -14.870888 8.914435
v -54.129040 -20.129272 8.914446
v -54.239983 -23.467617 7.776031
v -45.265377 -22.451183 7.776031
v -46.309761 -20.751968 7.776031
v -45.327259 -18.915573 7.776031
v -41.003696 -16.516991 7.776031
v -32.271225 -14.263588 7.776031
v -22.662552 -13.842049 7.776031
v -22.928623 -12.219612 7.776031
v -17.129700 -10.866943 7.776031
v -14.673111 -10.973122 7.776031
v -13.203857 -12.131584 7.776031
v -11.862450 -13.627426 7.776031
v -7.084229 -13.700577 7.776031
v -2.451164 -14.151825 7.776031
v -0.929939 -15.035683 7.776031
v 3.121284 -18.952049 7.776031
v 5.427979 -18.210281 7.776031
v -48.951172 -20.449310 8.914429
v -48.849869 -19.360840 8.914430
v -47.283329 -17.676247 8.914430
v -42.883442 -14.722816 8.914426
v -32.613049 -12.013641 8.914425
v -25.361225 -11.548286 8.914422
v -17.060898 -9.794655 8.914421
v -14.153801 -10.052521 8.914421
v -12.573723 -11.331360 8.914421
v -11.307961 -12.788437 8.914421
v -7.005173 -12.758453 8.914421
v -2.235397 -13.397133 8.914421
v -0.297981 -14.263306 8.914421
v 3.481422 -17.786415 8.914427
v 5.363617 -17.470238 8.914433
v 10.020348 -18.254181 8.914435
v 9.523285 -12.923218 8.914434
v 18.341805 -4.578384 8.914456
v 18.650696 -3.932556 8.914456
v 20.542252 -6.110703 8.914456
v 21.233749 -5.685883 8.914456
v 11.794907 -16.155273 6.637626
v 14.823608 -14.323074 6.637605
v 12.623085 -12.790771 6.637605
v 11.483574 -10.363510 6.637605
v 11.710381 -7.691612 6.637605
v 13.242691 -5.491158 6.637605
v 15.669991 -4.351593 6.637605
v 15.487732 -3.460648 6.637605
v 13.221405 -3.833443 6.637627
v 10.389076 -5.273743 6.637628
v 9.031929 -7.653366 6.637628
v 3.582314 -7.341019 6.637628
v -1.099083 -7.072693 6.637629
v -5.440918 -6.823807 6.637630
v -11.137833 -2.244873 6.637630
v -16.354603 -2.523254 6.637630
v -31.126389 -5.116692 6.637623
v -44.201603 -10.196190 6.637625
v -52.662991 -14.870888 6.637626
v -54.129040 -20.129272 6.637615
v -48.951172 -20.449310 6.637632
v -48.849869 -19.360840 6.637631
v -47.283329 -17.676247 6.637631
v -42.883442 -14.722816 6.637636
v -32.613049 -12.013641 6.637636
v -25.361225 -11.548286 6.637639
v -17.060898 -9.794655 6.637640
v -14.153801 -10.052521 6.637640
v -12.573723 -11.331360 6.637640
v -11.307961 -12.788437 6.637640
v -7.005173 -12.758453 6.637640
v -2.235397 -13.397133 6.637640
v -0.297981 -14.263306 6.637640
v 3.481422 -17.786415 6.637635
v 5.363617 -17.470238 6.637628
v 10.020348 -18.254181 6.637626
v 9.523285 -12.923218 6.637627
v 18.341805 -4.578384 6.637605
v 18.650696 -3.932556 6.637605
v 20.542252 -6.110703 6.637605
v 21.233749 -5.685883 6.637605
v 3.666359 39.985672 7.776031
v 5.056236 42.946991 9.314260
v 1.136612 48.006500 9.314260
v 0.323029 51.343948 7.776031
v -2.391014 50.414520 7.776031
v -5.264290 50.502411 7.776031
v -8.040077 51.224670 7.776031
v -7.659454 48.019669 9.314260
v -7.779167 43.817871 9.314260
v -8.866890 39.935806 7.776031
v -6.337639 36.676559 7.776031
v 0.276360 40.327118 7.776031
v -4.716324 47.410690 9.314261
v -1.483170 47.462601 9.314261
v -8.649361 40.712227 9.314260
v -6.400307 37.935555 9.314260
v -0.091103 41.271606 9.314260
v 4.069824 40.845284 9.314260
v 5.056236 42.946991 6.237800
v 1.136612 48.006500 6.237800
v -7.659454 48.019669 6.237800
v -7.779167 43.817871 6.237800
v -4.716324 47.410690 6.237800
v -1.483170 47.462601 6.237800
v -8.649361 40.712227 6.237800
v -6.400307 37.935555 6.237800
v -0.091103 41.271606 6.237800
v 4.069824 40.845284 6.237800
v -9.485817 54.551254 7.776031
v -11.384094 52.533081 7.776031
v -11.662300 50.991638 5.473577
v -11.717117 49.277420 5.473577
v -11.300705 47.341492 5.473577
v -11.355507 45.627289 5.473577
v -11.910728 43.921616 5.473577
v -12.615997 42.760483 5.473577
v -13.912964 40.557388 5.473577
v -15.117401 40.782013 6.237796
v -15.995167 38.994919 6.481527
v -16.428879 37.574684 6.691917
v -16.286331 35.586021 6.906136
v -15.196190 33.086121 7.341031
v -13.899986 31.579903 7.776031
v -13.862022 33.121384 7.341031
v -13.479538 34.941696 6.906136
v -12.620918 36.638657 6.691917
v -11.416801 37.908371 6.481527
v -9.466156 38.175438 6.237796
v -8.649361 40.712227 6.237800
v -7.779167 43.817871 6.237804
v -7.659454 48.019669 6.237800
v -8.040077 51.224670 7.776031
v -9.692909 53.295990 6.324519
v -10.435822 51.640823 5.101273
v -10.720581 49.815033 4.765689
v -10.202835 47.605133 4.765690
v -10.046295 45.421341 4.765690
v -10.477135 43.338272 4.765690
v -11.423500 41.923988 4.765688
v -13.001320 39.776031 4.765687
v -14.325752 38.200439 4.884714
v -14.791229 36.781631 5.219809
v -14.829590 35.260490 5.730183
v -14.503929 33.377579 6.645167
v -11.494972 52.144714 6.099855
v -12.212395 40.849998 4.765688
v -15.117401 40.782013 7.776031
v -15.995167 38.994919 7.776031
v -16.428879 37.574684 7.776031
v -16.286331 35.586021 7.776031
v -15.196190 33.086121 7.776031
v -13.862022 33.121384 7.776031
v -13.479538 34.941696 7.776031
v -12.620918 36.638657 7.776031
v -11.416801 37.908371 7.776031
v -9.466156 38.175438 7.776031
v -8.649361 40.712227 7.776031
v -11.662300 50.991638 10.078485
v -11.717117 49.277420 10.078485
v -11.300705 47.341492 10.078485
v -11.355507 45.627289 10.078485
v -11.910728 43.921616 10.078485
v -12.615997 42.760483 10.078485
v -13.912964 40.557388 10.078485
v -15.117401 40.782013 9.314264
v -15.995167 38.994919 9.070534
v -16.428879 37.574684 8.860144
v -16.286331 35.586021 8.645926
v -15.196190 33.086121 8.211030
v -13.862022 33.121384 8.211030
v -13.479538 34.941696 8.645926
v -12.620918 36.638657 8.860144
v -11.416801 37.908371 9.070534
v -9.466156 38.175438 9.314264
v -8.649361 40.712227 9.314261
v -7.779167 43.817871 9.314257
v -7.659454 48.019669 9.314260
v -9.692909 53.295990 9.227543
v -10.435822 51.640823 10.450788
v -10.720581 49.815033 10.786371
v -10.202835 47.605133 10.786371
v -10.046295 45.421341 10.786371
v -10.477135 43.338272 10.786371
v -11.423500 41.923988 10.786373
v -13.001320 39.776031 10.786373
v -14.325752 38.200439 10.667347
v -14.791229 36.781631 10.332253
v -14.829590 35.260490 9.821878
v -14.503929 33.377579 8.906894
v -11.494972 52.144714 9.452206
v -12.212395 40.849998 10.786373
v -19.978321 50.340027 5.473577
v -17.722507 49.702087 5.473577
v -15.468452 49.708176 5.473577
v -13.885460 50.554626 5.473577
v -13.110703 51.676331 5.473577
v -12.862083 52.599503 6.099855
v -11.494972 52.144714 6.099855
v -11.662300 50.991638 5.473577
v -11.717117 49.277420 5.473577
v -11.300705 47.341492 5.473577
v -11.355515 45.627289 5.473577
v -11.910728 43.921616 5.473577
v -12.615997 42.760483 5.473577
v -13.912964 40.557388 5.473577
v -15.117409 40.782021 5.473577
v -16.070999 43.251511 5.473577
v -18.603806 42.164673 5.473577
v -19.426685 44.193604 5.473577
v -20.109791 45.821625 7.776031
v -21.496078 47.343689 7.776031
v -17.926319 53.953613 7.776031
v -16.492908 53.338577 7.776031
v -14.415817 52.888885 7.776031
v -15.325066 50.838562 6.058048
v -17.290054 51.523392 6.058048
v -18.929745 52.255585 6.058048
v -14.804039 52.013458 6.739473
v -16.891491 52.431000 6.739473
v -18.428040 53.104614 6.739473
v -12.668266 52.940796 7.776031
v -11.384094 52.533081 7.776031
v -12.899803 52.697311 7.776031
v -13.079735 52.331329 6.214032
v -13.268578 51.729309 5.688296
v -20.565788 49.180237 5.473577
v -19.146980 47.386642 5.473577
v -19.081490 44.674500 5.473577
v -21.030930 48.261963 6.123048
v -19.628391 46.604126 6.123048
v -13.912964 40.557388 7.776031
v -15.117409 40.782021 7.776031
v -16.070999 43.251511 7.776031
v -18.603806 42.164673 7.776031
v -19.426685 44.193604 7.776031
v -19.978321 50.340027 10.078485
v -17.722507 49.702087 10.078485
v -15.468452 49.708176 10.078485
v -13.885460 50.554626 10.078485
v -13.110703 51.676331 10.078485
v -12.862083 52.599503 9.452206
v -11.494972 52.144714 9.452206
v -11.662300 50.991638 10.078485
v -11.717117 49.277420 10.078485
v -11.300705 47.341492 10.078485
v -11.355515 45.627289 10.078485
v -11.910728 43.921616 10.078485
v -12.615997 42.760483 10.078485
v -13.912964 40.557388 10.078485
v -15.117409 40.782021 10.078485
v -16.070999 43.251511 10.078485
v -18.603806 42.164673 10.078485
v -19.426685 44.193604 10.078485
v -15.325066 50.838562 9.494013
v -17.290054 51.523392 9.494013
v -18.929745 52.255585 9.494013
v -14.804039 52.013458 8.812588
v -16.891491 52.431000 8.812588
v -18.428040 53.104614 8.812588
v -13.079735 52.331329 9.338029
v -13.268578 51.729309 9.863765
v -20.565788 49.180237 10.078485
v -19.146980 47.386642 10.078485
v -19.081490 44.674500 10.078485
v -21.030930 48.261963 9.429013
v -19.628391 46.604126 9.429013
v 1.409836 55.019089 9.314260
v 0.323029 51.343948 9.314260
v 1.136612 48.006500 9.314260
v 5.056236 42.946991 9.314260
v 3.666359 39.985672 9.314260
v 0.276360 40.327118 9.314260
v -6.774590 36.496490 9.314260
v -3.988518 32.254440 9.314260
v 1.367836 33.956459 9.314260
v 3.637360 31.457085 9.314260
v 6.798897 30.975250 9.314260
v 12.662880 32.935738 9.314260
v 11.444702 35.777084 9.314260
v 8.264702 38.249634 9.314260
v 8.866013 41.950439 9.314260
v 8.288712 45.442886 9.314260
v 6.379135 47.325363 9.314260
v 5.666603 49.910416 9.314260
v 6.342079 52.505371 9.314260
v 2.015999 53.939072 10.460678
v 1.390701 51.132462 10.460678
v 2.144646 48.397217 10.460678
v 6.017944 42.979126 10.460678
v 4.283340 39.121918 10.460678
v 0.817070 39.438202 10.460678
v -5.262878 36.054672 10.460678
v -3.458092 33.263863 10.460678
v 1.721504 35.122452 10.460678
v 4.142899 32.715530 10.460678
v 6.580612 32.335548 10.460678
v 8.204063 42.038116 10.460678
v 7.577049 37.932121 10.460678
v 10.876915 35.374519 10.460678
v 11.358543 33.736031 10.460678
v 5.449615 52.177063 10.460678
v 4.988747 49.839890 10.460678
v 5.803215 46.951736 10.460678
v 7.583992 45.298264 10.460678
v 1.409836 55.019089 7.776031
v 0.323029 51.343948 7.776031
v 1.136612 48.006500 7.776031
v 5.056236 42.946991 7.776031
v 3.666359 39.985672 7.776031
v 0.276360 40.327118 7.776031
v -6.774590 36.496490 7.776031
v -3.988518 32.254440 7.776031
v 1.367836 33.956459 7.776031
v 3.637360 31.457085 7.776031
v 6.798897 30.975250 7.776031
v 12.662880 32.935738 7.776031
v 11.444702 35.777084 7.776031
v 8.264702 38.249634 7.776031
v 8.866013 41.950439 7.776031
v 8.288712 45.442886 7.776031
v 6.342079 52.505371 7.776031
v 1.409836 55.019089 6.237800
v 0.323029 51.343948 6.237800
v 1.136612 48.006500 6.237800
v 5.056236 42.946991 6.237800
v 3.666359 39.985672 6.237800
v 0.276360 40.327118 6.237800
v -6.774590 36.496490 6.237800
v -3.988518 32.254440 6.237800
v 1.367836 33.956459 6.237800
v 3.637360 31.457085 6.237800
v 6.798897 30.975250 6.237800
v 12.662880 32.935738 6.237800
v 11.444702 35.777084 6.237800
v 8.264702 38.249634 6.237800
v 8.866013 41.950439 6.237800
v 8.288712 45.442886 6.237800
v 6.379135 47.325363 6.237800
v 5.666603 49.910416 6.237800
v 6.342079 52.505371 6.237800
v 2.015999 53.939072 5.091383
v 1.390701 51.132462 5.091383
v 2.144646 48.397217 5.091383
v 6.017944 42.979126 5.091383
v 4.283340 39.121918 5.091383
v 0.817070 39.438202 5.091383
v -5.262878 36.054672 5.091383
v -3.458092 33.263863 5.091383
v 1.721504 35.122452 5.091383
v 4.142899 32.715530 5.091383
v 6.580612 32.335548 5.091383
v 8.204063 42.038116 5.091383
v 7.577049 37.932121 5.091383
v 10.876915 35.374519 5.091383
v 11.358543 33.736031 5.091383
v 5.449615 52.177063 5.091383
v 4.988747 49.839890 5.091383
v 5.803215 46.951736 5.091383
v 7.583992 45.298264 5.091383
v 6.343346 52.506302 8.522091
v 8.224525 54.414963 8.522091
v 10.808418 55.126617 8.522092
v 10.626312 57.333405 8.522092
v 6.892899 56.228943 8.522091
v 4.162567 53.628738 8.522090
v 8.670265 56.947830 8.522091
v 9.516464 54.770782 8.522091
v 5.438408 55.095520 8.522091
v 7.283943 53.460632 8.522091
v 10.717346 56.229980 9.224766
v 9.093361 55.859314 9.224765
v 7.558739 55.321960 9.224765
v 6.361191 54.278091 9.224764
v 5.252975 53.067535 9.224764
v 5.438408 55.095520 7.776031
v 4.162567 53.628738 7.776031
v 10.138420 59.808533 8.522092
v 7.953362 59.354752 8.522091
v 7.953362 59.354752 7.776031
v 10.138420 59.808533 7.776031
v 5.946983 58.567642 8.522091
v 5.946983 58.567642 7.776031
v 6.419952 57.398285 8.522091
v 6.081429 55.596588 8.522091
v 6.426910 56.413193 8.522091
v 6.419952 57.398285 7.776031
v 6.081429 55.596588 7.776031
v 6.426910 56.413193 7.776031
v 6.343346 52.506302 7.029971
v 8.224525 54.414963 7.029970
v 10.808403 55.126617 7.029969
v 10.626312 57.333389 7.029969
v 6.892906 56.228928 7.029970
v 4.162567 53.628754 7.029971
v 8.670265 56.947830 7.029970
v 9.516457 54.770767 7.029970
v 5.438400 55.095520 7.029970
v 7.283943 53.460648 7.029970
v 10.717339 56.229980 6.327295
v 9.093361 55.859314 6.327296
v 7.558731 55.321945 6.327297
v 6.361183 54.278091 6.327297
v 5.252975 53.067535 6.327297
v 5.438400 55.095520 7.776031
v 4.162567 53.628754 7.776031
v 10.138420 59.808533 7.029969
v 7.953362 59.354752 7.029970
v 7.953362 59.354752 7.776031
v 10.138420 59.808533 7.776031
v 5.946968 58.567642 7.029970
v 5.946968 58.567642 7.776031
v 6.419952 57.398285 7.029970
v 6.081406 55.596573 7.029970
v 6.426910 56.413193 7.029970
v 6.419952 57.398285 7.776031
v 6.081406 55.596573 7.776031
v 6.426910 56.413193 7.776031
v 49.371117 -32.173916 7.776031
v 53.662086 -19.128670 7.776031
v 54.093239 -12.541199 7.776031
v 52.049385 3.667358 7.776031
v 47.306618 17.663818 7.776031
v 39.710770 31.909416 7.776031
v 32.923706 41.474304 7.776031
v 29.716331 41.891014 7.776031
v 26.188034 44.050461 7.776031
v 24.798828 48.060471 7.776031
v 17.958984 56.050018 7.776031
v 15.202553 61.902130 7.776031
v 9.324104 62.668060 7.776031
v 8.305534 60.050812 6.221105
v 9.502625 55.707718 6.258251
v 12.782745 55.170120 6.294608
v 15.283623 53.672058 6.328593
v 17.299965 51.046173 6.364159
v 18.047333 47.957870 6.389521
v 17.121887 45.379471 6.394983
v 27.162651 34.923256 6.557006
v 34.345734 33.572350 6.637622
v 37.526291 29.427979 6.693738
v 45.160927 16.518860 5.904644
v 49.803612 3.282242 6.152597
v 51.753777 -6.185867 6.193935
v 48.712074 -10.718788 5.145855
v 46.247917 -12.973778 7.776031
v 49.018700 -20.795654 7.776031
v 49.575813 -26.643337 7.776031
v 51.587074 -27.199604 7.776031
v 53.858772 -6.114914 7.776031
v 14.159592 60.028259 4.394935
v 16.557190 54.804047 5.238101
v 15.299545 57.027206 5.193096
v 16.501633 58.876221 7.776031
v 18.646080 52.413910 5.299644
v 20.929314 49.635345 5.368596
v 23.664398 46.210205 5.452175
v 24.103081 47.326111 5.448693
v 23.954262 44.797577 5.471677
v 25.275566 43.072266 5.512770
v 28.921158 40.495087 5.604011
v 32.772781 39.516945 5.682714
v 34.340660 35.272575 5.466824
v 37.861984 29.890945 5.961757
v 50.829033 -19.936050 5.904434
v 50.641411 -26.856094 6.722970
v 50.166557 -14.912354 5.560831
v 47.883034 -16.517838 7.776031
v 25.391685 45.241318 7.776031
v 24.948677 46.426819 7.776031
v 27.728867 42.847755 7.776031
v 26.871262 41.674179 5.555445
v 31.135246 41.582527 7.776031
v 30.638290 39.926727 5.640440
v 21.292038 52.156693 7.776031
v 22.296852 47.922775 5.410386
v 23.045448 50.108597 7.776031
v 27.701408 36.291443 5.319635
v 19.449898 48.556763 5.009342
v 18.879120 45.477448 5.033354
v 18.087425 51.846283 4.943469
v 16.018448 54.325180 4.872572
v 13.759148 55.890564 4.808367
v 10.449883 56.656845 4.732005
v 9.597786 60.045837 4.675385
v 10.178009 62.556824 7.776031
v 24.924660 39.182655 5.229531
v 24.150414 38.060120 6.508399
v 21.831520 42.403328 5.129159
v 20.902649 41.442307 6.455991
v 8.305534 60.050812 7.776031
v 9.502625 55.707718 7.776031
v 12.782745 55.170120 7.776031
v 15.283623 53.672058 7.776031
v 17.299965 51.046173 7.776031
v 18.047333 47.957870 7.776031
v 17.121887 45.379471 7.776031
v 20.902649 41.442307 7.776031
v 27.162651 34.923256 7.776031
v 34.345734 33.572350 7.776031
v 37.526291 29.427979 7.776031
v 45.160927 16.518860 7.776031
v 49.803612 3.282242 7.776031
v 51.753777 -6.185867 7.776031
v 48.712074 -10.718788 7.776031
v 24.150414 38.060120 7.776031
v 8.305534 60.050812 9.330956
v 9.502625 55.707718 9.293810
v 12.782745 55.170120 9.257454
v 15.283623 53.672058 9.223468
v 17.299965 51.046173 9.187902
v 18.047333 47.957870 9.162540
v 17.121887 45.379471 9.157078
v 27.162651 34.923256 8.995055
v 34.345734 33.572350 8.914439
v 37.526291 29.427979 8.858323
v 45.160927 16.518860 9.647417
v 49.803612 3.282242 9.399464
v 51.753777 -6.185867 9.358127
v 48.712074 -10.718788 10.406206
v 14.159592 60.028259 11.157126
v 16.557190 54.804047 10.313961
v 15.299545 57.027206 10.358965
v 18.646080 52.413910 10.252418
v 20.929314 49.635345 10.183465
v 23.664398 46.210205 10.099886
v 24.103081 47.326111 10.103369
v 23.954262 44.797577 10.080384
v 25.275566 43.072266 10.039291
v 28.921158 40.495087 9.948050
v 32.772781 39.516945 9.869347
v 34.340660 35.272575 10.085238
v 37.861984 29.890945 9.590303
v 50.829033 -19.936050 9.647627
v 50.641411 -26.856094 8.829092
v 50.166557 -14.912354 9.991230
v 26.871262 41.674179 9.996616
v 30.638290 39.926727 9.911621
v 22.296852 47.922775 10.141675
v 27.701408 36.291443 10.232426
v 19.449898 48.556763 10.542719
v 18.879120 45.477448 10.518707
v 18.087425 51.846283 10.608592
v 16.018448 54.325180 10.679489
v 13.759148 55.890564 10.743694
v 10.449883 56.656845 10.820056
v 9.597786 60.045837 10.876677
v 24.924660 39.182655 10.322531
v 24.150414 38.060120 9.043662
v 21.831520 42.403328 10.422902
v 20.902649 41.442307 9.096069
v 7.479431 47.971161 10.896077
v 6.942368 49.919540 10.896077
v 7.451477 51.875412 10.896077
v 8.870316 53.314697 10.896077
v 10.818710 53.851715 10.896077
v 12.774590 53.342590 10.896077
v 14.213844 51.923767 10.896077
v 14.750908 49.975372 10.896077
v 14.241791 48.019531 10.896077
v 12.822952 46.580231 10.896077
v 10.874550 46.043213 10.896077
v 8.918709 46.552322 10.896077
v 10.846664 49.947464 10.896077
v 8.224525 54.414963 7.776031
v 6.342064 52.505386 7.776031
v 8.288712 45.442886 7.776031
v 10.883690 44.767426 7.776031
v 13.468735 45.479950 7.776031
v 15.351219 47.389526 7.776031
v 16.026672 49.984512 7.776031
v 15.314156 52.569550 7.776031
v 13.404587 54.452011 7.776031
v 10.809586 55.127472 7.776031
v 8.224525 54.414963 9.250793
v 6.342064 52.505386 9.250793
v 5.666603 49.910416 9.250793
v 6.379143 47.325348 9.250793
v 8.288712 45.442886 9.250793
v 10.883690 44.767426 9.250793
v 13.468735 45.479950 9.250793
v 15.351219 47.389526 9.250793
v 16.026672 49.984512 9.250793
v 15.314156 52.569550 9.250793
v 13.404587 54.452011 9.250793
v 10.809586 55.127472 9.250793
v 7.479431 47.971161 4.655984
v 6.942368 49.919540 4.655984
v 7.451477 51.875412 4.655984
v 8.870316 53.314697 4.655984
v 10.818710 53.851715 4.655984
v 12.774590 53.342590 4.655984
v 14.213844 51.923767 4.655984
v 14.750908 49.975372 4.655984
v 14.241791 48.019531 4.655984
v 12.822952 46.580231 4.655984
v 10.874550 46.043213 4.655984
v 8.918709 46.552322 4.655984
v 10.846664 49.947464 4.655984
v 8.224525 54.414963 6.301269
v 6.342064 52.505386 6.301269
v 5.666603 49.910416 6.301269
v 6.379143 47.325348 6.301268
v 8.288712 45.442886 6.301268
v 10.883690 44.767426 6.301268
v 13.468735 45.479950 6.301268
v 15.351219 47.389526 6.301268
v 16.026672 49.984512 6.301268
v 15.314156 52.569550 6.301268
v 13.404587 54.452011 6.301268
v 10.809586 55.127472 6.301268
v 8.264702 38.249634 7.776031
v 8.866013 41.950439 6.637626
v 8.288712 45.442886 6.637605
v 10.883690 44.767426 6.637605
v 13.468735 45.479950 6.637605
v 15.351219 47.389511 6.637605
v 16.026672 49.984512 6.637605
v 15.314156 52.569565 6.637605
v 16.109589 53.010468 6.637605
v 17.299965 51.046173 6.637627
v 18.047333 47.957870 6.637628
v 17.121887 45.379471 6.637628
v 20.902649 41.442307 6.637628
v 24.150414 38.060120 6.637629
v 27.162651 34.923256 6.637630
v 34.345734 33.572350 6.637630
v 37.526291 29.427979 6.637630
v 45.160927 16.518860 6.637623
v 49.803612 3.282242 6.637625
v 51.753777 -6.185867 6.637626
v 48.712074 -10.718788 6.637615
v 46.247917 -12.973778 7.776031
v 41.184586 -5.494461 7.776031
v 43.154701 -5.183029 7.776031
v 43.911057 -3.242516 7.776031
v 42.922081 1.601837 7.776031
v 38.956024 9.701569 7.776031
v 33.028511 17.275841 7.776031
v 34.434113 18.128563 7.776031
v 31.691208 23.413834 7.776031
v 30.013222 25.211174 7.776031
v 28.177750 25.574135 7.776031
v 26.169067 25.620659 7.776031
v 23.006599 29.203308 7.776031
v 19.651237 32.429810 7.776031
v 17.990616 33.010864 7.776031
v 12.380959 33.542221 7.776031
v 11.444702 35.777084 7.776031
v 45.102127 -6.993073 6.637632
v 45.863243 -6.208336 6.637631
v 46.124474 -3.922775 6.637631
v 45.507439 1.340408 6.637636
v 40.887627 10.904785 6.637636
v 36.525887 16.716927 6.637639
v 32.461136 24.163277 6.637640
v 30.374969 26.204277 6.637640
v 28.375961 26.573204 6.637640
v 26.445961 26.587433 6.637640
v 23.670967 29.875946 6.637640
v 20.084335 33.084473 6.637640
v 18.166527 33.993240 6.637640
v 13.032387 34.573845 6.637635
v 12.048752 36.209389 6.637628
v 8.425224 39.237572 6.637626
v 12.798576 42.326202 6.637627
v 13.404587 54.452011 6.637605
v 13.694397 55.106613 6.637605
v 10.809578 55.127487 6.637605
v 10.682762 55.929016 6.637605
v 8.866013 41.950439 8.914435
v 8.288712 45.442886 8.914456
v 10.883690 44.767426 8.914456
v 13.468735 45.479950 8.914456
v 15.351219 47.389511 8.914456
v 16.026672 49.984512 8.914456
v 15.314156 52.569565 8.914456
v 16.109589 53.010468 8.914456
v 17.299965 51.046173 8.914433
v 18.047333 47.957870 8.914433
v 17.121887 45.379471 8.914433
v 20.902649 41.442307 8.914433
v 24.150414 38.060120 8.914433
v 27.162651 34.923256 8.914432
v 34.345734 33.572350 8.914431
v 37.526291 29.427979 8.914431
v 45.160927 16.518860 8.914438
v 49.803612 3.282242 8.914436
v 51.753777 -6.185867 8.914435
v 48.712074 -10.718788 8.914446
v 45.102127 -6.993073 8.914429
v 45.863243 -6.208336 8.914430
v 46.124474 -3.922775 8.914430
v 45.507439 1.340408 8.914426
v 40.887627 10.904785 8.914425
v 36.525887 16.716927 8.914422
v 32.461136 24.163277 8.914421
v 30.374969 26.204277 8.914421
v 28.375961 26.573204 8.914421
v 26.445961 26.587433 8.914421
v 23.670967 29.875946 8.914421
v 20.084335 33.084473 8.914421
v 18.166527 33.993240 8.914421
v 13.032387 34.573845 8.914427
v 12.048752 36.209389 8.914433
v 8.425224 39.237572 8.914435
v 12.798576 42.326202 8.914434
v 13.404587 54.452011 8.914456
v 13.694397 55.106613 8.914456
v 10.809578 55.127487 8.914456
v 10.682762 55.929016 8.914456
v 39.797066 -37.006432 7.776031
v 40.082939 -36.214581 9.429013
v 40.368858 -35.422691 10.078485
v 40.814308 -34.188961 10.078485
v 41.541496 -32.174671 9.494013
v 41.883156 -31.228340 8.812588
v 42.224930 -30.281925 7.776031
v 41.883156 -31.228340 6.739473
v 41.541496 -32.174671 6.058048
v 40.814308 -34.188961 5.473577
v 40.368858 -35.422691 5.473577
v 40.082939 -36.214581 6.123048
vt 0.247390 0.646700
vt 0.243030 0.646700
vt 0.244480 0.645250
vt 0.245930 0.645250
vt 0.247390 0.642340
vt 0.245930 0.643790
vt 0.243030 0.642340
vt 0.244480 0.643790
vt 0.134311 0.086460
vt 0.199723 0.021036
vt 0.265147 0.086460
vt 0.199723 0.151873
vt 0.244310 0.637650
vt 0.242720 0.639250
vt 0.247500 0.639250
vt 0.245910 0.637650
vt 0.247500 0.634460
vt 0.245910 0.636060
vt 0.242720 0.634460
vt 0.244310 0.636060
vt 0.134117 0.086439
vt 0.199529 0.021016
vt 0.264953 0.086439
vt 0.199529 0.151852
vt 0.246001 0.914145
vt 0.240010 0.882666
vt 0.207175 0.901651
vt 0.211645 0.931779
vt 0.279158 0.811563
vt 0.210492 0.827442
vt 0.226596 0.850840
vt 0.196651 0.873198
vt 0.177960 0.849863
vt 0.263566 0.768943
vt 0.243440 0.768754
vt 0.288379 0.898728
vt 0.293040 0.800535
vt 0.335882 0.863005
vt 0.353942 0.856462
vt 0.280642 0.766947
vt 0.318419 0.896289
vt 0.338631 0.899375
vt 0.246001 0.914145
vt 0.211645 0.931779
vt 0.207175 0.901651
vt 0.240010 0.882666
vt 0.279158 0.811563
vt 0.226596 0.850840
vt 0.210492 0.827442
vt 0.196651 0.873198
vt 0.177960 0.849863
vt 0.243440 0.768754
vt 0.263566 0.768943
vt 0.288379 0.898728
vt 0.293040 0.800535
vt 0.353942 0.856462
vt 0.335882 0.863005
vt 0.280642 0.766947
vt 0.318419 0.896289
vt 0.338631 0.899375
vt 0.536866 0.710146
vt 0.557968 0.706605
vt 0.581689 0.705984
vt 0.557316 0.730334
vt 0.681096 0.668875
vt 0.680880 0.655516
vt 0.696102 0.655516
vt 0.612373 0.701465
vt 0.600448 0.697417
vt 0.618871 0.680015
vt 0.629233 0.686008
vt 0.593933 0.710800
vt 0.578894 0.717701
vt 0.785787 0.639878
vt 0.784341 0.637120
vt 0.796770 0.632433
vt 0.646091 0.675944
vt 0.639035 0.665423
vt 0.661496 0.656304
vt 0.665713 0.670104
vt 0.785219 0.630499
vt 0.767293 0.667339
vt 0.764351 0.650166
vt 0.766142 0.629951
vt 0.754869 0.681183
vt 0.748444 0.656017
vt 0.558398 0.673986
vt 0.738936 0.685531
vt 0.732477 0.658471
vt 0.713347 0.668589
vt 0.718780 0.682749
vt 0.742812 0.626457
vt 0.710810 0.656147
vt 0.721619 0.621430
vt 0.673211 0.620076
vt 0.701531 0.611153
vt 0.638096 0.631787
vt 0.596459 0.656290
vt 0.743686 0.692593
vt 0.724796 0.700161
vt 0.760284 0.684350
vt 0.774613 0.668719
vt 0.792014 0.641691
vt 0.785043 0.627764
vt 0.768855 0.621660
vt 0.746782 0.615953
vt 0.728548 0.609246
vt 0.711499 0.596463
vt 0.666935 0.602496
vt 0.696089 0.593354
vt 0.536866 0.710146
vt 0.557316 0.730334
vt 0.581689 0.705984
vt 0.557968 0.706605
vt 0.681096 0.668875
vt 0.696102 0.655516
vt 0.680880 0.655516
vt 0.612373 0.701465
vt 0.629233 0.686008
vt 0.618871 0.680015
vt 0.600448 0.697417
vt 0.593933 0.710800
vt 0.578894 0.717701
vt 0.785787 0.639878
vt 0.796770 0.632433
vt 0.784341 0.637120
vt 0.646091 0.675944
vt 0.665713 0.670104
vt 0.661496 0.656304
vt 0.639035 0.665423
vt 0.785219 0.630499
vt 0.767293 0.667339
vt 0.764351 0.650166
vt 0.766142 0.629951
vt 0.754869 0.681183
vt 0.748444 0.656017
vt 0.558398 0.673986
vt 0.738936 0.685531
vt 0.732477 0.658471
vt 0.713347 0.668589
vt 0.718780 0.682749
vt 0.742812 0.626457
vt 0.710810 0.656147
vt 0.721619 0.621430
vt 0.701531 0.611153
vt 0.673211 0.620076
vt 0.638096 0.631787
vt 0.596459 0.656290
vt 0.724796 0.700161
vt 0.743686 0.692593
vt 0.760284 0.684350
vt 0.774613 0.668719
vt 0.792014 0.641691
vt 0.785043 0.627764
vt 0.768855 0.621660
vt 0.746782 0.615953
vt 0.728548 0.609246
vt 0.711499 0.596463
vt 0.696089 0.593354
vt 0.666935 0.602496
vt 0.447926 0.812285
vt 0.448201 0.776373
vt 0.468339 0.777478
vt 0.465737 0.806359
vt 0.360769 0.731437
vt 0.368204 0.727685
vt 0.371886 0.747033
vt 0.357843 0.752741
vt 0.364904 0.708662
vt 0.368193 0.724951
vt 0.358427 0.728836
vt 0.351881 0.715191
vt 0.379655 0.699862
vt 0.382084 0.726464
vt 0.455158 0.753233
vt 0.474540 0.759056
vt 0.470335 0.731646
vt 0.464271 0.732858
vt 0.480773 0.710580
vt 0.381964 0.766982
vt 0.367583 0.771390
vt 0.385949 0.784140
vt 0.371236 0.786382
vt 0.413551 0.755122
vt 0.394277 0.763654
vt 0.386971 0.742643
vt 0.398989 0.735729
vt 0.391732 0.828102
vt 0.376949 0.830026
vt 0.421878 0.779135
vt 0.398345 0.782433
vt 0.425792 0.820703
vt 0.404024 0.826532
vt 0.344777 0.737266
vt 0.336605 0.725786
vt 0.347567 0.739858
vt 0.455835 0.698248
vt 0.438417 0.665395
vt 0.464753 0.662199
vt 0.470470 0.673993
vt 0.435491 0.777142
vt 0.437977 0.814031
vt 0.442753 0.752307
vt 0.392709 0.683786
vt 0.424464 0.666868
vt 0.407022 0.673156
vt 0.496400 0.035239
vt 0.496400 0.021268
vt 0.522656 0.021268
vt 0.522656 0.035239
vt 0.496400 0.065427
vt 0.522656 0.065427
vt 0.496400 0.096858
vt 0.522656 0.096857
vt 0.522656 0.141959
vt 0.496400 0.121825
vt 0.522656 0.121825
vt 0.447926 0.812285
vt 0.465737 0.806359
vt 0.468339 0.777478
vt 0.448201 0.776373
vt 0.360769 0.731437
vt 0.357843 0.752741
vt 0.371886 0.747033
vt 0.368204 0.727685
vt 0.364904 0.708662
vt 0.351881 0.715191
vt 0.358427 0.728836
vt 0.368193 0.724951
vt 0.379655 0.699862
vt 0.382084 0.726464
vt 0.474540 0.759056
vt 0.455158 0.753233
vt 0.470335 0.731646
vt 0.464271 0.732858
vt 0.480773 0.710580
vt 0.367583 0.771390
vt 0.381964 0.766982
vt 0.371236 0.786382
vt 0.385949 0.784140
vt 0.413551 0.755122
vt 0.398989 0.735729
vt 0.386971 0.742643
vt 0.394277 0.763654
vt 0.376949 0.830026
vt 0.391732 0.828102
vt 0.421878 0.779135
vt 0.398345 0.782433
vt 0.404024 0.826532
vt 0.425792 0.820703
vt 0.336605 0.725786
vt 0.344777 0.737266
vt 0.347567 0.739858
vt 0.455835 0.698248
vt 0.470470 0.673993
vt 0.464753 0.662199
vt 0.438417 0.665395
vt 0.437977 0.814031
vt 0.435491 0.777142
vt 0.442753 0.752307
vt 0.392709 0.683786
vt 0.424464 0.666868
vt 0.407022 0.673156
vt 0.496400 0.035239
vt 0.522656 0.035239
vt 0.522656 0.021268
vt 0.496400 0.021268
vt 0.496400 0.065427
vt 0.522656 0.065427
vt 0.496400 0.096858
vt 0.522656 0.096857
vt 0.522656 0.141959
vt 0.522656 0.121825
vt 0.496400 0.121825
vt 0.624205 0.842333
vt 0.619359 0.829655
vt 0.597825 0.853625
vt 0.606747 0.863586
vt 0.521788 0.928557
vt 0.567369 0.937159
vt 0.567049 0.921430
vt 0.535435 0.919233
vt 0.605425 0.922126
vt 0.595391 0.907356
vt 0.658724 0.871689
vt 0.653413 0.855875
vt 0.693399 0.875234
vt 0.704156 0.860933
vt 0.706033 0.912503
vt 0.717690 0.899291
vt 0.765751 0.964219
vt 0.761380 0.937418
vt 0.814887 0.928763
vt 0.797707 0.913981
vt 0.778843 0.871069
vt 0.760716 0.872164
vt 0.793048 0.836778
vt 0.774836 0.836746
vt 0.787607 0.801643
vt 0.770414 0.810044
vt 0.713814 0.766903
vt 0.724501 0.774356
vt 0.740430 0.764213
vt 0.745594 0.747487
vt 0.657607 0.829016
vt 0.704156 0.818940
vt 0.695214 0.809224
vt 0.654452 0.817570
vt 0.547210 0.878867
vt 0.537574 0.867983
vt 0.574090 0.877115
vt 0.569589 0.864591
vt 0.547575 0.084397
vt 0.530034 0.084397
vt 0.530034 0.128101
vt 0.547575 0.128101
vt 0.530034 0.167275
vt 0.547576 0.167275
vt 0.462080 0.021268
vt 0.444538 0.021268
vt 0.444538 0.058572
vt 0.462080 0.058572
vt 0.444538 0.097426
vt 0.462080 0.097426
vt 0.444538 0.188933
vt 0.462080 0.188933
vt 0.444538 0.246809
vt 0.462080 0.246809
vt 0.444538 0.310900
vt 0.462080 0.310900
vt 0.444538 0.349400
vt 0.462080 0.349400
vt 0.444538 0.385869
vt 0.462080 0.385869
vt 0.444538 0.456379
vt 0.462080 0.456379
vt 0.444538 0.491633
vt 0.462080 0.491633
vt 0.444538 0.537568
vt 0.462080 0.537568
vt 0.444538 0.580325
vt 0.462080 0.580325
vt 0.444538 0.620692
vt 0.462080 0.620692
vt 0.547575 0.021268
vt 0.530034 0.021268
vt 0.624205 0.842333
vt 0.606747 0.863586
vt 0.597825 0.853625
vt 0.619359 0.829655
vt 0.521788 0.928557
vt 0.535435 0.919233
vt 0.567049 0.921430
vt 0.567369 0.937159
vt 0.605425 0.922126
vt 0.595391 0.907356
vt 0.658724 0.871689
vt 0.653413 0.855875
vt 0.693399 0.875234
vt 0.704156 0.860933
vt 0.706033 0.912503
vt 0.717690 0.899291
vt 0.765751 0.964219
vt 0.761380 0.937418
vt 0.814887 0.928763
vt 0.797707 0.913981
vt 0.778843 0.871069
vt 0.760716 0.872164
vt 0.793048 0.836778
vt 0.774836 0.836746
vt 0.787607 0.801643
vt 0.770414 0.810044
vt 0.713814 0.766903
vt 0.745594 0.747487
vt 0.740430 0.764213
vt 0.724501 0.774356
vt 0.657607 0.829016
vt 0.654452 0.817570
vt 0.695214 0.809224
vt 0.704156 0.818940
vt 0.537574 0.867983
vt 0.547210 0.878867
vt 0.569589 0.864591
vt 0.574090 0.877115
vt 0.547575 0.084397
vt 0.547575 0.128101
vt 0.530034 0.128101
vt 0.530034 0.084397
vt 0.547576 0.167275
vt 0.530034 0.167275
vt 0.462080 0.021268
vt 0.462080 0.058572
vt 0.444538 0.058572
vt 0.444538 0.021268
vt 0.462080 0.097426
vt 0.444538 0.097426
vt 0.462080 0.188933
vt 0.444538 0.188933
vt 0.462080 0.246809
vt 0.444538 0.246809
vt 0.462080 0.310900
vt 0.444538 0.310900
vt 0.462080 0.349400
vt 0.444538 0.349400
vt 0.462080 0.385869
vt 0.444538 0.385869
vt 0.462080 0.456379
vt 0.444538 0.456379
vt 0.462080 0.491633
vt 0.444538 0.491633
vt 0.462080 0.537568
vt 0.444538 0.537568
vt 0.462080 0.580325
vt 0.444538 0.580325
vt 0.462080 0.620692
vt 0.444538 0.620692
vt 0.547575 0.021268
vt 0.530034 0.021268
vt 0.445718 0.878708
vt 0.432046 0.884552
vt 0.435713 0.896194
vt 0.452376 0.890355
vt 0.417713 0.896195
vt 0.417295 0.883645
vt 0.404120 0.882680
vt 0.400964 0.894238
vt 0.459413 0.872862
vt 0.468932 0.882634
vt 0.418108 0.911766
vt 0.397785 0.908770
vt 0.439414 0.910848
vt 0.450375 0.907546
vt 0.459057 0.904990
vt 0.478468 0.895409
vt 0.559067 0.138490
vt 0.567575 0.138490
vt 0.567575 0.113041
vt 0.559067 0.113041
vt 0.567576 0.088463
vt 0.559068 0.088463
vt 0.559068 0.043436
vt 0.567576 0.043437
vt 0.567576 0.021268
vt 0.559068 0.021268
vt 0.393966 0.934388
vt 0.416806 0.937620
vt 0.439952 0.925209
vt 0.440602 0.936772
vt 0.443552 0.914697
vt 0.567576 0.074078
vt 0.559068 0.074078
vt 0.559068 0.052733
vt 0.567576 0.052733
vt 0.559068 0.062845
vt 0.567576 0.062845
vt 0.445718 0.878708
vt 0.452376 0.890355
vt 0.435713 0.896194
vt 0.432046 0.884552
vt 0.417713 0.896195
vt 0.400964 0.894238
vt 0.404120 0.882680
vt 0.417295 0.883645
vt 0.459413 0.872862
vt 0.468932 0.882634
vt 0.418108 0.911766
vt 0.397785 0.908770
vt 0.439414 0.910848
vt 0.459057 0.904990
vt 0.450375 0.907546
vt 0.478468 0.895409
vt 0.559067 0.138490
vt 0.559067 0.113041
vt 0.567575 0.113041
vt 0.567575 0.138490
vt 0.559068 0.088463
vt 0.567576 0.088463
vt 0.559068 0.043436
vt 0.559068 0.021268
vt 0.567576 0.021268
vt 0.567576 0.043437
vt 0.416806 0.937620
vt 0.393966 0.934388
vt 0.439952 0.925209
vt 0.440602 0.936772
vt 0.443552 0.914697
vt 0.559068 0.074078
vt 0.567576 0.074078
vt 0.559068 0.052733
vt 0.567576 0.052733
vt 0.559068 0.062845
vt 0.567576 0.062845
vt 0.580164 0.549488
vt 0.544010 0.515556
vt 0.550354 0.456102
vt 0.594437 0.492504
vt 0.533850 0.409913
vt 0.525944 0.365620
vt 0.565444 0.346740
vt 0.525804 0.284453
vt 0.565346 0.289924
vt 0.535447 0.255837
vt 0.573906 0.242498
vt 0.577841 0.198470
vt 0.592172 0.192010
vt 0.077131 0.251068
vt 0.069079 0.336295
vt 0.053404 0.332439
vt 0.061512 0.249461
vt 0.074680 0.068499
vt 0.074781 0.128713
vt 0.054771 0.136738
vt 0.068093 0.067086
vt 0.063542 0.458641
vt 0.044244 0.459642
vt 0.065175 0.591657
vt 0.044630 0.598123
vt 0.078252 0.856295
vt 0.059451 0.837976
vt 0.079751 0.824982
vt 0.071190 0.949898
vt 0.045595 0.971296
vt 0.030987 0.928117
vt 0.052913 0.927508
vt 0.041838 0.904563
vt 0.065205 0.904408
vt 0.082812 0.909630
vt 0.088488 0.932648
vt 0.081568 0.885069
vt 0.074110 0.883842
vt 0.051840 0.878756
vt 0.081538 0.774095
vt 0.065048 0.769101
vt 0.065570 0.763730
vt 0.080704 0.754553
vt 0.065284 0.649411
vt 0.052638 0.686358
vt 0.038984 0.696247
vt 0.096400 0.825728
vt 0.086099 0.856348
vt 0.072879 0.589317
vt 0.078020 0.635916
vt 0.082760 0.067845
vt 0.094525 0.117820
vt 0.082855 0.171667
vt 0.094686 0.206500
vt 0.059787 0.195315
vt 0.104471 0.154499
vt 0.114257 0.186030
vt 0.074848 0.033316
vt 0.070095 0.715888
vt 0.053010 0.721300
vt 0.046923 0.709818
vt 0.062859 0.701728
vt 0.060023 0.738923
vt 0.077233 0.735754
vt 0.077503 0.785886
vt 0.064632 0.779353
vt 0.070980 0.792360
vt 0.063634 0.793997
vt 0.078718 0.806081
vt 0.104190 0.729716
vt 0.061533 0.816332
vt 0.116007 0.688055
vt 0.101448 0.695565
vt 0.113933 0.804993
vt 0.131105 0.812286
vt 0.114432 0.830938
vt 0.108638 0.767926
vt 0.124817 0.765292
vt 0.102272 0.857423
vt 0.097577 0.887076
vt 0.100221 0.913976
vt 0.104465 0.939718
vt 0.076528 0.963388
vt 0.049585 0.978091
vt 0.119991 0.725401
vt 0.080838 0.973939
vt 0.110624 0.951921
vt 0.112968 0.913413
vt 0.117824 0.938508
vt 0.110219 0.888243
vt 0.114049 0.861088
vt 0.124977 0.837336
vt 0.140383 0.819438
vt 0.136178 0.763674
vt 0.142986 0.810487
vt 0.087254 0.632141
vt 0.124484 0.682143
vt 0.082276 0.588604
vt 0.079774 0.458654
vt 0.083077 0.337194
vt 0.090748 0.254816
vt 0.115504 0.214743
vt 0.126509 0.686732
vt 0.130925 0.723967
vt 0.077131 0.251068
vt 0.061512 0.249461
vt 0.053404 0.332439
vt 0.069079 0.336295
vt 0.074680 0.068499
vt 0.068093 0.067086
vt 0.054771 0.136738
vt 0.074781 0.128713
vt 0.044244 0.459642
vt 0.063542 0.458641
vt 0.044630 0.598123
vt 0.065175 0.591657
vt 0.078252 0.856295
vt 0.079751 0.824982
vt 0.059451 0.837976
vt 0.071190 0.949898
vt 0.052913 0.927508
vt 0.030987 0.928117
vt 0.045595 0.971296
vt 0.065205 0.904408
vt 0.041838 0.904563
vt 0.082812 0.909630
vt 0.088488 0.932648
vt 0.081568 0.885069
vt 0.074110 0.883842
vt 0.051840 0.878756
vt 0.081538 0.774095
vt 0.080704 0.754553
vt 0.065570 0.763730
vt 0.065048 0.769101
vt 0.065284 0.649411
vt 0.038984 0.696247
vt 0.052638 0.686358
vt 0.086099 0.856348
vt 0.096400 0.825728
vt 0.072879 0.589317
vt 0.078020 0.635916
vt 0.082760 0.067845
vt 0.094525 0.117820
vt 0.082855 0.171667
vt 0.059787 0.195315
vt 0.094686 0.206500
vt 0.104471 0.154499
vt 0.114257 0.186030
vt 0.074848 0.033316
vt 0.070095 0.715888
vt 0.062859 0.701728
vt 0.046923 0.709818
vt 0.053010 0.721300
vt 0.077233 0.735754
vt 0.060023 0.738923
vt 0.077503 0.785886
vt 0.064632 0.779353
vt 0.063634 0.793997
vt 0.070980 0.792360
vt 0.078718 0.806081
vt 0.104190 0.729716
vt 0.061533 0.816332
vt 0.101448 0.695565
vt 0.116007 0.688055
vt 0.114432 0.830938
vt 0.131105 0.812286
vt 0.113933 0.804993
vt 0.124817 0.765292
vt 0.108638 0.767926
vt 0.102272 0.857423
vt 0.097577 0.887076
vt 0.100221 0.913976
vt 0.104465 0.939718
vt 0.076528 0.963388
vt 0.049585 0.978091
vt 0.119991 0.725401
vt 0.080838 0.973939
vt 0.110624 0.951921
vt 0.117824 0.938508
vt 0.112968 0.913413
vt 0.110219 0.888243
vt 0.114049 0.861088
vt 0.124977 0.837336
vt 0.140383 0.819438
vt 0.142986 0.810487
vt 0.136178 0.763674
vt 0.124484 0.682143
vt 0.087254 0.632141
vt 0.082276 0.588604
vt 0.079774 0.458654
vt 0.083077 0.337194
vt 0.090748 0.254816
vt 0.115504 0.214743
vt 0.130925 0.723967
vt 0.126509 0.686732
vt 0.247119 0.114460
vt 0.199629 0.087043
vt 0.227048 0.134532
vt 0.199629 0.141879
vt 0.172211 0.134532
vt 0.152140 0.114460
vt 0.144794 0.087042
vt 0.152140 0.059624
vt 0.172212 0.039553
vt 0.199629 0.032207
vt 0.227047 0.039553
vt 0.247118 0.059624
vt 0.254465 0.087042
vt 0.487534 0.021268
vt 0.470716 0.021268
vt 0.470716 0.051846
vt 0.487534 0.051846
vt 0.487533 0.265895
vt 0.470716 0.265895
vt 0.470715 0.296474
vt 0.487533 0.296474
vt 0.487533 0.235317
vt 0.470716 0.235317
vt 0.487533 0.204738
vt 0.470716 0.204738
vt 0.487534 0.174160
vt 0.470716 0.174160
vt 0.487534 0.143582
vt 0.470716 0.143582
vt 0.487534 0.113003
vt 0.470716 0.113003
vt 0.487534 0.082425
vt 0.470716 0.082424
vt 0.200158 0.154098
vt 0.166559 0.145378
vt 0.233615 0.144849
vt 0.257965 0.120111
vt 0.266684 0.086513
vt 0.257435 0.053057
vt 0.232698 0.028707
vt 0.199101 0.019988
vt 0.165645 0.029236
vt 0.141295 0.053973
vt 0.132575 0.087570
vt 0.141822 0.121027
vt 0.247119 0.114460
vt 0.227048 0.134532
vt 0.199629 0.087043
vt 0.199629 0.141879
vt 0.172211 0.134532
vt 0.152140 0.114460
vt 0.144794 0.087042
vt 0.152140 0.059624
vt 0.172212 0.039553
vt 0.199629 0.032207
vt 0.227047 0.039553
vt 0.247118 0.059624
vt 0.254465 0.087042
vt 0.487534 0.021268
vt 0.487534 0.051846
vt 0.470716 0.051846
vt 0.470716 0.021268
vt 0.487533 0.265895
vt 0.487533 0.296474
vt 0.470715 0.296474
vt 0.470716 0.265895
vt 0.487533 0.235317
vt 0.470716 0.235317
vt 0.487533 0.204738
vt 0.470716 0.204738
vt 0.487534 0.174160
vt 0.470716 0.174160
vt 0.487534 0.143582
vt 0.470716 0.143582
vt 0.487534 0.113003
vt 0.470716 0.113003
vt 0.487534 0.082425
vt 0.470716 0.082424
vt 0.200158 0.154098
vt 0.166559 0.145378
vt 0.233615 0.144849
vt 0.257965 0.120111
vt 0.266684 0.086513
vt 0.257435 0.053057
vt 0.232698 0.028707
vt 0.199101 0.019988
vt 0.165645 0.029236
vt 0.141295 0.053973
vt 0.132575 0.087570
vt 0.141822 0.121027
vt 0.357981 0.101139
vt 0.341364 0.057657
vt 0.382383 0.041226
vt 0.374602 0.085033
vt 0.415380 0.035713
vt 0.408757 0.117335
vt 0.385459 0.083531
vt 0.391311 0.110656
vt 0.349772 0.158329
vt 0.334316 0.138488
vt 0.372050 0.121623
vt 0.298265 0.127750
vt 0.322504 0.245609
vt 0.298209 0.241429
vt 0.303454 0.344211
vt 0.284728 0.314691
vt 0.316725 0.344518
vt 0.288011 0.422042
vt 0.273320 0.427550
vt 0.273896 0.397538
vt 0.289693 0.398200
vt 0.246952 0.254904
vt 0.292408 0.438570
vt 0.278770 0.445946
vt 0.308140 0.459186
vt 0.294103 0.464586
vt 0.306743 0.549308
vt 0.292981 0.551487
vt 0.291910 0.502606
vt 0.306848 0.502759
vt 0.311521 0.565644
vt 0.298040 0.572763
vt 0.343930 0.616447
vt 0.327561 0.619430
vt 0.334495 0.640180
vt 0.320853 0.637530
vt 0.335084 0.678302
vt 0.320763 0.682989
vt 0.236803 0.553988
vt 0.238485 0.511311
vt 0.211115 0.399510
vt 0.203327 0.452713
vt 0.232470 0.599913
vt 0.180140 0.689158
vt 0.192617 0.688886
vt 0.177549 0.713372
vt 0.171197 0.710108
vt 0.267888 0.697514
vt 0.299794 0.694126
vt 0.277403 0.720057
vt 0.274001 0.667679
vt 0.225824 0.659990
vt 0.244656 0.679537
vt 0.218677 0.677354
vt 0.196854 0.669129
vt 0.174013 0.740117
vt 0.169739 0.742023
vt 0.185237 0.764519
vt 0.181940 0.770587
vt 0.357981 0.101139
vt 0.374602 0.085033
vt 0.382383 0.041226
vt 0.341364 0.057657
vt 0.415380 0.035713
vt 0.385459 0.083531
vt 0.408757 0.117335
vt 0.391311 0.110656
vt 0.349772 0.158329
vt 0.372050 0.121623
vt 0.334316 0.138488
vt 0.298265 0.127750
vt 0.322504 0.245609
vt 0.298209 0.241429
vt 0.303454 0.344211
vt 0.316725 0.344518
vt 0.284728 0.314691
vt 0.288011 0.422042
vt 0.289693 0.398200
vt 0.273896 0.397538
vt 0.273320 0.427550
vt 0.246952 0.254904
vt 0.292408 0.438570
vt 0.278770 0.445946
vt 0.308140 0.459186
vt 0.294103 0.464586
vt 0.306743 0.549308
vt 0.306848 0.502759
vt 0.291910 0.502606
vt 0.292981 0.551487
vt 0.311521 0.565644
vt 0.298040 0.572763
vt 0.343930 0.616447
vt 0.327561 0.619430
vt 0.334495 0.640180
vt 0.320853 0.637530
vt 0.335084 0.678302
vt 0.320763 0.682989
vt 0.238485 0.511311
vt 0.236803 0.553988
vt 0.211115 0.399510
vt 0.203327 0.452713
vt 0.232470 0.599913
vt 0.180140 0.689158
vt 0.171197 0.710108
vt 0.177549 0.713372
vt 0.192617 0.688886
vt 0.267888 0.697514
vt 0.277403 0.720057
vt 0.299794 0.694126
vt 0.274001 0.667679
vt 0.225824 0.659990
vt 0.218677 0.677354
vt 0.244656 0.679537
vt 0.196854 0.669129
vt 0.169739 0.742023
vt 0.174013 0.740117
vt 0.181940 0.770587
vt 0.185237 0.764519
vt 0.246001 0.914145
vt 0.240010 0.882666
vt 0.207175 0.901651
vt 0.211645 0.931779
vt 0.279158 0.811563
vt 0.210492 0.827442
vt 0.226596 0.850840
vt 0.196651 0.873198
vt 0.177960 0.849863
vt 0.263566 0.768943
vt 0.243440 0.768754
vt 0.288379 0.898728
vt 0.293040 0.800535
vt 0.335882 0.863005
vt 0.353942 0.856462
vt 0.280642 0.766947
vt 0.318419 0.896289
vt 0.338631 0.899375
vt 0.246001 0.914145
vt 0.211645 0.931779
vt 0.207175 0.901651
vt 0.240010 0.882666
vt 0.279158 0.811563
vt 0.226596 0.850840
vt 0.210492 0.827442
vt 0.196651 0.873198
vt 0.177960 0.849863
vt 0.243440 0.768754
vt 0.263566 0.768943
vt 0.288379 0.898728
vt 0.293040 0.800535
vt 0.353942 0.856462
vt 0.335882 0.863005
vt 0.280642 0.766947
vt 0.318419 0.896289
vt 0.338631 0.899375
vt 0.536866 0.710146
vt 0.557968 0.706605
vt 0.581689 0.705984
vt 0.557316 0.730334
vt 0.681096 0.668875
vt 0.680880 0.655516
vt 0.696102 0.655516
vt 0.612373 0.701465
vt 0.600448 0.697417
vt 0.618871 0.680015
vt 0.629233 0.686008
vt 0.593933 0.710800
vt 0.578894 0.717701
vt 0.785787 0.639878
vt 0.784341 0.637120
vt 0.796770 0.632433
vt 0.646091 0.675944
vt 0.639035 0.665423
vt 0.661496 0.656304
vt 0.665713 0.670104
vt 0.785219 0.630499
vt 0.767293 0.667339
vt 0.764351 0.650166
vt 0.766142 0.629951
vt 0.754869 0.681183
vt 0.748444 0.656017
vt 0.558398 0.673986
vt 0.738936 0.685531
vt 0.732477 0.658471
vt 0.713347 0.668589
vt 0.718780 0.682749
vt 0.742812 0.626457
vt 0.710810 0.656147
vt 0.721619 0.621430
vt 0.673211 0.620076
vt 0.701531 0.611153
vt 0.638096 0.631787
vt 0.596459 0.656290
vt 0.743686 0.692593
vt 0.724796 0.700161
vt 0.760284 0.684350
vt 0.774613 0.668719
vt 0.792014 0.641691
vt 0.785043 0.627764
vt 0.768855 0.621660
vt 0.746782 0.615953
vt 0.728548 0.609246
vt 0.711499 0.596463
vt 0.666935 0.602496
vt 0.696089 0.593354
vt 0.536866 0.710146
vt 0.557316 0.730334
vt 0.581689 0.705984
vt 0.557968 0.706605
vt 0.681096 0.668875
vt 0.696102 0.655516
vt 0.680880 0.655516
vt 0.612373 0.701465
vt 0.629233 0.686008
vt 0.618871 0.680015
vt 0.600448 0.697417
vt 0.593933 0.710800
vt 0.578894 0.717701
vt 0.785787 0.639878
vt 0.796770 0.632433
vt 0.784341 0.637120
vt 0.646091 0.675944
vt 0.665713 0.670104
vt 0.661496 0.656304
vt 0.639035 0.665423
vt 0.785219 0.630499
vt 0.767293 0.667339
vt 0.764351 0.650166
vt 0.766142 0.629951
vt 0.754869 0.681183
vt 0.748444 0.656017
vt 0.558398 0.673986
vt 0.738936 0.685531
vt 0.732477 0.658471
vt 0.713347 0.668589
vt 0.718780 0.682749
vt 0.742812 0.626457
vt 0.710810 0.656147
vt 0.721619 0.621430
vt 0.701531 0.611153
vt 0.673211 0.620076
vt 0.638096 0.631787
vt 0.596459 0.656290
vt 0.724796 0.700161
vt 0.743686 0.692593
vt 0.760284 0.684350
vt 0.774613 0.668719
vt 0.792014 0.641691
vt 0.785043 0.627764
vt 0.768855 0.621660
vt 0.746782 0.615953
vt 0.728548 0.609246
vt 0.711499 0.596463
vt 0.696089 0.593354
vt 0.666935 0.602496
vt 0.447926 0.812285
vt 0.448201 0.776373
vt 0.468339 0.777478
vt 0.465737 0.806359
vt 0.360769 0.731437
vt 0.368204 0.727685
vt 0.371886 0.747033
vt 0.357843 0.752741
vt 0.364904 0.708662
vt 0.368193 0.724951
vt 0.358427 0.728836
vt 0.351881 0.715191
vt 0.379655 0.699862
vt 0.382084 0.726464
vt 0.455158 0.753233
vt 0.474540 0.759056
vt 0.470335 0.731646
vt 0.464271 0.732858
vt 0.480773 0.710580
vt 0.381964 0.766982
vt 0.367583 0.771390
vt 0.385949 0.784140
vt 0.371236 0.786382
vt 0.413551 0.755122
vt 0.394277 0.763654
vt 0.386971 0.742643
vt 0.398989 0.735729
vt 0.391732 0.828102
vt 0.376949 0.830026
vt 0.421878 0.779135
vt 0.398345 0.782433
vt 0.425792 0.820703
vt 0.404024 0.826532
vt 0.344777 0.737266
vt 0.336605 0.725786
vt 0.347567 0.739858
vt 0.455835 0.698248
vt 0.438417 0.665395
vt 0.464753 0.662199
vt 0.470470 0.673993
vt 0.435491 0.777142
vt 0.437977 0.814031
vt 0.442753 0.752307
vt 0.392709 0.683786
vt 0.424464 0.666868
vt 0.407022 0.673156
vt 0.496400 0.035239
vt 0.496400 0.021268
vt 0.522656 0.021268
vt 0.522656 0.035239
vt 0.496400 0.065427
vt 0.522656 0.065427
vt 0.496400 0.096858
vt 0.522656 0.096857
vt 0.522656 0.141959
vt 0.496400 0.121825
vt 0.522656 0.121825
vt 0.447926 0.812285
vt 0.465737 0.806359
vt 0.468339 0.777478
vt 0.448201 0.776373
vt 0.360769 0.731437
vt 0.357843 0.752741
vt 0.371886 0.747033
vt 0.368204 0.727685
vt 0.364904 0.708662
vt 0.351881 0.715191
vt 0.358427 0.728836
vt 0.368193 0.724951
vt 0.379655 0.699862
vt 0.382084 0.726464
vt 0.474540 0.759056
vt 0.455158 0.753233
vt 0.470335 0.731646
vt 0.464271 0.732858
vt 0.480773 0.710580
vt 0.367583 0.771390
vt 0.381964 0.766982
vt 0.371236 0.786382
vt 0.385949 0.784140
vt 0.413551 0.755122
vt 0.398989 0.735729
vt 0.386971 0.742643
vt 0.394277 0.763654
vt 0.376949 0.830026
vt 0.391732 0.828102
vt 0.421878 0.779135
vt 0.398345 0.782433
vt 0.404024 0.826532
vt 0.425792 0.820703
vt 0.336605 0.725786
vt 0.344777 0.737266
vt 0.347567 0.739858
vt 0.455835 0.698248
vt 0.470470 0.673993
vt 0.464753 0.662199
vt 0.438417 0.665395
vt 0.437977 0.814031
vt 0.435491 0.777142
vt 0.442753 0.752307
vt 0.392709 0.683786
vt 0.424464 0.666868
vt 0.407022 0.673156
vt 0.496400 0.035239
vt 0.522656 0.035239
vt 0.522656 0.021268
vt 0.496400 0.021268
vt 0.496400 0.065427
vt 0.522656 0.065427
vt 0.496400 0.096858
vt 0.522656 0.096857
vt 0.522656 0.141959
vt 0.522656 0.121825
vt 0.496400 0.121825
vt 0.624205 0.842333
vt 0.619359 0.829655
vt 0.597825 0.853625
vt 0.606747 0.863586
vt 0.521788 0.928557
vt 0.567369 0.937159
vt 0.567049 0.921430
vt 0.535435 0.919233
vt 0.605425 0.922126
vt 0.595391 0.907356
vt 0.658724 0.871689
vt 0.653413 0.855875
vt 0.693399 0.875234
vt 0.704156 0.860933
vt 0.706033 0.912503
vt 0.717690 0.899291
vt 0.765751 0.964219
vt 0.761380 0.937418
vt 0.814887 0.928763
vt 0.797707 0.913981
vt 0.778843 0.871069
vt 0.760716 0.872164
vt 0.793048 0.836778
vt 0.774836 0.836746
vt 0.787607 0.801643
vt 0.770414 0.810044
vt 0.713814 0.766903
vt 0.724501 0.774356
vt 0.740430 0.764213
vt 0.745594 0.747487
vt 0.657607 0.829016
vt 0.704156 0.818940
vt 0.695214 0.809224
vt 0.654452 0.817570
vt 0.547210 0.878867
vt 0.537574 0.867983
vt 0.574090 0.877115
vt 0.569589 0.864591
vt 0.547575 0.084397
vt 0.530034 0.084397
vt 0.530034 0.128101
vt 0.547575 0.128101
vt 0.530034 0.167275
vt 0.547576 0.167275
vt 0.462080 0.021268
vt 0.444538 0.021268
vt 0.444538 0.058572
vt 0.462080 0.058572
vt 0.444538 0.097426
vt 0.462080 0.097426
vt 0.444538 0.188933
vt 0.462080 0.188933
vt 0.444538 0.246809
vt 0.462080 0.246809
vt 0.444538 0.310900
vt 0.462080 0.310900
vt 0.444538 0.349400
vt 0.462080 0.349400
vt 0.444538 0.385869
vt 0.462080 0.385869
vt 0.444538 0.456379
vt 0.462080 0.456379
vt 0.444538 0.491633
vt 0.462080 0.491633
vt 0.444538 0.537568
vt 0.462080 0.537568
vt 0.444538 0.580325
vt 0.462080 0.580325
vt 0.444538 0.620692
vt 0.462080 0.620692
vt 0.547575 0.021268
vt 0.530034 0.021268
vt 0.624205 0.842333
vt 0.606747 0.863586
vt 0.597825 0.853625
vt 0.619359 0.829655
vt 0.521788 0.928557
vt 0.535435 0.919233
vt 0.567049 0.921430
vt 0.567369 0.937159
vt 0.605425 0.922126
vt 0.595391 0.907356
vt 0.658724 0.871689
vt 0.653413 0.855875
vt 0.693399 0.875234
vt 0.704156 0.860933
vt 0.706033 0.912503
vt 0.717690 0.899291
vt 0.765751 0.964219
vt 0.761380 0.937418
vt 0.814887 0.928763
vt 0.797707 0.913981
vt 0.778843 0.871069
vt 0.760716 0.872164
vt 0.793048 0.836778
vt 0.774836 0.836746
vt 0.787607 0.801643
vt 0.770414 0.810044
vt 0.713814 0.766903
vt 0.745594 0.747487
vt 0.740430 0.764213
vt 0.724501 0.774356
vt 0.657607 0.829016
vt 0.654452 0.817570
vt 0.695214 0.809224
vt 0.704156 0.818940
vt 0.537574 0.867983
vt 0.547210 0.878867
vt 0.569589 0.864591
vt 0.574090 0.877115
vt 0.547575 0.084397
vt 0.547575 0.128101
vt 0.530034 0.128101
vt 0.530034 0.084397
vt 0.547576 0.167275
vt 0.530034 0.167275
vt 0.462080 0.021268
vt 0.462080 0.058572
vt 0.444538 0.058572
vt 0.444538 0.021268
vt 0.462080 0.097426
vt 0.444538 0.097426
vt 0.462080 0.188933
vt 0.444538 0.188933
vt 0.462080 0.246809
vt 0.444538 0.246809
vt 0.462080 0.310900
vt 0.444538 0.310900
vt 0.462080 0.349400
vt 0.444538 0.349400
vt 0.462080 0.385869
vt 0.444538 0.385869
vt 0.462080 0.456379
vt 0.444538 0.456379
vt 0.462080 0.491633
vt 0.444538 0.491633
vt 0.462080 0.537568
vt 0.444538 0.537568
vt 0.462080 0.580325
vt 0.444538 0.580325
vt 0.462080 0.620692
vt 0.444538 0.620692
vt 0.547575 0.021268
vt 0.530034 0.021268
vt 0.445718 0.878708
vt 0.432046 0.884552
vt 0.435713 0.896194
vt 0.452376 0.890355
vt 0.417713 0.896195
vt 0.417295 0.883645
vt 0.404120 0.882680
vt 0.400964 0.894238
vt 0.459413 0.872862
vt 0.468932 0.882634
vt 0.418108 0.911766
vt 0.397785 0.908770
vt 0.439414 0.910848
vt 0.450375 0.907546
vt 0.459057 0.904990
vt 0.478468 0.895409
vt 0.559067 0.138490
vt 0.567575 0.138490
vt 0.567575 0.113041
vt 0.559067 0.113041
vt 0.567576 0.088463
vt 0.559068 0.088463
vt 0.559068 0.043436
vt 0.567576 0.043437
vt 0.567576 0.021268
vt 0.559068 0.021268
vt 0.393966 0.934388
vt 0.416806 0.937620
vt 0.439952 0.925209
vt 0.440602 0.936772
vt 0.443552 0.914697
vt 0.567576 0.074078
vt 0.559068 0.074078
vt 0.559068 0.052733
vt 0.567576 0.052733
vt 0.559068 0.062845
vt 0.567576 0.062845
vt 0.445718 0.878708
vt 0.452376 0.890355
vt 0.435713 0.896194
vt 0.432046 0.884552
vt 0.417713 0.896195
vt 0.400964 0.894238
vt 0.404120 0.882680
vt 0.417295 0.883645
vt 0.459413 0.872862
vt 0.468932 0.882634
vt 0.418108 0.911766
vt 0.397785 0.908770
vt 0.439414 0.910848
vt 0.459057 0.904990
vt 0.450375 0.907546
vt 0.478468 0.895409
vt 0.559067 0.138490
vt 0.559067 0.113041
vt 0.567575 0.113041
vt 0.567575 0.138490
vt 0.559068 0.088463
vt 0.567576 0.088463
vt 0.559068 0.043436
vt 0.559068 0.021268
vt 0.567576 0.021268
vt 0.567576 0.043437
vt 0.416806 0.937620
vt 0.393966 0.934388
vt 0.439952 0.925209
vt 0.440602 0.936772
vt 0.443552 0.914697
vt 0.559068 0.074078
vt 0.567576 0.074078
vt 0.559068 0.052733
vt 0.567576 0.052733
vt 0.559068 0.062845
vt 0.567576 0.062845
vt 0.077131 0.251068
vt 0.069079 0.336295
vt 0.053404 0.332439
vt 0.061512 0.249461
vt 0.074680 0.068499
vt 0.074781 0.128713
vt 0.054771 0.136738
vt 0.068093 0.067086
vt 0.063542 0.458641
vt 0.044244 0.459642
vt 0.065175 0.591657
vt 0.044630 0.598123
vt 0.078252 0.856295
vt 0.059451 0.837976
vt 0.079751 0.824982
vt 0.071190 0.949898
vt 0.045595 0.971296
vt 0.030987 0.928117
vt 0.052913 0.927508
vt 0.041838 0.904563
vt 0.065205 0.904408
vt 0.082812 0.909630
vt 0.088488 0.932648
vt 0.081568 0.885069
vt 0.074110 0.883842
vt 0.051840 0.878756
vt 0.081538 0.774095
vt 0.065048 0.769101
vt 0.065570 0.763730
vt 0.080704 0.754553
vt 0.065284 0.649411
vt 0.052638 0.686358
vt 0.038984 0.696247
vt 0.096400 0.825728
vt 0.086099 0.856348
vt 0.072879 0.589317
vt 0.078020 0.635916
vt 0.082760 0.067845
vt 0.094525 0.117820
vt 0.082855 0.171667
vt 0.094686 0.206500
vt 0.059787 0.195315
vt 0.104471 0.154499
vt 0.114257 0.186030
vt 0.074848 0.033316
vt 0.070095 0.715888
vt 0.053010 0.721300
vt 0.046923 0.709818
vt 0.062859 0.701728
vt 0.060023 0.738923
vt 0.077233 0.735754
vt 0.077503 0.785886
vt 0.064632 0.779353
vt 0.070980 0.792360
vt 0.063634 0.793997
vt 0.078718 0.806081
vt 0.104190 0.729716
vt 0.061533 0.816332
vt 0.116007 0.688055
vt 0.101448 0.695565
vt 0.113933 0.804993
vt 0.131105 0.812286
vt 0.114432 0.830938
vt 0.108638 0.767926
vt 0.124817 0.765292
vt 0.102272 0.857423
vt 0.097577 0.887076
vt 0.100221 0.913976
vt 0.104465 0.939718
vt 0.076528 0.963388
vt 0.049585 0.978091
vt 0.119991 0.725401
vt 0.080838 0.973939
vt 0.110624 0.951921
vt 0.112968 0.913413
vt 0.117824 0.938508
vt 0.110219 0.888243
vt 0.114049 0.861088
vt 0.124977 0.837336
vt 0.140383 0.819438
vt 0.136178 0.763674
vt 0.142986 0.810487
vt 0.087254 0.632141
vt 0.124484 0.682143
vt 0.082276 0.588604
vt 0.079774 0.458654
vt 0.083077 0.337194
vt 0.090748 0.254816
vt 0.115504 0.214743
vt 0.126509 0.686732
vt 0.130925 0.723967
vt 0.077131 0.251068
vt 0.061512 0.249461
vt 0.053404 0.332439
vt 0.069079 0.336295
vt 0.074680 0.068499
vt 0.068093 0.067086
vt 0.054771 0.136738
vt 0.074781 0.128713
vt 0.044244 0.459642
vt 0.063542 0.458641
vt 0.044630 0.598123
vt 0.065175 0.591657
vt 0.078252 0.856295
vt 0.079751 0.824982
vt 0.059451 0.837976
vt 0.071190 0.949898
vt 0.052913 0.927508
vt 0.030987 0.928117
vt 0.045595 0.971296
vt 0.065205 0.904408
vt 0.041838 0.904563
vt 0.082812 0.909630
vt 0.088488 0.932648
vt 0.081568 0.885069
vt 0.074110 0.883842
vt 0.051840 0.878756
vt 0.081538 0.774095
vt 0.080704 0.754553
vt 0.065570 0.763730
vt 0.065048 0.769101
vt 0.065284 0.649411
vt 0.038984 0.696247
vt 0.052638 0.686358
vt 0.086099 0.856348
vt 0.096400 0.825728
vt 0.072879 0.589317
vt 0.078020 0.635916
vt 0.082760 0.067845
vt 0.094525 0.117820
vt 0.082855 0.171667
vt 0.059787 0.195315
vt 0.094686 0.206500
vt 0.104471 0.154499
vt 0.114257 0.186030
vt 0.074848 0.033316
vt 0.070095 0.715888
vt 0.062859 0.701728
vt 0.046923 0.709818
vt 0.053010 0.721300
vt 0.077233 0.735754
vt 0.060023 0.738923
vt 0.077503 0.785886
vt 0.064632 0.779353
vt 0.063634 0.793997
vt 0.070980 0.792360
vt 0.078718 0.806081
vt 0.104190 0.729716
vt 0.061533 0.816332
vt 0.101448 0.695565
vt 0.116007 0.688055
vt 0.114432 0.830938
vt 0.131105 0.812286
vt 0.113933 0.804993
vt 0.124817 0.765292
vt 0.108638 0.767926
vt 0.102272 0.857423
vt 0.097577 0.887076
vt 0.100221 0.913976
vt 0.104465 0.939718
vt 0.076528 0.963388
vt 0.049585 0.978091
vt 0.119991 0.725401
vt 0.080838 0.973939
vt 0.110624 0.951921
vt 0.117824 0.938508
vt 0.112968 0.913413
vt 0.110219 0.888243
vt 0.114049 0.861088
vt 0.124977 0.837336
vt 0.140383 0.819438
vt 0.142986 0.810487
vt 0.136178 0.763674
vt 0.124484 0.682143
vt 0.087254 0.632141
vt 0.082276 0.588604
vt 0.079774 0.458654
vt 0.083077 0.337194
vt 0.090748 0.254816
vt 0.115504 0.214743
vt 0.130925 0.723967
vt 0.126509 0.686732
vt 0.247119 0.114460
vt 0.199629 0.087043
vt 0.227048 0.134532
vt 0.199629 0.141879
vt 0.172211 0.134532
vt 0.152140 0.114460
vt 0.144794 0.087042
vt 0.152140 0.059624
vt 0.172212 0.039553
vt 0.199629 0.032207
vt 0.227047 0.039553
vt 0.247118 0.059624
vt 0.254465 0.087042
vt 0.487534 0.021268
vt 0.470716 0.021268
vt 0.470716 0.051846
vt 0.487534 0.051846
vt 0.487533 0.265895
vt 0.470716 0.265895
vt 0.470715 0.296474
vt 0.487533 0.296474
vt 0.487533 0.235317
vt 0.470716 0.235317
vt 0.487533 0.204738
vt 0.470716 0.204738
vt 0.487534 0.174160
vt 0.470716 0.174160
vt 0.487534 0.143582
vt 0.470716 0.143582
vt 0.487534 0.113003
vt 0.470716 0.113003
vt 0.487534 0.082425
vt 0.470716 0.082424
vt 0.200158 0.154098
vt 0.166559 0.145378
vt 0.233615 0.144849
vt 0.257965 0.120111
vt 0.266684 0.086513
vt 0.257435 0.053057
vt 0.232698 0.028707
vt 0.199101 0.019988
vt 0.165645 0.029236
vt 0.141295 0.053973
vt 0.132575 0.087570
vt 0.141822 0.121027
vt 0.247119 0.114460
vt 0.227048 0.134532
vt 0.199629 0.087043
vt 0.199629 0.141879
vt 0.172211 0.134532
vt 0.152140 0.114460
vt 0.144794 0.087042
vt 0.152140 0.059624
vt 0.172212 0.039553
vt 0.199629 0.032207
vt 0.227047 0.039553
vt 0.247118 0.059624
vt 0.254465 0.087042
vt 0.487534 0.021268
vt 0.487534 0.051846
vt 0.470716 0.051846
vt 0.470716 0.021268
vt 0.487533 0.265895
vt 0.487533 0.296474
vt 0.470715 0.296474
vt 0.470716 0.265895
vt 0.487533 0.235317
vt 0.470716 0.235317
vt 0.487533 0.204738
vt 0.470716 0.204738
vt 0.487534 0.174160
vt 0.470716 0.174160
vt 0.487534 0.143582
vt 0.470716 0.143582
vt 0.487534 0.113003
vt 0.470716 0.113003
vt 0.487534 0.082425
vt 0.470716 0.082424
vt 0.200158 0.154098
vt 0.166559 0.145378
vt 0.233615 0.144849
vt 0.257965 0.120111
vt 0.266684 0.086513
vt 0.257435 0.053057
vt 0.232698 0.028707
vt 0.199101 0.019988
vt 0.165645 0.029236
vt 0.141295 0.053973
vt 0.132575 0.087570
vt 0.141822 0.121027
vt 0.357981 0.101139
vt 0.341364 0.057657
vt 0.382383 0.041226
vt 0.374602 0.085033
vt 0.415380 0.035713
vt 0.408757 0.117335
vt 0.385459 0.083531
vt 0.391311 0.110656
vt 0.349772 0.158329
vt 0.334316 0.138488
vt 0.372050 0.121623
vt 0.298265 0.127750
vt 0.322504 0.245609
vt 0.298209 0.241429
vt 0.303454 0.344211
vt 0.284728 0.314691
vt 0.316725 0.344518
vt 0.288011 0.422042
vt 0.273320 0.427550
vt 0.273896 0.397538
vt 0.289693 0.398200
vt 0.246952 0.254904
vt 0.292408 0.438570
vt 0.278770 0.445946
vt 0.308140 0.459186
vt 0.294103 0.464586
vt 0.306743 0.549308
vt 0.292981 0.551487
vt 0.291910 0.502606
vt 0.306848 0.502759
vt 0.311521 0.565644
vt 0.298040 0.572763
vt 0.343930 0.616447
vt 0.327561 0.619430
vt 0.334495 0.640180
vt 0.320853 0.637530
vt 0.335084 0.678302
vt 0.320763 0.682989
vt 0.236803 0.553988
vt 0.238485 0.511311
vt 0.211115 0.399510
vt 0.203327 0.452713
vt 0.232470 0.599913
vt 0.180140 0.689158
vt 0.192617 0.688886
vt 0.177549 0.713372
vt 0.171197 0.710108
vt 0.267888 0.697514
vt 0.299794 0.694126
vt 0.277403 0.720057
vt 0.274001 0.667679
vt 0.225824 0.659990
vt 0.244656 0.679537
vt 0.218677 0.677354
vt 0.196854 0.669129
vt 0.174013 0.740117
vt 0.169739 0.742023
vt 0.185237 0.764519
vt 0.181940 0.770587
vt 0.357981 0.101139
vt 0.374602 0.085033
vt 0.382383 0.041226
vt 0.341364 0.057657
vt 0.415380 0.035713
vt 0.385459 0.083531
vt 0.408757 0.117335
vt 0.391311 0.110656
vt 0.349772 0.158329
vt 0.372050 0.121623
vt 0.334316 0.138488
vt 0.298265 0.127750
vt 0.322504 0.245609
vt 0.298209 0.241429
vt 0.303454 0.344211
vt 0.316725 0.344518
vt 0.284728 0.314691
vt 0.288011 0.422042
vt 0.289693 0.398200
vt 0.273896 0.397538
vt 0.273320 0.427550
vt 0.246952 0.254904
vt 0.292408 0.438570
vt 0.278770 0.445946
vt 0.308140 0.459186
vt 0.294103 0.464586
vt 0.306743 0.549308
vt 0.306848 0.502759
vt 0.291910 0.502606
vt 0.292981 0.551487
vt 0.311521 0.565644
vt 0.298040 0.572763
vt 0.343930 0.616447
vt 0.327561 0.619430
vt 0.334495 0.640180
vt 0.320853 0.637530
vt 0.335084 0.678302
vt 0.320763 0.682989
vt 0.238485 0.511311
vt 0.236803 0.553988
vt 0.211115 0.399510
vt 0.203327 0.452713
vt 0.232470 0.599913
vt 0.180140 0.689158
vt 0.171197 0.710108
vt 0.177549 0.713372
vt 0.192617 0.688886
vt 0.267888 0.697514
vt 0.277403 0.720057
vt 0.299794 0.694126
vt 0.274001 0.667679
vt 0.225824 0.659990
vt 0.218677 0.677354
vt 0.244656 0.679537
vt 0.196854 0.669129
vt 0.169739 0.742023
vt 0.174013 0.740117
vt 0.181940 0.770587
vt 0.185237 0.764519
vn 0.248722 0.248722 0.936096
vn 0.248722 0.248722 0.936096
vn 0.248722 0.248722 0.936096
vn 0.153151 -0.051050 0.986883
vn 0.255859 0.085290 0.962944
vn 0.063960 0.191880 0.979332
vn 0.085290 -0.255859 0.962944
vn 0.255859 0.085290 0.962944
vn 0.153151 -0.051050 0.986883
vn -0.063960 -0.191880 0.979332
vn 0.085290 -0.255859 0.962944
vn 0.153151 -0.051050 0.986883
vn -0.255849 -0.085290 0.962947
vn 0.085290 -0.255859 0.962944
vn -0.063960 -0.191880 0.979332
vn -0.153151 0.051050 0.986883
vn -0.255849 -0.085290 0.962947
vn -0.063960 -0.191880 0.979332
vn -0.085280 0.255859 0.962945
vn -0.255849 -0.085290 0.962947
vn -0.153151 0.051050 0.986883
vn 0.063960 0.191880 0.979332
vn -0.085280 0.255859 0.962945
vn -0.153151 0.051050 0.986883
vn -0.153151 0.051050 0.986883
vn -0.063960 -0.191880 0.979332
vn 0.153151 -0.051050 0.986883
vn 0.063960 0.191880 0.979332
vn -0.153151 0.051050 0.986883
vn 0.153151 -0.051050 0.986883
vn 0.063960 0.191880 -0.979332
vn -0.085280 0.255859 -0.962945
vn 0.255859 0.085290 -0.962944
vn 0.153151 -0.051050 -0.986883
vn 0.063960 0.191880 -0.979332
vn 0.255859 0.085290 -0.962944
vn 0.153151 -0.051050 -0.986883
vn 0.255859 0.085290 -0.962944
vn 0.085290 -0.255859 -0.962944
vn -0.063960 -0.191880 -0.979332
vn 0.153151 -0.051050 -0.986883
vn 0.085290 -0.255859 -0.962944
vn -0.063960 -0.191880 -0.979332
vn 0.085290 -0.255859 -0.962944
vn -0.255849 -0.085290 -0.962947
vn -0.153151 0.051050 -0.986883
vn -0.063960 -0.191880 -0.979332
vn -0.255849 -0.085290 -0.962947
vn -0.153151 0.051050 -0.986883
vn -0.255849 -0.085290 -0.962947
vn -0.085280 0.255859 -0.962945
vn 0.063960 0.191880 -0.979332
vn -0.153151 0.051050 -0.986883
vn -0.085280 0.255859 -0.962945
vn 0.153151 -0.051050 -0.986883
vn -0.063960 -0.191880 -0.979332
vn -0.153151 0.051050 -0.986883
vn 0.063960 0.191880 -0.979332
vn 0.153151 -0.051050 -0.986883
vn -0.153151 0.051050 -0.986883
vn 0.142314 0.144770 -0.979177
vn 0.296619 0.342642 -0.891411
vn 0.145111 0.195814 -0.969845
vn 0.260354 0.373818 -0.890211
vn -0.169509 -0.075349 -0.982644
vn 0.095647 0.045687 -0.994366
vn 0.095744 0.064900 -0.993288
vn 0.362827 0.241671 -0.899973
vn 0.381148 0.151326 -0.912045
vn -0.231394 -0.242532 -0.942144
vn 0.000000 0.000000 -1.000000
vn -0.000000 -0.000000 -1.000000
vn -0.285989 -0.244407 -0.926540
vn -0.753205 -0.355936 -0.553165
vn -0.645258 -0.427987 -0.632827
vn -0.596943 -0.624875 -0.503180
vn 0.003249 -0.119866 -0.992785
vn 0.030526 -0.914724 -0.402924
vn 0.260354 0.373819 0.890211
vn 0.296620 0.342642 0.891411
vn 0.145111 0.195814 0.969845
vn 0.142313 0.144770 0.979177
vn -0.169509 -0.075349 0.982644
vn 0.095744 0.064900 0.993288
vn 0.095647 0.045687 0.994366
vn 0.362827 0.241671 0.899973
vn 0.381148 0.151326 0.912046
vn 0.000000 0.000000 1.000000
vn -0.231393 -0.242532 0.942144
vn 0.000000 -0.000000 1.000000
vn -0.645257 -0.427987 0.632827
vn -0.285989 -0.244407 0.926540
vn -0.753205 -0.355936 0.553165
vn -0.596943 -0.624875 0.503180
vn 0.003249 -0.119866 0.992785
vn 0.030526 -0.914724 0.402924
vn 0.360852 0.667500 0.651329
vn 0.267433 0.608082 0.747473
vn 0.899545 -0.012111 0.436661
vn -0.060701 0.522059 0.850747
vn 0.429914 -0.136238 0.892532
vn -0.176804 0.043803 0.983271
vn -0.151567 -0.003485 0.988441
vn -0.093439 0.414553 0.905215
vn -0.125349 0.208610 0.969933
vn 0.296635 -0.465122 0.834068
vn 0.310199 -0.436210 0.844688
vn 0.502185 -0.194942 0.842501
vn 0.667651 0.611866 0.424101
vn 0.059282 -0.857889 0.510404
vn -0.408149 -0.244031 0.879695
vn -0.457700 -0.394360 0.796863
vn 0.356608 -0.322939 0.876665
vn -0.208156 0.224774 0.951918
vn 0.382473 -0.196204 0.902895
vn -0.223441 0.136747 0.965078
vn -0.720820 0.480588 0.499453
vn 0.321672 -0.805635 0.497474
vn -0.245525 -0.314066 0.917104
vn -0.767874 0.336477 0.545117
vn 0.575864 -0.631900 0.518732
vn -0.102804 -0.240584 0.965169
vn -0.207913 0.716345 0.666050
vn -0.024201 -0.170300 0.985095
vn 0.733869 -0.426121 0.529015
vn 0.516425 -0.202956 0.831934
vn 0.755486 -0.394776 0.522871
vn -0.789359 0.133889 0.599155
vn -0.267761 0.020723 0.963262
vn -0.676745 -0.227763 0.700100
vn -0.523676 0.306908 0.794714
vn -0.685314 0.035617 0.727376
vn -0.392859 0.339192 0.854758
vn -0.200437 0.562632 0.802042
vn 0.918565 -0.395269 0.000000
vn 0.890610 -0.454768 0.000000
vn 0.715917 -0.698185 0.000000
vn 0.429720 -0.902962 0.000000
vn 0.169825 -0.985474 0.000000
vn -0.739486 0.673172 0.000000
vn -0.868457 0.495764 0.000000
vn -0.968588 0.248671 0.000000
vn -0.965118 -0.261816 0.000000
vn -0.994765 0.102185 0.000000
vn -0.851790 0.523884 0.000000
vn 0.360852 0.667499 -0.651330
vn 0.899545 -0.012111 -0.436661
vn 0.267433 0.608081 -0.747473
vn -0.060700 0.522059 -0.850747
vn 0.429914 -0.136239 -0.892532
vn -0.151567 -0.003485 -0.988441
vn -0.176805 0.043803 -0.983271
vn 0.310198 -0.436210 -0.844688
vn -0.125348 0.208610 -0.969933
vn 0.296635 -0.465122 -0.834068
vn -0.093439 0.414553 -0.905216
vn 0.502186 -0.194941 -0.842501
vn 0.667650 0.611867 -0.424100
vn 0.059282 -0.857889 -0.510404
vn -0.457699 -0.394361 -0.796863
vn -0.408149 -0.244031 -0.879695
vn 0.356608 -0.322939 -0.876665
vn 0.382473 -0.196205 -0.902894
vn -0.208156 0.224774 -0.951918
vn -0.223441 0.136747 -0.965078
vn -0.720820 0.480587 -0.499455
vn 0.321672 -0.805635 -0.497474
vn -0.245526 -0.314066 -0.917104
vn -0.767874 0.336477 -0.545117
vn 0.575864 -0.631900 -0.518733
vn -0.102804 -0.240583 -0.965169
vn -0.207913 0.716345 -0.666050
vn 0.733869 -0.426121 -0.529015
vn -0.024202 -0.170300 -0.985095
vn 0.516425 -0.202956 -0.831934
vn 0.755486 -0.394775 -0.522870
vn -0.789359 0.133889 -0.599155
vn -0.267761 0.020723 -0.963262
vn -0.676745 -0.227763 -0.700100
vn -0.523676 0.306908 -0.794714
vn -0.685314 0.035617 -0.727376
vn -0.392859 0.339192 -0.854758
vn -0.200437 0.562631 -0.802042
vn 0.918566 -0.395268 0.000000
vn 0.890609 -0.454769 0.000000
vn 0.715917 -0.698185 0.000000
vn 0.429720 -0.902962 0.000000
vn 0.169825 -0.985474 0.000000
vn -0.739486 0.673172 0.000000
vn -0.868457 0.495765 0.000000
vn -0.968588 0.248670 0.000000
vn -0.965118 -0.261817 0.000000
vn -0.994765 0.102185 0.000000
vn -0.851790 0.523884 0.000000
vn -0.277618 -0.752461 0.597269
vn -0.157286 -0.734956 0.659621
vn -0.286673 -0.832120 0.474759
vn -0.167137 -0.839937 0.516305
vn 0.680804 -0.016196 0.732287
vn 0.547285 0.359594 0.755759
vn 0.841936 0.281466 0.460348
vn 0.622270 0.551529 0.555514
vn 0.060397 0.134771 0.989034
vn 0.193168 0.184185 0.963723
vn 0.410862 0.714161 0.566715
vn 0.590236 0.641128 0.490485
vn 0.000000 0.000000 1.000000
vn 0.192193 0.013196 0.981269
vn 0.319303 -0.783070 0.533712
vn 0.300282 -0.905376 0.300207
vn 0.394683 -0.876104 0.276888
vn 0.028341 -0.016707 0.999459
vn -0.443395 -0.663354 0.602796
vn 0.334442 0.544989 0.768853
vn 0.398218 0.609694 0.685343
vn 0.258754 0.603817 0.753957
vn 0.285683 0.666241 0.688846
vn 0.077988 0.093532 0.992557
vn 0.214787 0.354914 0.909891
vn 0.037102 0.028571 0.998903
vn 0.383662 0.314108 0.868412
vn 0.247660 0.599741 0.760905
vn 0.272758 0.665626 0.694654
vn 0.070658 0.144499 0.986979
vn 0.153268 0.340241 0.927763
vn 0.061297 0.151456 0.986561
vn 0.140361 0.339989 0.929896
vn 0.639623 0.736887 0.218815
vn 0.512674 0.826036 0.234156
vn 0.785981 0.579436 0.215612
vn -0.102688 -0.194703 0.975472
vn -0.000000 0.000000 1.000000
vn 0.022752 -0.699099 0.714663
vn -0.387344 -0.480456 0.786846
vn -0.052031 -0.214150 0.975414
vn -0.111905 -0.274514 0.955049
vn 0.026522 -0.105226 0.994095
vn 0.000001 0.000000 1.000000
vn -0.000001 0.000000 1.000000
vn -0.000000 0.000000 1.000000
vn 0.032527 -0.999471 0.000000
vn -0.627634 -0.778509 0.000000
vn -0.466503 -0.884519 0.000000
vn -0.555706 -0.831379 0.000000
vn 0.311929 -0.950105 0.000000
vn -0.277618 -0.752461 -0.597270
vn -0.286673 -0.832119 -0.474759
vn -0.157286 -0.734957 -0.659621
vn -0.167137 -0.839938 -0.516304
vn 0.622270 0.551529 -0.555514
vn 0.547285 0.359594 -0.755758
vn 0.841937 0.281465 -0.460348
vn 0.680803 -0.016196 -0.732287
vn 0.060397 0.134771 -0.989034
vn 0.410862 0.714161 -0.566715
vn 0.193168 0.184184 -0.963723
vn 0.590237 0.641128 -0.490485
vn 0.000000 0.000000 -1.000000
vn 0.192193 0.013196 -0.981269
vn 0.300282 -0.905376 -0.300208
vn 0.319303 -0.783069 -0.533712
vn 0.394683 -0.876104 -0.276888
vn 0.028341 -0.016707 -0.999459
vn -0.443395 -0.663354 -0.602796
vn 0.398218 0.609694 -0.685343
vn 0.334442 0.544989 -0.768853
vn 0.285683 0.666241 -0.688846
vn 0.258754 0.603817 -0.753957
vn 0.077987 0.093532 -0.992557
vn 0.037102 0.028571 -0.998903
vn 0.214787 0.354914 -0.909891
vn 0.383662 0.314108 -0.868412
vn 0.272758 0.665626 -0.694654
vn 0.247660 0.599740 -0.760905
vn 0.070658 0.144499 -0.986979
vn 0.153268 0.340241 -0.927763
vn 0.140362 0.339989 -0.929896
vn 0.061297 0.151456 -0.986562
vn 0.512674 0.826037 -0.234156
vn 0.639622 0.736887 -0.218815
vn 0.785981 0.579436 -0.215612
vn -0.102688 -0.194703 -0.975472
vn 0.022752 -0.699099 -0.714663
vn -0.000000 0.000000 -1.000000
vn -0.387344 -0.480456 -0.786846
vn -0.111904 -0.274514 -0.955050
vn -0.052031 -0.214151 -0.975414
vn 0.026522 -0.105226 -0.994095
vn 0.000001 0.000000 -1.000000
vn 0.000000 0.000000 -1.000000
vn 0.000000 0.000000 -1.000000
vn 0.032527 -0.999471 0.000000
vn -0.627633 -0.778509 0.000000
vn -0.466503 -0.884519 0.000000
vn -0.555706 -0.831379 0.000000
vn 0.311929 -0.950105 0.000000
vn -0.378969 0.874223 -0.303507
vn -0.162098 0.845842 -0.508207
vn -0.094708 0.416581 -0.904152
vn -0.032952 0.174987 -0.984019
vn 0.836510 0.452172 -0.309502
vn 0.636713 -0.701463 -0.320227
vn 0.382267 0.231321 -0.894630
vn 0.189457 -0.244657 -0.950920
vn 0.061654 -0.368132 -0.927727
vn 0.241232 -0.823345 -0.513722
vn 0.112219 -0.229333 -0.966858
vn 0.489647 -0.693005 -0.529141
vn 0.107366 0.008300 -0.994185
vn 0.890190 0.159331 -0.426822
vn 0.878968 0.343967 -0.330306
vn 0.232397 0.107301 -0.966684
vn 0.861715 -0.332802 -0.383003
vn 0.307702 -0.118320 -0.944097
vn -0.226461 -0.244429 -0.942852
vn -0.518315 -0.801668 -0.297787
vn -0.073424 -0.076422 -0.994369
vn -0.625197 -0.639369 -0.447589
vn -0.322985 -0.860242 -0.394544
vn -0.063831 -0.199539 -0.977809
vn -0.777374 -0.482878 -0.403137
vn -0.205372 -0.138673 -0.968810
vn 0.004722 0.241741 -0.970329
vn -0.423016 0.025494 -0.905764
vn -0.011085 0.971448 -0.236992
vn -0.922203 0.065045 -0.381196
vn -0.038933 0.119674 -0.992050
vn -0.301709 0.903460 -0.304520
vn -0.229815 0.271090 -0.934717
vn -0.636997 0.734796 -0.233045
vn -0.041815 0.393032 -0.918574
vn 0.200434 0.938591 -0.280845
vn -0.129965 0.172202 -0.976451
vn -0.534741 0.662879 -0.524065
vn 0.869177 0.494501 0.000000
vn 0.679299 -0.733862 0.000000
vn 0.451767 -0.892136 0.000000
vn 0.911413 -0.411492 0.000000
vn 0.978757 0.205026 0.000000
vn 0.926665 0.375888 0.000000
vn 0.929818 -0.368020 0.000000
vn -0.531643 -0.846969 0.000000
vn -0.688009 -0.725702 0.000000
vn -0.353126 -0.935576 0.000000
vn -0.854876 -0.518832 0.000000
vn -0.995582 0.093896 0.000000
vn -0.016479 0.999864 0.000000
vn -0.307160 0.951658 0.000000
vn -0.652756 0.757568 0.000000
vn -0.517604 0.855621 0.000000
vn 0.381649 0.924307 0.000000
vn -0.032952 0.174987 0.984019
vn -0.162098 0.845843 0.508207
vn -0.094708 0.416581 0.904152
vn -0.378969 0.874223 0.303507
vn 0.836510 0.452172 0.309502
vn 0.382267 0.231321 0.894630
vn 0.636713 -0.701464 0.320227
vn 0.189457 -0.244657 0.950920
vn 0.241232 -0.823345 0.513722
vn 0.061654 -0.368132 0.927727
vn 0.489647 -0.693005 0.529141
vn 0.112219 -0.229333 0.966858
vn 0.890189 0.159330 0.426822
vn 0.107366 0.008301 0.994185
vn 0.878968 0.343967 0.330306
vn 0.232397 0.107301 0.966684
vn 0.861714 -0.332802 0.383003
vn 0.307702 -0.118320 0.944097
vn -0.518316 -0.801668 0.297787
vn -0.226461 -0.244429 0.942852
vn -0.625197 -0.639369 0.447589
vn -0.073424 -0.076422 0.994369
vn -0.322985 -0.860242 0.394544
vn -0.063831 -0.199540 0.977809
vn -0.777374 -0.482877 0.403137
vn -0.205372 -0.138673 0.968810
vn -0.922203 0.065045 0.381196
vn -0.423016 0.025494 0.905764
vn -0.011085 0.971448 0.236992
vn 0.004722 0.241741 0.970329
vn -0.636996 0.734797 0.233045
vn -0.301709 0.903460 0.304520
vn -0.229814 0.271090 0.934717
vn -0.038933 0.119674 0.992050
vn 0.200434 0.938591 0.280845
vn -0.041815 0.393032 0.918574
vn -0.534741 0.662879 0.524065
vn -0.129965 0.172202 0.976451
vn 0.869177 0.494501 0.000000
vn 0.679298 -0.733862 0.000000
vn 0.451767 -0.892136 0.000000
vn 0.911413 -0.411492 0.000000
vn 0.978757 0.205025 0.000000
vn 0.926665 0.375888 0.000000
vn 0.929818 -0.368020 0.000000
vn -0.531643 -0.846969 0.000000
vn -0.688009 -0.725703 0.000000
vn -0.353127 -0.935576 0.000000
vn -0.854876 -0.518832 0.000000
vn -0.995582 0.093896 0.000000
vn -0.016479 0.999864 0.000000
vn -0.307160 0.951658 0.000000
vn -0.652756 0.757568 0.000000
vn -0.517603 0.855621 0.000000
vn 0.381649 0.924307 0.000000
vn -0.493943 0.041974 -0.868481
vn -0.506798 -0.098111 -0.856463
vn 0.018354 0.002357 -0.999829
vn 0.059017 0.022245 -0.998009
vn -0.468431 -0.220016 -0.855667
vn -0.474248 -0.238839 -0.847375
vn 0.060519 0.032961 -0.997623
vn 0.043276 0.022718 -0.998805
vn -0.501527 0.053673 -0.863475
vn 0.113571 -0.019600 -0.993337
vn 0.157755 0.072826 -0.984789
vn 0.149105 0.081030 -0.985496
vn 0.293808 0.065258 -0.953634
vn 0.704300 -0.059217 -0.707428
vn 0.779031 -0.067251 -0.623368
vn 0.786759 -0.116505 -0.606166
vn 0.262016 0.144193 -0.954231
vn 0.876097 0.482136 0.000000
vn 0.302180 0.134964 -0.943648
vn 0.913067 0.407809 0.000000
vn 0.555059 -0.111436 -0.824313
vn 0.980436 -0.196837 0.000000
vn 0.995941 -0.090010 0.000000
vn 0.989213 -0.146485 0.000000
vn 0.107128 -0.201478 -0.973617
vn 0.624600 -0.502229 -0.598030
vn 0.469471 -0.882948 0.000000
vn 0.976047 -0.217561 0.000000
vn 0.779315 -0.626632 0.000000
vn -0.493943 0.041975 0.868480
vn 0.018354 0.002357 0.999829
vn -0.506798 -0.098111 0.856464
vn 0.059018 0.022245 0.998009
vn 0.043276 0.022718 0.998805
vn -0.474248 -0.238839 0.847375
vn 0.060518 0.032961 0.997623
vn -0.468431 -0.220016 0.855667
vn 0.113571 -0.019600 0.993337
vn -0.501527 0.053673 0.863475
vn 0.157755 0.072826 0.984789
vn 0.149105 0.081030 0.985496
vn 0.293809 0.065258 0.953634
vn 0.779031 -0.067251 0.623368
vn 0.704300 -0.059218 0.707428
vn 0.786759 -0.116505 0.606166
vn 0.262015 0.144193 0.954231
vn 0.302180 0.134965 0.943648
vn 0.876096 0.482136 0.000000
vn 0.913067 0.407809 0.000000
vn 0.555059 -0.111437 0.824313
vn 0.980436 -0.196838 0.000000
vn 0.995941 -0.090010 0.000000
vn 0.989213 -0.146485 0.000000
vn 0.107127 -0.201477 0.973617
vn 0.624600 -0.502229 0.598031
vn 0.469471 -0.882948 0.000000
vn 0.976047 -0.217561 0.000000
vn 0.779315 -0.626632 0.000000
vn -0.000000 0.000000 1.000000
vn -0.000000 0.000000 1.000000
vn -0.000000 0.000000 1.000000
vn 0.000000 0.000000 1.000000
vn -0.000000 0.000000 1.000000
vn -0.000000 0.000000 1.000000
vn -0.000000 0.000000 1.000000
vn 0.000000 0.000000 1.000000
vn 0.000000 0.000000 1.000000
vn 0.000000 0.000000 1.000000
vn 0.000000 0.000000 1.000000
vn 0.000000 0.000000 1.000000
vn 0.000000 0.000000 1.000000
vn -0.024533 0.045022 0.998685
vn -0.246748 0.529253 0.811793
vn -0.014142 0.207648 0.978101
vn -0.332629 0.501906 0.798404
vn -0.110902 -0.090668 0.989687
vn -0.156849 -0.006923 0.987598
vn -0.568211 0.376878 0.731505
vn -0.407472 0.370710 0.834590
vn -0.032601 0.037114 0.998779
vn -0.173491 0.581156 0.795084
vn -0.096183 0.372573 0.923005
vn -0.126660 0.581551 0.803589
vn -0.011387 0.742632 0.669603
vn -0.008712 0.794199 0.607596
vn -0.037110 0.604953 0.795396
vn 0.494977 0.062823 0.866632
vn 0.621401 0.504353 0.599574
vn 0.187139 0.538652 0.821482
vn 0.299862 0.789437 0.535605
vn -0.276523 0.806313 0.522871
vn -0.269523 0.604964 0.749251
vn -0.208469 -0.254845 0.944243
vn -0.032974 -0.408986 0.911945
vn -0.087864 -0.456966 0.885134
vn -0.070498 0.739828 0.669092
vn -0.079732 0.798743 0.596366
vn -0.127276 0.468396 0.874303
vn -0.162353 0.832890 0.529090
vn -0.000921 0.406837 0.913500
vn 0.039551 0.852597 0.521070
vn 0.054747 0.815192 0.576597
vn -0.011990 0.696302 0.717648
vn -0.173408 0.173974 0.969362
vn 0.113530 -0.168488 0.979144
vn 0.070965 -0.411125 0.908813
vn 0.150367 -0.948543 0.278669
vn -0.263264 -0.794237 0.547613
vn 0.438502 -0.553102 0.708375
vn 0.368056 -0.593426 0.715808
vn -0.353270 0.371487 0.858603
vn -0.164048 0.030934 0.985967
vn 0.350046 -0.123301 0.928582
vn 0.252291 -0.594932 0.763155
vn 0.349444 -0.583708 0.732921
vn -0.092490 -0.166529 0.981689
vn 0.125426 0.330746 0.935348
vn 0.379948 0.700607 0.603978
vn 0.133845 0.214140 0.967590
vn 0.491150 0.581807 0.648284
vn 0.100993 0.452696 0.885927
vn 0.240191 0.791149 0.562486
vn -0.175830 0.238899 0.954993
vn -0.483909 0.755051 0.442414
vn -0.064085 0.752095 0.655932
vn -0.099563 0.836326 0.539116
vn 0.005626 0.413271 0.910591
vn -0.030970 -0.243744 0.969345
vn -0.006980 0.774156 0.632956
vn -0.394732 -0.779605 0.486212
vn -0.127456 -0.223371 0.966365
vn 0.068396 -0.312761 0.947366
vn 0.581673 -0.639117 0.503176
vn 0.275290 -0.849364 0.450329
vn -0.059927 -0.900854 0.429965
vn -0.037318 -0.238073 0.970530
vn 0.213855 -0.890817 0.400888
vn -0.122829 -0.931905 0.341272
vn -0.481020 -0.807298 0.341892
vn -0.028410 -0.933477 0.357511
vn 0.703411 -0.597307 0.385277
vn 0.640664 0.131914 0.756405
vn -0.057897 -0.886545 0.459005
vn 0.631129 -0.775678 0.000000
vn -0.032434 -0.999474 0.000000
vn -0.501210 -0.865326 0.000000
vn -0.123293 -0.992370 0.000000
vn 0.254080 -0.967183 0.000000
vn 0.673635 -0.739064 0.000000
vn 0.292300 -0.956327 0.000000
vn -0.057223 -0.998361 0.000000
vn -0.432527 -0.901621 0.000000
vn -0.367722 -0.929936 0.000000
vn 0.142213 -0.989836 0.000000
vn 0.266103 -0.963945 0.000000
vn 0.412492 -0.910961 0.000000
vn 0.707308 -0.706906 0.000000
vn 0.984342 -0.176271 0.000000
vn -0.057226 -0.998361 0.000000
vn -0.332629 0.501906 -0.798404
vn -0.246748 0.529253 -0.811793
vn -0.014142 0.207649 -0.978101
vn -0.024533 0.045022 -0.998685
vn -0.110902 -0.090668 -0.989687
vn -0.568211 0.376877 -0.731506
vn -0.156849 -0.006923 -0.987598
vn -0.407472 0.370710 -0.834590
vn -0.173491 0.581156 -0.795084
vn -0.032601 0.037114 -0.998779
vn -0.096183 0.372573 -0.923005
vn -0.126660 0.581551 -0.803589
vn -0.011387 0.742632 -0.669603
vn -0.037110 0.604953 -0.795396
vn -0.008712 0.794199 -0.607595
vn 0.494977 0.062823 -0.866632
vn 0.187139 0.538653 -0.821482
vn 0.621401 0.504354 -0.599574
vn 0.299862 0.789437 -0.535605
vn -0.269523 0.604963 -0.749251
vn -0.276523 0.806313 -0.522871
vn -0.208469 -0.254845 -0.944243
vn -0.032974 -0.408986 -0.911945
vn -0.070498 0.739828 -0.669092
vn -0.087864 -0.456966 -0.885134
vn -0.079732 0.798743 -0.596366
vn -0.127276 0.468396 -0.874303
vn -0.000921 0.406837 -0.913500
vn -0.162353 0.832890 -0.529090
vn 0.039550 0.852597 -0.521071
vn 0.054747 0.815192 -0.576597
vn -0.011990 0.696302 -0.717648
vn -0.173408 0.173974 -0.969362
vn 0.070966 -0.411125 -0.908813
vn 0.113531 -0.168488 -0.979144
vn 0.150367 -0.948543 -0.278669
vn -0.263264 -0.794237 -0.547613
vn 0.438502 -0.553101 -0.708375
vn 0.368056 -0.593426 -0.715808
vn -0.353270 0.371487 -0.858602
vn -0.164049 0.030934 -0.985967
vn 0.350045 -0.123302 -0.928582
vn 0.252291 -0.594932 -0.763155
vn 0.349445 -0.583707 -0.732922
vn -0.092489 -0.166528 -0.981690
vn 0.125425 0.330746 -0.935348
vn 0.133845 0.214140 -0.967590
vn 0.379948 0.700607 -0.603978
vn 0.491150 0.581807 -0.648284
vn 0.100994 0.452696 -0.885927
vn 0.240192 0.791149 -0.562486
vn -0.175829 0.238899 -0.954993
vn -0.483909 0.755051 -0.442414
vn -0.064085 0.752095 -0.655932
vn -0.099563 0.836326 -0.539116
vn 0.005626 0.413271 -0.910591
vn -0.030970 -0.243744 -0.969345
vn -0.006981 0.774156 -0.632956
vn -0.394732 -0.779605 -0.486212
vn -0.127456 -0.223371 -0.966365
vn 0.581673 -0.639117 -0.503176
vn 0.068396 -0.312761 -0.947366
vn 0.275290 -0.849364 -0.450328
vn -0.059927 -0.900855 -0.429965
vn -0.037318 -0.238073 -0.970530
vn 0.213855 -0.890817 -0.400888
vn -0.122829 -0.931905 -0.341272
vn -0.481020 -0.807298 -0.341892
vn -0.028410 -0.933477 -0.357511
vn 0.703411 -0.597307 -0.385277
vn 0.640664 0.131914 -0.756405
vn -0.057897 -0.886545 -0.459005
vn 0.631129 -0.775678 0.000000
vn -0.032434 -0.999474 0.000000
vn -0.501210 -0.865326 0.000000
vn -0.123293 -0.992370 0.000000
vn 0.254080 -0.967183 0.000000
vn 0.673635 -0.739064 0.000000
vn 0.292300 -0.956327 0.000000
vn -0.057223 -0.998361 0.000000
vn -0.432528 -0.901621 0.000000
vn -0.367721 -0.929936 0.000000
vn 0.142213 -0.989836 0.000000
vn 0.266104 -0.963944 0.000000
vn 0.412492 -0.910961 0.000000
vn 0.707308 -0.706906 0.000000
vn 0.984342 -0.176272 0.000000
vn -0.057226 -0.998361 0.000000
vn 0.076230 -0.375088 -0.923850
vn -0.000000 0.000000 -1.000000
vn 0.253552 -0.286718 -0.923853
vn 0.362947 -0.121530 -0.923851
vn 0.375084 0.076228 -0.923851
vn 0.286722 0.253554 -0.923851
vn 0.121532 0.362947 -0.923850
vn -0.076226 0.375079 -0.923854
vn -0.253554 0.286733 -0.923848
vn -0.362947 0.121534 -0.923850
vn -0.375090 -0.076223 -0.923849
vn -0.286716 -0.253556 -0.923852
vn -0.121533 -0.362950 -0.923849
vn 0.996419 -0.084559 0.000000
vn 0.866894 -0.214590 -0.449940
vn 0.984353 0.176207 0.000000
vn 0.919933 0.172627 -0.352027
vn -0.764372 -0.644776 0.000000
vn -0.710370 -0.609463 -0.352037
vn -0.571444 -0.820641 0.000004
vn -0.370470 -0.812184 -0.450676
vn -0.984356 -0.176191 0.000000
vn -0.919934 -0.172615 -0.352030
vn -0.940575 0.339588 0.000000
vn -0.882997 0.310475 -0.352025
vn -0.644771 0.764376 0.000000
vn -0.609460 0.710377 -0.352026
vn -0.176205 0.984354 0.000002
vn -0.172627 0.919928 -0.352041
vn 0.339592 0.940573 0.000010
vn 0.310474 0.882997 -0.352026
vn 0.764378 0.644769 0.000000
vn 0.710376 0.609461 -0.352027
vn 0.519892 -0.595202 -0.612737
vn 0.152638 -0.775414 -0.612727
vn 0.076230 -0.375088 0.923850
vn 0.253552 -0.286719 0.923853
vn 0.000000 0.000000 1.000000
vn 0.362947 -0.121530 0.923851
vn 0.375084 0.076229 0.923851
vn 0.286722 0.253555 0.923851
vn 0.121532 0.362947 0.923850
vn -0.076226 0.375079 0.923853
vn -0.253554 0.286733 0.923848
vn -0.362947 0.121534 0.923850
vn -0.375090 -0.076223 0.923849
vn -0.286717 -0.253557 0.923852
vn -0.121534 -0.362951 0.923849
vn 0.996419 -0.084559 0.000000
vn 0.984353 0.176208 0.000000
vn 0.866894 -0.214590 0.449940
vn 0.919933 0.172627 0.352027
vn -0.764372 -0.644776 0.000000
vn -0.571444 -0.820641 -0.000005
vn -0.710370 -0.609463 0.352037
vn -0.370470 -0.812184 0.450676
vn -0.984356 -0.176191 0.000000
vn -0.919934 -0.172615 0.352030
vn -0.940575 0.339587 0.000000
vn -0.882997 0.310475 0.352025
vn -0.644771 0.764376 0.000000
vn -0.609460 0.710377 0.352026
vn -0.176205 0.984354 -0.000002
vn -0.172627 0.919928 0.352041
vn 0.339592 0.940573 -0.000010
vn 0.310475 0.882997 0.352026
vn 0.764378 0.644769 0.000000
vn 0.710376 0.609461 0.352027
vn 0.519892 -0.595202 0.612737
vn 0.152638 -0.775414 0.612727
vn 0.058450 -0.067788 0.995986
vn 0.000002 -0.000000 1.000000
vn 0.061016 -0.038101 0.997409
vn -0.009473 -0.153307 0.988133
vn 0.105386 -0.337834 0.935287
vn 0.065414 -0.324805 0.943516
vn 0.005291 -0.360996 0.932552
vn 0.382814 0.015594 0.923694
vn 0.137394 -0.423090 0.895610
vn 0.049009 -0.123331 0.991155
vn 0.283193 -0.342084 0.895980
vn 0.000001 -0.000002 1.000000
vn 0.071974 -0.438650 0.895771
vn 0.017072 -0.099473 0.994894
vn 0.216836 -0.569623 0.792787
vn 0.010327 -0.098963 0.995038
vn 0.077346 -0.368729 0.926314
vn -0.028060 -0.077222 0.996619
vn 0.012419 -0.091463 0.995731
vn -0.220922 -0.700129 0.678979
vn 0.114968 -0.726557 0.677419
vn 0.000001 -0.000002 1.000000
vn -0.518005 -0.541071 0.662505
vn -0.047868 -0.050342 0.997584
vn -0.210263 -0.735285 0.644317
vn -0.053892 -0.228717 0.972000
vn -0.032481 -0.138762 0.989793
vn -0.007768 -0.151159 0.988479
vn -0.189840 -0.793407 0.578331
vn -0.037347 -0.771996 0.634530
vn -0.058178 -0.074836 0.995497
vn -0.468482 -0.591185 0.656525
vn -0.319068 -0.609888 0.725419
vn -0.194365 -0.370887 0.908111
vn -0.005938 -0.077847 0.996948
vn -0.043915 -0.823069 0.566241
vn -0.023891 -0.141912 0.989591
vn -0.137536 -0.792812 0.593745
vn -0.000000 -0.000002 1.000000
vn -0.000000 -0.000001 1.000000
vn 0.000001 -0.000001 1.000000
vn -0.000000 -0.000001 1.000000
vn -0.000001 -0.000001 1.000000
vn -0.000007 0.000011 1.000000
vn -0.000004 0.000003 1.000000
vn -0.000007 0.000013 1.000000
vn -0.000005 -0.000001 1.000000
vn -0.000006 -0.000004 1.000000
vn -0.000003 -0.000002 1.000000
vn -0.000004 -0.000005 1.000000
vn -0.000002 -0.000000 1.000000
vn -0.000003 0.000001 1.000000
vn -0.000009 -0.000001 1.000000
vn -0.000008 0.000003 1.000000
vn -0.000008 0.000006 1.000000
vn 0.000000 0.000000 1.000000
vn 0.000000 0.000000 1.000000
vn 0.000000 0.000000 1.000000
vn 0.000000 0.000000 1.000000
vn 0.058450 -0.067788 -0.995986
vn 0.061016 -0.038101 -0.997409
vn 0.000001 -0.000000 -1.000000
vn -0.009473 -0.153307 -0.988133
vn 0.065414 -0.324806 -0.943516
vn 0.005291 -0.360996 -0.932552
vn 0.105386 -0.337834 -0.935287
vn 0.382814 0.015594 -0.923694
vn 0.137394 -0.423090 -0.895611
vn 0.283193 -0.342084 -0.895980
vn 0.049010 -0.123331 -0.991155
vn 0.000001 -0.000002 -1.000000
vn 0.071974 -0.438650 -0.895771
vn 0.017072 -0.099473 -0.994894
vn 0.216836 -0.569623 -0.792787
vn 0.077346 -0.368729 -0.926313
vn 0.010327 -0.098963 -0.995038
vn 0.114968 -0.726557 -0.677420
vn 0.012419 -0.091463 -0.995731
vn -0.220922 -0.700129 -0.678979
vn -0.028060 -0.077222 -0.996619
vn 0.000001 -0.000002 -1.000000
vn -0.518005 -0.541071 -0.662505
vn -0.047868 -0.050343 -0.997584
vn -0.210263 -0.735285 -0.644317
vn -0.053892 -0.228717 -0.972000
vn -0.037348 -0.771996 -0.634530
vn -0.007768 -0.151159 -0.988479
vn -0.189840 -0.793407 -0.578331
vn -0.032481 -0.138762 -0.989793
vn -0.468482 -0.591185 -0.656525
vn -0.058178 -0.074836 -0.995497
vn -0.319068 -0.609887 -0.725419
vn -0.194366 -0.370887 -0.908111
vn -0.043915 -0.823069 -0.566241
vn -0.005938 -0.077847 -0.996948
vn -0.137536 -0.792812 -0.593745
vn -0.023891 -0.141912 -0.989591
vn -0.000001 -0.000001 -1.000000
vn -0.000000 -0.000002 -1.000000
vn 0.000000 -0.000001 -1.000000
vn -0.000001 -0.000001 -1.000000
vn -0.000001 -0.000001 -1.000000
vn -0.000005 -0.000001 -1.000000
vn -0.000004 0.000003 -1.000000
vn -0.000007 0.000012 -1.000000
vn -0.000007 0.000010 -1.000000
vn -0.000006 -0.000005 -1.000000
vn -0.000004 -0.000005 -1.000000
vn -0.000003 -0.000002 -1.000000
vn -0.000002 -0.000000 -1.000000
vn -0.000003 0.000001 -1.000000
vn -0.000008 0.000003 -1.000000
vn -0.000009 -0.000001 -1.000000
vn -0.000008 0.000006 -1.000000
vn 0.000000 0.000000 -1.000000
vn 0.000000 0.000000 -1.000000
vn 0.000000 0.000000 -1.000000
vn 0.000000 0.000000 -1.000000
vn 0.017455 0.202253 0.979178
vn 0.067454 0.448153 0.891408
vn 0.054416 0.237571 0.969845
vn 0.114716 0.440876 0.890207
vn 0.052973 -0.177779 0.982644
vn -0.027479 0.102371 0.994367
vn -0.012945 0.114941 0.993288
vn -0.052306 0.432802 0.899970
vn -0.132862 0.387974 0.912044
vn -0.033803 -0.333501 0.942143
vn -0.000000 0.000000 1.000000
vn 0.000000 -0.000000 1.000000
vn 0.000268 -0.376197 0.926540
vn 0.219330 -0.803689 0.553153
vn 0.094394 -0.768504 0.632844
vn -0.086602 -0.859817 0.503204
vn -0.093180 -0.075474 0.992785
vn -0.714799 -0.571589 0.402924
vn 0.114716 0.440876 -0.890207
vn 0.067455 0.448153 -0.891409
vn 0.054416 0.237571 -0.969845
vn 0.017455 0.202253 -0.979178
vn 0.052973 -0.177779 -0.982644
vn -0.012945 0.114941 -0.993288
vn -0.027478 0.102371 -0.994367
vn -0.052306 0.432802 -0.899970
vn -0.132862 0.387974 -0.912044
vn -0.000000 0.000000 -1.000000
vn -0.033803 -0.333501 -0.942143
vn -0.000000 -0.000000 -1.000000
vn 0.094394 -0.768504 -0.632844
vn 0.000268 -0.376197 -0.926540
vn 0.219330 -0.803689 -0.553153
vn -0.086602 -0.859817 -0.503204
vn -0.093180 -0.075474 -0.992785
vn -0.714800 -0.571589 -0.402924
vn 0.272516 0.708183 -0.651315
vn 0.288076 0.598582 -0.747470
vn -0.594107 0.675548 -0.436659
vn 0.436111 0.293330 -0.850744
vn -0.383041 0.238042 -0.892534
vn 0.148240 -0.105839 -0.983272
vn 0.095909 -0.117417 -0.988441
vn 0.375701 0.198557 -0.905221
vn 0.239986 0.040405 -0.969935
vn -0.546246 -0.077054 -0.834073
vn -0.533115 -0.047968 -0.844682
vn -0.474614 0.254796 -0.842508
vn 0.030752 0.905094 -0.424099
vn -0.690330 -0.512779 -0.510395
vn 0.079954 -0.468759 -0.879700
vn -0.002016 -0.604183 -0.796843
vn -0.477234 0.060953 -0.876660
vn 0.306128 -0.011999 -0.951915
vn -0.397764 0.163012 -0.902891
vn 0.249182 -0.080841 -0.965077
vn 0.833816 -0.235144 -0.499458
vn -0.821229 -0.279449 -0.497484
vn -0.078953 -0.390747 -0.917106
vn 0.754926 -0.364604 -0.545116
vn -0.854522 0.026631 -0.518732
vn -0.115948 -0.234539 -0.965167
vn 0.679427 0.307828 -0.666048
vn -0.113649 -0.129127 -0.985094
vn -0.800925 0.280467 -0.529015
vn -0.489978 0.260372 -0.831942
vn -0.791170 0.317290 -0.522855
vn 0.614981 -0.512656 -0.599151
vn 0.189842 -0.189948 -0.963265
vn 0.266998 -0.662247 -0.700101
vn 0.573679 -0.198291 -0.794716
vn 0.472666 -0.497506 -0.727375
vn 0.513149 -0.077926 -0.854755
vn 0.557784 0.213555 -0.802042
vn -0.897575 0.440861 0.000000
vn -0.924608 0.380920 0.000000
vn -0.995947 0.089937 0.000000
vn -0.965436 -0.260641 0.000000
vn -0.859127 -0.511762 0.000000
vn 0.992270 -0.124100 0.000000
vn 0.941345 -0.337447 0.000000
vn 0.818719 -0.574194 0.000000
vn 0.428633 -0.903479 0.000000
vn 0.724452 -0.689326 0.000000
vn 0.951876 -0.306484 0.000000
vn 0.272516 0.708183 0.651316
vn -0.594107 0.675549 0.436659
vn 0.288076 0.598582 0.747470
vn 0.436112 0.293330 0.850743
vn -0.383040 0.238042 0.892534
vn 0.095909 -0.117418 0.988441
vn 0.148240 -0.105839 0.983272
vn -0.533116 -0.047968 0.844682
vn 0.239986 0.040405 0.969935
vn -0.546246 -0.077054 0.834073
vn 0.375701 0.198556 0.905220
vn -0.474614 0.254796 0.842509
vn 0.030751 0.905094 0.424099
vn -0.690330 -0.512779 0.510395
vn -0.002017 -0.604184 0.796843
vn 0.079954 -0.468759 0.879700
vn -0.477234 0.060953 0.876660
vn -0.397764 0.163012 0.902891
vn 0.306129 -0.011999 0.951914
vn 0.249182 -0.080841 0.965077
vn 0.833816 -0.235144 0.499458
vn -0.821230 -0.279449 0.497484
vn -0.078952 -0.390747 0.917106
vn 0.754926 -0.364604 0.545116
vn -0.854522 0.026631 0.518731
vn -0.115948 -0.234539 0.965167
vn 0.679428 0.307828 0.666048
vn -0.800925 0.280467 0.529015
vn -0.113649 -0.129126 0.985094
vn -0.489978 0.260372 0.831942
vn -0.791170 0.317290 0.522854
vn 0.614981 -0.512656 0.599151
vn 0.189842 -0.189949 0.963265
vn 0.266998 -0.662246 0.700101
vn 0.573679 -0.198291 0.794716
vn 0.472666 -0.497506 0.727375
vn 0.513150 -0.077926 0.854754
vn 0.557785 0.213555 0.802042
vn -0.897575 0.440861 0.000000
vn -0.924608 0.380920 0.000000
vn -0.995947 0.089938 0.000000
vn -0.965436 -0.260641 0.000000
vn -0.859128 -0.511761 0.000000
vn 0.992270 -0.124100 0.000000
vn 0.941344 -0.337447 0.000000
vn 0.818719 -0.574195 0.000000
vn 0.428633 -0.903479 0.000000
vn 0.724451 -0.689326 0.000000
vn 0.951876 -0.306484 0.000000
vn -0.391172 -0.700171 -0.597281
vn -0.456112 -0.597384 -0.659617
vn -0.445800 -0.758850 -0.474773
vn -0.529460 -0.673135 -0.516296
vn -0.454950 0.506723 -0.732293
vn -0.082665 0.649598 -0.755771
vn -0.333580 0.822680 -0.460350
vn 0.014411 0.831372 -0.555530
vn 0.063119 0.133521 -0.989034
vn 0.014331 0.266518 -0.963723
vn 0.275424 0.776527 -0.566699
vn 0.103327 0.865311 -0.490470
vn -0.000000 0.000000 -1.000000
vn -0.114950 0.154605 -0.981266
vn -0.802547 -0.266589 -0.533711
vn -0.883103 -0.360570 -0.300198
vn -0.922236 -0.269802 -0.276926
vn -0.031121 0.010670 -0.999459
vn -0.215669 -0.768202 -0.602787
vn 0.196579 0.608443 -0.768865
vn 0.204268 0.698978 -0.685349
vn 0.290495 0.589205 -0.753956
vn 0.320400 0.650251 -0.688852
vn 0.020350 0.120068 -0.992557
vn 0.129984 0.393954 -0.909892
vn -0.002417 0.046766 -0.998903
vn -0.010832 0.495728 -0.868410
vn 0.294616 0.578128 -0.760900
vn 0.328363 0.640051 -0.694631
vn 0.063838 0.147637 -0.986979
vn 0.158836 0.337676 -0.927764
vn 0.075218 0.145054 -0.986561
vn 0.167037 0.327707 -0.929896
vn 0.143925 0.965096 -0.218806
vn 0.294194 0.926617 -0.234159
vn -0.070767 0.973918 -0.215584
vn -0.081148 -0.204618 -0.975473
vn -0.000000 0.000000 -1.000000
vn -0.545920 -0.437290 -0.714667
vn -0.113149 -0.606690 -0.786844
vn -0.128871 -0.178777 -0.975413
vn -0.135803 -0.263511 -0.955050
vn -0.097189 -0.048272 -0.994095
vn -0.000000 0.000000 -1.000000
vn 0.000000 0.000000 -1.000000
vn 0.000000 0.000000 -1.000000
vn -0.780482 -0.625179 0.000000
vn -0.183341 -0.983049 0.000000
vn -0.368652 -0.929567 0.000000
vn -0.270295 -0.962777 0.000000
vn -0.924662 -0.380789 0.000000
vn -0.391173 -0.700172 0.597280
vn -0.445801 -0.758850 0.474772
vn -0.456112 -0.597384 0.659617
vn -0.529459 -0.673136 0.516295
vn 0.014411 0.831371 0.555530
vn -0.082665 0.649598 0.755771
vn -0.333579 0.822680 0.460351
vn -0.454949 0.506724 0.732292
vn 0.063118 0.133521 0.989034
vn 0.275424 0.776527 0.566699
vn 0.014331 0.266518 0.963723
vn 0.103327 0.865311 0.490470
vn 0.000000 0.000000 1.000000
vn -0.114950 0.154605 0.981266
vn -0.883103 -0.360570 0.300198
vn -0.802547 -0.266589 0.533712
vn -0.922236 -0.269802 0.276926
vn -0.031121 0.010670 0.999459
vn -0.215669 -0.768202 0.602787
vn 0.204269 0.698978 0.685349
vn 0.196579 0.608443 0.768865
vn 0.320400 0.650251 0.688852
vn 0.290495 0.589205 0.753956
vn 0.020350 0.120068 0.992557
vn -0.002417 0.046766 0.998903
vn 0.129984 0.393954 0.909892
vn -0.010831 0.495728 0.868410
vn 0.328362 0.640051 0.694631
vn 0.294616 0.578128 0.760900
vn 0.063838 0.147637 0.986979
vn 0.158836 0.337676 0.927764
vn 0.167037 0.327707 0.929896
vn 0.075217 0.145054 0.986561
vn 0.294194 0.926617 0.234159
vn 0.143925 0.965096 0.218806
vn -0.070767 0.973917 0.215585
vn -0.081148 -0.204618 0.975472
vn -0.545920 -0.437290 0.714667
vn -0.000000 0.000000 1.000000
vn -0.113149 -0.606690 0.786844
vn -0.135803 -0.263511 0.955050
vn -0.128871 -0.178776 0.975413
vn -0.097189 -0.048272 0.994095
vn 0.000001 0.000000 1.000000
vn -0.000000 0.000000 1.000000
vn 0.000000 0.000000 1.000000
vn -0.780482 -0.625179 0.000000
vn -0.183341 -0.983049 0.000000
vn -0.368652 -0.929567 0.000000
vn -0.270295 -0.962777 0.000000
vn -0.924662 -0.380789 0.000000
vn 0.910606 0.280514 0.303495
vn 0.748023 0.426833 0.508208
vn 0.378081 0.198916 0.904150
vn 0.154370 0.088746 0.984019
vn -0.200382 0.929552 0.309483
vn -0.946939 0.027642 0.320222
vn -0.072817 0.440844 0.894625
vn -0.309065 -0.015140 0.950921
vn -0.319769 -0.192525 0.927730
vn -0.782372 -0.352077 0.513746
vn -0.247204 -0.063861 0.966857
vn -0.844886 -0.078601 0.529141
vn -0.063508 0.086970 0.994185
vn -0.457774 0.779922 0.426808
vn -0.310191 0.891446 0.330313
vn -0.069587 0.246331 0.966684
vn -0.813147 0.438290 0.383006
vn -0.289969 0.156837 0.944098
vn -0.038453 -0.330987 0.942852
vn -0.272046 -0.915050 0.297783
vn -0.010318 -0.105475 0.994368
vn -0.079243 -0.890720 0.447591
vn -0.443554 -0.804733 0.394544
vn -0.110095 -0.178239 0.977809
vn 0.138598 -0.904580 0.403144
vn 0.028180 -0.246198 0.968810
vn 0.180587 0.160771 0.970330
vn 0.294424 -0.304804 0.905764
vn 0.745260 0.623231 0.237004
vn 0.649052 -0.658345 0.381200
vn 0.116236 0.048235 0.992050
vn 0.882569 0.358234 0.304533
vn 0.355391 0.001670 0.934716
vn 0.972448 -0.006173 0.233038
vn 0.325789 0.223794 0.918574
vn 0.582766 0.762571 0.280837
vn 0.215337 0.013228 0.976450
vn 0.851314 0.024737 0.524074
vn -0.189464 0.981888 0.000000
vn -0.999242 0.038932 0.000000
vn -0.971549 -0.236839 0.000000
vn -0.905252 0.424875 0.000000
vn -0.480642 0.876917 0.000000
vn -0.316953 0.948441 0.000000
vn -0.884190 0.467127 0.000000
vn -0.297797 -0.954629 0.000000
vn -0.103992 -0.994578 0.000000
vn -0.481191 -0.876616 0.000000
vn 0.161675 -0.986844 0.000000
vn 0.718687 -0.695334 0.000000
vn 0.770361 0.637608 0.000000
vn 0.922734 0.385438 0.000000
vn 0.999995 -0.003338 0.000000
vn 0.986612 0.163087 0.000000
vn 0.454079 0.890962 0.000000
vn 0.154370 0.088746 -0.984019
vn 0.748023 0.426833 -0.508208
vn 0.378081 0.198916 -0.904150
vn 0.910606 0.280514 -0.303495
vn -0.200381 0.929553 -0.309483
vn -0.072817 0.440843 -0.894626
vn -0.946939 0.027642 -0.320222
vn -0.309064 -0.015140 -0.950921
vn -0.782373 -0.352077 -0.513746
vn -0.319768 -0.192525 -0.927730
vn -0.844885 -0.078601 -0.529141
vn -0.247204 -0.063861 -0.966857
vn -0.457774 0.779922 -0.426808
vn -0.063508 0.086971 -0.994185
vn -0.310191 0.891446 -0.330313
vn -0.069587 0.246331 -0.966684
vn -0.813147 0.438290 -0.383006
vn -0.289969 0.156836 -0.944098
vn -0.272046 -0.915050 -0.297783
vn -0.038453 -0.330987 -0.942852
vn -0.079243 -0.890720 -0.447591
vn -0.010319 -0.105475 -0.994368
vn -0.443554 -0.804733 -0.394544
vn -0.110095 -0.178239 -0.977809
vn 0.138598 -0.904580 -0.403144
vn 0.028180 -0.246198 -0.968810
vn 0.649052 -0.658345 -0.381200
vn 0.294424 -0.304804 -0.905764
vn 0.745260 0.623231 -0.237004
vn 0.180587 0.160771 -0.970330
vn 0.972448 -0.006173 -0.233038
vn 0.882569 0.358234 -0.304533
vn 0.355391 0.001670 -0.934716
vn 0.116236 0.048234 -0.992050
vn 0.582766 0.762571 -0.280837
vn 0.325788 0.223793 -0.918574
vn 0.851313 0.024737 -0.524074
vn 0.215337 0.013228 -0.976450
vn -0.189462 0.981888 0.000000
vn -0.999242 0.038932 0.000000
vn -0.971549 -0.236838 0.000000
vn -0.905252 0.424875 0.000000
vn -0.480643 0.876917 0.000000
vn -0.316952 0.948442 0.000000
vn -0.884190 0.467127 0.000000
vn -0.297797 -0.954629 0.000000
vn -0.103992 -0.994578 0.000000
vn -0.481191 -0.876616 0.000000
vn 0.161675 -0.986844 0.000000
vn 0.718687 -0.695334 0.000000
vn 0.770361 0.637608 0.000000
vn 0.922734 0.385438 0.000000
vn 0.999995 -0.003338 0.000000
vn 0.986612 0.163087 0.000000
vn 0.454078 0.890962 0.000000
vn 0.353066 -0.347982 0.868477
vn 0.254988 -0.448833 0.856464
vn -0.010134 0.015471 0.999829
vn -0.021479 0.059309 0.998009
vn 0.137419 -0.498942 0.855671
vn 0.126896 -0.515616 0.847371
vn -0.014311 0.067416 0.997622
vn -0.010871 0.047626 0.998806
vn 0.366878 -0.346140 0.863474
vn -0.088737 0.073532 0.993337
vn -0.047246 0.167207 0.984789
vn -0.035385 0.165970 0.985496
vn -0.141470 0.265654 0.953632
vn -0.502936 0.496587 0.707430
vn -0.557628 0.548141 0.623372
vn -0.600092 0.521974 0.606163
vn -0.060813 0.292828 0.954229
vn -0.203336 0.979109 0.000000
vn -0.093951 0.317343 0.943645
vn -0.283874 0.958861 0.000000
vn -0.445583 0.349232 0.824313
vn -0.787063 0.616872 0.000000
vn -0.715963 0.698138 0.000000
vn -0.754509 0.656290 0.000000
vn -0.222720 -0.049613 0.973619
vn -0.787714 0.148005 0.597997
vn -0.976076 -0.217431 0.000000
vn -0.799928 0.600096 0.000000
vn -0.982802 0.184660 0.000000
vn 0.353068 -0.347984 -0.868476
vn -0.010135 0.015472 -0.999829
vn 0.254986 -0.448837 -0.856462
vn -0.021478 0.059307 -0.998009
vn -0.010872 0.047630 -0.998806
vn 0.126899 -0.515615 -0.847371
vn -0.014311 0.067417 -0.997622
vn 0.137419 -0.498939 -0.855673
vn -0.088733 0.073530 -0.993338
vn 0.366880 -0.346138 -0.863474
vn -0.047246 0.167205 -0.984789
vn -0.035384 0.165970 -0.985496
vn -0.141470 0.265655 -0.953632
vn -0.557626 0.548140 -0.623375
vn -0.502933 0.496590 -0.707430
vn -0.600088 0.521973 -0.606167
vn -0.060813 0.292828 -0.954229
vn -0.093951 0.317344 -0.943645
vn -0.203336 0.979109 0.000000
vn -0.283873 0.958862 0.000000
vn -0.445583 0.349233 -0.824313
vn -0.787063 0.616872 0.000000
vn -0.715961 0.698140 0.000000
vn -0.754507 0.656292 0.000000
vn -0.222719 -0.049615 -0.973619
vn -0.787706 0.148012 -0.598006
vn -0.976074 -0.217438 0.000000
vn -0.799925 0.600099 0.000000
vn -0.982800 0.184671 0.000000
vn 0.050164 0.010638 -0.998684
vn 0.562543 0.156667 -0.811788
vn 0.166950 0.124271 -0.978102
vn 0.597595 0.073637 -0.798409
vn 0.003235 -0.143208 -0.989687
vn 0.096726 -0.123668 -0.987598
vn 0.655813 -0.186640 -0.731488
vn 0.546593 -0.068531 -0.834590
vn 0.049394 -0.000637 -0.998779
vn 0.554338 0.246074 -0.795083
vn 0.345600 0.169182 -0.923005
vn 0.524187 0.281909 -0.803589
vn 0.571616 0.474225 -0.669601
vn 0.609064 0.509787 -0.607584
vn 0.483746 0.365159 -0.795392
vn -0.274116 0.416902 -0.866634
vn -0.020872 0.800039 -0.599585
vn 0.287558 0.492416 -0.821485
vn 0.404786 0.741126 -0.535612
vn 0.792399 0.314198 -0.522861
vn 0.634873 0.188591 -0.749246
vn -0.058070 -0.324090 -0.944242
vn -0.289282 -0.290986 -0.911945
vn -0.290045 -0.363876 -0.885138
vn 0.607919 0.427499 -0.669088
vn 0.658688 0.458791 -0.596357
vn 0.438620 0.207859 -0.874304
vn 0.738351 0.418212 -0.529090
vn 0.309696 0.263836 -0.913498
vn 0.622040 0.584421 -0.521074
vn 0.583740 0.571644 -0.576603
vn 0.536808 0.443637 -0.717651
vn 0.244929 -0.018626 -0.969362
vn -0.201827 -0.023299 -0.979144
vn -0.358478 -0.213402 -0.908819
vn -0.818424 -0.502529 -0.278650
vn -0.432240 -0.716448 -0.547605
vn -0.705334 -0.026487 -0.708380
vn -0.690170 -0.106236 -0.715806
vn 0.511936 -0.026846 -0.858604
vn 0.130170 -0.104522 -0.985967
vn -0.321288 0.185774 -0.928581
vn -0.616044 -0.195165 -0.763152
vn -0.670688 -0.114047 -0.732919
vn -0.066400 -0.178538 -0.981690
vn 0.169720 0.310350 -0.935349
vn 0.285218 0.744210 -0.603988
vn 0.075665 0.240927 -0.967589
vn 0.122682 0.751449 -0.648285
vn 0.278263 0.371080 -0.885929
vn 0.444882 0.696904 -0.562499
vn 0.295834 0.021747 -0.954992
vn 0.888299 0.123282 -0.442410
vn 0.613056 0.440375 -0.655922
vn 0.700127 0.468174 -0.539107
vn 0.310320 0.273001 -0.910589
vn -0.165047 -0.182018 -0.969344
vn 0.592700 0.498078 -0.632949
vn -0.335643 -0.806811 -0.486209
vn -0.086830 -0.242072 -0.966365
vn -0.282092 -0.151401 -0.947366
vn -0.863785 0.026357 -0.503170
vn -0.824302 -0.343129 -0.450320
vn -0.645454 -0.631287 -0.429961
vn -0.156607 -0.183151 -0.970531
vn -0.815844 -0.416760 -0.400887
vn -0.628146 -0.699259 -0.341275
vn -0.300576 -0.890378 -0.341879
vn -0.690731 -0.628555 -0.357504
vn -0.911174 0.146032 -0.385275
vn -0.316335 0.572504 -0.756420
vn -0.635905 -0.620437 -0.459001
vn -0.999691 -0.024867 0.000000
vn -0.738252 -0.674525 0.000000
vn -0.331534 -0.943443 0.000000
vn -0.673785 -0.738928 0.000000
vn -0.900017 -0.435854 0.000000
vn -0.999512 0.031235 0.000000
vn -0.916622 -0.399754 0.000000
vn -0.721291 -0.692632 0.000000
vn -0.403765 -0.914863 0.000000
vn -0.467412 -0.884040 0.000000
vn -0.844491 -0.535570 0.000000
vn -0.905377 -0.424609 0.000000
vn -0.960309 -0.278937 0.000000
vn -0.996975 0.077725 0.000000
vn -0.773966 0.633227 0.000000
vn -0.721293 -0.692631 0.000000
vn 0.597596 0.073637 0.798409
vn 0.562544 0.156666 0.811788
vn 0.166951 0.124272 0.978102
vn 0.050164 0.010637 0.998684
vn 0.003235 -0.143208 0.989687
vn 0.655813 -0.186640 0.731488
vn 0.096726 -0.123667 0.987598
vn 0.546593 -0.068530 0.834590
vn 0.554338 0.246074 0.795083
vn 0.049395 -0.000637 0.998779
vn 0.345600 0.169182 0.923005
vn 0.524187 0.281910 0.803589
vn 0.571616 0.474225 0.669601
vn 0.483746 0.365159 0.795392
vn 0.609064 0.509787 0.607584
vn -0.274116 0.416902 0.866633
vn 0.287558 0.492416 0.821485
vn -0.020872 0.800039 0.599585
vn 0.404786 0.741126 0.535612
vn 0.634874 0.188591 0.749246
vn 0.792399 0.314198 0.522861
vn -0.058070 -0.324089 0.944243
vn -0.289282 -0.290986 0.911945
vn 0.607919 0.427499 0.669088
vn -0.290045 -0.363875 0.885138
vn 0.658688 0.458791 0.596356
vn 0.438621 0.207860 0.874303
vn 0.309696 0.263836 0.913498
vn 0.738351 0.418212 0.529090
vn 0.622041 0.584420 0.521074
vn 0.583740 0.571644 0.576603
vn 0.536808 0.443637 0.717651
vn 0.244928 -0.018626 0.969362
vn -0.358479 -0.213402 0.908819
vn -0.201827 -0.023299 0.979144
vn -0.818424 -0.502529 0.278650
vn -0.432240 -0.716448 0.547604
vn -0.705334 -0.026487 0.708380
vn -0.690170 -0.106236 0.715806
vn 0.511936 -0.026846 0.858604
vn 0.130170 -0.104522 0.985967
vn -0.321288 0.185775 0.928581
vn -0.616044 -0.195165 0.763151
vn -0.670688 -0.114048 0.732919
vn -0.066400 -0.178538 0.981690
vn 0.169720 0.310350 0.935349
vn 0.075664 0.240927 0.967589
vn 0.285217 0.744210 0.603989
vn 0.122682 0.751449 0.648285
vn 0.278264 0.371080 0.885928
vn 0.444883 0.696904 0.562499
vn 0.295834 0.021747 0.954992
vn 0.888299 0.123282 0.442410
vn 0.613055 0.440374 0.655922
vn 0.700126 0.468175 0.539107
vn 0.310320 0.273001 0.910589
vn -0.165047 -0.182019 0.969345
vn 0.592700 0.498078 0.632950
vn -0.335643 -0.806811 0.486210
vn -0.086830 -0.242072 0.966365
vn -0.863785 0.026357 0.503171
vn -0.282092 -0.151401 0.947366
vn -0.824302 -0.343129 0.450320
vn -0.645454 -0.631287 0.429960
vn -0.156607 -0.183151 0.970531
vn -0.815844 -0.416760 0.400887
vn -0.628146 -0.699259 0.341275
vn -0.300576 -0.890378 0.341879
vn -0.690731 -0.628555 0.357504
vn -0.911174 0.146032 0.385275
vn -0.316336 0.572504 0.756419
vn -0.635905 -0.620438 0.459001
vn -0.999691 -0.024867 0.000000
vn -0.738252 -0.674525 0.000000
vn -0.331534 -0.943443 0.000000
vn -0.673784 -0.738928 0.000000
vn -0.900017 -0.435855 0.000000
vn -0.999512 0.031235 0.000000
vn -0.916622 -0.399754 0.000000
vn -0.721292 -0.692632 0.000000
vn -0.403766 -0.914862 0.000000
vn -0.467412 -0.884040 0.000000
vn -0.844491 -0.535570 0.000000
vn -0.905377 -0.424609 0.000000
vn -0.960309 -0.278937 0.000000
vn -0.996975 0.077726 0.000000
vn -0.773966 0.633227 0.000000
vn -0.721293 -0.692630 0.000000
vn -0.334531 -0.185979 0.923851
vn 0.000000 0.000000 1.000000
vn -0.382705 0.006201 0.923850
vn -0.328327 0.196724 0.923851
vn -0.185978 0.334535 0.923850
vn 0.006206 0.382706 0.923850
vn 0.196726 0.328330 0.923850
vn 0.334532 0.185979 0.923851
vn 0.382709 -0.006201 0.923848
vn 0.328327 -0.196727 0.923851
vn 0.185981 -0.334535 0.923849
vn -0.006206 -0.382704 0.923850
vn -0.196725 -0.328327 0.923851
vn -0.712145 0.702033 0.000000
vn -0.726713 0.519085 0.449933
vn -0.506178 0.862429 0.000000
vn -0.467011 0.811160 0.352022
vn 0.007155 -0.999974 0.000000
vn -0.001132 -0.935989 0.352028
vn -0.251902 -0.967753 0.000000
vn -0.376167 -0.809557 0.450684
vn 0.506180 -0.862428 0.000000
vn 0.467012 -0.811158 0.352026
vn 0.869579 -0.493795 0.000000
vn 0.810021 -0.468980 0.352028
vn 0.999974 0.007155 0.000000
vn 0.935990 -0.001130 0.352026
vn 0.862428 0.506180 0.000000
vn 0.811158 0.467010 0.352030
vn 0.493792 0.869580 0.000000
vn 0.468977 0.810024 0.352026
vn -0.007152 0.999974 0.000000
vn 0.001135 0.935991 0.352021
vn -0.790255 0.007970 0.612727
vn -0.688364 -0.388221 0.612732
vn -0.334532 -0.185979 -0.923851
vn -0.382704 0.006201 -0.923850
vn 0.000000 0.000000 -1.000000
vn -0.328328 0.196725 -0.923851
vn -0.185979 0.334536 -0.923849
vn 0.006206 0.382705 -0.923850
vn 0.196727 0.328330 -0.923850
vn 0.334532 0.185979 -0.923851
vn 0.382709 -0.006201 -0.923848
vn 0.328327 -0.196727 -0.923851
vn 0.185981 -0.334535 -0.923849
vn -0.006206 -0.382704 -0.923850
vn -0.196726 -0.328327 -0.923851
vn -0.712145 0.702033 0.000000
vn -0.506178 0.862429 0.000000
vn -0.726713 0.519085 -0.449932
vn -0.467011 0.811161 -0.352021
vn 0.007155 -0.999974 0.000000
vn -0.251902 -0.967753 0.000000
vn -0.001132 -0.935989 -0.352028
vn -0.376167 -0.809557 -0.450684
vn 0.506180 -0.862428 0.000000
vn 0.467012 -0.811158 -0.352026
vn 0.869579 -0.493795 0.000000
vn 0.810021 -0.468980 -0.352028
vn 0.999974 0.007155 0.000000
vn 0.935990 -0.001130 -0.352026
vn 0.862428 0.506180 0.000000
vn 0.811158 0.467010 -0.352030
vn 0.493792 0.869580 0.000000
vn 0.468977 0.810024 -0.352026
vn -0.007152 0.999974 0.000000
vn 0.001135 0.935991 -0.352021
vn -0.790254 0.007970 -0.612727
vn -0.688364 -0.388221 -0.612732
vn -0.089508 0.000330 -0.995986
vn -0.000001 0.000001 -1.000000
vn -0.068622 0.021582 -0.997409
vn -0.110314 -0.106882 -0.988133
vn -0.325187 -0.139598 -0.935289
vn -0.289300 -0.161497 -0.943517
vn -0.277702 -0.230709 -0.932553
vn -0.237065 0.300978 -0.923695
vn -0.410774 -0.170719 -0.895611
vn -0.125566 -0.042959 -0.991155
vn -0.444039 -0.007276 -0.895978
vn -0.000002 -0.000001 -1.000000
vn -0.380070 -0.230542 -0.895766
vn -0.086675 -0.051709 -0.994894
vn -0.573760 -0.205645 -0.792786
vn -0.081902 -0.056502 -0.995037
vn -0.330438 -0.180997 -0.926310
vn -0.040424 -0.071530 -0.996619
vn -0.077565 -0.050036 -0.995731
vn -0.388275 -0.623092 -0.678969
vn -0.626760 -0.385080 -0.677410
vn -0.000002 -0.000001 -1.000000
vn -0.074254 -0.745370 -0.662503
vn -0.007122 -0.069101 -0.997584
vn -0.421917 -0.637846 -0.644312
vn -0.138724 -0.189662 -0.972000
vn -0.084304 -0.114903 -0.989793
vn -0.109791 -0.104188 -0.988479
vn -0.479346 -0.660112 -0.578342
vn -0.562236 -0.530348 -0.634525
vn -0.019028 -0.092860 -0.995497
vn -0.144533 -0.740313 -0.656541
vn -0.255878 -0.638949 -0.725445
vn -0.155398 -0.388818 -0.908115
vn -0.055283 -0.055130 -0.996948
vn -0.596772 -0.568540 -0.566238
vn -0.092282 -0.110426 -0.989591
vn -0.512908 -0.620003 -0.593735
vn -0.000001 -0.000001 -1.000000
vn -0.000001 -0.000001 -1.000000
vn -0.000001 -0.000001 -1.000000
vn -0.000000 -0.000001 -1.000000
vn 0.000000 -0.000001 -1.000000
vn 0.000013 0.000001 -1.000000
vn 0.000006 -0.000001 -1.000000
vn 0.000014 0.000003 -1.000000
vn 0.000003 -0.000004 -1.000000
vn 0.000000 -0.000007 -1.000000
vn -0.000000 -0.000003 -1.000000
vn -0.000001 -0.000006 -1.000000
vn 0.000001 -0.000001 -1.000000
vn 0.000002 -0.000002 -1.000000
vn 0.000005 -0.000008 -1.000000
vn 0.000008 -0.000004 -1.000000
vn 0.000010 -0.000002 -1.000000
vn 0.000000 0.000000 -1.000000
vn 0.000000 0.000000 -1.000000
vn -0.000000 0.000000 -1.000000
vn -0.000000 0.000000 -1.000000
vn -0.089508 0.000329 0.995986
vn -0.068622 0.021582 0.997409
vn -0.000001 0.000001 1.000000
vn -0.110313 -0.106882 0.988133
vn -0.289300 -0.161497 0.943517
vn -0.277701 -0.230709 0.932553
vn -0.325188 -0.139598 0.935289
vn -0.237065 0.300978 0.923695
vn -0.410774 -0.170719 0.895612
vn -0.444039 -0.007276 0.895978
vn -0.125566 -0.042959 0.991155
vn -0.000002 -0.000001 1.000000
vn -0.380070 -0.230542 0.895766
vn -0.086675 -0.051709 0.994894
vn -0.573759 -0.205645 0.792787
vn -0.330438 -0.180997 0.926310
vn -0.081902 -0.056502 0.995037
vn -0.626761 -0.385080 0.677410
vn -0.077565 -0.050036 0.995731
vn -0.388274 -0.623092 0.678969
vn -0.040424 -0.071530 0.996619
vn -0.000002 -0.000001 1.000000
vn -0.074254 -0.745370 0.662503
vn -0.007122 -0.069101 0.997584
vn -0.421918 -0.637846 0.644312
vn -0.138725 -0.189662 0.972000
vn -0.562236 -0.530348 0.634525
vn -0.109791 -0.104188 0.988479
vn -0.479346 -0.660112 0.578342
vn -0.084304 -0.114903 0.989793
vn -0.144533 -0.740313 0.656542
vn -0.019028 -0.092860 0.995497
vn -0.255878 -0.638950 0.725444
vn -0.155398 -0.388818 0.908115
vn -0.596772 -0.568540 0.566238
vn -0.055282 -0.055130 0.996948
vn -0.512908 -0.620003 0.593735
vn -0.092283 -0.110426 0.989591
vn -0.000000 -0.000001 1.000000
vn -0.000001 -0.000001 1.000000
vn -0.000001 -0.000001 1.000000
vn -0.000000 -0.000001 1.000000
vn 0.000000 -0.000001 1.000000
vn 0.000002 -0.000004 1.000000
vn 0.000005 -0.000001 1.000000
vn 0.000014 0.000003 1.000000
vn 0.000012 0.000002 1.000000
vn 0.000000 -0.000007 1.000000
vn -0.000002 -0.000006 1.000000
vn 0.000000 -0.000003 1.000000
vn 0.000001 -0.000001 1.000000
vn 0.000002 -0.000002 1.000000
vn 0.000008 -0.000004 1.000000
vn 0.000005 -0.000008 1.000000
vn 0.000010 -0.000002 1.000000
vn -0.000001 0.000000 1.000000
vn -0.000001 0.000000 1.000000
vn -0.000000 0.000000 1.000000
vn -0.000000 0.000000 1.000000
s off
g item_damaged
f 129/144/193 130/145/194 131/146/195
f 132/147/196 129/144/197 131/146/198
f 133/148/199 129/144/200 132/147/201
f 134/149/202 133/148/203 132/147/204
f 135/150/205 133/148/206 134/149/207
f 136/151/208 135/150/209 134/149/210
f 130/145/211 135/150/212 136/151/213
f 131/146/214 130/145/215 136/151/216
f 136/152/217 134/153/218 132/154/219
f 131/155/220 136/152/221 132/154/222
f 137/156/223 138/157/224 139/158/225
f 140/159/226 137/156/227 139/158/228
f 140/159/229 139/158/230 141/160/231
f 142/161/232 140/159/233 141/160/234
f 142/161/235 141/160/236 143/162/237
f 144/163/238 142/161/239 143/162/240
f 144/163/241 143/162/242 138/157/243
f 137/156/244 144/163/245 138/157/246
f 140/164/247 142/165/248 144/166/249
f 137/167/250 140/164/251 144/166/252
s 1
f 157/169/253 150/170/254 152/168/255
f 152/168/255 150/170/254 151/171/256
f 161/172/257 147/173/258 158/174/259
f 150/170/254 157/169/253 149/175/260
f 149/175/260 157/169/253 158/174/259
f 158/174/259 147/173/258 149/175/260
f 149/175/260 147/173/258 148/176/261
f 162/177/262 146/178/263 161/172/257
f 161/172/257 146/178/263 147/173/258
f 153/179/264 157/169/253 152/168/255
f 153/179/264 158/174/259 157/169/253
f 161/172/257 160/181/265 156/180/266
f 156/180/266 160/181/265 155/182/267
f 145/183/268 162/177/262 156/180/266
f 156/180/266 162/177/262 161/172/257
f 158/174/259 153/179/264 161/172/257
f 153/179/264 159/184/269 161/172/257
f 161/172/257 159/184/269 160/181/265
f 159/184/269 154/185/270 160/181/265
f 160/181/265 154/185/270 155/182/267
s 4
f 151/187/271 150/188/272 165/186/273
f 165/186/273 150/188/272 167/189/274
f 171/190/275 168/191/276 164/192/277
f 150/188/272 149/193/278 167/189/274
f 167/189/274 149/193/278 168/191/276
f 148/194/279 164/192/277 149/193/278
f 149/193/278 164/192/277 168/191/276
f 164/192/277 163/195/280 171/190/275
f 171/190/275 163/195/280 172/196/281
f 166/197/282 165/186/273 167/189/274
f 166/197/282 167/189/274 168/191/276
f 155/199/283 170/200/284 156/198/285
f 156/198/285 170/200/284 171/190/275
f 145/201/286 156/198/285 172/196/281
f 172/196/281 156/198/285 171/190/275
f 168/191/276 171/190/275 166/197/282
f 166/197/282 171/190/275 169/202/287
f 171/190/275 170/200/284 169/202/287
f 155/199/283 154/203/288 170/200/284
f 170/200/284 154/203/288 169/202/287
s 7
f 173/204/289 197/205/290 174/207/291
f 174/207/291 197/205/290 198/206/292
f 180/208/293 203/209/294 210/210/295
f 199/212/296 200/213/297 176/211/298
f 176/211/298 200/213/297 177/214/299
f 198/206/292 199/212/296 175/215/300
f 175/215/300 199/212/296 176/211/298
f 174/207/291 198/206/292 209/216/301
f 186/217/302 208/218/303 187/219/304
f 178/220/305 201/221/306 179/223/307
f 179/223/307 201/221/306 202/222/308
f 202/222/308 203/209/294 179/223/307
f 179/223/307 203/209/294 180/208/293
f 201/221/306 178/220/305 200/213/297
f 200/213/297 178/220/305 177/214/299
f 208/218/303 188/224/309 187/219/304
f 185/225/310 207/226/311 186/217/302
f 186/217/302 207/226/311 208/218/303
f 207/226/311 189/227/312 208/218/303
f 208/218/303 189/227/312 188/224/309
f 184/228/313 206/229/314 185/225/310
f 185/225/310 206/229/314 207/226/311
f 173/204/289 196/230/315 197/205/290
f 205/232/316 206/229/314 183/231/317
f 183/231/317 206/229/314 184/228/313
f 181/233/318 183/231/317 182/234/319
f 205/232/316 190/235/320 206/229/314
f 206/229/314 190/235/320 207/226/311
f 207/226/311 190/235/320 189/227/312
f 204/236/321 191/237/322 205/232/316
f 205/232/316 191/237/322 190/235/320
f 203/209/294 193/238/323 210/210/295
f 210/210/295 193/238/323 192/239/324
f 194/240/325 193/238/323 202/222/308
f 202/222/308 193/238/323 203/209/294
f 201/221/306 194/240/325 202/222/308
f 200/213/297 195/241/326 201/221/306
f 201/221/306 195/241/326 194/240/325
f 196/230/315 195/241/326 199/212/296
f 199/212/296 195/241/326 200/213/297
f 197/205/290 196/230/315 198/206/292
f 198/206/292 196/230/315 199/212/296
f 204/236/321 205/232/316 181/233/318
f 181/233/318 205/232/316 183/231/317
f 209/216/301 198/206/292 175/215/300
f 192/239/324 191/237/322 210/210/295
f 210/210/295 191/237/322 204/236/321
f 180/208/293 210/210/295 181/233/318
f 181/233/318 210/210/295 204/236/321
f 182/234/319 183/231/317 211/243/327
f 211/243/327 183/231/317 212/242/328
f 183/231/317 184/228/313 212/242/328
f 212/242/328 184/228/313 213/244/329
f 184/228/313 185/225/310 213/244/329
f 213/244/329 185/225/310 214/245/330
f 185/225/310 186/217/302 214/245/330
f 214/245/330 186/217/302 215/246/331
f 186/217/302 187/219/304 215/246/331
f 187/219/304 188/224/309 216/247/332
f 189/227/312 217/248/333 188/224/309
f 188/224/309 217/248/333 216/247/332
f 190/235/320 218/249/334 189/227/312
f 189/227/312 218/249/334 217/248/333
f 191/237/322 219/250/335 190/235/320
f 190/235/320 219/250/335 218/249/334
f 192/239/324 220/251/336 191/237/322
f 191/237/322 220/251/336 219/250/335
f 192/239/324 193/238/323 220/253/336
f 220/253/336 193/238/323 221/252/337
s 17
f 173/254/338 174/255/339 242/257/340
f 242/257/340 174/255/339 243/256/341
f 227/258/342 255/259/343 248/260/344
f 224/262/345 245/263/346 223/261/347
f 223/261/347 245/263/346 244/264/348
f 223/261/347 244/264/348 222/265/349
f 222/265/349 244/264/348 243/256/341
f 174/255/339 254/266/350 243/256/341
f 233/267/351 187/268/352 253/269/353
f 225/270/354 226/271/355 246/273/356
f 246/273/356 226/271/355 247/272/357
f 227/258/342 248/260/344 226/271/355
f 226/271/355 248/260/344 247/272/357
f 224/262/345 225/270/354 245/263/346
f 245/263/346 225/270/354 246/273/356
f 253/269/353 187/268/352 234/274/358
f 232/275/359 233/267/351 252/276/360
f 252/276/360 233/267/351 253/269/353
f 252/276/360 253/269/353 235/277/361
f 235/277/361 253/269/353 234/274/358
f 231/278/362 232/275/359 251/279/363
f 251/279/363 232/275/359 252/276/360
f 173/254/338 242/257/340 196/280/364
f 231/278/362 251/279/363 230/281/365
f 230/281/365 251/279/363 250/282/366
f 228/283/367 229/284/368 230/281/365
f 250/282/366 251/279/363 236/285/369
f 251/279/363 252/276/360 236/285/369
f 236/285/369 252/276/360 235/277/361
f 249/286/370 250/282/366 237/287/371
f 237/287/371 250/282/366 236/285/369
f 248/260/344 255/259/343 239/289/372
f 239/289/372 255/259/343 238/288/373
f 248/260/344 239/289/372 247/272/357
f 247/272/357 239/289/372 240/290/374
f 246/273/356 247/272/357 240/290/374
f 245/263/346 246/273/356 241/291/375
f 241/291/375 246/273/356 240/290/374
f 245/263/346 241/291/375 244/264/348
f 244/264/348 241/291/375 196/280/364
f 242/257/340 243/256/341 196/280/364
f 243/256/341 244/264/348 196/280/364
f 249/286/370 228/283/367 250/282/366
f 250/282/366 228/283/367 230/281/365
f 254/266/350 222/265/349 243/256/341
f 249/286/370 237/287/371 255/259/343
f 255/259/343 237/287/371 238/288/373
f 227/258/342 228/283/367 255/259/343
f 255/259/343 228/283/367 249/286/370
f 229/284/368 211/292/376 230/281/365
f 230/281/365 211/292/376 212/293/377
f 230/281/365 212/293/377 231/278/362
f 231/278/362 212/293/377 213/294/378
f 231/278/362 213/294/378 232/275/359
f 232/275/359 213/294/378 214/295/379
f 232/275/359 214/295/379 233/267/351
f 233/267/351 214/295/379 215/296/380
f 233/267/351 215/296/380 187/268/352
f 187/268/352 216/297/381 234/274/358
f 216/297/381 217/298/382 234/274/358
f 234/274/358 217/298/382 235/277/361
f 217/298/382 218/299/383 235/277/361
f 235/277/361 218/299/383 236/285/369
f 218/299/383 219/300/384 236/285/369
f 236/285/369 219/300/384 237/287/371
f 219/300/384 220/301/385 237/287/371
f 237/287/371 220/301/385 238/288/373
f 238/288/373 220/302/385 239/289/372
f 239/289/372 220/302/385 221/303/386
s 26
f 1431/304/387 300/305/388 1430/307/389
f 1430/307/389 300/305/388 276/306/390
f 294/309/391 286/310/392 293/308/393
f 293/308/393 286/310/392 281/311/394
f 264/312/395 261/313/396 263/315/397
f 263/315/397 261/313/396 262/314/398
f 265/316/399 260/317/400 264/312/395
f 264/312/395 260/317/400 261/313/396
f 300/305/388 301/318/401 276/306/390
f 276/306/390 301/318/401 275/319/402
f 274/320/403 301/318/401 298/321/404
f 274/320/403 298/321/404 273/322/405
f 287/323/406 280/324/407 286/310/392
f 286/310/392 280/324/407 281/311/394
f 288/325/408 279/326/409 287/323/406
f 287/323/406 279/326/409 280/324/407
f 258/327/410 283/328/411 259/330/412
f 259/330/412 283/328/411 282/329/413
f 259/330/412 282/329/413 260/317/400
f 1435/331/414 1436/332/415 288/325/408
f 288/325/408 1436/332/415 279/326/409
f 257/333/416 284/334/417 258/327/410
f 258/327/410 284/334/417 283/328/411
f 1433/335/418 1434/336/419 257/333/416
f 257/333/416 1434/336/419 284/334/417
f 282/329/413 286/310/392 260/317/400
f 260/317/400 286/310/392 294/309/391
f 283/328/411 287/323/406 282/329/413
f 282/329/413 287/323/406 286/310/392
f 284/334/417 288/325/408 283/328/411
f 283/328/411 288/325/408 287/323/406
f 1434/336/419 1435/331/414 284/334/417
f 284/334/417 1435/331/414 288/325/408
f 262/314/398 290/337/420 263/315/397
f 263/315/397 290/337/420 291/338/421
f 292/339/422 293/308/393 281/311/394
f 293/308/393 292/339/422 262/314/398
f 262/314/398 292/339/422 290/337/420
f 294/309/391 293/308/393 261/313/396
f 261/313/396 293/308/393 262/314/398
f 260/317/400 294/309/391 261/313/396
f 272/340/423 269/341/424 271/343/425
f 271/343/425 269/341/424 270/342/426
f 257/333/416 296/344/427 1433/335/418
f 1433/335/418 296/344/427 1432/345/428
f 297/346/429 296/344/427 258/327/410
f 258/327/410 296/344/427 257/333/416
f 298/321/404 297/346/429 259/330/412
f 259/330/412 297/346/429 258/327/410
f 272/340/423 265/316/399 266/347/430
f 1432/345/428 296/344/427 1431/304/387
f 1431/304/387 296/344/427 300/305/388
f 301/318/401 300/305/388 297/346/429
f 297/346/429 300/305/388 296/344/427
f 298/321/404 301/318/401 297/346/429
f 275/319/402 301/318/401 274/320/403
f 273/322/405 298/321/404 272/340/423
f 265/316/399 259/330/412 260/317/400
f 298/321/404 259/330/412 272/340/423
f 272/340/423 259/330/412 265/316/399
f 272/340/423 268/348/431 269/341/424
f 272/340/423 266/347/430 267/349/432
f 272/340/423 267/349/432 268/348/431
f 271/350/425 270/351/426 303/353/433
f 303/353/433 270/351/426 302/352/434
f 272/354/423 271/350/425 304/355/435
f 304/355/435 271/350/425 303/353/433
f 273/356/405 272/354/423 305/357/436
f 305/357/436 272/354/423 304/355/435
f 275/358/402 274/359/403 306/360/437
f 274/359/403 273/356/405 306/360/437
f 306/360/437 273/356/405 305/357/436
s 37
f 1441/361/438 1430/362/439 341/364/440
f 341/364/440 1430/362/439 276/363/441
f 281/366/442 330/367/443 334/365/444
f 334/365/444 330/367/443 335/368/445
f 315/369/446 314/370/447 312/372/448
f 312/372/448 314/370/447 313/371/449
f 316/373/450 315/369/446 311/374/451
f 311/374/451 315/369/446 312/372/448
f 275/375/452 342/376/453 276/363/441
f 276/363/441 342/376/453 341/364/440
f 325/377/454 339/378/455 342/376/453
f 325/377/454 324/379/456 339/378/455
f 281/366/442 280/380/457 330/367/443
f 330/367/443 280/380/457 331/381/458
f 280/380/457 279/382/459 331/381/458
f 331/381/458 279/382/459 332/383/460
f 309/384/461 310/385/462 327/387/463
f 327/387/463 310/385/462 326/386/464
f 310/385/462 311/374/451 326/386/464
f 279/382/459 1436/388/465 332/383/460
f 332/383/460 1436/388/465 1437/389/466
f 308/390/467 309/384/461 328/391/468
f 328/391/468 309/384/461 327/387/463
f 328/391/468 1438/392/469 308/390/467
f 308/390/467 1438/392/469 1439/393/470
f 335/368/445 330/367/443 311/374/451
f 311/374/451 330/367/443 326/386/464
f 330/367/443 331/381/458 326/386/464
f 326/386/464 331/381/458 327/387/463
f 331/381/458 332/383/460 327/387/463
f 327/387/463 332/383/460 328/391/468
f 332/383/460 1437/389/466 328/391/468
f 328/391/468 1437/389/466 1438/392/469
f 291/394/471 290/395/472 314/370/447
f 314/370/447 290/395/472 313/371/449
f 292/396/473 281/366/442 334/365/444
f 290/395/472 292/396/473 313/371/449
f 313/371/449 292/396/473 334/365/444
f 313/371/449 334/365/444 312/372/448
f 312/372/448 334/365/444 335/368/445
f 311/374/451 312/372/448 335/368/445
f 323/397/474 322/398/475 320/400/476
f 320/400/476 322/398/475 321/399/477
f 1440/401/478 337/402/479 1439/393/470
f 1439/393/470 337/402/479 308/390/467
f 338/403/480 309/384/461 337/402/479
f 337/402/479 309/384/461 308/390/467
f 339/378/455 310/385/462 338/403/480
f 338/403/480 310/385/462 309/384/461
f 323/397/474 317/404/481 316/373/450
f 1440/401/478 1441/361/438 337/402/479
f 337/402/479 1441/361/438 341/364/440
f 342/376/453 338/403/480 341/364/440
f 341/364/440 338/403/480 337/402/479
f 339/378/455 338/403/480 342/376/453
f 275/375/452 325/377/454 342/376/453
f 324/379/456 323/397/474 339/378/455
f 316/373/450 311/374/451 310/385/462
f 316/373/450 310/385/462 323/397/474
f 323/397/474 310/385/462 339/378/455
f 323/397/474 320/400/476 319/405/482
f 323/397/474 318/406/483 317/404/481
f 323/397/474 319/405/482 318/406/483
f 322/407/475 303/408/484 321/410/477
f 321/410/477 303/408/484 302/409/485
f 323/411/474 304/412/486 322/407/475
f 322/407/475 304/412/486 303/408/484
f 324/413/456 305/414/487 323/411/474
f 323/411/474 305/414/487 304/412/486
f 275/415/452 306/416/488 325/417/454
f 325/417/454 306/416/488 324/413/456
f 324/413/456 306/416/488 305/414/487
s 48
f 358/419/489 359/420/490 380/418/491
f 380/418/491 359/420/490 379/421/492
f 343/422/493 344/423/494 362/425/495
f 362/425/495 344/423/494 363/424/496
f 364/427/497 363/424/496 345/426/498
f 345/426/498 363/424/496 344/423/494
f 365/429/499 364/427/497 346/428/500
f 346/428/500 364/427/497 345/426/498
f 366/431/501 365/429/499 347/430/502
f 347/430/502 365/429/499 346/428/500
f 348/432/503 367/433/504 347/430/502
f 347/430/502 367/433/504 366/431/501
f 349/434/505 368/435/506 348/432/503
f 348/432/503 368/435/506 367/433/504
f 369/437/507 368/435/506 350/436/508
f 350/436/508 368/435/506 349/434/505
f 370/439/509 369/437/507 351/438/510
f 351/438/510 369/437/507 350/436/508
f 352/440/511 371/441/512 351/438/510
f 351/438/510 371/441/512 370/439/509
f 353/442/513 372/443/514 352/440/511
f 352/440/511 372/443/514 371/441/512
f 375/445/515 376/446/516 355/444/517
f 355/444/517 376/446/516 354/447/518
f 374/449/519 356/450/520 373/448/521
f 373/448/521 356/450/520 357/451/522
f 355/444/517 356/450/520 375/445/515
f 375/445/515 356/450/520 374/449/519
f 377/452/523 361/453/524 362/425/495
f 362/425/495 361/453/524 343/422/493
f 354/447/518 376/446/516 353/442/513
f 353/442/513 376/446/516 372/443/514
f 378/454/525 360/455/526 377/452/523
f 377/452/523 360/455/526 361/453/524
f 379/421/492 359/420/490 378/454/525
f 378/454/525 359/420/490 360/455/526
f 367/433/504 368/435/506 370/439/509
f 370/439/509 368/435/506 369/437/507
f 380/418/491 373/448/521 358/419/489
f 358/419/489 373/448/521 357/451/522
f 378/454/525 377/452/523 363/424/496
f 363/424/496 377/452/523 362/425/495
f 379/421/492 378/454/525 364/427/497
f 364/427/497 378/454/525 363/424/496
f 374/449/519 373/448/521 366/431/501
f 366/431/501 373/448/521 365/429/499
f 373/448/521 380/418/491 365/429/499
f 380/418/491 379/421/492 365/429/499
f 365/429/499 379/421/492 364/427/497
f 374/449/519 366/431/501 371/441/512
f 371/441/512 366/431/501 370/439/509
f 366/431/501 367/433/504 370/439/509
f 376/446/516 375/445/515 372/443/514
f 375/445/515 374/449/519 372/443/514
f 372/443/514 374/449/519 371/441/512
f 343/456/493 381/457/527 344/459/494
f 344/459/494 381/457/527 382/458/528
f 344/459/494 382/458/528 345/461/498
f 345/461/498 382/458/528 383/460/529
f 346/462/500 384/463/530 347/465/502
f 347/465/502 384/463/530 385/464/531
f 347/465/502 385/464/531 348/467/503
f 348/467/503 385/464/531 386/466/532
f 348/467/503 386/466/532 349/469/505
f 349/469/505 386/466/532 387/468/533
f 349/469/505 387/468/533 350/471/508
f 350/471/508 387/468/533 388/470/534
f 350/471/508 388/470/534 351/473/510
f 351/473/510 388/470/534 389/472/535
f 351/473/510 389/472/535 352/475/511
f 352/475/511 389/472/535 390/474/536
f 352/475/511 390/474/536 353/477/513
f 353/477/513 390/474/536 391/476/537
f 353/477/513 391/476/537 354/479/518
f 354/479/518 391/476/537 392/478/538
f 354/479/518 392/478/538 355/481/517
f 355/481/517 392/478/538 393/480/539
f 355/481/517 393/480/539 356/483/520
f 356/483/520 393/480/539 394/482/540
f 356/483/520 394/482/540 357/485/522
f 357/485/522 394/482/540 395/484/541
f 357/485/522 395/484/541 358/487/489
f 358/487/489 395/484/541 396/486/542
f 361/488/524 397/489/543 343/456/493
f 343/456/493 397/489/543 381/457/527
s 62
f 434/491/544 414/492/545 435/490/546
f 435/490/546 414/492/545 413/493/547
f 398/494/548 417/495/549 399/497/550
f 399/497/550 417/495/549 418/496/551
f 399/497/550 418/496/551 400/498/552
f 400/498/552 418/496/551 419/499/553
f 400/498/552 419/499/553 401/500/554
f 401/500/554 419/499/553 420/501/555
f 401/500/554 420/501/555 402/502/556
f 402/502/556 420/501/555 421/503/557
f 403/504/558 402/502/556 422/505/559
f 422/505/559 402/502/556 421/503/557
f 404/506/560 403/504/558 423/507/561
f 423/507/561 403/504/558 422/505/559
f 404/506/560 423/507/561 405/508/562
f 405/508/562 423/507/561 424/509/563
f 405/508/562 424/509/563 406/510/564
f 406/510/564 424/509/563 425/511/565
f 407/512/566 406/510/564 426/513/567
f 426/513/567 406/510/564 425/511/565
f 408/514/568 407/512/566 427/515/569
f 427/515/569 407/512/566 426/513/567
f 409/517/570 431/518/571 410/516/572
f 410/516/572 431/518/571 430/519/573
f 412/521/574 411/522/575 428/520/576
f 428/520/576 411/522/575 429/523/577
f 410/516/572 430/519/573 411/522/575
f 411/522/575 430/519/573 429/523/577
f 398/494/548 416/524/578 417/495/549
f 417/495/549 416/524/578 432/525/579
f 409/517/570 408/514/568 431/518/571
f 431/518/571 408/514/568 427/515/569
f 416/524/578 415/526/580 432/525/579
f 432/525/579 415/526/580 433/527/581
f 415/526/580 414/492/545 433/527/581
f 433/527/581 414/492/545 434/491/544
f 422/505/559 425/511/565 423/507/561
f 423/507/561 425/511/565 424/509/563
f 412/521/574 428/520/576 413/493/547
f 413/493/547 428/520/576 435/490/546
f 433/527/581 418/496/551 432/525/579
f 432/525/579 418/496/551 417/495/549
f 434/491/544 419/499/553 433/527/581
f 433/527/581 419/499/553 418/496/551
f 429/523/577 421/503/557 428/520/576
f 428/520/576 421/503/557 420/501/555
f 428/520/576 420/501/555 435/490/546
f 435/490/546 420/501/555 434/491/544
f 434/491/544 420/501/555 419/499/553
f 429/523/577 426/513/567 421/503/557
f 421/503/557 426/513/567 425/511/565
f 421/503/557 425/511/565 422/505/559
f 431/518/571 427/515/569 430/519/573
f 430/519/573 427/515/569 429/523/577
f 429/523/577 427/515/569 426/513/567
f 398/528/548 399/529/550 381/531/582
f 381/531/582 399/529/550 382/530/583
f 399/529/550 400/532/552 382/530/583
f 382/530/583 400/532/552 383/533/584
f 401/534/554 402/535/556 384/537/585
f 384/537/585 402/535/556 385/536/586
f 402/535/556 403/538/558 385/536/586
f 385/536/586 403/538/558 386/539/587
f 403/538/558 404/540/560 386/539/587
f 386/539/587 404/540/560 387/541/588
f 404/540/560 405/542/562 387/541/588
f 387/541/588 405/542/562 388/543/589
f 405/542/562 406/544/564 388/543/589
f 388/543/589 406/544/564 389/545/590
f 406/544/564 407/546/566 389/545/590
f 389/545/590 407/546/566 390/547/591
f 407/546/566 408/548/568 390/547/591
f 390/547/591 408/548/568 391/549/592
f 408/548/568 409/550/570 391/549/592
f 391/549/592 409/550/570 392/551/593
f 409/550/570 410/552/572 392/551/593
f 392/551/593 410/552/572 393/553/594
f 410/552/572 411/554/575 393/553/594
f 393/553/594 411/554/575 394/555/595
f 411/554/575 412/556/574 394/555/595
f 394/555/595 412/556/574 395/557/596
f 412/556/574 413/558/547 395/557/596
f 395/557/596 413/558/547 396/559/597
f 416/560/578 398/528/548 397/561/598
f 397/561/598 398/528/548 381/531/582
s 70
f 445/562/599 437/563/600 449/565/601
f 449/565/601 437/563/600 448/564/602
f 443/567/603 438/568/604 447/566/605
f 447/566/605 438/568/604 446/569/606
f 448/564/602 437/563/600 447/566/605
f 447/566/605 437/563/600 443/567/603
f 445/562/599 449/565/601 436/570/607
f 436/570/607 449/565/601 450/571/608
f 442/572/609 447/566/605 439/573/610
f 439/573/610 447/566/605 446/569/606
f 440/574/611 448/564/602 442/572/609
f 442/572/609 448/564/602 447/566/605
f 448/564/602 460/575/612 449/565/601
f 449/565/601 460/575/612 444/576/613
f 449/565/601 444/576/613 450/571/608
f 450/571/608 444/576/613 441/577/614
f 453/578/615 456/579/616 454/581/617
f 454/581/617 456/579/616 455/580/618
f 454/581/617 455/580/618 457/583/619
f 457/583/619 455/580/618 458/582/620
f 444/584/613 451/585/621 441/587/614
f 441/587/614 451/585/621 452/586/622
f 439/573/610 453/588/615 442/572/609
f 442/572/609 453/588/615 454/589/617
f 442/572/609 459/590/623 440/574/611
f 442/572/609 454/589/617 459/590/623
f 459/590/623 454/589/617 457/591/619
f 448/564/602 440/574/611 460/575/612
f 440/574/611 459/590/623 461/592/624
f 440/574/611 461/592/624 460/575/612
f 457/583/619 458/582/620 459/594/623
f 459/594/623 458/582/620 462/593/625
f 460/595/612 463/596/626 444/584/613
f 444/584/613 463/596/626 451/585/621
f 461/597/624 464/598/627 460/595/612
f 460/595/612 464/598/627 463/596/626
f 459/594/623 462/593/625 461/597/624
f 461/597/624 462/593/625 464/598/627
s 74
f 474/599/628 478/600/629 466/602/630
f 466/602/630 478/600/629 477/601/631
f 475/604/632 467/605/633 476/603/634
f 476/603/634 467/605/633 472/606/635
f 477/601/631 476/603/634 466/602/630
f 466/602/630 476/603/634 472/606/635
f 479/608/636 478/600/629 465/607/637
f 465/607/637 478/600/629 474/599/628
f 471/609/638 468/610/639 476/603/634
f 476/603/634 468/610/639 475/604/632
f 469/611/640 471/609/638 477/601/631
f 477/601/631 471/609/638 476/603/634
f 473/612/641 489/613/642 478/600/629
f 478/600/629 489/613/642 477/601/631
f 470/614/643 473/612/641 479/608/636
f 479/608/636 473/612/641 478/600/629
f 482/615/644 483/616/645 485/618/646
f 485/618/646 483/616/645 484/617/647
f 483/616/645 486/619/648 484/617/647
f 484/617/647 486/619/648 487/620/649
f 473/621/641 470/622/643 480/624/650
f 480/624/650 470/622/643 481/623/651
f 468/610/639 471/609/638 482/626/644
f 482/626/644 471/609/638 483/625/645
f 471/609/638 469/611/640 488/627/652
f 471/609/638 488/627/652 483/625/645
f 483/625/645 488/627/652 486/628/648
f 477/601/631 489/613/642 469/611/640
f 469/611/640 490/629/653 488/627/652
f 469/611/640 489/613/642 490/629/653
f 486/619/648 488/630/652 487/620/649
f 487/620/649 488/630/652 491/631/654
f 489/632/642 473/621/641 492/633/655
f 492/633/655 473/621/641 480/624/650
f 490/634/653 489/632/642 493/635/656
f 493/635/656 489/632/642 492/633/655
f 488/630/652 490/634/653 491/631/654
f 491/631/654 490/634/653 493/635/656
s 82
f 494/636/657 506/637/658 495/639/659
f 495/639/659 506/637/658 505/638/660
f 504/640/661 503/641/662 496/642/663
f 503/641/662 502/643/664 496/642/663
f 496/642/663 502/643/664 497/644/665
f 502/643/664 501/645/666 497/644/665
f 497/644/665 501/645/666 498/646/667
f 501/645/666 500/647/668 498/646/667
f 498/646/667 500/647/668 499/648/669
f 505/638/660 504/640/661 495/639/659
f 495/639/659 504/640/661 496/642/663
s 84
f 531/650/670 510/651/671 532/649/672
f 532/649/672 510/651/671 538/652/673
f 554/653/674 553/654/675 537/656/676
f 537/656/676 553/654/675 508/655/677
f 530/657/678 511/658/679 531/650/670
f 531/650/670 511/658/679 510/651/671
f 530/657/678 552/659/680 511/658/679
f 511/658/679 552/659/680 512/660/681
f 543/661/682 563/662/683 544/663/684
f 573/664/685 574/665/686 539/667/687
f 539/667/687 574/665/686 518/666/688
f 518/666/688 542/668/689 539/667/687
f 539/667/687 542/668/689 541/669/690
f 571/670/691 572/671/692 539/667/687
f 539/667/687 572/671/692 573/664/685
f 571/670/691 541/669/690 570/672/693
f 570/672/693 541/669/690 540/673/694
f 542/668/689 517/674/695 541/669/690
f 541/669/690 517/674/695 540/673/694
f 547/675/696 557/676/697 548/678/698
f 548/678/698 557/676/697 515/677/699
f 513/681/700 512/660/681 550/680/701
f 550/680/701 512/660/681 551/679/702
f 551/679/702 512/660/681 552/659/680
f 567/682/703 569/683/704 544/663/684
f 544/663/684 569/683/704 543/661/682
f 529/684/705 528/685/706 552/659/680
f 552/659/680 528/685/706 551/679/702
f 530/657/678 529/684/705 552/659/680
f 536/686/707 535/687/708 554/653/674
f 554/653/674 535/687/708 553/654/675
f 538/652/673 509/690/709 532/649/672
f 509/690/709 555/688/710 532/649/672
f 555/688/710 533/689/711 532/649/672
f 556/691/712 534/692/713 555/688/710
f 555/688/710 534/692/713 533/689/711
f 553/654/675 555/688/710 508/655/677
f 508/655/677 555/688/710 509/690/709
f 535/687/708 556/691/712 553/654/675
f 553/654/675 556/691/712 555/688/710
f 507/693/714 536/686/707 554/653/674
f 507/693/714 554/653/674 537/656/676
f 549/694/715 514/695/716 562/697/717
f 562/697/717 514/695/716 561/696/718
f 548/678/698 515/677/699 560/699/719
f 560/699/719 515/677/699 559/698/720
f 545/700/721 558/701/722 547/675/696
f 547/675/696 558/701/722 557/676/697
f 545/700/721 546/702/723 558/701/722
f 558/701/722 546/702/723 516/703/724
f 560/699/719 559/698/720 549/694/715
f 549/694/715 559/698/720 514/695/716
f 562/697/717 561/696/718 550/680/701
f 550/680/701 561/696/718 513/681/700
f 540/673/694 517/674/695 543/661/682
f 543/661/682 517/674/695 563/662/683
f 564/704/725 546/702/723 545/700/721
f 560/699/719 575/705/726 548/678/698
f 569/683/704 570/672/693 543/661/682
f 543/661/682 570/672/693 540/673/694
f 565/706/727 516/703/724 564/704/725
f 564/704/725 516/703/724 546/702/723
f 563/662/683 565/706/727 544/663/684
f 544/663/684 565/706/727 564/704/725
f 528/685/706 527/707/728 551/679/702
f 551/679/702 527/707/728 566/708/729
f 567/682/703 568/709/730 525/711/731
f 525/711/731 568/709/730 526/710/732
f 526/710/732 568/709/730 578/713/733
f 578/713/733 568/709/730 577/712/734
f 568/709/730 567/682/703 564/704/725
f 564/704/725 567/682/703 544/663/684
f 569/683/704 567/682/703 524/714/735
f 524/714/735 567/682/703 525/711/731
f 570/672/693 569/683/704 523/715/736
f 523/715/736 569/683/704 524/714/735
f 522/716/737 571/670/691 523/715/736
f 523/715/736 571/670/691 570/672/693
f 521/717/738 572/671/692 522/716/737
f 522/716/737 572/671/692 571/670/691
f 573/664/685 572/671/692 520/718/739
f 520/718/739 572/671/692 521/717/738
f 519/719/740 574/665/686 520/718/739
f 520/718/739 574/665/686 573/664/685
f 571/670/691 539/667/687 541/669/690
f 566/708/729 562/697/717 551/679/702
f 551/679/702 562/697/717 550/680/701
f 577/712/734 568/709/730 545/700/721
f 545/700/721 568/709/730 564/704/725
f 560/699/719 549/694/715 575/705/726
f 575/705/726 549/694/715 566/708/729
f 575/705/726 566/708/729 576/720/741
f 576/720/741 566/708/729 527/707/728
f 575/705/726 577/712/734 548/678/698
f 548/678/698 577/712/734 547/675/696
f 577/712/734 575/705/726 578/713/733
f 578/713/733 575/705/726 576/720/741
f 547/675/696 577/712/734 545/700/721
f 562/697/717 566/708/729 549/694/715
f 519/719/740 520/718/739 579/721/742
f 520/718/739 521/717/738 579/721/742
f 579/721/742 521/717/738 580/722/743
f 521/717/738 522/716/737 580/724/743
f 580/724/743 522/716/737 581/723/744
f 522/716/737 523/715/736 581/723/744
f 581/723/744 523/715/736 582/725/745
f 523/715/736 524/714/735 582/725/745
f 582/725/745 524/714/735 583/726/746
f 524/714/735 525/711/731 583/726/746
f 583/726/746 525/711/731 584/727/747
f 525/711/731 526/710/732 584/727/747
f 584/727/747 526/710/732 585/728/748
f 526/710/732 578/713/733 585/730/748
f 585/730/748 578/713/733 586/729/749
f 527/707/728 528/685/706 587/732/750
f 587/732/750 528/685/706 588/731/751
f 528/685/706 529/684/705 588/731/751
f 588/731/751 529/684/705 589/733/752
f 530/657/678 590/734/753 529/684/705
f 529/684/705 590/734/753 589/733/752
f 530/657/678 531/650/670 590/734/753
f 590/734/753 531/650/670 591/735/754
f 531/650/670 532/649/672 591/735/754
f 591/735/754 532/649/672 592/736/755
f 533/689/711 593/737/756 532/649/672
f 532/649/672 593/737/756 592/736/755
f 533/689/711 534/692/713 593/737/756
f 576/720/741 527/707/728 594/739/757
f 594/739/757 527/707/728 587/738/750
f 578/713/733 576/720/741 586/729/749
f 586/729/749 576/720/741 594/739/757
s 98
f 538/741/758 510/742/759 607/740/760
f 607/740/760 510/742/759 606/743/761
f 623/744/762 537/745/763 622/747/764
f 622/747/764 537/745/763 508/746/765
f 510/742/759 511/748/766 606/743/761
f 606/743/761 511/748/766 605/749/767
f 605/749/767 511/748/766 621/751/768
f 621/751/768 511/748/766 512/750/769
f 612/752/770 613/753/771 563/754/772
f 635/755/773 609/756/774 574/758/775
f 574/758/775 609/756/774 518/757/776
f 611/759/777 542/760/778 609/756/774
f 609/756/774 542/760/778 518/757/776
f 633/761/779 609/756/774 634/762/780
f 634/762/780 609/756/774 635/755/773
f 610/764/781 611/759/777 632/763/782
f 632/763/782 611/759/777 633/761/779
f 542/760/778 611/759/777 517/765/783
f 517/765/783 611/759/777 610/764/781
f 616/766/784 617/767/785 557/769/786
f 557/769/786 617/767/785 515/768/787
f 513/771/788 619/772/789 512/750/769
f 619/772/789 620/770/790 512/750/769
f 620/770/790 621/751/768 512/750/769
f 612/752/770 631/773/791 613/753/771
f 613/753/771 631/773/791 629/774/792
f 604/775/793 621/751/768 603/776/794
f 603/776/794 621/751/768 620/770/790
f 605/749/767 621/751/768 604/775/793
f 536/777/795 623/744/762 535/778/796
f 535/778/796 623/744/762 622/747/764
f 538/741/758 607/740/760 509/780/797
f 509/780/797 607/740/760 624/779/798
f 624/779/798 607/740/760 608/781/799
f 556/782/800 624/779/798 534/783/801
f 534/783/801 624/779/798 608/781/799
f 622/747/764 508/746/765 624/779/798
f 624/779/798 508/746/765 509/780/797
f 535/778/796 622/747/764 556/782/800
f 556/782/800 622/747/764 624/779/798
f 507/784/802 623/744/762 536/777/795
f 507/784/802 537/745/763 623/744/762
f 618/785/803 626/786/804 514/788/805
f 514/788/805 626/786/804 561/787/806
f 617/767/785 625/789/807 515/768/787
f 515/768/787 625/789/807 559/790/808
f 614/791/809 616/766/784 558/792/810
f 558/792/810 616/766/784 557/769/786
f 614/791/809 558/792/810 615/794/811
f 615/794/811 558/792/810 516/793/812
f 625/789/807 618/785/803 559/790/808
f 559/790/808 618/785/803 514/788/805
f 626/786/804 619/772/789 561/787/806
f 561/787/806 619/772/789 513/771/788
f 610/764/781 612/752/770 517/765/783
f 517/765/783 612/752/770 563/754/772
f 627/795/813 614/791/809 615/794/811
f 625/789/807 617/767/785 636/796/814
f 610/764/781 632/763/782 612/752/770
f 612/752/770 632/763/782 631/773/791
f 615/794/811 516/793/812 627/795/813
f 627/795/813 516/793/812 565/797/815
f 627/795/813 565/797/815 613/753/771
f 613/753/771 565/797/815 563/754/772
f 603/776/794 620/770/790 602/799/816
f 602/799/816 620/770/790 628/798/817
f 629/774/792 600/800/818 630/802/819
f 630/802/819 600/800/818 601/801/820
f 601/801/820 639/803/821 630/802/819
f 630/802/819 639/803/821 638/804/822
f 613/753/771 629/774/792 627/795/813
f 627/795/813 629/774/792 630/802/819
f 631/773/791 599/805/823 629/774/792
f 629/774/792 599/805/823 600/800/818
f 632/763/782 598/806/824 631/773/791
f 631/773/791 598/806/824 599/805/823
f 632/763/782 633/761/779 598/806/824
f 598/806/824 633/761/779 597/807/825
f 633/761/779 634/762/780 597/807/825
f 597/807/825 634/762/780 596/808/826
f 635/755/773 595/809/827 634/762/780
f 634/762/780 595/809/827 596/808/826
f 635/755/773 574/758/775 595/809/827
f 595/809/827 574/758/775 519/810/828
f 633/761/779 611/759/777 609/756/774
f 619/772/789 626/786/804 620/770/790
f 620/770/790 626/786/804 628/798/817
f 627/795/813 630/802/819 614/791/809
f 614/791/809 630/802/819 638/804/822
f 628/798/817 618/785/803 636/796/814
f 636/796/814 618/785/803 625/789/807
f 602/799/816 628/798/817 637/811/829
f 637/811/829 628/798/817 636/796/814
f 616/766/784 638/804/822 617/767/785
f 617/767/785 638/804/822 636/796/814
f 637/811/829 636/796/814 639/803/821
f 639/803/821 636/796/814 638/804/822
f 616/766/784 614/791/809 638/804/822
f 626/786/804 618/785/803 628/798/817
f 519/810/828 579/812/830 595/809/827
f 595/809/827 579/812/830 596/808/826
f 596/808/826 579/812/830 580/813/831
f 596/808/826 580/814/831 597/807/825
f 597/807/825 580/814/831 581/815/832
f 597/807/825 581/815/832 598/806/824
f 598/806/824 581/815/832 582/816/833
f 598/806/824 582/816/833 599/805/823
f 599/805/823 582/816/833 583/817/834
f 599/805/823 583/817/834 600/800/818
f 600/800/818 583/817/834 584/818/835
f 600/800/818 584/818/835 601/801/820
f 601/801/820 584/818/835 585/819/836
f 601/801/820 585/820/836 639/803/821
f 639/803/821 585/820/836 586/821/837
f 602/799/816 587/822/838 603/776/794
f 603/776/794 587/822/838 588/823/839
f 603/776/794 588/823/839 604/775/793
f 604/775/793 588/823/839 589/824/840
f 589/824/840 590/825/841 604/775/793
f 604/775/793 590/825/841 605/749/767
f 605/749/767 590/825/841 606/743/761
f 606/743/761 590/825/841 591/826/842
f 606/743/761 591/826/842 607/740/760
f 607/740/760 591/826/842 592/827/843
f 592/827/843 593/828/844 607/740/760
f 607/740/760 593/828/844 608/781/799
f 608/781/799 593/828/844 534/783/801
f 637/811/829 594/829/845 602/799/816
f 602/799/816 594/829/845 587/830/838
f 639/803/821 586/821/837 637/811/829
f 637/811/829 586/821/837 594/829/845
s 111
f 640/831/846 652/832/847 641/833/848
f 641/833/848 652/832/847 642/834/849
f 642/834/849 652/832/847 643/835/850
f 643/835/850 652/832/847 644/836/851
f 644/836/851 652/832/847 645/837/852
f 645/837/852 652/832/847 646/838/853
f 646/838/853 652/832/847 647/839/854
f 647/839/854 652/832/847 648/840/855
f 648/840/855 652/832/847 649/841/856
f 649/841/856 652/832/847 650/842/857
f 650/842/857 652/832/847 651/843/858
f 651/843/858 652/832/847 640/831/846
f 654/844/859 664/845/860 653/847/861
f 653/847/861 664/845/860 663/846/862
f 656/848/863 668/849/864 655/851/865
f 655/851/865 668/849/864 667/850/866
f 657/852/867 669/853/868 656/848/863
f 656/848/863 669/853/868 668/849/864
f 658/854/869 670/855/870 657/852/867
f 657/852/867 670/855/870 669/853/868
f 659/856/871 671/857/872 658/854/869
f 658/854/869 671/857/872 670/855/870
f 660/858/873 672/859/874 659/856/871
f 659/856/871 672/859/874 671/857/872
f 661/860/875 673/861/876 660/858/873
f 660/858/873 673/861/876 672/859/874
f 662/862/877 674/863/878 661/860/875
f 661/860/875 674/863/878 673/861/876
f 653/847/861 663/846/862 662/862/877
f 662/862/877 663/846/862 674/863/878
f 664/864/860 642/834/849 663/865/862
f 663/865/862 642/834/849 643/835/850
f 665/866/879 641/833/848 664/864/860
f 664/864/860 641/833/848 642/834/849
f 666/867/880 640/831/846 665/866/879
f 665/866/879 640/831/846 641/833/848
f 667/868/866 651/843/858 666/867/880
f 666/867/880 651/843/858 640/831/846
f 668/869/864 650/842/857 667/868/866
f 667/868/866 650/842/857 651/843/858
f 669/870/868 649/841/856 668/869/864
f 668/869/864 649/841/856 650/842/857
f 670/871/870 648/840/855 669/870/868
f 669/870/868 648/840/855 649/841/856
f 671/872/872 647/839/854 670/871/870
f 670/871/870 647/839/854 648/840/855
f 672/873/874 646/838/853 671/872/872
f 671/872/872 646/838/853 647/839/854
f 673/874/876 645/837/852 672/873/874
f 672/873/874 645/837/852 646/838/853
f 674/875/878 644/836/851 673/874/876
f 673/874/876 644/836/851 645/837/852
f 663/865/862 643/835/850 674/875/878
f 674/875/878 643/835/850 644/836/851
s 120
f 675/876/881 676/877/882 687/878/883
f 676/877/882 677/879/884 687/878/883
f 677/879/884 678/880/885 687/878/883
f 678/880/885 679/881/886 687/878/883
f 679/881/886 680/882/887 687/878/883
f 680/882/887 681/883/888 687/878/883
f 681/883/888 682/884/889 687/878/883
f 682/884/889 683/885/890 687/878/883
f 683/885/890 684/886/891 687/878/883
f 684/886/891 685/887/892 687/878/883
f 685/887/892 686/888/893 687/878/883
f 686/888/893 675/876/881 687/878/883
f 654/889/894 653/890/895 689/892/896
f 689/892/896 653/890/895 688/891/897
f 656/893/898 655/894/899 693/896/900
f 693/896/900 655/894/899 692/895/901
f 657/897/902 656/893/898 694/898/903
f 694/898/903 656/893/898 693/896/900
f 658/899/904 657/897/902 695/900/905
f 695/900/905 657/897/902 694/898/903
f 659/901/906 658/899/904 696/902/907
f 696/902/907 658/899/904 695/900/905
f 660/903/908 659/901/906 697/904/909
f 697/904/909 659/901/906 696/902/907
f 661/905/910 660/903/908 698/906/911
f 698/906/911 660/903/908 697/904/909
f 662/907/912 661/905/910 699/908/913
f 699/908/913 661/905/910 698/906/911
f 653/890/895 662/907/912 688/891/897
f 688/891/897 662/907/912 699/908/913
f 689/909/896 688/910/897 677/879/884
f 677/879/884 688/910/897 678/880/885
f 690/911/914 689/909/896 676/877/882
f 676/877/882 689/909/896 677/879/884
f 691/912/915 690/911/914 675/876/881
f 675/876/881 690/911/914 676/877/882
f 692/913/901 691/912/915 686/888/893
f 686/888/893 691/912/915 675/876/881
f 693/914/900 692/913/901 685/887/892
f 685/887/892 692/913/901 686/888/893
f 694/915/903 693/914/900 684/886/891
f 684/886/891 693/914/900 685/887/892
f 695/916/905 694/915/903 683/885/890
f 683/885/890 694/915/903 684/886/891
f 696/917/907 695/916/905 682/884/889
f 682/884/889 695/916/905 683/885/890
f 697/918/909 696/917/907 681/883/888
f 681/883/888 696/917/907 682/884/889
f 698/919/911 697/918/909 680/882/887
f 680/882/887 697/918/909 681/883/888
f 699/920/913 698/919/911 679/881/886
f 679/881/886 698/919/911 680/882/887
f 688/910/897 699/920/913 678/880/885
f 678/880/885 699/920/913 679/881/886
s 123
f 740/921/916 719/922/917 739/924/918
f 739/924/918 719/922/917 720/923/919
f 722/926/920 738/927/921 721/925/922
f 721/925/922 738/927/921 720/923/919
f 739/924/918 738/927/921 723/928/923
f 723/928/923 738/927/921 722/926/920
f 725/929/924 741/930/925 724/931/926
f 724/931/926 741/930/925 740/921/916
f 724/931/926 740/921/916 723/928/923
f 723/928/923 740/921/916 739/924/918
f 741/930/925 718/932/927 740/921/916
f 740/921/916 718/932/927 719/922/917
f 726/933/928 742/934/929 725/929/924
f 725/929/924 742/934/929 741/930/925
f 728/935/930 743/936/931 727/937/932
f 727/937/932 743/936/931 726/933/928
f 726/933/928 743/936/931 742/934/929
f 745/939/933 744/940/934 730/938/935
f 730/938/935 744/940/934 729/941/936
f 729/941/936 744/940/934 728/935/930
f 728/935/930 744/940/934 743/936/931
f 743/936/931 717/942/937 742/934/929
f 731/943/938 746/944/939 730/938/935
f 730/938/935 746/944/939 745/939/933
f 732/945/940 747/946/941 731/943/938
f 731/943/938 747/946/941 746/944/939
f 749/948/942 748/949/943 734/947/944
f 734/947/944 748/949/943 733/950/945
f 750/952/946 749/948/942 735/951/947
f 735/951/947 749/948/942 734/947/944
f 736/953/948 751/954/949 735/951/947
f 735/951/947 751/954/949 750/952/946
f 752/956/950 751/954/949 737/955/951
f 737/955/951 751/954/949 736/953/948
f 753/958/952 752/956/950 700/957/953
f 700/957/953 752/956/950 737/955/951
f 717/942/937 718/932/927 742/934/929
f 742/934/929 718/932/927 741/930/925
f 713/959/954 714/960/955 749/948/942
f 749/948/942 714/960/955 748/949/943
f 744/940/934 716/961/956 743/936/931
f 743/936/931 716/961/956 717/942/937
f 715/962/957 716/961/956 745/939/933
f 745/939/933 716/961/956 744/940/934
f 746/944/939 715/962/957 745/939/933
f 748/949/943 747/946/941 733/950/945
f 733/950/945 747/946/941 732/945/940
f 748/949/943 714/960/955 747/946/941
f 747/946/941 714/960/955 746/944/939
f 746/944/939 714/960/955 715/962/957
f 712/963/958 713/959/954 750/952/946
f 750/952/946 713/959/954 749/948/942
f 706/965/959 707/966/960 709/964/961
f 709/964/961 707/966/960 708/967/962
f 712/963/958 750/952/946 752/956/950
f 752/956/950 750/952/946 751/954/949
f 703/968/963 701/969/964 702/970/965
f 752/956/950 753/958/952 754/971/966
f 711/972/967 704/973/968 705/974/969
f 711/972/967 705/974/969 710/975/970
f 710/975/970 705/974/969 706/965/959
f 710/975/970 706/965/959 709/964/961
f 703/968/963 754/971/966 701/969/964
f 701/969/964 754/971/966 753/958/952
f 711/972/967 754/971/966 704/973/968
f 704/973/968 754/971/966 703/968/963
f 752/956/950 754/971/966 712/963/958
f 712/963/958 754/971/966 711/972/967
f 708/967/962 707/966/960 756/977/971
f 756/977/971 707/966/960 755/976/972
f 755/976/972 757/978/973 756/977/971
f 756/977/971 757/978/973 758/979/974
f 739/924/918 720/923/919 738/927/921
s 138
f 781/980/975 780/981/976 777/983/977
f 777/983/977 780/981/976 778/982/978
f 778/982/978 779/985/979 721/984/980
f 721/984/980 779/985/979 722/986/981
f 722/986/981 779/985/979 723/987/982
f 723/987/982 779/985/979 780/981/976
f 725/988/983 724/989/984 782/990/985
f 782/990/985 724/989/984 781/980/975
f 724/989/984 723/987/982 781/980/975
f 781/980/975 723/987/982 780/981/976
f 782/990/985 781/980/975 776/991/986
f 776/991/986 781/980/975 777/983/977
f 726/992/987 725/988/983 783/993/988
f 783/993/988 725/988/983 782/990/985
f 728/994/989 727/995/990 784/996/991
f 727/995/990 726/992/987 784/996/991
f 784/996/991 726/992/987 783/993/988
f 729/998/992 785/999/993 730/997/994
f 730/997/994 785/999/993 786/1000/995
f 729/998/992 728/994/989 785/999/993
f 785/999/993 728/994/989 784/996/991
f 784/996/991 783/993/988 775/1001/996
f 731/1002/997 730/997/994 787/1003/998
f 787/1003/998 730/997/994 786/1000/995
f 732/1004/999 731/1002/997 788/1005/1000
f 788/1005/1000 731/1002/997 787/1003/998
f 733/1007/1001 789/1008/1002 734/1006/1003
f 734/1006/1003 789/1008/1002 790/1009/1004
f 734/1006/1003 790/1009/1004 735/1010/1005
f 735/1010/1005 790/1009/1004 791/1011/1006
f 736/1012/1007 735/1010/1005 792/1013/1008
f 792/1013/1008 735/1010/1005 791/1011/1006
f 736/1012/1007 792/1013/1008 737/1014/1009
f 737/1014/1009 792/1013/1008 793/1015/1010
f 737/1014/1009 793/1015/1010 700/1016/1011
f 700/1016/1011 793/1015/1010 794/1017/1012
f 782/990/985 776/991/986 783/993/988
f 783/993/988 776/991/986 775/1001/996
f 789/1008/1002 772/1018/1013 790/1009/1004
f 790/1009/1004 772/1018/1013 771/1019/1014
f 785/999/993 784/996/991 774/1020/1015
f 774/1020/1015 784/996/991 775/1001/996
f 785/999/993 774/1020/1015 786/1000/995
f 786/1000/995 774/1020/1015 773/1021/1016
f 787/1003/998 786/1000/995 773/1021/1016
f 732/1004/999 788/1005/1000 733/1007/1001
f 733/1007/1001 788/1005/1000 789/1008/1002
f 789/1008/1002 788/1005/1000 772/1018/1013
f 788/1005/1000 787/1003/998 772/1018/1013
f 772/1018/1013 787/1003/998 773/1021/1016
f 790/1009/1004 771/1019/1014 791/1011/1006
f 791/1011/1006 771/1019/1014 770/1022/1017
f 766/1024/1018 765/1025/1019 767/1023/1020
f 767/1023/1020 765/1025/1019 764/1026/1021
f 792/1013/1008 791/1011/1006 793/1015/1010
f 793/1015/1010 791/1011/1006 770/1022/1017
f 761/1027/1022 760/1028/1023 759/1029/1024
f 793/1015/1010 795/1030/1025 794/1017/1012
f 769/1031/1026 763/1032/1027 762/1033/1028
f 769/1031/1026 768/1034/1029 763/1032/1027
f 763/1032/1027 768/1034/1029 764/1026/1021
f 768/1034/1029 767/1023/1020 764/1026/1021
f 761/1027/1022 759/1029/1024 795/1030/1025
f 795/1030/1025 759/1029/1024 794/1017/1012
f 769/1031/1026 762/1033/1028 795/1030/1025
f 795/1030/1025 762/1033/1028 761/1027/1022
f 793/1015/1010 770/1022/1017 795/1030/1025
f 795/1030/1025 770/1022/1017 769/1031/1026
f 766/1024/1018 797/1035/1030 765/1025/1019
f 765/1025/1019 797/1035/1030 796/1036/1031
f 799/1037/1032 798/1038/1033 797/1035/1030
f 797/1035/1030 798/1038/1033 796/1036/1031
f 780/981/976 779/985/979 778/982/978
s 146
f 812/1040/1034 805/1041/1035 807/1039/1036
f 807/1039/1036 805/1041/1035 806/1042/1037
f 816/1043/1038 802/1044/1039 813/1045/1040
f 805/1041/1035 812/1040/1034 804/1046/1041
f 804/1046/1041 812/1040/1034 813/1045/1040
f 813/1045/1040 802/1044/1039 804/1046/1041
f 804/1046/1041 802/1044/1039 803/1047/1042
f 817/1048/1043 801/1049/1044 816/1043/1038
f 816/1043/1038 801/1049/1044 802/1044/1039
f 808/1050/1045 812/1040/1034 807/1039/1036
f 808/1050/1045 813/1045/1040 812/1040/1034
f 816/1043/1038 815/1052/1046 811/1051/1047
f 811/1051/1047 815/1052/1046 810/1053/1048
f 800/1054/1049 817/1048/1043 811/1051/1047
f 811/1051/1047 817/1048/1043 816/1043/1038
f 813/1045/1040 808/1050/1045 816/1043/1038
f 808/1050/1045 814/1055/1050 816/1043/1038
f 816/1043/1038 814/1055/1050 815/1052/1046
f 814/1055/1050 809/1056/1051 815/1052/1046
f 815/1052/1046 809/1056/1051 810/1053/1048
s 149
f 806/1058/1052 805/1059/1053 820/1057/1054
f 820/1057/1054 805/1059/1053 822/1060/1055
f 826/1061/1056 823/1062/1057 819/1063/1058
f 805/1059/1053 804/1064/1059 822/1060/1055
f 822/1060/1055 804/1064/1059 823/1062/1057
f 803/1065/1060 819/1063/1058 804/1064/1059
f 804/1064/1059 819/1063/1058 823/1062/1057
f 819/1063/1058 818/1066/1061 826/1061/1056
f 826/1061/1056 818/1066/1061 827/1067/1062
f 821/1068/1063 820/1057/1054 822/1060/1055
f 821/1068/1063 822/1060/1055 823/1062/1057
f 810/1070/1064 825/1071/1065 811/1069/1066
f 811/1069/1066 825/1071/1065 826/1061/1056
f 800/1072/1067 811/1069/1066 827/1067/1062
f 827/1067/1062 811/1069/1066 826/1061/1056
f 823/1062/1057 826/1061/1056 821/1068/1063
f 821/1068/1063 826/1061/1056 824/1073/1068
f 826/1061/1056 825/1071/1065 824/1073/1068
f 810/1070/1064 809/1074/1069 825/1071/1065
f 825/1071/1065 809/1074/1069 824/1073/1068
s 152
f 828/1075/1070 852/1076/1071 829/1078/1072
f 829/1078/1072 852/1076/1071 853/1077/1073
f 835/1079/1074 858/1080/1075 865/1081/1076
f 854/1083/1077 855/1084/1078 831/1082/1079
f 831/1082/1079 855/1084/1078 832/1085/1080
f 853/1077/1073 854/1083/1077 830/1086/1081
f 830/1086/1081 854/1083/1077 831/1082/1079
f 829/1078/1072 853/1077/1073 864/1087/1082
f 841/1088/1083 863/1089/1084 842/1090/1085
f 833/1091/1086 856/1092/1087 834/1094/1088
f 834/1094/1088 856/1092/1087 857/1093/1089
f 857/1093/1089 858/1080/1075 834/1094/1088
f 834/1094/1088 858/1080/1075 835/1079/1074
f 856/1092/1087 833/1091/1086 855/1084/1078
f 855/1084/1078 833/1091/1086 832/1085/1080
f 863/1089/1084 843/1095/1090 842/1090/1085
f 840/1096/1091 862/1097/1092 841/1088/1083
f 841/1088/1083 862/1097/1092 863/1089/1084
f 862/1097/1092 844/1098/1093 863/1089/1084
f 863/1089/1084 844/1098/1093 843/1095/1090
f 839/1099/1094 861/1100/1095 840/1096/1091
f 840/1096/1091 861/1100/1095 862/1097/1092
f 828/1075/1070 851/1101/1096 852/1076/1071
f 860/1103/1097 861/1100/1095 838/1102/1098
f 838/1102/1098 861/1100/1095 839/1099/1094
f 836/1104/1099 838/1102/1098 837/1105/1100
f 860/1103/1097 845/1106/1101 861/1100/1095
f 861/1100/1095 845/1106/1101 862/1097/1092
f 862/1097/1092 845/1106/1101 844/1098/1093
f 859/1107/1102 846/1108/1103 860/1103/1097
f 860/1103/1097 846/1108/1103 845/1106/1101
f 858/1080/1075 848/1109/1104 865/1081/1076
f 865/1081/1076 848/1109/1104 847/1110/1105
f 849/1111/1106 848/1109/1104 857/1093/1089
f 857/1093/1089 848/1109/1104 858/1080/1075
f 856/1092/1087 849/1111/1106 857/1093/1089
f 855/1084/1078 850/1112/1107 856/1092/1087
f 856/1092/1087 850/1112/1107 849/1111/1106
f 851/1101/1096 850/1112/1107 854/1083/1077
f 854/1083/1077 850/1112/1107 855/1084/1078
f 852/1076/1071 851/1101/1096 853/1077/1073
f 853/1077/1073 851/1101/1096 854/1083/1077
f 859/1107/1102 860/1103/1097 836/1104/1099
f 836/1104/1099 860/1103/1097 838/1102/1098
f 864/1087/1082 853/1077/1073 830/1086/1081
f 847/1110/1105 846/1108/1103 865/1081/1076
f 865/1081/1076 846/1108/1103 859/1107/1102
f 835/1079/1074 865/1081/1076 836/1104/1099
f 836/1104/1099 865/1081/1076 859/1107/1102
f 837/1105/1100 838/1102/1098 866/1114/1108
f 866/1114/1108 838/1102/1098 867/1113/1109
f 838/1102/1098 839/1099/1094 867/1113/1109
f 867/1113/1109 839/1099/1094 868/1115/1110
f 839/1099/1094 840/1096/1091 868/1115/1110
f 868/1115/1110 840/1096/1091 869/1116/1111
f 840/1096/1091 841/1088/1083 869/1116/1111
f 869/1116/1111 841/1088/1083 870/1117/1112
f 841/1088/1083 842/1090/1085 870/1117/1112
f 842/1090/1085 843/1095/1090 871/1118/1113
f 844/1098/1093 872/1119/1114 843/1095/1090
f 843/1095/1090 872/1119/1114 871/1118/1113
f 845/1106/1101 873/1120/1115 844/1098/1093
f 844/1098/1093 873/1120/1115 872/1119/1114
f 846/1108/1103 874/1121/1116 845/1106/1101
f 845/1106/1101 874/1121/1116 873/1120/1115
f 847/1110/1105 875/1122/1117 846/1108/1103
f 846/1108/1103 875/1122/1117 874/1121/1116
f 847/1110/1105 848/1109/1104 875/1124/1117
f 875/1124/1117 848/1109/1104 876/1123/1118
s 162
f 828/1125/1119 829/1126/1120 897/1128/1121
f 897/1128/1121 829/1126/1120 898/1127/1122
f 882/1129/1123 910/1130/1124 903/1131/1125
f 879/1133/1126 900/1134/1127 878/1132/1128
f 878/1132/1128 900/1134/1127 899/1135/1129
f 878/1132/1128 899/1135/1129 877/1136/1130
f 877/1136/1130 899/1135/1129 898/1127/1122
f 829/1126/1120 909/1137/1131 898/1127/1122
f 888/1138/1132 842/1139/1133 908/1140/1134
f 880/1141/1135 881/1142/1136 901/1144/1137
f 901/1144/1137 881/1142/1136 902/1143/1138
f 882/1129/1123 903/1131/1125 881/1142/1136
f 881/1142/1136 903/1131/1125 902/1143/1138
f 879/1133/1126 880/1141/1135 900/1134/1127
f 900/1134/1127 880/1141/1135 901/1144/1137
f 908/1140/1134 842/1139/1133 889/1145/1139
f 887/1146/1140 888/1138/1132 907/1147/1141
f 907/1147/1141 888/1138/1132 908/1140/1134
f 907/1147/1141 908/1140/1134 890/1148/1142
f 890/1148/1142 908/1140/1134 889/1145/1139
f 886/1149/1143 887/1146/1140 906/1150/1144
f 906/1150/1144 887/1146/1140 907/1147/1141
f 828/1125/1119 897/1128/1121 851/1151/1145
f 886/1149/1143 906/1150/1144 885/1152/1146
f 885/1152/1146 906/1150/1144 905/1153/1147
f 883/1154/1148 884/1155/1149 885/1152/1146
f 905/1153/1147 906/1150/1144 891/1156/1150
f 906/1150/1144 907/1147/1141 891/1156/1150
f 891/1156/1150 907/1147/1141 890/1148/1142
f 904/1157/1151 905/1153/1147 892/1158/1152
f 892/1158/1152 905/1153/1147 891/1156/1150
f 903/1131/1125 910/1130/1124 894/1160/1153
f 894/1160/1153 910/1130/1124 893/1159/1154
f 903/1131/1125 894/1160/1153 902/1143/1138
f 902/1143/1138 894/1160/1153 895/1161/1155
f 901/1144/1137 902/1143/1138 895/1161/1155
f 900/1134/1127 901/1144/1137 896/1162/1156
f 896/1162/1156 901/1144/1137 895/1161/1155
f 900/1134/1127 896/1162/1156 899/1135/1129
f 899/1135/1129 896/1162/1156 851/1151/1145
f 897/1128/1121 898/1127/1122 851/1151/1145
f 898/1127/1122 899/1135/1129 851/1151/1145
f 904/1157/1151 883/1154/1148 905/1153/1147
f 905/1153/1147 883/1154/1148 885/1152/1146
f 909/1137/1131 877/1136/1130 898/1127/1122
f 904/1157/1151 892/1158/1152 910/1130/1124
f 910/1130/1124 892/1158/1152 893/1159/1154
f 882/1129/1123 883/1154/1148 910/1130/1124
f 910/1130/1124 883/1154/1148 904/1157/1151
f 884/1155/1149 866/1163/1157 885/1152/1146
f 885/1152/1146 866/1163/1157 867/1164/1158
f 885/1152/1146 867/1164/1158 886/1149/1143
f 886/1149/1143 867/1164/1158 868/1165/1159
f 886/1149/1143 868/1165/1159 887/1146/1140
f 887/1146/1140 868/1165/1159 869/1166/1160
f 887/1146/1140 869/1166/1160 888/1138/1132
f 888/1138/1132 869/1166/1160 870/1167/1161
f 888/1138/1132 870/1167/1161 842/1139/1133
f 842/1139/1133 871/1168/1162 889/1145/1139
f 871/1168/1162 872/1169/1163 889/1145/1139
f 889/1145/1139 872/1169/1163 890/1148/1142
f 872/1169/1163 873/1170/1164 890/1148/1142
f 890/1148/1142 873/1170/1164 891/1156/1150
f 873/1170/1164 874/1171/1165 891/1156/1150
f 891/1156/1150 874/1171/1165 892/1158/1152
f 874/1171/1165 875/1172/1166 892/1158/1152
f 892/1158/1152 875/1172/1166 893/1159/1154
f 893/1159/1154 875/1173/1166 894/1160/1153
f 894/1160/1153 875/1173/1166 876/1174/1167
s 171
f 340/1175/1168 948/1176/1169 277/1178/1170
f 277/1178/1170 948/1176/1169 930/1177/1171
f 944/1180/1172 937/1181/1173 943/1179/1174
f 943/1179/1174 937/1181/1173 933/1182/1175
f 918/1183/1176 915/1184/1177 917/1186/1178
f 917/1186/1178 915/1184/1177 916/1185/1179
f 919/1187/1180 914/1188/1181 918/1183/1176
f 918/1183/1176 914/1188/1181 915/1184/1177
f 948/1176/1169 949/1189/1182 930/1177/1171
f 930/1177/1171 949/1189/1182 929/1190/1183
f 928/1191/1184 949/1189/1182 947/1192/1185
f 928/1191/1184 947/1192/1185 927/1193/1186
f 938/1194/1187 932/1195/1188 937/1181/1173
f 937/1181/1173 932/1195/1188 933/1182/1175
f 939/1196/1189 931/1197/1190 938/1194/1187
f 938/1194/1187 931/1197/1190 932/1195/1188
f 912/1198/1191 935/1199/1192 913/1201/1193
f 913/1201/1193 935/1199/1192 934/1200/1194
f 913/1201/1193 934/1200/1194 914/1188/1181
f 333/1202/1195 278/1203/1196 939/1196/1189
f 939/1196/1189 278/1203/1196 931/1197/1190
f 911/1204/1197 936/1205/1198 912/1198/1191
f 912/1198/1191 936/1205/1198 935/1199/1192
f 307/1206/1199 329/1207/1200 911/1204/1197
f 911/1204/1197 329/1207/1200 936/1205/1198
f 934/1200/1194 937/1181/1173 914/1188/1181
f 914/1188/1181 937/1181/1173 944/1180/1172
f 935/1199/1192 938/1194/1187 934/1200/1194
f 934/1200/1194 938/1194/1187 937/1181/1173
f 936/1205/1198 939/1196/1189 935/1199/1192
f 935/1199/1192 939/1196/1189 938/1194/1187
f 329/1207/1200 333/1202/1195 936/1205/1198
f 936/1205/1198 333/1202/1195 939/1196/1189
f 916/1185/1179 940/1208/1201 917/1186/1178
f 917/1186/1178 940/1208/1201 941/1209/1202
f 942/1210/1203 943/1179/1174 933/1182/1175
f 943/1179/1174 942/1210/1203 916/1185/1179
f 916/1185/1179 942/1210/1203 940/1208/1201
f 944/1180/1172 943/1179/1174 915/1184/1177
f 915/1184/1177 943/1179/1174 916/1185/1179
f 914/1188/1181 944/1180/1172 915/1184/1177
f 926/1211/1204 923/1212/1205 925/1214/1206
f 925/1214/1206 923/1212/1205 924/1213/1207
f 911/1204/1197 945/1215/1208 307/1206/1199
f 307/1206/1199 945/1215/1208 336/1216/1209
f 946/1217/1210 945/1215/1208 912/1198/1191
f 912/1198/1191 945/1215/1208 911/1204/1197
f 947/1192/1185 946/1217/1210 913/1201/1193
f 913/1201/1193 946/1217/1210 912/1198/1191
f 926/1211/1204 919/1187/1180 920/1218/1211
f 336/1216/1209 945/1215/1208 340/1175/1168
f 340/1175/1168 945/1215/1208 948/1176/1169
f 949/1189/1182 948/1176/1169 946/1217/1210
f 946/1217/1210 948/1176/1169 945/1215/1208
f 947/1192/1185 949/1189/1182 946/1217/1210
f 929/1190/1183 949/1189/1182 928/1191/1184
f 927/1193/1186 947/1192/1185 926/1211/1204
f 919/1187/1180 913/1201/1193 914/1188/1181
f 947/1192/1185 913/1201/1193 926/1211/1204
f 926/1211/1204 913/1201/1193 919/1187/1180
f 926/1211/1204 922/1219/1212 923/1212/1205
f 926/1211/1204 920/1218/1211 921/1220/1213
f 926/1211/1204 921/1220/1213 922/1219/1212
f 925/1221/1206 924/1222/1207 951/1224/1214
f 951/1224/1214 924/1222/1207 950/1223/1215
f 926/1225/1204 925/1221/1206 952/1226/1216
f 952/1226/1216 925/1221/1206 951/1224/1214
f 927/1227/1186 926/1225/1204 953/1228/1217
f 953/1228/1217 926/1225/1204 952/1226/1216
f 929/1229/1183 928/1230/1184 954/1231/1218
f 928/1230/1184 927/1227/1186 954/1231/1218
f 954/1231/1218 927/1227/1186 953/1228/1217
s 182
f 299/1232/1219 277/1233/1220 984/1235/1221
f 984/1235/1221 277/1233/1220 930/1234/1222
f 933/1237/1223 976/1238/1224 979/1236/1225
f 979/1236/1225 976/1238/1224 980/1239/1226
f 962/1240/1227 961/1241/1228 959/1243/1229
f 959/1243/1229 961/1241/1228 960/1242/1230
f 963/1244/1231 962/1240/1227 958/1245/1232
f 958/1245/1232 962/1240/1227 959/1243/1229
f 929/1246/1233 985/1247/1234 930/1234/1222
f 930/1234/1222 985/1247/1234 984/1235/1221
f 972/1248/1235 983/1249/1236 985/1247/1234
f 972/1248/1235 971/1250/1237 983/1249/1236
f 933/1237/1223 932/1251/1238 976/1238/1224
f 976/1238/1224 932/1251/1238 977/1252/1239
f 932/1251/1238 931/1253/1240 977/1252/1239
f 977/1252/1239 931/1253/1240 978/1254/1241
f 956/1255/1242 957/1256/1243 974/1258/1244
f 974/1258/1244 957/1256/1243 973/1257/1245
f 957/1256/1243 958/1245/1232 973/1257/1245
f 931/1253/1240 278/1259/1246 978/1254/1241
f 978/1254/1241 278/1259/1246 289/1260/1247
f 955/1261/1248 956/1255/1242 975/1262/1249
f 975/1262/1249 956/1255/1242 974/1258/1244
f 975/1262/1249 285/1263/1250 955/1261/1248
f 955/1261/1248 285/1263/1250 256/1264/1251
f 980/1239/1226 976/1238/1224 958/1245/1232
f 958/1245/1232 976/1238/1224 973/1257/1245
f 976/1238/1224 977/1252/1239 973/1257/1245
f 973/1257/1245 977/1252/1239 974/1258/1244
f 977/1252/1239 978/1254/1241 974/1258/1244
f 974/1258/1244 978/1254/1241 975/1262/1249
f 978/1254/1241 289/1260/1247 975/1262/1249
f 975/1262/1249 289/1260/1247 285/1263/1250
f 941/1265/1252 940/1266/1253 961/1241/1228
f 961/1241/1228 940/1266/1253 960/1242/1230
f 942/1267/1254 933/1237/1223 979/1236/1225
f 940/1266/1253 942/1267/1254 960/1242/1230
f 960/1242/1230 942/1267/1254 979/1236/1225
f 960/1242/1230 979/1236/1225 959/1243/1229
f 959/1243/1229 979/1236/1225 980/1239/1226
f 958/1245/1232 959/1243/1229 980/1239/1226
f 970/1268/1255 969/1269/1256 967/1271/1257
f 967/1271/1257 969/1269/1256 968/1270/1258
f 295/1272/1259 981/1273/1260 256/1264/1251
f 256/1264/1251 981/1273/1260 955/1261/1248
f 982/1274/1261 956/1255/1242 981/1273/1260
f 981/1273/1260 956/1255/1242 955/1261/1248
f 983/1249/1236 957/1256/1243 982/1274/1261
f 982/1274/1261 957/1256/1243 956/1255/1242
f 970/1268/1255 964/1275/1262 963/1244/1231
f 295/1272/1259 299/1232/1219 981/1273/1260
f 981/1273/1260 299/1232/1219 984/1235/1221
f 985/1247/1234 982/1274/1261 984/1235/1221
f 984/1235/1221 982/1274/1261 981/1273/1260
f 983/1249/1236 982/1274/1261 985/1247/1234
f 929/1246/1233 972/1248/1235 985/1247/1234
f 971/1250/1237 970/1268/1255 983/1249/1236
f 963/1244/1231 958/1245/1232 957/1256/1243
f 963/1244/1231 957/1256/1243 970/1268/1255
f 970/1268/1255 957/1256/1243 983/1249/1236
f 970/1268/1255 967/1271/1257 966/1276/1263
f 970/1268/1255 965/1277/1264 964/1275/1262
f 970/1268/1255 966/1276/1263 965/1277/1264
f 969/1278/1256 951/1279/1265 968/1281/1258
f 968/1281/1258 951/1279/1265 950/1280/1266
f 970/1282/1255 952/1283/1267 969/1278/1256
f 969/1278/1256 952/1283/1267 951/1279/1265
f 971/1284/1237 953/1285/1268 970/1282/1255
f 970/1282/1255 953/1285/1268 952/1283/1267
f 929/1286/1233 954/1287/1269 972/1288/1235
f 972/1288/1235 954/1287/1269 971/1284/1237
f 971/1284/1237 954/1287/1269 953/1285/1268
s 193
f 1001/1290/1270 1002/1291/1271 1023/1289/1272
f 1023/1289/1272 1002/1291/1271 1022/1292/1273
f 986/1293/1274 987/1294/1275 1005/1296/1276
f 1005/1296/1276 987/1294/1275 1006/1295/1277
f 1007/1298/1278 1006/1295/1277 988/1297/1279
f 988/1297/1279 1006/1295/1277 987/1294/1275
f 1008/1300/1280 1007/1298/1278 989/1299/1281
f 989/1299/1281 1007/1298/1278 988/1297/1279
f 1009/1302/1282 1008/1300/1280 990/1301/1283
f 990/1301/1283 1008/1300/1280 989/1299/1281
f 991/1303/1284 1010/1304/1285 990/1301/1283
f 990/1301/1283 1010/1304/1285 1009/1302/1282
f 992/1305/1286 1011/1306/1287 991/1303/1284
f 991/1303/1284 1011/1306/1287 1010/1304/1285
f 1012/1308/1288 1011/1306/1287 993/1307/1289
f 993/1307/1289 1011/1306/1287 992/1305/1286
f 1013/1310/1290 1012/1308/1288 994/1309/1291
f 994/1309/1291 1012/1308/1288 993/1307/1289
f 995/1311/1292 1014/1312/1293 994/1309/1291
f 994/1309/1291 1014/1312/1293 1013/1310/1290
f 996/1313/1294 1015/1314/1295 995/1311/1292
f 995/1311/1292 1015/1314/1295 1014/1312/1293
f 1018/1316/1296 1019/1317/1297 998/1315/1298
f 998/1315/1298 1019/1317/1297 997/1318/1299
f 1017/1320/1300 999/1321/1301 1016/1319/1302
f 1016/1319/1302 999/1321/1301 1000/1322/1303
f 998/1315/1298 999/1321/1301 1018/1316/1296
f 1018/1316/1296 999/1321/1301 1017/1320/1300
f 1020/1323/1304 1004/1324/1305 1005/1296/1276
f 1005/1296/1276 1004/1324/1305 986/1293/1274
f 997/1318/1299 1019/1317/1297 996/1313/1294
f 996/1313/1294 1019/1317/1297 1015/1314/1295
f 1021/1325/1306 1003/1326/1307 1020/1323/1304
f 1020/1323/1304 1003/1326/1307 1004/1324/1305
f 1022/1292/1273 1002/1291/1271 1021/1325/1306
f 1021/1325/1306 1002/1291/1271 1003/1326/1307
f 1010/1304/1285 1011/1306/1287 1013/1310/1290
f 1013/1310/1290 1011/1306/1287 1012/1308/1288
f 1023/1289/1272 1016/1319/1302 1001/1290/1270
f 1001/1290/1270 1016/1319/1302 1000/1322/1303
f 1021/1325/1306 1020/1323/1304 1006/1295/1277
f 1006/1295/1277 1020/1323/1304 1005/1296/1276
f 1022/1292/1273 1021/1325/1306 1007/1298/1278
f 1007/1298/1278 1021/1325/1306 1006/1295/1277
f 1017/1320/1300 1016/1319/1302 1009/1302/1282
f 1009/1302/1282 1016/1319/1302 1008/1300/1280
f 1016/1319/1302 1023/1289/1272 1008/1300/1280
f 1023/1289/1272 1022/1292/1273 1008/1300/1280
f 1008/1300/1280 1022/1292/1273 1007/1298/1278
f 1017/1320/1300 1009/1302/1282 1014/1312/1293
f 1014/1312/1293 1009/1302/1282 1013/1310/1290
f 1009/1302/1282 1010/1304/1285 1013/1310/1290
f 1019/1317/1297 1018/1316/1296 1015/1314/1295
f 1018/1316/1296 1017/1320/1300 1015/1314/1295
f 1015/1314/1295 1017/1320/1300 1014/1312/1293
f 986/1327/1274 1024/1328/1308 987/1330/1275
f 987/1330/1275 1024/1328/1308 1025/1329/1309
f 987/1330/1275 1025/1329/1309 988/1332/1279
f 988/1332/1279 1025/1329/1309 1026/1331/1310
f 989/1333/1281 1027/1334/1311 990/1336/1283
f 990/1336/1283 1027/1334/1311 1028/1335/1312
f 990/1336/1283 1028/1335/1312 991/1338/1284
f 991/1338/1284 1028/1335/1312 1029/1337/1313
f 991/1338/1284 1029/1337/1313 992/1340/1286
f 992/1340/1286 1029/1337/1313 1030/1339/1314
f 992/1340/1286 1030/1339/1314 993/1342/1289
f 993/1342/1289 1030/1339/1314 1031/1341/1315
f 993/1342/1289 1031/1341/1315 994/1344/1291
f 994/1344/1291 1031/1341/1315 1032/1343/1316
f 994/1344/1291 1032/1343/1316 995/1346/1292
f 995/1346/1292 1032/1343/1316 1033/1345/1317
f 995/1346/1292 1033/1345/1317 996/1348/1294
f 996/1348/1294 1033/1345/1317 1034/1347/1318
f 996/1348/1294 1034/1347/1318 997/1350/1299
f 997/1350/1299 1034/1347/1318 1035/1349/1319
f 997/1350/1299 1035/1349/1319 998/1352/1298
f 998/1352/1298 1035/1349/1319 1036/1351/1320
f 998/1352/1298 1036/1351/1320 999/1354/1301
f 999/1354/1301 1036/1351/1320 1037/1353/1321
f 999/1354/1301 1037/1353/1321 1000/1356/1303
f 1000/1356/1303 1037/1353/1321 1038/1355/1322
f 1000/1356/1303 1038/1355/1322 1001/1358/1270
f 1001/1358/1270 1038/1355/1322 1039/1357/1323
f 1004/1359/1305 1040/1360/1324 986/1327/1274
f 986/1327/1274 1040/1360/1324 1024/1328/1308
s 207
f 1077/1362/1325 1057/1363/1326 1078/1361/1327
f 1078/1361/1327 1057/1363/1326 1056/1364/1328
f 1041/1365/1329 1060/1366/1330 1042/1368/1331
f 1042/1368/1331 1060/1366/1330 1061/1367/1332
f 1042/1368/1331 1061/1367/1332 1043/1369/1333
f 1043/1369/1333 1061/1367/1332 1062/1370/1334
f 1043/1369/1333 1062/1370/1334 1044/1371/1335
f 1044/1371/1335 1062/1370/1334 1063/1372/1336
f 1044/1371/1335 1063/1372/1336 1045/1373/1337
f 1045/1373/1337 1063/1372/1336 1064/1374/1338
f 1046/1375/1339 1045/1373/1337 1065/1376/1340
f 1065/1376/1340 1045/1373/1337 1064/1374/1338
f 1047/1377/1341 1046/1375/1339 1066/1378/1342
f 1066/1378/1342 1046/1375/1339 1065/1376/1340
f 1047/1377/1341 1066/1378/1342 1048/1379/1343
f 1048/1379/1343 1066/1378/1342 1067/1380/1344
f 1048/1379/1343 1067/1380/1344 1049/1381/1345
f 1049/1381/1345 1067/1380/1344 1068/1382/1346
f 1050/1383/1347 1049/1381/1345 1069/1384/1348
f 1069/1384/1348 1049/1381/1345 1068/1382/1346
f 1051/1385/1349 1050/1383/1347 1070/1386/1350
f 1070/1386/1350 1050/1383/1347 1069/1384/1348
f 1052/1388/1351 1074/1389/1352 1053/1387/1353
f 1053/1387/1353 1074/1389/1352 1073/1390/1354
f 1055/1392/1355 1054/1393/1356 1071/1391/1357
f 1071/1391/1357 1054/1393/1356 1072/1394/1358
f 1053/1387/1353 1073/1390/1354 1054/1393/1356
f 1054/1393/1356 1073/1390/1354 1072/1394/1358
f 1041/1365/1329 1059/1395/1359 1060/1366/1330
f 1060/1366/1330 1059/1395/1359 1075/1396/1360
f 1052/1388/1351 1051/1385/1349 1074/1389/1352
f 1074/1389/1352 1051/1385/1349 1070/1386/1350
f 1059/1395/1359 1058/1397/1361 1075/1396/1360
f 1075/1396/1360 1058/1397/1361 1076/1398/1362
f 1058/1397/1361 1057/1363/1326 1076/1398/1362
f 1076/1398/1362 1057/1363/1326 1077/1362/1325
f 1065/1376/1340 1068/1382/1346 1066/1378/1342
f 1066/1378/1342 1068/1382/1346 1067/1380/1344
f 1055/1392/1355 1071/1391/1357 1056/1364/1328
f 1056/1364/1328 1071/1391/1357 1078/1361/1327
f 1076/1398/1362 1061/1367/1332 1075/1396/1360
f 1075/1396/1360 1061/1367/1332 1060/1366/1330
f 1077/1362/1325 1062/1370/1334 1076/1398/1362
f 1076/1398/1362 1062/1370/1334 1061/1367/1332
f 1072/1394/1358 1064/1374/1338 1071/1391/1357
f 1071/1391/1357 1064/1374/1338 1063/1372/1336
f 1071/1391/1357 1063/1372/1336 1078/1361/1327
f 1078/1361/1327 1063/1372/1336 1077/1362/1325
f 1077/1362/1325 1063/1372/1336 1062/1370/1334
f 1072/1394/1358 1069/1384/1348 1064/1374/1338
f 1064/1374/1338 1069/1384/1348 1068/1382/1346
f 1064/1374/1338 1068/1382/1346 1065/1376/1340
f 1074/1389/1352 1070/1386/1350 1073/1390/1354
f 1073/1390/1354 1070/1386/1350 1072/1394/1358
f 1072/1394/1358 1070/1386/1350 1069/1384/1348
f 1041/1399/1329 1042/1400/1331 1024/1402/1363
f 1024/1402/1363 1042/1400/1331 1025/1401/1364
f 1042/1400/1331 1043/1403/1333 1025/1401/1364
f 1025/1401/1364 1043/1403/1333 1026/1404/1365
f 1044/1405/1335 1045/1406/1337 1027/1408/1366
f 1027/1408/1366 1045/1406/1337 1028/1407/1367
f 1045/1406/1337 1046/1409/1339 1028/1407/1367
f 1028/1407/1367 1046/1409/1339 1029/1410/1368
f 1046/1409/1339 1047/1411/1341 1029/1410/1368
f 1029/1410/1368 1047/1411/1341 1030/1412/1369
f 1047/1411/1341 1048/1413/1343 1030/1412/1369
f 1030/1412/1369 1048/1413/1343 1031/1414/1370
f 1048/1413/1343 1049/1415/1345 1031/1414/1370
f 1031/1414/1370 1049/1415/1345 1032/1416/1371
f 1049/1415/1345 1050/1417/1347 1032/1416/1371
f 1032/1416/1371 1050/1417/1347 1033/1418/1372
f 1050/1417/1347 1051/1419/1349 1033/1418/1372
f 1033/1418/1372 1051/1419/1349 1034/1420/1373
f 1051/1419/1349 1052/1421/1351 1034/1420/1373
f 1034/1420/1373 1052/1421/1351 1035/1422/1374
f 1052/1421/1351 1053/1423/1353 1035/1422/1374
f 1035/1422/1374 1053/1423/1353 1036/1424/1375
f 1053/1423/1353 1054/1425/1356 1036/1424/1375
f 1036/1424/1375 1054/1425/1356 1037/1426/1376
f 1054/1425/1356 1055/1427/1355 1037/1426/1376
f 1037/1426/1376 1055/1427/1355 1038/1428/1377
f 1055/1427/1355 1056/1429/1328 1038/1428/1377
f 1038/1428/1377 1056/1429/1328 1039/1430/1378
f 1059/1431/1359 1041/1399/1329 1040/1432/1379
f 1040/1432/1379 1041/1399/1329 1024/1402/1363
s 215
f 1088/1433/1380 1080/1434/1381 1092/1436/1382
f 1092/1436/1382 1080/1434/1381 1091/1435/1383
f 1086/1438/1384 1081/1439/1385 1090/1437/1386
f 1090/1437/1386 1081/1439/1385 1089/1440/1387
f 1091/1435/1383 1080/1434/1381 1090/1437/1386
f 1090/1437/1386 1080/1434/1381 1086/1438/1384
f 1088/1433/1380 1092/1436/1382 1079/1441/1388
f 1079/1441/1388 1092/1436/1382 1093/1442/1389
f 1085/1443/1390 1090/1437/1386 1082/1444/1391
f 1082/1444/1391 1090/1437/1386 1089/1440/1387
f 1083/1445/1392 1091/1435/1383 1085/1443/1390
f 1085/1443/1390 1091/1435/1383 1090/1437/1386
f 1091/1435/1383 1103/1446/1393 1092/1436/1382
f 1092/1436/1382 1103/1446/1393 1087/1447/1394
f 1092/1436/1382 1087/1447/1394 1093/1442/1389
f 1093/1442/1389 1087/1447/1394 1084/1448/1395
f 1096/1449/1396 1099/1450/1397 1097/1452/1398
f 1097/1452/1398 1099/1450/1397 1098/1451/1399
f 1097/1452/1398 1098/1451/1399 1100/1454/1400
f 1100/1454/1400 1098/1451/1399 1101/1453/1401
f 1087/1455/1394 1094/1456/1402 1084/1458/1395
f 1084/1458/1395 1094/1456/1402 1095/1457/1403
f 1082/1444/1391 1096/1459/1396 1085/1443/1390
f 1085/1443/1390 1096/1459/1396 1097/1460/1398
f 1085/1443/1390 1102/1461/1404 1083/1445/1392
f 1085/1443/1390 1097/1460/1398 1102/1461/1404
f 1102/1461/1404 1097/1460/1398 1100/1462/1400
f 1091/1435/1383 1083/1445/1392 1103/1446/1393
f 1083/1445/1392 1102/1461/1404 1104/1463/1405
f 1083/1445/1392 1104/1463/1405 1103/1446/1393
f 1100/1454/1400 1101/1453/1401 1102/1465/1404
f 1102/1465/1404 1101/1453/1401 1105/1464/1406
f 1103/1466/1393 1106/1467/1407 1087/1455/1394
f 1087/1455/1394 1106/1467/1407 1094/1456/1402
f 1104/1468/1405 1107/1469/1408 1103/1466/1393
f 1103/1466/1393 1107/1469/1408 1106/1467/1407
f 1102/1465/1404 1105/1464/1406 1104/1468/1405
f 1104/1468/1405 1105/1464/1406 1107/1469/1408
s 219
f 1117/1470/1409 1121/1471/1410 1109/1473/1411
f 1109/1473/1411 1121/1471/1410 1120/1472/1412
f 1118/1475/1413 1110/1476/1414 1119/1474/1415
f 1119/1474/1415 1110/1476/1414 1115/1477/1416
f 1120/1472/1412 1119/1474/1415 1109/1473/1411
f 1109/1473/1411 1119/1474/1415 1115/1477/1416
f 1122/1479/1417 1121/1471/1410 1108/1478/1418
f 1108/1478/1418 1121/1471/1410 1117/1470/1409
f 1114/1480/1419 1111/1481/1420 1119/1474/1415
f 1119/1474/1415 1111/1481/1420 1118/1475/1413
f 1112/1482/1421 1114/1480/1419 1120/1472/1412
f 1120/1472/1412 1114/1480/1419 1119/1474/1415
f 1116/1483/1422 1132/1484/1423 1121/1471/1410
f 1121/1471/1410 1132/1484/1423 1120/1472/1412
f 1113/1485/1424 1116/1483/1422 1122/1479/1417
f 1122/1479/1417 1116/1483/1422 1121/1471/1410
f 1125/1486/1425 1126/1487/1426 1128/1489/1427
f 1128/1489/1427 1126/1487/1426 1127/1488/1428
f 1126/1487/1426 1129/1490/1429 1127/1488/1428
f 1127/1488/1428 1129/1490/1429 1130/1491/1430
f 1116/1492/1422 1113/1493/1424 1123/1495/1431
f 1123/1495/1431 1113/1493/1424 1124/1494/1432
f 1111/1481/1420 1114/1480/1419 1125/1497/1425
f 1125/1497/1425 1114/1480/1419 1126/1496/1426
f 1114/1480/1419 1112/1482/1421 1131/1498/1433
f 1114/1480/1419 1131/1498/1433 1126/1496/1426
f 1126/1496/1426 1131/1498/1433 1129/1499/1429
f 1120/1472/1412 1132/1484/1423 1112/1482/1421
f 1112/1482/1421 1133/1500/1434 1131/1498/1433
f 1112/1482/1421 1132/1484/1423 1133/1500/1434
f 1129/1490/1429 1131/1501/1433 1130/1491/1430
f 1130/1491/1430 1131/1501/1433 1134/1502/1435
f 1132/1503/1423 1116/1492/1422 1135/1504/1436
f 1135/1504/1436 1116/1492/1422 1123/1495/1431
f 1133/1505/1434 1132/1503/1423 1136/1506/1437
f 1136/1506/1437 1132/1503/1423 1135/1504/1436
f 1131/1501/1433 1133/1505/1434 1134/1502/1435
f 1134/1502/1435 1133/1505/1434 1136/1506/1437
s 227
f 1161/1508/1438 1140/1509/1439 1162/1507/1440
f 1162/1507/1440 1140/1509/1439 1168/1510/1441
f 1184/1511/1442 1183/1512/1443 1167/1514/1444
f 1167/1514/1444 1183/1512/1443 1138/1513/1445
f 1160/1515/1446 1141/1516/1447 1161/1508/1438
f 1161/1508/1438 1141/1516/1447 1140/1509/1439
f 1160/1515/1446 1182/1517/1448 1141/1516/1447
f 1141/1516/1447 1182/1517/1448 1142/1518/1449
f 1173/1519/1450 1193/1520/1451 1174/1521/1452
f 1203/1522/1453 1204/1523/1454 1169/1525/1455
f 1169/1525/1455 1204/1523/1454 1148/1524/1456
f 1148/1524/1456 1172/1526/1457 1169/1525/1455
f 1169/1525/1455 1172/1526/1457 1171/1527/1458
f 1201/1528/1459 1202/1529/1460 1169/1525/1455
f 1169/1525/1455 1202/1529/1460 1203/1522/1453
f 1201/1528/1459 1171/1527/1458 1200/1530/1461
f 1200/1530/1461 1171/1527/1458 1170/1531/1462
f 1172/1526/1457 1147/1532/1463 1171/1527/1458
f 1171/1527/1458 1147/1532/1463 1170/1531/1462
f 1177/1533/1464 1187/1534/1465 1178/1536/1466
f 1178/1536/1466 1187/1534/1465 1145/1535/1467
f 1143/1539/1468 1142/1518/1449 1180/1538/1469
f 1180/1538/1469 1142/1518/1449 1181/1537/1470
f 1181/1537/1470 1142/1518/1449 1182/1517/1448
f 1197/1540/1471 1199/1541/1472 1174/1521/1452
f 1174/1521/1452 1199/1541/1472 1173/1519/1450
f 1159/1542/1473 1158/1543/1474 1182/1517/1448
f 1182/1517/1448 1158/1543/1474 1181/1537/1470
f 1160/1515/1446 1159/1542/1473 1182/1517/1448
f 1166/1544/1475 1165/1545/1476 1184/1511/1442
f 1184/1511/1442 1165/1545/1476 1183/1512/1443
f 1168/1510/1441 1139/1548/1477 1162/1507/1440
f 1139/1548/1477 1185/1546/1478 1162/1507/1440
f 1185/1546/1478 1163/1547/1479 1162/1507/1440
f 1186/1549/1480 1164/1550/1481 1185/1546/1478
f 1185/1546/1478 1164/1550/1481 1163/1547/1479
f 1183/1512/1443 1185/1546/1478 1138/1513/1445
f 1138/1513/1445 1185/1546/1478 1139/1548/1477
f 1165/1545/1476 1186/1549/1480 1183/1512/1443
f 1183/1512/1443 1186/1549/1480 1185/1546/1478
f 1137/1551/1482 1166/1544/1475 1184/1511/1442
f 1137/1551/1482 1184/1511/1442 1167/1514/1444
f 1179/1552/1483 1144/1553/1484 1192/1555/1485
f 1192/1555/1485 1144/1553/1484 1191/1554/1486
f 1178/1536/1466 1145/1535/1467 1190/1557/1487
f 1190/1557/1487 1145/1535/1467 1189/1556/1488
f 1175/1558/1489 1188/1559/1490 1177/1533/1464
f 1177/1533/1464 1188/1559/1490 1187/1534/1465
f 1175/1558/1489 1176/1560/1491 1188/1559/1490
f 1188/1559/1490 1176/1560/1491 1146/1561/1492
f 1190/1557/1487 1189/1556/1488 1179/1552/1483
f 1179/1552/1483 1189/1556/1488 1144/1553/1484
f 1192/1555/1485 1191/1554/1486 1180/1538/1469
f 1180/1538/1469 1191/1554/1486 1143/1539/1468
f 1170/1531/1462 1147/1532/1463 1173/1519/1450
f 1173/1519/1450 1147/1532/1463 1193/1520/1451
f 1194/1562/1493 1176/1560/1491 1175/1558/1489
f 1190/1557/1487 1205/1563/1494 1178/1536/1466
f 1199/1541/1472 1200/1530/1461 1173/1519/1450
f 1173/1519/1450 1200/1530/1461 1170/1531/1462
f 1195/1564/1495 1146/1561/1492 1194/1562/1493
f 1194/1562/1493 1146/1561/1492 1176/1560/1491
f 1193/1520/1451 1195/1564/1495 1174/1521/1452
f 1174/1521/1452 1195/1564/1495 1194/1562/1493
f 1158/1543/1474 1157/1565/1496 1181/1537/1470
f 1181/1537/1470 1157/1565/1496 1196/1566/1497
f 1197/1540/1471 1198/1567/1498 1155/1569/1499
f 1155/1569/1499 1198/1567/1498 1156/1568/1500
f 1156/1568/1500 1198/1567/1498 1208/1571/1501
f 1208/1571/1501 1198/1567/1498 1207/1570/1502
f 1198/1567/1498 1197/1540/1471 1194/1562/1493
f 1194/1562/1493 1197/1540/1471 1174/1521/1452
f 1199/1541/1472 1197/1540/1471 1154/1572/1503
f 1154/1572/1503 1197/1540/1471 1155/1569/1499
f 1200/1530/1461 1199/1541/1472 1153/1573/1504
f 1153/1573/1504 1199/1541/1472 1154/1572/1503
f 1152/1574/1505 1201/1528/1459 1153/1573/1504
f 1153/1573/1504 1201/1528/1459 1200/1530/1461
f 1151/1575/1506 1202/1529/1460 1152/1574/1505
f 1152/1574/1505 1202/1529/1460 1201/1528/1459
f 1203/1522/1453 1202/1529/1460 1150/1576/1507
f 1150/1576/1507 1202/1529/1460 1151/1575/1506
f 1149/1577/1508 1204/1523/1454 1150/1576/1507
f 1150/1576/1507 1204/1523/1454 1203/1522/1453
f 1201/1528/1459 1169/1525/1455 1171/1527/1458
f 1196/1566/1497 1192/1555/1485 1181/1537/1470
f 1181/1537/1470 1192/1555/1485 1180/1538/1469
f 1207/1570/1502 1198/1567/1498 1175/1558/1489
f 1175/1558/1489 1198/1567/1498 1194/1562/1493
f 1190/1557/1487 1179/1552/1483 1205/1563/1494
f 1205/1563/1494 1179/1552/1483 1196/1566/1497
f 1205/1563/1494 1196/1566/1497 1206/1578/1509
f 1206/1578/1509 1196/1566/1497 1157/1565/1496
f 1205/1563/1494 1207/1570/1502 1178/1536/1466
f 1178/1536/1466 1207/1570/1502 1177/1533/1464
f 1207/1570/1502 1205/1563/1494 1208/1571/1501
f 1208/1571/1501 1205/1563/1494 1206/1578/1509
f 1177/1533/1464 1207/1570/1502 1175/1558/1489
f 1192/1555/1485 1196/1566/1497 1179/1552/1483
f 1149/1577/1508 1150/1576/1507 1209/1579/1510
f 1150/1576/1507 1151/1575/1506 1209/1579/1510
f 1209/1579/1510 1151/1575/1506 1210/1580/1511
f 1151/1575/1506 1152/1574/1505 1210/1582/1511
f 1210/1582/1511 1152/1574/1505 1211/1581/1512
f 1152/1574/1505 1153/1573/1504 1211/1581/1512
f 1211/1581/1512 1153/1573/1504 1212/1583/1513
f 1153/1573/1504 1154/1572/1503 1212/1583/1513
f 1212/1583/1513 1154/1572/1503 1213/1584/1514
f 1154/1572/1503 1155/1569/1499 1213/1584/1514
f 1213/1584/1514 1155/1569/1499 1214/1585/1515
f 1155/1569/1499 1156/1568/1500 1214/1585/1515
f 1214/1585/1515 1156/1568/1500 1215/1586/1516
f 1156/1568/1500 1208/1571/1501 1215/1588/1516
f 1215/1588/1516 1208/1571/1501 1216/1587/1517
f 1157/1565/1496 1158/1543/1474 1217/1590/1518
f 1217/1590/1518 1158/1543/1474 1218/1589/1519
f 1158/1543/1474 1159/1542/1473 1218/1589/1519
f 1218/1589/1519 1159/1542/1473 1219/1591/1520
f 1160/1515/1446 1220/1592/1521 1159/1542/1473
f 1159/1542/1473 1220/1592/1521 1219/1591/1520
f 1160/1515/1446 1161/1508/1438 1220/1592/1521
f 1220/1592/1521 1161/1508/1438 1221/1593/1522
f 1161/1508/1438 1162/1507/1440 1221/1593/1522
f 1221/1593/1522 1162/1507/1440 1222/1594/1523
f 1163/1547/1479 1223/1595/1524 1162/1507/1440
f 1162/1507/1440 1223/1595/1524 1222/1594/1523
f 1163/1547/1479 1164/1550/1481 1223/1595/1524
f 1206/1578/1509 1157/1565/1496 1224/1597/1525
f 1224/1597/1525 1157/1565/1496 1217/1596/1518
f 1208/1571/1501 1206/1578/1509 1216/1587/1517
f 1216/1587/1517 1206/1578/1509 1224/1597/1525
s 241
f 1168/1599/1526 1140/1600/1527 1237/1598/1528
f 1237/1598/1528 1140/1600/1527 1236/1601/1529
f 1253/1602/1530 1167/1603/1531 1252/1605/1532
f 1252/1605/1532 1167/1603/1531 1138/1604/1533
f 1140/1600/1527 1141/1606/1534 1236/1601/1529
f 1236/1601/1529 1141/1606/1534 1235/1607/1535
f 1235/1607/1535 1141/1606/1534 1251/1609/1536
f 1251/1609/1536 1141/1606/1534 1142/1608/1537
f 1242/1610/1538 1243/1611/1539 1193/1612/1540
f 1265/1613/1541 1239/1614/1542 1204/1616/1543
f 1204/1616/1543 1239/1614/1542 1148/1615/1544
f 1241/1617/1545 1172/1618/1546 1239/1614/1542
f 1239/1614/1542 1172/1618/1546 1148/1615/1544
f 1263/1619/1547 1239/1614/1542 1264/1620/1548
f 1264/1620/1548 1239/1614/1542 1265/1613/1541
f 1240/1622/1549 1241/1617/1545 1262/1621/1550
f 1262/1621/1550 1241/1617/1545 1263/1619/1547
f 1172/1618/1546 1241/1617/1545 1147/1623/1551
f 1147/1623/1551 1241/1617/1545 1240/1622/1549
f 1246/1624/1552 1247/1625/1553 1187/1627/1554
f 1187/1627/1554 1247/1625/1553 1145/1626/1555
f 1143/1629/1556 1249/1630/1557 1142/1608/1537
f 1249/1630/1557 1250/1628/1558 1142/1608/1537
f 1250/1628/1558 1251/1609/1536 1142/1608/1537
f 1242/1610/1538 1261/1631/1559 1243/1611/1539
f 1243/1611/1539 1261/1631/1559 1259/1632/1560
f 1234/1633/1561 1251/1609/1536 1233/1634/1562
f 1233/1634/1562 1251/1609/1536 1250/1628/1558
f 1235/1607/1535 1251/1609/1536 1234/1633/1561
f 1166/1635/1563 1253/1602/1530 1165/1636/1564
f 1165/1636/1564 1253/1602/1530 1252/1605/1532
f 1168/1599/1526 1237/1598/1528 1139/1638/1565
f 1139/1638/1565 1237/1598/1528 1254/1637/1566
f 1254/1637/1566 1237/1598/1528 1238/1639/1567
f 1186/1640/1568 1254/1637/1566 1164/1641/1569
f 1164/1641/1569 1254/1637/1566 1238/1639/1567
f 1252/1605/1532 1138/1604/1533 1254/1637/1566
f 1254/1637/1566 1138/1604/1533 1139/1638/1565
f 1165/1636/1564 1252/1605/1532 1186/1640/1568
f 1186/1640/1568 1252/1605/1532 1254/1637/1566
f 1137/1642/1570 1253/1602/1530 1166/1635/1563
f 1137/1642/1570 1167/1603/1531 1253/1602/1530
f 1248/1643/1571 1256/1644/1572 1144/1646/1573
f 1144/1646/1573 1256/1644/1572 1191/1645/1574
f 1247/1625/1553 1255/1647/1575 1145/1626/1555
f 1145/1626/1555 1255/1647/1575 1189/1648/1576
f 1244/1649/1577 1246/1624/1552 1188/1650/1578
f 1188/1650/1578 1246/1624/1552 1187/1627/1554
f 1244/1649/1577 1188/1650/1578 1245/1652/1579
f 1245/1652/1579 1188/1650/1578 1146/1651/1580
f 1255/1647/1575 1248/1643/1571 1189/1648/1576
f 1189/1648/1576 1248/1643/1571 1144/1646/1573
f 1256/1644/1572 1249/1630/1557 1191/1645/1574
f 1191/1645/1574 1249/1630/1557 1143/1629/1556
f 1240/1622/1549 1242/1610/1538 1147/1623/1551
f 1147/1623/1551 1242/1610/1538 1193/1612/1540
f 1257/1653/1581 1244/1649/1577 1245/1652/1579
f 1255/1647/1575 1247/1625/1553 1266/1654/1582
f 1240/1622/1549 1262/1621/1550 1242/1610/1538
f 1242/1610/1538 1262/1621/1550 1261/1631/1559
f 1245/1652/1579 1146/1651/1580 1257/1653/1581
f 1257/1653/1581 1146/1651/1580 1195/1655/1583
f 1257/1653/1581 1195/1655/1583 1243/1611/1539
f 1243/1611/1539 1195/1655/1583 1193/1612/1540
f 1233/1634/1562 1250/1628/1558 1232/1657/1584
f 1232/1657/1584 1250/1628/1558 1258/1656/1585
f 1259/1632/1560 1230/1658/1586 1260/1660/1587
f 1260/1660/1587 1230/1658/1586 1231/1659/1588
f 1231/1659/1588 1269/1661/1589 1260/1660/1587
f 1260/1660/1587 1269/1661/1589 1268/1662/1590
f 1243/1611/1539 1259/1632/1560 1257/1653/1581
f 1257/1653/1581 1259/1632/1560 1260/1660/1587
f 1261/1631/1559 1229/1663/1591 1259/1632/1560
f 1259/1632/1560 1229/1663/1591 1230/1658/1586
f 1262/1621/1550 1228/1664/1592 1261/1631/1559
f 1261/1631/1559 1228/1664/1592 1229/1663/1591
f 1262/1621/1550 1263/1619/1547 1228/1664/1592
f 1228/1664/1592 1263/1619/1547 1227/1665/1593
f 1263/1619/1547 1264/1620/1548 1227/1665/1593
f 1227/1665/1593 1264/1620/1548 1226/1666/1594
f 1265/1613/1541 1225/1667/1595 1264/1620/1548
f 1264/1620/1548 1225/1667/1595 1226/1666/1594
f 1265/1613/1541 1204/1616/1543 1225/1667/1595
f 1225/1667/1595 1204/1616/1543 1149/1668/1596
f 1263/1619/1547 1241/1617/1545 1239/1614/1542
f 1249/1630/1557 1256/1644/1572 1250/1628/1558
f 1250/1628/1558 1256/1644/1572 1258/1656/1585
f 1257/1653/1581 1260/1660/1587 1244/1649/1577
f 1244/1649/1577 1260/1660/1587 1268/1662/1590
f 1258/1656/1585 1248/1643/1571 1266/1654/1582
f 1266/1654/1582 1248/1643/1571 1255/1647/1575
f 1232/1657/1584 1258/1656/1585 1267/1669/1597
f 1267/1669/1597 1258/1656/1585 1266/1654/1582
f 1246/1624/1552 1268/1662/1590 1247/1625/1553
f 1247/1625/1553 1268/1662/1590 1266/1654/1582
f 1267/1669/1597 1266/1654/1582 1269/1661/1589
f 1269/1661/1589 1266/1654/1582 1268/1662/1590
f 1246/1624/1552 1244/1649/1577 1268/1662/1590
f 1256/1644/1572 1248/1643/1571 1258/1656/1585
f 1149/1668/1596 1209/1670/1598 1225/1667/1595
f 1225/1667/1595 1209/1670/1598 1226/1666/1594
f 1226/1666/1594 1209/1670/1598 1210/1671/1599
f 1226/1666/1594 1210/1672/1599 1227/1665/1593
f 1227/1665/1593 1210/1672/1599 1211/1673/1600
f 1227/1665/1593 1211/1673/1600 1228/1664/1592
f 1228/1664/1592 1211/1673/1600 1212/1674/1601
f 1228/1664/1592 1212/1674/1601 1229/1663/1591
f 1229/1663/1591 1212/1674/1601 1213/1675/1602
f 1229/1663/1591 1213/1675/1602 1230/1658/1586
f 1230/1658/1586 1213/1675/1602 1214/1676/1603
f 1230/1658/1586 1214/1676/1603 1231/1659/1588
f 1231/1659/1588 1214/1676/1603 1215/1677/1604
f 1231/1659/1588 1215/1678/1604 1269/1661/1589
f 1269/1661/1589 1215/1678/1604 1216/1679/1605
f 1232/1657/1584 1217/1680/1606 1233/1634/1562
f 1233/1634/1562 1217/1680/1606 1218/1681/1607
f 1233/1634/1562 1218/1681/1607 1234/1633/1561
f 1234/1633/1561 1218/1681/1607 1219/1682/1608
f 1219/1682/1608 1220/1683/1609 1234/1633/1561
f 1234/1633/1561 1220/1683/1609 1235/1607/1535
f 1235/1607/1535 1220/1683/1609 1236/1601/1529
f 1236/1601/1529 1220/1683/1609 1221/1684/1610
f 1236/1601/1529 1221/1684/1610 1237/1598/1528
f 1237/1598/1528 1221/1684/1610 1222/1685/1611
f 1222/1685/1611 1223/1686/1612 1237/1598/1528
f 1237/1598/1528 1223/1686/1612 1238/1639/1567
f 1238/1639/1567 1223/1686/1612 1164/1641/1569
f 1267/1669/1597 1224/1687/1613 1232/1657/1584
f 1232/1657/1584 1224/1687/1613 1217/1688/1606
f 1269/1661/1589 1216/1679/1605 1267/1669/1597
f 1267/1669/1597 1216/1679/1605 1224/1687/1613
s 254
f 1270/1689/1614 1282/1690/1615 1271/1691/1616
f 1271/1691/1616 1282/1690/1615 1272/1692/1617
f 1272/1692/1617 1282/1690/1615 1273/1693/1618
f 1273/1693/1618 1282/1690/1615 1274/1694/1619
f 1274/1694/1619 1282/1690/1615 1275/1695/1620
f 1275/1695/1620 1282/1690/1615 1276/1696/1621
f 1276/1696/1621 1282/1690/1615 1277/1697/1622
f 1277/1697/1622 1282/1690/1615 1278/1698/1623
f 1278/1698/1623 1282/1690/1615 1279/1699/1624
f 1279/1699/1624 1282/1690/1615 1280/1700/1625
f 1280/1700/1625 1282/1690/1615 1281/1701/1626
f 1281/1701/1626 1282/1690/1615 1270/1689/1614
f 1284/1702/1627 1294/1703/1628 1283/1705/1629
f 1283/1705/1629 1294/1703/1628 1293/1704/1630
f 1286/1706/1631 1298/1707/1632 1285/1709/1633
f 1285/1709/1633 1298/1707/1632 1297/1708/1634
f 1287/1710/1635 1299/1711/1636 1286/1706/1631
f 1286/1706/1631 1299/1711/1636 1298/1707/1632
f 1288/1712/1637 1300/1713/1638 1287/1710/1635
f 1287/1710/1635 1300/1713/1638 1299/1711/1636
f 1289/1714/1639 1301/1715/1640 1288/1712/1637
f 1288/1712/1637 1301/1715/1640 1300/1713/1638
f 1290/1716/1641 1302/1717/1642 1289/1714/1639
f 1289/1714/1639 1302/1717/1642 1301/1715/1640
f 1291/1718/1643 1303/1719/1644 1290/1716/1641
f 1290/1716/1641 1303/1719/1644 1302/1717/1642
f 1292/1720/1645 1304/1721/1646 1291/1718/1643
f 1291/1718/1643 1304/1721/1646 1303/1719/1644
f 1283/1705/1629 1293/1704/1630 1292/1720/1645
f 1292/1720/1645 1293/1704/1630 1304/1721/1646
f 1294/1722/1628 1272/1692/1617 1293/1723/1630
f 1293/1723/1630 1272/1692/1617 1273/1693/1618
f 1295/1724/1647 1271/1691/1616 1294/1722/1628
f 1294/1722/1628 1271/1691/1616 1272/1692/1617
f 1296/1725/1648 1270/1689/1614 1295/1724/1647
f 1295/1724/1647 1270/1689/1614 1271/1691/1616
f 1297/1726/1634 1281/1701/1626 1296/1725/1648
f 1296/1725/1648 1281/1701/1626 1270/1689/1614
f 1298/1727/1632 1280/1700/1625 1297/1726/1634
f 1297/1726/1634 1280/1700/1625 1281/1701/1626
f 1299/1728/1636 1279/1699/1624 1298/1727/1632
f 1298/1727/1632 1279/1699/1624 1280/1700/1625
f 1300/1729/1638 1278/1698/1623 1299/1728/1636
f 1299/1728/1636 1278/1698/1623 1279/1699/1624
f 1301/1730/1640 1277/1697/1622 1300/1729/1638
f 1300/1729/1638 1277/1697/1622 1278/1698/1623
f 1302/1731/1642 1276/1696/1621 1301/1730/1640
f 1301/1730/1640 1276/1696/1621 1277/1697/1622
f 1303/1732/1644 1275/1695/1620 1302/1731/1642
f 1302/1731/1642 1275/1695/1620 1276/1696/1621
f 1304/1733/1646 1274/1694/1619 1303/1732/1644
f 1303/1732/1644 1274/1694/1619 1275/1695/1620
f 1293/1723/1630 1273/1693/1618 1304/1733/1646
f 1304/1733/1646 1273/1693/1618 1274/1694/1619
s 263
f 1305/1734/1649 1306/1735/1650 1317/1736/1651
f 1306/1735/1650 1307/1737/1652 1317/1736/1651
f 1307/1737/1652 1308/1738/1653 1317/1736/1651
f 1308/1738/1653 1309/1739/1654 1317/1736/1651
f 1309/1739/1654 1310/1740/1655 1317/1736/1651
f 1310/1740/1655 1311/1741/1656 1317/1736/1651
f 1311/1741/1656 1312/1742/1657 1317/1736/1651
f 1312/1742/1657 1313/1743/1658 1317/1736/1651
f 1313/1743/1658 1314/1744/1659 1317/1736/1651
f 1314/1744/1659 1315/1745/1660 1317/1736/1651
f 1315/1745/1660 1316/1746/1661 1317/1736/1651
f 1316/1746/1661 1305/1734/1649 1317/1736/1651
f 1284/1747/1662 1283/1748/1663 1319/1750/1664
f 1319/1750/1664 1283/1748/1663 1318/1749/1665
f 1286/1751/1666 1285/1752/1667 1323/1754/1668
f 1323/1754/1668 1285/1752/1667 1322/1753/1669
f 1287/1755/1670 1286/1751/1666 1324/1756/1671
f 1324/1756/1671 1286/1751/1666 1323/1754/1668
f 1288/1757/1672 1287/1755/1670 1325/1758/1673
f 1325/1758/1673 1287/1755/1670 1324/1756/1671
f 1289/1759/1674 1288/1757/1672 1326/1760/1675
f 1326/1760/1675 1288/1757/1672 1325/1758/1673
f 1290/1761/1676 1289/1759/1674 1327/1762/1677
f 1327/1762/1677 1289/1759/1674 1326/1760/1675
f 1291/1763/1678 1290/1761/1676 1328/1764/1679
f 1328/1764/1679 1290/1761/1676 1327/1762/1677
f 1292/1765/1680 1291/1763/1678 1329/1766/1681
f 1329/1766/1681 1291/1763/1678 1328/1764/1679
f 1283/1748/1663 1292/1765/1680 1318/1749/1665
f 1318/1749/1665 1292/1765/1680 1329/1766/1681
f 1319/1767/1664 1318/1768/1665 1307/1737/1652
f 1307/1737/1652 1318/1768/1665 1308/1738/1653
f 1320/1769/1682 1319/1767/1664 1306/1735/1650
f 1306/1735/1650 1319/1767/1664 1307/1737/1652
f 1321/1770/1683 1320/1769/1682 1305/1734/1649
f 1305/1734/1649 1320/1769/1682 1306/1735/1650
f 1322/1771/1669 1321/1770/1683 1316/1746/1661
f 1316/1746/1661 1321/1770/1683 1305/1734/1649
f 1323/1772/1668 1322/1771/1669 1315/1745/1660
f 1315/1745/1660 1322/1771/1669 1316/1746/1661
f 1324/1773/1671 1323/1772/1668 1314/1744/1659
f 1314/1744/1659 1323/1772/1668 1315/1745/1660
f 1325/1774/1673 1324/1773/1671 1313/1743/1658
f 1313/1743/1658 1324/1773/1671 1314/1744/1659
f 1326/1775/1675 1325/1774/1673 1312/1742/1657
f 1312/1742/1657 1325/1774/1673 1313/1743/1658
f 1327/1776/1677 1326/1775/1675 1311/1741/1656
f 1311/1741/1656 1326/1775/1675 1312/1742/1657
f 1328/1777/1679 1327/1776/1677 1310/1740/1655
f 1310/1740/1655 1327/1776/1677 1311/1741/1656
f 1329/1778/1681 1328/1777/1679 1309/1739/1654
f 1309/1739/1654 1328/1777/1679 1310/1740/1655
f 1318/1768/1665 1329/1778/1681 1308/1738/1653
f 1308/1738/1653 1329/1778/1681 1309/1739/1654
s 266
f 1370/1779/1684 1349/1780/1685 1369/1782/1686
f 1369/1782/1686 1349/1780/1685 1350/1781/1687
f 1352/1784/1688 1368/1785/1689 1351/1783/1690
f 1351/1783/1690 1368/1785/1689 1350/1781/1687
f 1369/1782/1686 1368/1785/1689 1353/1786/1691
f 1353/1786/1691 1368/1785/1689 1352/1784/1688
f 1355/1787/1692 1371/1788/1693 1354/1789/1694
f 1354/1789/1694 1371/1788/1693 1370/1779/1684
f 1354/1789/1694 1370/1779/1684 1353/1786/1691
f 1353/1786/1691 1370/1779/1684 1369/1782/1686
f 1371/1788/1693 1348/1790/1695 1370/1779/1684
f 1370/1779/1684 1348/1790/1695 1349/1780/1685
f 1356/1791/1696 1372/1792/1697 1355/1787/1692
f 1355/1787/1692 1372/1792/1697 1371/1788/1693
f 1358/1793/1698 1373/1794/1699 1357/1795/1700
f 1357/1795/1700 1373/1794/1699 1356/1791/1696
f 1356/1791/1696 1373/1794/1699 1372/1792/1697
f 1375/1797/1701 1374/1798/1702 1360/1796/1703
f 1360/1796/1703 1374/1798/1702 1359/1799/1704
f 1359/1799/1704 1374/1798/1702 1358/1793/1698
f 1358/1793/1698 1374/1798/1702 1373/1794/1699
f 1373/1794/1699 1347/1800/1705 1372/1792/1697
f 1361/1801/1706 1376/1802/1707 1360/1796/1703
f 1360/1796/1703 1376/1802/1707 1375/1797/1701
f 1362/1803/1708 1377/1804/1709 1361/1801/1706
f 1361/1801/1706 1377/1804/1709 1376/1802/1707
f 1379/1806/1710 1378/1807/1711 1364/1805/1712
f 1364/1805/1712 1378/1807/1711 1363/1808/1713
f 1380/1810/1714 1379/1806/1710 1365/1809/1715
f 1365/1809/1715 1379/1806/1710 1364/1805/1712
f 1366/1811/1716 1381/1812/1717 1365/1809/1715
f 1365/1809/1715 1381/1812/1717 1380/1810/1714
f 1382/1814/1718 1381/1812/1717 1367/1813/1719
f 1367/1813/1719 1381/1812/1717 1366/1811/1716
f 1383/1816/1720 1382/1814/1718 1330/1815/1721
f 1330/1815/1721 1382/1814/1718 1367/1813/1719
f 1347/1800/1705 1348/1790/1695 1372/1792/1697
f 1372/1792/1697 1348/1790/1695 1371/1788/1693
f 1343/1817/1722 1344/1818/1723 1379/1806/1710
f 1379/1806/1710 1344/1818/1723 1378/1807/1711
f 1374/1798/1702 1346/1819/1724 1373/1794/1699
f 1373/1794/1699 1346/1819/1724 1347/1800/1705
f 1345/1820/1725 1346/1819/1724 1375/1797/1701
f 1375/1797/1701 1346/1819/1724 1374/1798/1702
f 1376/1802/1707 1345/1820/1725 1375/1797/1701
f 1378/1807/1711 1377/1804/1709 1363/1808/1713
f 1363/1808/1713 1377/1804/1709 1362/1803/1708
f 1378/1807/1711 1344/1818/1723 1377/1804/1709
f 1377/1804/1709 1344/1818/1723 1376/1802/1707
f 1376/1802/1707 1344/1818/1723 1345/1820/1725
f 1342/1821/1726 1343/1817/1722 1380/1810/1714
f 1380/1810/1714 1343/1817/1722 1379/1806/1710
f 1336/1823/1727 1337/1824/1728 1339/1822/1729
f 1339/1822/1729 1337/1824/1728 1338/1825/1730
f 1342/1821/1726 1380/1810/1714 1382/1814/1718
f 1382/1814/1718 1380/1810/1714 1381/1812/1717
f 1333/1826/1731 1331/1827/1732 1332/1828/1733
f 1382/1814/1718 1383/1816/1720 1384/1829/1734
f 1341/1830/1735 1334/1831/1736 1335/1832/1737
f 1341/1830/1735 1335/1832/1737 1340/1833/1738
f 1340/1833/1738 1335/1832/1737 1336/1823/1727
f 1340/1833/1738 1336/1823/1727 1339/1822/1729
f 1333/1826/1731 1384/1829/1734 1331/1827/1732
f 1331/1827/1732 1384/1829/1734 1383/1816/1720
f 1341/1830/1735 1384/1829/1734 1334/1831/1736
f 1334/1831/1736 1384/1829/1734 1333/1826/1731
f 1382/1814/1718 1384/1829/1734 1342/1821/1726
f 1342/1821/1726 1384/1829/1734 1341/1830/1735
f 1338/1825/1730 1337/1824/1728 1386/1835/1739
f 1386/1835/1739 1337/1824/1728 1385/1834/1740
f 1385/1834/1740 1387/1836/1741 1386/1835/1739
f 1386/1835/1739 1387/1836/1741 1388/1837/1742
f 1369/1782/1686 1350/1781/1687 1368/1785/1689
s 281
f 1411/1838/1743 1410/1839/1744 1407/1841/1745
f 1407/1841/1745 1410/1839/1744 1408/1840/1746
f 1408/1840/1746 1409/1843/1747 1351/1842/1748
f 1351/1842/1748 1409/1843/1747 1352/1844/1749
f 1352/1844/1749 1409/1843/1747 1353/1845/1750
f 1353/1845/1750 1409/1843/1747 1410/1839/1744
f 1355/1846/1751 1354/1847/1752 1412/1848/1753
f 1412/1848/1753 1354/1847/1752 1411/1838/1743
f 1354/1847/1752 1353/1845/1750 1411/1838/1743
f 1411/1838/1743 1353/1845/1750 1410/1839/1744
f 1412/1848/1753 1411/1838/1743 1406/1849/1754
f 1406/1849/1754 1411/1838/1743 1407/1841/1745
f 1356/1850/1755 1355/1846/1751 1413/1851/1756
f 1413/1851/1756 1355/1846/1751 1412/1848/1753
f 1358/1852/1757 1357/1853/1758 1414/1854/1759
f 1357/1853/1758 1356/1850/1755 1414/1854/1759
f 1414/1854/1759 1356/1850/1755 1413/1851/1756
f 1359/1856/1760 1415/1857/1761 1360/1855/1762
f 1360/1855/1762 1415/1857/1761 1416/1858/1763
f 1359/1856/1760 1358/1852/1757 1415/1857/1761
f 1415/1857/1761 1358/1852/1757 1414/1854/1759
f 1414/1854/1759 1413/1851/1756 1405/1859/1764
f 1361/1860/1765 1360/1855/1762 1417/1861/1766
f 1417/1861/1766 1360/1855/1762 1416/1858/1763
f 1362/1862/1767 1361/1860/1765 1418/1863/1768
f 1418/1863/1768 1361/1860/1765 1417/1861/1766
f 1363/1865/1769 1419/1866/1770 1364/1864/1771
f 1364/1864/1771 1419/1866/1770 1420/1867/1772
f 1364/1864/1771 1420/1867/1772 1365/1868/1773
f 1365/1868/1773 1420/1867/1772 1421/1869/1774
f 1366/1870/1775 1365/1868/1773 1422/1871/1776
f 1422/1871/1776 1365/1868/1773 1421/1869/1774
f 1366/1870/1775 1422/1871/1776 1367/1872/1777
f 1367/1872/1777 1422/1871/1776 1423/1873/1778
f 1367/1872/1777 1423/1873/1778 1330/1874/1779
f 1330/1874/1779 1423/1873/1778 1424/1875/1780
f 1412/1848/1753 1406/1849/1754 1413/1851/1756
f 1413/1851/1756 1406/1849/1754 1405/1859/1764
f 1419/1866/1770 1402/1876/1781 1420/1867/1772
f 1420/1867/1772 1402/1876/1781 1401/1877/1782
f 1415/1857/1761 1414/1854/1759 1404/1878/1783
f 1404/1878/1783 1414/1854/1759 1405/1859/1764
f 1415/1857/1761 1404/1878/1783 1416/1858/1763
f 1416/1858/1763 1404/1878/1783 1403/1879/1784
f 1417/1861/1766 1416/1858/1763 1403/1879/1784
f 1362/1862/1767 1418/1863/1768 1363/1865/1769
f 1363/1865/1769 1418/1863/1768 1419/1866/1770
f 1419/1866/1770 1418/1863/1768 1402/1876/1781
f 1418/1863/1768 1417/1861/1766 1402/1876/1781
f 1402/1876/1781 1417/1861/1766 1403/1879/1784
f 1420/1867/1772 1401/1877/1782 1421/1869/1774
f 1421/1869/1774 1401/1877/1782 1400/1880/1785
f 1396/1882/1786 1395/1883/1787 1397/1881/1788
f 1397/1881/1788 1395/1883/1787 1394/1884/1789
f 1422/1871/1776 1421/1869/1774 1423/1873/1778
f 1423/1873/1778 1421/1869/1774 1400/1880/1785
f 1391/1885/1790 1390/1886/1791 1389/1887/1792
f 1423/1873/1778 1425/1888/1793 1424/1875/1780
f 1399/1889/1794 1393/1890/1795 1392/1891/1796
f 1399/1889/1794 1398/1892/1797 1393/1890/1795
f 1393/1890/1795 1398/1892/1797 1394/1884/1789
f 1398/1892/1797 1397/1881/1788 1394/1884/1789
f 1391/1885/1790 1389/1887/1792 1425/1888/1793
f 1425/1888/1793 1389/1887/1792 1424/1875/1780
f 1399/1889/1794 1392/1891/1796 1425/1888/1793
f 1425/1888/1793 1392/1891/1796 1391/1885/1790
f 1423/1873/1778 1400/1880/1785 1425/1888/1793
f 1425/1888/1793 1400/1880/1785 1399/1889/1794
f 1396/1882/1786 1427/1893/1798 1395/1883/1787
f 1395/1883/1787 1427/1893/1798 1426/1894/1799
f 1429/1895/1800 1428/1896/1801 1427/1893/1798
f 1427/1893/1798 1428/1896/1801 1426/1894/1799
f 1410/1839/1744 1409/1843/1747 1408/1840/1746
g default
v -91.177633 8.994601 2.323140
v -90.711258 14.990936 -0.505004
v -79.851230 19.521500 -0.505004
v -75.520537 24.118690 2.323140
v -72.025148 20.168716 2.323140
v -67.351622 17.700682 2.323140
v -62.258016 16.335385 2.323140
v -65.776296 11.556847 -0.505004
v -69.399579 4.730364 -0.505004
v -71.184967 -2.463698 2.323140
v -78.187699 -5.378296 2.323140
v -85.447805 6.462815 2.323140
v -71.034587 13.255157 -0.505004
v -76.156552 16.273456 -0.505004
v -70.827883 -1.024886 -0.505004
v -76.944467 -3.422327 -0.505004
v -84.002823 7.639244 -0.505004
v -91.042258 10.735230 -0.505004
v -90.711258 14.990936 5.151283
v -79.851230 19.521500 5.151283
v -65.776296 11.556847 5.151283
v -69.399579 4.730364 5.151283
v -71.034587 13.255157 5.151284
v -76.156552 16.273456 5.151284
v -70.827883 -1.024886 5.151283
v -76.944467 -3.422327 5.151283
v -84.002823 7.639244 5.151283
v -91.042258 10.735230 5.151283
v -56.926471 20.341303 2.323140
v -55.723803 15.391312 2.323140
v -56.678448 12.674288 6.556362
v -58.147097 9.883831 6.556362
v -60.570392 7.166808 6.556362
v -62.039063 4.376352 6.556362
v -62.699948 1.145296 6.556362
v -62.626518 -1.351428 6.556362
v -62.553089 -6.051144 6.556362
v -60.423533 -6.785475 5.151290
v -60.642618 -10.439550 4.703175
v -61.238604 -13.103953 4.316357
v -63.271960 -16.153991 3.922501
v -67.284449 -19.161093 3.122917
v -70.724268 -20.392394 2.323140
v -69.385449 -17.893429 3.122917
v -68.344371 -14.635908 3.922501
v -68.176470 -11.143307 4.316357
v -68.948866 -8.020116 4.703175
v -71.825050 -5.822263 5.151290
v -70.827883 -1.024886 5.151284
v -69.399579 4.730364 5.151276
v -65.776296 11.556847 5.151283
v -62.258016 16.335385 2.323140
v -57.735023 18.146395 4.991845
v -58.049935 14.825685 7.240867
v -59.252254 11.648104 7.857861
v -62.086310 8.585033 7.857860
v -64.319196 5.235692 7.857860
v -65.521536 1.514198 7.857860
v -65.292521 -1.606128 7.857863
v -64.719983 -6.472690 7.857865
v -64.032938 -10.194179 7.639025
v -64.576843 -12.885103 7.022932
v -65.896513 -15.351870 6.084573
v -68.126577 -18.066564 4.402310
v -55.899097 14.669697 5.404904
v -65.006263 -4.039409 7.857864
v -60.423533 -6.785475 2.323140
v -60.642618 -10.439550 2.323140
v -61.238604 -13.103953 2.323140
v -63.271960 -16.153991 2.323140
v -67.284449 -19.161093 2.323140
v -69.385449 -17.893429 2.323140
v -68.344371 -14.635908 2.323140
v -68.176470 -11.143307 2.323140
v -68.948866 -8.020116 2.323140
v -71.825050 -5.822263 2.323140
v -70.827883 -1.024886 2.323140
v -56.678448 12.674288 -1.910082
v -58.147097 9.883831 -1.910082
v -60.570392 7.166808 -1.910082
v -62.039063 4.376352 -1.910082
v -62.699948 1.145296 -1.910082
v -62.626518 -1.351428 -1.910082
v -62.553089 -6.051144 -1.910082
v -60.423533 -6.785475 -0.505011
v -60.642618 -10.439550 -0.056895
v -61.238604 -13.103953 0.329922
v -63.271960 -16.153991 0.723778
v -67.284449 -19.161093 1.523362
v -69.385449 -17.893429 1.523362
v -68.344371 -14.635908 0.723778
v -68.176470 -11.143307 0.329922
v -68.948866 -8.020116 -0.056895
v -71.825050 -5.822263 -0.505011
v -70.827883 -1.024886 -0.505004
v -69.399579 4.730364 -0.504997
v -65.776296 11.556847 -0.505004
v -57.735023 18.146395 -0.345566
v -58.049935 14.825685 -2.594588
v -59.252254 11.648104 -3.211582
v -62.086310 8.585033 -3.211581
v -64.319196 5.235692 -3.211580
v -65.521536 1.514198 -3.211581
v -65.292521 -1.606128 -3.211583
v -64.719983 -6.472690 -3.211585
v -64.032938 -10.194179 -2.992746
v -64.576843 -12.885103 -2.376652
v -65.896513 -15.351870 -1.438294
v -68.126577 -18.066564 0.243969
v -55.899097 14.669697 -0.758625
v -65.006263 -4.039409 -3.211584
v -36.264062 3.788887 6.556362
v -43.974520 4.082619 6.556362
v -48.160203 5.110682 6.556362
v -51.758430 7.166808 6.556362
v -53.520818 9.957265 6.556362
v -53.741127 12.453990 6.556362
v -53.300508 14.155665 5.404904
v -55.899097 14.669697 5.404904
v -56.678448 12.674288 6.556362
v -58.147097 9.883831 6.556362
v -60.570392 7.166808 6.556362
v -62.039063 4.376352 6.556362
v -62.699948 1.145296 6.556362
v -62.626518 -1.351428 6.556362
v -62.553089 -6.051144 6.556362
v -60.423533 -6.785475 6.556362
v -56.656946 -3.703042 6.556362
v -53.594247 -7.740105 6.556362
v -50.436639 -5.243380 6.556362
v -47.866464 -3.260687 2.323140
v -44.268259 -2.085758 2.323140
v -36.264062 -1.718593 2.323140
v -36.264062 11.425930 2.323140
v -43.974520 11.722934 2.323140
v -46.824631 12.040960 2.323140
v -50.553706 13.207721 2.323140
v -50.961427 9.104223 5.481770
v -47.198121 8.415170 5.481770
v -43.911853 8.097145 5.481770
v -36.264062 7.726111 5.481770
v -50.727796 11.455676 4.228922
v -47.011365 10.228065 4.228922
v -43.943176 9.910038 4.228922
v -36.264062 9.576020 4.228922
v -53.300508 14.877280 2.323140
v -55.723803 15.391312 2.323140
v -53.151375 14.277835 2.323140
v -53.195975 13.529302 5.194983
v -53.440608 12.395366 6.161584
v -36.264062 1.377288 6.556362
v -44.088218 1.695032 6.556362
v -47.984931 0.115553 6.556362
v -50.551912 -4.161174 6.556362
v -36.264062 -0.170652 5.362263
v -44.178228 -0.195363 5.362263
v -47.925697 -1.572567 5.362263
v -62.553089 -6.051144 2.323140
v -60.423533 -6.785475 2.323140
v -56.656946 -3.703042 2.323140
v -53.594247 -7.740105 2.323140
v -50.436639 -5.243380 2.323140
v -36.264062 3.788887 -1.910082
v -43.974520 4.082619 -1.910082
v -48.160203 5.110682 -1.910082
v -51.758430 7.166808 -1.910082
v -53.520818 9.957265 -1.910082
v -53.741127 12.453990 -1.910082
v -53.300508 14.155665 -0.758625
v -55.899097 14.669697 -0.758625
v -56.678448 12.674288 -1.910082
v -58.147097 9.883831 -1.910082
v -60.570392 7.166808 -1.910082
v -62.039063 4.376352 -1.910082
v -62.699948 1.145296 -1.910082
v -62.626518 -1.351428 -1.910082
v -62.553089 -6.051144 -1.910082
v -60.423533 -6.785475 -1.910082
v -56.656946 -3.703042 -1.910082
v -53.594247 -7.740105 -1.910082
v -50.436639 -5.243380 -1.910082
v -50.961427 9.104223 -0.835490
v -47.198121 8.415170 -0.835490
v -43.911853 8.097145 -0.835490
v -36.264062 7.726111 -0.835490
v -50.727796 11.455676 0.417357
v -47.011365 10.228065 0.417357
v -43.943176 9.910038 0.417357
v -36.264062 9.576020 0.417357
v -53.195975 13.529302 -0.548704
v -53.440608 12.395366 -1.515304
v -36.264062 1.377288 -1.910082
v -44.088218 1.695032 -1.910082
v -47.984931 0.115553 -1.910082
v -50.551912 -4.161174 -1.910082
v -36.264062 -0.170652 -0.715983
v -44.178228 -0.195363 -0.715983
v -47.925697 -1.572567 -0.715983
v -73.921522 30.981161 -0.505004
v -75.520537 24.118690 -0.505004
v -79.851230 19.521500 -0.505004
v -90.711258 14.990936 -0.505004
v -91.177633 8.994601 -0.505004
v -85.447805 6.462815 -0.505004
v -77.652576 -6.062861 -0.505004
v -85.958156 -10.315594 -0.505004
v -92.976539 -2.731564 -0.505004
v -98.874158 -4.667081 -0.505004
v -104.366200 -2.567131 -0.505004
v -111.961560 5.890997 -0.505004
v -107.434368 9.327731 -0.505004
v -100.105513 10.393745 -0.505004
v -97.706980 16.856461 -0.505004
v -93.613319 21.916033 -0.505004
v -88.851271 23.192019 -0.505004
v -85.365211 26.678079 -0.505004
v -84.089223 31.440124 -0.505004
v -75.871169 29.804761 -2.612772
v -77.419481 24.749939 -2.612772
v -81.108133 21.061290 -2.612772
v -92.219630 15.915395 -2.612772
v -92.948246 8.173785 -2.612772
v -87.119265 5.532530 -2.612772
v -80.470588 -5.396803 -2.612772
v -85.889725 -8.220211 -2.612772
v -92.483435 -0.546314 -2.612772
v -98.539888 -2.196118 -2.612772
v -102.782245 -0.590493 -2.612772
v -96.569068 16.395663 -2.612772
v -99.294358 9.261828 -2.612772
v -106.892081 8.168668 -2.612772
v -109.149640 5.986299 -2.612772
v -82.960454 30.104941 -2.612772
v -84.345470 25.949876 -2.612772
v -88.269699 22.071816 -2.612772
v -92.617902 21.045027 -2.612772
v -73.921522 30.981161 2.323140
v -75.520537 24.118690 2.323140
v -79.851230 19.521500 2.323140
v -90.711258 14.990936 2.323140
v -91.177633 8.994601 2.323140
v -85.447805 6.462815 2.323140
v -77.652576 -6.062861 2.323140
v -85.958156 -10.315594 2.323140
v -92.976539 -2.731564 2.323140
v -98.874158 -4.667081 2.323140
v -104.366200 -2.567131 2.323140
v -111.961560 5.890997 2.323140
v -107.434368 9.327731 2.323140
v -100.105513 10.393745 2.323140
v -97.706980 16.856461 2.323140
v -93.613319 21.916033 2.323140
v -84.089223 31.440124 2.323140
v -73.921522 30.981161 5.151283
v -75.520537 24.118690 5.151283
v -79.851230 19.521500 5.151283
v -90.711258 14.990936 5.151283
v -91.177633 8.994601 5.151283
v -85.447805 6.462815 5.151283
v -77.652576 -6.062861 5.151283
v -85.958156 -10.315594 5.151283
v -92.976539 -2.731564 5.151283
v -98.874158 -4.667081 5.151283
v -104.366200 -2.567131 5.151283
v -111.961560 5.890997 5.151283
v -107.434368 9.327731 5.151283
v -100.105513 10.393745 5.151283
v -97.706980 16.856461 5.151283
v -93.613319 21.916033 5.151283
v -88.851271 23.192019 5.151283
v -85.365211 26.678079 5.151283
v -84.089223 31.440124 5.151283
v -75.871169 29.804761 7.259051
v -77.419481 24.749939 7.259051
v -81.108133 21.061290 7.259051
v -92.219630 15.915395 7.259051
v -92.948246 8.173785 7.259051
v -87.119265 5.532530 7.259051
v -80.470588 -5.396803 7.259051
v -85.889725 -8.220211 7.259051
v -92.483435 -0.546314 7.259051
v -98.539888 -2.196118 7.259051
v -102.782245 -0.590493 7.259051
v -96.569068 16.395663 7.259051
v -99.294358 9.261828 7.259051
v -106.892081 8.168668 7.259051
v -109.149640 5.986299 7.259051
v -82.960454 30.104941 7.259051
v -84.345470 25.949876 7.259051
v -88.269699 22.071816 7.259051
v -92.617902 21.045027 7.259051
v -84.090404 31.442768 0.951456
v -85.365211 36.202169 0.951455
v -88.850155 39.685727 0.951454
v -86.555553 43.048596 0.951454
v -81.589371 37.893356 0.951455
v -79.584800 31.257401 0.951457
v -83.778324 40.656329 0.951455
v -87.107683 37.943947 0.951455
v -80.292932 34.760736 0.951456
v -84.727807 33.822469 0.951456
v -87.702860 41.367162 -0.340460
v -85.442993 39.300137 -0.340460
v -83.477291 37.047761 -0.340458
v -82.510375 34.291602 -0.340458
v -81.837613 31.350085 -0.340457
v -80.292932 34.760736 2.323140
v -79.584800 31.257401 2.323140
v -83.528420 46.562862 0.951454
v -80.446964 43.853605 0.951455
v -80.446964 43.853605 2.323140
v -83.528420 46.562862 2.323140
v -77.953784 40.773642 0.951455
v -77.953784 40.773642 2.323140
v -79.771578 39.333499 0.951455
v -80.866071 36.145624 0.951456
v -80.677051 37.764905 0.951456
v -79.771578 39.333499 2.323140
v -80.866071 36.145624 2.323140
v -80.677051 37.764905 2.323140
v -84.090404 31.442768 3.694823
v -85.365211 36.202169 3.694824
v -88.850155 39.685727 3.694825
v -86.555553 43.048596 3.694826
v -81.589371 37.893356 3.694824
v -79.584800 31.257401 3.694822
v -83.778324 40.656329 3.694824
v -87.107683 37.943947 3.694824
v -80.292932 34.760736 3.694824
v -84.727807 33.822469 3.694824
v -87.702860 41.367162 4.986740
v -85.442993 39.300137 4.986739
v -83.477291 37.047761 4.986738
v -82.510375 34.291602 4.986737
v -81.837613 31.350085 4.986736
v -83.528420 46.562862 3.694826
v -80.446964 43.853605 3.694824
v -77.953784 40.773642 3.694824
v -79.771578 39.333499 3.694824
v -80.866071 36.145624 3.694824
v -80.677051 37.764905 3.694824
v -229.761327 -64.878651 2.323140
v -224.778258 -40.126619 2.323140
v -219.486973 -29.203210 2.323140
v -201.503977 -5.144824 2.323140
v -181.214324 12.926669 2.323140
v -156.137015 28.806196 2.323140
v -136.602281 37.936559 2.323140
v -131.096054 35.690907 2.323140
v -123.494591 35.940136 2.323140
v -117.632943 41.090058 2.323140
v -99.444060 47.653866 2.323140
v -89.724153 54.507645 2.323140
v -79.630407 50.395381 2.323140
v -80.378096 45.286201 5.181979
v -86.234954 39.429332 5.113682
v -91.967210 41.547776 5.046839
v -97.325616 41.423158 4.984354
v -102.933259 39.055490 4.918963
v -106.931945 34.796529 4.872335
v -107.793213 29.834041 4.862292
v -133.339111 22.232578 4.564401
v -146.049754 26.594074 4.416182
v -154.897370 22.855649 4.313010
v -178.823288 9.148089 5.763814
v -198.263097 -7.799438 5.307934
v -209.976830 -21.166343 5.231933
v -209.229146 -31.175006 7.158900
v -207.336687 -37.017392 2.323140
v -218.867878 -47.007347 2.323140
v -225.067512 -55.850727 2.323140
v -228.788097 -54.914056 2.323140
v -213.277838 -19.141843 2.323140
v -89.757915 50.564906 8.539519
v -98.334081 44.389209 6.989300
v -94.305034 46.801786 7.072045
v -94.548223 50.849272 2.323140
v -103.843687 42.464329 6.876150
v -110.016671 40.094906 6.749375
v -117.499077 37.101945 6.595709
v -117.187315 39.284309 6.602112
v -119.244973 35.106635 6.559854
v -122.923825 33.547804 6.484301
v -131.092106 32.737206 6.316549
v -138.138038 34.670163 6.171847
v -144.498084 29.307774 6.568777
v -155.013748 23.900617 5.658807
v -220.981800 -43.989480 5.764199
v -226.964321 -55.223407 4.259265
v -215.361776 -36.559102 6.395938
v -213.168478 -41.199067 2.323140
v -121.140253 37.121051 2.323140
v -119.355707 38.614248 2.323140
v -127.049913 35.416160 2.323140
v -126.744265 32.761264 6.405840
v -133.644662 36.485882 2.323140
v -134.353384 33.387447 6.249572
v -108.307545 44.455311 2.323140
v -113.757874 38.598425 6.672542
v -112.970244 42.772684 2.323140
v -132.958338 24.909104 6.839394
v -108.630616 37.027381 7.409888
v -110.513680 31.586003 7.365741
v -103.465856 41.049636 7.531001
v -97.907483 43.134521 7.661350
v -92.874160 43.586049 7.779395
v -86.887724 41.806796 7.919793
v -82.448648 46.451455 8.023893
v -81.096595 50.992718 2.323140
v -125.894087 27.010596 7.005056
v -125.675342 24.513017 4.653768
v -118.024838 29.351562 7.189597
v -117.412261 26.971787 4.750124
v -80.378096 45.286201 2.323140
v -86.234954 39.429332 2.323140
v -91.967210 41.547776 2.323140
v -97.325616 41.423158 2.323140
v -102.933259 39.055490 2.323140
v -106.931945 34.796529 2.323140
v -107.793213 29.834041 2.323140
v -117.412261 26.971787 2.323140
v -133.339111 22.232578 2.323140
v -146.049754 26.594074 2.323140
v -154.897370 22.855649 2.323140
v -178.823288 9.148089 2.323140
v -198.263097 -7.799438 2.323140
v -209.976830 -21.166343 2.323140
v -209.229146 -31.175006 2.323140
v -125.675342 24.513017 2.323140
v -80.378096 45.286201 -0.535700
v -86.234954 39.429332 -0.467403
v -91.967210 41.547776 -0.400559
v -97.325616 41.423158 -0.338075
v -102.933259 39.055490 -0.272684
v -106.931945 34.796529 -0.226056
v -107.793213 29.834041 -0.216012
v -133.339111 22.232578 0.081878
v -146.049754 26.594074 0.230097
v -154.897370 22.855649 0.333269
v -178.823288 9.148089 -1.117535
v -198.263097 -7.799438 -0.661655
v -209.976830 -21.166343 -0.585653
v -209.229146 -31.175006 -2.512620
v -89.757915 50.564906 -3.893240
v -98.334081 44.389209 -2.343021
v -94.305034 46.801786 -2.425766
v -103.843687 42.464329 -2.229871
v -110.016671 40.094906 -2.103095
v -117.499077 37.101945 -1.949430
v -117.187315 39.284309 -1.955833
v -119.244973 35.106635 -1.913574
v -122.923825 33.547804 -1.838022
v -131.092106 32.737206 -1.670269
v -138.138038 34.670163 -1.525567
v -144.498084 29.307774 -1.922497
v -155.013748 23.900617 -1.012528
v -220.981800 -43.989480 -1.117920
v -226.964321 -55.223407 0.387014
v -215.361776 -36.559102 -1.749658
v -126.744265 32.761264 -1.759561
v -134.353384 33.387447 -1.603292
v -113.757874 38.598425 -2.026263
v -132.958338 24.909104 -2.193114
v -108.630616 37.027381 -2.763609
v -110.513680 31.586003 -2.719462
v -103.465856 41.049636 -2.884722
v -97.907483 43.134521 -3.015071
v -92.874160 43.586049 -3.133116
v -86.887724 41.806796 -3.273513
v -82.448648 46.451455 -3.377614
v -125.894087 27.010596 -2.358777
v -125.675342 24.513017 -0.007489
v -118.024838 29.351562 -2.543318
v -117.412261 26.971787 -0.103844
v -90.024093 25.223415 -3.413283
v -87.396599 27.850903 -3.413283
v -86.434867 31.440121 -3.413283
v -87.396599 35.029334 -3.413283
v -90.024093 37.656822 -3.413283
v -93.613319 38.618549 -3.413283
v -97.202512 37.656822 -3.413283
v -99.830028 35.029334 -3.413283
v -100.791738 31.440121 -3.413283
v -99.830028 27.850903 -3.413283
v -97.202512 25.223415 -3.413283
v -93.613319 24.261688 -3.413283
v -93.613319 31.440121 -3.413283
v -85.365211 36.202167 2.323140
v -84.089212 31.440121 2.323140
v -93.613319 21.916028 2.323140
v -98.375367 23.192016 2.323140
v -101.861416 26.678076 2.323140
v -103.137415 31.440121 2.323140
v -101.861416 36.202167 2.323140
v -98.375367 39.688227 2.323140
v -93.613319 40.964215 2.323140
v -88.851282 39.688227 2.323140
v -85.365211 36.202167 -0.388313
v -84.089212 31.440121 -0.388313
v -85.365211 26.678076 -0.388313
v -88.851282 23.192016 -0.388313
v -93.613330 21.916028 -0.388313
v -98.375367 23.192016 -0.388313
v -101.861416 26.678076 -0.388313
v -103.137415 31.440121 -0.388313
v -101.861416 36.202167 -0.388313
v -98.375367 39.688227 -0.388313
v -93.613330 40.964215 -0.388313
v -88.851282 39.688227 -0.388313
v -90.024093 25.223415 8.059562
v -87.396599 27.850903 8.059562
v -86.434867 31.440121 8.059562
v -87.396599 35.029334 8.059562
v -90.024093 37.656822 8.059562
v -93.613319 38.618549 8.059562
v -97.202512 37.656822 8.059562
v -99.830028 35.029334 8.059562
v -100.791738 31.440121 8.059562
v -99.830028 27.850903 8.059562
v -97.202512 25.223415 8.059562
v -93.613319 24.261688 8.059562
v -93.613319 31.440121 8.059562
v -85.365211 36.202167 5.034592
v -84.089212 31.440121 5.034592
v -85.365211 26.678076 5.034592
v -88.851282 23.192016 5.034593
v -93.613330 21.916028 5.034593
v -98.375367 23.192016 5.034593
v -101.861416 26.678076 5.034593
v -103.137415 31.440121 5.034593
v -101.861416 36.202167 5.034593
v -98.375367 39.688227 5.034593
v -93.613330 40.964215 5.034593
v -88.851282 39.688227 5.034593
v -100.105513 10.393745 2.323140
v -97.706980 16.856461 4.416176
v -93.613319 21.916033 4.416215
v -98.375367 23.192019 4.416215
v -101.861427 26.678079 4.416215
v -103.137415 31.440124 4.416215
v -101.861427 36.202169 4.416215
v -98.375367 39.688229 4.416215
v -99.246784 41.115262 4.416215
v -102.933259 39.055490 4.416173
v -106.931945 34.796529 4.416173
v -107.793213 29.834041 4.416173
v -117.412261 26.971787 4.416172
v -125.675342 24.513017 4.416171
v -133.339111 22.232578 4.416170
v -146.049754 26.594074 4.416168
v -154.897370 22.855649 4.416167
v -178.823288 9.148089 4.416182
v -198.263097 -7.799438 4.416177
v -209.976830 -21.166343 4.416176
v -209.229146 -31.175006 4.416196
v -207.336687 -37.017392 2.323140
v -192.451303 -29.656425 2.323140
v -195.318345 -27.369905 2.323140
v -194.765843 -23.580759 2.323140
v -188.786614 -16.733578 2.323140
v -175.092251 -7.384556 2.323140
v -158.738983 -0.656384 2.323140
v -160.212062 1.983068 2.323140
v -151.028404 7.942842 2.323140
v -146.713898 9.292991 2.323140
v -143.449854 8.206911 2.323140
v -140.196177 6.457689 2.323140
v -131.887512 9.314420 2.323140
v -123.593744 11.426655 2.323140
v -120.411243 10.848021 2.323140
v -110.960216 6.604698 2.323140
v -107.434368 9.327731 2.323140
v -200.075160 -28.495743 4.416164
v -200.579578 -26.550131 4.416166
v -198.922204 -22.658903 4.416166
v -193.157428 -14.804391 4.416158
v -177.088105 -3.707190 4.416157
v -164.837948 1.625231 4.416152
v -151.578959 9.840038 4.416150
v -146.390652 11.209173 4.416150
v -142.859730 9.984157 4.416150
v -139.761158 8.254726 4.416150
v -132.339002 10.992996 4.416151
v -123.691835 12.866550 4.416150
v -119.800613 12.578307 4.416150
v -111.065132 8.845442 4.416160
v -108.007649 10.567281 4.416173
v -99.465201 12.119006 4.416176
v -103.653180 21.027506 4.416174
v -93.613319 40.964215 4.416215
v -93.482406 42.273931 4.416215
v -88.851271 39.688227 4.416215
v -87.920807 40.854563 4.416215
v -97.706980 16.856461 0.230104
v -93.613319 21.916033 0.230064
v -98.375367 23.192019 0.230064
v -101.861427 26.678079 0.230064
v -103.137415 31.440124 0.230064
v -101.861427 36.202169 0.230064
v -98.375367 39.688229 0.230064
v -99.246784 41.115262 0.230064
v -102.933259 39.055490 0.230106
v -106.931945 34.796529 0.230106
v -107.793213 29.834041 0.230107
v -117.412261 26.971787 0.230108
v -125.675342 24.513017 0.230109
v -133.339111 22.232578 0.230110
v -146.049754 26.594074 0.230111
v -154.897370 22.855649 0.230112
v -178.823288 9.148089 0.230098
v -198.263097 -7.799438 0.230102
v -209.976830 -21.166343 0.230103
v -209.229146 -31.175006 0.230083
v -200.075160 -28.495743 0.230115
v -200.579578 -26.550131 0.230113
v -198.922204 -22.658903 0.230114
v -193.157428 -14.804391 0.230121
v -177.088105 -3.707190 0.230123
v -164.837948 1.625231 0.230127
v -151.578959 9.840038 0.230130
v -146.390652 11.209173 0.230129
v -142.859730 9.984157 0.230129
v -139.761158 8.254726 0.230129
v -132.339002 10.992996 0.230129
v -123.691835 12.866550 0.230130
v -119.800613 12.578307 0.230129
v -111.065132 8.845442 0.230120
v -108.007649 10.567281 0.230106
v -99.465201 12.119006 0.230104
v -103.653180 21.027506 0.230105
v -93.613319 40.964215 0.230064
v -93.482406 42.273931 0.230064
v -88.851271 39.688227 0.230064
v -87.920807 40.854563 0.230064
v 18.649510 8.994601 2.323140
v 18.183124 14.990936 5.151283
v 7.323107 19.521500 5.151283
v 2.992403 24.118690 2.323140
v -0.502975 20.168716 2.323140
v -5.176501 17.700682 2.323140
v -10.270107 16.335385 2.323140
v -6.751827 11.556847 5.151283
v -3.128533 4.730364 5.151283
v -1.343156 -2.463698 2.323140
v 5.659565 -5.378296 2.323140
v 12.919671 6.462815 2.323140
v -1.493536 13.255157 5.151284
v 3.628439 16.273456 5.151284
v -1.700241 -1.024886 5.151283
v 4.416343 -3.422327 5.151283
v 11.474710 7.639244 5.151283
v 18.514135 10.735230 5.151283
v 18.183124 14.990936 -0.505004
v 7.323107 19.521500 -0.505004
v -6.751827 11.556847 -0.505004
v -3.128533 4.730364 -0.505004
v -1.493536 13.255157 -0.505004
v 3.628439 16.273456 -0.505004
v -1.700241 -1.024886 -0.505004
v 4.416343 -3.422327 -0.505004
v 11.474710 7.639244 -0.505004
v 18.514135 10.735230 -0.505004
v -15.601652 20.341303 2.323140
v -16.804321 15.391312 2.323140
v -15.849676 12.674288 -1.910082
v -14.381026 9.883831 -1.910082
v -11.957732 7.166808 -1.910082
v -10.489060 4.376352 -1.910082
v -9.828176 1.145296 -1.910082
v -9.901605 -1.351428 -1.910082
v -9.975034 -6.051144 -1.910082
v -12.104590 -6.785475 -0.505011
v -11.885506 -10.439550 -0.056895
v -11.289519 -13.103953 0.329922
v -9.256163 -16.153991 0.723778
v -5.243675 -19.161093 1.523362
v -1.803855 -20.392394 2.323140
v -3.142664 -17.893429 1.523362
v -4.183753 -14.635908 0.723778
v -4.351653 -11.143307 0.329922
v -3.579258 -8.020116 -0.056895
v -0.703073 -5.822263 -0.505011
v -1.700241 -1.024886 -0.505004
v -3.128533 4.730364 -0.504997
v -6.751827 11.556847 -0.505004
v -10.270107 16.335385 2.323140
v -14.793100 18.146395 -0.345566
v -14.478188 14.825685 -2.594588
v -13.275870 11.648104 -3.211582
v -10.441814 8.585033 -3.211581
v -8.208928 5.235692 -3.211580
v -7.006588 1.514198 -3.211581
v -7.235603 -1.606128 -3.211583
v -7.808140 -6.472690 -3.211585
v -8.495186 -10.194179 -2.992746
v -7.951280 -12.885103 -2.376652
v -6.631611 -15.351870 -1.438294
v -4.401547 -18.066564 0.243969
v -16.629027 14.669697 -0.758625
v -7.521861 -4.039409 -3.211584
v -12.104590 -6.785475 2.323140
v -11.885506 -10.439550 2.323140
v -11.289519 -13.103953 2.323140
v -9.256163 -16.153991 2.323140
v -5.243675 -19.161093 2.323140
v -3.142664 -17.893429 2.323140
v -4.183753 -14.635908 2.323140
v -4.351653 -11.143307 2.323140
v -3.579258 -8.020116 2.323140
v -0.703073 -5.822263 2.323140
v -1.700241 -1.024886 2.323140
v -15.849676 12.674288 6.556362
v -14.381026 9.883831 6.556362
v -11.957732 7.166808 6.556362
v -10.489060 4.376352 6.556362
v -9.828176 1.145296 6.556362
v -9.901605 -1.351428 6.556362
v -9.975034 -6.051144 6.556362
v -12.104590 -6.785475 5.151290
v -11.885506 -10.439550 4.703175
v -11.289519 -13.103953 4.316357
v -9.256163 -16.153991 3.922501
v -5.243675 -19.161093 3.122917
v -3.142664 -17.893429 3.122917
v -4.183753 -14.635908 3.922501
v -4.351653 -11.143307 4.316357
v -3.579258 -8.020116 4.703175
v -0.703073 -5.822263 5.151290
v -1.700241 -1.024886 5.151284
v -3.128533 4.730364 5.151276
v -6.751827 11.556847 5.151283
v -14.793100 18.146395 4.991845
v -14.478188 14.825685 7.240867
v -13.275870 11.648104 7.857861
v -10.441814 8.585033 7.857860
v -8.208928 5.235692 7.857860
v -7.006588 1.514198 7.857860
v -7.235603 -1.606128 7.857863
v -7.808140 -6.472690 7.857865
v -8.495186 -10.194179 7.639025
v -7.951280 -12.885103 7.022932
v -6.631611 -15.351870 6.084573
v -4.401547 -18.066564 4.402310
v -16.629027 14.669697 5.404904
v -7.521861 -4.039409 7.857864
v -28.553603 4.082619 -1.910082
v -24.367921 5.110682 -1.910082
v -20.769694 7.166808 -1.910082
v -19.007306 9.957265 -1.910082
v -18.786996 12.453990 -1.910082
v -19.227615 14.155665 -0.758625
v -16.629027 14.669697 -0.758625
v -15.849676 12.674288 -1.910082
v -14.381026 9.883831 -1.910082
v -11.957732 7.166808 -1.910082
v -10.489060 4.376352 -1.910082
v -9.828176 1.145296 -1.910082
v -9.901605 -1.351428 -1.910082
v -9.975034 -6.051144 -1.910082
v -12.104590 -6.785475 -1.910082
v -15.871177 -3.703042 -1.910082
v -18.933876 -7.740105 -1.910082
v -22.091485 -5.243380 -1.910082
v -24.661659 -3.260687 2.323140
v -28.259865 -2.085758 2.323140
v -28.553603 11.722934 2.323140
v -25.703492 12.040960 2.323140
v -21.974418 13.207721 2.323140
v -21.566697 9.104223 -0.835490
v -25.330003 8.415170 -0.835490
v -28.616271 8.097145 -0.835490
v -21.800327 11.455676 0.417357
v -25.516758 10.228065 0.417357
v -28.584948 9.910038 0.417357
v -19.227615 14.877280 2.323140
v -16.804321 15.391312 2.323140
v -19.376748 14.277835 2.323140
v -19.332148 13.529302 -0.548704
v -19.087516 12.395366 -1.515304
v -28.439905 1.695032 -1.910082
v -24.543193 0.115553 -1.910082
v -21.976212 -4.161174 -1.910082
v -28.349896 -0.195363 -0.715983
v -24.602426 -1.572567 -0.715983
v -9.975034 -6.051144 2.323140
v -12.104590 -6.785475 2.323140
v -15.871177 -3.703042 2.323140
v -18.933876 -7.740105 2.323140
v -22.091485 -5.243380 2.323140
v -28.553603 4.082619 6.556362
v -24.367921 5.110682 6.556362
v -20.769694 7.166808 6.556362
v -19.007306 9.957265 6.556362
v -18.786996 12.453990 6.556362
v -19.227615 14.155665 5.404904
v -16.629027 14.669697 5.404904
v -15.849676 12.674288 6.556362
v -14.381026 9.883831 6.556362
v -11.957732 7.166808 6.556362
v -10.489060 4.376352 6.556362
v -9.828176 1.145296 6.556362
v -9.901605 -1.351428 6.556362
v -9.975034 -6.051144 6.556362
v -12.104590 -6.785475 6.556362
v -15.871177 -3.703042 6.556362
v -18.933876 -7.740105 6.556362
v -22.091485 -5.243380 6.556362
v -21.566697 9.104223 5.481770
v -25.330003 8.415170 5.481770
v -28.616271 8.097145 5.481770
v -21.800327 11.455676 4.228922
v -25.516758 10.228065 4.228922
v -28.584948 9.910038 4.228922
v -19.332148 13.529302 5.194983
v -19.087516 12.395366 6.161584
v -28.439905 1.695032 6.556362
v -24.543193 0.115553 6.556362
v -21.976212 -4.161174 6.556362
v -28.349896 -0.195363 5.362263
v -24.602426 -1.572567 5.362263
v 1.393410 30.981161 5.151283
v 2.992403 24.118690 5.151283
v 7.323107 19.521500 5.151283
v 18.183124 14.990936 5.151283
v 18.649510 8.994601 5.151283
v 12.919671 6.462815 5.151283
v 5.124452 -6.062861 5.151283
v 13.430022 -10.315594 5.151283
v 20.448426 -2.731564 5.151283
v 26.346035 -4.667081 5.151283
v 31.838066 -2.567131 5.151283
v 39.433448 5.890997 5.151283
v 34.906255 9.327731 5.151283
v 27.577379 10.393745 5.151283
v 25.178867 16.856461 5.151283
v 21.085206 21.916033 5.151283
v 16.323136 23.192019 5.151283
v 12.837076 26.678079 5.151283
v 11.561110 31.440124 5.151283
v 3.343035 29.804761 7.259051
v 4.891369 24.749939 7.259051
v 8.580021 21.061290 7.259051
v 19.691517 15.915395 7.259051
v 20.420122 8.173785 7.259051
v 14.591153 5.532530 7.259051
v 7.942453 -5.396803 7.259051
v 13.361602 -8.220211 7.259051
v 19.955311 -0.546314 7.259051
v 26.011765 -2.196118 7.259051
v 30.254121 -0.590493 7.259051
v 24.040944 16.395663 7.259051
v 26.766224 9.261828 7.259051
v 34.363968 8.168668 7.259051
v 36.621528 5.986299 7.259051
v 10.432331 30.104941 7.259051
v 11.817336 25.949876 7.259051
v 15.741565 22.071816 7.259051
v 20.089789 21.045027 7.259051
v 1.393410 30.981161 2.323140
v 2.992403 24.118690 2.323140
v 7.323107 19.521500 2.323140
v 18.183124 14.990936 2.323140
v 18.649510 8.994601 2.323140
v 12.919671 6.462815 2.323140
v 5.124452 -6.062861 2.323140
v 13.430022 -10.315594 2.323140
v 20.448426 -2.731564 2.323140
v 26.346035 -4.667081 2.323140
v 31.838066 -2.567131 2.323140
v 39.433448 5.890997 2.323140
v 34.906255 9.327731 2.323140
v 27.577379 10.393745 2.323140
v 25.178867 16.856461 2.323140
v 21.085206 21.916033 2.323140
v 11.561110 31.440124 2.323140
v 1.393410 30.981161 -0.505004
v 2.992403 24.118690 -0.505004
v 7.323107 19.521500 -0.505004
v 18.183124 14.990936 -0.505004
v 18.649510 8.994601 -0.505004
v 12.919671 6.462815 -0.505004
v 5.124452 -6.062861 -0.505004
v 13.430022 -10.315594 -0.505004
v 20.448426 -2.731564 -0.505004
v 26.346035 -4.667081 -0.505004
v 31.838066 -2.567131 -0.505004
v 39.433448 5.890997 -0.505004
v 34.906255 9.327731 -0.505004
v 27.577379 10.393745 -0.505004
v 25.178867 16.856461 -0.505004
v 21.085206 21.916033 -0.505004
v 16.323136 23.192019 -0.505004
v 12.837076 26.678079 -0.505004
v 11.561110 31.440124 -0.505004
v 3.343035 29.804761 -2.612772
v 4.891369 24.749939 -2.612772
v 8.580021 21.061290 -2.612772
v 19.691517 15.915395 -2.612772
v 20.420122 8.173785 -2.612772
v 14.591153 5.532530 -2.612772
v 7.942453 -5.396803 -2.612772
v 13.361602 -8.220211 -2.612772
v 19.955311 -0.546314 -2.612772
v 26.011765 -2.196118 -2.612772
v 30.254121 -0.590493 -2.612772
v 24.040944 16.395663 -2.612772
v 26.766224 9.261828 -2.612772
v 34.363968 8.168668 -2.612772
v 36.621528 5.986299 -2.612772
v 10.432331 30.104941 -2.612772
v 11.817336 25.949876 -2.612772
v 15.741565 22.071816 -2.612772
v 20.089789 21.045027 -2.612772
v 11.562291 31.442768 3.694823
v 12.837076 36.202169 3.694824
v 16.322043 39.685727 3.694825
v 14.027430 43.048596 3.694826
v 9.061237 37.893356 3.694824
v 7.056666 31.257401 3.694822
v 11.250201 40.656329 3.694824
v 14.579560 37.943947 3.694824
v 7.764797 34.760736 3.694824
v 12.199684 33.822469 3.694824
v 15.174736 41.367162 4.986740
v 12.914858 39.300137 4.986739
v 10.949179 37.047761 4.986738
v 9.982241 34.291602 4.986737
v 9.309501 31.350085 4.986736
v 7.764797 34.760736 2.323140
v 7.056666 31.257401 2.323140
v 11.000297 46.562862 3.694826
v 7.918830 43.853605 3.694824
v 7.918830 43.853605 2.323140
v 11.000297 46.562862 2.323140
v 5.425650 40.773642 3.694824
v 5.425650 40.773642 2.323140
v 7.243465 39.333499 3.694824
v 8.337947 36.145624 3.694824
v 8.148939 37.764905 3.694824
v 7.243465 39.333499 2.323140
v 8.337947 36.145624 2.323140
v 8.148939 37.764905 2.323140
v 11.562291 31.442768 0.951456
v 12.837076 36.202169 0.951455
v 16.322043 39.685727 0.951454
v 14.027430 43.048596 0.951454
v 9.061237 37.893356 0.951455
v 7.056666 31.257401 0.951457
v 11.250201 40.656329 0.951455
v 14.579560 37.943947 0.951455
v 7.764797 34.760736 0.951456
v 12.199684 33.822469 0.951456
v 15.174736 41.367162 -0.340460
v 12.914858 39.300137 -0.340460
v 10.949179 37.047761 -0.340458
v 9.982241 34.291602 -0.340458
v 9.309501 31.350085 -0.340457
v 11.000297 46.562862 0.951454
v 7.918830 43.853605 0.951455
v 5.425650 40.773642 0.951455
v 7.243465 39.333499 0.951455
v 8.337947 36.145624 0.951456
v 8.148939 37.764905 0.951456
v 157.233203 -64.878651 2.323140
v 152.250123 -40.126619 2.323140
v 146.958847 -29.203210 2.323140
v 128.975848 -5.144824 2.323140
v 108.686206 12.926669 2.323140
v 83.608903 28.806196 2.323140
v 64.074157 37.936559 2.323140
v 58.567931 35.690907 2.323140
v 50.966468 35.940136 2.323140
v 45.104819 41.090058 2.323140
v 26.915926 47.653866 2.323140
v 17.196019 54.507645 2.323140
v 7.102294 50.395381 2.323140
v 7.849972 45.286201 -0.535700
v 13.706831 39.429332 -0.467403
v 19.439098 41.547776 -0.400559
v 24.797482 41.423158 -0.338075
v 30.405136 39.055490 -0.272684
v 34.403822 34.796529 -0.226056
v 35.265089 29.834041 -0.216012
v 60.810988 22.232578 0.081878
v 73.521631 26.594074 0.230097
v 82.369247 22.855649 0.333269
v 106.295175 9.148089 -1.117535
v 125.734990 -7.799438 -0.661655
v 137.448706 -21.166343 -0.585653
v 136.701028 -31.175006 -2.512620
v 134.808580 -37.017392 2.323140
v 146.339741 -47.007347 2.323140
v 152.539378 -55.850727 2.323140
v 156.259965 -54.914056 2.323140
v 140.749717 -19.141843 2.323140
v 17.229791 50.564906 -3.893240
v 25.805957 44.389209 -2.343021
v 21.776911 46.801786 -2.425766
v 22.020100 50.849272 2.323140
v 31.315553 42.464329 -2.229871
v 37.488548 40.094906 -2.103095
v 44.970954 37.101945 -1.949430
v 44.659191 39.284309 -1.955833
v 46.716849 35.106635 -1.913574
v 50.395702 33.547804 -1.838022
v 58.563972 32.737206 -1.670269
v 65.609915 34.670163 -1.525567
v 71.969950 29.307774 -1.922497
v 82.485613 23.900617 -1.012528
v 148.453679 -43.989480 -1.117920
v 154.436200 -55.223407 0.387014
v 142.833645 -36.559102 -1.749658
v 140.640350 -41.199067 2.323140
v 48.612118 37.121051 2.323140
v 46.827594 38.614248 2.323140
v 54.521801 35.416160 2.323140
v 54.216141 32.761264 -1.759561
v 61.116538 36.485882 2.323140
v 61.825260 33.387447 -1.603292
v 35.779422 44.455311 2.323140
v 41.229740 38.598425 -2.026263
v 40.442120 42.772684 2.323140
v 60.430215 24.909104 -2.193114
v 36.102493 37.027381 -2.763609
v 37.985556 31.586003 -2.719462
v 30.937732 41.049636 -2.884722
v 25.379359 43.134521 -3.015071
v 20.346037 43.586049 -3.133116
v 14.359600 41.806796 -3.273513
v 9.920514 46.451455 -3.377614
v 8.568472 50.992718 2.323140
v 53.365964 27.010596 -2.358777
v 53.147229 24.513017 -0.007489
v 45.496726 29.351562 -2.543318
v 44.884138 26.971787 -0.103844
v 7.849972 45.286201 2.323140
v 13.706831 39.429332 2.323140
v 19.439098 41.547776 2.323140
v 24.797482 41.423158 2.323140
v 30.405136 39.055490 2.323140
v 34.403822 34.796529 2.323140
v 35.265089 29.834041 2.323140
v 44.884138 26.971787 2.323140
v 60.810988 22.232578 2.323140
v 73.521631 26.594074 2.323140
v 82.369247 22.855649 2.323140
v 106.295175 9.148089 2.323140
v 125.734990 -7.799438 2.323140
v 137.448706 -21.166343 2.323140
v 136.701028 -31.175006 2.323140
v 53.147229 24.513017 2.323140
v 7.849972 45.286201 5.181979
v 13.706831 39.429332 5.113682
v 19.439098 41.547776 5.046839
v 24.797482 41.423158 4.984354
v 30.405136 39.055490 4.918963
v 34.403822 34.796529 4.872335
v 35.265089 29.834041 4.862292
v 60.810988 22.232578 4.564401
v 73.521631 26.594074 4.416182
v 82.369247 22.855649 4.313010
v 106.295175 9.148089 5.763814
v 125.734990 -7.799438 5.307934
v 137.448706 -21.166343 5.231933
v 136.701028 -31.175006 7.158900
v 17.229791 50.564906 8.539519
v 25.805957 44.389209 6.989300
v 21.776911 46.801786 7.072045
v 31.315553 42.464329 6.876150
v 37.488548 40.094906 6.749375
v 44.970954 37.101945 6.595709
v 44.659191 39.284309 6.602112
v 46.716849 35.106635 6.559854
v 50.395702 33.547804 6.484301
v 58.563972 32.737206 6.316549
v 65.609915 34.670163 6.171847
v 71.969950 29.307774 6.568777
v 82.485613 23.900617 5.658807
v 148.453679 -43.989480 5.764199
v 154.436200 -55.223407 4.259265
v 142.833645 -36.559102 6.395938
v 54.216141 32.761264 6.405840
v 61.825260 33.387447 6.249572
v 41.229740 38.598425 6.672542
v 60.430215 24.909104 6.839394
v 36.102493 37.027381 7.409888
v 37.985556 31.586003 7.365741
v 30.937732 41.049636 7.531001
v 25.379359 43.134521 7.661350
v 20.346037 43.586049 7.779395
v 14.359600 41.806796 7.919793
v 9.920514 46.451455 8.023893
v 53.365964 27.010596 7.005056
v 53.147229 24.513017 4.653768
v 45.496726 29.351562 7.189597
v 44.884138 26.971787 4.750124
v 17.495969 25.223415 8.059562
v 14.868464 27.850903 8.059562
v 13.906732 31.440121 8.059562
v 14.868464 35.029334 8.059562
v 17.495969 37.656822 8.059562
v 21.085206 38.618549 8.059562
v 24.674378 37.656822 8.059562
v 27.301905 35.029334 8.059562
v 28.263615 31.440121 8.059562
v 27.301905 27.850903 8.059562
v 24.674378 25.223415 8.059562
v 21.085206 24.261688 8.059562
v 21.085206 31.440121 8.059562
v 12.837076 36.202167 2.323140
v 11.561088 31.440121 2.323140
v 21.085206 21.916028 2.323140
v 25.847233 23.192016 2.323140
v 29.333293 26.678076 2.323140
v 30.609302 31.440121 2.323140
v 29.333293 36.202167 2.323140
v 25.847233 39.688227 2.323140
v 21.085206 40.964215 2.323140
v 16.323158 39.688227 2.323140
v 12.837076 36.202167 5.034592
v 11.561088 31.440121 5.034592
v 12.837076 26.678076 5.034592
v 16.323158 23.192016 5.034593
v 21.085206 21.916028 5.034593
v 25.847233 23.192016 5.034593
v 29.333293 26.678076 5.034593
v 30.609302 31.440121 5.034593
v 29.333293 36.202167 5.034593
v 25.847233 39.688227 5.034593
v 21.085206 40.964215 5.034593
v 16.323158 39.688227 5.034593
v 17.495969 25.223415 -3.413283
v 14.868464 27.850903 -3.413283
v 13.906732 31.440121 -3.413283
v 14.868464 35.029334 -3.413283
v 17.495969 37.656822 -3.413283
v 21.085206 38.618549 -3.413283
v 24.674378 37.656822 -3.413283
v 27.301905 35.029334 -3.413283
v 28.263615 31.440121 -3.413283
v 27.301905 27.850903 -3.413283
v 24.674378 25.223415 -3.413283
v 21.085206 24.261688 -3.413283
v 21.085206 31.440121 -3.413283
v 12.837076 36.202167 -0.388313
v 11.561088 31.440121 -0.388313
v 12.837076 26.678076 -0.388313
v 16.323158 23.192016 -0.388313
v 21.085206 21.916028 -0.388313
v 25.847233 23.192016 -0.388313
v 29.333293 26.678076 -0.388313
v 30.609302 31.440121 -0.388313
v 29.333293 36.202167 -0.388313
v 25.847233 39.688227 -0.388313
v 21.085206 40.964215 -0.388313
v 16.323158 39.688227 -0.388313
v 27.577379 10.393745 2.323140
v 25.178867 16.856461 0.230104
v 21.085206 21.916033 0.230064
v 25.847233 23.192019 0.230064
v 29.333293 26.678079 0.230064
v 30.609302 31.440124 0.230064
v 29.333293 36.202169 0.230064
v 25.847233 39.688229 0.230064
v 26.718671 41.115262 0.230064
v 30.405136 39.055490 0.230106
v 34.403822 34.796529 0.230106
v 35.265089 29.834041 0.230107
v 44.884138 26.971787 0.230108
v 53.147229 24.513017 0.230109
v 60.810988 22.232578 0.230110
v 73.521631 26.594074 0.230111
v 82.369247 22.855649 0.230112
v 106.295175 9.148089 0.230098
v 125.734990 -7.799438 0.230102
v 137.448706 -21.166343 0.230103
v 136.701028 -31.175006 0.230083
v 134.808580 -37.017392 2.323140
v 119.923169 -29.656425 2.323140
v 122.790210 -27.369905 2.323140
v 122.237731 -23.580759 2.323140
v 116.258490 -16.733578 2.323140
v 102.564133 -7.384556 2.323140
v 86.210860 -0.656384 2.323140
v 87.683927 1.983068 2.323140
v 78.500270 7.942842 2.323140
v 74.185775 9.292991 2.323140
v 70.921730 8.206911 2.323140
v 67.668054 6.457689 2.323140
v 59.359378 9.314420 2.323140
v 51.065620 11.426655 2.323140
v 47.883120 10.848021 2.323140
v 38.432081 6.604698 2.323140
v 34.906255 9.327731 2.323140
v 127.547031 -28.495743 0.230115
v 128.051476 -26.550131 0.230113
v 126.394081 -22.658903 0.230114
v 120.629288 -14.804391 0.230121
v 104.559976 -3.707190 0.230123
v 92.309813 1.625231 0.230127
v 79.050825 9.840038 0.230130
v 73.862529 11.209173 0.230129
v 70.331606 9.984157 0.230129
v 67.233034 8.254726 0.230129
v 59.810890 10.992996 0.230129
v 51.163701 12.866550 0.230130
v 47.272500 12.578307 0.230129
v 38.537008 8.845442 0.230120
v 35.479515 10.567281 0.230106
v 26.937077 12.119006 0.230104
v 31.125057 21.027506 0.230105
v 21.085206 40.964215 0.230064
v 20.954272 42.273931 0.230064
v 16.323136 39.688227 0.230064
v 15.392683 40.854563 0.230064
v 25.178867 16.856461 4.416176
v 21.085206 21.916033 4.416215
v 25.847233 23.192019 4.416215
v 29.333293 26.678079 4.416215
v 30.609302 31.440124 4.416215
v 29.333293 36.202169 4.416215
v 25.847233 39.688229 4.416215
v 26.718671 41.115262 4.416215
v 30.405136 39.055490 4.416173
v 34.403822 34.796529 4.416173
v 35.265089 29.834041 4.416173
v 44.884138 26.971787 4.416172
v 53.147229 24.513017 4.416171
v 60.810988 22.232578 4.416170
v 73.521631 26.594074 4.416168
v 82.369247 22.855649 4.416167
v 106.295175 9.148089 4.416182
v 125.734990 -7.799438 4.416177
v 137.448706 -21.166343 4.416176
v 136.701028 -31.175006 4.416196
v 127.547031 -28.495743 4.416164
v 128.051476 -26.550131 4.416166
v 126.394081 -22.658903 4.416166
v 120.629288 -14.804391 4.416158
v 104.559976 -3.707190 4.416157
v 92.309813 1.625231 4.416152
v 79.050825 9.840038 4.416150
v 73.862529 11.209173 4.416150
v 70.331606 9.984157 4.416150
v 67.233034 8.254726 4.416150
v 59.810890 10.992996 4.416151
v 51.163701 12.866550 4.416150
v 47.272500 12.578307 4.416150
v 38.537008 8.845442 4.416160
v 35.479515 10.567281 4.416173
v 26.937077 12.119006 4.416176
v 31.125057 21.027506 4.416174
v 21.085206 40.964215 4.416215
v 20.954272 42.273931 4.416215
v 16.323136 39.688227 4.416215
v 15.392683 40.854563 4.416215
vt 0.246001 0.914145
vt 0.211645 0.931779
vt 0.207175 0.901651
vt 0.240010 0.882666
vt 0.279158 0.811563
vt 0.226596 0.850840
vt 0.210492 0.827442
vt 0.196651 0.873198
vt 0.177960 0.849863
vt 0.243440 0.768754
vt 0.263566 0.768943
vt 0.288379 0.898728
vt 0.293040 0.800535
vt 0.353942 0.856462
vt 0.335882 0.863005
vt 0.280642 0.766947
vt 0.318419 0.896289
vt 0.338631 0.899375
vt 0.246001 0.914145
vt 0.211645 0.931779
vt 0.207175 0.901651
vt 0.240010 0.882666
vt 0.279158 0.811563
vt 0.226596 0.850840
vt 0.210492 0.827442
vt 0.196651 0.873198
vt 0.177960 0.849863
vt 0.243440 0.768754
vt 0.263566 0.768943
vt 0.288379 0.898728
vt 0.293040 0.800535
vt 0.353942 0.856462
vt 0.335882 0.863005
vt 0.280642 0.766947
vt 0.318419 0.896289
vt 0.338631 0.899375
vt 0.536866 0.710146
vt 0.557968 0.706605
vt 0.581689 0.705984
vt 0.557316 0.730334
vt 0.681096 0.668875
vt 0.680880 0.655516
vt 0.696102 0.655516
vt 0.612373 0.701465
vt 0.600448 0.697417
vt 0.618871 0.680015
vt 0.629233 0.686008
vt 0.593933 0.710800
vt 0.578894 0.717701
vt 0.785787 0.639878
vt 0.784341 0.637120
vt 0.796770 0.632433
vt 0.646091 0.675944
vt 0.639035 0.665423
vt 0.661496 0.656304
vt 0.665713 0.670104
vt 0.785219 0.630499
vt 0.767293 0.667339
vt 0.764351 0.650166
vt 0.766142 0.629951
vt 0.754869 0.681183
vt 0.748444 0.656017
vt 0.558398 0.673986
vt 0.738936 0.685531
vt 0.732477 0.658471
vt 0.713347 0.668589
vt 0.718780 0.682749
vt 0.742812 0.626457
vt 0.710810 0.656147
vt 0.721619 0.621430
vt 0.673211 0.620076
vt 0.701531 0.611153
vt 0.638096 0.631787
vt 0.596459 0.656290
vt 0.743686 0.692593
vt 0.724796 0.700161
vt 0.760284 0.684350
vt 0.774613 0.668719
vt 0.792014 0.641691
vt 0.785043 0.627764
vt 0.768855 0.621660
vt 0.746782 0.615953
vt 0.728548 0.609246
vt 0.711499 0.596463
vt 0.666935 0.602496
vt 0.696089 0.593354
vt 0.536866 0.710146
vt 0.557316 0.730334
vt 0.581689 0.705984
vt 0.557968 0.706605
vt 0.681096 0.668875
vt 0.696102 0.655516
vt 0.680880 0.655516
vt 0.612373 0.701465
vt 0.629233 0.686008
vt 0.618871 0.680015
vt 0.600448 0.697417
vt 0.593933 0.710800
vt 0.578894 0.717701
vt 0.785787 0.639878
vt 0.796770 0.632433
vt 0.784341 0.637120
vt 0.646091 0.675944
vt 0.665713 0.670104
vt 0.661496 0.656304
vt 0.639035 0.665423
vt 0.785219 0.630499
vt 0.767293 0.667339
vt 0.764351 0.650166
vt 0.766142 0.629951
vt 0.754869 0.681183
vt 0.748444 0.656017
vt 0.558398 0.673986
vt 0.738936 0.685531
vt 0.732477 0.658471
vt 0.713347 0.668589
vt 0.718780 0.682749
vt 0.742812 0.626457
vt 0.710810 0.656147
vt 0.721619 0.621430
vt 0.701531 0.611153
vt 0.673211 0.620076
vt 0.638096 0.631787
vt 0.596459 0.656290
vt 0.724796 0.700161
vt 0.743686 0.692593
vt 0.760284 0.684350
vt 0.774613 0.668719
vt 0.792014 0.641691
vt 0.785043 0.627764
vt 0.768855 0.621660
vt 0.746782 0.615953
vt 0.728548 0.609246
vt 0.711499 0.596463
vt 0.696089 0.593354
vt 0.666935 0.602496
vt 0.447926 0.812285
vt 0.448201 0.776373
vt 0.468339 0.777478
vt 0.465737 0.806359
vt 0.360769 0.731437
vt 0.368204 0.727685
vt 0.371886 0.747033
vt 0.357843 0.752741
vt 0.364904 0.708662
vt 0.368193 0.724951
vt 0.358427 0.728836
vt 0.351881 0.715191
vt 0.379655 0.699862
vt 0.382084 0.726464
vt 0.455158 0.753233
vt 0.474540 0.759056
vt 0.470335 0.731646
vt 0.464271 0.732858
vt 0.480773 0.710580
vt 0.381964 0.766982
vt 0.367583 0.771390
vt 0.385949 0.784140
vt 0.371236 0.786382
vt 0.413551 0.755122
vt 0.394277 0.763654
vt 0.386971 0.742643
vt 0.398989 0.735729
vt 0.391732 0.828102
vt 0.376949 0.830026
vt 0.421878 0.779135
vt 0.398345 0.782433
vt 0.425792 0.820703
vt 0.404024 0.826532
vt 0.344777 0.737266
vt 0.336605 0.725786
vt 0.347567 0.739858
vt 0.455835 0.698248
vt 0.438417 0.665395
vt 0.464753 0.662199
vt 0.470470 0.673993
vt 0.435491 0.777142
vt 0.437977 0.814031
vt 0.442753 0.752307
vt 0.392709 0.683786
vt 0.424464 0.666868
vt 0.407022 0.673156
vt 0.496400 0.035239
vt 0.496400 0.021268
vt 0.522656 0.021268
vt 0.522656 0.035239
vt 0.496400 0.065427
vt 0.522656 0.065427
vt 0.496400 0.096858
vt 0.522656 0.096857
vt 0.522656 0.141959
vt 0.496400 0.121825
vt 0.522656 0.121825
vt 0.447926 0.812285
vt 0.465737 0.806359
vt 0.468339 0.777478
vt 0.448201 0.776373
vt 0.360769 0.731437
vt 0.357843 0.752741
vt 0.371886 0.747033
vt 0.368204 0.727685
vt 0.364904 0.708662
vt 0.351881 0.715191
vt 0.358427 0.728836
vt 0.368193 0.724951
vt 0.379655 0.699862
vt 0.382084 0.726464
vt 0.474540 0.759056
vt 0.455158 0.753233
vt 0.470335 0.731646
vt 0.464271 0.732858
vt 0.480773 0.710580
vt 0.367583 0.771390
vt 0.381964 0.766982
vt 0.371236 0.786382
vt 0.385949 0.784140
vt 0.413551 0.755122
vt 0.398989 0.735729
vt 0.386971 0.742643
vt 0.394277 0.763654
vt 0.376949 0.830026
vt 0.391732 0.828102
vt 0.421878 0.779135
vt 0.398345 0.782433
vt 0.404024 0.826532
vt 0.425792 0.820703
vt 0.336605 0.725786
vt 0.344777 0.737266
vt 0.347567 0.739858
vt 0.455835 0.698248
vt 0.470470 0.673993
vt 0.464753 0.662199
vt 0.438417 0.665395
vt 0.437977 0.814031
vt 0.435491 0.777142
vt 0.442753 0.752307
vt 0.392709 0.683786
vt 0.424464 0.666868
vt 0.407022 0.673156
vt 0.496400 0.035239
vt 0.522656 0.035239
vt 0.522656 0.021268
vt 0.496400 0.021268
vt 0.496400 0.065427
vt 0.522656 0.065427
vt 0.496400 0.096858
vt 0.522656 0.096857
vt 0.522656 0.141959
vt 0.522656 0.121825
vt 0.496400 0.121825
vt 0.624205 0.842333
vt 0.619359 0.829655
vt 0.597825 0.853625
vt 0.606747 0.863586
vt 0.521788 0.928557
vt 0.567369 0.937159
vt 0.567049 0.921430
vt 0.535435 0.919233
vt 0.605425 0.922126
vt 0.595391 0.907356
vt 0.658724 0.871689
vt 0.653413 0.855875
vt 0.693399 0.875234
vt 0.704156 0.860933
vt 0.706033 0.912503
vt 0.717690 0.899291
vt 0.765751 0.964219
vt 0.761380 0.937418
vt 0.814887 0.928763
vt 0.797707 0.913981
vt 0.778843 0.871069
vt 0.760716 0.872164
vt 0.793048 0.836778
vt 0.774836 0.836746
vt 0.787607 0.801643
vt 0.770414 0.810044
vt 0.713814 0.766903
vt 0.724501 0.774356
vt 0.740430 0.764213
vt 0.745594 0.747487
vt 0.657607 0.829016
vt 0.704156 0.818940
vt 0.695214 0.809224
vt 0.654452 0.817570
vt 0.547210 0.878867
vt 0.537574 0.867983
vt 0.574090 0.877115
vt 0.569589 0.864591
vt 0.547575 0.084397
vt 0.530034 0.084397
vt 0.530034 0.128101
vt 0.547575 0.128101
vt 0.530034 0.167275
vt 0.547576 0.167275
vt 0.462080 0.021268
vt 0.444538 0.021268
vt 0.444538 0.058572
vt 0.462080 0.058572
vt 0.444538 0.097426
vt 0.462080 0.097426
vt 0.444538 0.188933
vt 0.462080 0.188933
vt 0.444538 0.246809
vt 0.462080 0.246809
vt 0.444538 0.310900
vt 0.462080 0.310900
vt 0.444538 0.349400
vt 0.462080 0.349400
vt 0.444538 0.385869
vt 0.462080 0.385869
vt 0.444538 0.456379
vt 0.462080 0.456379
vt 0.444538 0.491633
vt 0.462080 0.491633
vt 0.444538 0.537568
vt 0.462080 0.537568
vt 0.444538 0.580325
vt 0.462080 0.580325
vt 0.444538 0.620692
vt 0.462080 0.620692
vt 0.547575 0.021268
vt 0.530034 0.021268
vt 0.624205 0.842333
vt 0.606747 0.863586
vt 0.597825 0.853625
vt 0.619359 0.829655
vt 0.521788 0.928557
vt 0.535435 0.919233
vt 0.567049 0.921430
vt 0.567369 0.937159
vt 0.605425 0.922126
vt 0.595391 0.907356
vt 0.658724 0.871689
vt 0.653413 0.855875
vt 0.693399 0.875234
vt 0.704156 0.860933
vt 0.706033 0.912503
vt 0.717690 0.899291
vt 0.765751 0.964219
vt 0.761380 0.937418
vt 0.814887 0.928763
vt 0.797707 0.913981
vt 0.778843 0.871069
vt 0.760716 0.872164
vt 0.793048 0.836778
vt 0.774836 0.836746
vt 0.787607 0.801643
vt 0.770414 0.810044
vt 0.713814 0.766903
vt 0.745594 0.747487
vt 0.740430 0.764213
vt 0.724501 0.774356
vt 0.657607 0.829016
vt 0.654452 0.817570
vt 0.695214 0.809224
vt 0.704156 0.818940
vt 0.537574 0.867983
vt 0.547210 0.878867
vt 0.569589 0.864591
vt 0.574090 0.877115
vt 0.547575 0.084397
vt 0.547575 0.128101
vt 0.530034 0.128101
vt 0.530034 0.084397
vt 0.547576 0.167275
vt 0.530034 0.167275
vt 0.462080 0.021268
vt 0.462080 0.058572
vt 0.444538 0.058572
vt 0.444538 0.021268
vt 0.462080 0.097426
vt 0.444538 0.097426
vt 0.462080 0.188933
vt 0.444538 0.188933
vt 0.462080 0.246809
vt 0.444538 0.246809
vt 0.462080 0.310900
vt 0.444538 0.310900
vt 0.462080 0.349400
vt 0.444538 0.349400
vt 0.462080 0.385869
vt 0.444538 0.385869
vt 0.462080 0.456379
vt 0.444538 0.456379
vt 0.462080 0.491633
vt 0.444538 0.491633
vt 0.462080 0.537568
vt 0.444538 0.537568
vt 0.462080 0.580325
vt 0.444538 0.580325
vt 0.462080 0.620692
vt 0.444538 0.620692
vt 0.547575 0.021268
vt 0.530034 0.021268
vt 0.445718 0.878708
vt 0.432046 0.884552
vt 0.435713 0.896194
vt 0.452376 0.890355
vt 0.417713 0.896195
vt 0.417295 0.883645
vt 0.404120 0.882680
vt 0.400964 0.894238
vt 0.459413 0.872862
vt 0.468932 0.882634
vt 0.418108 0.911766
vt 0.397785 0.908770
vt 0.439414 0.910848
vt 0.450375 0.907546
vt 0.459057 0.904990
vt 0.478468 0.895409
vt 0.559067 0.138490
vt 0.567575 0.138490
vt 0.567575 0.113041
vt 0.559067 0.113041
vt 0.567576 0.088463
vt 0.559068 0.088463
vt 0.559068 0.043436
vt 0.567576 0.043437
vt 0.567576 0.021268
vt 0.559068 0.021268
vt 0.393966 0.934388
vt 0.416806 0.937620
vt 0.439952 0.925209
vt 0.440602 0.936772
vt 0.443552 0.914697
vt 0.567576 0.074078
vt 0.559068 0.074078
vt 0.559068 0.052733
vt 0.567576 0.052733
vt 0.559068 0.062845
vt 0.567576 0.062845
vt 0.445718 0.878708
vt 0.452376 0.890355
vt 0.435713 0.896194
vt 0.432046 0.884552
vt 0.417713 0.896195
vt 0.400964 0.894238
vt 0.404120 0.882680
vt 0.417295 0.883645
vt 0.459413 0.872862
vt 0.468932 0.882634
vt 0.418108 0.911766
vt 0.397785 0.908770
vt 0.439414 0.910848
vt 0.459057 0.904990
vt 0.450375 0.907546
vt 0.478468 0.895409
vt 0.559067 0.138490
vt 0.559067 0.113041
vt 0.567575 0.113041
vt 0.567575 0.138490
vt 0.559068 0.088463
vt 0.567576 0.088463
vt 0.559068 0.043436
vt 0.559068 0.021268
vt 0.567576 0.021268
vt 0.567576 0.043437
vt 0.416806 0.937620
vt 0.393966 0.934388
vt 0.439952 0.925209
vt 0.440602 0.936772
vt 0.443552 0.914697
vt 0.559068 0.074078
vt 0.567576 0.074078
vt 0.559068 0.052733
vt 0.567576 0.052733
vt 0.559068 0.062845
vt 0.567576 0.062845
vt 0.077131 0.251068
vt 0.069079 0.336295
vt 0.053404 0.332439
vt 0.061512 0.249461
vt 0.074680 0.068499
vt 0.074781 0.128713
vt 0.054771 0.136738
vt 0.068093 0.067086
vt 0.063542 0.458641
vt 0.044244 0.459642
vt 0.065175 0.591657
vt 0.044630 0.598123
vt 0.078252 0.856295
vt 0.059451 0.837976
vt 0.079751 0.824982
vt 0.071190 0.949898
vt 0.045595 0.971296
vt 0.030987 0.928117
vt 0.052913 0.927508
vt 0.041838 0.904563
vt 0.065205 0.904408
vt 0.082812 0.909630
vt 0.088488 0.932648
vt 0.081568 0.885069
vt 0.074110 0.883842
vt 0.051840 0.878756
vt 0.081538 0.774095
vt 0.065048 0.769101
vt 0.065570 0.763730
vt 0.080704 0.754553
vt 0.065284 0.649411
vt 0.052638 0.686358
vt 0.038984 0.696247
vt 0.096400 0.825728
vt 0.086099 0.856348
vt 0.072879 0.589317
vt 0.078020 0.635916
vt 0.082760 0.067845
vt 0.094525 0.117820
vt 0.082855 0.171667
vt 0.094686 0.206500
vt 0.059787 0.195315
vt 0.104471 0.154499
vt 0.114257 0.186030
vt 0.074848 0.033316
vt 0.070095 0.715888
vt 0.053010 0.721300
vt 0.046923 0.709818
vt 0.062859 0.701728
vt 0.060023 0.738923
vt 0.077233 0.735754
vt 0.077503 0.785886
vt 0.064632 0.779353
vt 0.070980 0.792360
vt 0.063634 0.793997
vt 0.078718 0.806081
vt 0.104190 0.729716
vt 0.061533 0.816332
vt 0.116007 0.688055
vt 0.101448 0.695565
vt 0.113933 0.804993
vt 0.131105 0.812286
vt 0.114432 0.830938
vt 0.108638 0.767926
vt 0.124817 0.765292
vt 0.102272 0.857423
vt 0.097577 0.887076
vt 0.100221 0.913976
vt 0.104465 0.939718
vt 0.076528 0.963388
vt 0.049585 0.978091
vt 0.119991 0.725401
vt 0.080838 0.973939
vt 0.110624 0.951921
vt 0.112968 0.913413
vt 0.117824 0.938508
vt 0.110219 0.888243
vt 0.114049 0.861088
vt 0.124977 0.837336
vt 0.140383 0.819438
vt 0.136178 0.763674
vt 0.142986 0.810487
vt 0.087254 0.632141
vt 0.124484 0.682143
vt 0.082276 0.588604
vt 0.079774 0.458654
vt 0.083077 0.337194
vt 0.090748 0.254816
vt 0.115504 0.214743
vt 0.126509 0.686732
vt 0.130925 0.723967
vt 0.077131 0.251068
vt 0.061512 0.249461
vt 0.053404 0.332439
vt 0.069079 0.336295
vt 0.074680 0.068499
vt 0.068093 0.067086
vt 0.054771 0.136738
vt 0.074781 0.128713
vt 0.044244 0.459642
vt 0.063542 0.458641
vt 0.044630 0.598123
vt 0.065175 0.591657
vt 0.078252 0.856295
vt 0.079751 0.824982
vt 0.059451 0.837976
vt 0.071190 0.949898
vt 0.052913 0.927508
vt 0.030987 0.928117
vt 0.045595 0.971296
vt 0.065205 0.904408
vt 0.041838 0.904563
vt 0.082812 0.909630
vt 0.088488 0.932648
vt 0.081568 0.885069
vt 0.074110 0.883842
vt 0.051840 0.878756
vt 0.081538 0.774095
vt 0.080704 0.754553
vt 0.065570 0.763730
vt 0.065048 0.769101
vt 0.065284 0.649411
vt 0.038984 0.696247
vt 0.052638 0.686358
vt 0.086099 0.856348
vt 0.096400 0.825728
vt 0.072879 0.589317
vt 0.078020 0.635916
vt 0.082760 0.067845
vt 0.094525 0.117820
vt 0.082855 0.171667
vt 0.059787 0.195315
vt 0.094686 0.206500
vt 0.104471 0.154499
vt 0.114257 0.186030
vt 0.074848 0.033316
vt 0.070095 0.715888
vt 0.062859 0.701728
vt 0.046923 0.709818
vt 0.053010 0.721300
vt 0.077233 0.735754
vt 0.060023 0.738923
vt 0.077503 0.785886
vt 0.064632 0.779353
vt 0.063634 0.793997
vt 0.070980 0.792360
vt 0.078718 0.806081
vt 0.104190 0.729716
vt 0.061533 0.816332
vt 0.101448 0.695565
vt 0.116007 0.688055
vt 0.114432 0.830938
vt 0.131105 0.812286
vt 0.113933 0.804993
vt 0.124817 0.765292
vt 0.108638 0.767926
vt 0.102272 0.857423
vt 0.097577 0.887076
vt 0.100221 0.913976
vt 0.104465 0.939718
vt 0.076528 0.963388
vt 0.049585 0.978091
vt 0.119991 0.725401
vt 0.080838 0.973939
vt 0.110624 0.951921
vt 0.117824 0.938508
vt 0.112968 0.913413
vt 0.110219 0.888243
vt 0.114049 0.861088
vt 0.124977 0.837336
vt 0.140383 0.819438
vt 0.142986 0.810487
vt 0.136178 0.763674
vt 0.124484 0.682143
vt 0.087254 0.632141
vt 0.082276 0.588604
vt 0.079774 0.458654
vt 0.083077 0.337194
vt 0.090748 0.254816
vt 0.115504 0.214743
vt 0.130925 0.723967
vt 0.126509 0.686732
vt 0.247119 0.114460
vt 0.199629 0.087043
vt 0.227048 0.134532
vt 0.199629 0.141879
vt 0.172211 0.134532
vt 0.152140 0.114460
vt 0.144794 0.087042
vt 0.152140 0.059624
vt 0.172212 0.039553
vt 0.199629 0.032207
vt 0.227047 0.039553
vt 0.247118 0.059624
vt 0.254465 0.087042
vt 0.487534 0.021268
vt 0.470716 0.021268
vt 0.470716 0.051846
vt 0.487534 0.051846
vt 0.487533 0.265895
vt 0.470716 0.265895
vt 0.470715 0.296474
vt 0.487533 0.296474
vt 0.487533 0.235317
vt 0.470716 0.235317
vt 0.487533 0.204738
vt 0.470716 0.204738
vt 0.487534 0.174160
vt 0.470716 0.174160
vt 0.487534 0.143582
vt 0.470716 0.143582
vt 0.487534 0.113003
vt 0.470716 0.113003
vt 0.487534 0.082425
vt 0.470716 0.082424
vt 0.200158 0.154098
vt 0.166559 0.145378
vt 0.233615 0.144849
vt 0.257965 0.120111
vt 0.266684 0.086513
vt 0.257435 0.053057
vt 0.232698 0.028707
vt 0.199101 0.019988
vt 0.165645 0.029236
vt 0.141295 0.053973
vt 0.132575 0.087570
vt 0.141822 0.121027
vt 0.247119 0.114460
vt 0.227048 0.134532
vt 0.199629 0.087043
vt 0.199629 0.141879
vt 0.172211 0.134532
vt 0.152140 0.114460
vt 0.144794 0.087042
vt 0.152140 0.059624
vt 0.172212 0.039553
vt 0.199629 0.032207
vt 0.227047 0.039553
vt 0.247118 0.059624
vt 0.254465 0.087042
vt 0.487534 0.021268
vt 0.487534 0.051846
vt 0.470716 0.051846
vt 0.470716 0.021268
vt 0.487533 0.265895
vt 0.487533 0.296474
vt 0.470715 0.296474
vt 0.470716 0.265895
vt 0.487533 0.235317
vt 0.470716 0.235317
vt 0.487533 0.204738
vt 0.470716 0.204738
vt 0.487534 0.174160
vt 0.470716 0.174160
vt 0.487534 0.143582
vt 0.470716 0.143582
vt 0.487534 0.113003
vt 0.470716 0.113003
vt 0.487534 0.082425
vt 0.470716 0.082424
vt 0.200158 0.154098
vt 0.166559 0.145378
vt 0.233615 0.144849
vt 0.257965 0.120111
vt 0.266684 0.086513
vt 0.257435 0.053057
vt 0.232698 0.028707
vt 0.199101 0.019988
vt 0.165645 0.029236
vt 0.141295 0.053973
vt 0.132575 0.087570
vt 0.141822 0.121027
vt 0.357981 0.101139
vt 0.341364 0.057657
vt 0.382383 0.041226
vt 0.374602 0.085033
vt 0.415380 0.035713
vt 0.408757 0.117335
vt 0.385459 0.083531
vt 0.391311 0.110656
vt 0.349772 0.158329
vt 0.334316 0.138488
vt 0.372050 0.121623
vt 0.298265 0.127750
vt 0.322504 0.245609
vt 0.298209 0.241429
vt 0.303454 0.344211
vt 0.284728 0.314691
vt 0.316725 0.344518
vt 0.288011 0.422042
vt 0.273320 0.427550
vt 0.273896 0.397538
vt 0.289693 0.398200
vt 0.246952 0.254904
vt 0.292408 0.438570
vt 0.278770 0.445946
vt 0.308140 0.459186
vt 0.294103 0.464586
vt 0.306743 0.549308
vt 0.292981 0.551487
vt 0.291910 0.502606
vt 0.306848 0.502759
vt 0.311521 0.565644
vt 0.298040 0.572763
vt 0.343930 0.616447
vt 0.327561 0.619430
vt 0.334495 0.640180
vt 0.320853 0.637530
vt 0.335084 0.678302
vt 0.320763 0.682989
vt 0.236803 0.553988
vt 0.238485 0.511311
vt 0.211115 0.399510
vt 0.203327 0.452713
vt 0.232470 0.599913
vt 0.180140 0.689158
vt 0.192617 0.688886
vt 0.177549 0.713372
vt 0.171197 0.710108
vt 0.267888 0.697514
vt 0.299794 0.694126
vt 0.277403 0.720057
vt 0.274001 0.667679
vt 0.225824 0.659990
vt 0.244656 0.679537
vt 0.218677 0.677354
vt 0.196854 0.669129
vt 0.174013 0.740117
vt 0.169739 0.742023
vt 0.185237 0.764519
vt 0.181940 0.770587
vt 0.357981 0.101139
vt 0.374602 0.085033
vt 0.382383 0.041226
vt 0.341364 0.057657
vt 0.415380 0.035713
vt 0.385459 0.083531
vt 0.408757 0.117335
vt 0.391311 0.110656
vt 0.349772 0.158329
vt 0.372050 0.121623
vt 0.334316 0.138488
vt 0.298265 0.127750
vt 0.322504 0.245609
vt 0.298209 0.241429
vt 0.303454 0.344211
vt 0.316725 0.344518
vt 0.284728 0.314691
vt 0.288011 0.422042
vt 0.289693 0.398200
vt 0.273896 0.397538
vt 0.273320 0.427550
vt 0.246952 0.254904
vt 0.292408 0.438570
vt 0.278770 0.445946
vt 0.308140 0.459186
vt 0.294103 0.464586
vt 0.306743 0.549308
vt 0.306848 0.502759
vt 0.291910 0.502606
vt 0.292981 0.551487
vt 0.311521 0.565644
vt 0.298040 0.572763
vt 0.343930 0.616447
vt 0.327561 0.619430
vt 0.334495 0.640180
vt 0.320853 0.637530
vt 0.335084 0.678302
vt 0.320763 0.682989
vt 0.238485 0.511311
vt 0.236803 0.553988
vt 0.211115 0.399510
vt 0.203327 0.452713
vt 0.232470 0.599913
vt 0.180140 0.689158
vt 0.171197 0.710108
vt 0.177549 0.713372
vt 0.192617 0.688886
vt 0.267888 0.697514
vt 0.277403 0.720057
vt 0.299794 0.694126
vt 0.274001 0.667679
vt 0.225824 0.659990
vt 0.218677 0.677354
vt 0.244656 0.679537
vt 0.196854 0.669129
vt 0.169739 0.742023
vt 0.174013 0.740117
vt 0.181940 0.770587
vt 0.185237 0.764519
vt 0.246001 0.914145
vt 0.240010 0.882666
vt 0.207175 0.901651
vt 0.211645 0.931779
vt 0.279158 0.811563
vt 0.210492 0.827442
vt 0.226596 0.850840
vt 0.196651 0.873198
vt 0.177960 0.849863
vt 0.263566 0.768943
vt 0.243440 0.768754
vt 0.288379 0.898728
vt 0.293040 0.800535
vt 0.335882 0.863005
vt 0.353942 0.856462
vt 0.280642 0.766947
vt 0.318419 0.896289
vt 0.338631 0.899375
vt 0.246001 0.914145
vt 0.211645 0.931779
vt 0.207175 0.901651
vt 0.240010 0.882666
vt 0.279158 0.811563
vt 0.226596 0.850840
vt 0.210492 0.827442
vt 0.196651 0.873198
vt 0.177960 0.849863
vt 0.243440 0.768754
vt 0.263566 0.768943
vt 0.288379 0.898728
vt 0.293040 0.800535
vt 0.353942 0.856462
vt 0.335882 0.863005
vt 0.280642 0.766947
vt 0.318419 0.896289
vt 0.338631 0.899375
vt 0.536866 0.710146
vt 0.557968 0.706605
vt 0.581689 0.705984
vt 0.557316 0.730334
vt 0.681096 0.668875
vt 0.680880 0.655516
vt 0.696102 0.655516
vt 0.612373 0.701465
vt 0.600448 0.697417
vt 0.618871 0.680015
vt 0.629233 0.686008
vt 0.593933 0.710800
vt 0.578894 0.717701
vt 0.785787 0.639878
vt 0.784341 0.637120
vt 0.796770 0.632433
vt 0.646091 0.675944
vt 0.639035 0.665423
vt 0.661496 0.656304
vt 0.665713 0.670104
vt 0.785219 0.630499
vt 0.767293 0.667339
vt 0.764351 0.650166
vt 0.766142 0.629951
vt 0.754869 0.681183
vt 0.748444 0.656017
vt 0.558398 0.673986
vt 0.738936 0.685531
vt 0.732477 0.658471
vt 0.713347 0.668589
vt 0.718780 0.682749
vt 0.742812 0.626457
vt 0.710810 0.656147
vt 0.721619 0.621430
vt 0.673211 0.620076
vt 0.701531 0.611153
vt 0.638096 0.631787
vt 0.596459 0.656290
vt 0.743686 0.692593
vt 0.724796 0.700161
vt 0.760284 0.684350
vt 0.774613 0.668719
vt 0.792014 0.641691
vt 0.785043 0.627764
vt 0.768855 0.621660
vt 0.746782 0.615953
vt 0.728548 0.609246
vt 0.711499 0.596463
vt 0.666935 0.602496
vt 0.696089 0.593354
vt 0.536866 0.710146
vt 0.557316 0.730334
vt 0.581689 0.705984
vt 0.557968 0.706605
vt 0.681096 0.668875
vt 0.696102 0.655516
vt 0.680880 0.655516
vt 0.612373 0.701465
vt 0.629233 0.686008
vt 0.618871 0.680015
vt 0.600448 0.697417
vt 0.593933 0.710800
vt 0.578894 0.717701
vt 0.785787 0.639878
vt 0.796770 0.632433
vt 0.784341 0.637120
vt 0.646091 0.675944
vt 0.665713 0.670104
vt 0.661496 0.656304
vt 0.639035 0.665423
vt 0.785219 0.630499
vt 0.767293 0.667339
vt 0.764351 0.650166
vt 0.766142 0.629951
vt 0.754869 0.681183
vt 0.748444 0.656017
vt 0.558398 0.673986
vt 0.738936 0.685531
vt 0.732477 0.658471
vt 0.713347 0.668589
vt 0.718780 0.682749
vt 0.742812 0.626457
vt 0.710810 0.656147
vt 0.721619 0.621430
vt 0.701531 0.611153
vt 0.673211 0.620076
vt 0.638096 0.631787
vt 0.596459 0.656290
vt 0.724796 0.700161
vt 0.743686 0.692593
vt 0.760284 0.684350
vt 0.774613 0.668719
vt 0.792014 0.641691
vt 0.785043 0.627764
vt 0.768855 0.621660
vt 0.746782 0.615953
vt 0.728548 0.609246
vt 0.711499 0.596463
vt 0.696089 0.593354
vt 0.666935 0.602496
vt 0.447926 0.812285
vt 0.448201 0.776373
vt 0.468339 0.777478
vt 0.465737 0.806359
vt 0.360769 0.731437
vt 0.368204 0.727685
vt 0.371886 0.747033
vt 0.357843 0.752741
vt 0.364904 0.708662
vt 0.368193 0.724951
vt 0.358427 0.728836
vt 0.351881 0.715191
vt 0.379655 0.699862
vt 0.382084 0.726464
vt 0.455158 0.753233
vt 0.474540 0.759056
vt 0.470335 0.731646
vt 0.464271 0.732858
vt 0.480773 0.710580
vt 0.381964 0.766982
vt 0.367583 0.771390
vt 0.385949 0.784140
vt 0.371236 0.786382
vt 0.413551 0.755122
vt 0.394277 0.763654
vt 0.386971 0.742643
vt 0.398989 0.735729
vt 0.391732 0.828102
vt 0.376949 0.830026
vt 0.421878 0.779135
vt 0.398345 0.782433
vt 0.425792 0.820703
vt 0.404024 0.826532
vt 0.344777 0.737266
vt 0.336605 0.725786
vt 0.347567 0.739858
vt 0.455835 0.698248
vt 0.438417 0.665395
vt 0.464753 0.662199
vt 0.470470 0.673993
vt 0.435491 0.777142
vt 0.437977 0.814031
vt 0.442753 0.752307
vt 0.392709 0.683786
vt 0.424464 0.666868
vt 0.407022 0.673156
vt 0.496400 0.035239
vt 0.496400 0.021268
vt 0.522656 0.021268
vt 0.522656 0.035239
vt 0.496400 0.065427
vt 0.522656 0.065427
vt 0.496400 0.096858
vt 0.522656 0.096857
vt 0.522656 0.141959
vt 0.496400 0.121825
vt 0.522656 0.121825
vt 0.447926 0.812285
vt 0.465737 0.806359
vt 0.468339 0.777478
vt 0.448201 0.776373
vt 0.360769 0.731437
vt 0.357843 0.752741
vt 0.371886 0.747033
vt 0.368204 0.727685
vt 0.364904 0.708662
vt 0.351881 0.715191
vt 0.358427 0.728836
vt 0.368193 0.724951
vt 0.379655 0.699862
vt 0.382084 0.726464
vt 0.474540 0.759056
vt 0.455158 0.753233
vt 0.470335 0.731646
vt 0.464271 0.732858
vt 0.480773 0.710580
vt 0.367583 0.771390
vt 0.381964 0.766982
vt 0.371236 0.786382
vt 0.385949 0.784140
vt 0.413551 0.755122
vt 0.398989 0.735729
vt 0.386971 0.742643
vt 0.394277 0.763654
vt 0.376949 0.830026
vt 0.391732 0.828102
vt 0.421878 0.779135
vt 0.398345 0.782433
vt 0.404024 0.826532
vt 0.425792 0.820703
vt 0.336605 0.725786
vt 0.344777 0.737266
vt 0.347567 0.739858
vt 0.455835 0.698248
vt 0.470470 0.673993
vt 0.464753 0.662199
vt 0.438417 0.665395
vt 0.437977 0.814031
vt 0.435491 0.777142
vt 0.442753 0.752307
vt 0.392709 0.683786
vt 0.424464 0.666868
vt 0.407022 0.673156
vt 0.496400 0.035239
vt 0.522656 0.035239
vt 0.522656 0.021268
vt 0.496400 0.021268
vt 0.496400 0.065427
vt 0.522656 0.065427
vt 0.496400 0.096858
vt 0.522656 0.096857
vt 0.522656 0.141959
vt 0.522656 0.121825
vt 0.496400 0.121825
vt 0.624205 0.842333
vt 0.619359 0.829655
vt 0.597825 0.853625
vt 0.606747 0.863586
vt 0.521788 0.928557
vt 0.567369 0.937159
vt 0.567049 0.921430
vt 0.535435 0.919233
vt 0.605425 0.922126
vt 0.595391 0.907356
vt 0.658724 0.871689
vt 0.653413 0.855875
vt 0.693399 0.875234
vt 0.704156 0.860933
vt 0.706033 0.912503
vt 0.717690 0.899291
vt 0.765751 0.964219
vt 0.761380 0.937418
vt 0.814887 0.928763
vt 0.797707 0.913981
vt 0.778843 0.871069
vt 0.760716 0.872164
vt 0.793048 0.836778
vt 0.774836 0.836746
vt 0.787607 0.801643
vt 0.770414 0.810044
vt 0.713814 0.766903
vt 0.724501 0.774356
vt 0.740430 0.764213
vt 0.745594 0.747487
vt 0.657607 0.829016
vt 0.704156 0.818940
vt 0.695214 0.809224
vt 0.654452 0.817570
vt 0.547210 0.878867
vt 0.537574 0.867983
vt 0.574090 0.877115
vt 0.569589 0.864591
vt 0.547575 0.084397
vt 0.530034 0.084397
vt 0.530034 0.128101
vt 0.547575 0.128101
vt 0.530034 0.167275
vt 0.547576 0.167275
vt 0.462080 0.021268
vt 0.444538 0.021268
vt 0.444538 0.058572
vt 0.462080 0.058572
vt 0.444538 0.097426
vt 0.462080 0.097426
vt 0.444538 0.188933
vt 0.462080 0.188933
vt 0.444538 0.246809
vt 0.462080 0.246809
vt 0.444538 0.310900
vt 0.462080 0.310900
vt 0.444538 0.349400
vt 0.462080 0.349400
vt 0.444538 0.385869
vt 0.462080 0.385869
vt 0.444538 0.456379
vt 0.462080 0.456379
vt 0.444538 0.491633
vt 0.462080 0.491633
vt 0.444538 0.537568
vt 0.462080 0.537568
vt 0.444538 0.580325
vt 0.462080 0.580325
vt 0.444538 0.620692
vt 0.462080 0.620692
vt 0.547575 0.021268
vt 0.530034 0.021268
vt 0.624205 0.842333
vt 0.606747 0.863586
vt 0.597825 0.853625
vt 0.619359 0.829655
vt 0.521788 0.928557
vt 0.535435 0.919233
vt 0.567049 0.921430
vt 0.567369 0.937159
vt 0.605425 0.922126
vt 0.595391 0.907356
vt 0.658724 0.871689
vt 0.653413 0.855875
vt 0.693399 0.875234
vt 0.704156 0.860933
vt 0.706033 0.912503
vt 0.717690 0.899291
vt 0.765751 0.964219
vt 0.761380 0.937418
vt 0.814887 0.928763
vt 0.797707 0.913981
vt 0.778843 0.871069
vt 0.760716 0.872164
vt 0.793048 0.836778
vt 0.774836 0.836746
vt 0.787607 0.801643
vt 0.770414 0.810044
vt 0.713814 0.766903
vt 0.745594 0.747487
vt 0.740430 0.764213
vt 0.724501 0.774356
vt 0.657607 0.829016
vt 0.654452 0.817570
vt 0.695214 0.809224
vt 0.704156 0.818940
vt 0.537574 0.867983
vt 0.547210 0.878867
vt 0.569589 0.864591
vt 0.574090 0.877115
vt 0.547575 0.084397
vt 0.547575 0.128101
vt 0.530034 0.128101
vt 0.530034 0.084397
vt 0.547576 0.167275
vt 0.530034 0.167275
vt 0.462080 0.021268
vt 0.462080 0.058572
vt 0.444538 0.058572
vt 0.444538 0.021268
vt 0.462080 0.097426
vt 0.444538 0.097426
vt 0.462080 0.188933
vt 0.444538 0.188933
vt 0.462080 0.246809
vt 0.444538 0.246809
vt 0.462080 0.310900
vt 0.444538 0.310900
vt 0.462080 0.349400
vt 0.444538 0.349400
vt 0.462080 0.385869
vt 0.444538 0.385869
vt 0.462080 0.456379
vt 0.444538 0.456379
vt 0.462080 0.491633
vt 0.444538 0.491633
vt 0.462080 0.537568
vt 0.444538 0.537568
vt 0.462080 0.580325
vt 0.444538 0.580325
vt 0.462080 0.620692
vt 0.444538 0.620692
vt 0.547575 0.021268
vt 0.530034 0.021268
vt 0.445718 0.878708
vt 0.432046 0.884552
vt 0.435713 0.896194
vt 0.452376 0.890355
vt 0.417713 0.896195
vt 0.417295 0.883645
vt 0.404120 0.882680
vt 0.400964 0.894238
vt 0.459413 0.872862
vt 0.468932 0.882634
vt 0.418108 0.911766
vt 0.397785 0.908770
vt 0.439414 0.910848
vt 0.450375 0.907546
vt 0.459057 0.904990
vt 0.478468 0.895409
vt 0.559067 0.138490
vt 0.567575 0.138490
vt 0.567575 0.113041
vt 0.559067 0.113041
vt 0.567576 0.088463
vt 0.559068 0.088463
vt 0.559068 0.043436
vt 0.567576 0.043437
vt 0.567576 0.021268
vt 0.559068 0.021268
vt 0.393966 0.934388
vt 0.416806 0.937620
vt 0.439952 0.925209
vt 0.440602 0.936772
vt 0.443552 0.914697
vt 0.567576 0.074078
vt 0.559068 0.074078
vt 0.559068 0.052733
vt 0.567576 0.052733
vt 0.559068 0.062845
vt 0.567576 0.062845
vt 0.445718 0.878708
vt 0.452376 0.890355
vt 0.435713 0.896194
vt 0.432046 0.884552
vt 0.417713 0.896195
vt 0.400964 0.894238
vt 0.404120 0.882680
vt 0.417295 0.883645
vt 0.459413 0.872862
vt 0.468932 0.882634
vt 0.418108 0.911766
vt 0.397785 0.908770
vt 0.439414 0.910848
vt 0.459057 0.904990
vt 0.450375 0.907546
vt 0.478468 0.895409
vt 0.559067 0.138490
vt 0.559067 0.113041
vt 0.567575 0.113041
vt 0.567575 0.138490
vt 0.559068 0.088463
vt 0.567576 0.088463
vt 0.559068 0.043436
vt 0.559068 0.021268
vt 0.567576 0.021268
vt 0.567576 0.043437
vt 0.416806 0.937620
vt 0.393966 0.934388
vt 0.439952 0.925209
vt 0.440602 0.936772
vt 0.443552 0.914697
vt 0.559068 0.074078
vt 0.567576 0.074078
vt 0.559068 0.052733
vt 0.567576 0.052733
vt 0.559068 0.062845
vt 0.567576 0.062845
vt 0.077131 0.251068
vt 0.069079 0.336295
vt 0.053404 0.332439
vt 0.061512 0.249461
vt 0.074680 0.068499
vt 0.074781 0.128713
vt 0.054771 0.136738
vt 0.068093 0.067086
vt 0.063542 0.458641
vt 0.044244 0.459642
vt 0.065175 0.591657
vt 0.044630 0.598123
vt 0.078252 0.856295
vt 0.059451 0.837976
vt 0.079751 0.824982
vt 0.071190 0.949898
vt 0.045595 0.971296
vt 0.030987 0.928117
vt 0.052913 0.927508
vt 0.041838 0.904563
vt 0.065205 0.904408
vt 0.082812 0.909630
vt 0.088488 0.932648
vt 0.081568 0.885069
vt 0.074110 0.883842
vt 0.051840 0.878756
vt 0.081538 0.774095
vt 0.065048 0.769101
vt 0.065570 0.763730
vt 0.080704 0.754553
vt 0.065284 0.649411
vt 0.052638 0.686358
vt 0.038984 0.696247
vt 0.096400 0.825728
vt 0.086099 0.856348
vt 0.072879 0.589317
vt 0.078020 0.635916
vt 0.082760 0.067845
vt 0.094525 0.117820
vt 0.082855 0.171667
vt 0.094686 0.206500
vt 0.059787 0.195315
vt 0.104471 0.154499
vt 0.114257 0.186030
vt 0.074848 0.033316
vt 0.070095 0.715888
vt 0.053010 0.721300
vt 0.046923 0.709818
vt 0.062859 0.701728
vt 0.060023 0.738923
vt 0.077233 0.735754
vt 0.077503 0.785886
vt 0.064632 0.779353
vt 0.070980 0.792360
vt 0.063634 0.793997
vt 0.078718 0.806081
vt 0.104190 0.729716
vt 0.061533 0.816332
vt 0.116007 0.688055
vt 0.101448 0.695565
vt 0.113933 0.804993
vt 0.131105 0.812286
vt 0.114432 0.830938
vt 0.108638 0.767926
vt 0.124817 0.765292
vt 0.102272 0.857423
vt 0.097577 0.887076
vt 0.100221 0.913976
vt 0.104465 0.939718
vt 0.076528 0.963388
vt 0.049585 0.978091
vt 0.119991 0.725401
vt 0.080838 0.973939
vt 0.110624 0.951921
vt 0.112968 0.913413
vt 0.117824 0.938508
vt 0.110219 0.888243
vt 0.114049 0.861088
vt 0.124977 0.837336
vt 0.140383 0.819438
vt 0.136178 0.763674
vt 0.142986 0.810487
vt 0.087254 0.632141
vt 0.124484 0.682143
vt 0.082276 0.588604
vt 0.079774 0.458654
vt 0.083077 0.337194
vt 0.090748 0.254816
vt 0.115504 0.214743
vt 0.126509 0.686732
vt 0.130925 0.723967
vt 0.077131 0.251068
vt 0.061512 0.249461
vt 0.053404 0.332439
vt 0.069079 0.336295
vt 0.074680 0.068499
vt 0.068093 0.067086
vt 0.054771 0.136738
vt 0.074781 0.128713
vt 0.044244 0.459642
vt 0.063542 0.458641
vt 0.044630 0.598123
vt 0.065175 0.591657
vt 0.078252 0.856295
vt 0.079751 0.824982
vt 0.059451 0.837976
vt 0.071190 0.949898
vt 0.052913 0.927508
vt 0.030987 0.928117
vt 0.045595 0.971296
vt 0.065205 0.904408
vt 0.041838 0.904563
vt 0.082812 0.909630
vt 0.088488 0.932648
vt 0.081568 0.885069
vt 0.074110 0.883842
vt 0.051840 0.878756
vt 0.081538 0.774095
vt 0.080704 0.754553
vt 0.065570 0.763730
vt 0.065048 0.769101
vt 0.065284 0.649411
vt 0.038984 0.696247
vt 0.052638 0.686358
vt 0.086099 0.856348
vt 0.096400 0.825728
vt 0.072879 0.589317
vt 0.078020 0.635916
vt 0.082760 0.067845
vt 0.094525 0.117820
vt 0.082855 0.171667
vt 0.059787 0.195315
vt 0.094686 0.206500
vt 0.104471 0.154499
vt 0.114257 0.186030
vt 0.074848 0.033316
vt 0.070095 0.715888
vt 0.062859 0.701728
vt 0.046923 0.709818
vt 0.053010 0.721300
vt 0.077233 0.735754
vt 0.060023 0.738923
vt 0.077503 0.785886
vt 0.064632 0.779353
vt 0.063634 0.793997
vt 0.070980 0.792360
vt 0.078718 0.806081
vt 0.104190 0.729716
vt 0.061533 0.816332
vt 0.101448 0.695565
vt 0.116007 0.688055
vt 0.114432 0.830938
vt 0.131105 0.812286
vt 0.113933 0.804993
vt 0.124817 0.765292
vt 0.108638 0.767926
vt 0.102272 0.857423
vt 0.097577 0.887076
vt 0.100221 0.913976
vt 0.104465 0.939718
vt 0.076528 0.963388
vt 0.049585 0.978091
vt 0.119991 0.725401
vt 0.080838 0.973939
vt 0.110624 0.951921
vt 0.117824 0.938508
vt 0.112968 0.913413
vt 0.110219 0.888243
vt 0.114049 0.861088
vt 0.124977 0.837336
vt 0.140383 0.819438
vt 0.142986 0.810487
vt 0.136178 0.763674
vt 0.124484 0.682143
vt 0.087254 0.632141
vt 0.082276 0.588604
vt 0.079774 0.458654
vt 0.083077 0.337194
vt 0.090748 0.254816
vt 0.115504 0.214743
vt 0.130925 0.723967
vt 0.126509 0.686732
vt 0.247119 0.114460
vt 0.199629 0.087043
vt 0.227048 0.134532
vt 0.199629 0.141879
vt 0.172211 0.134532
vt 0.152140 0.114460
vt 0.144794 0.087042
vt 0.152140 0.059624
vt 0.172212 0.039553
vt 0.199629 0.032207
vt 0.227047 0.039553
vt 0.247118 0.059624
vt 0.254465 0.087042
vt 0.487534 0.021268
vt 0.470716 0.021268
vt 0.470716 0.051846
vt 0.487534 0.051846
vt 0.487533 0.265895
vt 0.470716 0.265895
vt 0.470715 0.296474
vt 0.487533 0.296474
vt 0.487533 0.235317
vt 0.470716 0.235317
vt 0.487533 0.204738
vt 0.470716 0.204738
vt 0.487534 0.174160
vt 0.470716 0.174160
vt 0.487534 0.143582
vt 0.470716 0.143582
vt 0.487534 0.113003
vt 0.470716 0.113003
vt 0.487534 0.082425
vt 0.470716 0.082424
vt 0.200158 0.154098
vt 0.166559 0.145378
vt 0.233615 0.144849
vt 0.257965 0.120111
vt 0.266684 0.086513
vt 0.257435 0.053057
vt 0.232698 0.028707
vt 0.199101 0.019988
vt 0.165645 0.029236
vt 0.141295 0.053973
vt 0.132575 0.087570
vt 0.141822 0.121027
vt 0.247119 0.114460
vt 0.227048 0.134532
vt 0.199629 0.087043
vt 0.199629 0.141879
vt 0.172211 0.134532
vt 0.152140 0.114460
vt 0.144794 0.087042
vt 0.152140 0.059624
vt 0.172212 0.039553
vt 0.199629 0.032207
vt 0.227047 0.039553
vt 0.247118 0.059624
vt 0.254465 0.087042
vt 0.487534 0.021268
vt 0.487534 0.051846
vt 0.470716 0.051846
vt 0.470716 0.021268
vt 0.487533 0.265895
vt 0.487533 0.296474
vt 0.470715 0.296474
vt 0.470716 0.265895
vt 0.487533 0.235317
vt 0.470716 0.235317
vt 0.487533 0.204738
vt 0.470716 0.204738
vt 0.487534 0.174160
vt 0.470716 0.174160
vt 0.487534 0.143582
vt 0.470716 0.143582
vt 0.487534 0.113003
vt 0.470716 0.113003
vt 0.487534 0.082425
vt 0.470716 0.082424
vt 0.200158 0.154098
vt 0.166559 0.145378
vt 0.233615 0.144849
vt 0.257965 0.120111
vt 0.266684 0.086513
vt 0.257435 0.053057
vt 0.232698 0.028707
vt 0.199101 0.019988
vt 0.165645 0.029236
vt 0.141295 0.053973
vt 0.132575 0.087570
vt 0.141822 0.121027
vt 0.357981 0.101139
vt 0.341364 0.057657
vt 0.382383 0.041226
vt 0.374602 0.085033
vt 0.415380 0.035713
vt 0.408757 0.117335
vt 0.385459 0.083531
vt 0.391311 0.110656
vt 0.349772 0.158329
vt 0.334316 0.138488
vt 0.372050 0.121623
vt 0.298265 0.127750
vt 0.322504 0.245609
vt 0.298209 0.241429
vt 0.303454 0.344211
vt 0.284728 0.314691
vt 0.316725 0.344518
vt 0.288011 0.422042
vt 0.273320 0.427550
vt 0.273896 0.397538
vt 0.289693 0.398200
vt 0.246952 0.254904
vt 0.292408 0.438570
vt 0.278770 0.445946
vt 0.308140 0.459186
vt 0.294103 0.464586
vt 0.306743 0.549308
vt 0.292981 0.551487
vt 0.291910 0.502606
vt 0.306848 0.502759
vt 0.311521 0.565644
vt 0.298040 0.572763
vt 0.343930 0.616447
vt 0.327561 0.619430
vt 0.334495 0.640180
vt 0.320853 0.637530
vt 0.335084 0.678302
vt 0.320763 0.682989
vt 0.236803 0.553988
vt 0.238485 0.511311
vt 0.211115 0.399510
vt 0.203327 0.452713
vt 0.232470 0.599913
vt 0.180140 0.689158
vt 0.192617 0.688886
vt 0.177549 0.713372
vt 0.171197 0.710108
vt 0.267888 0.697514
vt 0.299794 0.694126
vt 0.277403 0.720057
vt 0.274001 0.667679
vt 0.225824 0.659990
vt 0.244656 0.679537
vt 0.218677 0.677354
vt 0.196854 0.669129
vt 0.174013 0.740117
vt 0.169739 0.742023
vt 0.185237 0.764519
vt 0.181940 0.770587
vt 0.357981 0.101139
vt 0.374602 0.085033
vt 0.382383 0.041226
vt 0.341364 0.057657
vt 0.415380 0.035713
vt 0.385459 0.083531
vt 0.408757 0.117335
vt 0.391311 0.110656
vt 0.349772 0.158329
vt 0.372050 0.121623
vt 0.334316 0.138488
vt 0.298265 0.127750
vt 0.322504 0.245609
vt 0.298209 0.241429
vt 0.303454 0.344211
vt 0.316725 0.344518
vt 0.284728 0.314691
vt 0.288011 0.422042
vt 0.289693 0.398200
vt 0.273896 0.397538
vt 0.273320 0.427550
vt 0.246952 0.254904
vt 0.292408 0.438570
vt 0.278770 0.445946
vt 0.308140 0.459186
vt 0.294103 0.464586
vt 0.306743 0.549308
vt 0.306848 0.502759
vt 0.291910 0.502606
vt 0.292981 0.551487
vt 0.311521 0.565644
vt 0.298040 0.572763
vt 0.343930 0.616447
vt 0.327561 0.619430
vt 0.334495 0.640180
vt 0.320853 0.637530
vt 0.335084 0.678302
vt 0.320763 0.682989
vt 0.238485 0.511311
vt 0.236803 0.553988
vt 0.211115 0.399510
vt 0.203327 0.452713
vt 0.232470 0.599913
vt 0.180140 0.689158
vt 0.171197 0.710108
vt 0.177549 0.713372
vt 0.192617 0.688886
vt 0.267888 0.697514
vt 0.277403 0.720057
vt 0.299794 0.694126
vt 0.274001 0.667679
vt 0.225824 0.659990
vt 0.218677 0.677354
vt 0.244656 0.679537
vt 0.196854 0.669129
vt 0.169739 0.742023
vt 0.174013 0.740117
vt 0.181940 0.770587
vt 0.185237 0.764519
vn 0.084693 0.184495 -0.979178
vn 0.162635 0.423012 -0.891409
vn 0.069990 0.233458 -0.969845
vn 0.117944 0.440022 -0.890208
vn -0.133849 -0.128435 -0.982644
vn 0.074445 0.075452 -0.994367
vn 0.068014 0.093558 -0.993288
vn 0.259199 0.350527 -0.899970
vn 0.307113 0.271769 -0.912043
vn -0.135287 -0.306697 -0.942144
vn -0.000000 0.000000 -1.000000
vn 0.000000 -0.000000 -1.000000
vn -0.185995 -0.327002 -0.926539
vn -0.587578 -0.590566 -0.553159
vn -0.461566 -0.621662 -0.632845
vn -0.349265 -0.790442 -0.503205
vn 0.043759 -0.111642 -0.992785
vn 0.339329 -0.850005 -0.402923
vn 0.117944 0.440022 0.890208
vn 0.162635 0.423012 0.891410
vn 0.069990 0.233458 0.969845
vn 0.084693 0.184494 0.979178
vn -0.133849 -0.128435 0.982644
vn 0.068014 0.093558 0.993288
vn 0.074446 0.075452 0.994367
vn 0.259199 0.350527 0.899970
vn 0.307113 0.271769 0.912043
vn -0.000000 0.000000 1.000000
vn -0.135287 -0.306698 0.942143
vn 0.000000 -0.000000 1.000000
vn -0.461566 -0.621662 0.632845
vn -0.185995 -0.327002 0.926539
vn -0.587578 -0.590565 0.553159
vn -0.349265 -0.790442 0.503205
vn 0.043759 -0.111642 0.992785
vn 0.339329 -0.850005 0.402923
vn 0.112725 0.750387 0.651316
vn 0.045069 0.662765 0.747470
vn 0.850201 0.294080 0.436665
vn -0.234391 0.470423 0.850743
vn 0.450624 0.017855 0.892535
vn -0.181171 -0.018836 0.983271
vn -0.141381 -0.054744 0.988441
vn -0.228655 0.358180 0.905220
vn -0.188736 0.153639 0.969935
vn 0.436958 -0.336738 0.834072
vn 0.439900 -0.304958 0.844682
vn 0.538531 -0.012798 0.842508
vn 0.420194 0.802227 0.424109
vn 0.347083 -0.786777 0.510406
vn -0.301000 -0.368137 0.879701
vn -0.296586 -0.526371 0.796850
vn 0.445086 -0.182651 0.876663
vn -0.272127 0.140728 0.951915
vn 0.426380 -0.054661 0.902891
vn -0.256600 0.052748 0.965077
vn -0.841184 0.207260 0.499453
vn 0.576133 -0.648519 0.497488
vn -0.124295 -0.378771 0.917106
vn -0.836507 0.055725 0.545116
vn 0.756225 -0.398799 0.518733
vn -0.014987 -0.261206 0.965167
vn -0.438812 0.603180 0.666047
vn 0.035064 -0.168406 0.985094
vn 0.834962 -0.151602 0.529013
vn 0.554647 -0.015533 0.831941
vn 0.844666 -0.114763 0.522848
vn -0.787924 -0.142122 0.599147
vn -0.258880 -0.071432 0.963265
vn -0.559187 -0.444038 0.700100
vn -0.596776 0.110847 0.794715
vn -0.656685 -0.199224 0.727375
vn -0.484702 0.185627 0.854756
vn -0.379585 0.461132 0.802043
vn 0.998208 -0.059849 0.000000
vn 0.992116 -0.125323 0.000000
vn 0.910466 -0.413584 0.000000
vn 0.710823 -0.703371 0.000000
vn 0.494374 -0.869249 0.000000
vn -0.924136 0.382064 0.000000
vn -0.985203 0.171392 0.000000
vn -0.995475 -0.095029 0.000000
vn -0.818859 -0.573995 0.000000
vn -0.970352 -0.241698 0.000000
vn -0.979074 0.203507 0.000000
vn 0.112725 0.750390 -0.651313
vn 0.850201 0.294080 -0.436664
vn 0.045068 0.662766 -0.747469
vn -0.234391 0.470423 -0.850743
vn 0.450624 0.017855 -0.892535
vn -0.141381 -0.054744 -0.988441
vn -0.181171 -0.018836 -0.983271
vn 0.439901 -0.304958 -0.844682
vn -0.188736 0.153639 -0.969935
vn 0.436958 -0.336738 -0.834072
vn -0.228654 0.358180 -0.905221
vn 0.538532 -0.012798 -0.842508
vn 0.420194 0.802228 -0.424108
vn 0.347083 -0.786778 -0.510406
vn -0.296587 -0.526371 -0.796850
vn -0.300998 -0.368137 -0.879702
vn 0.445087 -0.182651 -0.876662
vn 0.426380 -0.054661 -0.902891
vn -0.272127 0.140728 -0.951915
vn -0.256601 0.052748 -0.965077
vn -0.841183 0.207260 -0.499453
vn 0.576133 -0.648520 -0.497487
vn -0.124294 -0.378772 -0.917106
vn -0.836506 0.055725 -0.545117
vn 0.756225 -0.398799 -0.518732
vn -0.014986 -0.261206 -0.965167
vn -0.438813 0.603180 -0.666046
vn 0.834962 -0.151602 -0.529014
vn 0.035064 -0.168406 -0.985094
vn 0.554647 -0.015533 -0.831941
vn 0.844666 -0.114763 -0.522848
vn -0.787924 -0.142123 -0.599147
vn -0.258879 -0.071432 -0.963265
vn -0.559187 -0.444038 -0.700100
vn -0.596776 0.110847 -0.794715
vn -0.656685 -0.199223 -0.727375
vn -0.484702 0.185627 -0.854756
vn -0.379585 0.461132 -0.802043
vn 0.998208 -0.059849 0.000000
vn 0.992116 -0.125323 0.000000
vn 0.910466 -0.413584 0.000000
vn 0.710823 -0.703371 0.000000
vn 0.494374 -0.869249 0.000000
vn -0.924136 0.382064 0.000000
vn -0.985203 0.171392 0.000000
vn -0.995475 -0.095029 0.000000
vn -0.818859 -0.573995 0.000000
vn -0.970352 -0.241698 0.000000
vn -0.979074 0.203507 0.000000
vn -0.005587 -0.802015 0.597278
vn 0.101640 -0.744700 0.659614
vn 0.012940 -0.880016 0.474768
vn 0.128018 -0.846791 0.516291
vn 0.645836 0.215988 0.732288
vn 0.392654 0.524059 0.755768
vn 0.696307 0.550666 0.460352
vn 0.397996 0.730060 0.555529
vn 0.011046 0.147275 0.989034
vn 0.119141 0.238833 0.963724
vn 0.143938 0.811255 0.566699
vn 0.337428 0.803481 0.490469
vn 0.000000 0.000000 1.000000
vn 0.176300 0.077680 0.981267
vn 0.566244 -0.628112 0.533707
vn 0.589888 -0.749608 0.300200
vn 0.668732 -0.690010 0.276920
vn 0.032331 -0.006089 0.999459
vn -0.191792 -0.774509 0.602787
vn 0.129505 0.626160 0.768865
vn 0.167521 0.708683 0.685350
vn 0.038337 0.655804 0.753958
vn 0.042477 0.723652 0.688857
vn 0.041593 0.114458 0.992557
vn 0.081501 0.406762 0.909892
vn 0.025195 0.039473 0.998903
vn 0.254207 0.425726 0.868410
vn 0.029282 0.648208 0.760900
vn 0.030515 0.718715 0.694635
vn 0.017390 0.159905 0.986979
vn 0.028621 0.372070 0.927763
vn 0.006220 0.163277 0.986561
vn 0.016567 0.367449 0.929896
vn 0.351392 0.910300 0.218810
vn 0.201734 0.951036 0.234165
vn 0.542455 0.811947 0.215604
vn -0.030473 -0.218002 0.975473
vn 0.000000 -0.000000 1.000000
vn 0.258792 -0.649833 0.714664
vn -0.201183 -0.583431 0.786850
vn 0.023785 -0.219096 0.975413
vn -0.012029 -0.296205 0.955049
vn 0.060677 -0.089968 0.994095
vn -0.000000 -0.000000 1.000000
vn 0.000000 -0.000000 1.000000
vn -0.000000 -0.000000 1.000000
vn 0.369984 -0.929038 0.000000
vn -0.325991 -0.945373 0.000000
vn -0.138439 -0.990371 0.000000
vn -0.240370 -0.970681 0.000000
vn 0.616036 -0.787718 0.000000
vn -0.005587 -0.802015 -0.597277
vn 0.012940 -0.880016 -0.474767
vn 0.101640 -0.744700 -0.659614
vn 0.128018 -0.846790 -0.516292
vn 0.397995 0.730060 -0.555529
vn 0.392654 0.524059 -0.755768
vn 0.696306 0.550666 -0.460352
vn 0.645836 0.215988 -0.732288
vn 0.011046 0.147274 -0.989034
vn 0.143938 0.811254 -0.566699
vn 0.119141 0.238833 -0.963724
vn 0.337428 0.803482 -0.490469
vn 0.000000 0.000000 -1.000000
vn 0.176300 0.077680 -0.981267
vn 0.589888 -0.749608 -0.300199
vn 0.566244 -0.628112 -0.533706
vn 0.668732 -0.690010 -0.276920
vn 0.032331 -0.006089 -0.999459
vn -0.191792 -0.774509 -0.602787
vn 0.167521 0.708683 -0.685350
vn 0.129505 0.626159 -0.768865
vn 0.042477 0.723652 -0.688857
vn 0.038337 0.655804 -0.753958
vn 0.041593 0.114458 -0.992557
vn 0.025195 0.039473 -0.998903
vn 0.081501 0.406762 -0.909892
vn 0.254207 0.425725 -0.868410
vn 0.030515 0.718715 -0.694635
vn 0.029282 0.648208 -0.760900
vn 0.017391 0.159905 -0.986979
vn 0.028621 0.372070 -0.927763
vn 0.016567 0.367449 -0.929896
vn 0.006220 0.163277 -0.986561
vn 0.201734 0.951036 -0.234165
vn 0.351392 0.910300 -0.218810
vn 0.542455 0.811947 -0.215604
vn -0.030473 -0.218002 -0.975472
vn 0.258792 -0.649833 -0.714664
vn -0.000000 -0.000000 -1.000000
vn -0.201183 -0.583431 -0.786850
vn -0.012029 -0.296205 -0.955049
vn 0.023785 -0.219096 -0.975413
vn 0.060678 -0.089968 -0.994095
vn 0.000000 0.000000 -1.000000
vn 0.000000 0.000000 -1.000000
vn -0.000000 -0.000000 -1.000000
vn 0.369984 -0.929038 0.000000
vn -0.325991 -0.945373 0.000000
vn -0.138439 -0.990371 0.000000
vn -0.240370 -0.970681 0.000000
vn 0.616036 -0.787718 0.000000
vn -0.653331 0.693577 -0.303495
vn -0.439695 0.740535 -0.508209
vn -0.230547 0.359667 -0.904150
vn -0.090414 0.153398 -0.984020
vn 0.633257 0.709369 -0.309485
vn 0.837088 -0.443555 -0.320221
vn 0.281008 0.347391 -0.894625
vn 0.261280 -0.165777 -0.950921
vn 0.183000 -0.325317 -0.927728
vn 0.506486 -0.692491 -0.513740
vn 0.183430 -0.177599 -0.966857
vn 0.695884 -0.485549 -0.529138
vn 0.098170 0.044268 -0.994185
vn 0.783190 0.452159 -0.426809
vn 0.709926 0.622014 -0.330308
vn 0.182149 0.179842 -0.966684
vn 0.923521 -0.020398 -0.383005
vn 0.329596 -0.006803 -0.944098
vn -0.129999 -0.306808 -0.942852
vn -0.215281 -0.930043 -0.297781
vn -0.043110 -0.096815 -0.994368
vn -0.370924 -0.813681 -0.447593
vn -0.011667 -0.918802 -0.394546
vn 0.007723 -0.209357 -0.977809
vn -0.567199 -0.718167 -0.403140
vn -0.146076 -0.200174 -0.968810
vn -0.077648 0.228977 -0.970330
vn -0.406536 -0.119667 -0.905764
vn -0.340316 0.909953 -0.237002
vn -0.889489 -0.251985 -0.381199
vn -0.077259 0.099340 -0.992050
vn -0.590568 0.747321 -0.304533
vn -0.308216 0.176941 -0.934716
vn -0.848669 0.474820 -0.233038
vn -0.172795 0.355476 -0.918574
vn -0.130209 0.950881 -0.280839
vn -0.180720 0.117833 -0.976451
vn -0.728068 0.441877 -0.524081
vn 0.649606 0.760271 0.000000
vn 0.888145 -0.459563 0.000000
vn 0.727890 -0.685694 0.000000
vn 0.996989 -0.077542 0.000000
vn 0.850973 0.525210 0.000000
vn 0.743949 0.668237 0.000000
vn 0.999538 -0.030403 0.000000
vn -0.212430 -0.977176 0.000000
vn -0.400685 -0.916216 0.000000
vn -0.014436 -0.999896 0.000000
vn -0.627887 -0.778305 0.000000
vn -0.968306 -0.249766 0.000000
vn -0.355042 0.934850 0.000000
vn -0.612064 0.790808 0.000000
vn -0.871223 0.490888 0.000000
vn -0.777409 0.628996 0.000000
vn 0.045093 0.998983 0.000000
vn -0.090414 0.153398 0.984020
vn -0.439695 0.740535 0.508209
vn -0.230547 0.359667 0.904150
vn -0.653331 0.693577 0.303495
vn 0.633258 0.709369 0.309484
vn 0.281009 0.347392 0.894625
vn 0.837089 -0.443555 0.320221
vn 0.261280 -0.165777 0.950921
vn 0.506486 -0.692491 0.513740
vn 0.183000 -0.325317 0.927728
vn 0.695885 -0.485548 0.529138
vn 0.183431 -0.177599 0.966857
vn 0.783190 0.452159 0.426808
vn 0.098170 0.044268 0.994185
vn 0.709926 0.622014 0.330307
vn 0.182149 0.179842 0.966684
vn 0.923521 -0.020398 0.383005
vn 0.329596 -0.006803 0.944097
vn -0.215281 -0.930044 0.297781
vn -0.129999 -0.306808 0.942852
vn -0.370924 -0.813681 0.447592
vn -0.043110 -0.096815 0.994368
vn -0.011667 -0.918802 0.394545
vn 0.007723 -0.209357 0.977809
vn -0.567199 -0.718167 0.403140
vn -0.146076 -0.200175 0.968809
vn -0.889489 -0.251985 0.381200
vn -0.406535 -0.119667 0.905764
vn -0.340316 0.909953 0.237002
vn -0.077648 0.228977 0.970330
vn -0.848669 0.474820 0.233038
vn -0.590568 0.747321 0.304533
vn -0.308217 0.176941 0.934716
vn -0.077259 0.099340 0.992050
vn -0.130209 0.950881 0.280839
vn -0.172795 0.355476 0.918574
vn -0.728068 0.441877 0.524081
vn -0.180720 0.117833 0.976451
vn 0.649606 0.760271 0.000000
vn 0.888145 -0.459563 0.000000
vn 0.727890 -0.685694 0.000000
vn 0.996989 -0.077542 0.000000
vn 0.850973 0.525210 0.000000
vn 0.743949 0.668237 0.000000
vn 0.999538 -0.030403 0.000000
vn -0.212430 -0.977176 0.000000
vn -0.400685 -0.916216 0.000000
vn -0.014436 -0.999896 0.000000
vn -0.627887 -0.778305 0.000000
vn -0.968306 -0.249766 0.000000
vn -0.355042 0.934850 0.000000
vn -0.612064 0.790808 0.000000
vn -0.871223 0.490888 0.000000
vn -0.777409 0.628996 0.000000
vn 0.045093 0.998983 0.000000
vn -0.478852 -0.128261 -0.868476
vn -0.443364 -0.264388 -0.856462
vn 0.016452 0.008448 -0.999829
vn 0.047963 0.040967 -0.998009
vn -0.365871 -0.366016 -0.855670
vn -0.364950 -0.385701 -0.847376
vn 0.045732 0.051554 -0.997623
vn 0.032975 0.036052 -0.998806
vn -0.489952 -0.119835 -0.863473
vn 0.113476 0.020125 -0.993337
vn 0.123650 0.122069 -0.984789
vn 0.112726 0.126852 -0.985496
vn 0.254196 0.161151 -0.953632
vn 0.682555 0.183475 -0.707429
vn 0.755570 0.201299 -0.623372
vn 0.779575 0.157576 -0.606162
vn 0.197480 0.224610 -0.954229
vn 0.660295 0.751007 0.000000
vn 0.238400 0.229563 -0.943645
vn 0.720331 0.693631 0.000000
vn 0.559919 0.083662 -0.824313
vn 0.989021 0.147778 0.000000
vn 0.967323 0.253548 0.000000
vn 0.980177 0.198124 0.000000
vn 0.169172 -0.153121 -0.973620
vn 0.758053 -0.260263 -0.598012
vn 0.741404 -0.671059 0.000000
vn 0.991925 0.126830 0.000000
vn 0.945809 -0.324725 0.000000
vn -0.478852 -0.128261 0.868476
vn 0.016452 0.008448 0.999829
vn -0.443364 -0.264388 0.856462
vn 0.047963 0.040967 0.998009
vn 0.032975 0.036052 0.998806
vn -0.364950 -0.385701 0.847376
vn 0.045732 0.051554 0.997623
vn -0.365871 -0.366016 0.855670
vn 0.113476 0.020125 0.993337
vn -0.489952 -0.119835 0.863473
vn 0.123650 0.122069 0.984789
vn 0.112726 0.126852 0.985496
vn 0.254196 0.161150 0.953633
vn 0.755571 0.201299 0.623371
vn 0.682555 0.183475 0.707429
vn 0.779575 0.157576 0.606162
vn 0.197480 0.224610 0.954229
vn 0.238400 0.229563 0.943645
vn 0.660295 0.751007 0.000000
vn 0.720331 0.693631 0.000000
vn 0.559920 0.083662 0.824312
vn 0.989021 0.147778 0.000000
vn 0.967323 0.253548 0.000000
vn 0.980177 0.198124 0.000000
vn 0.169172 -0.153121 0.973620
vn 0.758053 -0.260263 0.598012
vn 0.741404 -0.671059 0.000000
vn 0.991925 0.126830 0.000000
vn 0.945809 -0.324725 0.000000
vn -0.038369 0.034020 0.998684
vn -0.411814 0.414013 0.811790
vn -0.083812 0.190503 0.978102
vn -0.483295 0.359122 0.798409
vn -0.073527 -0.122934 0.989687
vn -0.145176 -0.059777 0.987599
vn -0.662443 0.161538 0.731489
vn -0.509145 0.210310 0.834590
vn -0.043267 0.023837 0.998779
vn -0.360530 0.487707 0.795085
vn -0.216986 0.317772 0.923005
vn -0.316617 0.503982 0.803589
vn -0.262895 0.694636 0.669602
vn -0.277900 0.744051 0.607586
vn -0.240344 0.556406 0.795391
vn 0.444229 0.227173 0.866633
vn 0.413203 0.685392 0.599584
vn -0.006903 0.570192 0.821483
vn 0.013969 0.844352 0.535607
vn -0.533907 0.664502 0.522858
vn -0.458948 0.477491 0.749246
vn -0.109537 -0.310497 0.944242
vn 0.107867 -0.395880 0.911945
vn 0.072536 -0.459638 0.885139
vn -0.317542 0.671933 0.669083
vn -0.346234 0.724212 0.596355
vn -0.278777 0.397338 0.874303
vn -0.435548 0.728259 0.529091
vn -0.139025 0.382352 0.913498
vn -0.252327 0.815360 0.521075
vn -0.225333 0.785338 0.576602
vn -0.247732 0.650849 0.717652
vn -0.222182 0.104748 0.969362
vn 0.163999 -0.119921 0.979144
vn 0.206349 -0.362583 0.908820
vn 0.463539 -0.841120 0.278654
vn 0.022090 -0.836443 0.547608
vn 0.600261 -0.371321 0.708383
vn 0.547699 -0.433182 0.715807
vn -0.458425 0.229446 0.858604
vn -0.164806 -0.026613 0.985967
vn 0.371119 0.002896 0.928581
vn 0.439327 -0.473910 0.763152
vn 0.526898 -0.430354 0.732922
vn -0.030422 -0.188041 0.981690
vn 0.005663 0.353682 0.935349
vn 0.119464 0.787988 0.603990
vn 0.053172 0.246867 0.967589
vn 0.264377 0.714025 0.648285
vn -0.058734 0.460088 0.885929
vn -0.042732 0.825692 0.562500
vn -0.246511 0.164991 0.954992
vn -0.711570 0.545839 0.442411
vn -0.315648 0.685661 0.655923
vn -0.377631 0.752835 0.539106
vn -0.135041 0.390628 0.910590
vn 0.053642 -0.239779 0.969345
vn -0.269455 0.725790 0.632947
vn -0.106529 -0.867326 0.486207
vn -0.044028 -0.253378 0.966365
vn 0.170542 -0.270951 0.947365
vn 0.764144 -0.403614 0.503171
vn 0.547365 -0.705412 0.450317
vn 0.249547 -0.867675 0.429961
vn 0.045743 -0.236596 0.970531
vn 0.503646 -0.765262 0.400891
vn 0.200937 -0.918233 0.341280
vn -0.178286 -0.922677 0.341879
vn 0.290270 -0.887655 0.357507
vn 0.864448 -0.322946 0.385274
vn 0.557773 0.341633 0.756424
vn 0.246601 -0.853527 0.458998
vn 0.857031 -0.515264 0.000000
vn 0.308894 -0.951097 0.000000
vn -0.177570 -0.984108 0.000000
vn 0.221036 -0.975266 0.000000
vn 0.567413 -0.823433 0.000000
vn 0.884577 -0.466394 0.000000
vn 0.599683 -0.800238 0.000000
vn 0.285202 -0.958467 0.000000
vn -0.100645 -0.994922 0.000000
vn -0.030079 -0.999548 0.000000
vn 0.469891 -0.882724 0.000000
vn 0.577629 -0.816300 0.000000
vn 0.697328 -0.716752 0.000000
vn 0.905329 -0.424712 0.000000
vn 0.985708 0.168464 0.000000
vn 0.285202 -0.958467 0.000000
vn -0.483295 0.359122 -0.798409
vn -0.411814 0.414013 -0.811790
vn -0.083812 0.190503 -0.978102
vn -0.038369 0.034020 -0.998684
vn -0.073527 -0.122934 -0.989687
vn -0.662442 0.161538 -0.731489
vn -0.145175 -0.059777 -0.987599
vn -0.509145 0.210310 -0.834590
vn -0.360530 0.487707 -0.795085
vn -0.043267 0.023836 -0.998779
vn -0.216985 0.317771 -0.923005
vn -0.316617 0.503982 -0.803589
vn -0.262896 0.694636 -0.669602
vn -0.240344 0.556406 -0.795391
vn -0.277900 0.744051 -0.607586
vn 0.444229 0.227172 -0.866633
vn -0.006903 0.570192 -0.821483
vn 0.413203 0.685392 -0.599584
vn 0.013969 0.844352 -0.535607
vn -0.458948 0.477491 -0.749246
vn -0.533907 0.664502 -0.522858
vn -0.109537 -0.310496 -0.944242
vn 0.107868 -0.395881 -0.911945
vn -0.317542 0.671933 -0.669084
vn 0.072536 -0.459637 -0.885140
vn -0.346234 0.724212 -0.596355
vn -0.278776 0.397338 -0.874304
vn -0.139025 0.382351 -0.913499
vn -0.435548 0.728259 -0.529091
vn -0.252327 0.815360 -0.521075
vn -0.225333 0.785338 -0.576602
vn -0.247732 0.650850 -0.717652
vn -0.222182 0.104747 -0.969362
vn 0.206349 -0.362582 -0.908820
vn 0.163998 -0.119921 -0.979144
vn 0.463539 -0.841120 -0.278654
vn 0.022091 -0.836444 -0.547607
vn 0.600261 -0.371321 -0.708384
vn 0.547699 -0.433182 -0.715806
vn -0.458425 0.229446 -0.858604
vn -0.164806 -0.026613 -0.985967
vn 0.371119 0.002896 -0.928581
vn 0.439327 -0.473910 -0.763152
vn 0.526898 -0.430354 -0.732922
vn -0.030422 -0.188041 -0.981690
vn 0.005663 0.353681 -0.935349
vn 0.053172 0.246867 -0.967590
vn 0.119464 0.787988 -0.603990
vn 0.264377 0.714025 -0.648285
vn -0.058735 0.460088 -0.885929
vn -0.042732 0.825692 -0.562500
vn -0.246512 0.164991 -0.954992
vn -0.711571 0.545839 -0.442410
vn -0.315648 0.685662 -0.655922
vn -0.377631 0.752835 -0.539105
vn -0.135041 0.390628 -0.910590
vn 0.053641 -0.239778 -0.969345
vn -0.269455 0.725790 -0.632948
vn -0.106529 -0.867326 -0.486207
vn -0.044028 -0.253378 -0.966365
vn 0.764144 -0.403614 -0.503170
vn 0.170542 -0.270951 -0.947365
vn 0.547365 -0.705412 -0.450317
vn 0.249547 -0.867675 -0.429961
vn 0.045743 -0.236595 -0.970531
vn 0.503646 -0.765262 -0.400891
vn 0.200937 -0.918233 -0.341280
vn -0.178286 -0.922677 -0.341879
vn 0.290270 -0.887655 -0.357507
vn 0.864448 -0.322946 -0.385273
vn 0.557773 0.341632 -0.756423
vn 0.246601 -0.853527 -0.458998
vn 0.857031 -0.515264 0.000000
vn 0.308894 -0.951097 0.000000
vn -0.177570 -0.984108 0.000000
vn 0.221036 -0.975266 0.000000
vn 0.567413 -0.823433 0.000000
vn 0.884577 -0.466394 0.000000
vn 0.599683 -0.800238 0.000000
vn 0.285203 -0.958467 0.000000
vn -0.100645 -0.994922 0.000000
vn -0.030079 -0.999548 0.000000
vn 0.469891 -0.882724 0.000000
vn 0.577629 -0.816300 0.000000
vn 0.697328 -0.716752 0.000000
vn 0.905329 -0.424712 0.000000
vn 0.985708 0.168464 0.000000
vn 0.285202 -0.958467 0.000000
vn 0.199069 -0.326915 -0.923850
vn -0.000000 -0.000000 -1.000000
vn 0.335855 -0.183582 -0.923850
vn 0.382651 0.008942 -0.923850
vn 0.326914 0.199069 -0.923850
vn 0.183582 0.335856 -0.923850
vn -0.008941 0.382650 -0.923850
vn -0.199068 0.326913 -0.923851
vn -0.335856 0.183583 -0.923850
vn -0.382649 -0.008942 -0.923850
vn -0.326916 -0.199069 -0.923849
vn -0.183581 -0.335855 -0.923850
vn 0.008942 -0.382650 -0.923850
vn 0.965925 0.258822 0.000000
vn 0.888256 0.092541 -0.449930
vn 0.866024 0.500002 0.000000
vn 0.806648 0.474761 -0.352024
vn -0.500001 -0.866025 0.000000
vn -0.461200 -0.814477 -0.352026
vn -0.258819 -0.965926 0.000000
vn -0.072648 -0.889725 -0.450680
vn -0.866025 -0.500000 0.000000
vn -0.806649 -0.474759 -0.352025
vn -1.000000 -0.000000 0.000000
vn -0.935957 -0.007830 -0.352027
vn -0.866025 0.500000 0.000000
vn -0.814477 0.461200 -0.352026
vn -0.500001 0.866025 0.000000
vn -0.474760 0.806648 -0.352026
vn 0.000001 1.000000 0.000000
vn -0.007829 0.935957 -0.352026
vn 0.500000 0.866025 0.000000
vn 0.461198 0.814478 -0.352027
vn 0.691126 -0.383289 -0.612727
vn 0.406888 -0.677501 -0.612727
vn 0.199069 -0.326915 0.923850
vn 0.335855 -0.183582 0.923850
vn 0.000000 0.000000 1.000000
vn 0.382651 0.008942 0.923850
vn 0.326914 0.199069 0.923850
vn 0.183582 0.335856 0.923850
vn -0.008941 0.382650 0.923850
vn -0.199068 0.326913 0.923850
vn -0.335856 0.183583 0.923850
vn -0.382649 -0.008942 0.923851
vn -0.326914 -0.199068 0.923850
vn -0.183581 -0.335855 0.923850
vn 0.008942 -0.382650 0.923850
vn 0.965925 0.258822 0.000000
vn 0.866024 0.500002 0.000000
vn 0.888256 0.092541 0.449930
vn 0.806648 0.474761 0.352024
vn -0.500001 -0.866025 0.000000
vn -0.258819 -0.965926 0.000000
vn -0.461200 -0.814477 0.352027
vn -0.072648 -0.889724 0.450680
vn -0.866025 -0.500000 0.000000
vn -0.806649 -0.474758 0.352026
vn -1.000000 -0.000000 0.000000
vn -0.935957 -0.007830 0.352027
vn -0.866025 0.500000 0.000000
vn -0.814477 0.461200 0.352025
vn -0.500001 0.866025 0.000000
vn -0.474760 0.806648 0.352026
vn 0.000001 1.000000 0.000000
vn -0.007829 0.935957 0.352026
vn 0.500000 0.866025 0.000000
vn 0.461198 0.814478 0.352026
vn 0.691127 -0.383289 0.612726
vn 0.406888 -0.677500 0.612728
vn 0.077997 -0.043912 0.995986
vn 0.000001 0.000000 1.000000
vn 0.070328 -0.015118 0.997409
vn 0.043149 -0.147414 0.988133
vn 0.213844 -0.281965 0.935290
vn 0.171823 -0.283287 0.943518
vn 0.127562 -0.337746 0.932553
vn 0.354768 0.144663 0.923695
vn 0.272900 -0.351290 0.895612
vn 0.087977 -0.099360 0.991155
vn 0.382535 -0.225590 0.895978
vn 0.000001 -0.000001 1.000000
vn 0.216660 -0.388149 0.895767
vn 0.049837 -0.087765 0.994894
vn 0.397384 -0.462144 0.792786
vn 0.043320 -0.089576 0.995037
vn 0.197967 -0.320558 0.926311
vn -0.000169 -0.082162 0.996619
vn 0.042741 -0.081811 0.995731
vn 0.029955 -0.733555 0.678970
vn 0.354867 -0.644348 0.677410
vn 0.000001 -0.000002 1.000000
vn -0.303487 -0.684825 0.662503
vn -0.027928 -0.063606 0.997584
vn 0.051927 -0.762999 0.644311
vn 0.026978 -0.233427 0.972000
vn 0.016571 -0.141545 0.989793
vn 0.044025 -0.144814 0.988479
vn 0.090873 -0.810712 0.578350
vn 0.227026 -0.738806 0.634527
vn -0.029307 -0.090145 0.995497
vn -0.239879 -0.715134 0.656538
vn -0.093003 -0.681974 0.725439
vn -0.056866 -0.414847 0.908113
vn 0.020850 -0.075238 0.996948
vn 0.238197 -0.789075 0.566236
vn 0.025719 -0.141590 0.989591
vn 0.139862 -0.792409 0.593740
vn 0.000000 -0.000002 1.000000
vn -0.000000 -0.000001 1.000000
vn 0.000001 -0.000001 1.000000
vn -0.000000 -0.000001 1.000000
vn -0.000001 -0.000001 1.000000
vn -0.000010 0.000007 1.000000
vn -0.000005 0.000002 1.000000
vn -0.000011 0.000009 1.000000
vn -0.000004 -0.000003 1.000000
vn -0.000004 -0.000006 1.000000
vn -0.000002 -0.000003 1.000000
vn -0.000002 -0.000006 1.000000
vn -0.000001 -0.000001 1.000000
vn -0.000003 -0.000000 1.000000
vn -0.000008 -0.000004 1.000000
vn -0.000009 0.000000 1.000000
vn -0.000010 0.000003 1.000000
vn 0.000000 0.000000 1.000000
vn -0.000000 -0.000000 1.000000
vn -0.000000 -0.000000 1.000000
vn -0.000000 -0.000000 1.000000
vn 0.077997 -0.043912 -0.995986
vn 0.070328 -0.015118 -0.997409
vn 0.000001 0.000000 -1.000000
vn 0.043149 -0.147414 -0.988133
vn 0.171823 -0.283287 -0.943518
vn 0.127562 -0.337746 -0.932553
vn 0.213844 -0.281965 -0.935290
vn 0.354767 0.144663 -0.923695
vn 0.272900 -0.351290 -0.895612
vn 0.382535 -0.225590 -0.895978
vn 0.087977 -0.099360 -0.991155
vn 0.000001 -0.000001 -1.000000
vn 0.216660 -0.388149 -0.895767
vn 0.049837 -0.087765 -0.994894
vn 0.397384 -0.462143 -0.792786
vn 0.197967 -0.320558 -0.926311
vn 0.043320 -0.089576 -0.995037
vn 0.354866 -0.644348 -0.677411
vn 0.042741 -0.081811 -0.995731
vn 0.029955 -0.733555 -0.678970
vn -0.000169 -0.082162 -0.996619
vn 0.000001 -0.000002 -1.000000
vn -0.303487 -0.684825 -0.662503
vn -0.027928 -0.063606 -0.997584
vn 0.051927 -0.762999 -0.644311
vn 0.026978 -0.233427 -0.972000
vn 0.227026 -0.738806 -0.634527
vn 0.044025 -0.144814 -0.988479
vn 0.090873 -0.810712 -0.578350
vn 0.016571 -0.141545 -0.989793
vn -0.239879 -0.715134 -0.656538
vn -0.029307 -0.090145 -0.995497
vn -0.093002 -0.681973 -0.725440
vn -0.056866 -0.414846 -0.908113
vn 0.238197 -0.789075 -0.566236
vn 0.020850 -0.075238 -0.996948
vn 0.139862 -0.792409 -0.593740
vn 0.025719 -0.141591 -0.989591
vn -0.000000 -0.000001 -1.000000
vn 0.000000 -0.000002 -1.000000
vn 0.000001 -0.000001 -1.000000
vn -0.000000 -0.000001 -1.000000
vn -0.000001 -0.000001 -1.000000
vn -0.000004 -0.000003 -1.000000
vn -0.000005 0.000002 -1.000000
vn -0.000011 0.000009 -1.000000
vn -0.000010 0.000007 -1.000000
vn -0.000004 -0.000006 -1.000000
vn -0.000002 -0.000006 -1.000000
vn -0.000002 -0.000003 -1.000000
vn -0.000001 -0.000001 -1.000000
vn -0.000003 -0.000000 -1.000000
vn -0.000009 0.000000 -1.000000
vn -0.000008 -0.000004 -1.000000
vn -0.000010 0.000003 -1.000000
vn 0.000000 0.000000 -1.000000
vn 0.000000 0.000000 -1.000000
vn -0.000000 -0.000000 -1.000000
vn -0.000000 -0.000000 -1.000000
vn -0.084692 0.184493 0.979178
vn -0.162634 0.423012 0.891410
vn -0.069990 0.233458 0.969845
vn -0.117944 0.440022 0.890208
vn 0.133850 -0.128435 0.982644
vn -0.074446 0.075452 0.994367
vn -0.068014 0.093558 0.993288
vn -0.259200 0.350527 0.899970
vn -0.307115 0.271770 0.912042
vn 0.135286 -0.306696 0.942144
vn 0.000000 0.000000 1.000000
vn -0.000000 -0.000000 1.000000
vn 0.185996 -0.327003 0.926539
vn 0.587580 -0.590567 0.553155
vn 0.461565 -0.621663 0.632844
vn 0.349262 -0.790436 0.503216
vn -0.043759 -0.111642 0.992785
vn -0.339329 -0.850004 0.402925
vn -0.117944 0.440022 -0.890208
vn -0.162634 0.423011 -0.891410
vn -0.069990 0.233458 -0.969845
vn -0.084692 0.184493 -0.979178
vn 0.133850 -0.128435 -0.982644
vn -0.068014 0.093558 -0.993288
vn -0.074446 0.075452 -0.994367
vn -0.259199 0.350526 -0.899970
vn -0.307115 0.271770 -0.912042
vn 0.000000 0.000000 -1.000000
vn 0.135286 -0.306697 -0.942144
vn -0.000000 -0.000000 -1.000000
vn 0.461565 -0.621663 -0.632845
vn 0.185996 -0.327003 -0.926539
vn 0.587580 -0.590568 -0.553154
vn 0.349263 -0.790437 -0.503214
vn -0.043759 -0.111642 -0.992785
vn -0.339329 -0.850004 -0.402925
vn -0.112722 0.750381 -0.651324
vn -0.045067 0.662763 -0.747472
vn -0.850198 0.294079 -0.436670
vn 0.234390 0.470424 -0.850743
vn -0.450626 0.017855 -0.892534
vn 0.181171 -0.018836 -0.983271
vn 0.141380 -0.054744 -0.988441
vn 0.228654 0.358180 -0.905220
vn 0.188736 0.153639 -0.969935
vn -0.436956 -0.336737 -0.834073
vn -0.439902 -0.304959 -0.844681
vn -0.538528 -0.012797 -0.842510
vn -0.420195 0.802226 -0.424110
vn -0.347084 -0.786780 -0.510401
vn 0.300998 -0.368140 -0.879701
vn 0.296585 -0.526370 -0.796852
vn -0.445086 -0.182651 -0.876662
vn 0.272128 0.140729 -0.951915
vn -0.426383 -0.054662 -0.902890
vn 0.256601 0.052748 -0.965077
vn 0.841177 0.207257 -0.499466
vn -0.576133 -0.648520 -0.497487
vn 0.124294 -0.378771 -0.917106
vn 0.836508 0.055726 -0.545114
vn -0.756225 -0.398799 -0.518733
vn 0.014986 -0.261206 -0.965167
vn 0.438812 0.603180 -0.666046
vn -0.035063 -0.168405 -0.985094
vn -0.834961 -0.151602 -0.529015
vn -0.554646 -0.015533 -0.831941
vn -0.844659 -0.114762 -0.522858
vn 0.787923 -0.142122 -0.599149
vn 0.258879 -0.071432 -0.963265
vn 0.559185 -0.444037 -0.700102
vn 0.596775 0.110846 -0.794716
vn 0.656683 -0.199223 -0.727377
vn 0.484702 0.185627 -0.854755
vn 0.379586 0.461133 -0.802042
vn -0.998208 -0.059849 0.000000
vn -0.992116 -0.125323 0.000000
vn -0.910466 -0.413584 0.000000
vn -0.710823 -0.703371 0.000000
vn -0.494374 -0.869249 0.000000
vn 0.924136 0.382065 0.000000
vn 0.985203 0.171393 0.000000
vn 0.995475 -0.095029 0.000000
vn 0.818859 -0.573995 0.000000
vn 0.970352 -0.241698 0.000000
vn 0.979074 0.203507 0.000000
vn -0.112724 0.750383 0.651321
vn -0.850199 0.294079 0.436668
vn -0.045068 0.662764 0.747471
vn 0.234390 0.470424 0.850742
vn -0.450625 0.017856 0.892535
vn 0.141380 -0.054744 0.988441
vn 0.181171 -0.018836 0.983271
vn -0.439902 -0.304959 0.844681
vn 0.188736 0.153639 0.969935
vn -0.436956 -0.336737 0.834073
vn 0.228654 0.358180 0.905221
vn -0.538529 -0.012797 0.842510
vn -0.420195 0.802228 0.424107
vn -0.347084 -0.786780 0.510403
vn 0.296587 -0.526370 0.796851
vn 0.301002 -0.368136 0.879701
vn -0.445087 -0.182651 0.876662
vn -0.426383 -0.054662 0.902890
vn 0.272127 0.140729 0.951915
vn 0.256601 0.052748 0.965077
vn 0.841178 0.207257 0.499463
vn -0.576133 -0.648519 0.497487
vn 0.124293 -0.378771 0.917106
vn 0.836507 0.055726 0.545115
vn -0.756225 -0.398799 0.518732
vn 0.014986 -0.261207 0.965166
vn 0.438812 0.603180 0.666046
vn -0.834961 -0.151602 0.529015
vn -0.035063 -0.168405 0.985094
vn -0.554646 -0.015533 0.831942
vn -0.844660 -0.114762 0.522856
vn 0.787923 -0.142123 0.599148
vn 0.258879 -0.071432 0.963265
vn 0.559186 -0.444037 0.700102
vn 0.596774 0.110846 0.794716
vn 0.656683 -0.199223 0.727377
vn 0.484702 0.185627 0.854755
vn 0.379586 0.461133 0.802042
vn -0.998208 -0.059849 0.000000
vn -0.992116 -0.125323 0.000000
vn -0.910466 -0.413584 0.000000
vn -0.710823 -0.703371 0.000000
vn -0.494374 -0.869249 0.000000
vn 0.924136 0.382065 0.000000
vn 0.985203 0.171393 0.000000
vn 0.995475 -0.095029 0.000000
vn 0.818859 -0.573995 0.000000
vn 0.970352 -0.241698 0.000000
vn 0.979074 0.203507 0.000000
vn 0.005587 -0.802014 -0.597279
vn -0.101640 -0.744700 -0.659614
vn -0.012940 -0.880015 -0.474769
vn -0.128018 -0.846791 -0.516291
vn -0.645834 0.215987 -0.732290
vn -0.392654 0.524059 -0.755768
vn -0.696307 0.550666 -0.460351
vn -0.397995 0.730059 -0.555530
vn -0.011046 0.147276 -0.989034
vn -0.119143 0.238834 -0.963724
vn -0.143938 0.811254 -0.566700
vn -0.337429 0.803481 -0.490469
vn 0.000000 0.000000 -1.000000
vn -0.176301 0.077680 -0.981266
vn -0.566244 -0.628112 -0.533708
vn -0.589887 -0.749608 -0.300202
vn -0.668733 -0.690012 -0.276911
vn -0.032331 -0.006089 -0.999459
vn 0.191792 -0.774509 -0.602786
vn -0.129505 0.626159 -0.768865
vn -0.167521 0.708682 -0.685351
vn -0.038337 0.655804 -0.753958
vn -0.042477 0.723651 -0.688857
vn -0.041593 0.114459 -0.992557
vn -0.081501 0.406762 -0.909891
vn -0.025195 0.039474 -0.998903
vn -0.254208 0.425727 -0.868409
vn -0.029282 0.648209 -0.760900
vn -0.030515 0.718715 -0.694634
vn -0.017391 0.159905 -0.986979
vn -0.028621 0.372070 -0.927764
vn -0.006220 0.163278 -0.986561
vn -0.016567 0.367449 -0.929896
vn -0.351392 0.910300 -0.218811
vn -0.201734 0.951036 -0.234165
vn -0.542455 0.811946 -0.215607
vn 0.030473 -0.218002 -0.975472
vn 0.000000 0.000000 -1.000000
vn -0.258792 -0.649832 -0.714664
vn 0.201185 -0.583436 -0.786847
vn -0.023785 -0.219096 -0.975413
vn 0.012029 -0.296204 -0.955049
vn -0.060677 -0.089968 -0.994095
vn -0.000000 -0.000000 -1.000000
vn 0.000000 0.000000 -1.000000
vn -0.000000 -0.000000 -1.000000
vn -0.369984 -0.929038 0.000000
vn 0.325991 -0.945373 0.000000
vn 0.138439 -0.990371 0.000000
vn 0.240370 -0.970681 0.000000
vn -0.616036 -0.787718 0.000000
vn 0.005587 -0.802014 0.597279
vn -0.012940 -0.880015 0.474769
vn -0.101640 -0.744700 0.659614
vn -0.128018 -0.846790 0.516292
vn -0.397995 0.730059 0.555530
vn -0.392654 0.524059 0.755768
vn -0.696307 0.550666 0.460352
vn -0.645828 0.215986 0.732295
vn -0.011046 0.147275 0.989034
vn -0.143938 0.811254 0.566700
vn -0.119139 0.238831 0.963725
vn -0.337429 0.803481 0.490469
vn 0.000000 0.000000 1.000000
vn -0.176300 0.077680 0.981266
vn -0.589887 -0.749608 0.300202
vn -0.566244 -0.628112 0.533708
vn -0.668733 -0.690012 0.276911
vn -0.032331 -0.006089 0.999459
vn 0.191792 -0.774509 0.602786
vn -0.167521 0.708682 0.685351
vn -0.129505 0.626158 0.768866
vn -0.042477 0.723651 0.688857
vn -0.038337 0.655804 0.753957
vn -0.041593 0.114458 0.992557
vn -0.025195 0.039473 0.998903
vn -0.081501 0.406761 0.909892
vn -0.254208 0.425726 0.868410
vn -0.030515 0.718715 0.694635
vn -0.029282 0.648209 0.760900
vn -0.017390 0.159905 0.986979
vn -0.028621 0.372069 0.927764
vn -0.016567 0.367449 0.929896
vn -0.006220 0.163278 0.986561
vn -0.201734 0.951036 0.234165
vn -0.351392 0.910300 0.218811
vn -0.542455 0.811946 0.215607
vn 0.030473 -0.218002 0.975472
vn -0.258791 -0.649832 0.714665
vn -0.000000 -0.000000 1.000000
vn 0.201184 -0.583433 0.786848
vn 0.012029 -0.296205 0.955049
vn -0.023785 -0.219096 0.975413
vn -0.060677 -0.089968 0.994095
vn 0.000000 0.000000 1.000000
vn 0.000000 -0.000000 1.000000
vn -0.000000 -0.000000 1.000000
vn -0.369984 -0.929038 0.000000
vn 0.325991 -0.945373 0.000000
vn 0.138439 -0.990371 0.000000
vn 0.240370 -0.970681 0.000000
vn -0.616036 -0.787718 0.000000
vn 0.653330 0.693577 0.303496
vn 0.439694 0.740536 0.508208
vn 0.230547 0.359667 0.904150
vn 0.090414 0.153398 0.984020
vn -0.633256 0.709371 0.309484
vn -0.837087 -0.443555 0.320226
vn -0.281007 0.347390 0.894626
vn -0.261279 -0.165777 0.950921
vn -0.183000 -0.325317 0.927728
vn -0.506485 -0.692489 0.513743
vn -0.183430 -0.177598 0.966857
vn -0.695884 -0.485550 0.529137
vn -0.098170 0.044268 0.994185
vn -0.783190 0.452158 0.426810
vn -0.709925 0.622014 0.330310
vn -0.182148 0.179843 0.966684
vn -0.923520 -0.020398 0.383007
vn -0.329595 -0.006803 0.944098
vn 0.129999 -0.306808 0.942852
vn 0.215280 -0.930044 0.297780
vn 0.043110 -0.096814 0.994368
vn 0.370924 -0.813683 0.447589
vn 0.011667 -0.918803 0.394545
vn -0.007723 -0.209357 0.977809
vn 0.567198 -0.718166 0.403142
vn 0.146076 -0.200174 0.968810
vn 0.077648 0.228977 0.970330
vn 0.406535 -0.119668 0.905764
vn 0.340315 0.909954 0.237001
vn 0.889489 -0.251986 0.381199
vn 0.077259 0.099340 0.992050
vn 0.590568 0.747321 0.304533
vn 0.308216 0.176940 0.934717
vn 0.848669 0.474819 0.233039
vn 0.172795 0.355476 0.918574
vn 0.130209 0.950880 0.280843
vn 0.180721 0.117833 0.976450
vn 0.728065 0.441874 0.524089
vn -0.649605 0.760271 0.000000
vn -0.888145 -0.459563 0.000000
vn -0.727889 -0.685695 0.000000
vn -0.996989 -0.077544 0.000000
vn -0.850973 0.525210 0.000000
vn -0.743949 0.668237 0.000000
vn -0.999538 -0.030403 0.000000
vn 0.212430 -0.977176 0.000000
vn 0.400685 -0.916216 0.000000
vn 0.014436 -0.999896 0.000000
vn 0.627886 -0.778305 0.000000
vn 0.968306 -0.249767 0.000000
vn 0.355041 0.934851 0.000000
vn 0.612064 0.790808 0.000000
vn 0.871224 0.490886 0.000000
vn 0.777409 0.628996 0.000000
vn -0.045093 0.998983 0.000000
vn 0.090414 0.153398 -0.984020
vn 0.439694 0.740536 -0.508208
vn 0.230547 0.359667 -0.904150
vn 0.653330 0.693577 -0.303496
vn -0.633256 0.709371 -0.309483
vn -0.281008 0.347391 -0.894625
vn -0.837087 -0.443555 -0.320226
vn -0.261278 -0.165777 -0.950921
vn -0.506485 -0.692489 -0.513742
vn -0.183000 -0.325316 -0.927729
vn -0.695884 -0.485550 -0.529137
vn -0.183430 -0.177599 -0.966857
vn -0.783190 0.452159 -0.426809
vn -0.098170 0.044268 -0.994185
vn -0.709926 0.622014 -0.330310
vn -0.182149 0.179843 -0.966684
vn -0.923520 -0.020398 -0.383007
vn -0.329595 -0.006803 -0.944098
vn 0.215280 -0.930044 -0.297780
vn 0.129999 -0.306808 -0.942852
vn 0.370924 -0.813682 -0.447590
vn 0.043110 -0.096814 -0.994368
vn 0.011667 -0.918802 -0.394545
vn -0.007723 -0.209357 -0.977809
vn 0.567198 -0.718166 -0.403142
vn 0.146076 -0.200174 -0.968810
vn 0.889489 -0.251986 -0.381199
vn 0.406536 -0.119669 -0.905764
vn 0.340315 0.909954 -0.237001
vn 0.077648 0.228977 -0.970330
vn 0.848669 0.474819 -0.233040
vn 0.590568 0.747321 -0.304533
vn 0.308216 0.176941 -0.934717
vn 0.077259 0.099340 -0.992050
vn 0.130209 0.950880 -0.280843
vn 0.172795 0.355477 -0.918574
vn 0.728065 0.441874 -0.524089
vn 0.180721 0.117833 -0.976450
vn -0.649605 0.760271 0.000000
vn -0.888145 -0.459563 0.000000
vn -0.727889 -0.685695 0.000000
vn -0.996989 -0.077544 0.000000
vn -0.850973 0.525210 0.000000
vn -0.743949 0.668237 0.000000
vn -0.999538 -0.030403 0.000000
vn 0.212430 -0.977176 0.000000
vn 0.400685 -0.916216 0.000000
vn 0.014436 -0.999896 0.000000
vn 0.627886 -0.778305 0.000000
vn 0.968306 -0.249767 0.000000
vn 0.355041 0.934851 0.000000
vn 0.612064 0.790808 0.000000
vn 0.871224 0.490886 0.000000
vn 0.777409 0.628996 0.000000
vn -0.045093 0.998983 0.000000
vn 0.478851 -0.128258 0.868477
vn 0.443366 -0.264389 0.856461
vn -0.016454 0.008450 0.999829
vn -0.047963 0.040967 0.998009
vn 0.365869 -0.366017 0.855670
vn 0.364949 -0.385703 0.847375
vn -0.045736 0.051557 0.997622
vn -0.032974 0.036051 0.998806
vn 0.489954 -0.119833 0.863473
vn -0.113475 0.020125 0.993337
vn -0.123650 0.122070 0.984789
vn -0.112727 0.126853 0.985495
vn -0.254196 0.161150 0.953632
vn -0.682552 0.183478 0.707431
vn -0.755567 0.201299 0.623375
vn -0.779571 0.157575 0.606167
vn -0.197478 0.224608 0.954229
vn -0.660293 0.751008 0.000000
vn -0.238398 0.229562 0.943646
vn -0.720330 0.693632 0.000000
vn -0.559920 0.083660 0.824312
vn -0.989021 0.147773 0.000000
vn -0.967322 0.253550 0.000000
vn -0.980177 0.198124 0.000000
vn -0.169171 -0.153121 0.973620
vn -0.758069 -0.260265 0.597991
vn -0.741401 -0.671062 0.000000
vn -0.991924 0.126837 0.000000
vn -0.945810 -0.324722 0.000000
vn 0.478850 -0.128258 -0.868477
vn -0.016453 0.008449 -0.999829
vn 0.443366 -0.264389 -0.856461
vn -0.047961 0.040966 -0.998009
vn -0.032977 0.036054 -0.998806
vn 0.364949 -0.385703 -0.847375
vn -0.045734 0.051555 -0.997622
vn 0.365869 -0.366017 -0.855670
vn -0.113474 0.020125 -0.993337
vn 0.489954 -0.119833 -0.863473
vn -0.123649 0.122069 -0.984789
vn -0.112728 0.126854 -0.985495
vn -0.254196 0.161150 -0.953633
vn -0.755568 0.201299 -0.623374
vn -0.682553 0.183478 -0.707430
vn -0.779571 0.157575 -0.606167
vn -0.197478 0.224608 -0.954229
vn -0.238398 0.229562 -0.943646
vn -0.660293 0.751008 0.000000
vn -0.720330 0.693632 0.000000
vn -0.559920 0.083660 -0.824312
vn -0.989021 0.147773 0.000000
vn -0.967322 0.253550 0.000000
vn -0.980177 0.198124 0.000000
vn -0.169171 -0.153121 -0.973620
vn -0.758069 -0.260266 -0.597991
vn -0.741401 -0.671062 0.000000
vn -0.991924 0.126837 0.000000
vn -0.945810 -0.324722 0.000000
vn 0.038369 0.034020 -0.998684
vn 0.411814 0.414012 -0.811790
vn 0.083812 0.190504 -0.978102
vn 0.483297 0.359123 -0.798407
vn 0.073528 -0.122934 -0.989687
vn 0.145173 -0.059777 -0.987599
vn 0.662445 0.161539 -0.731486
vn 0.509143 0.210310 -0.834592
vn 0.043266 0.023835 -0.998779
vn 0.360530 0.487707 -0.795085
vn 0.216985 0.317770 -0.923006
vn 0.316616 0.503981 -0.803590
vn 0.262895 0.694636 -0.669602
vn 0.277900 0.744051 -0.607585
vn 0.240344 0.556405 -0.795392
vn -0.444229 0.227172 -0.866633
vn -0.413203 0.685391 -0.599585
vn 0.006903 0.570192 -0.821483
vn -0.013969 0.844352 -0.535607
vn 0.533908 0.664503 -0.522856
vn 0.458949 0.477491 -0.749245
vn 0.109537 -0.310496 -0.944243
vn -0.107867 -0.395879 -0.911945
vn -0.072536 -0.459637 -0.885140
vn 0.317542 0.671932 -0.669085
vn 0.346234 0.724212 -0.596354
vn 0.278778 0.397339 -0.874302
vn 0.435548 0.728257 -0.529094
vn 0.139025 0.382352 -0.913498
vn 0.252326 0.815359 -0.521077
vn 0.225334 0.785339 -0.576600
vn 0.247732 0.650850 -0.717651
vn 0.222182 0.104748 -0.969362
vn -0.163999 -0.119921 -0.979144
vn -0.206349 -0.362583 -0.908820
vn -0.463539 -0.841119 -0.278657
vn -0.022091 -0.836443 -0.547608
vn -0.600258 -0.371319 -0.708387
vn -0.547696 -0.433180 -0.715811
vn 0.458426 0.229447 -0.858603
vn 0.164806 -0.026612 -0.985967
vn -0.371118 0.002896 -0.928581
vn -0.439326 -0.473909 -0.763153
vn -0.526897 -0.430352 -0.732924
vn 0.030416 -0.188039 -0.981690
vn -0.005663 0.353680 -0.935349
vn -0.119464 0.787989 -0.603988
vn -0.053171 0.246866 -0.967590
vn -0.264376 0.714024 -0.648286
vn 0.058735 0.460089 -0.885928
vn 0.042732 0.825692 -0.562500
vn 0.246512 0.164991 -0.954992
vn 0.711570 0.545837 -0.442414
vn 0.315647 0.685661 -0.655924
vn 0.377630 0.752833 -0.539108
vn 0.135041 0.390627 -0.910590
vn -0.053642 -0.239779 -0.969344
vn 0.269455 0.725791 -0.632947
vn 0.106529 -0.867327 -0.486205
vn 0.044028 -0.253379 -0.966365
vn -0.170542 -0.270950 -0.947366
vn -0.764142 -0.403613 -0.503173
vn -0.547364 -0.705412 -0.450319
vn -0.249547 -0.867675 -0.429961
vn -0.045743 -0.236595 -0.970531
vn -0.503646 -0.765262 -0.400892
vn -0.200937 -0.918233 -0.341281
vn 0.178286 -0.922676 -0.341881
vn -0.290270 -0.887655 -0.357509
vn -0.864446 -0.322946 -0.385277
vn -0.557768 0.341628 -0.756430
vn -0.246601 -0.853528 -0.458998
vn -0.857032 -0.515263 0.000000
vn -0.308894 -0.951097 0.000000
vn 0.177570 -0.984108 0.000000
vn -0.221036 -0.975266 0.000000
vn -0.567413 -0.823433 0.000000
vn -0.884577 -0.466394 0.000000
vn -0.599683 -0.800238 0.000000
vn -0.285202 -0.958467 0.000000
vn 0.100645 -0.994922 0.000000
vn 0.030079 -0.999548 0.000000
vn -0.469891 -0.882724 0.000000
vn -0.577629 -0.816300 0.000000
vn -0.697328 -0.716752 0.000000
vn -0.905329 -0.424711 0.000000
vn -0.985708 0.168463 0.000000
vn -0.285202 -0.958467 0.000000
vn 0.483297 0.359123 0.798407
vn 0.411814 0.414012 0.811790
vn 0.083812 0.190504 0.978102
vn 0.038369 0.034020 0.998684
vn 0.073530 -0.122934 0.989687
vn 0.662448 0.161539 0.731483
vn 0.145176 -0.059776 0.987599
vn 0.509144 0.210309 0.834592
vn 0.360530 0.487707 0.795085
vn 0.043267 0.023836 0.998779
vn 0.216985 0.317771 0.923006
vn 0.316616 0.503982 0.803590
vn 0.262896 0.694636 0.669602
vn 0.240344 0.556406 0.795391
vn 0.277900 0.744051 0.607585
vn -0.444230 0.227172 0.866633
vn 0.006903 0.570192 0.821483
vn -0.413203 0.685391 0.599585
vn -0.013969 0.844352 0.535607
vn 0.458949 0.477491 0.749245
vn 0.533908 0.664503 0.522856
vn 0.109537 -0.310496 0.944243
vn -0.107867 -0.395879 0.911945
vn 0.317542 0.671932 0.669085
vn -0.072536 -0.459637 0.885140
vn 0.346235 0.724212 0.596354
vn 0.278778 0.397339 0.874302
vn 0.139025 0.382353 0.913498
vn 0.435549 0.728258 0.529091
vn 0.252327 0.815360 0.521075
vn 0.225334 0.785340 0.576598
vn 0.247732 0.650851 0.717650
vn 0.222182 0.104747 0.969362
vn -0.206350 -0.362583 0.908820
vn -0.163999 -0.119921 0.979144
vn -0.463539 -0.841119 0.278658
vn -0.022091 -0.836443 0.547608
vn -0.600259 -0.371320 0.708386
vn -0.547695 -0.433179 0.715812
vn 0.458426 0.229447 0.858604
vn 0.164805 -0.026613 0.985967
vn -0.371118 0.002896 0.928581
vn -0.439327 -0.473909 0.763153
vn -0.526897 -0.430352 0.732924
vn 0.030422 -0.188040 0.981690
vn -0.005663 0.353679 0.935350
vn -0.053171 0.246866 0.967590
vn -0.119464 0.787989 0.603989
vn -0.264377 0.714025 0.648285
vn 0.058735 0.460089 0.885928
vn 0.042732 0.825692 0.562501
vn 0.246512 0.164991 0.954992
vn 0.711571 0.545838 0.442412
vn 0.315647 0.685661 0.655924
vn 0.377630 0.752833 0.539108
vn 0.135041 0.390627 0.910590
vn -0.053642 -0.239779 0.969344
vn 0.269455 0.725791 0.632947
vn 0.106529 -0.867327 0.486206
vn 0.044028 -0.253378 0.966365
vn -0.764143 -0.403613 0.503172
vn -0.170542 -0.270950 0.947365
vn -0.547365 -0.705412 0.450318
vn -0.249547 -0.867675 0.429961
vn -0.045743 -0.236595 0.970531
vn -0.503646 -0.765262 0.400892
vn -0.200937 -0.918233 0.341281
vn 0.178286 -0.922676 0.341881
vn -0.290269 -0.887655 0.357509
vn -0.864447 -0.322946 0.385276
vn -0.557770 0.341627 0.756428
vn -0.246601 -0.853527 0.458998
vn -0.857032 -0.515264 0.000000
vn -0.308894 -0.951097 0.000000
vn 0.177570 -0.984108 0.000000
vn -0.221036 -0.975266 0.000000
vn -0.567413 -0.823433 0.000000
vn -0.884577 -0.466394 0.000000
vn -0.599683 -0.800238 0.000000
vn -0.285202 -0.958467 0.000000
vn 0.100645 -0.994922 0.000000
vn 0.030079 -0.999548 0.000000
vn -0.469891 -0.882724 0.000000
vn -0.577629 -0.816300 0.000000
vn -0.697328 -0.716752 0.000000
vn -0.905329 -0.424711 0.000000
vn -0.985708 0.168463 0.000000
vn -0.285202 -0.958467 0.000000
vn -0.199068 -0.326915 0.923850
vn 0.000000 0.000000 1.000000
vn -0.335855 -0.183582 0.923850
vn -0.382650 0.008941 0.923850
vn -0.326914 0.199069 0.923850
vn -0.183581 0.335854 0.923851
vn 0.008941 0.382648 0.923851
vn 0.199068 0.326912 0.923851
vn 0.335856 0.183584 0.923849
vn 0.382649 -0.008942 0.923850
vn 0.326916 -0.199070 0.923849
vn 0.183580 -0.335854 0.923851
vn -0.008941 -0.382649 0.923850
vn -0.965926 0.258820 0.000000
vn -0.888255 0.092539 0.449933
vn -0.866024 0.500002 0.000000
vn -0.806649 0.474761 0.352022
vn 0.500001 -0.866025 0.000000
vn 0.461199 -0.814476 0.352028
vn 0.258820 -0.965926 0.000000
vn 0.072647 -0.889726 0.450678
vn 0.866024 -0.500002 0.000000
vn 0.806648 -0.474760 0.352025
vn 1.000000 -0.000000 0.000000
vn 0.935956 -0.007830 0.352029
vn 0.866024 0.500002 0.000000
vn 0.814476 0.461202 0.352026
vn 0.500001 0.866025 0.000000
vn 0.474760 0.806647 0.352028
vn -0.000000 1.000000 0.000000
vn 0.007829 0.935958 0.352026
vn -0.499999 0.866026 0.000000
vn -0.461198 0.814479 0.352024
vn -0.691127 -0.383289 0.612726
vn -0.406889 -0.677503 0.612723
vn -0.199068 -0.326915 -0.923850
vn -0.335855 -0.183582 -0.923850
vn 0.000000 0.000000 -1.000000
vn -0.382650 0.008941 -0.923850
vn -0.326915 0.199070 -0.923849
vn -0.183581 0.335855 -0.923850
vn 0.008941 0.382649 -0.923850
vn 0.199068 0.326912 -0.923851
vn 0.335857 0.183585 -0.923849
vn 0.382650 -0.008943 -0.923850
vn 0.326917 -0.199070 -0.923849
vn 0.183580 -0.335854 -0.923851
vn -0.008942 -0.382649 -0.923850
vn -0.965926 0.258820 0.000000
vn -0.866024 0.500002 0.000000
vn -0.888255 0.092539 -0.449933
vn -0.806649 0.474761 -0.352021
vn 0.500001 -0.866025 0.000000
vn 0.258820 -0.965926 0.000000
vn 0.461200 -0.814476 -0.352027
vn 0.072647 -0.889726 -0.450677
vn 0.866024 -0.500002 0.000000
vn 0.806649 -0.474760 -0.352024
vn 1.000000 -0.000000 0.000000
vn 0.935957 -0.007830 -0.352028
vn 0.866024 0.500002 0.000000
vn 0.814476 0.461202 -0.352024
vn 0.500001 0.866025 0.000000
vn 0.474760 0.806647 -0.352028
vn -0.000000 1.000000 0.000000
vn 0.007829 0.935958 -0.352026
vn -0.499999 0.866026 0.000000
vn -0.461198 0.814479 -0.352024
vn -0.691126 -0.383289 -0.612727
vn -0.406890 -0.677504 -0.612723
vn -0.077998 -0.043912 -0.995986
vn -0.000001 0.000000 -1.000000
vn -0.070328 -0.015118 -0.997409
vn -0.043149 -0.147414 -0.988133
vn -0.213844 -0.281967 -0.935289
vn -0.171823 -0.283288 -0.943517
vn -0.127561 -0.337746 -0.932553
vn -0.354769 0.144664 -0.923694
vn -0.272899 -0.351289 -0.895613
vn -0.087977 -0.099359 -0.991155
vn -0.382537 -0.225592 -0.895976
vn -0.000001 -0.000001 -1.000000
vn -0.216660 -0.388149 -0.895767
vn -0.049837 -0.087765 -0.994894
vn -0.397385 -0.462144 -0.792785
vn -0.043320 -0.089576 -0.995037
vn -0.197967 -0.320558 -0.926311
vn 0.000169 -0.082162 -0.996619
vn -0.042741 -0.081811 -0.995731
vn -0.029955 -0.733556 -0.678968
vn -0.354866 -0.644347 -0.677412
vn -0.000001 -0.000002 -1.000000
vn 0.303487 -0.684826 -0.662502
vn 0.027928 -0.063605 -0.997584
vn -0.051927 -0.762999 -0.644311
vn -0.026978 -0.233426 -0.972000
vn -0.016571 -0.141544 -0.989793
vn -0.044025 -0.144814 -0.988479
vn -0.090873 -0.810713 -0.578347
vn -0.227025 -0.738804 -0.634530
vn 0.029307 -0.090145 -0.995497
vn 0.239880 -0.715135 -0.656536
vn 0.093002 -0.681974 -0.725440
vn 0.056866 -0.414844 -0.908114
vn -0.020850 -0.075238 -0.996948
vn -0.238198 -0.789077 -0.566233
vn -0.025720 -0.141591 -0.989591
vn -0.139862 -0.792410 -0.593738
vn -0.000000 -0.000002 -1.000000
vn 0.000000 -0.000001 -1.000000
vn -0.000001 -0.000001 -1.000000
vn 0.000000 -0.000001 -1.000000
vn 0.000001 -0.000001 -1.000000
vn 0.000010 0.000007 -1.000000
vn 0.000005 0.000002 -1.000000
vn 0.000011 0.000009 -1.000000
vn 0.000004 -0.000003 -1.000000
vn 0.000004 -0.000006 -1.000000
vn 0.000002 -0.000003 -1.000000
vn 0.000002 -0.000006 -1.000000
vn 0.000001 -0.000001 -1.000000
vn 0.000003 -0.000000 -1.000000
vn 0.000008 -0.000004 -1.000000
vn 0.000009 0.000000 -1.000000
vn 0.000010 0.000003 -1.000000
vn -0.000000 -0.000000 -1.000000
vn -0.000000 -0.000000 -1.000000
vn -0.000000 -0.000000 -1.000000
vn -0.000000 -0.000000 -1.000000
vn -0.077998 -0.043912 0.995986
vn -0.070328 -0.015118 0.997409
vn -0.000001 0.000000 1.000000
vn -0.043149 -0.147414 0.988133
vn -0.171823 -0.283287 0.943517
vn -0.127561 -0.337746 0.932553
vn -0.213844 -0.281966 0.935289
vn -0.354769 0.144664 0.923694
vn -0.272899 -0.351289 0.895613
vn -0.382538 -0.225592 0.895976
vn -0.087977 -0.099359 0.991155
vn -0.000001 -0.000001 1.000000
vn -0.216660 -0.388149 0.895767
vn -0.049837 -0.087765 0.994894
vn -0.397385 -0.462145 0.792784
vn -0.197967 -0.320558 0.926311
vn -0.043320 -0.089576 0.995037
vn -0.354867 -0.644349 0.677410
vn -0.042741 -0.081811 0.995731
vn -0.029956 -0.733556 0.678969
vn 0.000169 -0.082162 0.996619
vn -0.000001 -0.000002 1.000000
vn 0.303487 -0.684824 0.662504
vn 0.027928 -0.063605 0.997584
vn -0.051927 -0.762999 0.644311
vn -0.026978 -0.233426 0.972000
vn -0.227025 -0.738804 0.634530
vn -0.044024 -0.144814 0.988479
vn -0.090873 -0.810714 0.578347
vn -0.016571 -0.141544 0.989793
vn 0.239880 -0.715136 0.656535
vn 0.029307 -0.090145 0.995497
vn 0.093002 -0.681972 0.725441
vn 0.056866 -0.414843 0.908114
vn -0.238198 -0.789077 0.566233
vn -0.020850 -0.075238 0.996948
vn -0.139862 -0.792410 0.593738
vn -0.025720 -0.141591 0.989591
vn 0.000000 -0.000001 1.000000
vn -0.000000 -0.000002 1.000000
vn -0.000001 -0.000001 1.000000
vn 0.000000 -0.000001 1.000000
vn 0.000001 -0.000001 1.000000
vn 0.000004 -0.000003 1.000000
vn 0.000005 0.000002 1.000000
vn 0.000011 0.000009 1.000000
vn 0.000010 0.000008 1.000000
vn 0.000004 -0.000006 1.000000
vn 0.000002 -0.000006 1.000000
vn 0.000002 -0.000003 1.000000
vn 0.000001 -0.000001 1.000000
vn 0.000003 -0.000000 1.000000
vn 0.000009 0.000000 1.000000
vn 0.000008 -0.000004 1.000000
vn 0.000010 0.000003 1.000000
vn -0.000000 -0.000000 1.000000
vn -0.000000 -0.000000 1.000000
vn -0.000000 -0.000000 1.000000
vn -0.000000 -0.000000 1.000000
s 1
g blade
f 1454/1900/1802 1447/1899/1803 1449/1897/1804
f 1449/1897/1804 1447/1899/1803 1448/1898/1805
f 1458/1901/1806 1444/1903/1807 1455/1902/1808
f 1447/1899/1803 1454/1900/1802 1446/1904/1809
f 1446/1904/1809 1454/1900/1802 1455/1902/1808
f 1455/1902/1808 1444/1903/1807 1446/1904/1809
f 1446/1904/1809 1444/1903/1807 1445/1905/1810
f 1459/1907/1811 1443/1906/1812 1458/1901/1806
f 1458/1901/1806 1443/1906/1812 1444/1903/1807
f 1450/1908/1813 1454/1900/1802 1449/1897/1804
f 1450/1908/1813 1455/1902/1808 1454/1900/1802
f 1458/1901/1806 1457/1911/1814 1453/1909/1815
f 1453/1909/1815 1457/1911/1814 1452/1910/1816
f 1442/1912/1817 1459/1907/1811 1453/1909/1815
f 1453/1909/1815 1459/1907/1811 1458/1901/1806
f 1455/1902/1808 1450/1908/1813 1458/1901/1806
f 1450/1908/1813 1456/1913/1818 1458/1901/1806
f 1458/1901/1806 1456/1913/1818 1457/1911/1814
f 1456/1913/1818 1451/1914/1819 1457/1911/1814
f 1457/1911/1814 1451/1914/1819 1452/1910/1816
s 4
f 1448/1916/1820 1447/1917/1821 1462/1915/1822
f 1462/1915/1822 1447/1917/1821 1464/1918/1823
f 1468/1919/1824 1465/1920/1825 1461/1921/1826
f 1447/1917/1821 1446/1922/1827 1464/1918/1823
f 1464/1918/1823 1446/1922/1827 1465/1920/1825
f 1445/1923/1828 1461/1921/1826 1446/1922/1827
f 1446/1922/1827 1461/1921/1826 1465/1920/1825
f 1461/1921/1826 1460/1924/1829 1468/1919/1824
f 1468/1919/1824 1460/1924/1829 1469/1925/1830
f 1463/1926/1831 1462/1915/1822 1464/1918/1823
f 1463/1926/1831 1464/1918/1823 1465/1920/1825
f 1452/1928/1832 1467/1929/1833 1453/1927/1834
f 1453/1927/1834 1467/1929/1833 1468/1919/1824
f 1442/1930/1835 1453/1927/1834 1469/1925/1830
f 1469/1925/1830 1453/1927/1834 1468/1919/1824
f 1465/1920/1825 1468/1919/1824 1463/1926/1831
f 1463/1926/1831 1468/1919/1824 1466/1931/1836
f 1468/1919/1824 1467/1929/1833 1466/1931/1836
f 1452/1928/1832 1451/1932/1837 1467/1929/1833
f 1467/1929/1833 1451/1932/1837 1466/1931/1836
s 7
f 1470/1933/1838 1494/1934/1839 1471/1936/1840
f 1471/1936/1840 1494/1934/1839 1495/1935/1841
f 1477/1937/1842 1500/1938/1843 1507/1939/1844
f 1496/1941/1845 1497/1942/1846 1473/1940/1847
f 1473/1940/1847 1497/1942/1846 1474/1943/1848
f 1495/1935/1841 1496/1941/1845 1472/1944/1849
f 1472/1944/1849 1496/1941/1845 1473/1940/1847
f 1471/1936/1840 1495/1935/1841 1506/1945/1850
f 1483/1946/1851 1505/1947/1852 1484/1948/1853
f 1475/1949/1854 1498/1950/1855 1476/1952/1856
f 1476/1952/1856 1498/1950/1855 1499/1951/1857
f 1499/1951/1857 1500/1938/1843 1476/1952/1856
f 1476/1952/1856 1500/1938/1843 1477/1937/1842
f 1498/1950/1855 1475/1949/1854 1497/1942/1846
f 1497/1942/1846 1475/1949/1854 1474/1943/1848
f 1505/1947/1852 1485/1953/1858 1484/1948/1853
f 1482/1954/1859 1504/1955/1860 1483/1946/1851
f 1483/1946/1851 1504/1955/1860 1505/1947/1852
f 1504/1955/1860 1486/1956/1861 1505/1947/1852
f 1505/1947/1852 1486/1956/1861 1485/1953/1858
f 1481/1957/1862 1503/1958/1863 1482/1954/1859
f 1482/1954/1859 1503/1958/1863 1504/1955/1860
f 1470/1933/1838 1493/1959/1864 1494/1934/1839
f 1502/1961/1865 1503/1958/1863 1480/1960/1866
f 1480/1960/1866 1503/1958/1863 1481/1957/1862
f 1478/1962/1867 1480/1960/1866 1479/1963/1868
f 1502/1961/1865 1487/1964/1869 1503/1958/1863
f 1503/1958/1863 1487/1964/1869 1504/1955/1860
f 1504/1955/1860 1487/1964/1869 1486/1956/1861
f 1501/1965/1870 1488/1966/1871 1502/1961/1865
f 1502/1961/1865 1488/1966/1871 1487/1964/1869
f 1500/1938/1843 1490/1967/1872 1507/1939/1844
f 1507/1939/1844 1490/1967/1872 1489/1968/1873
f 1491/1969/1874 1490/1967/1872 1499/1951/1857
f 1499/1951/1857 1490/1967/1872 1500/1938/1843
f 1498/1950/1855 1491/1969/1874 1499/1951/1857
f 1497/1942/1846 1492/1970/1875 1498/1950/1855
f 1498/1950/1855 1492/1970/1875 1491/1969/1874
f 1493/1959/1864 1492/1970/1875 1496/1941/1845
f 1496/1941/1845 1492/1970/1875 1497/1942/1846
f 1494/1934/1839 1493/1959/1864 1495/1935/1841
f 1495/1935/1841 1493/1959/1864 1496/1941/1845
f 1501/1965/1870 1502/1961/1865 1478/1962/1867
f 1478/1962/1867 1502/1961/1865 1480/1960/1866
f 1506/1945/1850 1495/1935/1841 1472/1944/1849
f 1489/1968/1873 1488/1966/1871 1507/1939/1844
f 1507/1939/1844 1488/1966/1871 1501/1965/1870
f 1477/1937/1842 1507/1939/1844 1478/1962/1867
f 1478/1962/1867 1507/1939/1844 1501/1965/1870
f 1479/1963/1868 1480/1960/1866 1508/1972/1876
f 1508/1972/1876 1480/1960/1866 1509/1971/1877
f 1480/1960/1866 1481/1957/1862 1509/1971/1877
f 1509/1971/1877 1481/1957/1862 1510/1973/1878
f 1481/1957/1862 1482/1954/1859 1510/1973/1878
f 1510/1973/1878 1482/1954/1859 1511/1974/1879
f 1482/1954/1859 1483/1946/1851 1511/1974/1879
f 1511/1974/1879 1483/1946/1851 1512/1975/1880
f 1483/1946/1851 1484/1948/1853 1512/1975/1880
f 1484/1948/1853 1485/1953/1858 1513/1976/1881
f 1486/1956/1861 1514/1977/1882 1485/1953/1858
f 1485/1953/1858 1514/1977/1882 1513/1976/1881
f 1487/1964/1869 1515/1978/1883 1486/1956/1861
f 1486/1956/1861 1515/1978/1883 1514/1977/1882
f 1488/1966/1871 1516/1979/1884 1487/1964/1869
f 1487/1964/1869 1516/1979/1884 1515/1978/1883
f 1489/1968/1873 1517/1980/1885 1488/1966/1871
f 1488/1966/1871 1517/1980/1885 1516/1979/1884
f 1489/1968/1873 1490/1967/1872 1517/1982/1885
f 1517/1982/1885 1490/1967/1872 1518/1981/1886
s 17
f 1470/1983/1887 1471/1984/1888 1539/1986/1889
f 1539/1986/1889 1471/1984/1888 1540/1985/1890
f 1524/1987/1891 1552/1988/1892 1545/1989/1893
f 1521/1991/1894 1542/1992/1895 1520/1990/1896
f 1520/1990/1896 1542/1992/1895 1541/1993/1897
f 1520/1990/1896 1541/1993/1897 1519/1994/1898
f 1519/1994/1898 1541/1993/1897 1540/1985/1890
f 1471/1984/1888 1551/1995/1899 1540/1985/1890
f 1530/1996/1900 1484/1997/1901 1550/1998/1902
f 1522/1999/1903 1523/2000/1904 1543/2002/1905
f 1543/2002/1905 1523/2000/1904 1544/2001/1906
f 1524/1987/1891 1545/1989/1893 1523/2000/1904
f 1523/2000/1904 1545/1989/1893 1544/2001/1906
f 1521/1991/1894 1522/1999/1903 1542/1992/1895
f 1542/1992/1895 1522/1999/1903 1543/2002/1905
f 1550/1998/1902 1484/1997/1901 1531/2003/1907
f 1529/2004/1908 1530/1996/1900 1549/2005/1909
f 1549/2005/1909 1530/1996/1900 1550/1998/1902
f 1549/2005/1909 1550/1998/1902 1532/2006/1910
f 1532/2006/1910 1550/1998/1902 1531/2003/1907
f 1528/2007/1911 1529/2004/1908 1548/2008/1912
f 1548/2008/1912 1529/2004/1908 1549/2005/1909
f 1470/1983/1887 1539/1986/1889 1493/2009/1913
f 1528/2007/1911 1548/2008/1912 1527/2010/1914
f 1527/2010/1914 1548/2008/1912 1547/2011/1915
f 1525/2012/1916 1526/2013/1917 1527/2010/1914
f 1547/2011/1915 1548/2008/1912 1533/2014/1918
f 1548/2008/1912 1549/2005/1909 1533/2014/1918
f 1533/2014/1918 1549/2005/1909 1532/2006/1910
f 1546/2015/1919 1547/2011/1915 1534/2016/1920
f 1534/2016/1920 1547/2011/1915 1533/2014/1918
f 1545/1989/1893 1552/1988/1892 1536/2018/1921
f 1536/2018/1921 1552/1988/1892 1535/2017/1922
f 1545/1989/1893 1536/2018/1921 1544/2001/1906
f 1544/2001/1906 1536/2018/1921 1537/2019/1923
f 1543/2002/1905 1544/2001/1906 1537/2019/1923
f 1542/1992/1895 1543/2002/1905 1538/2020/1924
f 1538/2020/1924 1543/2002/1905 1537/2019/1923
f 1542/1992/1895 1538/2020/1924 1541/1993/1897
f 1541/1993/1897 1538/2020/1924 1493/2009/1913
f 1539/1986/1889 1540/1985/1890 1493/2009/1913
f 1540/1985/1890 1541/1993/1897 1493/2009/1913
f 1546/2015/1919 1525/2012/1916 1547/2011/1915
f 1547/2011/1915 1525/2012/1916 1527/2010/1914
f 1551/1995/1899 1519/1994/1898 1540/1985/1890
f 1546/2015/1919 1534/2016/1920 1552/1988/1892
f 1552/1988/1892 1534/2016/1920 1535/2017/1922
f 1524/1987/1891 1525/2012/1916 1552/1988/1892
f 1552/1988/1892 1525/2012/1916 1546/2015/1919
f 1526/2013/1917 1508/2021/1925 1527/2010/1914
f 1527/2010/1914 1508/2021/1925 1509/2022/1926
f 1527/2010/1914 1509/2022/1926 1528/2007/1911
f 1528/2007/1911 1509/2022/1926 1510/2023/1927
f 1528/2007/1911 1510/2023/1927 1529/2004/1908
f 1529/2004/1908 1510/2023/1927 1511/2024/1928
f 1529/2004/1908 1511/2024/1928 1530/1996/1900
f 1530/1996/1900 1511/2024/1928 1512/2025/1929
f 1530/1996/1900 1512/2025/1929 1484/1997/1901
f 1484/1997/1901 1513/2026/1930 1531/2003/1907
f 1513/2026/1930 1514/2027/1931 1531/2003/1907
f 1531/2003/1907 1514/2027/1931 1532/2006/1910
f 1514/2027/1931 1515/2028/1932 1532/2006/1910
f 1532/2006/1910 1515/2028/1932 1533/2014/1918
f 1515/2028/1932 1516/2029/1933 1533/2014/1918
f 1533/2014/1918 1516/2029/1933 1534/2016/1920
f 1516/2029/1933 1517/2030/1934 1534/2016/1920
f 1534/2016/1920 1517/2030/1934 1535/2017/1922
f 1535/2017/1922 1517/2031/1934 1536/2018/1921
f 1536/2018/1921 1517/2031/1934 1518/2032/1935
s 26
f 1596/2033/1936 1597/2034/1937 1574/2036/1938
f 1574/2036/1938 1597/2034/1937 1573/2035/1939
f 1591/2038/1940 1583/2039/1941 1590/2037/1942
f 1590/2037/1942 1583/2039/1941 1578/2040/1943
f 1561/2041/1944 1558/2042/1945 1560/2044/1946
f 1560/2044/1946 1558/2042/1945 1559/2043/1947
f 1562/2045/1948 1557/2046/1949 1561/2041/1944
f 1561/2041/1944 1557/2046/1949 1558/2042/1945
f 1597/2034/1937 1598/2047/1950 1573/2035/1939
f 1573/2035/1939 1598/2047/1950 1572/2048/1951
f 1571/2049/1952 1598/2047/1950 1595/2050/1953
f 1571/2049/1952 1595/2050/1953 1570/2051/1954
f 1584/2052/1955 1577/2053/1956 1583/2039/1941
f 1583/2039/1941 1577/2053/1956 1578/2040/1943
f 1585/2054/1957 1576/2055/1958 1584/2052/1955
f 1584/2052/1955 1576/2055/1958 1577/2053/1956
f 1555/2056/1959 1580/2057/1960 1556/2059/1961
f 1556/2059/1961 1580/2057/1960 1579/2058/1962
f 1556/2059/1961 1579/2058/1962 1557/2046/1949
f 1586/2060/1963 1575/2061/1964 1585/2054/1957
f 1585/2054/1957 1575/2061/1964 1576/2055/1958
f 1554/2062/1965 1581/2063/1966 1555/2056/1959
f 1555/2056/1959 1581/2063/1966 1580/2057/1960
f 1553/2064/1967 1582/2065/1968 1554/2062/1965
f 1554/2062/1965 1582/2065/1968 1581/2063/1966
f 1579/2058/1962 1583/2039/1941 1557/2046/1949
f 1557/2046/1949 1583/2039/1941 1591/2038/1940
f 1580/2057/1960 1584/2052/1955 1579/2058/1962
f 1579/2058/1962 1584/2052/1955 1583/2039/1941
f 1581/2063/1966 1585/2054/1957 1580/2057/1960
f 1580/2057/1960 1585/2054/1957 1584/2052/1955
f 1582/2065/1968 1586/2060/1963 1581/2063/1966
f 1581/2063/1966 1586/2060/1963 1585/2054/1957
f 1559/2043/1947 1587/2066/1969 1560/2044/1946
f 1560/2044/1946 1587/2066/1969 1588/2067/1970
f 1589/2068/1971 1590/2037/1942 1578/2040/1943
f 1590/2037/1942 1589/2068/1971 1559/2043/1947
f 1559/2043/1947 1589/2068/1971 1587/2066/1969
f 1591/2038/1940 1590/2037/1942 1558/2042/1945
f 1558/2042/1945 1590/2037/1942 1559/2043/1947
f 1557/2046/1949 1591/2038/1940 1558/2042/1945
f 1569/2069/1972 1566/2070/1973 1568/2072/1974
f 1568/2072/1974 1566/2070/1973 1567/2071/1975
f 1554/2062/1965 1593/2073/1976 1553/2064/1967
f 1553/2064/1967 1593/2073/1976 1592/2074/1977
f 1594/2075/1978 1593/2073/1976 1555/2056/1959
f 1555/2056/1959 1593/2073/1976 1554/2062/1965
f 1595/2050/1953 1594/2075/1978 1556/2059/1961
f 1556/2059/1961 1594/2075/1978 1555/2056/1959
f 1569/2069/1972 1562/2045/1948 1563/2076/1979
f 1592/2074/1977 1593/2073/1976 1596/2033/1936
f 1596/2033/1936 1593/2073/1976 1597/2034/1937
f 1598/2047/1950 1597/2034/1937 1594/2075/1978
f 1594/2075/1978 1597/2034/1937 1593/2073/1976
f 1595/2050/1953 1598/2047/1950 1594/2075/1978
f 1572/2048/1951 1598/2047/1950 1571/2049/1952
f 1570/2051/1954 1595/2050/1953 1569/2069/1972
f 1562/2045/1948 1556/2059/1961 1557/2046/1949
f 1595/2050/1953 1556/2059/1961 1569/2069/1972
f 1569/2069/1972 1556/2059/1961 1562/2045/1948
f 1569/2069/1972 1565/2077/1980 1566/2070/1973
f 1569/2069/1972 1563/2076/1979 1564/2078/1981
f 1569/2069/1972 1564/2078/1981 1565/2077/1980
f 1568/2079/1974 1567/2080/1975 1600/2082/1982
f 1600/2082/1982 1567/2080/1975 1599/2081/1983
f 1569/2083/1972 1568/2079/1974 1601/2084/1984
f 1601/2084/1984 1568/2079/1974 1600/2082/1982
f 1570/2085/1954 1569/2083/1972 1602/2086/1985
f 1602/2086/1985 1569/2083/1972 1601/2084/1984
f 1572/2087/1951 1571/2088/1952 1603/2089/1986
f 1571/2088/1952 1570/2085/1954 1603/2089/1986
f 1603/2089/1986 1570/2085/1954 1602/2086/1985
s 37
f 1637/2090/1987 1574/2091/1988 1638/2093/1989
f 1638/2093/1989 1574/2091/1988 1573/2092/1990
f 1578/2095/1991 1627/2096/1992 1631/2094/1993
f 1631/2094/1993 1627/2096/1992 1632/2097/1994
f 1612/2098/1995 1611/2099/1996 1609/2101/1997
f 1609/2101/1997 1611/2099/1996 1610/2100/1998
f 1613/2102/1999 1612/2098/1995 1608/2103/2000
f 1608/2103/2000 1612/2098/1995 1609/2101/1997
f 1572/2104/2001 1639/2105/2002 1573/2092/1990
f 1573/2092/1990 1639/2105/2002 1638/2093/1989
f 1622/2106/2003 1636/2107/2004 1639/2105/2002
f 1622/2106/2003 1621/2108/2005 1636/2107/2004
f 1578/2095/1991 1577/2109/2006 1627/2096/1992
f 1627/2096/1992 1577/2109/2006 1628/2110/2007
f 1577/2109/2006 1576/2111/2008 1628/2110/2007
f 1628/2110/2007 1576/2111/2008 1629/2112/2009
f 1606/2113/2010 1607/2114/2011 1624/2116/2012
f 1624/2116/2012 1607/2114/2011 1623/2115/2013
f 1607/2114/2011 1608/2103/2000 1623/2115/2013
f 1576/2111/2008 1575/2117/2014 1629/2112/2009
f 1629/2112/2009 1575/2117/2014 1630/2118/2015
f 1605/2119/2016 1606/2113/2010 1625/2120/2017
f 1625/2120/2017 1606/2113/2010 1624/2116/2012
f 1625/2120/2017 1626/2121/2018 1605/2119/2016
f 1605/2119/2016 1626/2121/2018 1604/2122/2019
f 1632/2097/1994 1627/2096/1992 1608/2103/2000
f 1608/2103/2000 1627/2096/1992 1623/2115/2013
f 1627/2096/1992 1628/2110/2007 1623/2115/2013
f 1623/2115/2013 1628/2110/2007 1624/2116/2012
f 1628/2110/2007 1629/2112/2009 1624/2116/2012
f 1624/2116/2012 1629/2112/2009 1625/2120/2017
f 1629/2112/2009 1630/2118/2015 1625/2120/2017
f 1625/2120/2017 1630/2118/2015 1626/2121/2018
f 1588/2123/2020 1587/2124/2021 1611/2099/1996
f 1611/2099/1996 1587/2124/2021 1610/2100/1998
f 1589/2125/2022 1578/2095/1991 1631/2094/1993
f 1587/2124/2021 1589/2125/2022 1610/2100/1998
f 1610/2100/1998 1589/2125/2022 1631/2094/1993
f 1610/2100/1998 1631/2094/1993 1609/2101/1997
f 1609/2101/1997 1631/2094/1993 1632/2097/1994
f 1608/2103/2000 1609/2101/1997 1632/2097/1994
f 1620/2126/2023 1619/2127/2024 1617/2129/2025
f 1617/2129/2025 1619/2127/2024 1618/2128/2026
f 1633/2130/2027 1634/2131/2028 1604/2122/2019
f 1604/2122/2019 1634/2131/2028 1605/2119/2016
f 1635/2132/2029 1606/2113/2010 1634/2131/2028
f 1634/2131/2028 1606/2113/2010 1605/2119/2016
f 1636/2107/2004 1607/2114/2011 1635/2132/2029
f 1635/2132/2029 1607/2114/2011 1606/2113/2010
f 1620/2126/2023 1614/2133/2030 1613/2102/1999
f 1633/2130/2027 1637/2090/1987 1634/2131/2028
f 1634/2131/2028 1637/2090/1987 1638/2093/1989
f 1639/2105/2002 1635/2132/2029 1638/2093/1989
f 1638/2093/1989 1635/2132/2029 1634/2131/2028
f 1636/2107/2004 1635/2132/2029 1639/2105/2002
f 1572/2104/2001 1622/2106/2003 1639/2105/2002
f 1621/2108/2005 1620/2126/2023 1636/2107/2004
f 1613/2102/1999 1608/2103/2000 1607/2114/2011
f 1613/2102/1999 1607/2114/2011 1620/2126/2023
f 1620/2126/2023 1607/2114/2011 1636/2107/2004
f 1620/2126/2023 1617/2129/2025 1616/2134/2031
f 1620/2126/2023 1615/2135/2032 1614/2133/2030
f 1620/2126/2023 1616/2134/2031 1615/2135/2032
f 1619/2136/2024 1600/2137/2033 1618/2139/2026
f 1618/2139/2026 1600/2137/2033 1599/2138/2034
f 1620/2140/2023 1601/2141/2035 1619/2136/2024
f 1619/2136/2024 1601/2141/2035 1600/2137/2033
f 1621/2142/2005 1602/2143/2036 1620/2140/2023
f 1620/2140/2023 1602/2143/2036 1601/2141/2035
f 1572/2144/2001 1603/2145/2037 1622/2146/2003
f 1622/2146/2003 1603/2145/2037 1621/2142/2005
f 1621/2142/2005 1603/2145/2037 1602/2143/2036
s 48
f 1655/2148/2038 1656/2149/2039 1677/2147/2040
f 1677/2147/2040 1656/2149/2039 1676/2150/2041
f 1640/2151/2042 1641/2152/2043 1659/2154/2044
f 1659/2154/2044 1641/2152/2043 1660/2153/2045
f 1661/2156/2046 1660/2153/2045 1642/2155/2047
f 1642/2155/2047 1660/2153/2045 1641/2152/2043
f 1662/2158/2048 1661/2156/2046 1643/2157/2049
f 1643/2157/2049 1661/2156/2046 1642/2155/2047
f 1663/2160/2050 1662/2158/2048 1644/2159/2051
f 1644/2159/2051 1662/2158/2048 1643/2157/2049
f 1645/2161/2052 1664/2162/2053 1644/2159/2051
f 1644/2159/2051 1664/2162/2053 1663/2160/2050
f 1646/2163/2054 1665/2164/2055 1645/2161/2052
f 1645/2161/2052 1665/2164/2055 1664/2162/2053
f 1666/2166/2056 1665/2164/2055 1647/2165/2057
f 1647/2165/2057 1665/2164/2055 1646/2163/2054
f 1667/2168/2058 1666/2166/2056 1648/2167/2059
f 1648/2167/2059 1666/2166/2056 1647/2165/2057
f 1649/2169/2060 1668/2170/2061 1648/2167/2059
f 1648/2167/2059 1668/2170/2061 1667/2168/2058
f 1650/2171/2062 1669/2172/2063 1649/2169/2060
f 1649/2169/2060 1669/2172/2063 1668/2170/2061
f 1672/2174/2064 1673/2175/2065 1652/2173/2066
f 1652/2173/2066 1673/2175/2065 1651/2176/2067
f 1671/2178/2068 1653/2179/2069 1670/2177/2070
f 1670/2177/2070 1653/2179/2069 1654/2180/2071
f 1652/2173/2066 1653/2179/2069 1672/2174/2064
f 1672/2174/2064 1653/2179/2069 1671/2178/2068
f 1674/2181/2072 1658/2182/2073 1659/2154/2044
f 1659/2154/2044 1658/2182/2073 1640/2151/2042
f 1651/2176/2067 1673/2175/2065 1650/2171/2062
f 1650/2171/2062 1673/2175/2065 1669/2172/2063
f 1675/2183/2074 1657/2184/2075 1674/2181/2072
f 1674/2181/2072 1657/2184/2075 1658/2182/2073
f 1676/2150/2041 1656/2149/2039 1675/2183/2074
f 1675/2183/2074 1656/2149/2039 1657/2184/2075
f 1664/2162/2053 1665/2164/2055 1667/2168/2058
f 1667/2168/2058 1665/2164/2055 1666/2166/2056
f 1677/2147/2040 1670/2177/2070 1655/2148/2038
f 1655/2148/2038 1670/2177/2070 1654/2180/2071
f 1675/2183/2074 1674/2181/2072 1660/2153/2045
f 1660/2153/2045 1674/2181/2072 1659/2154/2044
f 1676/2150/2041 1675/2183/2074 1661/2156/2046
f 1661/2156/2046 1675/2183/2074 1660/2153/2045
f 1671/2178/2068 1670/2177/2070 1663/2160/2050
f 1663/2160/2050 1670/2177/2070 1662/2158/2048
f 1670/2177/2070 1677/2147/2040 1662/2158/2048
f 1677/2147/2040 1676/2150/2041 1662/2158/2048
f 1662/2158/2048 1676/2150/2041 1661/2156/2046
f 1671/2178/2068 1663/2160/2050 1668/2170/2061
f 1668/2170/2061 1663/2160/2050 1667/2168/2058
f 1663/2160/2050 1664/2162/2053 1667/2168/2058
f 1673/2175/2065 1672/2174/2064 1669/2172/2063
f 1672/2174/2064 1671/2178/2068 1669/2172/2063
f 1669/2172/2063 1671/2178/2068 1668/2170/2061
f 1640/2185/2042 1678/2186/2076 1641/2188/2043
f 1641/2188/2043 1678/2186/2076 1679/2187/2077
f 1641/2188/2043 1679/2187/2077 1642/2190/2047
f 1642/2190/2047 1679/2187/2077 1680/2189/2078
f 1643/2191/2049 1681/2192/2079 1644/2194/2051
f 1644/2194/2051 1681/2192/2079 1682/2193/2080
f 1644/2194/2051 1682/2193/2080 1645/2196/2052
f 1645/2196/2052 1682/2193/2080 1683/2195/2081
f 1645/2196/2052 1683/2195/2081 1646/2198/2054
f 1646/2198/2054 1683/2195/2081 1684/2197/2082
f 1646/2198/2054 1684/2197/2082 1647/2200/2057
f 1647/2200/2057 1684/2197/2082 1685/2199/2083
f 1647/2200/2057 1685/2199/2083 1648/2202/2059
f 1648/2202/2059 1685/2199/2083 1686/2201/2084
f 1648/2202/2059 1686/2201/2084 1649/2204/2060
f 1649/2204/2060 1686/2201/2084 1687/2203/2085
f 1649/2204/2060 1687/2203/2085 1650/2206/2062
f 1650/2206/2062 1687/2203/2085 1688/2205/2086
f 1650/2206/2062 1688/2205/2086 1651/2208/2067
f 1651/2208/2067 1688/2205/2086 1689/2207/2087
f 1651/2208/2067 1689/2207/2087 1652/2210/2066
f 1652/2210/2066 1689/2207/2087 1690/2209/2088
f 1652/2210/2066 1690/2209/2088 1653/2212/2069
f 1653/2212/2069 1690/2209/2088 1691/2211/2089
f 1653/2212/2069 1691/2211/2089 1654/2214/2071
f 1654/2214/2071 1691/2211/2089 1692/2213/2090
f 1654/2214/2071 1692/2213/2090 1655/2216/2038
f 1655/2216/2038 1692/2213/2090 1693/2215/2091
f 1658/2217/2073 1694/2218/2092 1640/2185/2042
f 1640/2185/2042 1694/2218/2092 1678/2186/2076
s 62
f 1731/2220/2093 1711/2221/2094 1732/2219/2095
f 1732/2219/2095 1711/2221/2094 1710/2222/2096
f 1695/2223/2097 1714/2224/2098 1696/2226/2099
f 1696/2226/2099 1714/2224/2098 1715/2225/2100
f 1696/2226/2099 1715/2225/2100 1697/2227/2101
f 1697/2227/2101 1715/2225/2100 1716/2228/2102
f 1697/2227/2101 1716/2228/2102 1698/2229/2103
f 1698/2229/2103 1716/2228/2102 1717/2230/2104
f 1698/2229/2103 1717/2230/2104 1699/2231/2105
f 1699/2231/2105 1717/2230/2104 1718/2232/2106
f 1700/2233/2107 1699/2231/2105 1719/2234/2108
f 1719/2234/2108 1699/2231/2105 1718/2232/2106
f 1701/2235/2109 1700/2233/2107 1720/2236/2110
f 1720/2236/2110 1700/2233/2107 1719/2234/2108
f 1701/2235/2109 1720/2236/2110 1702/2237/2111
f 1702/2237/2111 1720/2236/2110 1721/2238/2112
f 1702/2237/2111 1721/2238/2112 1703/2239/2113
f 1703/2239/2113 1721/2238/2112 1722/2240/2114
f 1704/2241/2115 1703/2239/2113 1723/2242/2116
f 1723/2242/2116 1703/2239/2113 1722/2240/2114
f 1705/2243/2117 1704/2241/2115 1724/2244/2118
f 1724/2244/2118 1704/2241/2115 1723/2242/2116
f 1706/2246/2119 1728/2247/2120 1707/2245/2121
f 1707/2245/2121 1728/2247/2120 1727/2248/2122
f 1709/2250/2123 1708/2251/2124 1725/2249/2125
f 1725/2249/2125 1708/2251/2124 1726/2252/2126
f 1707/2245/2121 1727/2248/2122 1708/2251/2124
f 1708/2251/2124 1727/2248/2122 1726/2252/2126
f 1695/2223/2097 1713/2253/2127 1714/2224/2098
f 1714/2224/2098 1713/2253/2127 1729/2254/2128
f 1706/2246/2119 1705/2243/2117 1728/2247/2120
f 1728/2247/2120 1705/2243/2117 1724/2244/2118
f 1713/2253/2127 1712/2255/2129 1729/2254/2128
f 1729/2254/2128 1712/2255/2129 1730/2256/2130
f 1712/2255/2129 1711/2221/2094 1730/2256/2130
f 1730/2256/2130 1711/2221/2094 1731/2220/2093
f 1719/2234/2108 1722/2240/2114 1720/2236/2110
f 1720/2236/2110 1722/2240/2114 1721/2238/2112
f 1709/2250/2123 1725/2249/2125 1710/2222/2096
f 1710/2222/2096 1725/2249/2125 1732/2219/2095
f 1730/2256/2130 1715/2225/2100 1729/2254/2128
f 1729/2254/2128 1715/2225/2100 1714/2224/2098
f 1731/2220/2093 1716/2228/2102 1730/2256/2130
f 1730/2256/2130 1716/2228/2102 1715/2225/2100
f 1726/2252/2126 1718/2232/2106 1725/2249/2125
f 1725/2249/2125 1718/2232/2106 1717/2230/2104
f 1725/2249/2125 1717/2230/2104 1732/2219/2095
f 1732/2219/2095 1717/2230/2104 1731/2220/2093
f 1731/2220/2093 1717/2230/2104 1716/2228/2102
f 1726/2252/2126 1723/2242/2116 1718/2232/2106
f 1718/2232/2106 1723/2242/2116 1722/2240/2114
f 1718/2232/2106 1722/2240/2114 1719/2234/2108
f 1728/2247/2120 1724/2244/2118 1727/2248/2122
f 1727/2248/2122 1724/2244/2118 1726/2252/2126
f 1726/2252/2126 1724/2244/2118 1723/2242/2116
f 1695/2257/2097 1696/2258/2099 1678/2260/2131
f 1678/2260/2131 1696/2258/2099 1679/2259/2132
f 1696/2258/2099 1697/2261/2101 1679/2259/2132
f 1679/2259/2132 1697/2261/2101 1680/2262/2133
f 1698/2263/2103 1699/2264/2105 1681/2266/2134
f 1681/2266/2134 1699/2264/2105 1682/2265/2135
f 1699/2264/2105 1700/2267/2107 1682/2265/2135
f 1682/2265/2135 1700/2267/2107 1683/2268/2136
f 1700/2267/2107 1701/2269/2109 1683/2268/2136
f 1683/2268/2136 1701/2269/2109 1684/2270/2137
f 1701/2269/2109 1702/2271/2111 1684/2270/2137
f 1684/2270/2137 1702/2271/2111 1685/2272/2138
f 1702/2271/2111 1703/2273/2113 1685/2272/2138
f 1685/2272/2138 1703/2273/2113 1686/2274/2139
f 1703/2273/2113 1704/2275/2115 1686/2274/2139
f 1686/2274/2139 1704/2275/2115 1687/2276/2140
f 1704/2275/2115 1705/2277/2117 1687/2276/2140
f 1687/2276/2140 1705/2277/2117 1688/2278/2141
f 1705/2277/2117 1706/2279/2119 1688/2278/2141
f 1688/2278/2141 1706/2279/2119 1689/2280/2142
f 1706/2279/2119 1707/2281/2121 1689/2280/2142
f 1689/2280/2142 1707/2281/2121 1690/2282/2143
f 1707/2281/2121 1708/2283/2124 1690/2282/2143
f 1690/2282/2143 1708/2283/2124 1691/2284/2144
f 1708/2283/2124 1709/2285/2123 1691/2284/2144
f 1691/2284/2144 1709/2285/2123 1692/2286/2145
f 1709/2285/2123 1710/2287/2096 1692/2286/2145
f 1692/2286/2145 1710/2287/2096 1693/2288/2146
f 1713/2289/2127 1695/2257/2097 1694/2290/2147
f 1694/2290/2147 1695/2257/2097 1678/2260/2131
s 70
f 1742/2291/2148 1734/2292/2149 1746/2294/2150
f 1746/2294/2150 1734/2292/2149 1745/2293/2151
f 1740/2296/2152 1735/2297/2153 1744/2295/2154
f 1744/2295/2154 1735/2297/2153 1743/2298/2155
f 1745/2293/2151 1734/2292/2149 1744/2295/2154
f 1744/2295/2154 1734/2292/2149 1740/2296/2152
f 1742/2291/2148 1746/2294/2150 1733/2299/2156
f 1733/2299/2156 1746/2294/2150 1747/2300/2157
f 1739/2301/2158 1744/2295/2154 1736/2302/2159
f 1736/2302/2159 1744/2295/2154 1743/2298/2155
f 1737/2303/2160 1745/2293/2151 1739/2301/2158
f 1739/2301/2158 1745/2293/2151 1744/2295/2154
f 1745/2293/2151 1757/2304/2161 1746/2294/2150
f 1746/2294/2150 1757/2304/2161 1741/2305/2162
f 1746/2294/2150 1741/2305/2162 1747/2300/2157
f 1747/2300/2157 1741/2305/2162 1738/2306/2163
f 1750/2307/2164 1753/2308/2165 1751/2310/2166
f 1751/2310/2166 1753/2308/2165 1752/2309/2167
f 1751/2310/2166 1752/2309/2167 1754/2312/2168
f 1754/2312/2168 1752/2309/2167 1755/2311/2169
f 1741/2313/2162 1748/2314/2170 1738/2316/2163
f 1738/2316/2163 1748/2314/2170 1749/2315/2171
f 1736/2302/2159 1750/2317/2164 1739/2301/2158
f 1739/2301/2158 1750/2317/2164 1751/2318/2166
f 1739/2301/2158 1756/2319/2172 1737/2303/2160
f 1739/2301/2158 1751/2318/2166 1756/2319/2172
f 1756/2319/2172 1751/2318/2166 1754/2320/2168
f 1745/2293/2151 1737/2303/2160 1757/2304/2161
f 1737/2303/2160 1756/2319/2172 1758/2321/2173
f 1737/2303/2160 1758/2321/2173 1757/2304/2161
f 1754/2312/2168 1755/2311/2169 1756/2323/2172
f 1756/2323/2172 1755/2311/2169 1759/2322/2174
f 1757/2324/2161 1760/2325/2175 1741/2313/2162
f 1741/2313/2162 1760/2325/2175 1748/2314/2170
f 1758/2326/2173 1761/2327/2176 1757/2324/2161
f 1757/2324/2161 1761/2327/2176 1760/2325/2175
f 1756/2323/2172 1759/2322/2174 1758/2326/2173
f 1758/2326/2173 1759/2322/2174 1761/2327/2176
s 74
f 1771/2328/2177 1775/2329/2178 1763/2331/2179
f 1763/2331/2179 1775/2329/2178 1774/2330/2180
f 1772/2333/2181 1764/2334/2182 1773/2332/2183
f 1773/2332/2183 1764/2334/2182 1769/2335/2184
f 1774/2330/2180 1773/2332/2183 1763/2331/2179
f 1763/2331/2179 1773/2332/2183 1769/2335/2184
f 1776/2337/2185 1775/2329/2178 1762/2336/2186
f 1762/2336/2186 1775/2329/2178 1771/2328/2177
f 1768/2338/2187 1765/2339/2188 1773/2332/2183
f 1773/2332/2183 1765/2339/2188 1772/2333/2181
f 1766/2340/2189 1768/2338/2187 1774/2330/2180
f 1774/2330/2180 1768/2338/2187 1773/2332/2183
f 1770/2341/2190 1781/2342/2191 1775/2329/2178
f 1775/2329/2178 1781/2342/2191 1774/2330/2180
f 1767/2343/2192 1770/2341/2190 1776/2337/2185
f 1776/2337/2185 1770/2341/2190 1775/2329/2178
f 1777/2344/2193 1778/2345/2194 1753/2347/2195
f 1753/2347/2195 1778/2345/2194 1752/2346/2196
f 1778/2345/2194 1779/2348/2197 1752/2346/2196
f 1752/2346/2196 1779/2348/2197 1755/2349/2198
f 1770/2350/2190 1767/2351/2192 1748/2353/2199
f 1748/2353/2199 1767/2351/2192 1749/2352/2200
f 1765/2339/2188 1768/2338/2187 1777/2355/2193
f 1777/2355/2193 1768/2338/2187 1778/2354/2194
f 1768/2338/2187 1766/2340/2189 1780/2356/2201
f 1768/2338/2187 1780/2356/2201 1778/2354/2194
f 1778/2354/2194 1780/2356/2201 1779/2357/2197
f 1774/2330/2180 1781/2342/2191 1766/2340/2189
f 1766/2340/2189 1782/2358/2202 1780/2356/2201
f 1766/2340/2189 1781/2342/2191 1782/2358/2202
f 1779/2348/2197 1780/2359/2201 1755/2349/2198
f 1755/2349/2198 1780/2359/2201 1759/2360/2203
f 1781/2361/2191 1770/2350/2190 1760/2362/2204
f 1760/2362/2204 1770/2350/2190 1748/2353/2199
f 1782/2363/2202 1781/2361/2191 1761/2364/2205
f 1761/2364/2205 1781/2361/2191 1760/2362/2204
f 1780/2359/2201 1782/2363/2202 1759/2360/2203
f 1759/2360/2203 1782/2363/2202 1761/2364/2205
s 82
f 1807/2366/2206 1786/2367/2207 1808/2365/2208
f 1808/2365/2208 1786/2367/2207 1814/2368/2209
f 1830/2369/2210 1829/2370/2211 1813/2372/2212
f 1813/2372/2212 1829/2370/2211 1784/2371/2213
f 1806/2373/2214 1787/2374/2215 1807/2366/2206
f 1807/2366/2206 1787/2374/2215 1786/2367/2207
f 1806/2373/2214 1828/2375/2216 1787/2374/2215
f 1787/2374/2215 1828/2375/2216 1788/2376/2217
f 1819/2377/2218 1839/2378/2219 1820/2379/2220
f 1849/2380/2221 1850/2381/2222 1815/2383/2223
f 1815/2383/2223 1850/2381/2222 1794/2382/2224
f 1794/2382/2224 1818/2384/2225 1815/2383/2223
f 1815/2383/2223 1818/2384/2225 1817/2385/2226
f 1847/2386/2227 1848/2387/2228 1815/2383/2223
f 1815/2383/2223 1848/2387/2228 1849/2380/2221
f 1847/2386/2227 1817/2385/2226 1846/2388/2229
f 1846/2388/2229 1817/2385/2226 1816/2389/2230
f 1818/2384/2225 1793/2390/2231 1817/2385/2226
f 1817/2385/2226 1793/2390/2231 1816/2389/2230
f 1823/2391/2232 1833/2392/2233 1824/2394/2234
f 1824/2394/2234 1833/2392/2233 1791/2393/2235
f 1789/2397/2236 1788/2376/2217 1826/2396/2237
f 1826/2396/2237 1788/2376/2217 1827/2395/2238
f 1827/2395/2238 1788/2376/2217 1828/2375/2216
f 1843/2398/2239 1845/2399/2240 1820/2379/2220
f 1820/2379/2220 1845/2399/2240 1819/2377/2218
f 1805/2400/2241 1804/2401/2242 1828/2375/2216
f 1828/2375/2216 1804/2401/2242 1827/2395/2238
f 1806/2373/2214 1805/2400/2241 1828/2375/2216
f 1812/2402/2243 1811/2403/2244 1830/2369/2210
f 1830/2369/2210 1811/2403/2244 1829/2370/2211
f 1814/2368/2209 1785/2406/2245 1808/2365/2208
f 1785/2406/2245 1831/2404/2246 1808/2365/2208
f 1831/2404/2246 1809/2405/2247 1808/2365/2208
f 1832/2407/2248 1810/2408/2249 1831/2404/2246
f 1831/2404/2246 1810/2408/2249 1809/2405/2247
f 1829/2370/2211 1831/2404/2246 1784/2371/2213
f 1784/2371/2213 1831/2404/2246 1785/2406/2245
f 1811/2403/2244 1832/2407/2248 1829/2370/2211
f 1829/2370/2211 1832/2407/2248 1831/2404/2246
f 1783/2409/2250 1812/2402/2243 1830/2369/2210
f 1783/2409/2250 1830/2369/2210 1813/2372/2212
f 1825/2410/2251 1790/2411/2252 1838/2413/2253
f 1838/2413/2253 1790/2411/2252 1837/2412/2254
f 1824/2394/2234 1791/2393/2235 1836/2415/2255
f 1836/2415/2255 1791/2393/2235 1835/2414/2256
f 1821/2416/2257 1834/2417/2258 1823/2391/2232
f 1823/2391/2232 1834/2417/2258 1833/2392/2233
f 1821/2416/2257 1822/2418/2259 1834/2417/2258
f 1834/2417/2258 1822/2418/2259 1792/2419/2260
f 1836/2415/2255 1835/2414/2256 1825/2410/2251
f 1825/2410/2251 1835/2414/2256 1790/2411/2252
f 1838/2413/2253 1837/2412/2254 1826/2396/2237
f 1826/2396/2237 1837/2412/2254 1789/2397/2236
f 1816/2389/2230 1793/2390/2231 1819/2377/2218
f 1819/2377/2218 1793/2390/2231 1839/2378/2219
f 1840/2420/2261 1822/2418/2259 1821/2416/2257
f 1836/2415/2255 1851/2421/2262 1824/2394/2234
f 1845/2399/2240 1846/2388/2229 1819/2377/2218
f 1819/2377/2218 1846/2388/2229 1816/2389/2230
f 1841/2422/2263 1792/2419/2260 1840/2420/2261
f 1840/2420/2261 1792/2419/2260 1822/2418/2259
f 1839/2378/2219 1841/2422/2263 1820/2379/2220
f 1820/2379/2220 1841/2422/2263 1840/2420/2261
f 1804/2401/2242 1803/2423/2264 1827/2395/2238
f 1827/2395/2238 1803/2423/2264 1842/2424/2265
f 1843/2398/2239 1844/2425/2266 1801/2427/2267
f 1801/2427/2267 1844/2425/2266 1802/2426/2268
f 1802/2426/2268 1844/2425/2266 1854/2429/2269
f 1854/2429/2269 1844/2425/2266 1853/2428/2270
f 1844/2425/2266 1843/2398/2239 1840/2420/2261
f 1840/2420/2261 1843/2398/2239 1820/2379/2220
f 1845/2399/2240 1843/2398/2239 1800/2430/2271
f 1800/2430/2271 1843/2398/2239 1801/2427/2267
f 1846/2388/2229 1845/2399/2240 1799/2431/2272
f 1799/2431/2272 1845/2399/2240 1800/2430/2271
f 1798/2432/2273 1847/2386/2227 1799/2431/2272
f 1799/2431/2272 1847/2386/2227 1846/2388/2229
f 1797/2433/2274 1848/2387/2228 1798/2432/2273
f 1798/2432/2273 1848/2387/2228 1847/2386/2227
f 1849/2380/2221 1848/2387/2228 1796/2434/2275
f 1796/2434/2275 1848/2387/2228 1797/2433/2274
f 1795/2435/2276 1850/2381/2222 1796/2434/2275
f 1796/2434/2275 1850/2381/2222 1849/2380/2221
f 1847/2386/2227 1815/2383/2223 1817/2385/2226
f 1842/2424/2265 1838/2413/2253 1827/2395/2238
f 1827/2395/2238 1838/2413/2253 1826/2396/2237
f 1853/2428/2270 1844/2425/2266 1821/2416/2257
f 1821/2416/2257 1844/2425/2266 1840/2420/2261
f 1836/2415/2255 1825/2410/2251 1851/2421/2262
f 1851/2421/2262 1825/2410/2251 1842/2424/2265
f 1851/2421/2262 1842/2424/2265 1852/2436/2277
f 1852/2436/2277 1842/2424/2265 1803/2423/2264
f 1851/2421/2262 1853/2428/2270 1824/2394/2234
f 1824/2394/2234 1853/2428/2270 1823/2391/2232
f 1853/2428/2270 1851/2421/2262 1854/2429/2269
f 1854/2429/2269 1851/2421/2262 1852/2436/2277
f 1823/2391/2232 1853/2428/2270 1821/2416/2257
f 1838/2413/2253 1842/2424/2265 1825/2410/2251
f 1795/2435/2276 1796/2434/2275 1855/2437/2278
f 1796/2434/2275 1797/2433/2274 1855/2437/2278
f 1855/2437/2278 1797/2433/2274 1856/2438/2279
f 1797/2433/2274 1798/2432/2273 1856/2440/2279
f 1856/2440/2279 1798/2432/2273 1857/2439/2280
f 1798/2432/2273 1799/2431/2272 1857/2439/2280
f 1857/2439/2280 1799/2431/2272 1858/2441/2281
f 1799/2431/2272 1800/2430/2271 1858/2441/2281
f 1858/2441/2281 1800/2430/2271 1859/2442/2282
f 1800/2430/2271 1801/2427/2267 1859/2442/2282
f 1859/2442/2282 1801/2427/2267 1860/2443/2283
f 1801/2427/2267 1802/2426/2268 1860/2443/2283
f 1860/2443/2283 1802/2426/2268 1861/2444/2284
f 1802/2426/2268 1854/2429/2269 1861/2446/2284
f 1861/2446/2284 1854/2429/2269 1862/2445/2285
f 1803/2423/2264 1804/2401/2242 1863/2448/2286
f 1863/2448/2286 1804/2401/2242 1864/2447/2287
f 1804/2401/2242 1805/2400/2241 1864/2447/2287
f 1864/2447/2287 1805/2400/2241 1865/2449/2288
f 1806/2373/2214 1866/2450/2289 1805/2400/2241
f 1805/2400/2241 1866/2450/2289 1865/2449/2288
f 1806/2373/2214 1807/2366/2206 1866/2450/2289
f 1866/2450/2289 1807/2366/2206 1867/2451/2290
f 1807/2366/2206 1808/2365/2208 1867/2451/2290
f 1867/2451/2290 1808/2365/2208 1868/2452/2291
f 1809/2405/2247 1869/2453/2292 1808/2365/2208
f 1808/2365/2208 1869/2453/2292 1868/2452/2291
f 1809/2405/2247 1810/2408/2249 1869/2453/2292
f 1852/2436/2277 1803/2423/2264 1870/2455/2293
f 1870/2455/2293 1803/2423/2264 1863/2454/2286
f 1854/2429/2269 1852/2436/2277 1862/2445/2285
f 1862/2445/2285 1852/2436/2277 1870/2455/2293
s 96
f 1814/2457/2294 1786/2458/2295 1883/2456/2296
f 1883/2456/2296 1786/2458/2295 1882/2459/2297
f 1899/2460/2298 1813/2461/2299 1898/2463/2300
f 1898/2463/2300 1813/2461/2299 1784/2462/2301
f 1786/2458/2295 1787/2464/2302 1882/2459/2297
f 1882/2459/2297 1787/2464/2302 1881/2465/2303
f 1881/2465/2303 1787/2464/2302 1897/2467/2304
f 1897/2467/2304 1787/2464/2302 1788/2466/2305
f 1888/2468/2306 1889/2469/2307 1839/2470/2308
f 1911/2471/2309 1885/2472/2310 1850/2474/2311
f 1850/2474/2311 1885/2472/2310 1794/2473/2312
f 1887/2475/2313 1818/2476/2314 1885/2472/2310
f 1885/2472/2310 1818/2476/2314 1794/2473/2312
f 1909/2477/2315 1885/2472/2310 1910/2478/2316
f 1910/2478/2316 1885/2472/2310 1911/2471/2309
f 1886/2480/2317 1887/2475/2313 1908/2479/2318
f 1908/2479/2318 1887/2475/2313 1909/2477/2315
f 1818/2476/2314 1887/2475/2313 1793/2481/2319
f 1793/2481/2319 1887/2475/2313 1886/2480/2317
f 1892/2482/2320 1893/2483/2321 1833/2485/2322
f 1833/2485/2322 1893/2483/2321 1791/2484/2323
f 1789/2487/2324 1895/2488/2325 1788/2466/2305
f 1895/2488/2325 1896/2486/2326 1788/2466/2305
f 1896/2486/2326 1897/2467/2304 1788/2466/2305
f 1888/2468/2306 1907/2489/2327 1889/2469/2307
f 1889/2469/2307 1907/2489/2327 1905/2490/2328
f 1880/2491/2329 1897/2467/2304 1879/2492/2330
f 1879/2492/2330 1897/2467/2304 1896/2486/2326
f 1881/2465/2303 1897/2467/2304 1880/2491/2329
f 1812/2493/2331 1899/2460/2298 1811/2494/2332
f 1811/2494/2332 1899/2460/2298 1898/2463/2300
f 1814/2457/2294 1883/2456/2296 1785/2496/2333
f 1785/2496/2333 1883/2456/2296 1900/2495/2334
f 1900/2495/2334 1883/2456/2296 1884/2497/2335
f 1832/2498/2336 1900/2495/2334 1810/2499/2337
f 1810/2499/2337 1900/2495/2334 1884/2497/2335
f 1898/2463/2300 1784/2462/2301 1900/2495/2334
f 1900/2495/2334 1784/2462/2301 1785/2496/2333
f 1811/2494/2332 1898/2463/2300 1832/2498/2336
f 1832/2498/2336 1898/2463/2300 1900/2495/2334
f 1783/2500/2338 1899/2460/2298 1812/2493/2331
f 1783/2500/2338 1813/2461/2299 1899/2460/2298
f 1894/2501/2339 1902/2502/2340 1790/2504/2341
f 1790/2504/2341 1902/2502/2340 1837/2503/2342
f 1893/2483/2321 1901/2505/2343 1791/2484/2323
f 1791/2484/2323 1901/2505/2343 1835/2506/2344
f 1890/2507/2345 1892/2482/2320 1834/2508/2346
f 1834/2508/2346 1892/2482/2320 1833/2485/2322
f 1890/2507/2345 1834/2508/2346 1891/2510/2347
f 1891/2510/2347 1834/2508/2346 1792/2509/2348
f 1901/2505/2343 1894/2501/2339 1835/2506/2344
f 1835/2506/2344 1894/2501/2339 1790/2504/2341
f 1902/2502/2340 1895/2488/2325 1837/2503/2342
f 1837/2503/2342 1895/2488/2325 1789/2487/2324
f 1886/2480/2317 1888/2468/2306 1793/2481/2319
f 1793/2481/2319 1888/2468/2306 1839/2470/2308
f 1903/2511/2349 1890/2507/2345 1891/2510/2347
f 1901/2505/2343 1893/2483/2321 1912/2512/2350
f 1886/2480/2317 1908/2479/2318 1888/2468/2306
f 1888/2468/2306 1908/2479/2318 1907/2489/2327
f 1891/2510/2347 1792/2509/2348 1903/2511/2349
f 1903/2511/2349 1792/2509/2348 1841/2513/2351
f 1903/2511/2349 1841/2513/2351 1889/2469/2307
f 1889/2469/2307 1841/2513/2351 1839/2470/2308
f 1879/2492/2330 1896/2486/2326 1878/2515/2352
f 1878/2515/2352 1896/2486/2326 1904/2514/2353
f 1905/2490/2328 1876/2516/2354 1906/2518/2355
f 1906/2518/2355 1876/2516/2354 1877/2517/2356
f 1877/2517/2356 1915/2519/2357 1906/2518/2355
f 1906/2518/2355 1915/2519/2357 1914/2520/2358
f 1889/2469/2307 1905/2490/2328 1903/2511/2349
f 1903/2511/2349 1905/2490/2328 1906/2518/2355
f 1907/2489/2327 1875/2521/2359 1905/2490/2328
f 1905/2490/2328 1875/2521/2359 1876/2516/2354
f 1908/2479/2318 1874/2522/2360 1907/2489/2327
f 1907/2489/2327 1874/2522/2360 1875/2521/2359
f 1908/2479/2318 1909/2477/2315 1874/2522/2360
f 1874/2522/2360 1909/2477/2315 1873/2523/2361
f 1909/2477/2315 1910/2478/2316 1873/2523/2361
f 1873/2523/2361 1910/2478/2316 1872/2524/2362
f 1911/2471/2309 1871/2525/2363 1910/2478/2316
f 1910/2478/2316 1871/2525/2363 1872/2524/2362
f 1911/2471/2309 1850/2474/2311 1871/2525/2363
f 1871/2525/2363 1850/2474/2311 1795/2526/2364
f 1909/2477/2315 1887/2475/2313 1885/2472/2310
f 1895/2488/2325 1902/2502/2340 1896/2486/2326
f 1896/2486/2326 1902/2502/2340 1904/2514/2353
f 1903/2511/2349 1906/2518/2355 1890/2507/2345
f 1890/2507/2345 1906/2518/2355 1914/2520/2358
f 1904/2514/2353 1894/2501/2339 1912/2512/2350
f 1912/2512/2350 1894/2501/2339 1901/2505/2343
f 1878/2515/2352 1904/2514/2353 1913/2527/2365
f 1913/2527/2365 1904/2514/2353 1912/2512/2350
f 1892/2482/2320 1914/2520/2358 1893/2483/2321
f 1893/2483/2321 1914/2520/2358 1912/2512/2350
f 1913/2527/2365 1912/2512/2350 1915/2519/2357
f 1915/2519/2357 1912/2512/2350 1914/2520/2358
f 1892/2482/2320 1890/2507/2345 1914/2520/2358
f 1902/2502/2340 1894/2501/2339 1904/2514/2353
f 1795/2526/2364 1855/2528/2366 1871/2525/2363
f 1871/2525/2363 1855/2528/2366 1872/2524/2362
f 1872/2524/2362 1855/2528/2366 1856/2529/2367
f 1872/2524/2362 1856/2530/2367 1873/2523/2361
f 1873/2523/2361 1856/2530/2367 1857/2531/2368
f 1873/2523/2361 1857/2531/2368 1874/2522/2360
f 1874/2522/2360 1857/2531/2368 1858/2532/2369
f 1874/2522/2360 1858/2532/2369 1875/2521/2359
f 1875/2521/2359 1858/2532/2369 1859/2533/2370
f 1875/2521/2359 1859/2533/2370 1876/2516/2354
f 1876/2516/2354 1859/2533/2370 1860/2534/2371
f 1876/2516/2354 1860/2534/2371 1877/2517/2356
f 1877/2517/2356 1860/2534/2371 1861/2535/2372
f 1877/2517/2356 1861/2536/2372 1915/2519/2357
f 1915/2519/2357 1861/2536/2372 1862/2537/2373
f 1878/2515/2352 1863/2538/2374 1879/2492/2330
f 1879/2492/2330 1863/2538/2374 1864/2539/2375
f 1879/2492/2330 1864/2539/2375 1880/2491/2329
f 1880/2491/2329 1864/2539/2375 1865/2540/2376
f 1865/2540/2376 1866/2541/2377 1880/2491/2329
f 1880/2491/2329 1866/2541/2377 1881/2465/2303
f 1881/2465/2303 1866/2541/2377 1882/2459/2297
f 1882/2459/2297 1866/2541/2377 1867/2542/2378
f 1882/2459/2297 1867/2542/2378 1883/2456/2296
f 1883/2456/2296 1867/2542/2378 1868/2543/2379
f 1868/2543/2379 1869/2544/2380 1883/2456/2296
f 1883/2456/2296 1869/2544/2380 1884/2497/2335
f 1884/2497/2335 1869/2544/2380 1810/2499/2337
f 1913/2527/2365 1870/2545/2381 1878/2515/2352
f 1878/2515/2352 1870/2545/2381 1863/2546/2374
f 1915/2519/2357 1862/2537/2373 1913/2527/2365
f 1913/2527/2365 1862/2537/2373 1870/2545/2381
s 109
f 1916/2547/2382 1928/2548/2383 1917/2549/2384
f 1917/2549/2384 1928/2548/2383 1918/2550/2385
f 1918/2550/2385 1928/2548/2383 1919/2551/2386
f 1919/2551/2386 1928/2548/2383 1920/2552/2387
f 1920/2552/2387 1928/2548/2383 1921/2553/2388
f 1921/2553/2388 1928/2548/2383 1922/2554/2389
f 1922/2554/2389 1928/2548/2383 1923/2555/2390
f 1923/2555/2390 1928/2548/2383 1924/2556/2391
f 1924/2556/2391 1928/2548/2383 1925/2557/2392
f 1925/2557/2392 1928/2548/2383 1926/2558/2393
f 1926/2558/2393 1928/2548/2383 1927/2559/2394
f 1927/2559/2394 1928/2548/2383 1916/2547/2382
f 1930/2560/2395 1940/2561/2396 1929/2563/2397
f 1929/2563/2397 1940/2561/2396 1939/2562/2398
f 1932/2564/2399 1944/2565/2400 1931/2567/2401
f 1931/2567/2401 1944/2565/2400 1943/2566/2402
f 1933/2568/2403 1945/2569/2404 1932/2564/2399
f 1932/2564/2399 1945/2569/2404 1944/2565/2400
f 1934/2570/2405 1946/2571/2406 1933/2568/2403
f 1933/2568/2403 1946/2571/2406 1945/2569/2404
f 1935/2572/2407 1947/2573/2408 1934/2570/2405
f 1934/2570/2405 1947/2573/2408 1946/2571/2406
f 1936/2574/2409 1948/2575/2410 1935/2572/2407
f 1935/2572/2407 1948/2575/2410 1947/2573/2408
f 1937/2576/2411 1949/2577/2412 1936/2574/2409
f 1936/2574/2409 1949/2577/2412 1948/2575/2410
f 1938/2578/2413 1950/2579/2414 1937/2576/2411
f 1937/2576/2411 1950/2579/2414 1949/2577/2412
f 1929/2563/2397 1939/2562/2398 1938/2578/2413
f 1938/2578/2413 1939/2562/2398 1950/2579/2414
f 1940/2580/2396 1918/2550/2385 1939/2581/2398
f 1939/2581/2398 1918/2550/2385 1919/2551/2386
f 1941/2582/2415 1917/2549/2384 1940/2580/2396
f 1940/2580/2396 1917/2549/2384 1918/2550/2385
f 1942/2583/2416 1916/2547/2382 1941/2582/2415
f 1941/2582/2415 1916/2547/2382 1917/2549/2384
f 1943/2584/2402 1927/2559/2394 1942/2583/2416
f 1942/2583/2416 1927/2559/2394 1916/2547/2382
f 1944/2585/2400 1926/2558/2393 1943/2584/2402
f 1943/2584/2402 1926/2558/2393 1927/2559/2394
f 1945/2586/2404 1925/2557/2392 1944/2585/2400
f 1944/2585/2400 1925/2557/2392 1926/2558/2393
f 1946/2587/2406 1924/2556/2391 1945/2586/2404
f 1945/2586/2404 1924/2556/2391 1925/2557/2392
f 1947/2588/2408 1923/2555/2390 1946/2587/2406
f 1946/2587/2406 1923/2555/2390 1924/2556/2391
f 1948/2589/2410 1922/2554/2389 1947/2588/2408
f 1947/2588/2408 1922/2554/2389 1923/2555/2390
f 1949/2590/2412 1921/2553/2388 1948/2589/2410
f 1948/2589/2410 1921/2553/2388 1922/2554/2389
f 1950/2591/2414 1920/2552/2387 1949/2590/2412
f 1949/2590/2412 1920/2552/2387 1921/2553/2388
f 1939/2581/2398 1919/2551/2386 1950/2591/2414
f 1950/2591/2414 1919/2551/2386 1920/2552/2387
s 118
f 1951/2592/2417 1952/2593/2418 1963/2594/2419
f 1952/2593/2418 1953/2595/2420 1963/2594/2419
f 1953/2595/2420 1954/2596/2421 1963/2594/2419
f 1954/2596/2421 1955/2597/2422 1963/2594/2419
f 1955/2597/2422 1956/2598/2423 1963/2594/2419
f 1956/2598/2423 1957/2599/2424 1963/2594/2419
f 1957/2599/2424 1958/2600/2425 1963/2594/2419
f 1958/2600/2425 1959/2601/2426 1963/2594/2419
f 1959/2601/2426 1960/2602/2427 1963/2594/2419
f 1960/2602/2427 1961/2603/2428 1963/2594/2419
f 1961/2603/2428 1962/2604/2429 1963/2594/2419
f 1962/2604/2429 1951/2592/2417 1963/2594/2419
f 1930/2605/2430 1929/2606/2431 1965/2608/2432
f 1965/2608/2432 1929/2606/2431 1964/2607/2433
f 1932/2609/2434 1931/2610/2435 1969/2612/2436
f 1969/2612/2436 1931/2610/2435 1968/2611/2437
f 1933/2613/2438 1932/2609/2434 1970/2614/2439
f 1970/2614/2439 1932/2609/2434 1969/2612/2436
f 1934/2615/2440 1933/2613/2438 1971/2616/2441
f 1971/2616/2441 1933/2613/2438 1970/2614/2439
f 1935/2617/2442 1934/2615/2440 1972/2618/2443
f 1972/2618/2443 1934/2615/2440 1971/2616/2441
f 1936/2619/2444 1935/2617/2442 1973/2620/2445
f 1973/2620/2445 1935/2617/2442 1972/2618/2443
f 1937/2621/2446 1936/2619/2444 1974/2622/2447
f 1974/2622/2447 1936/2619/2444 1973/2620/2445
f 1938/2623/2448 1937/2621/2446 1975/2624/2449
f 1975/2624/2449 1937/2621/2446 1974/2622/2447
f 1929/2606/2431 1938/2623/2448 1964/2607/2433
f 1964/2607/2433 1938/2623/2448 1975/2624/2449
f 1965/2625/2432 1964/2626/2433 1953/2595/2420
f 1953/2595/2420 1964/2626/2433 1954/2596/2421
f 1966/2627/2450 1965/2625/2432 1952/2593/2418
f 1952/2593/2418 1965/2625/2432 1953/2595/2420
f 1967/2628/2451 1966/2627/2450 1951/2592/2417
f 1951/2592/2417 1966/2627/2450 1952/2593/2418
f 1968/2629/2437 1967/2628/2451 1962/2604/2429
f 1962/2604/2429 1967/2628/2451 1951/2592/2417
f 1969/2630/2436 1968/2629/2437 1961/2603/2428
f 1961/2603/2428 1968/2629/2437 1962/2604/2429
f 1970/2631/2439 1969/2630/2436 1960/2602/2427
f 1960/2602/2427 1969/2630/2436 1961/2603/2428
f 1971/2632/2441 1970/2631/2439 1959/2601/2426
f 1959/2601/2426 1970/2631/2439 1960/2602/2427
f 1972/2633/2443 1971/2632/2441 1958/2600/2425
f 1958/2600/2425 1971/2632/2441 1959/2601/2426
f 1973/2634/2445 1972/2633/2443 1957/2599/2424
f 1957/2599/2424 1972/2633/2443 1958/2600/2425
f 1974/2635/2447 1973/2634/2445 1956/2598/2423
f 1956/2598/2423 1973/2634/2445 1957/2599/2424
f 1975/2636/2449 1974/2635/2447 1955/2597/2422
f 1955/2597/2422 1974/2635/2447 1956/2598/2423
f 1964/2626/2433 1975/2636/2449 1954/2596/2421
f 1954/2596/2421 1975/2636/2449 1955/2597/2422
s 121
f 2016/2637/2452 1995/2638/2453 2015/2640/2454
f 2015/2640/2454 1995/2638/2453 1996/2639/2455
f 1998/2642/2456 2014/2643/2457 1997/2641/2458
f 1997/2641/2458 2014/2643/2457 1996/2639/2455
f 2015/2640/2454 2014/2643/2457 1999/2644/2459
f 1999/2644/2459 2014/2643/2457 1998/2642/2456
f 2001/2645/2460 2017/2646/2461 2000/2647/2462
f 2000/2647/2462 2017/2646/2461 2016/2637/2452
f 2000/2647/2462 2016/2637/2452 1999/2644/2459
f 1999/2644/2459 2016/2637/2452 2015/2640/2454
f 2017/2646/2461 1994/2648/2463 2016/2637/2452
f 2016/2637/2452 1994/2648/2463 1995/2638/2453
f 2002/2649/2464 2018/2650/2465 2001/2645/2460
f 2001/2645/2460 2018/2650/2465 2017/2646/2461
f 2004/2651/2466 2019/2652/2467 2003/2653/2468
f 2003/2653/2468 2019/2652/2467 2002/2649/2464
f 2002/2649/2464 2019/2652/2467 2018/2650/2465
f 2021/2655/2469 2020/2656/2470 2006/2654/2471
f 2006/2654/2471 2020/2656/2470 2005/2657/2472
f 2005/2657/2472 2020/2656/2470 2004/2651/2466
f 2004/2651/2466 2020/2656/2470 2019/2652/2467
f 2019/2652/2467 1993/2658/2473 2018/2650/2465
f 2007/2659/2474 2022/2660/2475 2006/2654/2471
f 2006/2654/2471 2022/2660/2475 2021/2655/2469
f 2008/2661/2476 2023/2662/2477 2007/2659/2474
f 2007/2659/2474 2023/2662/2477 2022/2660/2475
f 2025/2664/2478 2024/2665/2479 2010/2663/2480
f 2010/2663/2480 2024/2665/2479 2009/2666/2481
f 2026/2668/2482 2025/2664/2478 2011/2667/2483
f 2011/2667/2483 2025/2664/2478 2010/2663/2480
f 2012/2669/2484 2027/2670/2485 2011/2667/2483
f 2011/2667/2483 2027/2670/2485 2026/2668/2482
f 2028/2672/2486 2027/2670/2485 2013/2671/2487
f 2013/2671/2487 2027/2670/2485 2012/2669/2484
f 2029/2674/2488 2028/2672/2486 1976/2673/2489
f 1976/2673/2489 2028/2672/2486 2013/2671/2487
f 1993/2658/2473 1994/2648/2463 2018/2650/2465
f 2018/2650/2465 1994/2648/2463 2017/2646/2461
f 1989/2675/2490 1990/2676/2491 2025/2664/2478
f 2025/2664/2478 1990/2676/2491 2024/2665/2479
f 2020/2656/2470 1992/2677/2492 2019/2652/2467
f 2019/2652/2467 1992/2677/2492 1993/2658/2473
f 1991/2678/2493 1992/2677/2492 2021/2655/2469
f 2021/2655/2469 1992/2677/2492 2020/2656/2470
f 2022/2660/2475 1991/2678/2493 2021/2655/2469
f 2024/2665/2479 2023/2662/2477 2009/2666/2481
f 2009/2666/2481 2023/2662/2477 2008/2661/2476
f 2024/2665/2479 1990/2676/2491 2023/2662/2477
f 2023/2662/2477 1990/2676/2491 2022/2660/2475
f 2022/2660/2475 1990/2676/2491 1991/2678/2493
f 1988/2679/2494 1989/2675/2490 2026/2668/2482
f 2026/2668/2482 1989/2675/2490 2025/2664/2478
f 1982/2681/2495 1983/2682/2496 1985/2680/2497
f 1985/2680/2497 1983/2682/2496 1984/2683/2498
f 1988/2679/2494 2026/2668/2482 2028/2672/2486
f 2028/2672/2486 2026/2668/2482 2027/2670/2485
f 1979/2684/2499 1977/2685/2500 1978/2686/2501
f 2028/2672/2486 2029/2674/2488 2030/2687/2502
f 1987/2688/2503 1980/2689/2504 1981/2690/2505
f 1987/2688/2503 1981/2690/2505 1986/2691/2506
f 1986/2691/2506 1981/2690/2505 1982/2681/2495
f 1986/2691/2506 1982/2681/2495 1985/2680/2497
f 1979/2684/2499 2030/2687/2502 1977/2685/2500
f 1977/2685/2500 2030/2687/2502 2029/2674/2488
f 1987/2688/2503 2030/2687/2502 1980/2689/2504
f 1980/2689/2504 2030/2687/2502 1979/2684/2499
f 2028/2672/2486 2030/2687/2502 1988/2679/2494
f 1988/2679/2494 2030/2687/2502 1987/2688/2503
f 1984/2683/2498 1983/2682/2496 2032/2693/2507
f 2032/2693/2507 1983/2682/2496 2031/2692/2508
f 2031/2692/2508 2033/2694/2509 2032/2693/2507
f 2032/2693/2507 2033/2694/2509 2034/2695/2510
f 2015/2640/2454 1996/2639/2455 2014/2643/2457
s 136
f 2057/2696/2511 2056/2697/2512 2053/2699/2513
f 2053/2699/2513 2056/2697/2512 2054/2698/2514
f 2054/2698/2514 2055/2701/2515 1997/2700/2516
f 1997/2700/2516 2055/2701/2515 1998/2702/2517
f 1998/2702/2517 2055/2701/2515 1999/2703/2518
f 1999/2703/2518 2055/2701/2515 2056/2697/2512
f 2001/2704/2519 2000/2705/2520 2058/2706/2521
f 2058/2706/2521 2000/2705/2520 2057/2696/2511
f 2000/2705/2520 1999/2703/2518 2057/2696/2511
f 2057/2696/2511 1999/2703/2518 2056/2697/2512
f 2058/2706/2521 2057/2696/2511 2052/2707/2522
f 2052/2707/2522 2057/2696/2511 2053/2699/2513
f 2002/2708/2523 2001/2704/2519 2059/2709/2524
f 2059/2709/2524 2001/2704/2519 2058/2706/2521
f 2004/2710/2525 2003/2711/2526 2060/2712/2527
f 2003/2711/2526 2002/2708/2523 2060/2712/2527
f 2060/2712/2527 2002/2708/2523 2059/2709/2524
f 2005/2714/2528 2061/2715/2529 2006/2713/2530
f 2006/2713/2530 2061/2715/2529 2062/2716/2531
f 2005/2714/2528 2004/2710/2525 2061/2715/2529
f 2061/2715/2529 2004/2710/2525 2060/2712/2527
f 2060/2712/2527 2059/2709/2524 2051/2717/2532
f 2007/2718/2533 2006/2713/2530 2063/2719/2534
f 2063/2719/2534 2006/2713/2530 2062/2716/2531
f 2008/2720/2535 2007/2718/2533 2064/2721/2536
f 2064/2721/2536 2007/2718/2533 2063/2719/2534
f 2009/2723/2537 2065/2724/2538 2010/2722/2539
f 2010/2722/2539 2065/2724/2538 2066/2725/2540
f 2010/2722/2539 2066/2725/2540 2011/2726/2541
f 2011/2726/2541 2066/2725/2540 2067/2727/2542
f 2012/2728/2543 2011/2726/2541 2068/2729/2544
f 2068/2729/2544 2011/2726/2541 2067/2727/2542
f 2012/2728/2543 2068/2729/2544 2013/2730/2545
f 2013/2730/2545 2068/2729/2544 2069/2731/2546
f 2013/2730/2545 2069/2731/2546 1976/2732/2547
f 1976/2732/2547 2069/2731/2546 2070/2733/2548
f 2058/2706/2521 2052/2707/2522 2059/2709/2524
f 2059/2709/2524 2052/2707/2522 2051/2717/2532
f 2065/2724/2538 2048/2734/2549 2066/2725/2540
f 2066/2725/2540 2048/2734/2549 2047/2735/2550
f 2061/2715/2529 2060/2712/2527 2050/2736/2551
f 2050/2736/2551 2060/2712/2527 2051/2717/2532
f 2061/2715/2529 2050/2736/2551 2062/2716/2531
f 2062/2716/2531 2050/2736/2551 2049/2737/2552
f 2063/2719/2534 2062/2716/2531 2049/2737/2552
f 2008/2720/2535 2064/2721/2536 2009/2723/2537
f 2009/2723/2537 2064/2721/2536 2065/2724/2538
f 2065/2724/2538 2064/2721/2536 2048/2734/2549
f 2064/2721/2536 2063/2719/2534 2048/2734/2549
f 2048/2734/2549 2063/2719/2534 2049/2737/2552
f 2066/2725/2540 2047/2735/2550 2067/2727/2542
f 2067/2727/2542 2047/2735/2550 2046/2738/2553
f 2042/2740/2554 2041/2741/2555 2043/2739/2556
f 2043/2739/2556 2041/2741/2555 2040/2742/2557
f 2068/2729/2544 2067/2727/2542 2069/2731/2546
f 2069/2731/2546 2067/2727/2542 2046/2738/2553
f 2037/2743/2558 2036/2744/2559 2035/2745/2560
f 2069/2731/2546 2071/2746/2561 2070/2733/2548
f 2045/2747/2562 2039/2748/2563 2038/2749/2564
f 2045/2747/2562 2044/2750/2565 2039/2748/2563
f 2039/2748/2563 2044/2750/2565 2040/2742/2557
f 2044/2750/2565 2043/2739/2556 2040/2742/2557
f 2037/2743/2558 2035/2745/2560 2071/2746/2561
f 2071/2746/2561 2035/2745/2560 2070/2733/2548
f 2045/2747/2562 2038/2749/2564 2071/2746/2561
f 2071/2746/2561 2038/2749/2564 2037/2743/2558
f 2069/2731/2546 2046/2738/2553 2071/2746/2561
f 2071/2746/2561 2046/2738/2553 2045/2747/2562
f 2042/2740/2554 2073/2751/2566 2041/2741/2555
f 2041/2741/2555 2073/2751/2566 2072/2752/2567
f 2075/2753/2568 2074/2754/2569 2073/2751/2566
f 2073/2751/2566 2074/2754/2569 2072/2752/2567
f 2056/2697/2512 2055/2701/2515 2054/2698/2514
s 144
f 2088/2756/2570 2081/2757/2571 2083/2755/2572
f 2083/2755/2572 2081/2757/2571 2082/2758/2573
f 2092/2759/2574 2078/2760/2575 2089/2761/2576
f 2081/2757/2571 2088/2756/2570 2080/2762/2577
f 2080/2762/2577 2088/2756/2570 2089/2761/2576
f 2089/2761/2576 2078/2760/2575 2080/2762/2577
f 2080/2762/2577 2078/2760/2575 2079/2763/2578
f 2093/2764/2579 2077/2765/2580 2092/2759/2574
f 2092/2759/2574 2077/2765/2580 2078/2760/2575
f 2084/2766/2581 2088/2756/2570 2083/2755/2572
f 2084/2766/2581 2089/2761/2576 2088/2756/2570
f 2092/2759/2574 2091/2768/2582 2087/2767/2583
f 2087/2767/2583 2091/2768/2582 2086/2769/2584
f 2076/2770/2585 2093/2764/2579 2087/2767/2583
f 2087/2767/2583 2093/2764/2579 2092/2759/2574
f 2089/2761/2576 2084/2766/2581 2092/2759/2574
f 2084/2766/2581 2090/2771/2586 2092/2759/2574
f 2092/2759/2574 2090/2771/2586 2091/2768/2582
f 2090/2771/2586 2085/2772/2587 2091/2768/2582
f 2091/2768/2582 2085/2772/2587 2086/2769/2584
s 147
f 2082/2774/2588 2081/2775/2589 2096/2773/2590
f 2096/2773/2590 2081/2775/2589 2098/2776/2591
f 2102/2777/2592 2099/2778/2593 2095/2779/2594
f 2081/2775/2589 2080/2780/2595 2098/2776/2591
f 2098/2776/2591 2080/2780/2595 2099/2778/2593
f 2079/2781/2596 2095/2779/2594 2080/2780/2595
f 2080/2780/2595 2095/2779/2594 2099/2778/2593
f 2095/2779/2594 2094/2782/2597 2102/2777/2592
f 2102/2777/2592 2094/2782/2597 2103/2783/2598
f 2097/2784/2599 2096/2773/2590 2098/2776/2591
f 2097/2784/2599 2098/2776/2591 2099/2778/2593
f 2086/2786/2600 2101/2787/2601 2087/2785/2602
f 2087/2785/2602 2101/2787/2601 2102/2777/2592
f 2076/2788/2603 2087/2785/2602 2103/2783/2598
f 2103/2783/2598 2087/2785/2602 2102/2777/2592
f 2099/2778/2593 2102/2777/2592 2097/2784/2599
f 2097/2784/2599 2102/2777/2592 2100/2789/2604
f 2102/2777/2592 2101/2787/2601 2100/2789/2604
f 2086/2786/2600 2085/2790/2605 2101/2787/2601
f 2101/2787/2601 2085/2790/2605 2100/2789/2604
s 150
f 2104/2791/2606 2128/2792/2607 2105/2794/2608
f 2105/2794/2608 2128/2792/2607 2129/2793/2609
f 2111/2795/2610 2134/2796/2611 2141/2797/2612
f 2130/2799/2613 2131/2800/2614 2107/2798/2615
f 2107/2798/2615 2131/2800/2614 2108/2801/2616
f 2129/2793/2609 2130/2799/2613 2106/2802/2617
f 2106/2802/2617 2130/2799/2613 2107/2798/2615
f 2105/2794/2608 2129/2793/2609 2140/2803/2618
f 2117/2804/2619 2139/2805/2620 2118/2806/2621
f 2109/2807/2622 2132/2808/2623 2110/2810/2624
f 2110/2810/2624 2132/2808/2623 2133/2809/2625
f 2133/2809/2625 2134/2796/2611 2110/2810/2624
f 2110/2810/2624 2134/2796/2611 2111/2795/2610
f 2132/2808/2623 2109/2807/2622 2131/2800/2614
f 2131/2800/2614 2109/2807/2622 2108/2801/2616
f 2139/2805/2620 2119/2811/2626 2118/2806/2621
f 2116/2812/2627 2138/2813/2628 2117/2804/2619
f 2117/2804/2619 2138/2813/2628 2139/2805/2620
f 2138/2813/2628 2120/2814/2629 2139/2805/2620
f 2139/2805/2620 2120/2814/2629 2119/2811/2626
f 2115/2815/2630 2137/2816/2631 2116/2812/2627
f 2116/2812/2627 2137/2816/2631 2138/2813/2628
f 2104/2791/2606 2127/2817/2632 2128/2792/2607
f 2136/2819/2633 2137/2816/2631 2114/2818/2634
f 2114/2818/2634 2137/2816/2631 2115/2815/2630
f 2112/2820/2635 2114/2818/2634 2113/2821/2636
f 2136/2819/2633 2121/2822/2637 2137/2816/2631
f 2137/2816/2631 2121/2822/2637 2138/2813/2628
f 2138/2813/2628 2121/2822/2637 2120/2814/2629
f 2135/2823/2638 2122/2824/2639 2136/2819/2633
f 2136/2819/2633 2122/2824/2639 2121/2822/2637
f 2134/2796/2611 2124/2825/2640 2141/2797/2612
f 2141/2797/2612 2124/2825/2640 2123/2826/2641
f 2125/2827/2642 2124/2825/2640 2133/2809/2625
f 2133/2809/2625 2124/2825/2640 2134/2796/2611
f 2132/2808/2623 2125/2827/2642 2133/2809/2625
f 2131/2800/2614 2126/2828/2643 2132/2808/2623
f 2132/2808/2623 2126/2828/2643 2125/2827/2642
f 2127/2817/2632 2126/2828/2643 2130/2799/2613
f 2130/2799/2613 2126/2828/2643 2131/2800/2614
f 2128/2792/2607 2127/2817/2632 2129/2793/2609
f 2129/2793/2609 2127/2817/2632 2130/2799/2613
f 2135/2823/2638 2136/2819/2633 2112/2820/2635
f 2112/2820/2635 2136/2819/2633 2114/2818/2634
f 2140/2803/2618 2129/2793/2609 2106/2802/2617
f 2123/2826/2641 2122/2824/2639 2141/2797/2612
f 2141/2797/2612 2122/2824/2639 2135/2823/2638
f 2111/2795/2610 2141/2797/2612 2112/2820/2635
f 2112/2820/2635 2141/2797/2612 2135/2823/2638
f 2113/2821/2636 2114/2818/2634 2142/2830/2644
f 2142/2830/2644 2114/2818/2634 2143/2829/2645
f 2114/2818/2634 2115/2815/2630 2143/2829/2645
f 2143/2829/2645 2115/2815/2630 2144/2831/2646
f 2115/2815/2630 2116/2812/2627 2144/2831/2646
f 2144/2831/2646 2116/2812/2627 2145/2832/2647
f 2116/2812/2627 2117/2804/2619 2145/2832/2647
f 2145/2832/2647 2117/2804/2619 2146/2833/2648
f 2117/2804/2619 2118/2806/2621 2146/2833/2648
f 2118/2806/2621 2119/2811/2626 2147/2834/2649
f 2120/2814/2629 2148/2835/2650 2119/2811/2626
f 2119/2811/2626 2148/2835/2650 2147/2834/2649
f 2121/2822/2637 2149/2836/2651 2120/2814/2629
f 2120/2814/2629 2149/2836/2651 2148/2835/2650
f 2122/2824/2639 2150/2837/2652 2121/2822/2637
f 2121/2822/2637 2150/2837/2652 2149/2836/2651
f 2123/2826/2641 2151/2838/2653 2122/2824/2639
f 2122/2824/2639 2151/2838/2653 2150/2837/2652
f 2123/2826/2641 2124/2825/2640 2151/2840/2653
f 2151/2840/2653 2124/2825/2640 2152/2839/2654
s 160
f 2104/2841/2655 2105/2842/2656 2173/2844/2657
f 2173/2844/2657 2105/2842/2656 2174/2843/2658
f 2158/2845/2659 2186/2846/2660 2179/2847/2661
f 2155/2849/2662 2176/2850/2663 2154/2848/2664
f 2154/2848/2664 2176/2850/2663 2175/2851/2665
f 2154/2848/2664 2175/2851/2665 2153/2852/2666
f 2153/2852/2666 2175/2851/2665 2174/2843/2658
f 2105/2842/2656 2185/2853/2667 2174/2843/2658
f 2164/2854/2668 2118/2855/2669 2184/2856/2670
f 2156/2857/2671 2157/2858/2672 2177/2860/2673
f 2177/2860/2673 2157/2858/2672 2178/2859/2674
f 2158/2845/2659 2179/2847/2661 2157/2858/2672
f 2157/2858/2672 2179/2847/2661 2178/2859/2674
f 2155/2849/2662 2156/2857/2671 2176/2850/2663
f 2176/2850/2663 2156/2857/2671 2177/2860/2673
f 2184/2856/2670 2118/2855/2669 2165/2861/2675
f 2163/2862/2676 2164/2854/2668 2183/2863/2677
f 2183/2863/2677 2164/2854/2668 2184/2856/2670
f 2183/2863/2677 2184/2856/2670 2166/2864/2678
f 2166/2864/2678 2184/2856/2670 2165/2861/2675
f 2162/2865/2679 2163/2862/2676 2182/2866/2680
f 2182/2866/2680 2163/2862/2676 2183/2863/2677
f 2104/2841/2655 2173/2844/2657 2127/2867/2681
f 2162/2865/2679 2182/2866/2680 2161/2868/2682
f 2161/2868/2682 2182/2866/2680 2181/2869/2683
f 2159/2870/2684 2160/2871/2685 2161/2868/2682
f 2181/2869/2683 2182/2866/2680 2167/2872/2686
f 2182/2866/2680 2183/2863/2677 2167/2872/2686
f 2167/2872/2686 2183/2863/2677 2166/2864/2678
f 2180/2873/2687 2181/2869/2683 2168/2874/2688
f 2168/2874/2688 2181/2869/2683 2167/2872/2686
f 2179/2847/2661 2186/2846/2660 2170/2876/2689
f 2170/2876/2689 2186/2846/2660 2169/2875/2690
f 2179/2847/2661 2170/2876/2689 2178/2859/2674
f 2178/2859/2674 2170/2876/2689 2171/2877/2691
f 2177/2860/2673 2178/2859/2674 2171/2877/2691
f 2176/2850/2663 2177/2860/2673 2172/2878/2692
f 2172/2878/2692 2177/2860/2673 2171/2877/2691
f 2176/2850/2663 2172/2878/2692 2175/2851/2665
f 2175/2851/2665 2172/2878/2692 2127/2867/2681
f 2173/2844/2657 2174/2843/2658 2127/2867/2681
f 2174/2843/2658 2175/2851/2665 2127/2867/2681
f 2180/2873/2687 2159/2870/2684 2181/2869/2683
f 2181/2869/2683 2159/2870/2684 2161/2868/2682
f 2185/2853/2667 2153/2852/2666 2174/2843/2658
f 2180/2873/2687 2168/2874/2688 2186/2846/2660
f 2186/2846/2660 2168/2874/2688 2169/2875/2690
f 2158/2845/2659 2159/2870/2684 2186/2846/2660
f 2186/2846/2660 2159/2870/2684 2180/2873/2687
f 2160/2871/2685 2142/2879/2693 2161/2868/2682
f 2161/2868/2682 2142/2879/2693 2143/2880/2694
f 2161/2868/2682 2143/2880/2694 2162/2865/2679
f 2162/2865/2679 2143/2880/2694 2144/2881/2695
f 2162/2865/2679 2144/2881/2695 2163/2862/2676
f 2163/2862/2676 2144/2881/2695 2145/2882/2696
f 2163/2862/2676 2145/2882/2696 2164/2854/2668
f 2164/2854/2668 2145/2882/2696 2146/2883/2697
f 2164/2854/2668 2146/2883/2697 2118/2855/2669
f 2118/2855/2669 2147/2884/2698 2165/2861/2675
f 2147/2884/2698 2148/2885/2699 2165/2861/2675
f 2165/2861/2675 2148/2885/2699 2166/2864/2678
f 2148/2885/2699 2149/2886/2700 2166/2864/2678
f 2166/2864/2678 2149/2886/2700 2167/2872/2686
f 2149/2886/2700 2150/2887/2701 2167/2872/2686
f 2167/2872/2686 2150/2887/2701 2168/2874/2688
f 2150/2887/2701 2151/2888/2702 2168/2874/2688
f 2168/2874/2688 2151/2888/2702 2169/2875/2690
f 2169/2875/2690 2151/2889/2702 2170/2876/2689
f 2170/2876/2689 2151/2889/2702 2152/2890/2703
s 169
f 1637/2891/2704 2224/2892/2705 1574/2894/2706
f 1574/2894/2706 2224/2892/2705 2206/2893/2707
f 2220/2896/2708 2213/2897/2709 2219/2895/2710
f 2219/2895/2710 2213/2897/2709 2209/2898/2711
f 2194/2899/2712 2191/2900/2713 2193/2902/2714
f 2193/2902/2714 2191/2900/2713 2192/2901/2715
f 2195/2903/2716 2190/2904/2717 2194/2899/2712
f 2194/2899/2712 2190/2904/2717 2191/2900/2713
f 2224/2892/2705 2225/2905/2718 2206/2893/2707
f 2206/2893/2707 2225/2905/2718 2205/2906/2719
f 2204/2907/2720 2225/2905/2718 2223/2908/2721
f 2204/2907/2720 2223/2908/2721 2203/2909/2722
f 2214/2910/2723 2208/2911/2724 2213/2897/2709
f 2213/2897/2709 2208/2911/2724 2209/2898/2711
f 2215/2912/2725 2207/2913/2726 2214/2910/2723
f 2214/2910/2723 2207/2913/2726 2208/2911/2724
f 2188/2914/2727 2211/2915/2728 2189/2917/2729
f 2189/2917/2729 2211/2915/2728 2210/2916/2730
f 2189/2917/2729 2210/2916/2730 2190/2904/2717
f 1630/2918/2731 1575/2919/2732 2215/2912/2725
f 2215/2912/2725 1575/2919/2732 2207/2913/2726
f 2187/2920/2733 2212/2921/2734 2188/2914/2727
f 2188/2914/2727 2212/2921/2734 2211/2915/2728
f 1604/2922/2735 1626/2923/2736 2187/2920/2733
f 2187/2920/2733 1626/2923/2736 2212/2921/2734
f 2210/2916/2730 2213/2897/2709 2190/2904/2717
f 2190/2904/2717 2213/2897/2709 2220/2896/2708
f 2211/2915/2728 2214/2910/2723 2210/2916/2730
f 2210/2916/2730 2214/2910/2723 2213/2897/2709
f 2212/2921/2734 2215/2912/2725 2211/2915/2728
f 2211/2915/2728 2215/2912/2725 2214/2910/2723
f 1626/2923/2736 1630/2918/2731 2212/2921/2734
f 2212/2921/2734 1630/2918/2731 2215/2912/2725
f 2192/2901/2715 2216/2924/2737 2193/2902/2714
f 2193/2902/2714 2216/2924/2737 2217/2925/2738
f 2218/2926/2739 2219/2895/2710 2209/2898/2711
f 2219/2895/2710 2218/2926/2739 2192/2901/2715
f 2192/2901/2715 2218/2926/2739 2216/2924/2737
f 2220/2896/2708 2219/2895/2710 2191/2900/2713
f 2191/2900/2713 2219/2895/2710 2192/2901/2715
f 2190/2904/2717 2220/2896/2708 2191/2900/2713
f 2202/2927/2740 2199/2928/2741 2201/2930/2742
f 2201/2930/2742 2199/2928/2741 2200/2929/2743
f 2187/2920/2733 2221/2931/2744 1604/2922/2735
f 1604/2922/2735 2221/2931/2744 1633/2932/2745
f 2222/2933/2746 2221/2931/2744 2188/2914/2727
f 2188/2914/2727 2221/2931/2744 2187/2920/2733
f 2223/2908/2721 2222/2933/2746 2189/2917/2729
f 2189/2917/2729 2222/2933/2746 2188/2914/2727
f 2202/2927/2740 2195/2903/2716 2196/2934/2747
f 1633/2932/2745 2221/2931/2744 1637/2891/2704
f 1637/2891/2704 2221/2931/2744 2224/2892/2705
f 2225/2905/2718 2224/2892/2705 2222/2933/2746
f 2222/2933/2746 2224/2892/2705 2221/2931/2744
f 2223/2908/2721 2225/2905/2718 2222/2933/2746
f 2205/2906/2719 2225/2905/2718 2204/2907/2720
f 2203/2909/2722 2223/2908/2721 2202/2927/2740
f 2195/2903/2716 2189/2917/2729 2190/2904/2717
f 2223/2908/2721 2189/2917/2729 2202/2927/2740
f 2202/2927/2740 2189/2917/2729 2195/2903/2716
f 2202/2927/2740 2198/2935/2748 2199/2928/2741
f 2202/2927/2740 2196/2934/2747 2197/2936/2749
f 2202/2927/2740 2197/2936/2749 2198/2935/2748
f 2201/2937/2742 2200/2938/2743 2227/2940/2750
f 2227/2940/2750 2200/2938/2743 2226/2939/2751
f 2202/2941/2740 2201/2937/2742 2228/2942/2752
f 2228/2942/2752 2201/2937/2742 2227/2940/2750
f 2203/2943/2722 2202/2941/2740 2229/2944/2753
f 2229/2944/2753 2202/2941/2740 2228/2942/2752
f 2205/2945/2719 2204/2946/2720 2230/2947/2754
f 2204/2946/2720 2203/2943/2722 2230/2947/2754
f 2230/2947/2754 2203/2943/2722 2229/2944/2753
s 180
f 1596/2948/2755 1574/2949/2756 2260/2951/2757
f 2260/2951/2757 1574/2949/2756 2206/2950/2758
f 2209/2953/2759 2252/2954/2760 2255/2952/2761
f 2255/2952/2761 2252/2954/2760 2256/2955/2762
f 2238/2956/2763 2237/2957/2764 2235/2959/2765
f 2235/2959/2765 2237/2957/2764 2236/2958/2766
f 2239/2960/2767 2238/2956/2763 2234/2961/2768
f 2234/2961/2768 2238/2956/2763 2235/2959/2765
f 2205/2962/2769 2261/2963/2770 2206/2950/2758
f 2206/2950/2758 2261/2963/2770 2260/2951/2757
f 2248/2964/2771 2259/2965/2772 2261/2963/2770
f 2248/2964/2771 2247/2966/2773 2259/2965/2772
f 2209/2953/2759 2208/2967/2774 2252/2954/2760
f 2252/2954/2760 2208/2967/2774 2253/2968/2775
f 2208/2967/2774 2207/2969/2776 2253/2968/2775
f 2253/2968/2775 2207/2969/2776 2254/2970/2777
f 2232/2971/2778 2233/2972/2779 2250/2974/2780
f 2250/2974/2780 2233/2972/2779 2249/2973/2781
f 2233/2972/2779 2234/2961/2768 2249/2973/2781
f 2207/2969/2776 1575/2975/2782 2254/2970/2777
f 2254/2970/2777 1575/2975/2782 1586/2976/2783
f 2231/2977/2784 2232/2971/2778 2251/2978/2785
f 2251/2978/2785 2232/2971/2778 2250/2974/2780
f 2251/2978/2785 1582/2979/2786 2231/2977/2784
f 2231/2977/2784 1582/2979/2786 1553/2980/2787
f 2256/2955/2762 2252/2954/2760 2234/2961/2768
f 2234/2961/2768 2252/2954/2760 2249/2973/2781
f 2252/2954/2760 2253/2968/2775 2249/2973/2781
f 2249/2973/2781 2253/2968/2775 2250/2974/2780
f 2253/2968/2775 2254/2970/2777 2250/2974/2780
f 2250/2974/2780 2254/2970/2777 2251/2978/2785
f 2254/2970/2777 1586/2976/2783 2251/2978/2785
f 2251/2978/2785 1586/2976/2783 1582/2979/2786
f 2217/2981/2788 2216/2982/2789 2237/2957/2764
f 2237/2957/2764 2216/2982/2789 2236/2958/2766
f 2218/2983/2790 2209/2953/2759 2255/2952/2761
f 2216/2982/2789 2218/2983/2790 2236/2958/2766
f 2236/2958/2766 2218/2983/2790 2255/2952/2761
f 2236/2958/2766 2255/2952/2761 2235/2959/2765
f 2235/2959/2765 2255/2952/2761 2256/2955/2762
f 2234/2961/2768 2235/2959/2765 2256/2955/2762
f 2246/2984/2791 2245/2985/2792 2243/2987/2793
f 2243/2987/2793 2245/2985/2792 2244/2986/2794
f 1592/2988/2795 2257/2989/2796 1553/2980/2787
f 1553/2980/2787 2257/2989/2796 2231/2977/2784
f 2258/2990/2797 2232/2971/2778 2257/2989/2796
f 2257/2989/2796 2232/2971/2778 2231/2977/2784
f 2259/2965/2772 2233/2972/2779 2258/2990/2797
f 2258/2990/2797 2233/2972/2779 2232/2971/2778
f 2246/2984/2791 2240/2991/2798 2239/2960/2767
f 1592/2988/2795 1596/2948/2755 2257/2989/2796
f 2257/2989/2796 1596/2948/2755 2260/2951/2757
f 2261/2963/2770 2258/2990/2797 2260/2951/2757
f 2260/2951/2757 2258/2990/2797 2257/2989/2796
f 2259/2965/2772 2258/2990/2797 2261/2963/2770
f 2205/2962/2769 2248/2964/2771 2261/2963/2770
f 2247/2966/2773 2246/2984/2791 2259/2965/2772
f 2239/2960/2767 2234/2961/2768 2233/2972/2779
f 2239/2960/2767 2233/2972/2779 2246/2984/2791
f 2246/2984/2791 2233/2972/2779 2259/2965/2772
f 2246/2984/2791 2243/2987/2793 2242/2992/2799
f 2246/2984/2791 2241/2993/2800 2240/2991/2798
f 2246/2984/2791 2242/2992/2799 2241/2993/2800
f 2245/2994/2792 2227/2995/2801 2244/2997/2794
f 2244/2997/2794 2227/2995/2801 2226/2996/2802
f 2246/2998/2791 2228/2999/2803 2245/2994/2792
f 2245/2994/2792 2228/2999/2803 2227/2995/2801
f 2247/3000/2773 2229/3001/2804 2246/2998/2791
f 2246/2998/2791 2229/3001/2804 2228/2999/2803
f 2205/3002/2769 2230/3003/2805 2248/3004/2771
f 2248/3004/2771 2230/3003/2805 2247/3000/2773
f 2247/3000/2773 2230/3003/2805 2229/3001/2804
s 191
f 2277/3006/2806 2278/3007/2807 2299/3005/2808
f 2299/3005/2808 2278/3007/2807 2298/3008/2809
f 2262/3009/2810 2263/3010/2811 2281/3012/2812
f 2281/3012/2812 2263/3010/2811 2282/3011/2813
f 2283/3014/2814 2282/3011/2813 2264/3013/2815
f 2264/3013/2815 2282/3011/2813 2263/3010/2811
f 2284/3016/2816 2283/3014/2814 2265/3015/2817
f 2265/3015/2817 2283/3014/2814 2264/3013/2815
f 2285/3018/2818 2284/3016/2816 2266/3017/2819
f 2266/3017/2819 2284/3016/2816 2265/3015/2817
f 2267/3019/2820 2286/3020/2821 2266/3017/2819
f 2266/3017/2819 2286/3020/2821 2285/3018/2818
f 2268/3021/2822 2287/3022/2823 2267/3019/2820
f 2267/3019/2820 2287/3022/2823 2286/3020/2821
f 2288/3024/2824 2287/3022/2823 2269/3023/2825
f 2269/3023/2825 2287/3022/2823 2268/3021/2822
f 2289/3026/2826 2288/3024/2824 2270/3025/2827
f 2270/3025/2827 2288/3024/2824 2269/3023/2825
f 2271/3027/2828 2290/3028/2829 2270/3025/2827
f 2270/3025/2827 2290/3028/2829 2289/3026/2826
f 2272/3029/2830 2291/3030/2831 2271/3027/2828
f 2271/3027/2828 2291/3030/2831 2290/3028/2829
f 2294/3032/2832 2295/3033/2833 2274/3031/2834
f 2274/3031/2834 2295/3033/2833 2273/3034/2835
f 2293/3036/2836 2275/3037/2837 2292/3035/2838
f 2292/3035/2838 2275/3037/2837 2276/3038/2839
f 2274/3031/2834 2275/3037/2837 2294/3032/2832
f 2294/3032/2832 2275/3037/2837 2293/3036/2836
f 2296/3039/2840 2280/3040/2841 2281/3012/2812
f 2281/3012/2812 2280/3040/2841 2262/3009/2810
f 2273/3034/2835 2295/3033/2833 2272/3029/2830
f 2272/3029/2830 2295/3033/2833 2291/3030/2831
f 2297/3041/2842 2279/3042/2843 2296/3039/2840
f 2296/3039/2840 2279/3042/2843 2280/3040/2841
f 2298/3008/2809 2278/3007/2807 2297/3041/2842
f 2297/3041/2842 2278/3007/2807 2279/3042/2843
f 2286/3020/2821 2287/3022/2823 2289/3026/2826
f 2289/3026/2826 2287/3022/2823 2288/3024/2824
f 2299/3005/2808 2292/3035/2838 2277/3006/2806
f 2277/3006/2806 2292/3035/2838 2276/3038/2839
f 2297/3041/2842 2296/3039/2840 2282/3011/2813
f 2282/3011/2813 2296/3039/2840 2281/3012/2812
f 2298/3008/2809 2297/3041/2842 2283/3014/2814
f 2283/3014/2814 2297/3041/2842 2282/3011/2813
f 2293/3036/2836 2292/3035/2838 2285/3018/2818
f 2285/3018/2818 2292/3035/2838 2284/3016/2816
f 2292/3035/2838 2299/3005/2808 2284/3016/2816
f 2299/3005/2808 2298/3008/2809 2284/3016/2816
f 2284/3016/2816 2298/3008/2809 2283/3014/2814
f 2293/3036/2836 2285/3018/2818 2290/3028/2829
f 2290/3028/2829 2285/3018/2818 2289/3026/2826
f 2285/3018/2818 2286/3020/2821 2289/3026/2826
f 2295/3033/2833 2294/3032/2832 2291/3030/2831
f 2294/3032/2832 2293/3036/2836 2291/3030/2831
f 2291/3030/2831 2293/3036/2836 2290/3028/2829
f 2262/3043/2810 2300/3044/2844 2263/3046/2811
f 2263/3046/2811 2300/3044/2844 2301/3045/2845
f 2263/3046/2811 2301/3045/2845 2264/3048/2815
f 2264/3048/2815 2301/3045/2845 2302/3047/2846
f 2265/3049/2817 2303/3050/2847 2266/3052/2819
f 2266/3052/2819 2303/3050/2847 2304/3051/2848
f 2266/3052/2819 2304/3051/2848 2267/3054/2820
f 2267/3054/2820 2304/3051/2848 2305/3053/2849
f 2267/3054/2820 2305/3053/2849 2268/3056/2822
f 2268/3056/2822 2305/3053/2849 2306/3055/2850
f 2268/3056/2822 2306/3055/2850 2269/3058/2825
f 2269/3058/2825 2306/3055/2850 2307/3057/2851
f 2269/3058/2825 2307/3057/2851 2270/3060/2827
f 2270/3060/2827 2307/3057/2851 2308/3059/2852
f 2270/3060/2827 2308/3059/2852 2271/3062/2828
f 2271/3062/2828 2308/3059/2852 2309/3061/2853
f 2271/3062/2828 2309/3061/2853 2272/3064/2830
f 2272/3064/2830 2309/3061/2853 2310/3063/2854
f 2272/3064/2830 2310/3063/2854 2273/3066/2835
f 2273/3066/2835 2310/3063/2854 2311/3065/2855
f 2273/3066/2835 2311/3065/2855 2274/3068/2834
f 2274/3068/2834 2311/3065/2855 2312/3067/2856
f 2274/3068/2834 2312/3067/2856 2275/3070/2837
f 2275/3070/2837 2312/3067/2856 2313/3069/2857
f 2275/3070/2837 2313/3069/2857 2276/3072/2839
f 2276/3072/2839 2313/3069/2857 2314/3071/2858
f 2276/3072/2839 2314/3071/2858 2277/3074/2806
f 2277/3074/2806 2314/3071/2858 2315/3073/2859
f 2280/3075/2841 2316/3076/2860 2262/3043/2810
f 2262/3043/2810 2316/3076/2860 2300/3044/2844
s 205
f 2353/3078/2861 2333/3079/2862 2354/3077/2863
f 2354/3077/2863 2333/3079/2862 2332/3080/2864
f 2317/3081/2865 2336/3082/2866 2318/3084/2867
f 2318/3084/2867 2336/3082/2866 2337/3083/2868
f 2318/3084/2867 2337/3083/2868 2319/3085/2869
f 2319/3085/2869 2337/3083/2868 2338/3086/2870
f 2319/3085/2869 2338/3086/2870 2320/3087/2871
f 2320/3087/2871 2338/3086/2870 2339/3088/2872
f 2320/3087/2871 2339/3088/2872 2321/3089/2873
f 2321/3089/2873 2339/3088/2872 2340/3090/2874
f 2322/3091/2875 2321/3089/2873 2341/3092/2876
f 2341/3092/2876 2321/3089/2873 2340/3090/2874
f 2323/3093/2877 2322/3091/2875 2342/3094/2878
f 2342/3094/2878 2322/3091/2875 2341/3092/2876
f 2323/3093/2877 2342/3094/2878 2324/3095/2879
f 2324/3095/2879 2342/3094/2878 2343/3096/2880
f 2324/3095/2879 2343/3096/2880 2325/3097/2881
f 2325/3097/2881 2343/3096/2880 2344/3098/2882
f 2326/3099/2883 2325/3097/2881 2345/3100/2884
f 2345/3100/2884 2325/3097/2881 2344/3098/2882
f 2327/3101/2885 2326/3099/2883 2346/3102/2886
f 2346/3102/2886 2326/3099/2883 2345/3100/2884
f 2328/3104/2887 2350/3105/2888 2329/3103/2889
f 2329/3103/2889 2350/3105/2888 2349/3106/2890
f 2331/3108/2891 2330/3109/2892 2347/3107/2893
f 2347/3107/2893 2330/3109/2892 2348/3110/2894
f 2329/3103/2889 2349/3106/2890 2330/3109/2892
f 2330/3109/2892 2349/3106/2890 2348/3110/2894
f 2317/3081/2865 2335/3111/2895 2336/3082/2866
f 2336/3082/2866 2335/3111/2895 2351/3112/2896
f 2328/3104/2887 2327/3101/2885 2350/3105/2888
f 2350/3105/2888 2327/3101/2885 2346/3102/2886
f 2335/3111/2895 2334/3113/2897 2351/3112/2896
f 2351/3112/2896 2334/3113/2897 2352/3114/2898
f 2334/3113/2897 2333/3079/2862 2352/3114/2898
f 2352/3114/2898 2333/3079/2862 2353/3078/2861
f 2341/3092/2876 2344/3098/2882 2342/3094/2878
f 2342/3094/2878 2344/3098/2882 2343/3096/2880
f 2331/3108/2891 2347/3107/2893 2332/3080/2864
f 2332/3080/2864 2347/3107/2893 2354/3077/2863
f 2352/3114/2898 2337/3083/2868 2351/3112/2896
f 2351/3112/2896 2337/3083/2868 2336/3082/2866
f 2353/3078/2861 2338/3086/2870 2352/3114/2898
f 2352/3114/2898 2338/3086/2870 2337/3083/2868
f 2348/3110/2894 2340/3090/2874 2347/3107/2893
f 2347/3107/2893 2340/3090/2874 2339/3088/2872
f 2347/3107/2893 2339/3088/2872 2354/3077/2863
f 2354/3077/2863 2339/3088/2872 2353/3078/2861
f 2353/3078/2861 2339/3088/2872 2338/3086/2870
f 2348/3110/2894 2345/3100/2884 2340/3090/2874
f 2340/3090/2874 2345/3100/2884 2344/3098/2882
f 2340/3090/2874 2344/3098/2882 2341/3092/2876
f 2350/3105/2888 2346/3102/2886 2349/3106/2890
f 2349/3106/2890 2346/3102/2886 2348/3110/2894
f 2348/3110/2894 2346/3102/2886 2345/3100/2884
f 2317/3115/2865 2318/3116/2867 2300/3118/2899
f 2300/3118/2899 2318/3116/2867 2301/3117/2900
f 2318/3116/2867 2319/3119/2869 2301/3117/2900
f 2301/3117/2900 2319/3119/2869 2302/3120/2901
f 2320/3121/2871 2321/3122/2873 2303/3124/2902
f 2303/3124/2902 2321/3122/2873 2304/3123/2903
f 2321/3122/2873 2322/3125/2875 2304/3123/2903
f 2304/3123/2903 2322/3125/2875 2305/3126/2904
f 2322/3125/2875 2323/3127/2877 2305/3126/2904
f 2305/3126/2904 2323/3127/2877 2306/3128/2905
f 2323/3127/2877 2324/3129/2879 2306/3128/2905
f 2306/3128/2905 2324/3129/2879 2307/3130/2906
f 2324/3129/2879 2325/3131/2881 2307/3130/2906
f 2307/3130/2906 2325/3131/2881 2308/3132/2907
f 2325/3131/2881 2326/3133/2883 2308/3132/2907
f 2308/3132/2907 2326/3133/2883 2309/3134/2908
f 2326/3133/2883 2327/3135/2885 2309/3134/2908
f 2309/3134/2908 2327/3135/2885 2310/3136/2909
f 2327/3135/2885 2328/3137/2887 2310/3136/2909
f 2310/3136/2909 2328/3137/2887 2311/3138/2910
f 2328/3137/2887 2329/3139/2889 2311/3138/2910
f 2311/3138/2910 2329/3139/2889 2312/3140/2911
f 2329/3139/2889 2330/3141/2892 2312/3140/2911
f 2312/3140/2911 2330/3141/2892 2313/3142/2912
f 2330/3141/2892 2331/3143/2891 2313/3142/2912
f 2313/3142/2912 2331/3143/2891 2314/3144/2913
f 2331/3143/2891 2332/3145/2864 2314/3144/2913
f 2314/3144/2913 2332/3145/2864 2315/3146/2914
f 2335/3147/2895 2317/3115/2865 2316/3148/2915
f 2316/3148/2915 2317/3115/2865 2300/3118/2899
s 213
f 2364/3149/2916 2356/3150/2917 2368/3152/2918
f 2368/3152/2918 2356/3150/2917 2367/3151/2919
f 2362/3154/2920 2357/3155/2921 2366/3153/2922
f 2366/3153/2922 2357/3155/2921 2365/3156/2923
f 2367/3151/2919 2356/3150/2917 2366/3153/2922
f 2366/3153/2922 2356/3150/2917 2362/3154/2920
f 2364/3149/2916 2368/3152/2918 2355/3157/2924
f 2355/3157/2924 2368/3152/2918 2369/3158/2925
f 2361/3159/2926 2366/3153/2922 2358/3160/2927
f 2358/3160/2927 2366/3153/2922 2365/3156/2923
f 2359/3161/2928 2367/3151/2919 2361/3159/2926
f 2361/3159/2926 2367/3151/2919 2366/3153/2922
f 2367/3151/2919 2379/3162/2929 2368/3152/2918
f 2368/3152/2918 2379/3162/2929 2363/3163/2930
f 2368/3152/2918 2363/3163/2930 2369/3158/2925
f 2369/3158/2925 2363/3163/2930 2360/3164/2931
f 2372/3165/2932 2375/3166/2933 2373/3168/2934
f 2373/3168/2934 2375/3166/2933 2374/3167/2935
f 2373/3168/2934 2374/3167/2935 2376/3170/2936
f 2376/3170/2936 2374/3167/2935 2377/3169/2937
f 2363/3171/2930 2370/3172/2938 2360/3174/2931
f 2360/3174/2931 2370/3172/2938 2371/3173/2939
f 2358/3160/2927 2372/3175/2932 2361/3159/2926
f 2361/3159/2926 2372/3175/2932 2373/3176/2934
f 2361/3159/2926 2378/3177/2940 2359/3161/2928
f 2361/3159/2926 2373/3176/2934 2378/3177/2940
f 2378/3177/2940 2373/3176/2934 2376/3178/2936
f 2367/3151/2919 2359/3161/2928 2379/3162/2929
f 2359/3161/2928 2378/3177/2940 2380/3179/2941
f 2359/3161/2928 2380/3179/2941 2379/3162/2929
f 2376/3170/2936 2377/3169/2937 2378/3181/2940
f 2378/3181/2940 2377/3169/2937 2381/3180/2942
f 2379/3182/2929 2382/3183/2943 2363/3171/2930
f 2363/3171/2930 2382/3183/2943 2370/3172/2938
f 2380/3184/2941 2383/3185/2944 2379/3182/2929
f 2379/3182/2929 2383/3185/2944 2382/3183/2943
f 2378/3181/2940 2381/3180/2942 2380/3184/2941
f 2380/3184/2941 2381/3180/2942 2383/3185/2944
s 217
f 2393/3186/2945 2397/3187/2946 2385/3189/2947
f 2385/3189/2947 2397/3187/2946 2396/3188/2948
f 2394/3191/2949 2386/3192/2950 2395/3190/2951
f 2395/3190/2951 2386/3192/2950 2391/3193/2952
f 2396/3188/2948 2395/3190/2951 2385/3189/2947
f 2385/3189/2947 2395/3190/2951 2391/3193/2952
f 2398/3195/2953 2397/3187/2946 2384/3194/2954
f 2384/3194/2954 2397/3187/2946 2393/3186/2945
f 2390/3196/2955 2387/3197/2956 2395/3190/2951
f 2395/3190/2951 2387/3197/2956 2394/3191/2949
f 2388/3198/2957 2390/3196/2955 2396/3188/2948
f 2396/3188/2948 2390/3196/2955 2395/3190/2951
f 2392/3199/2958 2403/3200/2959 2397/3187/2946
f 2397/3187/2946 2403/3200/2959 2396/3188/2948
f 2389/3201/2960 2392/3199/2958 2398/3195/2953
f 2398/3195/2953 2392/3199/2958 2397/3187/2946
f 2399/3202/2961 2400/3203/2962 2375/3205/2963
f 2375/3205/2963 2400/3203/2962 2374/3204/2964
f 2400/3203/2962 2401/3206/2965 2374/3204/2964
f 2374/3204/2964 2401/3206/2965 2377/3207/2966
f 2392/3208/2958 2389/3209/2960 2370/3211/2967
f 2370/3211/2967 2389/3209/2960 2371/3210/2968
f 2387/3197/2956 2390/3196/2955 2399/3213/2961
f 2399/3213/2961 2390/3196/2955 2400/3212/2962
f 2390/3196/2955 2388/3198/2957 2402/3214/2969
f 2390/3196/2955 2402/3214/2969 2400/3212/2962
f 2400/3212/2962 2402/3214/2969 2401/3215/2965
f 2396/3188/2948 2403/3200/2959 2388/3198/2957
f 2388/3198/2957 2404/3216/2970 2402/3214/2969
f 2388/3198/2957 2403/3200/2959 2404/3216/2970
f 2401/3206/2965 2402/3217/2969 2377/3207/2966
f 2377/3207/2966 2402/3217/2969 2381/3218/2971
f 2403/3219/2959 2392/3208/2958 2382/3220/2972
f 2382/3220/2972 2392/3208/2958 2370/3211/2967
f 2404/3221/2970 2403/3219/2959 2383/3222/2973
f 2383/3222/2973 2403/3219/2959 2382/3220/2972
f 2402/3217/2969 2404/3221/2970 2381/3218/2971
f 2381/3218/2971 2404/3221/2970 2383/3222/2973
s 225
f 2429/3224/2974 2408/3225/2975 2430/3223/2976
f 2430/3223/2976 2408/3225/2975 2436/3226/2977
f 2452/3227/2978 2451/3228/2979 2435/3230/2980
f 2435/3230/2980 2451/3228/2979 2406/3229/2981
f 2428/3231/2982 2409/3232/2983 2429/3224/2974
f 2429/3224/2974 2409/3232/2983 2408/3225/2975
f 2428/3231/2982 2450/3233/2984 2409/3232/2983
f 2409/3232/2983 2450/3233/2984 2410/3234/2985
f 2441/3235/2986 2461/3236/2987 2442/3237/2988
f 2471/3238/2989 2472/3239/2990 2437/3241/2991
f 2437/3241/2991 2472/3239/2990 2416/3240/2992
f 2416/3240/2992 2440/3242/2993 2437/3241/2991
f 2437/3241/2991 2440/3242/2993 2439/3243/2994
f 2469/3244/2995 2470/3245/2996 2437/3241/2991
f 2437/3241/2991 2470/3245/2996 2471/3238/2989
f 2469/3244/2995 2439/3243/2994 2468/3246/2997
f 2468/3246/2997 2439/3243/2994 2438/3247/2998
f 2440/3242/2993 2415/3248/2999 2439/3243/2994
f 2439/3243/2994 2415/3248/2999 2438/3247/2998
f 2445/3249/3000 2455/3250/3001 2446/3252/3002
f 2446/3252/3002 2455/3250/3001 2413/3251/3003
f 2411/3255/3004 2410/3234/2985 2448/3254/3005
f 2448/3254/3005 2410/3234/2985 2449/3253/3006
f 2449/3253/3006 2410/3234/2985 2450/3233/2984
f 2465/3256/3007 2467/3257/3008 2442/3237/2988
f 2442/3237/2988 2467/3257/3008 2441/3235/2986
f 2427/3258/3009 2426/3259/3010 2450/3233/2984
f 2450/3233/2984 2426/3259/3010 2449/3253/3006
f 2428/3231/2982 2427/3258/3009 2450/3233/2984
f 2434/3260/3011 2433/3261/3012 2452/3227/2978
f 2452/3227/2978 2433/3261/3012 2451/3228/2979
f 2436/3226/2977 2407/3264/3013 2430/3223/2976
f 2407/3264/3013 2453/3262/3014 2430/3223/2976
f 2453/3262/3014 2431/3263/3015 2430/3223/2976
f 2454/3265/3016 2432/3266/3017 2453/3262/3014
f 2453/3262/3014 2432/3266/3017 2431/3263/3015
f 2451/3228/2979 2453/3262/3014 2406/3229/2981
f 2406/3229/2981 2453/3262/3014 2407/3264/3013
f 2433/3261/3012 2454/3265/3016 2451/3228/2979
f 2451/3228/2979 2454/3265/3016 2453/3262/3014
f 2405/3267/3018 2434/3260/3011 2452/3227/2978
f 2405/3267/3018 2452/3227/2978 2435/3230/2980
f 2447/3268/3019 2412/3269/3020 2460/3271/3021
f 2460/3271/3021 2412/3269/3020 2459/3270/3022
f 2446/3252/3002 2413/3251/3003 2458/3273/3023
f 2458/3273/3023 2413/3251/3003 2457/3272/3024
f 2443/3274/3025 2456/3275/3026 2445/3249/3000
f 2445/3249/3000 2456/3275/3026 2455/3250/3001
f 2443/3274/3025 2444/3276/3027 2456/3275/3026
f 2456/3275/3026 2444/3276/3027 2414/3277/3028
f 2458/3273/3023 2457/3272/3024 2447/3268/3019
f 2447/3268/3019 2457/3272/3024 2412/3269/3020
f 2460/3271/3021 2459/3270/3022 2448/3254/3005
f 2448/3254/3005 2459/3270/3022 2411/3255/3004
f 2438/3247/2998 2415/3248/2999 2441/3235/2986
f 2441/3235/2986 2415/3248/2999 2461/3236/2987
f 2462/3278/3029 2444/3276/3027 2443/3274/3025
f 2458/3273/3023 2473/3279/3030 2446/3252/3002
f 2467/3257/3008 2468/3246/2997 2441/3235/2986
f 2441/3235/2986 2468/3246/2997 2438/3247/2998
f 2463/3280/3031 2414/3277/3028 2462/3278/3029
f 2462/3278/3029 2414/3277/3028 2444/3276/3027
f 2461/3236/2987 2463/3280/3031 2442/3237/2988
f 2442/3237/2988 2463/3280/3031 2462/3278/3029
f 2426/3259/3010 2425/3281/3032 2449/3253/3006
f 2449/3253/3006 2425/3281/3032 2464/3282/3033
f 2465/3256/3007 2466/3283/3034 2423/3285/3035
f 2423/3285/3035 2466/3283/3034 2424/3284/3036
f 2424/3284/3036 2466/3283/3034 2476/3287/3037
f 2476/3287/3037 2466/3283/3034 2475/3286/3038
f 2466/3283/3034 2465/3256/3007 2462/3278/3029
f 2462/3278/3029 2465/3256/3007 2442/3237/2988
f 2467/3257/3008 2465/3256/3007 2422/3288/3039
f 2422/3288/3039 2465/3256/3007 2423/3285/3035
f 2468/3246/2997 2467/3257/3008 2421/3289/3040
f 2421/3289/3040 2467/3257/3008 2422/3288/3039
f 2420/3290/3041 2469/3244/2995 2421/3289/3040
f 2421/3289/3040 2469/3244/2995 2468/3246/2997
f 2419/3291/3042 2470/3245/2996 2420/3290/3041
f 2420/3290/3041 2470/3245/2996 2469/3244/2995
f 2471/3238/2989 2470/3245/2996 2418/3292/3043
f 2418/3292/3043 2470/3245/2996 2419/3291/3042
f 2417/3293/3044 2472/3239/2990 2418/3292/3043
f 2418/3292/3043 2472/3239/2990 2471/3238/2989
f 2469/3244/2995 2437/3241/2991 2439/3243/2994
f 2464/3282/3033 2460/3271/3021 2449/3253/3006
f 2449/3253/3006 2460/3271/3021 2448/3254/3005
f 2475/3286/3038 2466/3283/3034 2443/3274/3025
f 2443/3274/3025 2466/3283/3034 2462/3278/3029
f 2458/3273/3023 2447/3268/3019 2473/3279/3030
f 2473/3279/3030 2447/3268/3019 2464/3282/3033
f 2473/3279/3030 2464/3282/3033 2474/3294/3045
f 2474/3294/3045 2464/3282/3033 2425/3281/3032
f 2473/3279/3030 2475/3286/3038 2446/3252/3002
f 2446/3252/3002 2475/3286/3038 2445/3249/3000
f 2475/3286/3038 2473/3279/3030 2476/3287/3037
f 2476/3287/3037 2473/3279/3030 2474/3294/3045
f 2445/3249/3000 2475/3286/3038 2443/3274/3025
f 2460/3271/3021 2464/3282/3033 2447/3268/3019
f 2417/3293/3044 2418/3292/3043 2477/3295/3046
f 2418/3292/3043 2419/3291/3042 2477/3295/3046
f 2477/3295/3046 2419/3291/3042 2478/3296/3047
f 2419/3291/3042 2420/3290/3041 2478/3298/3047
f 2478/3298/3047 2420/3290/3041 2479/3297/3048
f 2420/3290/3041 2421/3289/3040 2479/3297/3048
f 2479/3297/3048 2421/3289/3040 2480/3299/3049
f 2421/3289/3040 2422/3288/3039 2480/3299/3049
f 2480/3299/3049 2422/3288/3039 2481/3300/3050
f 2422/3288/3039 2423/3285/3035 2481/3300/3050
f 2481/3300/3050 2423/3285/3035 2482/3301/3051
f 2423/3285/3035 2424/3284/3036 2482/3301/3051
f 2482/3301/3051 2424/3284/3036 2483/3302/3052
f 2424/3284/3036 2476/3287/3037 2483/3304/3052
f 2483/3304/3052 2476/3287/3037 2484/3303/3053
f 2425/3281/3032 2426/3259/3010 2485/3306/3054
f 2485/3306/3054 2426/3259/3010 2486/3305/3055
f 2426/3259/3010 2427/3258/3009 2486/3305/3055
f 2486/3305/3055 2427/3258/3009 2487/3307/3056
f 2428/3231/2982 2488/3308/3057 2427/3258/3009
f 2427/3258/3009 2488/3308/3057 2487/3307/3056
f 2428/3231/2982 2429/3224/2974 2488/3308/3057
f 2488/3308/3057 2429/3224/2974 2489/3309/3058
f 2429/3224/2974 2430/3223/2976 2489/3309/3058
f 2489/3309/3058 2430/3223/2976 2490/3310/3059
f 2431/3263/3015 2491/3311/3060 2430/3223/2976
f 2430/3223/2976 2491/3311/3060 2490/3310/3059
f 2431/3263/3015 2432/3266/3017 2491/3311/3060
f 2474/3294/3045 2425/3281/3032 2492/3313/3061
f 2492/3313/3061 2425/3281/3032 2485/3312/3054
f 2476/3287/3037 2474/3294/3045 2484/3303/3053
f 2484/3303/3053 2474/3294/3045 2492/3313/3061
s 239
f 2436/3315/3062 2408/3316/3063 2505/3314/3064
f 2505/3314/3064 2408/3316/3063 2504/3317/3065
f 2521/3318/3066 2435/3319/3067 2520/3321/3068
f 2520/3321/3068 2435/3319/3067 2406/3320/3069
f 2408/3316/3063 2409/3322/3070 2504/3317/3065
f 2504/3317/3065 2409/3322/3070 2503/3323/3071
f 2503/3323/3071 2409/3322/3070 2519/3325/3072
f 2519/3325/3072 2409/3322/3070 2410/3324/3073
f 2510/3326/3074 2511/3327/3075 2461/3328/3076
f 2533/3329/3077 2507/3330/3078 2472/3332/3079
f 2472/3332/3079 2507/3330/3078 2416/3331/3080
f 2509/3333/3081 2440/3334/3082 2507/3330/3078
f 2507/3330/3078 2440/3334/3082 2416/3331/3080
f 2531/3335/3083 2507/3330/3078 2532/3336/3084
f 2532/3336/3084 2507/3330/3078 2533/3329/3077
f 2508/3338/3085 2509/3333/3081 2530/3337/3086
f 2530/3337/3086 2509/3333/3081 2531/3335/3083
f 2440/3334/3082 2509/3333/3081 2415/3339/3087
f 2415/3339/3087 2509/3333/3081 2508/3338/3085
f 2514/3340/3088 2515/3341/3089 2455/3343/3090
f 2455/3343/3090 2515/3341/3089 2413/3342/3091
f 2411/3345/3092 2517/3346/3093 2410/3324/3073
f 2517/3346/3093 2518/3344/3094 2410/3324/3073
f 2518/3344/3094 2519/3325/3072 2410/3324/3073
f 2510/3326/3074 2529/3347/3095 2511/3327/3075
f 2511/3327/3075 2529/3347/3095 2527/3348/3096
f 2502/3349/3097 2519/3325/3072 2501/3350/3098
f 2501/3350/3098 2519/3325/3072 2518/3344/3094
f 2503/3323/3071 2519/3325/3072 2502/3349/3097
f 2434/3351/3099 2521/3318/3066 2433/3352/3100
f 2433/3352/3100 2521/3318/3066 2520/3321/3068
f 2436/3315/3062 2505/3314/3064 2407/3354/3101
f 2407/3354/3101 2505/3314/3064 2522/3353/3102
f 2522/3353/3102 2505/3314/3064 2506/3355/3103
f 2454/3356/3104 2522/3353/3102 2432/3357/3105
f 2432/3357/3105 2522/3353/3102 2506/3355/3103
f 2520/3321/3068 2406/3320/3069 2522/3353/3102
f 2522/3353/3102 2406/3320/3069 2407/3354/3101
f 2433/3352/3100 2520/3321/3068 2454/3356/3104
f 2454/3356/3104 2520/3321/3068 2522/3353/3102
f 2405/3358/3106 2521/3318/3066 2434/3351/3099
f 2405/3358/3106 2435/3319/3067 2521/3318/3066
f 2516/3359/3107 2524/3360/3108 2412/3362/3109
f 2412/3362/3109 2524/3360/3108 2459/3361/3110
f 2515/3341/3089 2523/3363/3111 2413/3342/3091
f 2413/3342/3091 2523/3363/3111 2457/3364/3112
f 2512/3365/3113 2514/3340/3088 2456/3366/3114
f 2456/3366/3114 2514/3340/3088 2455/3343/3090
f 2512/3365/3113 2456/3366/3114 2513/3368/3115
f 2513/3368/3115 2456/3366/3114 2414/3367/3116
f 2523/3363/3111 2516/3359/3107 2457/3364/3112
f 2457/3364/3112 2516/3359/3107 2412/3362/3109
f 2524/3360/3108 2517/3346/3093 2459/3361/3110
f 2459/3361/3110 2517/3346/3093 2411/3345/3092
f 2508/3338/3085 2510/3326/3074 2415/3339/3087
f 2415/3339/3087 2510/3326/3074 2461/3328/3076
f 2525/3369/3117 2512/3365/3113 2513/3368/3115
f 2523/3363/3111 2515/3341/3089 2534/3370/3118
f 2508/3338/3085 2530/3337/3086 2510/3326/3074
f 2510/3326/3074 2530/3337/3086 2529/3347/3095
f 2513/3368/3115 2414/3367/3116 2525/3369/3117
f 2525/3369/3117 2414/3367/3116 2463/3371/3119
f 2525/3369/3117 2463/3371/3119 2511/3327/3075
f 2511/3327/3075 2463/3371/3119 2461/3328/3076
f 2501/3350/3098 2518/3344/3094 2500/3373/3120
f 2500/3373/3120 2518/3344/3094 2526/3372/3121
f 2527/3348/3096 2498/3374/3122 2528/3376/3123
f 2528/3376/3123 2498/3374/3122 2499/3375/3124
f 2499/3375/3124 2537/3377/3125 2528/3376/3123
f 2528/3376/3123 2537/3377/3125 2536/3378/3126
f 2511/3327/3075 2527/3348/3096 2525/3369/3117
f 2525/3369/3117 2527/3348/3096 2528/3376/3123
f 2529/3347/3095 2497/3379/3127 2527/3348/3096
f 2527/3348/3096 2497/3379/3127 2498/3374/3122
f 2530/3337/3086 2496/3380/3128 2529/3347/3095
f 2529/3347/3095 2496/3380/3128 2497/3379/3127
f 2530/3337/3086 2531/3335/3083 2496/3380/3128
f 2496/3380/3128 2531/3335/3083 2495/3381/3129
f 2531/3335/3083 2532/3336/3084 2495/3381/3129
f 2495/3381/3129 2532/3336/3084 2494/3382/3130
f 2533/3329/3077 2493/3383/3131 2532/3336/3084
f 2532/3336/3084 2493/3383/3131 2494/3382/3130
f 2533/3329/3077 2472/3332/3079 2493/3383/3131
f 2493/3383/3131 2472/3332/3079 2417/3384/3132
f 2531/3335/3083 2509/3333/3081 2507/3330/3078
f 2517/3346/3093 2524/3360/3108 2518/3344/3094
f 2518/3344/3094 2524/3360/3108 2526/3372/3121
f 2525/3369/3117 2528/3376/3123 2512/3365/3113
f 2512/3365/3113 2528/3376/3123 2536/3378/3126
f 2526/3372/3121 2516/3359/3107 2534/3370/3118
f 2534/3370/3118 2516/3359/3107 2523/3363/3111
f 2500/3373/3120 2526/3372/3121 2535/3385/3133
f 2535/3385/3133 2526/3372/3121 2534/3370/3118
f 2514/3340/3088 2536/3378/3126 2515/3341/3089
f 2515/3341/3089 2536/3378/3126 2534/3370/3118
f 2535/3385/3133 2534/3370/3118 2537/3377/3125
f 2537/3377/3125 2534/3370/3118 2536/3378/3126
f 2514/3340/3088 2512/3365/3113 2536/3378/3126
f 2524/3360/3108 2516/3359/3107 2526/3372/3121
f 2417/3384/3132 2477/3386/3134 2493/3383/3131
f 2493/3383/3131 2477/3386/3134 2494/3382/3130
f 2494/3382/3130 2477/3386/3134 2478/3387/3135
f 2494/3382/3130 2478/3388/3135 2495/3381/3129
f 2495/3381/3129 2478/3388/3135 2479/3389/3136
f 2495/3381/3129 2479/3389/3136 2496/3380/3128
f 2496/3380/3128 2479/3389/3136 2480/3390/3137
f 2496/3380/3128 2480/3390/3137 2497/3379/3127
f 2497/3379/3127 2480/3390/3137 2481/3391/3138
f 2497/3379/3127 2481/3391/3138 2498/3374/3122
f 2498/3374/3122 2481/3391/3138 2482/3392/3139
f 2498/3374/3122 2482/3392/3139 2499/3375/3124
f 2499/3375/3124 2482/3392/3139 2483/3393/3140
f 2499/3375/3124 2483/3394/3140 2537/3377/3125
f 2537/3377/3125 2483/3394/3140 2484/3395/3141
f 2500/3373/3120 2485/3396/3142 2501/3350/3098
f 2501/3350/3098 2485/3396/3142 2486/3397/3143
f 2501/3350/3098 2486/3397/3143 2502/3349/3097
f 2502/3349/3097 2486/3397/3143 2487/3398/3144
f 2487/3398/3144 2488/3399/3145 2502/3349/3097
f 2502/3349/3097 2488/3399/3145 2503/3323/3071
f 2503/3323/3071 2488/3399/3145 2504/3317/3065
f 2504/3317/3065 2488/3399/3145 2489/3400/3146
f 2504/3317/3065 2489/3400/3146 2505/3314/3064
f 2505/3314/3064 2489/3400/3146 2490/3401/3147
f 2490/3401/3147 2491/3402/3148 2505/3314/3064
f 2505/3314/3064 2491/3402/3148 2506/3355/3103
f 2506/3355/3103 2491/3402/3148 2432/3357/3105
f 2535/3385/3133 2492/3403/3149 2500/3373/3120
f 2500/3373/3120 2492/3403/3149 2485/3404/3142
f 2537/3377/3125 2484/3395/3141 2535/3385/3133
f 2535/3385/3133 2484/3395/3141 2492/3403/3149
s 252
f 2538/3405/3150 2550/3406/3151 2539/3407/3152
f 2539/3407/3152 2550/3406/3151 2540/3408/3153
f 2540/3408/3153 2550/3406/3151 2541/3409/3154
f 2541/3409/3154 2550/3406/3151 2542/3410/3155
f 2542/3410/3155 2550/3406/3151 2543/3411/3156
f 2543/3411/3156 2550/3406/3151 2544/3412/3157
f 2544/3412/3157 2550/3406/3151 2545/3413/3158
f 2545/3413/3158 2550/3406/3151 2546/3414/3159
f 2546/3414/3159 2550/3406/3151 2547/3415/3160
f 2547/3415/3160 2550/3406/3151 2548/3416/3161
f 2548/3416/3161 2550/3406/3151 2549/3417/3162
f 2549/3417/3162 2550/3406/3151 2538/3405/3150
f 2552/3418/3163 2562/3419/3164 2551/3421/3165
f 2551/3421/3165 2562/3419/3164 2561/3420/3166
f 2554/3422/3167 2566/3423/3168 2553/3425/3169
f 2553/3425/3169 2566/3423/3168 2565/3424/3170
f 2555/3426/3171 2567/3427/3172 2554/3422/3167
f 2554/3422/3167 2567/3427/3172 2566/3423/3168
f 2556/3428/3173 2568/3429/3174 2555/3426/3171
f 2555/3426/3171 2568/3429/3174 2567/3427/3172
f 2557/3430/3175 2569/3431/3176 2556/3428/3173
f 2556/3428/3173 2569/3431/3176 2568/3429/3174
f 2558/3432/3177 2570/3433/3178 2557/3430/3175
f 2557/3430/3175 2570/3433/3178 2569/3431/3176
f 2559/3434/3179 2571/3435/3180 2558/3432/3177
f 2558/3432/3177 2571/3435/3180 2570/3433/3178
f 2560/3436/3181 2572/3437/3182 2559/3434/3179
f 2559/3434/3179 2572/3437/3182 2571/3435/3180
f 2551/3421/3165 2561/3420/3166 2560/3436/3181
f 2560/3436/3181 2561/3420/3166 2572/3437/3182
f 2562/3438/3164 2540/3408/3153 2561/3439/3166
f 2561/3439/3166 2540/3408/3153 2541/3409/3154
f 2563/3440/3183 2539/3407/3152 2562/3438/3164
f 2562/3438/3164 2539/3407/3152 2540/3408/3153
f 2564/3441/3184 2538/3405/3150 2563/3440/3183
f 2563/3440/3183 2538/3405/3150 2539/3407/3152
f 2565/3442/3170 2549/3417/3162 2564/3441/3184
f 2564/3441/3184 2549/3417/3162 2538/3405/3150
f 2566/3443/3168 2548/3416/3161 2565/3442/3170
f 2565/3442/3170 2548/3416/3161 2549/3417/3162
f 2567/3444/3172 2547/3415/3160 2566/3443/3168
f 2566/3443/3168 2547/3415/3160 2548/3416/3161
f 2568/3445/3174 2546/3414/3159 2567/3444/3172
f 2567/3444/3172 2546/3414/3159 2547/3415/3160
f 2569/3446/3176 2545/3413/3158 2568/3445/3174
f 2568/3445/3174 2545/3413/3158 2546/3414/3159
f 2570/3447/3178 2544/3412/3157 2569/3446/3176
f 2569/3446/3176 2544/3412/3157 2545/3413/3158
f 2571/3448/3180 2543/3411/3156 2570/3447/3178
f 2570/3447/3178 2543/3411/3156 2544/3412/3157
f 2572/3449/3182 2542/3410/3155 2571/3448/3180
f 2571/3448/3180 2542/3410/3155 2543/3411/3156
f 2561/3439/3166 2541/3409/3154 2572/3449/3182
f 2572/3449/3182 2541/3409/3154 2542/3410/3155
s 261
f 2573/3450/3185 2574/3451/3186 2585/3452/3187
f 2574/3451/3186 2575/3453/3188 2585/3452/3187
f 2575/3453/3188 2576/3454/3189 2585/3452/3187
f 2576/3454/3189 2577/3455/3190 2585/3452/3187
f 2577/3455/3190 2578/3456/3191 2585/3452/3187
f 2578/3456/3191 2579/3457/3192 2585/3452/3187
f 2579/3457/3192 2580/3458/3193 2585/3452/3187
f 2580/3458/3193 2581/3459/3194 2585/3452/3187
f 2581/3459/3194 2582/3460/3195 2585/3452/3187
f 2582/3460/3195 2583/3461/3196 2585/3452/3187
f 2583/3461/3196 2584/3462/3197 2585/3452/3187
f 2584/3462/3197 2573/3450/3185 2585/3452/3187
f 2552/3463/3198 2551/3464/3199 2587/3466/3200
f 2587/3466/3200 2551/3464/3199 2586/3465/3201
f 2554/3467/3202 2553/3468/3203 2591/3470/3204
f 2591/3470/3204 2553/3468/3203 2590/3469/3205
f 2555/3471/3206 2554/3467/3202 2592/3472/3207
f 2592/3472/3207 2554/3467/3202 2591/3470/3204
f 2556/3473/3208 2555/3471/3206 2593/3474/3209
f 2593/3474/3209 2555/3471/3206 2592/3472/3207
f 2557/3475/3210 2556/3473/3208 2594/3476/3211
f 2594/3476/3211 2556/3473/3208 2593/3474/3209
f 2558/3477/3212 2557/3475/3210 2595/3478/3213
f 2595/3478/3213 2557/3475/3210 2594/3476/3211
f 2559/3479/3214 2558/3477/3212 2596/3480/3215
f 2596/3480/3215 2558/3477/3212 2595/3478/3213
f 2560/3481/3216 2559/3479/3214 2597/3482/3217
f 2597/3482/3217 2559/3479/3214 2596/3480/3215
f 2551/3464/3199 2560/3481/3216 2586/3465/3201
f 2586/3465/3201 2560/3481/3216 2597/3482/3217
f 2587/3483/3200 2586/3484/3201 2575/3453/3188
f 2575/3453/3188 2586/3484/3201 2576/3454/3189
f 2588/3485/3218 2587/3483/3200 2574/3451/3186
f 2574/3451/3186 2587/3483/3200 2575/3453/3188
f 2589/3486/3219 2588/3485/3218 2573/3450/3185
f 2573/3450/3185 2588/3485/3218 2574/3451/3186
f 2590/3487/3205 2589/3486/3219 2584/3462/3197
f 2584/3462/3197 2589/3486/3219 2573/3450/3185
f 2591/3488/3204 2590/3487/3205 2583/3461/3196
f 2583/3461/3196 2590/3487/3205 2584/3462/3197
f 2592/3489/3207 2591/3488/3204 2582/3460/3195
f 2582/3460/3195 2591/3488/3204 2583/3461/3196
f 2593/3490/3209 2592/3489/3207 2581/3459/3194
f 2581/3459/3194 2592/3489/3207 2582/3460/3195
f 2594/3491/3211 2593/3490/3209 2580/3458/3193
f 2580/3458/3193 2593/3490/3209 2581/3459/3194
f 2595/3492/3213 2594/3491/3211 2579/3457/3192
f 2579/3457/3192 2594/3491/3211 2580/3458/3193
f 2596/3493/3215 2595/3492/3213 2578/3456/3191
f 2578/3456/3191 2595/3492/3213 2579/3457/3192
f 2597/3494/3217 2596/3493/3215 2577/3455/3190
f 2577/3455/3190 2596/3493/3215 2578/3456/3191
f 2586/3484/3201 2597/3494/3217 2576/3454/3189
f 2576/3454/3189 2597/3494/3217 2577/3455/3190
s 264
f 2638/3495/3220 2617/3496/3221 2637/3498/3222
f 2637/3498/3222 2617/3496/3221 2618/3497/3223
f 2620/3500/3224 2636/3501/3225 2619/3499/3226
f 2619/3499/3226 2636/3501/3225 2618/3497/3223
f 2637/3498/3222 2636/3501/3225 2621/3502/3227
f 2621/3502/3227 2636/3501/3225 2620/3500/3224
f 2623/3503/3228 2639/3504/3229 2622/3505/3230
f 2622/3505/3230 2639/3504/3229 2638/3495/3220
f 2622/3505/3230 2638/3495/3220 2621/3502/3227
f 2621/3502/3227 2638/3495/3220 2637/3498/3222
f 2639/3504/3229 2616/3506/3231 2638/3495/3220
f 2638/3495/3220 2616/3506/3231 2617/3496/3221
f 2624/3507/3232 2640/3508/3233 2623/3503/3228
f 2623/3503/3228 2640/3508/3233 2639/3504/3229
f 2626/3509/3234 2641/3510/3235 2625/3511/3236
f 2625/3511/3236 2641/3510/3235 2624/3507/3232
f 2624/3507/3232 2641/3510/3235 2640/3508/3233
f 2643/3513/3237 2642/3514/3238 2628/3512/3239
f 2628/3512/3239 2642/3514/3238 2627/3515/3240
f 2627/3515/3240 2642/3514/3238 2626/3509/3234
f 2626/3509/3234 2642/3514/3238 2641/3510/3235
f 2641/3510/3235 2615/3516/3241 2640/3508/3233
f 2629/3517/3242 2644/3518/3243 2628/3512/3239
f 2628/3512/3239 2644/3518/3243 2643/3513/3237
f 2630/3519/3244 2645/3520/3245 2629/3517/3242
f 2629/3517/3242 2645/3520/3245 2644/3518/3243
f 2647/3522/3246 2646/3523/3247 2632/3521/3248
f 2632/3521/3248 2646/3523/3247 2631/3524/3249
f 2648/3526/3250 2647/3522/3246 2633/3525/3251
f 2633/3525/3251 2647/3522/3246 2632/3521/3248
f 2634/3527/3252 2649/3528/3253 2633/3525/3251
f 2633/3525/3251 2649/3528/3253 2648/3526/3250
f 2650/3530/3254 2649/3528/3253 2635/3529/3255
f 2635/3529/3255 2649/3528/3253 2634/3527/3252
f 2651/3532/3256 2650/3530/3254 2598/3531/3257
f 2598/3531/3257 2650/3530/3254 2635/3529/3255
f 2615/3516/3241 2616/3506/3231 2640/3508/3233
f 2640/3508/3233 2616/3506/3231 2639/3504/3229
f 2611/3533/3258 2612/3534/3259 2647/3522/3246
f 2647/3522/3246 2612/3534/3259 2646/3523/3247
f 2642/3514/3238 2614/3535/3260 2641/3510/3235
f 2641/3510/3235 2614/3535/3260 2615/3516/3241
f 2613/3536/3261 2614/3535/3260 2643/3513/3237
f 2643/3513/3237 2614/3535/3260 2642/3514/3238
f 2644/3518/3243 2613/3536/3261 2643/3513/3237
f 2646/3523/3247 2645/3520/3245 2631/3524/3249
f 2631/3524/3249 2645/3520/3245 2630/3519/3244
f 2646/3523/3247 2612/3534/3259 2645/3520/3245
f 2645/3520/3245 2612/3534/3259 2644/3518/3243
f 2644/3518/3243 2612/3534/3259 2613/3536/3261
f 2610/3537/3262 2611/3533/3258 2648/3526/3250
f 2648/3526/3250 2611/3533/3258 2647/3522/3246
f 2604/3539/3263 2605/3540/3264 2607/3538/3265
f 2607/3538/3265 2605/3540/3264 2606/3541/3266
f 2610/3537/3262 2648/3526/3250 2650/3530/3254
f 2650/3530/3254 2648/3526/3250 2649/3528/3253
f 2601/3542/3267 2599/3543/3268 2600/3544/3269
f 2650/3530/3254 2651/3532/3256 2652/3545/3270
f 2609/3546/3271 2602/3547/3272 2603/3548/3273
f 2609/3546/3271 2603/3548/3273 2608/3549/3274
f 2608/3549/3274 2603/3548/3273 2604/3539/3263
f 2608/3549/3274 2604/3539/3263 2607/3538/3265
f 2601/3542/3267 2652/3545/3270 2599/3543/3268
f 2599/3543/3268 2652/3545/3270 2651/3532/3256
f 2609/3546/3271 2652/3545/3270 2602/3547/3272
f 2602/3547/3272 2652/3545/3270 2601/3542/3267
f 2650/3530/3254 2652/3545/3270 2610/3537/3262
f 2610/3537/3262 2652/3545/3270 2609/3546/3271
f 2606/3541/3266 2605/3540/3264 2654/3551/3275
f 2654/3551/3275 2605/3540/3264 2653/3550/3276
f 2653/3550/3276 2655/3552/3277 2654/3551/3275
f 2654/3551/3275 2655/3552/3277 2656/3553/3278
f 2637/3498/3222 2618/3497/3223 2636/3501/3225
s 279
f 2679/3554/3279 2678/3555/3280 2675/3557/3281
f 2675/3557/3281 2678/3555/3280 2676/3556/3282
f 2676/3556/3282 2677/3559/3283 2619/3558/3284
f 2619/3558/3284 2677/3559/3283 2620/3560/3285
f 2620/3560/3285 2677/3559/3283 2621/3561/3286
f 2621/3561/3286 2677/3559/3283 2678/3555/3280
f 2623/3562/3287 2622/3563/3288 2680/3564/3289
f 2680/3564/3289 2622/3563/3288 2679/3554/3279
f 2622/3563/3288 2621/3561/3286 2679/3554/3279
f 2679/3554/3279 2621/3561/3286 2678/3555/3280
f 2680/3564/3289 2679/3554/3279 2674/3565/3290
f 2674/3565/3290 2679/3554/3279 2675/3557/3281
f 2624/3566/3291 2623/3562/3287 2681/3567/3292
f 2681/3567/3292 2623/3562/3287 2680/3564/3289
f 2626/3568/3293 2625/3569/3294 2682/3570/3295
f 2625/3569/3294 2624/3566/3291 2682/3570/3295
f 2682/3570/3295 2624/3566/3291 2681/3567/3292
f 2627/3572/3296 2683/3573/3297 2628/3571/3298
f 2628/3571/3298 2683/3573/3297 2684/3574/3299
f 2627/3572/3296 2626/3568/3293 2683/3573/3297
f 2683/3573/3297 2626/3568/3293 2682/3570/3295
f 2682/3570/3295 2681/3567/3292 2673/3575/3300
f 2629/3576/3301 2628/3571/3298 2685/3577/3302
f 2685/3577/3302 2628/3571/3298 2684/3574/3299
f 2630/3578/3303 2629/3576/3301 2686/3579/3304
f 2686/3579/3304 2629/3576/3301 2685/3577/3302
f 2631/3581/3305 2687/3582/3306 2632/3580/3307
f 2632/3580/3307 2687/3582/3306 2688/3583/3308
f 2632/3580/3307 2688/3583/3308 2633/3584/3309
f 2633/3584/3309 2688/3583/3308 2689/3585/3310
f 2634/3586/3311 2633/3584/3309 2690/3587/3312
f 2690/3587/3312 2633/3584/3309 2689/3585/3310
f 2634/3586/3311 2690/3587/3312 2635/3588/3313
f 2635/3588/3313 2690/3587/3312 2691/3589/3314
f 2635/3588/3313 2691/3589/3314 2598/3590/3315
f 2598/3590/3315 2691/3589/3314 2692/3591/3316
f 2680/3564/3289 2674/3565/3290 2681/3567/3292
f 2681/3567/3292 2674/3565/3290 2673/3575/3300
f 2687/3582/3306 2670/3592/3317 2688/3583/3308
f 2688/3583/3308 2670/3592/3317 2669/3593/3318
f 2683/3573/3297 2682/3570/3295 2672/3594/3319
f 2672/3594/3319 2682/3570/3295 2673/3575/3300
f 2683/3573/3297 2672/3594/3319 2684/3574/3299
f 2684/3574/3299 2672/3594/3319 2671/3595/3320
f 2685/3577/3302 2684/3574/3299 2671/3595/3320
f 2630/3578/3303 2686/3579/3304 2631/3581/3305
f 2631/3581/3305 2686/3579/3304 2687/3582/3306
f 2687/3582/3306 2686/3579/3304 2670/3592/3317
f 2686/3579/3304 2685/3577/3302 2670/3592/3317
f 2670/3592/3317 2685/3577/3302 2671/3595/3320
f 2688/3583/3308 2669/3593/3318 2689/3585/3310
f 2689/3585/3310 2669/3593/3318 2668/3596/3321
f 2664/3598/3322 2663/3599/3323 2665/3597/3324
f 2665/3597/3324 2663/3599/3323 2662/3600/3325
f 2690/3587/3312 2689/3585/3310 2691/3589/3314
f 2691/3589/3314 2689/3585/3310 2668/3596/3321
f 2659/3601/3326 2658/3602/3327 2657/3603/3328
f 2691/3589/3314 2693/3604/3329 2692/3591/3316
f 2667/3605/3330 2661/3606/3331 2660/3607/3332
f 2667/3605/3330 2666/3608/3333 2661/3606/3331
f 2661/3606/3331 2666/3608/3333 2662/3600/3325
f 2666/3608/3333 2665/3597/3324 2662/3600/3325
f 2659/3601/3326 2657/3603/3328 2693/3604/3329
f 2693/3604/3329 2657/3603/3328 2692/3591/3316
f 2667/3605/3330 2660/3607/3332 2693/3604/3329
f 2693/3604/3329 2660/3607/3332 2659/3601/3326
f 2691/3589/3314 2668/3596/3321 2693/3604/3329
f 2693/3604/3329 2668/3596/3321 2667/3605/3330
f 2664/3598/3322 2695/3609/3334 2663/3599/3323
f 2663/3599/3323 2695/3609/3334 2694/3610/3335
f 2697/3611/3336 2696/3612/3337 2695/3609/3334
f 2695/3609/3334 2696/3612/3337 2694/3610/3335
f 2678/3555/3280 2677/3559/3283 2676/3556/3282
g default
v -68.552977 8.652093 2.323140
v -68.283026 12.122942 0.686130
v -61.996932 14.745361 0.686130
v -59.490204 17.406346 2.323140
v -57.466973 15.119989 2.323140
v -54.761803 13.691420 2.323140
v -51.813479 12.901147 2.323140
v -53.849960 10.135194 0.686130
v -55.947219 6.183831 0.686130
v -56.980653 2.019703 2.323140
v -61.034033 0.332651 2.323140
v -65.236389 7.186623 2.323140
v -56.893608 11.118224 0.686129
v -59.858347 12.865301 0.686129
v -56.773962 2.852528 0.686130
v -60.314415 1.464821 0.686130
v -64.399992 7.867573 0.686130
v -68.474618 9.659618 0.686130
v -68.283026 12.122942 3.960149
v -61.996932 14.745361 3.960149
v -53.849960 10.135194 3.960149
v -55.947219 6.183831 3.960149
v -56.893608 11.118224 3.960150
v -59.858347 12.865301 3.960150
v -56.773962 2.852528 3.960149
v -60.314415 1.464821 3.960149
v -64.399992 7.867573 3.960150
v -68.474618 9.659618 3.960149
v -48.727429 15.219887 2.323140
v -48.031290 12.354691 2.323140
v -48.583866 10.782000 4.773449
v -49.433962 9.166804 4.773449
v -50.836634 7.594114 4.773449
v -51.686743 5.978918 4.773449
v -52.069282 4.108692 4.773449
v -52.026779 2.663516 4.773449
v -51.984276 -0.056813 4.773449
v -50.751628 -0.481865 3.960154
v -50.878441 -2.596948 3.700772
v -51.223414 -4.139180 3.476871
v -52.400379 -5.904629 3.248896
v -54.722922 -7.645225 2.786073
v -56.713987 -8.357937 2.323140
v -55.939040 -6.911465 2.786073
v -55.336435 -5.025919 3.248896
v -55.239249 -3.004302 3.476871
v -55.686333 -1.196510 3.700772
v -57.351151 0.075670 3.960154
v -56.773962 2.852528 3.960150
v -55.947219 6.183831 3.960145
v -53.849960 10.135194 3.960149
v -51.813479 12.901147 2.323140
v -49.195442 13.949411 3.867862
v -49.377722 12.027290 5.169660
v -50.073658 10.188016 5.526794
v -51.714091 8.415023 5.526794
v -53.006549 6.476329 5.526793
v -53.702497 4.322222 5.526794
v -53.569937 2.516089 5.526795
v -53.238536 -0.300816 5.526796
v -52.840854 -2.454920 5.400126
v -53.155682 -4.012503 5.043513
v -53.919544 -5.440338 4.500365
v -55.210369 -7.011681 3.526623
v -48.132756 11.937000 4.106953
v -53.404243 1.107636 5.526796
v -50.751628 -0.481865 2.323140
v -50.878441 -2.596948 2.323140
v -51.223414 -4.139180 2.323140
v -52.400379 -5.904629 2.323140
v -54.722922 -7.645225 2.323140
v -55.939040 -6.911465 2.323140
v -55.336435 -5.025919 2.323140
v -55.239249 -3.004302 2.323140
v -55.686333 -1.196510 2.323140
v -57.351151 0.075670 2.323140
v -56.773962 2.852528 2.323140
v -48.583866 10.782000 -0.127170
v -49.433962 9.166804 -0.127170
v -50.836634 7.594114 -0.127170
v -51.686743 5.978918 -0.127170
v -52.069282 4.108692 -0.127170
v -52.026779 2.663516 -0.127170
v -51.984276 -0.056813 -0.127170
v -50.751628 -0.481865 0.686126
v -50.878441 -2.596948 0.945508
v -51.223414 -4.139180 1.169409
v -52.400379 -5.904629 1.397384
v -54.722922 -7.645225 1.860206
v -55.939040 -6.911465 1.860206
v -55.336435 -5.025919 1.397384
v -55.239249 -3.004302 1.169409
v -55.686333 -1.196510 0.945508
v -57.351151 0.075670 0.686126
v -56.773962 2.852528 0.686129
v -55.947219 6.183831 0.686134
v -53.849960 10.135194 0.686130
v -49.195442 13.949411 0.778417
v -49.377722 12.027290 -0.523381
v -50.073658 10.188016 -0.880515
v -51.714091 8.415023 -0.880514
v -53.006549 6.476329 -0.880514
v -53.702497 4.322222 -0.880514
v -53.569937 2.516089 -0.880516
v -53.238536 -0.300816 -0.880517
v -52.840854 -2.454920 -0.753846
v -53.155682 -4.012503 -0.397234
v -53.919544 -5.440338 0.145915
v -55.210369 -7.011681 1.119656
v -48.132756 11.937000 0.539326
v -53.404243 1.107636 -0.880516
v -36.767438 5.638877 4.773449
v -41.230471 5.808898 4.773449
v -43.653263 6.403970 4.773449
v -45.736020 7.594114 4.773449
v -46.756140 9.209310 4.773449
v -46.883661 10.654485 4.773449
v -46.628619 11.639463 4.106953
v -48.132756 11.937000 4.106953
v -48.583866 10.782000 4.773449
v -49.433962 9.166804 4.773449
v -50.836634 7.594114 4.773449
v -51.686743 5.978918 4.773449
v -52.069282 4.108692 4.773449
v -52.026779 2.663516 4.773449
v -51.984276 -0.056813 4.773449
v -50.751628 -0.481865 4.773449
v -48.571420 1.302335 4.773449
v -46.798643 -1.034432 4.773449
v -44.970929 0.410744 4.773449
v -43.483239 1.558383 2.323140
v -41.400495 2.238465 2.323140
v -36.767438 2.450991 2.323140
v -36.767438 10.059415 2.323140
v -41.230471 10.231329 2.323140
v -42.880197 10.415412 2.323140
v -45.038691 11.090767 2.323140
v -45.274692 8.715545 4.151445
v -43.096383 8.316701 4.151445
v -41.194197 8.132619 4.151445
v -36.767438 7.917854 4.151445
v -45.139460 10.076633 3.426261
v -42.988283 9.366056 3.426261
v -41.212328 9.181974 3.426261
v -36.767438 8.988634 3.426261
v -46.628619 12.057155 2.323140
v -48.031290 12.354691 2.323140
v -46.542296 11.710179 2.323140
v -46.568112 11.276907 3.985444
v -46.709712 10.620552 4.544940
v -36.767438 4.242975 4.773449
v -41.296283 4.426894 4.773449
v -43.551811 3.512647 4.773449
v -45.037653 1.037155 4.773449
v -36.767438 3.346983 4.082271
v -41.348383 3.332680 4.082271
v -43.517525 2.535515 4.082271
v -51.984276 -0.056813 2.323140
v -50.751628 -0.481865 2.323140
v -48.571420 1.302335 2.323140
v -46.798643 -1.034432 2.323140
v -44.970929 0.410744 2.323140
v -36.767438 5.638877 -0.127170
v -41.230471 5.808898 -0.127170
v -43.653263 6.403970 -0.127170
v -45.736020 7.594114 -0.127170
v -46.756140 9.209310 -0.127170
v -46.883661 10.654485 -0.127170
v -46.628619 11.639463 0.539326
v -48.132756 11.937000 0.539326
v -48.583866 10.782000 -0.127170
v -49.433962 9.166804 -0.127170
v -50.836634 7.594114 -0.127170
v -51.686743 5.978918 -0.127170
v -52.069282 4.108692 -0.127170
v -52.026779 2.663516 -0.127170
v -51.984276 -0.056813 -0.127170
v -50.751628 -0.481865 -0.127170
v -48.571420 1.302335 -0.127170
v -46.798643 -1.034432 -0.127170
v -44.970929 0.410744 -0.127170
v -45.274692 8.715545 0.494835
v -43.096383 8.316701 0.494835
v -41.194197 8.132619 0.494835
v -36.767438 7.917854 0.494835
v -45.139460 10.076633 1.220019
v -42.988283 9.366056 1.220019
v -41.212328 9.181974 1.220019
v -36.767438 8.988634 1.220019
v -46.568112 11.276907 0.660835
v -46.709712 10.620552 0.101339
v -36.767438 4.242975 -0.127170
v -41.296283 4.426894 -0.127170
v -43.551811 3.512647 -0.127170
v -45.037653 1.037155 -0.127170
v -36.767438 3.346983 0.564009
v -41.348383 3.332680 0.564009
v -43.517525 2.535515 0.564009
v -58.564649 21.378540 0.686130
v -59.490204 17.406346 0.686130
v -61.996932 14.745361 0.686130
v -68.283026 12.122942 0.686130
v -68.552977 8.652093 0.686130
v -65.236389 7.186623 0.686130
v -60.724289 -0.063595 0.686130
v -65.531795 -2.525198 0.686130
v -69.594235 1.864654 0.686130
v -73.007945 0.744322 0.686130
v -76.186895 1.959833 0.686130
v -80.583306 6.855638 0.686130
v -77.962838 8.844918 0.686130
v -73.720688 9.461957 0.686130
v -72.332349 13.202761 0.686130
v -69.962821 16.131386 0.686130
v -67.206412 16.869962 0.686130
v -65.188581 18.887793 0.686130
v -64.450003 21.644200 0.686130
v -59.693160 20.697605 -0.533907
v -60.589367 17.771731 -0.533907
v -62.724464 15.636636 -0.533907
v -69.156114 12.658045 -0.533907
v -69.577858 8.176981 -0.533907
v -66.203878 6.648147 -0.533907
v -62.355434 0.321938 -0.533907
v -65.492185 -1.312331 -0.533907
v -69.308812 3.129539 -0.533907
v -72.814460 2.174586 -0.533907
v -75.270057 3.103967 -0.533907
v -71.673693 12.936038 -0.533907
v -73.251169 8.806771 -0.533907
v -77.648947 8.174019 -0.533907
v -78.955686 6.910802 -0.533907
v -63.796640 20.871358 -0.533907
v -64.598327 18.466288 -0.533907
v -66.869782 16.221557 -0.533907
v -69.386645 15.627222 -0.533907
v -58.564649 21.378540 2.323140
v -59.490204 17.406346 2.323140
v -61.996932 14.745361 2.323140
v -68.283026 12.122942 2.323140
v -68.552977 8.652093 2.323140
v -65.236389 7.186623 2.323140
v -60.724289 -0.063595 2.323140
v -65.531795 -2.525198 2.323140
v -69.594235 1.864654 2.323140
v -73.007945 0.744322 2.323140
v -76.186895 1.959833 2.323140
v -80.583306 6.855638 2.323140
v -77.962838 8.844918 2.323140
v -73.720688 9.461957 2.323140
v -72.332349 13.202761 2.323140
v -69.962821 16.131386 2.323140
v -64.450003 21.644200 2.323140
v -58.564649 21.378540 3.960149
v -59.490204 17.406346 3.960149
v -61.996932 14.745361 3.960149
v -68.283026 12.122942 3.960149
v -68.552977 8.652093 3.960149
v -65.236389 7.186623 3.960149
v -60.724289 -0.063595 3.960149
v -65.531795 -2.525198 3.960149
v -69.594235 1.864654 3.960149
v -73.007945 0.744322 3.960149
v -76.186895 1.959833 3.960149
v -80.583306 6.855638 3.960149
v -77.962838 8.844918 3.960149
v -73.720688 9.461957 3.960149
v -72.332349 13.202761 3.960149
v -69.962821 16.131386 3.960149
v -67.206412 16.869962 3.960149
v -65.188581 18.887793 3.960149
v -64.450003 21.644200 3.960149
v -59.693160 20.697605 5.180186
v -60.589367 17.771731 5.180186
v -62.724464 15.636636 5.180186
v -69.156114 12.658045 5.180186
v -69.577858 8.176981 5.180186
v -66.203878 6.648147 5.180186
v -62.355434 0.321938 5.180186
v -65.492185 -1.312331 5.180186
v -69.308812 3.129539 5.180186
v -72.814460 2.174586 5.180186
v -75.270057 3.103967 5.180186
v -71.673693 12.936038 5.180186
v -73.251169 8.806771 5.180186
v -77.648947 8.174019 5.180186
v -78.955686 6.910802 5.180186
v -63.796640 20.871358 5.180186
v -64.598327 18.466288 5.180186
v -66.869782 16.221557 5.180186
v -69.386645 15.627222 5.180186
v -64.450687 21.645731 1.529170
v -65.188581 24.400608 1.529169
v -67.205766 26.416990 1.529169
v -65.877586 28.363515 1.529169
v -63.003018 25.379515 1.529169
v -61.842715 21.538435 1.529171
v -64.270046 26.978802 1.529169
v -66.197174 25.408798 1.529169
v -62.252602 23.566265 1.529170
v -64.819634 23.023169 1.529170
v -66.541679 27.390253 0.781372
v -65.233604 26.193800 0.781373
v -64.095800 24.890061 0.781373
v -63.536121 23.294717 0.781374
v -63.146707 21.592083 0.781374
v -62.252602 23.566265 2.323140
v -61.842715 21.538435 2.323140
v -64.125395 30.397672 1.529169
v -62.341760 28.829477 1.529169
v -62.341760 28.829477 2.323140
v -64.125395 30.397672 2.323140
v -60.898637 27.046706 1.529169
v -60.898637 27.046706 2.323140
v -61.950827 26.213111 1.529169
v -62.584351 24.367878 1.529170
v -62.474941 25.305163 1.529170
v -61.950827 26.213111 2.323140
v -62.584351 24.367878 2.323140
v -62.474941 25.305163 2.323140
v -64.450687 21.645731 3.117109
v -65.188581 24.400608 3.117110
v -67.205766 26.416990 3.117110
v -65.877586 28.363515 3.117111
v -63.003018 25.379515 3.117110
v -61.842715 21.538435 3.117109
v -64.270046 26.978802 3.117110
v -66.197174 25.408798 3.117110
v -62.252602 23.566265 3.117109
v -64.819634 23.023169 3.117109
v -66.541679 27.390253 3.864907
v -65.233604 26.193800 3.864907
v -64.095800 24.890061 3.864906
v -63.536121 23.294717 3.864906
v -63.146707 21.592083 3.864905
v -64.125395 30.397672 3.117111
v -62.341760 28.829477 3.117110
v -60.898637 27.046706 3.117110
v -61.950827 26.213111 3.117110
v -62.584351 24.367878 3.117109
v -62.474941 25.305163 3.117109
v -148.769165 -34.107849 2.323140
v -145.884822 -19.780668 2.323140
v -142.822076 -13.457888 2.323140
v -132.413006 0.467791 2.323140
v -120.668778 10.928086 2.323140
v -106.153317 20.119608 2.323140
v -94.846056 25.404522 2.323140
v -91.658896 24.104675 2.323140
v -87.258952 24.248936 2.323140
v -83.866063 27.229857 2.323140
v -73.337820 31.029176 2.323140
v -67.711661 34.996339 2.323140
v -61.869113 32.616043 2.323140
v -62.301897 29.658704 3.977917
v -65.692014 26.268582 3.938385
v -69.010007 27.494797 3.899694
v -72.111604 27.422665 3.863526
v -75.357468 26.052191 3.825676
v -77.672021 23.586983 3.798686
v -78.170547 20.714554 3.792873
v -92.957241 16.314610 3.620446
v -100.314523 18.839168 3.534652
v -105.435775 16.675262 3.474933
v -119.284777 8.740936 4.314700
v -130.537092 -1.068775 4.050824
v -137.317334 -8.805921 4.006832
v -136.884554 -14.599220 5.122215
v -135.789145 -17.980959 2.323140
v -142.463726 -23.763429 2.323140
v -146.052251 -28.882230 2.323140
v -148.205831 -28.340058 2.323140
v -139.228052 -7.634082 2.323140
v -67.731203 32.714169 5.921357
v -72.695333 29.139500 5.024046
v -70.363206 30.535968 5.071941
v -70.503970 32.878768 2.323140
v -75.884450 28.025324 4.958552
v -79.457549 26.653835 4.885171
v -83.788578 24.921423 4.796225
v -83.608121 26.184638 4.799931
v -84.799152 23.766481 4.775470
v -86.928577 22.864185 4.731738
v -91.656610 22.394988 4.634638
v -95.734996 23.513839 4.550881
v -99.416372 20.409935 4.780635
v -105.503138 17.280119 4.253919
v -143.687324 -22.016602 4.314923
v -147.150178 -28.519119 3.443824
v -140.434295 -17.715688 4.680591
v -139.164752 -20.401431 2.323140
v -85.896194 24.932483 2.323140
v -84.863248 25.796788 2.323140
v -89.316874 23.945643 2.323140
v -89.139956 22.408914 4.686323
v -93.134102 24.564829 2.323140
v -93.544331 22.771366 4.595870
v -78.468258 29.177761 2.323140
v -81.623063 25.787629 4.840697
v -81.167161 28.203809 2.323140
v -92.736839 17.863860 4.937276
v -78.655260 24.878264 5.267494
v -79.745231 21.728640 5.241941
v -75.665750 27.206459 5.337598
v -72.448406 28.413250 5.413048
v -69.534975 28.674608 5.481376
v -66.069855 27.644726 5.562642
v -63.500392 30.333186 5.622898
v -62.717785 32.961798 2.323140
v -88.647849 19.080264 5.033166
v -88.521233 17.634593 3.672174
v -84.092904 20.435281 5.139984
v -83.738327 19.057800 3.727947
v -62.301897 29.658704 2.323140
v -65.692014 26.268582 2.323140
v -69.010007 27.494797 2.323140
v -72.111604 27.422665 2.323140
v -75.357468 26.052191 2.323140
v -77.672021 23.586983 2.323140
v -78.170547 20.714554 2.323140
v -83.738327 19.057800 2.323140
v -92.957241 16.314610 2.323140
v -100.314523 18.839168 2.323140
v -105.435775 16.675262 2.323140
v -119.284777 8.740936 2.323140
v -130.537092 -1.068775 2.323140
v -137.317334 -8.805921 2.323140
v -136.884554 -14.599220 2.323140
v -88.521233 17.634593 2.323140
v -62.301897 29.658704 0.668362
v -65.692014 26.268582 0.707894
v -69.010007 27.494797 0.746585
v -72.111604 27.422665 0.782753
v -75.357468 26.052191 0.820603
v -77.672021 23.586983 0.847593
v -78.170547 20.714554 0.853406
v -92.957241 16.314610 1.025834
v -100.314523 18.839168 1.111627
v -105.435775 16.675262 1.171346
v -119.284777 8.740936 0.331579
v -130.537092 -1.068775 0.595456
v -137.317334 -8.805921 0.639447
v -136.884554 -14.599220 -0.475936
v -67.731203 32.714169 -1.275078
v -72.695333 29.139500 -0.377767
v -70.363206 30.535968 -0.425662
v -75.884450 28.025324 -0.312272
v -79.457549 26.653835 -0.238891
v -83.788578 24.921423 -0.149945
v -83.608121 26.184638 -0.153651
v -84.799152 23.766481 -0.129191
v -86.928577 22.864185 -0.085459
v -91.656610 22.394988 0.011641
v -95.734996 23.513839 0.095399
v -99.416372 20.409935 -0.134356
v -105.503138 17.280119 0.392360
v -143.687324 -22.016602 0.331356
v -147.150178 -28.519119 1.202455
v -140.434295 -17.715688 -0.034312
v -89.139956 22.408914 -0.040044
v -93.544331 22.771366 0.050409
v -81.623063 25.787629 -0.194418
v -92.736839 17.863860 -0.290997
v -78.655260 24.878264 -0.621215
v -79.745231 21.728640 -0.595662
v -75.665750 27.206459 -0.691319
v -72.448406 28.413250 -0.766768
v -69.534975 28.674608 -0.835096
v -66.069855 27.644726 -0.916362
v -63.500392 30.333186 -0.976619
v -88.647849 19.080264 -0.386887
v -88.521233 17.634593 0.974105
v -84.092904 20.435281 -0.493705
v -83.738327 19.057800 0.918332
v -67.885275 18.045792 -0.997265
v -66.364406 19.566657 -0.997265
v -65.807729 21.644199 -0.997265
v -66.364406 23.721737 -0.997265
v -67.885275 25.242602 -0.997265
v -69.962821 25.799277 -0.997265
v -72.040349 25.242602 -0.997265
v -73.561230 23.721737 -0.997265
v -74.117895 21.644199 -0.997265
v -73.561230 19.566657 -0.997265
v -72.040349 18.045792 -0.997265
v -69.962821 17.489117 -0.997265
v -69.962821 21.644199 -0.997265
v -65.188581 24.400606 2.323140
v -64.449997 21.644199 2.323140
v -69.962821 16.131382 2.323140
v -72.719230 16.869961 2.323140
v -74.737055 18.887791 2.323140
v -75.475639 21.644199 2.323140
v -74.737055 24.400606 2.323140
v -72.719230 26.418437 2.323140
v -69.962821 27.157015 2.323140
v -67.206419 26.418437 2.323140
v -65.188581 24.400606 0.753674
v -64.449997 21.644199 0.753674
v -65.188581 18.887791 0.753674
v -67.206419 16.869961 0.753673
v -69.962828 16.131382 0.753673
v -72.719230 16.869961 0.753673
v -74.737055 18.887791 0.753673
v -75.475639 21.644199 0.753673
v -74.737055 24.400606 0.753673
v -72.719230 26.418437 0.753673
v -69.962828 27.157015 0.753673
v -67.206419 26.418437 0.753673
v -67.885275 18.045792 5.643544
v -66.364406 19.566657 5.643544
v -65.807729 21.644199 5.643544
v -66.364406 23.721737 5.643544
v -67.885275 25.242602 5.643544
v -69.962821 25.799277 5.643544
v -72.040349 25.242602 5.643544
v -73.561230 23.721737 5.643544
v -74.117895 21.644199 5.643544
v -73.561230 19.566657 5.643544
v -72.040349 18.045792 5.643544
v -69.962821 17.489117 5.643544
v -69.962821 21.644199 5.643544
v -65.188581 24.400606 3.892606
v -64.449997 21.644199 3.892606
v -65.188581 18.887791 3.892606
v -67.206419 16.869961 3.892606
v -69.962828 16.131382 3.892606
v -72.719230 16.869961 3.892606
v -74.737055 18.887791 3.892606
v -75.475639 21.644199 3.892606
v -74.737055 24.400606 3.892606
v -72.719230 26.418437 3.892606
v -69.962828 27.157015 3.892606
v -67.206419 26.418437 3.892606
v -73.720688 9.461957 2.323140
v -72.332349 13.202761 3.534648
v -69.962821 16.131386 3.534671
v -72.719230 16.869962 3.534671
v -74.737061 18.887793 3.534671
v -75.475639 21.644200 3.534671
v -74.737061 24.400608 3.534671
v -72.719230 26.418439 3.534671
v -73.223631 27.244446 3.534671
v -75.357468 26.052191 3.534647
v -77.672021 23.586983 3.534647
v -78.170547 20.714554 3.534647
v -83.738327 19.057800 3.534646
v -88.521233 17.634593 3.534646
v -92.957241 16.314610 3.534645
v -100.314523 18.839168 3.534644
v -105.435775 16.675262 3.534644
v -119.284777 8.740936 3.534652
v -130.537092 -1.068775 3.534649
v -137.317334 -8.805921 3.534649
v -136.884554 -14.599220 3.534660
v -135.789145 -17.980959 2.323140
v -127.173061 -13.720222 2.323140
v -128.832586 -12.396719 2.323140
v -128.512782 -10.203453 2.323140
v -125.051834 -6.240110 2.323140
v -117.125147 -0.828630 2.323140
v -107.659410 3.065828 2.323140
v -108.512070 4.593618 2.323140
v -103.196307 8.043305 2.323140
v -100.698948 8.824809 2.323140
v -98.809626 8.196155 2.323140
v -96.926306 7.183656 2.323140
v -92.117014 8.837213 2.323140
v -87.316345 10.059835 2.323140
v -85.474223 9.724905 2.323140
v -80.003699 7.268749 2.323140
v -77.962838 8.844918 2.323140
v -131.585966 -13.048386 3.534642
v -131.877938 -11.922210 3.534643
v -130.918603 -9.669857 3.534643
v -127.581786 -5.123442 3.534638
v -118.280404 1.299934 3.534637
v -111.189664 4.386491 3.534635
v -103.514984 9.141455 3.534633
v -100.511844 9.933950 3.534634
v -98.468046 9.224875 3.534634
v -96.674504 8.223832 3.534634
v -92.378349 9.808820 3.534634
v -87.373123 10.893287 3.534633
v -85.120773 10.726444 3.534634
v -80.064427 8.565755 3.534639
v -78.294669 9.562405 3.534647
v -73.350057 10.460587 3.534649
v -75.774179 15.617081 3.534648
v -69.962821 27.157015 3.534671
v -69.887045 27.915117 3.534671
v -67.206412 26.418437 3.534671
v -66.667833 27.093546 3.534671
v -72.332349 13.202761 1.111631
v -69.962821 16.131386 1.111608
v -72.719230 16.869962 1.111608
v -74.737061 18.887793 1.111608
v -75.475639 21.644200 1.111608
v -74.737061 24.400608 1.111608
v -72.719230 26.418439 1.111608
v -73.223631 27.244446 1.111608
v -75.357468 26.052191 1.111632
v -77.672021 23.586983 1.111632
v -78.170547 20.714554 1.111633
v -83.738327 19.057800 1.111633
v -88.521233 17.634593 1.111634
v -92.957241 16.314610 1.111634
v -100.314523 18.839168 1.111635
v -105.435775 16.675262 1.111636
v -119.284777 8.740936 1.111627
v -130.537092 -1.068775 1.111630
v -137.317334 -8.805921 1.111630
v -136.884554 -14.599220 1.111619
v -131.585966 -13.048386 1.111638
v -131.877938 -11.922210 1.111636
v -130.918603 -9.669857 1.111637
v -127.581786 -5.123442 1.111641
v -118.280404 1.299934 1.111642
v -111.189664 4.386491 1.111644
v -103.514984 9.141455 1.111646
v -100.511844 9.933950 1.111646
v -98.468046 9.224875 1.111646
v -96.674504 8.223832 1.111646
v -92.378349 9.808820 1.111645
v -87.373123 10.893287 1.111646
v -85.120773 10.726444 1.111645
v -80.064427 8.565755 1.111640
v -78.294669 9.562405 1.111632
v -73.350057 10.460587 1.111631
v -75.774179 15.617081 1.111632
v -69.962821 27.157015 1.111608
v -69.887045 27.915117 1.111608
v -67.206412 26.418437 1.111608
v -66.667833 27.093546 1.111608
v -4.981900 8.652093 2.323140
v -5.251857 12.122942 3.960149
v -11.537944 14.745361 3.960149
v -14.044679 17.406346 2.323140
v -16.067903 15.119989 2.323140
v -18.773073 13.691420 2.323140
v -21.721397 12.901147 2.323140
v -19.684917 10.135194 3.960149
v -17.587651 6.183831 3.960149
v -16.554224 2.019703 2.323140
v -12.500850 0.332651 2.323140
v -8.298494 7.186623 2.323140
v -16.641268 11.118224 3.960150
v -13.676523 12.865301 3.960150
v -16.760914 2.852528 3.960149
v -13.220462 1.464821 3.960149
v -9.134878 7.867573 3.960150
v -5.060258 9.659618 3.960149
v -5.251857 12.122942 0.686130
v -11.537944 14.745361 0.686130
v -19.684917 10.135194 0.686130
v -17.587651 6.183831 0.686130
v -16.641268 11.118224 0.686129
v -13.676523 12.865301 0.686129
v -16.760914 2.852528 0.686130
v -13.220462 1.464821 0.686130
v -9.134878 7.867573 0.686130
v -5.060258 9.659618 0.686130
v -24.807447 15.219887 2.323140
v -25.503586 12.354691 2.323140
v -24.951010 10.782000 -0.127170
v -24.100914 9.166804 -0.127170
v -22.698242 7.594114 -0.127170
v -21.848134 5.978918 -0.127170
v -21.465595 4.108692 -0.127170
v -21.508098 2.663516 -0.127170
v -21.550601 -0.056813 -0.127170
v -22.783248 -0.481865 0.686126
v -22.656436 -2.596948 0.945508
v -22.311462 -4.139180 1.169409
v -21.134497 -5.904629 1.397384
v -18.811955 -7.645225 1.860206
v -16.820889 -8.357937 2.323140
v -17.595830 -6.911465 1.860206
v -18.198442 -5.025919 1.397384
v -18.295628 -3.004302 1.169409
v -17.848543 -1.196510 0.945508
v -16.183726 0.075670 0.686126
v -16.760914 2.852528 0.686129
v -17.587651 6.183831 0.686134
v -19.684917 10.135194 0.686130
v -21.721397 12.901147 2.323140
v -24.339434 13.949411 0.778417
v -24.157154 12.027290 -0.523381
v -23.461218 10.188016 -0.880515
v -21.820786 8.415023 -0.880514
v -20.528328 6.476329 -0.880514
v -19.832379 4.322222 -0.880514
v -19.964940 2.516089 -0.880516
v -20.296341 -0.300816 -0.880517
v -20.694022 -2.454920 -0.753846
v -20.379194 -4.012503 -0.397234
v -19.615332 -5.440338 0.145915
v -18.324507 -7.011681 1.119656
v -25.402121 11.937000 0.539326
v -20.130634 1.107636 -0.880516
v -22.783248 -0.481865 2.323140
v -22.656436 -2.596948 2.323140
v -22.311462 -4.139180 2.323140
v -21.134497 -5.904629 2.323140
v -18.811955 -7.645225 2.323140
v -17.595830 -6.911465 2.323140
v -18.198442 -5.025919 2.323140
v -18.295628 -3.004302 2.323140
v -17.848543 -1.196510 2.323140
v -16.183726 0.075670 2.323140
v -16.760914 2.852528 2.323140
v -24.951010 10.782000 4.773449
v -24.100914 9.166804 4.773449
v -22.698242 7.594114 4.773449
v -21.848134 5.978918 4.773449
v -21.465595 4.108692 4.773449
v -21.508098 2.663516 4.773449
v -21.550601 -0.056813 4.773449
v -22.783248 -0.481865 3.960154
v -22.656436 -2.596948 3.700772
v -22.311462 -4.139180 3.476871
v -21.134497 -5.904629 3.248896
v -18.811955 -7.645225 2.786073
v -17.595830 -6.911465 2.786073
v -18.198442 -5.025919 3.248896
v -18.295628 -3.004302 3.476871
v -17.848543 -1.196510 3.700772
v -16.183726 0.075670 3.960154
v -16.760914 2.852528 3.960150
v -17.587651 6.183831 3.960145
v -19.684917 10.135194 3.960149
v -24.339434 13.949411 3.867862
v -24.157154 12.027290 5.169660
v -23.461218 10.188016 5.526794
v -21.820786 8.415023 5.526794
v -20.528328 6.476329 5.526793
v -19.832379 4.322222 5.526794
v -19.964940 2.516089 5.526795
v -20.296341 -0.300816 5.526796
v -20.694022 -2.454920 5.400126
v -20.379194 -4.012503 5.043513
v -19.615332 -5.440338 4.500365
v -18.324507 -7.011681 3.526623
v -25.402121 11.937000 4.106953
v -20.130634 1.107636 5.526796
v -32.304405 5.808898 -0.127170
v -29.881613 6.403970 -0.127170
v -27.798857 7.594114 -0.127170
v -26.778736 9.209310 -0.127170
v -26.651215 10.654485 -0.127170
v -26.906258 11.639463 0.539326
v -25.402121 11.937000 0.539326
v -24.951010 10.782000 -0.127170
v -24.100914 9.166804 -0.127170
v -22.698242 7.594114 -0.127170
v -21.848134 5.978918 -0.127170
v -21.465595 4.108692 -0.127170
v -21.508098 2.663516 -0.127170
v -21.550601 -0.056813 -0.127170
v -22.783248 -0.481865 -0.127170
v -24.963456 1.302335 -0.127170
v -26.736233 -1.034432 -0.127170
v -28.563947 0.410744 -0.127170
v -30.051637 1.558383 2.323140
v -32.134381 2.238465 2.323140
v -32.304405 10.231329 2.323140
v -30.654680 10.415412 2.323140
v -28.496185 11.090767 2.323140
v -28.260185 8.715545 0.494835
v -30.438494 8.316701 0.494835
v -32.340679 8.132619 0.494835
v -28.395417 10.076633 1.220019
v -30.546593 9.366056 1.220019
v -32.322548 9.181974 1.220019
v -26.906258 12.057155 2.323140
v -25.503586 12.354691 2.323140
v -26.992580 11.710179 2.323140
v -26.966765 11.276907 0.660835
v -26.825164 10.620552 0.101339
v -32.238594 4.426894 -0.127170
v -29.983065 3.512647 -0.127170
v -28.497224 1.037155 -0.127170
v -32.186494 3.332680 0.564009
v -30.017351 2.535515 0.564009
v -21.550601 -0.056813 2.323140
v -22.783248 -0.481865 2.323140
v -24.963456 1.302335 2.323140
v -26.736233 -1.034432 2.323140
v -28.563947 0.410744 2.323140
v -32.304405 5.808898 4.773449
v -29.881613 6.403970 4.773449
v -27.798857 7.594114 4.773449
v -26.778736 9.209310 4.773449
v -26.651215 10.654485 4.773449
v -26.906258 11.639463 4.106953
v -25.402121 11.937000 4.106953
v -24.951010 10.782000 4.773449
v -24.100914 9.166804 4.773449
v -22.698242 7.594114 4.773449
v -21.848134 5.978918 4.773449
v -21.465595 4.108692 4.773449
v -21.508098 2.663516 4.773449
v -21.550601 -0.056813 4.773449
v -22.783248 -0.481865 4.773449
v -24.963456 1.302335 4.773449
v -26.736233 -1.034432 4.773449
v -28.563947 0.410744 4.773449
v -28.260185 8.715545 4.151445
v -30.438494 8.316701 4.151445
v -32.340679 8.132619 4.151445
v -28.395417 10.076633 3.426261
v -30.546593 9.366056 3.426261
v -32.322548 9.181974 3.426261
v -26.966765 11.276907 3.985444
v -26.825164 10.620552 4.544940
v -32.238594 4.426894 4.773449
v -29.983065 3.512647 4.773449
v -28.497224 1.037155 4.773449
v -32.186494 3.332680 4.082271
v -30.017351 2.535515 4.082271
v -14.970221 21.378540 3.960149
v -14.044679 17.406346 3.960149
v -11.537944 14.745361 3.960149
v -5.251857 12.122942 3.960149
v -4.981900 8.652093 3.960149
v -8.298494 7.186623 3.960149
v -12.810588 -0.063595 3.960149
v -8.003088 -2.525198 3.960149
v -3.940635 1.864654 3.960149
v -0.526932 0.744322 3.960149
v 2.652012 1.959833 3.960149
v 7.048436 6.855638 3.960149
v 4.427968 8.844918 3.960149
v 0.185806 9.461957 3.960149
v -1.202521 13.202761 3.960149
v -3.572049 16.131386 3.960149
v -6.328471 16.869962 3.960149
v -8.346301 18.887793 3.960149
v -9.084867 21.644200 3.960149
v -13.841723 20.697605 5.180186
v -12.945503 17.771731 5.180186
v -10.810406 15.636636 5.180186
v -4.378756 12.658045 5.180186
v -3.957019 8.176981 5.180186
v -7.330992 6.648147 5.180186
v -11.179449 0.321938 5.180186
v -8.042691 -1.312331 5.180186
v -4.226064 3.129539 5.180186
v -0.720417 2.174586 5.180186
v 1.735180 3.103967 5.180186
v -1.861184 12.936038 5.180186
v -0.283714 8.806771 5.180186
v 4.114077 8.174019 5.180186
v 5.420816 6.910802 5.180186
v -9.738237 20.871358 5.180186
v -8.936556 18.466288 5.180186
v -6.665101 16.221557 5.180186
v -4.148225 15.627222 5.180186
v -14.970221 21.378540 2.323140
v -14.044679 17.406346 2.323140
v -11.537944 14.745361 2.323140
v -5.251857 12.122942 2.323140
v -4.981900 8.652093 2.323140
v -8.298494 7.186623 2.323140
v -12.810588 -0.063595 2.323140
v -8.003088 -2.525198 2.323140
v -3.940635 1.864654 2.323140
v -0.526932 0.744322 2.323140
v 2.652012 1.959833 2.323140
v 7.048436 6.855638 2.323140
v 4.427968 8.844918 2.323140
v 0.185806 9.461957 2.323140
v -1.202521 13.202761 2.323140
v -3.572049 16.131386 2.323140
v -9.084867 21.644200 2.323140
v -14.970221 21.378540 0.686130
v -14.044679 17.406346 0.686130
v -11.537944 14.745361 0.686130
v -5.251857 12.122942 0.686130
v -4.981900 8.652093 0.686130
v -8.298494 7.186623 0.686130
v -12.810588 -0.063595 0.686130
v -8.003088 -2.525198 0.686130
v -3.940635 1.864654 0.686130
v -0.526932 0.744322 0.686130
v 2.652012 1.959833 0.686130
v 7.048436 6.855638 0.686130
v 4.427968 8.844918 0.686130
v 0.185806 9.461957 0.686130
v -1.202521 13.202761 0.686130
v -3.572049 16.131386 0.686130
v -6.328471 16.869962 0.686130
v -8.346301 18.887793 0.686130
v -9.084867 21.644200 0.686130
v -13.841723 20.697605 -0.533907
v -12.945503 17.771731 -0.533907
v -10.810406 15.636636 -0.533907
v -4.378756 12.658045 -0.533907
v -3.957019 8.176981 -0.533907
v -7.330992 6.648147 -0.533907
v -11.179449 0.321938 -0.533907
v -8.042691 -1.312331 -0.533907
v -4.226064 3.129539 -0.533907
v -0.720417 2.174586 -0.533907
v 1.735180 3.103967 -0.533907
v -1.861184 12.936038 -0.533907
v -0.283714 8.806771 -0.533907
v 4.114077 8.174019 -0.533907
v 5.420816 6.910802 -0.533907
v -9.738237 20.871358 -0.533907
v -8.936556 18.466288 -0.533907
v -6.665101 16.221557 -0.533907
v -4.148225 15.627222 -0.533907
v -9.084183 21.645731 3.117109
v -8.346301 24.400608 3.117110
v -6.329104 26.416990 3.117110
v -7.657291 28.363515 3.117111
v -10.531865 25.379515 3.117110
v -11.692168 21.538435 3.117109
v -9.264830 26.978802 3.117110
v -7.337702 25.408798 3.117110
v -11.282281 23.566265 3.117109
v -8.715242 23.023169 3.117109
v -6.993197 27.390253 3.864907
v -8.301279 26.193800 3.864907
v -9.439070 24.890061 3.864906
v -9.998762 23.294717 3.864906
v -10.388163 21.592083 3.864905
v -11.282281 23.566265 2.323140
v -11.692168 21.538435 2.323140
v -9.409482 30.397672 3.117111
v -11.193122 28.829477 3.117110
v -11.193122 28.829477 2.323140
v -9.409482 30.397672 2.323140
v -12.636246 27.046706 3.117110
v -12.636246 27.046706 2.323140
v -11.584043 26.213111 3.117110
v -10.950525 24.367878 3.117109
v -11.059929 25.305163 3.117109
v -11.584043 26.213111 2.323140
v -10.950525 24.367878 2.323140
v -11.059929 25.305163 2.323140
v -9.084183 21.645731 1.529170
v -8.346301 24.400608 1.529169
v -6.329104 26.416990 1.529169
v -7.657291 28.363515 1.529169
v -10.531865 25.379515 1.529169
v -11.692168 21.538435 1.529171
v -9.264830 26.978802 1.529169
v -7.337702 25.408798 1.529169
v -11.282281 23.566265 1.529170
v -8.715242 23.023169 1.529170
v -6.993197 27.390253 0.781372
v -8.301279 26.193800 0.781373
v -9.439070 24.890061 0.781373
v -9.998762 23.294717 0.781374
v -10.388163 21.592083 0.781374
v -9.409482 30.397672 1.529169
v -11.193122 28.829477 1.529169
v -12.636246 27.046706 1.529169
v -11.584043 26.213111 1.529169
v -10.950525 24.367878 1.529170
v -11.059929 25.305163 1.529170
v 75.234288 -34.107849 2.323140
v 72.349940 -19.780668 2.323140
v 69.287198 -13.457888 2.323140
v 58.878127 0.467791 2.323140
v 47.133904 10.928086 2.323140
v 32.618447 20.119608 2.323140
v 21.311180 25.404522 2.323140
v 18.124019 24.104675 2.323140
v 13.724076 24.248936 2.323140
v 10.331187 27.229857 2.323140
v -0.197062 31.029176 2.323140
v -5.823222 34.996339 2.323140
v -11.665757 32.616043 2.323140
v -11.232979 29.658704 0.668362
v -7.842863 26.268582 0.707894
v -4.524864 27.494797 0.746585
v -1.423278 27.422665 0.782753
v 1.822592 26.052191 0.820603
v 4.137145 23.586983 0.847593
v 4.635671 20.714554 0.853406
v 19.422365 16.314610 1.025834
v 26.779647 18.839168 1.111627
v 31.900899 16.675262 1.171346
v 45.749907 8.740936 0.331579
v 57.002225 -1.068775 0.595456
v 63.782458 -8.805921 0.639447
v 63.349681 -14.599220 -0.475936
v 62.254278 -17.980959 2.323140
v 68.928842 -23.763429 2.323140
v 72.517368 -28.882230 2.323140
v 74.670950 -28.340058 2.323140
v 65.693177 -7.634082 2.323140
v -5.803673 32.714169 -1.275078
v -0.839544 29.139500 -0.377767
v -3.171671 30.535968 -0.425662
v -3.030906 32.878768 2.323140
v 2.349567 28.025324 -0.312272
v 5.922672 26.653835 -0.238891
v 10.253702 24.921423 -0.149945
v 10.073245 26.184638 -0.153651
v 11.264276 23.766481 -0.129191
v 13.393700 22.864185 -0.085459
v 18.121728 22.394988 0.011641
v 22.200120 23.513839 0.095399
v 25.881489 20.409935 -0.134356
v 31.968255 17.280119 0.392360
v 70.152450 -22.016602 0.331356
v 73.615303 -28.519119 1.202455
v 66.899414 -17.715688 -0.034312
v 65.629872 -20.401431 2.323140
v 12.361312 24.932483 2.323140
v 11.328378 25.796788 2.323140
v 15.782004 23.945643 2.323140
v 15.605080 22.408914 -0.040044
v 19.599226 24.564829 2.323140
v 20.009454 22.771366 0.050409
v 4.933381 29.177761 2.323140
v 8.088181 25.787629 -0.194418
v 7.632284 28.203809 2.323140
v 19.201962 17.863860 -0.290997
v 5.120384 24.878264 -0.621215
v 6.210355 21.728640 -0.595662
v 2.130874 27.206459 -0.691319
v -1.086471 28.413250 -0.766768
v -3.999901 28.674608 -0.835096
v -7.465021 27.644726 -0.916362
v -10.034491 30.333186 -0.976619
v -10.817091 32.961798 2.323140
v 15.112973 19.080264 -0.386887
v 14.986363 17.634593 0.974105
v 10.558034 20.435281 -0.493705
v 10.203450 19.057800 0.918332
v -11.232979 29.658704 2.323140
v -7.842863 26.268582 2.323140
v -4.524864 27.494797 2.323140
v -1.423278 27.422665 2.323140
v 1.822592 26.052191 2.323140
v 4.137145 23.586983 2.323140
v 4.635671 20.714554 2.323140
v 10.203450 19.057800 2.323140
v 19.422365 16.314610 2.323140
v 26.779647 18.839168 2.323140
v 31.900899 16.675262 2.323140
v 45.749907 8.740936 2.323140
v 57.002225 -1.068775 2.323140
v 63.782458 -8.805921 2.323140
v 63.349681 -14.599220 2.323140
v 14.986363 17.634593 2.323140
v -11.232979 29.658704 3.977917
v -7.842863 26.268582 3.938385
v -4.524864 27.494797 3.899694
v -1.423278 27.422665 3.863526
v 1.822592 26.052191 3.825676
v 4.137145 23.586983 3.798686
v 4.635671 20.714554 3.792873
v 19.422365 16.314610 3.620446
v 26.779647 18.839168 3.534652
v 31.900899 16.675262 3.474933
v 45.749907 8.740936 4.314700
v 57.002225 -1.068775 4.050824
v 63.782458 -8.805921 4.006832
v 63.349681 -14.599220 5.122215
v -5.803673 32.714169 5.921357
v -0.839544 29.139500 5.024046
v -3.171671 30.535968 5.071941
v 2.349567 28.025324 4.958552
v 5.922672 26.653835 4.885171
v 10.253702 24.921423 4.796225
v 10.073245 26.184638 4.799931
v 11.264276 23.766481 4.775470
v 13.393700 22.864185 4.731738
v 18.121728 22.394988 4.634638
v 22.200120 23.513839 4.550881
v 25.881489 20.409935 4.780635
v 31.968255 17.280119 4.253919
v 70.152450 -22.016602 4.314923
v 73.615303 -28.519119 3.443824
v 66.899414 -17.715688 4.680591
v 15.605080 22.408914 4.686323
v 20.009454 22.771366 4.595870
v 8.088181 25.787629 4.840697
v 19.201962 17.863860 4.937276
v 5.120384 24.878264 5.267494
v 6.210355 21.728640 5.241941
v 2.130874 27.206459 5.337598
v -1.086471 28.413250 5.413048
v -3.999901 28.674608 5.481376
v -7.465021 27.644726 5.562642
v -10.034491 30.333186 5.622898
v 15.112973 19.080264 5.033166
v 14.986363 17.634593 3.672174
v 10.558034 20.435281 5.139984
v 10.203450 19.057800 3.727947
v -5.649602 18.045792 5.643544
v -7.170476 19.566657 5.643544
v -7.727154 21.644199 5.643544
v -7.170476 23.721737 5.643544
v -5.649602 25.242602 5.643544
v -3.572049 25.799277 5.643544
v -1.494534 25.242602 5.643544
v 0.026353 23.721737 5.643544
v 0.583018 21.644199 5.643544
v 0.026353 19.566657 5.643544
v -1.494534 18.045792 5.643544
v -3.572049 17.489117 5.643544
v -3.572049 21.644199 5.643544
v -8.346301 24.400606 2.323140
v -9.084880 21.644199 2.323140
v -3.572049 16.131382 2.323140
v -0.815653 16.869961 2.323140
v 1.202178 18.887791 2.323140
v 1.940769 21.644199 2.323140
v 1.202178 24.400606 2.323140
v -0.815653 26.418437 2.323140
v -3.572049 27.157015 2.323140
v -6.328458 26.418437 2.323140
v -8.346301 24.400606 3.892606
v -9.084880 21.644199 3.892606
v -8.346301 18.887791 3.892606
v -6.328458 16.869961 3.892606
v -3.572049 16.131382 3.892606
v -0.815653 16.869961 3.892606
v 1.202178 18.887791 3.892606
v 1.940769 21.644199 3.892606
v 1.202178 24.400606 3.892606
v -0.815653 26.418437 3.892606
v -3.572049 27.157015 3.892606
v -6.328458 26.418437 3.892606
v -5.649602 18.045792 -0.997265
v -7.170476 19.566657 -0.997265
v -7.727154 21.644199 -0.997265
v -7.170476 23.721737 -0.997265
v -5.649602 25.242602 -0.997265
v -3.572049 25.799277 -0.997265
v -1.494534 25.242602 -0.997265
v 0.026353 23.721737 -0.997265
v 0.583018 21.644199 -0.997265
v 0.026353 19.566657 -0.997265
v -1.494534 18.045792 -0.997265
v -3.572049 17.489117 -0.997265
v -3.572049 21.644199 -0.997265
v -8.346301 24.400606 0.753674
v -9.084880 21.644199 0.753674
v -8.346301 18.887791 0.753674
v -6.328458 16.869961 0.753673
v -3.572049 16.131382 0.753673
v -0.815653 16.869961 0.753673
v 1.202178 18.887791 0.753673
v 1.940769 21.644199 0.753673
v 1.202178 24.400606 0.753673
v -0.815653 26.418437 0.753673
v -3.572049 27.157015 0.753673
v -6.328458 26.418437 0.753673
v 0.185806 9.461957 2.323140
v -1.202521 13.202761 1.111631
v -3.572049 16.131386 1.111608
v -0.815653 16.869962 1.111608
v 1.202178 18.887793 1.111608
v 1.940769 21.644200 1.111608
v 1.202178 24.400608 1.111608
v -0.815653 26.418439 1.111608
v -0.311239 27.244446 1.111608
v 1.822592 26.052191 1.111632
v 4.137145 23.586983 1.111632
v 4.635671 20.714554 1.111633
v 10.203450 19.057800 1.111633
v 14.986363 17.634593 1.111634
v 19.422365 16.314610 1.111634
v 26.779647 18.839168 1.111635
v 31.900899 16.675262 1.111636
v 45.749907 8.740936 1.111627
v 57.002225 -1.068775 1.111630
v 63.782458 -8.805921 1.111630
v 63.349681 -14.599220 1.111619
v 62.254278 -17.980959 2.323140
v 53.638178 -13.720222 2.323140
v 55.297703 -12.396719 2.323140
v 54.977912 -10.203453 2.323140
v 51.516958 -6.240110 2.323140
v 43.590274 -0.828630 2.323140
v 34.124534 3.065828 2.323140
v 34.977187 4.593618 2.323140
v 29.661425 8.043305 2.323140
v 27.164072 8.824809 2.323140
v 25.274750 8.196155 2.323140
v 23.391429 7.183656 2.323140
v 18.582131 8.837213 2.323140
v 13.781468 10.059835 2.323140
v 11.939346 9.724905 2.323140
v 6.468816 7.268749 2.323140
v 4.427968 8.844918 2.323140
v 58.051086 -13.048386 1.111638
v 58.343074 -11.922210 1.111636
v 57.383726 -9.669857 1.111637
v 54.046900 -5.123442 1.111641
v 44.745525 1.299934 1.111642
v 37.654782 4.386491 1.111644
v 29.980101 9.141455 1.111646
v 26.976968 9.933950 1.111646
v 24.933170 9.224875 1.111646
v 23.139628 8.223832 1.111646
v 18.843479 9.808820 1.111645
v 13.838240 10.893287 1.111646
v 11.585903 10.726444 1.111645
v 6.529551 8.565755 1.111640
v 4.759787 9.562405 1.111632
v -0.184819 10.460587 1.111631
v 2.239302 15.617081 1.111632
v -3.572049 27.157015 1.111608
v -3.647838 27.915117 1.111608
v -6.328471 26.418437 1.111608
v -6.867043 27.093546 1.111608
v -1.202521 13.202761 3.534648
v -3.572049 16.131386 3.534671
v -0.815653 16.869962 3.534671
v 1.202178 18.887793 3.534671
v 1.940769 21.644200 3.534671
v 1.202178 24.400608 3.534671
v -0.815653 26.418439 3.534671
v -0.311239 27.244446 3.534671
v 1.822592 26.052191 3.534647
v 4.137145 23.586983 3.534647
v 4.635671 20.714554 3.534647
v 10.203450 19.057800 3.534646
v 14.986363 17.634593 3.534646
v 19.422365 16.314610 3.534645
v 26.779647 18.839168 3.534644
v 31.900899 16.675262 3.534644
v 45.749907 8.740936 3.534652
v 57.002225 -1.068775 3.534649
v 63.782458 -8.805921 3.534649
v 63.349681 -14.599220 3.534660
v 58.051086 -13.048386 3.534642
v 58.343074 -11.922210 3.534643
v 57.383726 -9.669857 3.534643
v 54.046900 -5.123442 3.534638
v 44.745525 1.299934 3.534637
v 37.654782 4.386491 3.534635
v 29.980101 9.141455 3.534633
v 26.976968 9.933950 3.534634
v 24.933170 9.224875 3.534634
v 23.139628 8.223832 3.534634
v 18.843479 9.808820 3.534634
v 13.838240 10.893287 3.534633
v 11.585903 10.726444 3.534634
v 6.529551 8.565755 3.534639
v 4.759787 9.562405 3.534647
v -0.184819 10.460587 3.534649
v 2.239302 15.617081 3.534648
v -3.572049 27.157015 3.534671
v -3.647838 27.915117 3.534671
v -6.328471 26.418437 3.534671
v -6.867043 27.093546 3.534671
vt 0.246001 0.914145
vt 0.211645 0.931779
vt 0.207175 0.901651
vt 0.240010 0.882666
vt 0.279158 0.811563
vt 0.226596 0.850840
vt 0.210492 0.827442
vt 0.196651 0.873198
vt 0.177960 0.849863
vt 0.243440 0.768754
vt 0.263566 0.768943
vt 0.288379 0.898728
vt 0.293040 0.800535
vt 0.353942 0.856462
vt 0.335882 0.863005
vt 0.280642 0.766947
vt 0.318419 0.896289
vt 0.338631 0.899375
vt 0.246001 0.914145
vt 0.211645 0.931779
vt 0.207175 0.901651
vt 0.240010 0.882666
vt 0.279158 0.811563
vt 0.226596 0.850840
vt 0.210492 0.827442
vt 0.196651 0.873198
vt 0.177960 0.849863
vt 0.243440 0.768754
vt 0.263566 0.768943
vt 0.288379 0.898728
vt 0.293040 0.800535
vt 0.353942 0.856462
vt 0.335882 0.863005
vt 0.280642 0.766947
vt 0.318419 0.896289
vt 0.338631 0.899375
vt 0.536866 0.710146
vt 0.557968 0.706605
vt 0.581689 0.705984
vt 0.557316 0.730334
vt 0.681096 0.668875
vt 0.680880 0.655516
vt 0.696102 0.655516
vt 0.612373 0.701465
vt 0.600448 0.697417
vt 0.618871 0.680015
vt 0.629233 0.686008
vt 0.593933 0.710800
vt 0.578894 0.717701
vt 0.785787 0.639878
vt 0.784341 0.637120
vt 0.796770 0.632433
vt 0.646091 0.675944
vt 0.639035 0.665423
vt 0.661496 0.656304
vt 0.665713 0.670104
vt 0.785219 0.630499
vt 0.767293 0.667339
vt 0.764351 0.650166
vt 0.766142 0.629951
vt 0.754869 0.681183
vt 0.748444 0.656017
vt 0.558398 0.673986
vt 0.738936 0.685531
vt 0.732477 0.658471
vt 0.713347 0.668589
vt 0.718780 0.682749
vt 0.742812 0.626457
vt 0.710810 0.656147
vt 0.721619 0.621430
vt 0.673211 0.620076
vt 0.701531 0.611153
vt 0.638096 0.631787
vt 0.596459 0.656290
vt 0.743686 0.692593
vt 0.724796 0.700161
vt 0.760284 0.684350
vt 0.774613 0.668719
vt 0.792014 0.641691
vt 0.785043 0.627764
vt 0.768855 0.621660
vt 0.746782 0.615953
vt 0.728548 0.609246
vt 0.711499 0.596463
vt 0.666935 0.602496
vt 0.696089 0.593354
vt 0.536866 0.710146
vt 0.557316 0.730334
vt 0.581689 0.705984
vt 0.557968 0.706605
vt 0.681096 0.668875
vt 0.696102 0.655516
vt 0.680880 0.655516
vt 0.612373 0.701465
vt 0.629233 0.686008
vt 0.618871 0.680015
vt 0.600448 0.697417
vt 0.593933 0.710800
vt 0.578894 0.717701
vt 0.785787 0.639878
vt 0.796770 0.632433
vt 0.784341 0.637120
vt 0.646091 0.675944
vt 0.665713 0.670104
vt 0.661496 0.656304
vt 0.639035 0.665423
vt 0.785219 0.630499
vt 0.767293 0.667339
vt 0.764351 0.650166
vt 0.766142 0.629951
vt 0.754869 0.681183
vt 0.748444 0.656017
vt 0.558398 0.673986
vt 0.738936 0.685531
vt 0.732477 0.658471
vt 0.713347 0.668589
vt 0.718780 0.682749
vt 0.742812 0.626457
vt 0.710810 0.656147
vt 0.721619 0.621430
vt 0.701531 0.611153
vt 0.673211 0.620076
vt 0.638096 0.631787
vt 0.596459 0.656290
vt 0.724796 0.700161
vt 0.743686 0.692593
vt 0.760284 0.684350
vt 0.774613 0.668719
vt 0.792014 0.641691
vt 0.785043 0.627764
vt 0.768855 0.621660
vt 0.746782 0.615953
vt 0.728548 0.609246
vt 0.711499 0.596463
vt 0.696089 0.593354
vt 0.666935 0.602496
vt 0.447926 0.812285
vt 0.448201 0.776373
vt 0.468339 0.777478
vt 0.465737 0.806359
vt 0.360769 0.731437
vt 0.368204 0.727685
vt 0.371886 0.747033
vt 0.357843 0.752741
vt 0.364904 0.708662
vt 0.368193 0.724951
vt 0.358427 0.728836
vt 0.351881 0.715191
vt 0.379655 0.699862
vt 0.382084 0.726464
vt 0.455158 0.753233
vt 0.474540 0.759056
vt 0.470335 0.731646
vt 0.464271 0.732858
vt 0.480773 0.710580
vt 0.381964 0.766982
vt 0.367583 0.771390
vt 0.385949 0.784140
vt 0.371236 0.786382
vt 0.413551 0.755122
vt 0.394277 0.763654
vt 0.386971 0.742643
vt 0.398989 0.735729
vt 0.391732 0.828102
vt 0.376949 0.830026
vt 0.421878 0.779135
vt 0.398345 0.782433
vt 0.425792 0.820703
vt 0.404024 0.826532
vt 0.344777 0.737266
vt 0.336605 0.725786
vt 0.347567 0.739858
vt 0.455835 0.698248
vt 0.438417 0.665395
vt 0.464753 0.662199
vt 0.470470 0.673993
vt 0.435491 0.777142
vt 0.437977 0.814031
vt 0.442753 0.752307
vt 0.392709 0.683786
vt 0.424464 0.666868
vt 0.407022 0.673156
vt 0.496400 0.035239
vt 0.496400 0.021268
vt 0.522656 0.021268
vt 0.522656 0.035239
vt 0.496400 0.065427
vt 0.522656 0.065427
vt 0.496400 0.096858
vt 0.522656 0.096857
vt 0.522656 0.141959
vt 0.496400 0.121825
vt 0.522656 0.121825
vt 0.447926 0.812285
vt 0.465737 0.806359
vt 0.468339 0.777478
vt 0.448201 0.776373
vt 0.360769 0.731437
vt 0.357843 0.752741
vt 0.371886 0.747033
vt 0.368204 0.727685
vt 0.364904 0.708662
vt 0.351881 0.715191
vt 0.358427 0.728836
vt 0.368193 0.724951
vt 0.379655 0.699862
vt 0.382084 0.726464
vt 0.474540 0.759056
vt 0.455158 0.753233
vt 0.470335 0.731646
vt 0.464271 0.732858
vt 0.480773 0.710580
vt 0.367583 0.771390
vt 0.381964 0.766982
vt 0.371236 0.786382
vt 0.385949 0.784140
vt 0.413551 0.755122
vt 0.398989 0.735729
vt 0.386971 0.742643
vt 0.394277 0.763654
vt 0.376949 0.830026
vt 0.391732 0.828102
vt 0.421878 0.779135
vt 0.398345 0.782433
vt 0.404024 0.826532
vt 0.425792 0.820703
vt 0.336605 0.725786
vt 0.344777 0.737266
vt 0.347567 0.739858
vt 0.455835 0.698248
vt 0.470470 0.673993
vt 0.464753 0.662199
vt 0.438417 0.665395
vt 0.437977 0.814031
vt 0.435491 0.777142
vt 0.442753 0.752307
vt 0.392709 0.683786
vt 0.424464 0.666868
vt 0.407022 0.673156
vt 0.496400 0.035239
vt 0.522656 0.035239
vt 0.522656 0.021268
vt 0.496400 0.021268
vt 0.496400 0.065427
vt 0.522656 0.065427
vt 0.496400 0.096858
vt 0.522656 0.096857
vt 0.522656 0.141959
vt 0.522656 0.121825
vt 0.496400 0.121825
vt 0.624205 0.842333
vt 0.619359 0.829655
vt 0.597825 0.853625
vt 0.606747 0.863586
vt 0.521788 0.928557
vt 0.567369 0.937159
vt 0.567049 0.921430
vt 0.535435 0.919233
vt 0.605425 0.922126
vt 0.595391 0.907356
vt 0.658724 0.871689
vt 0.653413 0.855875
vt 0.693399 0.875234
vt 0.704156 0.860933
vt 0.706033 0.912503
vt 0.717690 0.899291
vt 0.765751 0.964219
vt 0.761380 0.937418
vt 0.814887 0.928763
vt 0.797707 0.913981
vt 0.778843 0.871069
vt 0.760716 0.872164
vt 0.793048 0.836778
vt 0.774836 0.836746
vt 0.787607 0.801643
vt 0.770414 0.810044
vt 0.713814 0.766903
vt 0.724501 0.774356
vt 0.740430 0.764213
vt 0.745594 0.747487
vt 0.657607 0.829016
vt 0.704156 0.818940
vt 0.695214 0.809224
vt 0.654452 0.817570
vt 0.547210 0.878867
vt 0.537574 0.867983
vt 0.574090 0.877115
vt 0.569589 0.864591
vt 0.547575 0.084397
vt 0.530034 0.084397
vt 0.530034 0.128101
vt 0.547575 0.128101
vt 0.530034 0.167275
vt 0.547576 0.167275
vt 0.462080 0.021268
vt 0.444538 0.021268
vt 0.444538 0.058572
vt 0.462080 0.058572
vt 0.444538 0.097426
vt 0.462080 0.097426
vt 0.444538 0.188933
vt 0.462080 0.188933
vt 0.444538 0.246809
vt 0.462080 0.246809
vt 0.444538 0.310900
vt 0.462080 0.310900
vt 0.444538 0.349400
vt 0.462080 0.349400
vt 0.444538 0.385869
vt 0.462080 0.385869
vt 0.444538 0.456379
vt 0.462080 0.456379
vt 0.444538 0.491633
vt 0.462080 0.491633
vt 0.444538 0.537568
vt 0.462080 0.537568
vt 0.444538 0.580325
vt 0.462080 0.580325
vt 0.444538 0.620692
vt 0.462080 0.620692
vt 0.547575 0.021268
vt 0.530034 0.021268
vt 0.624205 0.842333
vt 0.606747 0.863586
vt 0.597825 0.853625
vt 0.619359 0.829655
vt 0.521788 0.928557
vt 0.535435 0.919233
vt 0.567049 0.921430
vt 0.567369 0.937159
vt 0.605425 0.922126
vt 0.595391 0.907356
vt 0.658724 0.871689
vt 0.653413 0.855875
vt 0.693399 0.875234
vt 0.704156 0.860933
vt 0.706033 0.912503
vt 0.717690 0.899291
vt 0.765751 0.964219
vt 0.761380 0.937418
vt 0.814887 0.928763
vt 0.797707 0.913981
vt 0.778843 0.871069
vt 0.760716 0.872164
vt 0.793048 0.836778
vt 0.774836 0.836746
vt 0.787607 0.801643
vt 0.770414 0.810044
vt 0.713814 0.766903
vt 0.745594 0.747487
vt 0.740430 0.764213
vt 0.724501 0.774356
vt 0.657607 0.829016
vt 0.654452 0.817570
vt 0.695214 0.809224
vt 0.704156 0.818940
vt 0.537574 0.867983
vt 0.547210 0.878867
vt 0.569589 0.864591
vt 0.574090 0.877115
vt 0.547575 0.084397
vt 0.547575 0.128101
vt 0.530034 0.128101
vt 0.530034 0.084397
vt 0.547576 0.167275
vt 0.530034 0.167275
vt 0.462080 0.021268
vt 0.462080 0.058572
vt 0.444538 0.058572
vt 0.444538 0.021268
vt 0.462080 0.097426
vt 0.444538 0.097426
vt 0.462080 0.188933
vt 0.444538 0.188933
vt 0.462080 0.246809
vt 0.444538 0.246809
vt 0.462080 0.310900
vt 0.444538 0.310900
vt 0.462080 0.349400
vt 0.444538 0.349400
vt 0.462080 0.385869
vt 0.444538 0.385869
vt 0.462080 0.456379
vt 0.444538 0.456379
vt 0.462080 0.491633
vt 0.444538 0.491633
vt 0.462080 0.537568
vt 0.444538 0.537568
vt 0.462080 0.580325
vt 0.444538 0.580325
vt 0.462080 0.620692
vt 0.444538 0.620692
vt 0.547575 0.021268
vt 0.530034 0.021268
vt 0.445718 0.878708
vt 0.432046 0.884552
vt 0.435713 0.896194
vt 0.452376 0.890355
vt 0.417713 0.896195
vt 0.417295 0.883645
vt 0.404120 0.882680
vt 0.400964 0.894238
vt 0.459413 0.872862
vt 0.468932 0.882634
vt 0.418108 0.911766
vt 0.397785 0.908770
vt 0.439414 0.910848
vt 0.450375 0.907546
vt 0.459057 0.904990
vt 0.478468 0.895409
vt 0.559067 0.138490
vt 0.567575 0.138490
vt 0.567575 0.113041
vt 0.559067 0.113041
vt 0.567576 0.088463
vt 0.559068 0.088463
vt 0.559068 0.043436
vt 0.567576 0.043437
vt 0.567576 0.021268
vt 0.559068 0.021268
vt 0.393966 0.934388
vt 0.416806 0.937620
vt 0.439952 0.925209
vt 0.440602 0.936772
vt 0.443552 0.914697
vt 0.567576 0.074078
vt 0.559068 0.074078
vt 0.559068 0.052733
vt 0.567576 0.052733
vt 0.559068 0.062845
vt 0.567576 0.062845
vt 0.445718 0.878708
vt 0.452376 0.890355
vt 0.435713 0.896194
vt 0.432046 0.884552
vt 0.417713 0.896195
vt 0.400964 0.894238
vt 0.404120 0.882680
vt 0.417295 0.883645
vt 0.459413 0.872862
vt 0.468932 0.882634
vt 0.418108 0.911766
vt 0.397785 0.908770
vt 0.439414 0.910848
vt 0.459057 0.904990
vt 0.450375 0.907546
vt 0.478468 0.895409
vt 0.559067 0.138490
vt 0.559067 0.113041
vt 0.567575 0.113041
vt 0.567575 0.138490
vt 0.559068 0.088463
vt 0.567576 0.088463
vt 0.559068 0.043436
vt 0.559068 0.021268
vt 0.567576 0.021268
vt 0.567576 0.043437
vt 0.416806 0.937620
vt 0.393966 0.934388
vt 0.439952 0.925209
vt 0.440602 0.936772
vt 0.443552 0.914697
vt 0.559068 0.074078
vt 0.567576 0.074078
vt 0.559068 0.052733
vt 0.567576 0.052733
vt 0.559068 0.062845
vt 0.567576 0.062845
vt 0.077131 0.251068
vt 0.069079 0.336295
vt 0.053404 0.332439
vt 0.061512 0.249461
vt 0.074680 0.068499
vt 0.074781 0.128713
vt 0.054771 0.136738
vt 0.068093 0.067086
vt 0.063542 0.458641
vt 0.044244 0.459642
vt 0.065175 0.591657
vt 0.044630 0.598123
vt 0.078252 0.856295
vt 0.059451 0.837976
vt 0.079751 0.824982
vt 0.071190 0.949898
vt 0.045595 0.971296
vt 0.030987 0.928117
vt 0.052913 0.927508
vt 0.041838 0.904563
vt 0.065205 0.904408
vt 0.082812 0.909630
vt 0.088488 0.932648
vt 0.081568 0.885069
vt 0.074110 0.883842
vt 0.051840 0.878756
vt 0.081538 0.774095
vt 0.065048 0.769101
vt 0.065570 0.763730
vt 0.080704 0.754553
vt 0.065284 0.649411
vt 0.052638 0.686358
vt 0.038984 0.696247
vt 0.096400 0.825728
vt 0.086099 0.856348
vt 0.072879 0.589317
vt 0.078020 0.635916
vt 0.082760 0.067845
vt 0.094525 0.117820
vt 0.082855 0.171667
vt 0.094686 0.206500
vt 0.059787 0.195315
vt 0.104471 0.154499
vt 0.114257 0.186030
vt 0.074848 0.033316
vt 0.070095 0.715888
vt 0.053010 0.721300
vt 0.046923 0.709818
vt 0.062859 0.701728
vt 0.060023 0.738923
vt 0.077233 0.735754
vt 0.077503 0.785886
vt 0.064632 0.779353
vt 0.070980 0.792360
vt 0.063634 0.793997
vt 0.078718 0.806081
vt 0.104190 0.729716
vt 0.061533 0.816332
vt 0.116007 0.688055
vt 0.101448 0.695565
vt 0.113933 0.804993
vt 0.131105 0.812286
vt 0.114432 0.830938
vt 0.108638 0.767926
vt 0.124817 0.765292
vt 0.102272 0.857423
vt 0.097577 0.887076
vt 0.100221 0.913976
vt 0.104465 0.939718
vt 0.076528 0.963388
vt 0.049585 0.978091
vt 0.119991 0.725401
vt 0.080838 0.973939
vt 0.110624 0.951921
vt 0.112968 0.913413
vt 0.117824 0.938508
vt 0.110219 0.888243
vt 0.114049 0.861088
vt 0.124977 0.837336
vt 0.140383 0.819438
vt 0.136178 0.763674
vt 0.142986 0.810487
vt 0.087254 0.632141
vt 0.124484 0.682143
vt 0.082276 0.588604
vt 0.079774 0.458654
vt 0.083077 0.337194
vt 0.090748 0.254816
vt 0.115504 0.214743
vt 0.126509 0.686732
vt 0.130925 0.723967
vt 0.077131 0.251068
vt 0.061512 0.249461
vt 0.053404 0.332439
vt 0.069079 0.336295
vt 0.074680 0.068499
vt 0.068093 0.067086
vt 0.054771 0.136738
vt 0.074781 0.128713
vt 0.044244 0.459642
vt 0.063542 0.458641
vt 0.044630 0.598123
vt 0.065175 0.591657
vt 0.078252 0.856295
vt 0.079751 0.824982
vt 0.059451 0.837976
vt 0.071190 0.949898
vt 0.052913 0.927508
vt 0.030987 0.928117
vt 0.045595 0.971296
vt 0.065205 0.904408
vt 0.041838 0.904563
vt 0.082812 0.909630
vt 0.088488 0.932648
vt 0.081568 0.885069
vt 0.074110 0.883842
vt 0.051840 0.878756
vt 0.081538 0.774095
vt 0.080704 0.754553
vt 0.065570 0.763730
vt 0.065048 0.769101
vt 0.065284 0.649411
vt 0.038984 0.696247
vt 0.052638 0.686358
vt 0.086099 0.856348
vt 0.096400 0.825728
vt 0.072879 0.589317
vt 0.078020 0.635916
vt 0.082760 0.067845
vt 0.094525 0.117820
vt 0.082855 0.171667
vt 0.059787 0.195315
vt 0.094686 0.206500
vt 0.104471 0.154499
vt 0.114257 0.186030
vt 0.074848 0.033316
vt 0.070095 0.715888
vt 0.062859 0.701728
vt 0.046923 0.709818
vt 0.053010 0.721300
vt 0.077233 0.735754
vt 0.060023 0.738923
vt 0.077503 0.785886
vt 0.064632 0.779353
vt 0.063634 0.793997
vt 0.070980 0.792360
vt 0.078718 0.806081
vt 0.104190 0.729716
vt 0.061533 0.816332
vt 0.101448 0.695565
vt 0.116007 0.688055
vt 0.114432 0.830938
vt 0.131105 0.812286
vt 0.113933 0.804993
vt 0.124817 0.765292
vt 0.108638 0.767926
vt 0.102272 0.857423
vt 0.097577 0.887076
vt 0.100221 0.913976
vt 0.104465 0.939718
vt 0.076528 0.963388
vt 0.049585 0.978091
vt 0.119991 0.725401
vt 0.080838 0.973939
vt 0.110624 0.951921
vt 0.117824 0.938508
vt 0.112968 0.913413
vt 0.110219 0.888243
vt 0.114049 0.861088
vt 0.124977 0.837336
vt 0.140383 0.819438
vt 0.142986 0.810487
vt 0.136178 0.763674
vt 0.124484 0.682143
vt 0.087254 0.632141
vt 0.082276 0.588604
vt 0.079774 0.458654
vt 0.083077 0.337194
vt 0.090748 0.254816
vt 0.115504 0.214743
vt 0.130925 0.723967
vt 0.126509 0.686732
vt 0.247119 0.114460
vt 0.199629 0.087043
vt 0.227048 0.134532
vt 0.199629 0.141879
vt 0.172211 0.134532
vt 0.152140 0.114460
vt 0.144794 0.087042
vt 0.152140 0.059624
vt 0.172212 0.039553
vt 0.199629 0.032207
vt 0.227047 0.039553
vt 0.247118 0.059624
vt 0.254465 0.087042
vt 0.487534 0.021268
vt 0.470716 0.021268
vt 0.470716 0.051846
vt 0.487534 0.051846
vt 0.487533 0.265895
vt 0.470716 0.265895
vt 0.470715 0.296474
vt 0.487533 0.296474
vt 0.487533 0.235317
vt 0.470716 0.235317
vt 0.487533 0.204738
vt 0.470716 0.204738
vt 0.487534 0.174160
vt 0.470716 0.174160
vt 0.487534 0.143582
vt 0.470716 0.143582
vt 0.487534 0.113003
vt 0.470716 0.113003
vt 0.487534 0.082425
vt 0.470716 0.082424
vt 0.200158 0.154098
vt 0.166559 0.145378
vt 0.233615 0.144849
vt 0.257965 0.120111
vt 0.266684 0.086513
vt 0.257435 0.053057
vt 0.232698 0.028707
vt 0.199101 0.019988
vt 0.165645 0.029236
vt 0.141295 0.053973
vt 0.132575 0.087570
vt 0.141822 0.121027
vt 0.247119 0.114460
vt 0.227048 0.134532
vt 0.199629 0.087043
vt 0.199629 0.141879
vt 0.172211 0.134532
vt 0.152140 0.114460
vt 0.144794 0.087042
vt 0.152140 0.059624
vt 0.172212 0.039553
vt 0.199629 0.032207
vt 0.227047 0.039553
vt 0.247118 0.059624
vt 0.254465 0.087042
vt 0.487534 0.021268
vt 0.487534 0.051846
vt 0.470716 0.051846
vt 0.470716 0.021268
vt 0.487533 0.265895
vt 0.487533 0.296474
vt 0.470715 0.296474
vt 0.470716 0.265895
vt 0.487533 0.235317
vt 0.470716 0.235317
vt 0.487533 0.204738
vt 0.470716 0.204738
vt 0.487534 0.174160
vt 0.470716 0.174160
vt 0.487534 0.143582
vt 0.470716 0.143582
vt 0.487534 0.113003
vt 0.470716 0.113003
vt 0.487534 0.082425
vt 0.470716 0.082424
vt 0.200158 0.154098
vt 0.166559 0.145378
vt 0.233615 0.144849
vt 0.257965 0.120111
vt 0.266684 0.086513
vt 0.257435 0.053057
vt 0.232698 0.028707
vt 0.199101 0.019988
vt 0.165645 0.029236
vt 0.141295 0.053973
vt 0.132575 0.087570
vt 0.141822 0.121027
vt 0.357981 0.101139
vt 0.341364 0.057657
vt 0.382383 0.041226
vt 0.374602 0.085033
vt 0.415380 0.035713
vt 0.408757 0.117335
vt 0.385459 0.083531
vt 0.391311 0.110656
vt 0.349772 0.158329
vt 0.334316 0.138488
vt 0.372050 0.121623
vt 0.298265 0.127750
vt 0.322504 0.245609
vt 0.298209 0.241429
vt 0.303454 0.344211
vt 0.284728 0.314691
vt 0.316725 0.344518
vt 0.288011 0.422042
vt 0.273320 0.427550
vt 0.273896 0.397538
vt 0.289693 0.398200
vt 0.246952 0.254904
vt 0.292408 0.438570
vt 0.278770 0.445946
vt 0.308140 0.459186
vt 0.294103 0.464586
vt 0.306743 0.549308
vt 0.292981 0.551487
vt 0.291910 0.502606
vt 0.306848 0.502759
vt 0.311521 0.565644
vt 0.298040 0.572763
vt 0.343930 0.616447
vt 0.327561 0.619430
vt 0.334495 0.640180
vt 0.320853 0.637530
vt 0.335084 0.678302
vt 0.320763 0.682989
vt 0.236803 0.553988
vt 0.238485 0.511311
vt 0.211115 0.399510
vt 0.203327 0.452713
vt 0.232470 0.599913
vt 0.180140 0.689158
vt 0.192617 0.688886
vt 0.177549 0.713372
vt 0.171197 0.710108
vt 0.267888 0.697514
vt 0.299794 0.694126
vt 0.277403 0.720057
vt 0.274001 0.667679
vt 0.225824 0.659990
vt 0.244656 0.679537
vt 0.218677 0.677354
vt 0.196854 0.669129
vt 0.174013 0.740117
vt 0.169739 0.742023
vt 0.185237 0.764519
vt 0.181940 0.770587
vt 0.357981 0.101139
vt 0.374602 0.085033
vt 0.382383 0.041226
vt 0.341364 0.057657
vt 0.415380 0.035713
vt 0.385459 0.083531
vt 0.408757 0.117335
vt 0.391311 0.110656
vt 0.349772 0.158329
vt 0.372050 0.121623
vt 0.334316 0.138488
vt 0.298265 0.127750
vt 0.322504 0.245609
vt 0.298209 0.241429
vt 0.303454 0.344211
vt 0.316725 0.344518
vt 0.284728 0.314691
vt 0.288011 0.422042
vt 0.289693 0.398200
vt 0.273896 0.397538
vt 0.273320 0.427550
vt 0.246952 0.254904
vt 0.292408 0.438570
vt 0.278770 0.445946
vt 0.308140 0.459186
vt 0.294103 0.464586
vt 0.306743 0.549308
vt 0.306848 0.502759
vt 0.291910 0.502606
vt 0.292981 0.551487
vt 0.311521 0.565644
vt 0.298040 0.572763
vt 0.343930 0.616447
vt 0.327561 0.619430
vt 0.334495 0.640180
vt 0.320853 0.637530
vt 0.335084 0.678302
vt 0.320763 0.682989
vt 0.238485 0.511311
vt 0.236803 0.553988
vt 0.211115 0.399510
vt 0.203327 0.452713
vt 0.232470 0.599913
vt 0.180140 0.689158
vt 0.171197 0.710108
vt 0.177549 0.713372
vt 0.192617 0.688886
vt 0.267888 0.697514
vt 0.277403 0.720057
vt 0.299794 0.694126
vt 0.274001 0.667679
vt 0.225824 0.659990
vt 0.218677 0.677354
vt 0.244656 0.679537
vt 0.196854 0.669129
vt 0.169739 0.742023
vt 0.174013 0.740117
vt 0.181940 0.770587
vt 0.185237 0.764519
vt 0.246001 0.914145
vt 0.240010 0.882666
vt 0.207175 0.901651
vt 0.211645 0.931779
vt 0.279158 0.811563
vt 0.210492 0.827442
vt 0.226596 0.850840
vt 0.196651 0.873198
vt 0.177960 0.849863
vt 0.263566 0.768943
vt 0.243440 0.768754
vt 0.288379 0.898728
vt 0.293040 0.800535
vt 0.335882 0.863005
vt 0.353942 0.856462
vt 0.280642 0.766947
vt 0.318419 0.896289
vt 0.338631 0.899375
vt 0.246001 0.914145
vt 0.211645 0.931779
vt 0.207175 0.901651
vt 0.240010 0.882666
vt 0.279158 0.811563
vt 0.226596 0.850840
vt 0.210492 0.827442
vt 0.196651 0.873198
vt 0.177960 0.849863
vt 0.243440 0.768754
vt 0.263566 0.768943
vt 0.288379 0.898728
vt 0.293040 0.800535
vt 0.353942 0.856462
vt 0.335882 0.863005
vt 0.280642 0.766947
vt 0.318419 0.896289
vt 0.338631 0.899375
vt 0.536866 0.710146
vt 0.557968 0.706605
vt 0.581689 0.705984
vt 0.557316 0.730334
vt 0.681096 0.668875
vt 0.680880 0.655516
vt 0.696102 0.655516
vt 0.612373 0.701465
vt 0.600448 0.697417
vt 0.618871 0.680015
vt 0.629233 0.686008
vt 0.593933 0.710800
vt 0.578894 0.717701
vt 0.785787 0.639878
vt 0.784341 0.637120
vt 0.796770 0.632433
vt 0.646091 0.675944
vt 0.639035 0.665423
vt 0.661496 0.656304
vt 0.665713 0.670104
vt 0.785219 0.630499
vt 0.767293 0.667339
vt 0.764351 0.650166
vt 0.766142 0.629951
vt 0.754869 0.681183
vt 0.748444 0.656017
vt 0.558398 0.673986
vt 0.738936 0.685531
vt 0.732477 0.658471
vt 0.713347 0.668589
vt 0.718780 0.682749
vt 0.742812 0.626457
vt 0.710810 0.656147
vt 0.721619 0.621430
vt 0.673211 0.620076
vt 0.701531 0.611153
vt 0.638096 0.631787
vt 0.596459 0.656290
vt 0.743686 0.692593
vt 0.724796 0.700161
vt 0.760284 0.684350
vt 0.774613 0.668719
vt 0.792014 0.641691
vt 0.785043 0.627764
vt 0.768855 0.621660
vt 0.746782 0.615953
vt 0.728548 0.609246
vt 0.711499 0.596463
vt 0.666935 0.602496
vt 0.696089 0.593354
vt 0.536866 0.710146
vt 0.557316 0.730334
vt 0.581689 0.705984
vt 0.557968 0.706605
vt 0.681096 0.668875
vt 0.696102 0.655516
vt 0.680880 0.655516
vt 0.612373 0.701465
vt 0.629233 0.686008
vt 0.618871 0.680015
vt 0.600448 0.697417
vt 0.593933 0.710800
vt 0.578894 0.717701
vt 0.785787 0.639878
vt 0.796770 0.632433
vt 0.784341 0.637120
vt 0.646091 0.675944
vt 0.665713 0.670104
vt 0.661496 0.656304
vt 0.639035 0.665423
vt 0.785219 0.630499
vt 0.767293 0.667339
vt 0.764351 0.650166
vt 0.766142 0.629951
vt 0.754869 0.681183
vt 0.748444 0.656017
vt 0.558398 0.673986
vt 0.738936 0.685531
vt 0.732477 0.658471
vt 0.713347 0.668589
vt 0.718780 0.682749
vt 0.742812 0.626457
vt 0.710810 0.656147
vt 0.721619 0.621430
vt 0.701531 0.611153
vt 0.673211 0.620076
vt 0.638096 0.631787
vt 0.596459 0.656290
vt 0.724796 0.700161
vt 0.743686 0.692593
vt 0.760284 0.684350
vt 0.774613 0.668719
vt 0.792014 0.641691
vt 0.785043 0.627764
vt 0.768855 0.621660
vt 0.746782 0.615953
vt 0.728548 0.609246
vt 0.711499 0.596463
vt 0.696089 0.593354
vt 0.666935 0.602496
vt 0.447926 0.812285
vt 0.448201 0.776373
vt 0.468339 0.777478
vt 0.465737 0.806359
vt 0.360769 0.731437
vt 0.368204 0.727685
vt 0.371886 0.747033
vt 0.357843 0.752741
vt 0.364904 0.708662
vt 0.368193 0.724951
vt 0.358427 0.728836
vt 0.351881 0.715191
vt 0.379655 0.699862
vt 0.382084 0.726464
vt 0.455158 0.753233
vt 0.474540 0.759056
vt 0.470335 0.731646
vt 0.464271 0.732858
vt 0.480773 0.710580
vt 0.381964 0.766982
vt 0.367583 0.771390
vt 0.385949 0.784140
vt 0.371236 0.786382
vt 0.413551 0.755122
vt 0.394277 0.763654
vt 0.386971 0.742643
vt 0.398989 0.735729
vt 0.391732 0.828102
vt 0.376949 0.830026
vt 0.421878 0.779135
vt 0.398345 0.782433
vt 0.425792 0.820703
vt 0.404024 0.826532
vt 0.344777 0.737266
vt 0.336605 0.725786
vt 0.347567 0.739858
vt 0.455835 0.698248
vt 0.438417 0.665395
vt 0.464753 0.662199
vt 0.470470 0.673993
vt 0.435491 0.777142
vt 0.437977 0.814031
vt 0.442753 0.752307
vt 0.392709 0.683786
vt 0.424464 0.666868
vt 0.407022 0.673156
vt 0.496400 0.035239
vt 0.496400 0.021268
vt 0.522656 0.021268
vt 0.522656 0.035239
vt 0.496400 0.065427
vt 0.522656 0.065427
vt 0.496400 0.096858
vt 0.522656 0.096857
vt 0.522656 0.141959
vt 0.496400 0.121825
vt 0.522656 0.121825
vt 0.447926 0.812285
vt 0.465737 0.806359
vt 0.468339 0.777478
vt 0.448201 0.776373
vt 0.360769 0.731437
vt 0.357843 0.752741
vt 0.371886 0.747033
vt 0.368204 0.727685
vt 0.364904 0.708662
vt 0.351881 0.715191
vt 0.358427 0.728836
vt 0.368193 0.724951
vt 0.379655 0.699862
vt 0.382084 0.726464
vt 0.474540 0.759056
vt 0.455158 0.753233
vt 0.470335 0.731646
vt 0.464271 0.732858
vt 0.480773 0.710580
vt 0.367583 0.771390
vt 0.381964 0.766982
vt 0.371236 0.786382
vt 0.385949 0.784140
vt 0.413551 0.755122
vt 0.398989 0.735729
vt 0.386971 0.742643
vt 0.394277 0.763654
vt 0.376949 0.830026
vt 0.391732 0.828102
vt 0.421878 0.779135
vt 0.398345 0.782433
vt 0.404024 0.826532
vt 0.425792 0.820703
vt 0.336605 0.725786
vt 0.344777 0.737266
vt 0.347567 0.739858
vt 0.455835 0.698248
vt 0.470470 0.673993
vt 0.464753 0.662199
vt 0.438417 0.665395
vt 0.437977 0.814031
vt 0.435491 0.777142
vt 0.442753 0.752307
vt 0.392709 0.683786
vt 0.424464 0.666868
vt 0.407022 0.673156
vt 0.496400 0.035239
vt 0.522656 0.035239
vt 0.522656 0.021268
vt 0.496400 0.021268
vt 0.496400 0.065427
vt 0.522656 0.065427
vt 0.496400 0.096858
vt 0.522656 0.096857
vt 0.522656 0.141959
vt 0.522656 0.121825
vt 0.496400 0.121825
vt 0.624205 0.842333
vt 0.619359 0.829655
vt 0.597825 0.853625
vt 0.606747 0.863586
vt 0.521788 0.928557
vt 0.567369 0.937159
vt 0.567049 0.921430
vt 0.535435 0.919233
vt 0.605425 0.922126
vt 0.595391 0.907356
vt 0.658724 0.871689
vt 0.653413 0.855875
vt 0.693399 0.875234
vt 0.704156 0.860933
vt 0.706033 0.912503
vt 0.717690 0.899291
vt 0.765751 0.964219
vt 0.761380 0.937418
vt 0.814887 0.928763
vt 0.797707 0.913981
vt 0.778843 0.871069
vt 0.760716 0.872164
vt 0.793048 0.836778
vt 0.774836 0.836746
vt 0.787607 0.801643
vt 0.770414 0.810044
vt 0.713814 0.766903
vt 0.724501 0.774356
vt 0.740430 0.764213
vt 0.745594 0.747487
vt 0.657607 0.829016
vt 0.704156 0.818940
vt 0.695214 0.809224
vt 0.654452 0.817570
vt 0.547210 0.878867
vt 0.537574 0.867983
vt 0.574090 0.877115
vt 0.569589 0.864591
vt 0.547575 0.084397
vt 0.530034 0.084397
vt 0.530034 0.128101
vt 0.547575 0.128101
vt 0.530034 0.167275
vt 0.547576 0.167275
vt 0.462080 0.021268
vt 0.444538 0.021268
vt 0.444538 0.058572
vt 0.462080 0.058572
vt 0.444538 0.097426
vt 0.462080 0.097426
vt 0.444538 0.188933
vt 0.462080 0.188933
vt 0.444538 0.246809
vt 0.462080 0.246809
vt 0.444538 0.310900
vt 0.462080 0.310900
vt 0.444538 0.349400
vt 0.462080 0.349400
vt 0.444538 0.385869
vt 0.462080 0.385869
vt 0.444538 0.456379
vt 0.462080 0.456379
vt 0.444538 0.491633
vt 0.462080 0.491633
vt 0.444538 0.537568
vt 0.462080 0.537568
vt 0.444538 0.580325
vt 0.462080 0.580325
vt 0.444538 0.620692
vt 0.462080 0.620692
vt 0.547575 0.021268
vt 0.530034 0.021268
vt 0.624205 0.842333
vt 0.606747 0.863586
vt 0.597825 0.853625
vt 0.619359 0.829655
vt 0.521788 0.928557
vt 0.535435 0.919233
vt 0.567049 0.921430
vt 0.567369 0.937159
vt 0.605425 0.922126
vt 0.595391 0.907356
vt 0.658724 0.871689
vt 0.653413 0.855875
vt 0.693399 0.875234
vt 0.704156 0.860933
vt 0.706033 0.912503
vt 0.717690 0.899291
vt 0.765751 0.964219
vt 0.761380 0.937418
vt 0.814887 0.928763
vt 0.797707 0.913981
vt 0.778843 0.871069
vt 0.760716 0.872164
vt 0.793048 0.836778
vt 0.774836 0.836746
vt 0.787607 0.801643
vt 0.770414 0.810044
vt 0.713814 0.766903
vt 0.745594 0.747487
vt 0.740430 0.764213
vt 0.724501 0.774356
vt 0.657607 0.829016
vt 0.654452 0.817570
vt 0.695214 0.809224
vt 0.704156 0.818940
vt 0.537574 0.867983
vt 0.547210 0.878867
vt 0.569589 0.864591
vt 0.574090 0.877115
vt 0.547575 0.084397
vt 0.547575 0.128101
vt 0.530034 0.128101
vt 0.530034 0.084397
vt 0.547576 0.167275
vt 0.530034 0.167275
vt 0.462080 0.021268
vt 0.462080 0.058572
vt 0.444538 0.058572
vt 0.444538 0.021268
vt 0.462080 0.097426
vt 0.444538 0.097426
vt 0.462080 0.188933
vt 0.444538 0.188933
vt 0.462080 0.246809
vt 0.444538 0.246809
vt 0.462080 0.310900
vt 0.444538 0.310900
vt 0.462080 0.349400
vt 0.444538 0.349400
vt 0.462080 0.385869
vt 0.444538 0.385869
vt 0.462080 0.456379
vt 0.444538 0.456379
vt 0.462080 0.491633
vt 0.444538 0.491633
vt 0.462080 0.537568
vt 0.444538 0.537568
vt 0.462080 0.580325
vt 0.444538 0.580325
vt 0.462080 0.620692
vt 0.444538 0.620692
vt 0.547575 0.021268
vt 0.530034 0.021268
vt 0.445718 0.878708
vt 0.432046 0.884552
vt 0.435713 0.896194
vt 0.452376 0.890355
vt 0.417713 0.896195
vt 0.417295 0.883645
vt 0.404120 0.882680
vt 0.400964 0.894238
vt 0.459413 0.872862
vt 0.468932 0.882634
vt 0.418108 0.911766
vt 0.397785 0.908770
vt 0.439414 0.910848
vt 0.450375 0.907546
vt 0.459057 0.904990
vt 0.478468 0.895409
vt 0.559067 0.138490
vt 0.567575 0.138490
vt 0.567575 0.113041
vt 0.559067 0.113041
vt 0.567576 0.088463
vt 0.559068 0.088463
vt 0.559068 0.043436
vt 0.567576 0.043437
vt 0.567576 0.021268
vt 0.559068 0.021268
vt 0.393966 0.934388
vt 0.416806 0.937620
vt 0.439952 0.925209
vt 0.440602 0.936772
vt 0.443552 0.914697
vt 0.567576 0.074078
vt 0.559068 0.074078
vt 0.559068 0.052733
vt 0.567576 0.052733
vt 0.559068 0.062845
vt 0.567576 0.062845
vt 0.445718 0.878708
vt 0.452376 0.890355
vt 0.435713 0.896194
vt 0.432046 0.884552
vt 0.417713 0.896195
vt 0.400964 0.894238
vt 0.404120 0.882680
vt 0.417295 0.883645
vt 0.459413 0.872862
vt 0.468932 0.882634
vt 0.418108 0.911766
vt 0.397785 0.908770
vt 0.439414 0.910848
vt 0.459057 0.904990
vt 0.450375 0.907546
vt 0.478468 0.895409
vt 0.559067 0.138490
vt 0.559067 0.113041
vt 0.567575 0.113041
vt 0.567575 0.138490
vt 0.559068 0.088463
vt 0.567576 0.088463
vt 0.559068 0.043436
vt 0.559068 0.021268
vt 0.567576 0.021268
vt 0.567576 0.043437
vt 0.416806 0.937620
vt 0.393966 0.934388
vt 0.439952 0.925209
vt 0.440602 0.936772
vt 0.443552 0.914697
vt 0.559068 0.074078
vt 0.567576 0.074078
vt 0.559068 0.052733
vt 0.567576 0.052733
vt 0.559068 0.062845
vt 0.567576 0.062845
vt 0.077131 0.251068
vt 0.069079 0.336295
vt 0.053404 0.332439
vt 0.061512 0.249461
vt 0.074680 0.068499
vt 0.074781 0.128713
vt 0.054771 0.136738
vt 0.068093 0.067086
vt 0.063542 0.458641
vt 0.044244 0.459642
vt 0.065175 0.591657
vt 0.044630 0.598123
vt 0.078252 0.856295
vt 0.059451 0.837976
vt 0.079751 0.824982
vt 0.071190 0.949898
vt 0.045595 0.971296
vt 0.030987 0.928117
vt 0.052913 0.927508
vt 0.041838 0.904563
vt 0.065205 0.904408
vt 0.082812 0.909630
vt 0.088488 0.932648
vt 0.081568 0.885069
vt 0.074110 0.883842
vt 0.051840 0.878756
vt 0.081538 0.774095
vt 0.065048 0.769101
vt 0.065570 0.763730
vt 0.080704 0.754553
vt 0.065284 0.649411
vt 0.052638 0.686358
vt 0.038984 0.696247
vt 0.096400 0.825728
vt 0.086099 0.856348
vt 0.072879 0.589317
vt 0.078020 0.635916
vt 0.082760 0.067845
vt 0.094525 0.117820
vt 0.082855 0.171667
vt 0.094686 0.206500
vt 0.059787 0.195315
vt 0.104471 0.154499
vt 0.114257 0.186030
vt 0.074848 0.033316
vt 0.070095 0.715888
vt 0.053010 0.721300
vt 0.046923 0.709818
vt 0.062859 0.701728
vt 0.060023 0.738923
vt 0.077233 0.735754
vt 0.077503 0.785886
vt 0.064632 0.779353
vt 0.070980 0.792360
vt 0.063634 0.793997
vt 0.078718 0.806081
vt 0.104190 0.729716
vt 0.061533 0.816332
vt 0.116007 0.688055
vt 0.101448 0.695565
vt 0.113933 0.804993
vt 0.131105 0.812286
vt 0.114432 0.830938
vt 0.108638 0.767926
vt 0.124817 0.765292
vt 0.102272 0.857423
vt 0.097577 0.887076
vt 0.100221 0.913976
vt 0.104465 0.939718
vt 0.076528 0.963388
vt 0.049585 0.978091
vt 0.119991 0.725401
vt 0.080838 0.973939
vt 0.110624 0.951921
vt 0.112968 0.913413
vt 0.117824 0.938508
vt 0.110219 0.888243
vt 0.114049 0.861088
vt 0.124977 0.837336
vt 0.140383 0.819438
vt 0.136178 0.763674
vt 0.142986 0.810487
vt 0.087254 0.632141
vt 0.124484 0.682143
vt 0.082276 0.588604
vt 0.079774 0.458654
vt 0.083077 0.337194
vt 0.090748 0.254816
vt 0.115504 0.214743
vt 0.126509 0.686732
vt 0.130925 0.723967
vt 0.077131 0.251068
vt 0.061512 0.249461
vt 0.053404 0.332439
vt 0.069079 0.336295
vt 0.074680 0.068499
vt 0.068093 0.067086
vt 0.054771 0.136738
vt 0.074781 0.128713
vt 0.044244 0.459642
vt 0.063542 0.458641
vt 0.044630 0.598123
vt 0.065175 0.591657
vt 0.078252 0.856295
vt 0.079751 0.824982
vt 0.059451 0.837976
vt 0.071190 0.949898
vt 0.052913 0.927508
vt 0.030987 0.928117
vt 0.045595 0.971296
vt 0.065205 0.904408
vt 0.041838 0.904563
vt 0.082812 0.909630
vt 0.088488 0.932648
vt 0.081568 0.885069
vt 0.074110 0.883842
vt 0.051840 0.878756
vt 0.081538 0.774095
vt 0.080704 0.754553
vt 0.065570 0.763730
vt 0.065048 0.769101
vt 0.065284 0.649411
vt 0.038984 0.696247
vt 0.052638 0.686358
vt 0.086099 0.856348
vt 0.096400 0.825728
vt 0.072879 0.589317
vt 0.078020 0.635916
vt 0.082760 0.067845
vt 0.094525 0.117820
vt 0.082855 0.171667
vt 0.059787 0.195315
vt 0.094686 0.206500
vt 0.104471 0.154499
vt 0.114257 0.186030
vt 0.074848 0.033316
vt 0.070095 0.715888
vt 0.062859 0.701728
vt 0.046923 0.709818
vt 0.053010 0.721300
vt 0.077233 0.735754
vt 0.060023 0.738923
vt 0.077503 0.785886
vt 0.064632 0.779353
vt 0.063634 0.793997
vt 0.070980 0.792360
vt 0.078718 0.806081
vt 0.104190 0.729716
vt 0.061533 0.816332
vt 0.101448 0.695565
vt 0.116007 0.688055
vt 0.114432 0.830938
vt 0.131105 0.812286
vt 0.113933 0.804993
vt 0.124817 0.765292
vt 0.108638 0.767926
vt 0.102272 0.857423
vt 0.097577 0.887076
vt 0.100221 0.913976
vt 0.104465 0.939718
vt 0.076528 0.963388
vt 0.049585 0.978091
vt 0.119991 0.725401
vt 0.080838 0.973939
vt 0.110624 0.951921
vt 0.117824 0.938508
vt 0.112968 0.913413
vt 0.110219 0.888243
vt 0.114049 0.861088
vt 0.124977 0.837336
vt 0.140383 0.819438
vt 0.142986 0.810487
vt 0.136178 0.763674
vt 0.124484 0.682143
vt 0.087254 0.632141
vt 0.082276 0.588604
vt 0.079774 0.458654
vt 0.083077 0.337194
vt 0.090748 0.254816
vt 0.115504 0.214743
vt 0.130925 0.723967
vt 0.126509 0.686732
vt 0.247119 0.114460
vt 0.199629 0.087043
vt 0.227048 0.134532
vt 0.199629 0.141879
vt 0.172211 0.134532
vt 0.152140 0.114460
vt 0.144794 0.087042
vt 0.152140 0.059624
vt 0.172212 0.039553
vt 0.199629 0.032207
vt 0.227047 0.039553
vt 0.247118 0.059624
vt 0.254465 0.087042
vt 0.487534 0.021268
vt 0.470716 0.021268
vt 0.470716 0.051846
vt 0.487534 0.051846
vt 0.487533 0.265895
vt 0.470716 0.265895
vt 0.470715 0.296474
vt 0.487533 0.296474
vt 0.487533 0.235317
vt 0.470716 0.235317
vt 0.487533 0.204738
vt 0.470716 0.204738
vt 0.487534 0.174160
vt 0.470716 0.174160
vt 0.487534 0.143582
vt 0.470716 0.143582
vt 0.487534 0.113003
vt 0.470716 0.113003
vt 0.487534 0.082425
vt 0.470716 0.082424
vt 0.200158 0.154098
vt 0.166559 0.145378
vt 0.233615 0.144849
vt 0.257965 0.120111
vt 0.266684 0.086513
vt 0.257435 0.053057
vt 0.232698 0.028707
vt 0.199101 0.019988
vt 0.165645 0.029236
vt 0.141295 0.053973
vt 0.132575 0.087570
vt 0.141822 0.121027
vt 0.247119 0.114460
vt 0.227048 0.134532
vt 0.199629 0.087043
vt 0.199629 0.141879
vt 0.172211 0.134532
vt 0.152140 0.114460
vt 0.144794 0.087042
vt 0.152140 0.059624
vt 0.172212 0.039553
vt 0.199629 0.032207
vt 0.227047 0.039553
vt 0.247118 0.059624
vt 0.254465 0.087042
vt 0.487534 0.021268
vt 0.487534 0.051846
vt 0.470716 0.051846
vt 0.470716 0.021268
vt 0.487533 0.265895
vt 0.487533 0.296474
vt 0.470715 0.296474
vt 0.470716 0.265895
vt 0.487533 0.235317
vt 0.470716 0.235317
vt 0.487533 0.204738
vt 0.470716 0.204738
vt 0.487534 0.174160
vt 0.470716 0.174160
vt 0.487534 0.143582
vt 0.470716 0.143582
vt 0.487534 0.113003
vt 0.470716 0.113003
vt 0.487534 0.082425
vt 0.470716 0.082424
vt 0.200158 0.154098
vt 0.166559 0.145378
vt 0.233615 0.144849
vt 0.257965 0.120111
vt 0.266684 0.086513
vt 0.257435 0.053057
vt 0.232698 0.028707
vt 0.199101 0.019988
vt 0.165645 0.029236
vt 0.141295 0.053973
vt 0.132575 0.087570
vt 0.141822 0.121027
vt 0.357981 0.101139
vt 0.341364 0.057657
vt 0.382383 0.041226
vt 0.374602 0.085033
vt 0.415380 0.035713
vt 0.408757 0.117335
vt 0.385459 0.083531
vt 0.391311 0.110656
vt 0.349772 0.158329
vt 0.334316 0.138488
vt 0.372050 0.121623
vt 0.298265 0.127750
vt 0.322504 0.245609
vt 0.298209 0.241429
vt 0.303454 0.344211
vt 0.284728 0.314691
vt 0.316725 0.344518
vt 0.288011 0.422042
vt 0.273320 0.427550
vt 0.273896 0.397538
vt 0.289693 0.398200
vt 0.246952 0.254904
vt 0.292408 0.438570
vt 0.278770 0.445946
vt 0.308140 0.459186
vt 0.294103 0.464586
vt 0.306743 0.549308
vt 0.292981 0.551487
vt 0.291910 0.502606
vt 0.306848 0.502759
vt 0.311521 0.565644
vt 0.298040 0.572763
vt 0.343930 0.616447
vt 0.327561 0.619430
vt 0.334495 0.640180
vt 0.320853 0.637530
vt 0.335084 0.678302
vt 0.320763 0.682989
vt 0.236803 0.553988
vt 0.238485 0.511311
vt 0.211115 0.399510
vt 0.203327 0.452713
vt 0.232470 0.599913
vt 0.180140 0.689158
vt 0.192617 0.688886
vt 0.177549 0.713372
vt 0.171197 0.710108
vt 0.267888 0.697514
vt 0.299794 0.694126
vt 0.277403 0.720057
vt 0.274001 0.667679
vt 0.225824 0.659990
vt 0.244656 0.679537
vt 0.218677 0.677354
vt 0.196854 0.669129
vt 0.174013 0.740117
vt 0.169739 0.742023
vt 0.185237 0.764519
vt 0.181940 0.770587
vt 0.357981 0.101139
vt 0.374602 0.085033
vt 0.382383 0.041226
vt 0.341364 0.057657
vt 0.415380 0.035713
vt 0.385459 0.083531
vt 0.408757 0.117335
vt 0.391311 0.110656
vt 0.349772 0.158329
vt 0.372050 0.121623
vt 0.334316 0.138488
vt 0.298265 0.127750
vt 0.322504 0.245609
vt 0.298209 0.241429
vt 0.303454 0.344211
vt 0.316725 0.344518
vt 0.284728 0.314691
vt 0.288011 0.422042
vt 0.289693 0.398200
vt 0.273896 0.397538
vt 0.273320 0.427550
vt 0.246952 0.254904
vt 0.292408 0.438570
vt 0.278770 0.445946
vt 0.308140 0.459186
vt 0.294103 0.464586
vt 0.306743 0.549308
vt 0.306848 0.502759
vt 0.291910 0.502606
vt 0.292981 0.551487
vt 0.311521 0.565644
vt 0.298040 0.572763
vt 0.343930 0.616447
vt 0.327561 0.619430
vt 0.334495 0.640180
vt 0.320853 0.637530
vt 0.335084 0.678302
vt 0.320763 0.682989
vt 0.238485 0.511311
vt 0.236803 0.553988
vt 0.211115 0.399510
vt 0.203327 0.452713
vt 0.232470 0.599913
vt 0.180140 0.689158
vt 0.171197 0.710108
vt 0.177549 0.713372
vt 0.192617 0.688886
vt 0.267888 0.697514
vt 0.277403 0.720057
vt 0.299794 0.694126
vt 0.274001 0.667679
vt 0.225824 0.659990
vt 0.218677 0.677354
vt 0.244656 0.679537
vt 0.196854 0.669129
vt 0.169739 0.742023
vt 0.174013 0.740117
vt 0.181940 0.770587
vt 0.185237 0.764519
vn 0.084693 0.184495 -0.979178
vn 0.162635 0.423012 -0.891409
vn 0.069990 0.233458 -0.969845
vn 0.117944 0.440022 -0.890208
vn -0.133849 -0.128435 -0.982644
vn 0.074445 0.075452 -0.994367
vn 0.068014 0.093558 -0.993288
vn 0.259199 0.350527 -0.899970
vn 0.307113 0.271769 -0.912043
vn -0.135287 -0.306697 -0.942144
vn -0.000000 0.000000 -1.000000
vn 0.000000 -0.000000 -1.000000
vn -0.185995 -0.327002 -0.926539
vn -0.587578 -0.590566 -0.553159
vn -0.461566 -0.621662 -0.632845
vn -0.349265 -0.790442 -0.503205
vn 0.043759 -0.111642 -0.992785
vn 0.339329 -0.850005 -0.402923
vn 0.117944 0.440022 0.890208
vn 0.162635 0.423012 0.891409
vn 0.069990 0.233458 0.969845
vn 0.084693 0.184494 0.979178
vn -0.133849 -0.128435 0.982644
vn 0.068014 0.093558 0.993288
vn 0.074446 0.075452 0.994367
vn 0.259199 0.350527 0.899970
vn 0.307113 0.271769 0.912043
vn -0.000000 0.000000 1.000000
vn -0.135287 -0.306698 0.942143
vn 0.000000 -0.000000 1.000000
vn -0.461566 -0.621662 0.632845
vn -0.185995 -0.327002 0.926539
vn -0.587578 -0.590565 0.553159
vn -0.349265 -0.790442 0.503205
vn 0.043759 -0.111642 0.992785
vn 0.339329 -0.850005 0.402923
vn 0.112725 0.750387 0.651316
vn 0.045069 0.662765 0.747470
vn 0.850201 0.294080 0.436664
vn -0.234391 0.470423 0.850742
vn 0.450624 0.017855 0.892535
vn -0.181171 -0.018836 0.983271
vn -0.141381 -0.054744 0.988440
vn -0.228655 0.358180 0.905220
vn -0.188736 0.153639 0.969935
vn 0.436958 -0.336738 0.834071
vn 0.439900 -0.304958 0.844682
vn 0.538531 -0.012798 0.842508
vn 0.420194 0.802227 0.424109
vn 0.347083 -0.786777 0.510406
vn -0.301000 -0.368137 0.879701
vn -0.296586 -0.526371 0.796850
vn 0.445086 -0.182651 0.876662
vn -0.272127 0.140728 0.951915
vn 0.426380 -0.054661 0.902891
vn -0.256600 0.052748 0.965077
vn -0.841184 0.207260 0.499453
vn 0.576133 -0.648519 0.497488
vn -0.124295 -0.378771 0.917106
vn -0.836507 0.055725 0.545116
vn 0.756225 -0.398799 0.518733
vn -0.014987 -0.261206 0.965167
vn -0.438812 0.603180 0.666047
vn 0.035064 -0.168406 0.985094
vn 0.834962 -0.151602 0.529013
vn 0.554647 -0.015533 0.831941
vn 0.844665 -0.114763 0.522848
vn -0.787924 -0.142122 0.599147
vn -0.258880 -0.071432 0.963265
vn -0.559187 -0.444038 0.700100
vn -0.596776 0.110847 0.794715
vn -0.656685 -0.199224 0.727375
vn -0.484702 0.185627 0.854756
vn -0.379585 0.461132 0.802043
vn 0.998208 -0.059849 0.000000
vn 0.992116 -0.125323 0.000000
vn 0.910466 -0.413584 0.000000
vn 0.710823 -0.703371 0.000000
vn 0.494374 -0.869249 0.000000
vn -0.924136 0.382064 0.000000
vn -0.985203 0.171392 0.000000
vn -0.995475 -0.095029 0.000000
vn -0.818859 -0.573995 0.000000
vn -0.970352 -0.241698 0.000000
vn -0.979073 0.203507 0.000000
vn 0.112725 0.750390 -0.651313
vn 0.850201 0.294080 -0.436664
vn 0.045068 0.662766 -0.747469
vn -0.234391 0.470423 -0.850743
vn 0.450624 0.017855 -0.892535
vn -0.141381 -0.054744 -0.988440
vn -0.181171 -0.018836 -0.983271
vn 0.439901 -0.304958 -0.844682
vn -0.188736 0.153639 -0.969935
vn 0.436958 -0.336738 -0.834071
vn -0.228654 0.358180 -0.905221
vn 0.538532 -0.012798 -0.842508
vn 0.420194 0.802228 -0.424108
vn 0.347083 -0.786778 -0.510406
vn -0.296587 -0.526371 -0.796850
vn -0.300998 -0.368137 -0.879702
vn 0.445087 -0.182651 -0.876662
vn 0.426380 -0.054661 -0.902891
vn -0.272127 0.140728 -0.951915
vn -0.256601 0.052748 -0.965077
vn -0.841183 0.207260 -0.499453
vn 0.576133 -0.648520 -0.497487
vn -0.124294 -0.378772 -0.917106
vn -0.836506 0.055725 -0.545117
vn 0.756225 -0.398799 -0.518732
vn -0.014986 -0.261206 -0.965167
vn -0.438813 0.603180 -0.666046
vn 0.834962 -0.151602 -0.529014
vn 0.035064 -0.168406 -0.985094
vn 0.554647 -0.015533 -0.831941
vn 0.844665 -0.114763 -0.522848
vn -0.787924 -0.142123 -0.599147
vn -0.258879 -0.071432 -0.963265
vn -0.559187 -0.444038 -0.700100
vn -0.596776 0.110847 -0.794715
vn -0.656685 -0.199223 -0.727375
vn -0.484702 0.185627 -0.854756
vn -0.379585 0.461132 -0.802043
vn 0.998208 -0.059849 0.000000
vn 0.992116 -0.125323 0.000000
vn 0.910466 -0.413584 0.000000
vn 0.710822 -0.703371 0.000000
vn 0.494374 -0.869249 0.000000
vn -0.924136 0.382064 0.000000
vn -0.985203 0.171392 0.000000
vn -0.995475 -0.095029 0.000000
vn -0.818859 -0.573995 0.000000
vn -0.970352 -0.241698 0.000000
vn -0.979073 0.203507 0.000000
vn -0.005587 -0.802015 0.597278
vn 0.101640 -0.744700 0.659614
vn 0.012940 -0.880016 0.474768
vn 0.128018 -0.846791 0.516291
vn 0.645836 0.215988 0.732288
vn 0.392654 0.524059 0.755768
vn 0.696307 0.550666 0.460352
vn 0.397995 0.730060 0.555529
vn 0.011046 0.147275 0.989034
vn 0.119141 0.238833 0.963724
vn 0.143938 0.811255 0.566699
vn 0.337428 0.803481 0.490469
vn 0.000000 0.000000 1.000000
vn 0.176300 0.077680 0.981267
vn 0.566244 -0.628112 0.533707
vn 0.589888 -0.749608 0.300199
vn 0.668732 -0.690010 0.276920
vn 0.032331 -0.006089 0.999459
vn -0.191792 -0.774509 0.602787
vn 0.129505 0.626160 0.768865
vn 0.167521 0.708683 0.685350
vn 0.038337 0.655804 0.753957
vn 0.042477 0.723652 0.688857
vn 0.041593 0.114458 0.992557
vn 0.081501 0.406762 0.909891
vn 0.025195 0.039473 0.998903
vn 0.254207 0.425726 0.868410
vn 0.029282 0.648208 0.760900
vn 0.030515 0.718715 0.694635
vn 0.017390 0.159905 0.986979
vn 0.028621 0.372070 0.927763
vn 0.006220 0.163277 0.986561
vn 0.016567 0.367449 0.929896
vn 0.351392 0.910300 0.218810
vn 0.201734 0.951036 0.234165
vn 0.542455 0.811947 0.215604
vn -0.030473 -0.218002 0.975473
vn 0.000000 -0.000000 1.000000
vn 0.258792 -0.649833 0.714664
vn -0.201183 -0.583431 0.786850
vn 0.023785 -0.219096 0.975413
vn -0.012029 -0.296205 0.955049
vn 0.060677 -0.089968 0.994095
vn -0.000000 -0.000000 1.000000
vn 0.000000 -0.000000 1.000000
vn -0.000000 -0.000000 1.000000
vn 0.369984 -0.929038 0.000000
vn -0.325991 -0.945373 0.000000
vn -0.138439 -0.990371 0.000000
vn -0.240370 -0.970681 0.000000
vn 0.616036 -0.787718 0.000000
vn -0.005587 -0.802015 -0.597277
vn 0.012940 -0.880016 -0.474767
vn 0.101640 -0.744700 -0.659614
vn 0.128018 -0.846790 -0.516292
vn 0.397995 0.730060 -0.555529
vn 0.392654 0.524059 -0.755768
vn 0.696306 0.550666 -0.460352
vn 0.645836 0.215988 -0.732288
vn 0.011046 0.147274 -0.989034
vn 0.143938 0.811254 -0.566699
vn 0.119141 0.238832 -0.963724
vn 0.337428 0.803481 -0.490469
vn 0.000000 0.000000 -1.000000
vn 0.176300 0.077680 -0.981267
vn 0.589888 -0.749608 -0.300199
vn 0.566244 -0.628112 -0.533706
vn 0.668732 -0.690010 -0.276920
vn 0.032331 -0.006089 -0.999459
vn -0.191792 -0.774509 -0.602787
vn 0.167521 0.708683 -0.685350
vn 0.129505 0.626159 -0.768865
vn 0.042477 0.723652 -0.688857
vn 0.038337 0.655804 -0.753957
vn 0.041593 0.114458 -0.992557
vn 0.025195 0.039473 -0.998903
vn 0.081501 0.406762 -0.909892
vn 0.254207 0.425725 -0.868410
vn 0.030515 0.718715 -0.694635
vn 0.029282 0.648208 -0.760900
vn 0.017391 0.159905 -0.986979
vn 0.028621 0.372070 -0.927763
vn 0.016567 0.367449 -0.929896
vn 0.006220 0.163277 -0.986561
vn 0.201734 0.951036 -0.234165
vn 0.351392 0.910300 -0.218810
vn 0.542455 0.811947 -0.215604
vn -0.030473 -0.218002 -0.975472
vn 0.258792 -0.649833 -0.714664
vn -0.000000 -0.000000 -1.000000
vn -0.201183 -0.583431 -0.786850
vn -0.012029 -0.296205 -0.955049
vn 0.023785 -0.219096 -0.975413
vn 0.060678 -0.089968 -0.994095
vn 0.000000 0.000000 -1.000000
vn 0.000000 0.000000 -1.000000
vn -0.000000 -0.000000 -1.000000
vn 0.369984 -0.929038 0.000000
vn -0.325991 -0.945373 0.000000
vn -0.138439 -0.990371 0.000000
vn -0.240370 -0.970681 0.000000
vn 0.616036 -0.787718 0.000000
vn -0.653331 0.693577 -0.303495
vn -0.439695 0.740535 -0.508209
vn -0.230547 0.359667 -0.904150
vn -0.090413 0.153398 -0.984020
vn 0.633257 0.709369 -0.309485
vn 0.837088 -0.443555 -0.320221
vn 0.281008 0.347391 -0.894625
vn 0.261280 -0.165777 -0.950921
vn 0.183000 -0.325317 -0.927728
vn 0.506486 -0.692491 -0.513740
vn 0.183430 -0.177599 -0.966857
vn 0.695884 -0.485549 -0.529138
vn 0.098170 0.044268 -0.994185
vn 0.783190 0.452159 -0.426809
vn 0.709926 0.622014 -0.330308
vn 0.182149 0.179842 -0.966684
vn 0.923521 -0.020398 -0.383005
vn 0.329596 -0.006803 -0.944098
vn -0.129999 -0.306808 -0.942851
vn -0.215281 -0.930043 -0.297781
vn -0.043110 -0.096815 -0.994368
vn -0.370924 -0.813681 -0.447593
vn -0.011667 -0.918802 -0.394546
vn 0.007723 -0.209357 -0.977809
vn -0.567199 -0.718167 -0.403140
vn -0.146076 -0.200174 -0.968810
vn -0.077648 0.228977 -0.970330
vn -0.406536 -0.119667 -0.905764
vn -0.340316 0.909953 -0.237002
vn -0.889489 -0.251985 -0.381199
vn -0.077259 0.099340 -0.992050
vn -0.590568 0.747321 -0.304533
vn -0.308216 0.176941 -0.934716
vn -0.848669 0.474820 -0.233038
vn -0.172795 0.355476 -0.918574
vn -0.130209 0.950881 -0.280839
vn -0.180720 0.117833 -0.976450
vn -0.728068 0.441877 -0.524081
vn 0.649606 0.760271 0.000000
vn 0.888145 -0.459563 0.000000
vn 0.727890 -0.685694 0.000000
vn 0.996989 -0.077542 0.000000
vn 0.850973 0.525210 0.000000
vn 0.743949 0.668237 0.000000
vn 0.999538 -0.030403 0.000000
vn -0.212430 -0.977176 0.000000
vn -0.400686 -0.916216 0.000000
vn -0.014436 -0.999896 0.000000
vn -0.627887 -0.778305 0.000000
vn -0.968306 -0.249766 0.000000
vn -0.355042 0.934850 0.000000
vn -0.612064 0.790808 0.000000
vn -0.871223 0.490888 0.000000
vn -0.777409 0.628996 0.000000
vn 0.045093 0.998983 0.000000
vn -0.090414 0.153398 0.984020
vn -0.439695 0.740535 0.508209
vn -0.230547 0.359667 0.904150
vn -0.653331 0.693577 0.303495
vn 0.633258 0.709369 0.309484
vn 0.281009 0.347392 0.894625
vn 0.837089 -0.443555 0.320221
vn 0.261280 -0.165777 0.950921
vn 0.506486 -0.692491 0.513740
vn 0.183000 -0.325317 0.927728
vn 0.695885 -0.485548 0.529138
vn 0.183431 -0.177599 0.966856
vn 0.783190 0.452159 0.426808
vn 0.098170 0.044268 0.994185
vn 0.709926 0.622014 0.330307
vn 0.182149 0.179842 0.966684
vn 0.923521 -0.020398 0.383005
vn 0.329596 -0.006803 0.944097
vn -0.215281 -0.930043 0.297781
vn -0.129999 -0.306808 0.942852
vn -0.370924 -0.813681 0.447592
vn -0.043110 -0.096815 0.994368
vn -0.011667 -0.918802 0.394545
vn 0.007723 -0.209357 0.977809
vn -0.567199 -0.718167 0.403140
vn -0.146076 -0.200175 0.968809
vn -0.889489 -0.251985 0.381200
vn -0.406535 -0.119667 0.905764
vn -0.340316 0.909953 0.237002
vn -0.077648 0.228976 0.970330
vn -0.848669 0.474820 0.233038
vn -0.590568 0.747321 0.304533
vn -0.308217 0.176941 0.934716
vn -0.077259 0.099340 0.992050
vn -0.130209 0.950881 0.280839
vn -0.172795 0.355476 0.918574
vn -0.728068 0.441877 0.524081
vn -0.180720 0.117833 0.976450
vn 0.649606 0.760271 0.000000
vn 0.888145 -0.459563 0.000000
vn 0.727890 -0.685694 0.000000
vn 0.996989 -0.077542 0.000000
vn 0.850973 0.525210 0.000000
vn 0.743949 0.668237 0.000000
vn 0.999538 -0.030403 0.000000
vn -0.212430 -0.977176 0.000000
vn -0.400686 -0.916216 0.000000
vn -0.014436 -0.999896 0.000000
vn -0.627887 -0.778305 0.000000
vn -0.968306 -0.249766 0.000000
vn -0.355042 0.934850 0.000000
vn -0.612064 0.790808 0.000000
vn -0.871223 0.490888 0.000000
vn -0.777409 0.628996 0.000000
vn 0.045093 0.998983 0.000000
vn -0.478852 -0.128261 -0.868476
vn -0.443364 -0.264388 -0.856462
vn 0.016452 0.008448 -0.999829
vn 0.047963 0.040967 -0.998009
vn -0.365871 -0.366016 -0.855669
vn -0.364950 -0.385701 -0.847376
vn 0.045732 0.051554 -0.997622
vn 0.032975 0.036052 -0.998806
vn -0.489952 -0.119835 -0.863473
vn 0.113476 0.020125 -0.993337
vn 0.123650 0.122069 -0.984789
vn 0.112726 0.126852 -0.985496
vn 0.254196 0.161151 -0.953632
vn 0.682555 0.183475 -0.707429
vn 0.755570 0.201299 -0.623372
vn 0.779575 0.157576 -0.606162
vn 0.197480 0.224610 -0.954229
vn 0.660295 0.751006 0.000000
vn 0.238400 0.229563 -0.943645
vn 0.720331 0.693631 0.000000
vn 0.559919 0.083662 -0.824313
vn 0.989021 0.147778 0.000000
vn 0.967323 0.253548 0.000000
vn 0.980177 0.198124 0.000000
vn 0.169172 -0.153121 -0.973620
vn 0.758053 -0.260263 -0.598012
vn 0.741404 -0.671059 0.000000
vn 0.991925 0.126830 0.000000
vn 0.945809 -0.324725 0.000000
vn -0.478852 -0.128261 0.868476
vn 0.016452 0.008448 0.999829
vn -0.443364 -0.264388 0.856462
vn 0.047963 0.040967 0.998009
vn 0.032975 0.036052 0.998806
vn -0.364950 -0.385701 0.847376
vn 0.045732 0.051554 0.997622
vn -0.365871 -0.366016 0.855669
vn 0.113476 0.020125 0.993337
vn -0.489952 -0.119835 0.863473
vn 0.123650 0.122069 0.984789
vn 0.112726 0.126852 0.985495
vn 0.254196 0.161150 0.953633
vn 0.755571 0.201299 0.623371
vn 0.682555 0.183475 0.707429
vn 0.779575 0.157576 0.606162
vn 0.197480 0.224610 0.954229
vn 0.238400 0.229563 0.943645
vn 0.660295 0.751007 0.000000
vn 0.720331 0.693631 0.000000
vn 0.559920 0.083662 0.824312
vn 0.989021 0.147778 0.000000
vn 0.967323 0.253548 0.000000
vn 0.980177 0.198124 0.000000
vn 0.169172 -0.153121 0.973619
vn 0.758053 -0.260263 0.598012
vn 0.741404 -0.671059 0.000000
vn 0.991925 0.126830 0.000000
vn 0.945809 -0.324725 0.000000
vn -0.038369 0.034020 0.998684
vn -0.411814 0.414013 0.811790
vn -0.083812 0.190503 0.978102
vn -0.483295 0.359122 0.798409
vn -0.073527 -0.122934 0.989687
vn -0.145176 -0.059777 0.987598
vn -0.662442 0.161538 0.731489
vn -0.509145 0.210310 0.834590
vn -0.043267 0.023837 0.998779
vn -0.360530 0.487707 0.795085
vn -0.216986 0.317772 0.923005
vn -0.316617 0.503982 0.803589
vn -0.262895 0.694636 0.669602
vn -0.277900 0.744051 0.607586
vn -0.240344 0.556406 0.795391
vn 0.444229 0.227173 0.866633
vn 0.413203 0.685392 0.599584
vn -0.006903 0.570192 0.821483
vn 0.013969 0.844352 0.535607
vn -0.533907 0.664502 0.522858
vn -0.458948 0.477491 0.749246
vn -0.109537 -0.310497 0.944242
vn 0.107867 -0.395880 0.911945
vn 0.072536 -0.459638 0.885139
vn -0.317542 0.671933 0.669083
vn -0.346234 0.724212 0.596355
vn -0.278777 0.397338 0.874303
vn -0.435548 0.728259 0.529091
vn -0.139025 0.382352 0.913498
vn -0.252327 0.815360 0.521075
vn -0.225333 0.785338 0.576602
vn -0.247732 0.650849 0.717652
vn -0.222182 0.104747 0.969362
vn 0.163999 -0.119921 0.979144
vn 0.206349 -0.362583 0.908820
vn 0.463539 -0.841120 0.278654
vn 0.022090 -0.836443 0.547608
vn 0.600261 -0.371321 0.708383
vn 0.547699 -0.433182 0.715807
vn -0.458425 0.229446 0.858604
vn -0.164806 -0.026613 0.985967
vn 0.371119 0.002896 0.928581
vn 0.439327 -0.473910 0.763152
vn 0.526898 -0.430354 0.732922
vn -0.030422 -0.188041 0.981690
vn 0.005663 0.353682 0.935349
vn 0.119464 0.787988 0.603990
vn 0.053172 0.246867 0.967589
vn 0.264377 0.714025 0.648285
vn -0.058734 0.460088 0.885929
vn -0.042732 0.825692 0.562500
vn -0.246511 0.164991 0.954992
vn -0.711570 0.545839 0.442411
vn -0.315648 0.685661 0.655923
vn -0.377631 0.752835 0.539106
vn -0.135041 0.390628 0.910590
vn 0.053642 -0.239779 0.969344
vn -0.269455 0.725790 0.632947
vn -0.106529 -0.867326 0.486207
vn -0.044028 -0.253378 0.966365
vn 0.170542 -0.270951 0.947365
vn 0.764144 -0.403614 0.503171
vn 0.547365 -0.705412 0.450317
vn 0.249547 -0.867675 0.429961
vn 0.045743 -0.236596 0.970531
vn 0.503646 -0.765262 0.400891
vn 0.200937 -0.918233 0.341280
vn -0.178286 -0.922677 0.341879
vn 0.290270 -0.887655 0.357507
vn 0.864448 -0.322946 0.385274
vn 0.557773 0.341633 0.756424
vn 0.246600 -0.853527 0.458998
vn 0.857031 -0.515264 0.000000
vn 0.308894 -0.951096 0.000000
vn -0.177570 -0.984108 0.000000
vn 0.221036 -0.975266 0.000000
vn 0.567413 -0.823433 0.000000
vn 0.884577 -0.466394 0.000000
vn 0.599683 -0.800238 0.000000
vn 0.285202 -0.958467 0.000000
vn -0.100645 -0.994922 0.000000
vn -0.030079 -0.999548 0.000000
vn 0.469891 -0.882724 0.000000
vn 0.577629 -0.816300 0.000000
vn 0.697328 -0.716752 0.000000
vn 0.905329 -0.424712 0.000000
vn 0.985708 0.168464 0.000000
vn 0.285202 -0.958467 0.000000
vn -0.483295 0.359122 -0.798409
vn -0.411814 0.414013 -0.811790
vn -0.083812 0.190503 -0.978102
vn -0.038369 0.034020 -0.998684
vn -0.073527 -0.122934 -0.989687
vn -0.662442 0.161538 -0.731489
vn -0.145175 -0.059777 -0.987599
vn -0.509145 0.210310 -0.834590
vn -0.360530 0.487707 -0.795085
vn -0.043267 0.023836 -0.998779
vn -0.216985 0.317771 -0.923005
vn -0.316617 0.503982 -0.803589
vn -0.262895 0.694636 -0.669602
vn -0.240344 0.556406 -0.795391
vn -0.277900 0.744051 -0.607585
vn 0.444229 0.227172 -0.866633
vn -0.006903 0.570192 -0.821483
vn 0.413203 0.685392 -0.599584
vn 0.013969 0.844352 -0.535607
vn -0.458948 0.477491 -0.749246
vn -0.533907 0.664502 -0.522858
vn -0.109537 -0.310496 -0.944242
vn 0.107868 -0.395881 -0.911945
vn -0.317542 0.671933 -0.669083
vn 0.072536 -0.459637 -0.885140
vn -0.346234 0.724212 -0.596355
vn -0.278776 0.397338 -0.874303
vn -0.139025 0.382351 -0.913499
vn -0.435548 0.728259 -0.529091
vn -0.252327 0.815360 -0.521075
vn -0.225333 0.785338 -0.576602
vn -0.247732 0.650850 -0.717652
vn -0.222182 0.104747 -0.969362
vn 0.206349 -0.362582 -0.908820
vn 0.163998 -0.119921 -0.979144
vn 0.463539 -0.841120 -0.278654
vn 0.022091 -0.836444 -0.547607
vn 0.600261 -0.371321 -0.708384
vn 0.547699 -0.433182 -0.715806
vn -0.458425 0.229446 -0.858604
vn -0.164806 -0.026613 -0.985967
vn 0.371119 0.002896 -0.928581
vn 0.439327 -0.473910 -0.763152
vn 0.526898 -0.430353 -0.732922
vn -0.030422 -0.188041 -0.981690
vn 0.005663 0.353681 -0.935349
vn 0.053172 0.246867 -0.967589
vn 0.119464 0.787988 -0.603990
vn 0.264377 0.714025 -0.648285
vn -0.058735 0.460088 -0.885929
vn -0.042732 0.825692 -0.562500
vn -0.246512 0.164991 -0.954992
vn -0.711571 0.545839 -0.442410
vn -0.315648 0.685662 -0.655922
vn -0.377631 0.752835 -0.539105
vn -0.135041 0.390628 -0.910590
vn 0.053641 -0.239778 -0.969345
vn -0.269455 0.725790 -0.632948
vn -0.106529 -0.867326 -0.486207
vn -0.044028 -0.253378 -0.966365
vn 0.764143 -0.403614 -0.503170
vn 0.170542 -0.270951 -0.947365
vn 0.547365 -0.705412 -0.450317
vn 0.249547 -0.867675 -0.429961
vn 0.045743 -0.236595 -0.970531
vn 0.503646 -0.765262 -0.400891
vn 0.200937 -0.918233 -0.341280
vn -0.178286 -0.922677 -0.341879
vn 0.290270 -0.887655 -0.357507
vn 0.864448 -0.322946 -0.385273
vn 0.557773 0.341632 -0.756423
vn 0.246601 -0.853527 -0.458998
vn 0.857031 -0.515264 0.000000
vn 0.308894 -0.951096 0.000000
vn -0.177570 -0.984108 0.000000
vn 0.221036 -0.975266 0.000000
vn 0.567413 -0.823433 0.000000
vn 0.884577 -0.466394 0.000000
vn 0.599683 -0.800238 0.000000
vn 0.285203 -0.958467 0.000000
vn -0.100645 -0.994922 0.000000
vn -0.030079 -0.999548 0.000000
vn 0.469891 -0.882724 0.000000
vn 0.577629 -0.816300 0.000000
vn 0.697328 -0.716752 0.000000
vn 0.905329 -0.424712 0.000000
vn 0.985708 0.168464 0.000000
vn 0.285202 -0.958467 0.000000
vn 0.199069 -0.326915 -0.923850
vn -0.000000 -0.000000 -1.000000
vn 0.335855 -0.183582 -0.923850
vn 0.382651 0.008942 -0.923850
vn 0.326914 0.199069 -0.923850
vn 0.183582 0.335856 -0.923850
vn -0.008941 0.382650 -0.923850
vn -0.199068 0.326913 -0.923851
vn -0.335856 0.183583 -0.923850
vn -0.382649 -0.008942 -0.923850
vn -0.326916 -0.199069 -0.923849
vn -0.183581 -0.335855 -0.923850
vn 0.008942 -0.382650 -0.923850
vn 0.965925 0.258822 0.000000
vn 0.888256 0.092541 -0.449930
vn 0.866024 0.500002 0.000000
vn 0.806648 0.474761 -0.352024
vn -0.500001 -0.866025 0.000000
vn -0.461200 -0.814477 -0.352026
vn -0.258819 -0.965926 0.000000
vn -0.072648 -0.889725 -0.450680
vn -0.866025 -0.500000 0.000000
vn -0.806649 -0.474759 -0.352025
vn -1.000000 -0.000000 0.000000
vn -0.935957 -0.007830 -0.352027
vn -0.866025 0.500000 0.000000
vn -0.814477 0.461200 -0.352026
vn -0.500001 0.866025 0.000000
vn -0.474760 0.806648 -0.352026
vn 0.000001 1.000000 0.000000
vn -0.007829 0.935957 -0.352026
vn 0.500000 0.866025 0.000000
vn 0.461198 0.814478 -0.352027
vn 0.691126 -0.383289 -0.612727
vn 0.406888 -0.677501 -0.612727
vn 0.199069 -0.326915 0.923850
vn 0.335855 -0.183582 0.923850
vn 0.000000 0.000000 1.000000
vn 0.382651 0.008942 0.923850
vn 0.326914 0.199069 0.923850
vn 0.183582 0.335856 0.923850
vn -0.008941 0.382650 0.923850
vn -0.199068 0.326913 0.923851
vn -0.335856 0.183583 0.923850
vn -0.382649 -0.008942 0.923851
vn -0.326914 -0.199068 0.923850
vn -0.183581 -0.335855 0.923850
vn 0.008942 -0.382650 0.923850
vn 0.965925 0.258822 0.000000
vn 0.866024 0.500002 0.000000
vn 0.888256 0.092541 0.449930
vn 0.806648 0.474761 0.352024
vn -0.500001 -0.866025 0.000000
vn -0.258819 -0.965926 0.000000
vn -0.461200 -0.814477 0.352027
vn -0.072648 -0.889724 0.450680
vn -0.866025 -0.500000 0.000000
vn -0.806649 -0.474758 0.352026
vn -1.000000 -0.000000 0.000000
vn -0.935957 -0.007830 0.352027
vn -0.866025 0.500000 0.000000
vn -0.814477 0.461200 0.352025
vn -0.500001 0.866025 0.000000
vn -0.474760 0.806648 0.352026
vn 0.000001 1.000000 0.000000
vn -0.007829 0.935957 0.352026
vn 0.500000 0.866025 0.000000
vn 0.461198 0.814478 0.352026
vn 0.691126 -0.383289 0.612726
vn 0.406888 -0.677500 0.612728
vn 0.077997 -0.043912 0.995986
vn 0.000001 0.000000 1.000000
vn 0.070328 -0.015118 0.997409
vn 0.043149 -0.147414 0.988133
vn 0.213844 -0.281965 0.935290
vn 0.171823 -0.283287 0.943518
vn 0.127562 -0.337746 0.932553
vn 0.354768 0.144663 0.923695
vn 0.272900 -0.351290 0.895612
vn 0.087977 -0.099360 0.991155
vn 0.382535 -0.225590 0.895978
vn 0.000001 -0.000001 1.000000
vn 0.216660 -0.388149 0.895767
vn 0.049837 -0.087765 0.994894
vn 0.397384 -0.462144 0.792786
vn 0.043320 -0.089576 0.995037
vn 0.197967 -0.320558 0.926311
vn -0.000169 -0.082162 0.996619
vn 0.042741 -0.081811 0.995731
vn 0.029955 -0.733555 0.678970
vn 0.354867 -0.644348 0.677411
vn 0.000001 -0.000002 1.000000
vn -0.303487 -0.684825 0.662503
vn -0.027928 -0.063606 0.997584
vn 0.051927 -0.762999 0.644311
vn 0.026978 -0.233427 0.972000
vn 0.016571 -0.141545 0.989793
vn 0.044025 -0.144814 0.988479
vn 0.090873 -0.810712 0.578350
vn 0.227026 -0.738806 0.634527
vn -0.029307 -0.090145 0.995497
vn -0.239879 -0.715134 0.656538
vn -0.093003 -0.681974 0.725439
vn -0.056866 -0.414847 0.908113
vn 0.020850 -0.075238 0.996948
vn 0.238197 -0.789075 0.566236
vn 0.025719 -0.141590 0.989591
vn 0.139862 -0.792409 0.593740
vn 0.000000 -0.000002 1.000000
vn -0.000000 -0.000001 1.000000
vn 0.000001 -0.000001 1.000000
vn -0.000000 -0.000001 1.000000
vn -0.000001 -0.000001 1.000000
vn -0.000010 0.000007 1.000000
vn -0.000005 0.000002 1.000000
vn -0.000011 0.000009 1.000000
vn -0.000004 -0.000003 1.000000
vn -0.000004 -0.000006 1.000000
vn -0.000002 -0.000003 1.000000
vn -0.000002 -0.000006 1.000000
vn -0.000001 -0.000001 1.000000
vn -0.000003 -0.000000 1.000000
vn -0.000008 -0.000004 1.000000
vn -0.000009 0.000000 1.000000
vn -0.000010 0.000003 1.000000
vn 0.000000 0.000000 1.000000
vn -0.000000 -0.000000 1.000000
vn -0.000000 -0.000000 1.000000
vn -0.000000 -0.000000 1.000000
vn 0.077997 -0.043912 -0.995986
vn 0.070328 -0.015118 -0.997409
vn 0.000001 0.000000 -1.000000
vn 0.043149 -0.147414 -0.988133
vn 0.171823 -0.283287 -0.943518
vn 0.127562 -0.337746 -0.932553
vn 0.213844 -0.281965 -0.935290
vn 0.354767 0.144663 -0.923695
vn 0.272900 -0.351290 -0.895612
vn 0.382535 -0.225590 -0.895978
vn 0.087977 -0.099360 -0.991155
vn 0.000001 -0.000001 -1.000000
vn 0.216660 -0.388149 -0.895768
vn 0.049837 -0.087765 -0.994894
vn 0.397384 -0.462144 -0.792786
vn 0.197967 -0.320558 -0.926311
vn 0.043320 -0.089576 -0.995037
vn 0.354866 -0.644348 -0.677411
vn 0.042741 -0.081811 -0.995731
vn 0.029955 -0.733555 -0.678970
vn -0.000169 -0.082162 -0.996619
vn 0.000001 -0.000002 -1.000000
vn -0.303487 -0.684825 -0.662503
vn -0.027928 -0.063606 -0.997584
vn 0.051927 -0.762999 -0.644311
vn 0.026978 -0.233427 -0.972000
vn 0.227026 -0.738806 -0.634527
vn 0.044025 -0.144814 -0.988479
vn 0.090873 -0.810712 -0.578350
vn 0.016571 -0.141545 -0.989793
vn -0.239879 -0.715134 -0.656538
vn -0.029307 -0.090145 -0.995497
vn -0.093002 -0.681973 -0.725440
vn -0.056866 -0.414846 -0.908113
vn 0.238197 -0.789075 -0.566236
vn 0.020850 -0.075238 -0.996948
vn 0.139862 -0.792409 -0.593740
vn 0.025719 -0.141591 -0.989591
vn -0.000000 -0.000001 -1.000000
vn 0.000000 -0.000002 -1.000000
vn 0.000001 -0.000001 -1.000000
vn -0.000000 -0.000001 -1.000000
vn -0.000001 -0.000001 -1.000000
vn -0.000004 -0.000003 -1.000000
vn -0.000005 0.000002 -1.000000
vn -0.000011 0.000009 -1.000000
vn -0.000010 0.000007 -1.000000
vn -0.000004 -0.000006 -1.000000
vn -0.000002 -0.000006 -1.000000
vn -0.000002 -0.000003 -1.000000
vn -0.000001 -0.000001 -1.000000
vn -0.000003 -0.000000 -1.000000
vn -0.000009 0.000000 -1.000000
vn -0.000008 -0.000004 -1.000000
vn -0.000010 0.000003 -1.000000
vn 0.000000 0.000000 -1.000000
vn 0.000000 0.000000 -1.000000
vn -0.000000 -0.000000 -1.000000
vn -0.000000 -0.000000 -1.000000
vn -0.084692 0.184493 0.979178
vn -0.162634 0.423012 0.891410
vn -0.069990 0.233458 0.969845
vn -0.117944 0.440022 0.890208
vn 0.133850 -0.128435 0.982644
vn -0.074446 0.075452 0.994367
vn -0.068014 0.093558 0.993288
vn -0.259200 0.350527 0.899970
vn -0.307115 0.271770 0.912042
vn 0.135286 -0.306696 0.942144
vn 0.000000 0.000000 1.000000
vn -0.000000 -0.000000 1.000000
vn 0.185996 -0.327003 0.926539
vn 0.587580 -0.590567 0.553155
vn 0.461565 -0.621663 0.632845
vn 0.349262 -0.790436 0.503216
vn -0.043759 -0.111642 0.992785
vn -0.339329 -0.850004 0.402925
vn -0.117944 0.440022 -0.890208
vn -0.162634 0.423011 -0.891410
vn -0.069990 0.233458 -0.969845
vn -0.084692 0.184493 -0.979178
vn 0.133850 -0.128435 -0.982644
vn -0.068014 0.093558 -0.993288
vn -0.074446 0.075452 -0.994367
vn -0.259199 0.350526 -0.899970
vn -0.307115 0.271770 -0.912042
vn 0.000000 0.000000 -1.000000
vn 0.135286 -0.306697 -0.942144
vn -0.000000 -0.000000 -1.000000
vn 0.461565 -0.621663 -0.632845
vn 0.185996 -0.327003 -0.926539
vn 0.587580 -0.590568 -0.553154
vn 0.349263 -0.790437 -0.503214
vn -0.043759 -0.111642 -0.992785
vn -0.339329 -0.850004 -0.402925
vn -0.112722 0.750381 -0.651323
vn -0.045067 0.662763 -0.747472
vn -0.850198 0.294079 -0.436670
vn 0.234389 0.470424 -0.850743
vn -0.450626 0.017855 -0.892534
vn 0.181171 -0.018836 -0.983271
vn 0.141380 -0.054744 -0.988441
vn 0.228654 0.358180 -0.905221
vn 0.188736 0.153639 -0.969935
vn -0.436956 -0.336737 -0.834073
vn -0.439902 -0.304959 -0.844681
vn -0.538528 -0.012797 -0.842510
vn -0.420195 0.802226 -0.424110
vn -0.347084 -0.786780 -0.510401
vn 0.300998 -0.368140 -0.879701
vn 0.296585 -0.526370 -0.796852
vn -0.445086 -0.182651 -0.876662
vn 0.272128 0.140729 -0.951915
vn -0.426383 -0.054662 -0.902890
vn 0.256601 0.052748 -0.965077
vn 0.841177 0.207257 -0.499466
vn -0.576133 -0.648520 -0.497487
vn 0.124294 -0.378771 -0.917106
vn 0.836508 0.055726 -0.545114
vn -0.756225 -0.398799 -0.518733
vn 0.014986 -0.261206 -0.965167
vn 0.438812 0.603180 -0.666046
vn -0.035063 -0.168405 -0.985094
vn -0.834961 -0.151602 -0.529015
vn -0.554646 -0.015533 -0.831942
vn -0.844659 -0.114762 -0.522858
vn 0.787923 -0.142122 -0.599149
vn 0.258879 -0.071432 -0.963265
vn 0.559185 -0.444037 -0.700102
vn 0.596774 0.110846 -0.794716
vn 0.656683 -0.199223 -0.727377
vn 0.484702 0.185627 -0.854755
vn 0.379586 0.461133 -0.802042
vn -0.998208 -0.059849 0.000000
vn -0.992116 -0.125323 0.000000
vn -0.910466 -0.413584 0.000000
vn -0.710823 -0.703371 0.000000
vn -0.494374 -0.869249 0.000000
vn 0.924136 0.382064 0.000000
vn 0.985203 0.171393 0.000000
vn 0.995475 -0.095029 0.000000
vn 0.818859 -0.573995 0.000000
vn 0.970352 -0.241698 0.000000
vn 0.979073 0.203507 0.000000
vn -0.112724 0.750383 0.651321
vn -0.850199 0.294079 0.436668
vn -0.045068 0.662764 0.747471
vn 0.234390 0.470424 0.850742
vn -0.450625 0.017856 0.892535
vn 0.141380 -0.054744 0.988441
vn 0.181171 -0.018836 0.983271
vn -0.439902 -0.304959 0.844681
vn 0.188736 0.153639 0.969935
vn -0.436956 -0.336737 0.834073
vn 0.228654 0.358180 0.905221
vn -0.538529 -0.012797 0.842510
vn -0.420195 0.802228 0.424107
vn -0.347084 -0.786780 0.510403
vn 0.296587 -0.526370 0.796851
vn 0.301002 -0.368136 0.879701
vn -0.445087 -0.182651 0.876662
vn -0.426383 -0.054662 0.902889
vn 0.272127 0.140729 0.951915
vn 0.256601 0.052748 0.965077
vn 0.841179 0.207257 0.499463
vn -0.576133 -0.648519 0.497487
vn 0.124293 -0.378771 0.917106
vn 0.836507 0.055726 0.545115
vn -0.756225 -0.398799 0.518732
vn 0.014986 -0.261207 0.965166
vn 0.438812 0.603180 0.666046
vn -0.834961 -0.151602 0.529015
vn -0.035063 -0.168405 0.985094
vn -0.554646 -0.015533 0.831942
vn -0.844660 -0.114762 0.522856
vn 0.787923 -0.142123 0.599148
vn 0.258879 -0.071432 0.963265
vn 0.559186 -0.444037 0.700102
vn 0.596774 0.110846 0.794716
vn 0.656683 -0.199223 0.727377
vn 0.484702 0.185627 0.854755
vn 0.379586 0.461133 0.802042
vn -0.998208 -0.059849 0.000000
vn -0.992116 -0.125323 0.000000
vn -0.910466 -0.413584 0.000000
vn -0.710822 -0.703371 0.000000
vn -0.494374 -0.869249 0.000000
vn 0.924136 0.382064 0.000000
vn 0.985203 0.171393 0.000000
vn 0.995475 -0.095029 0.000000
vn 0.818859 -0.573995 0.000000
vn 0.970352 -0.241698 0.000000
vn 0.979073 0.203507 0.000000
vn 0.005587 -0.802014 -0.597279
vn -0.101640 -0.744700 -0.659614
vn -0.012940 -0.880015 -0.474769
vn -0.128018 -0.846791 -0.516291
vn -0.645834 0.215987 -0.732290
vn -0.392654 0.524059 -0.755768
vn -0.696307 0.550666 -0.460351
vn -0.397995 0.730059 -0.555530
vn -0.011046 0.147276 -0.989034
vn -0.119143 0.238834 -0.963724
vn -0.143938 0.811254 -0.566699
vn -0.337429 0.803481 -0.490469
vn 0.000000 0.000000 -1.000000
vn -0.176301 0.077680 -0.981266
vn -0.566244 -0.628112 -0.533708
vn -0.589887 -0.749608 -0.300202
vn -0.668733 -0.690012 -0.276911
vn -0.032331 -0.006089 -0.999459
vn 0.191792 -0.774509 -0.602786
vn -0.129505 0.626159 -0.768865
vn -0.167521 0.708682 -0.685351
vn -0.038337 0.655804 -0.753957
vn -0.042477 0.723651 -0.688857
vn -0.041593 0.114459 -0.992557
vn -0.081501 0.406762 -0.909891
vn -0.025195 0.039474 -0.998903
vn -0.254208 0.425727 -0.868409
vn -0.029282 0.648209 -0.760900
vn -0.030515 0.718715 -0.694635
vn -0.017391 0.159905 -0.986979
vn -0.028621 0.372070 -0.927763
vn -0.006220 0.163278 -0.986561
vn -0.016567 0.367449 -0.929896
vn -0.351392 0.910300 -0.218811
vn -0.201734 0.951036 -0.234165
vn -0.542455 0.811946 -0.215607
vn 0.030473 -0.218002 -0.975472
vn 0.000000 0.000000 -1.000000
vn -0.258792 -0.649832 -0.714664
vn 0.201185 -0.583435 -0.786847
vn -0.023785 -0.219096 -0.975413
vn 0.012029 -0.296204 -0.955049
vn -0.060677 -0.089968 -0.994095
vn -0.000000 -0.000000 -1.000000
vn 0.000000 0.000000 -1.000000
vn -0.000000 -0.000000 -1.000000
vn -0.369984 -0.929038 0.000000
vn 0.325991 -0.945373 0.000000
vn 0.138439 -0.990371 0.000000
vn 0.240370 -0.970681 0.000000
vn -0.616036 -0.787718 0.000000
vn 0.005587 -0.802014 0.597279
vn -0.012940 -0.880015 0.474769
vn -0.101640 -0.744700 0.659614
vn -0.128018 -0.846790 0.516292
vn -0.397995 0.730059 0.555530
vn -0.392654 0.524059 0.755768
vn -0.696307 0.550666 0.460352
vn -0.645828 0.215986 0.732295
vn -0.011046 0.147275 0.989034
vn -0.143938 0.811254 0.566700
vn -0.119138 0.238831 0.963725
vn -0.337429 0.803481 0.490469
vn 0.000000 0.000000 1.000000
vn -0.176300 0.077680 0.981266
vn -0.589887 -0.749608 0.300202
vn -0.566244 -0.628112 0.533708
vn -0.668733 -0.690012 0.276911
vn -0.032331 -0.006089 0.999459
vn 0.191792 -0.774509 0.602786
vn -0.167521 0.708682 0.685351
vn -0.129505 0.626158 0.768866
vn -0.042477 0.723651 0.688857
vn -0.038337 0.655804 0.753957
vn -0.041593 0.114458 0.992557
vn -0.025195 0.039473 0.998903
vn -0.081501 0.406761 0.909892
vn -0.254208 0.425726 0.868410
vn -0.030515 0.718715 0.694635
vn -0.029282 0.648209 0.760900
vn -0.017390 0.159905 0.986979
vn -0.028621 0.372069 0.927764
vn -0.016567 0.367449 0.929896
vn -0.006220 0.163278 0.986561
vn -0.201734 0.951036 0.234165
vn -0.351392 0.910300 0.218811
vn -0.542455 0.811946 0.215607
vn 0.030473 -0.218002 0.975472
vn -0.258791 -0.649832 0.714665
vn -0.000000 -0.000000 1.000000
vn 0.201184 -0.583433 0.786848
vn 0.012029 -0.296205 0.955049
vn -0.023785 -0.219096 0.975413
vn -0.060677 -0.089968 0.994095
vn 0.000000 0.000000 1.000000
vn 0.000000 -0.000000 1.000000
vn -0.000000 -0.000000 1.000000
vn -0.369984 -0.929038 0.000000
vn 0.325991 -0.945373 0.000000
vn 0.138439 -0.990371 0.000000
vn 0.240370 -0.970681 0.000000
vn -0.616036 -0.787718 0.000000
vn 0.653330 0.693577 0.303496
vn 0.439694 0.740536 0.508208
vn 0.230547 0.359667 0.904150
vn 0.090414 0.153398 0.984019
vn -0.633256 0.709371 0.309484
vn -0.837087 -0.443555 0.320226
vn -0.281007 0.347390 0.894626
vn -0.261279 -0.165777 0.950921
vn -0.183000 -0.325317 0.927728
vn -0.506485 -0.692489 0.513743
vn -0.183430 -0.177598 0.966857
vn -0.695884 -0.485550 0.529137
vn -0.098170 0.044268 0.994185
vn -0.783190 0.452158 0.426810
vn -0.709925 0.622014 0.330310
vn -0.182148 0.179843 0.966684
vn -0.923520 -0.020398 0.383007
vn -0.329595 -0.006803 0.944098
vn 0.129999 -0.306808 0.942852
vn 0.215280 -0.930044 0.297780
vn 0.043110 -0.096814 0.994368
vn 0.370924 -0.813683 0.447589
vn 0.011667 -0.918803 0.394545
vn -0.007723 -0.209357 0.977809
vn 0.567198 -0.718166 0.403142
vn 0.146076 -0.200174 0.968810
vn 0.077648 0.228977 0.970330
vn 0.406535 -0.119668 0.905764
vn 0.340315 0.909954 0.237001
vn 0.889489 -0.251986 0.381199
vn 0.077259 0.099340 0.992050
vn 0.590568 0.747321 0.304533
vn 0.308216 0.176940 0.934717
vn 0.848669 0.474819 0.233039
vn 0.172795 0.355476 0.918574
vn 0.130209 0.950880 0.280843
vn 0.180721 0.117833 0.976450
vn 0.728065 0.441874 0.524089
vn -0.649605 0.760271 0.000000
vn -0.888145 -0.459563 0.000000
vn -0.727889 -0.685695 0.000000
vn -0.996989 -0.077544 0.000000
vn -0.850973 0.525210 0.000000
vn -0.743949 0.668237 0.000000
vn -0.999538 -0.030403 0.000000
vn 0.212430 -0.977176 0.000000
vn 0.400685 -0.916216 0.000000
vn 0.014436 -0.999896 0.000000
vn 0.627886 -0.778305 0.000000
vn 0.968306 -0.249767 0.000000
vn 0.355041 0.934851 0.000000
vn 0.612064 0.790808 0.000000
vn 0.871224 0.490886 0.000000
vn 0.777409 0.628996 0.000000
vn -0.045093 0.998983 0.000000
vn 0.090414 0.153398 -0.984019
vn 0.439694 0.740536 -0.508208
vn 0.230547 0.359667 -0.904150
vn 0.653330 0.693577 -0.303496
vn -0.633256 0.709371 -0.309483
vn -0.281008 0.347391 -0.894625
vn -0.837087 -0.443555 -0.320226
vn -0.261278 -0.165777 -0.950921
vn -0.506485 -0.692489 -0.513742
vn -0.183000 -0.325316 -0.927729
vn -0.695884 -0.485550 -0.529137
vn -0.183430 -0.177599 -0.966857
vn -0.783190 0.452159 -0.426809
vn -0.098170 0.044268 -0.994185
vn -0.709926 0.622014 -0.330310
vn -0.182149 0.179843 -0.966684
vn -0.923520 -0.020398 -0.383007
vn -0.329595 -0.006803 -0.944098
vn 0.215280 -0.930044 -0.297780
vn 0.129999 -0.306808 -0.942852
vn 0.370924 -0.813682 -0.447590
vn 0.043110 -0.096814 -0.994368
vn 0.011667 -0.918802 -0.394545
vn -0.007723 -0.209357 -0.977809
vn 0.567198 -0.718166 -0.403142
vn 0.146076 -0.200174 -0.968810
vn 0.889489 -0.251986 -0.381199
vn 0.406536 -0.119669 -0.905764
vn 0.340315 0.909954 -0.237001
vn 0.077648 0.228977 -0.970330
vn 0.848669 0.474819 -0.233039
vn 0.590568 0.747321 -0.304533
vn 0.308216 0.176941 -0.934717
vn 0.077259 0.099340 -0.992050
vn 0.130209 0.950880 -0.280843
vn 0.172795 0.355477 -0.918574
vn 0.728065 0.441874 -0.524089
vn 0.180721 0.117833 -0.976450
vn -0.649605 0.760271 0.000000
vn -0.888145 -0.459563 0.000000
vn -0.727889 -0.685695 0.000000
vn -0.996989 -0.077544 0.000000
vn -0.850973 0.525210 0.000000
vn -0.743949 0.668237 0.000000
vn -0.999538 -0.030403 0.000000
vn 0.212430 -0.977176 0.000000
vn 0.400685 -0.916216 0.000000
vn 0.014436 -0.999896 0.000000
vn 0.627886 -0.778305 0.000000
vn 0.968306 -0.249767 0.000000
vn 0.355041 0.934851 0.000000
vn 0.612064 0.790808 0.000000
vn 0.871224 0.490886 0.000000
vn 0.777409 0.628996 0.000000
vn -0.045093 0.998983 0.000000
vn 0.478851 -0.128258 0.868477
vn 0.443366 -0.264389 0.856461
vn -0.016454 0.008450 0.999829
vn -0.047963 0.040967 0.998009
vn 0.365869 -0.366017 0.855670
vn 0.364949 -0.385703 0.847375
vn -0.045736 0.051557 0.997622
vn -0.032974 0.036051 0.998806
vn 0.489954 -0.119833 0.863473
vn -0.113475 0.020125 0.993337
vn -0.123650 0.122070 0.984789
vn -0.112727 0.126853 0.985495
vn -0.254196 0.161150 0.953632
vn -0.682552 0.183478 0.707431
vn -0.755567 0.201299 0.623375
vn -0.779571 0.157575 0.606167
vn -0.197478 0.224608 0.954229
vn -0.660293 0.751008 0.000000
vn -0.238398 0.229562 0.943646
vn -0.720330 0.693632 0.000000
vn -0.559920 0.083660 0.824312
vn -0.989021 0.147773 0.000000
vn -0.967322 0.253550 0.000000
vn -0.980177 0.198124 0.000000
vn -0.169171 -0.153121 0.973619
vn -0.758069 -0.260265 0.597991
vn -0.741401 -0.671062 0.000000
vn -0.991924 0.126837 0.000000
vn -0.945809 -0.324722 0.000000
vn 0.478850 -0.128258 -0.868477
vn -0.016453 0.008449 -0.999829
vn 0.443366 -0.264389 -0.856461
vn -0.047961 0.040966 -0.998009
vn -0.032977 0.036054 -0.998806
vn 0.364949 -0.385703 -0.847375
vn -0.045734 0.051555 -0.997622
vn 0.365869 -0.366017 -0.855670
vn -0.113474 0.020125 -0.993337
vn 0.489954 -0.119833 -0.863473
vn -0.123649 0.122069 -0.984789
vn -0.112728 0.126854 -0.985495
vn -0.254196 0.161150 -0.953633
vn -0.755568 0.201299 -0.623374
vn -0.682553 0.183478 -0.707430
vn -0.779571 0.157575 -0.606167
vn -0.197478 0.224608 -0.954229
vn -0.238398 0.229562 -0.943646
vn -0.660293 0.751008 0.000000
vn -0.720330 0.693632 0.000000
vn -0.559920 0.083660 -0.824312
vn -0.989021 0.147773 0.000000
vn -0.967322 0.253550 0.000000
vn -0.980177 0.198124 0.000000
vn -0.169171 -0.153121 -0.973619
vn -0.758069 -0.260266 -0.597991
vn -0.741401 -0.671062 0.000000
vn -0.991924 0.126837 0.000000
vn -0.945809 -0.324722 0.000000
vn 0.038369 0.034020 -0.998684
vn 0.411814 0.414012 -0.811790
vn 0.083812 0.190504 -0.978102
vn 0.483297 0.359123 -0.798407
vn 0.073528 -0.122934 -0.989687
vn 0.145173 -0.059777 -0.987599
vn 0.662445 0.161539 -0.731486
vn 0.509143 0.210310 -0.834592
vn 0.043266 0.023836 -0.998779
vn 0.360530 0.487707 -0.795085
vn 0.216985 0.317770 -0.923006
vn 0.316616 0.503981 -0.803590
vn 0.262895 0.694636 -0.669602
vn 0.277900 0.744051 -0.607585
vn 0.240344 0.556405 -0.795392
vn -0.444229 0.227172 -0.866633
vn -0.413203 0.685391 -0.599585
vn 0.006903 0.570192 -0.821483
vn -0.013969 0.844352 -0.535607
vn 0.533908 0.664503 -0.522856
vn 0.458949 0.477491 -0.749245
vn 0.109536 -0.310496 -0.944243
vn -0.107867 -0.395879 -0.911945
vn -0.072536 -0.459637 -0.885140
vn 0.317542 0.671932 -0.669085
vn 0.346234 0.724212 -0.596354
vn 0.278778 0.397339 -0.874302
vn 0.435548 0.728257 -0.529094
vn 0.139025 0.382352 -0.913498
vn 0.252326 0.815359 -0.521077
vn 0.225334 0.785339 -0.576600
vn 0.247732 0.650850 -0.717651
vn 0.222182 0.104748 -0.969362
vn -0.163999 -0.119921 -0.979144
vn -0.206349 -0.362583 -0.908820
vn -0.463539 -0.841119 -0.278657
vn -0.022091 -0.836443 -0.547608
vn -0.600258 -0.371319 -0.708387
vn -0.547696 -0.433179 -0.715811
vn 0.458426 0.229447 -0.858603
vn 0.164806 -0.026612 -0.985967
vn -0.371118 0.002896 -0.928581
vn -0.439326 -0.473909 -0.763153
vn -0.526897 -0.430352 -0.732923
vn 0.030416 -0.188039 -0.981690
vn -0.005663 0.353680 -0.935349
vn -0.119464 0.787989 -0.603988
vn -0.053171 0.246866 -0.967590
vn -0.264376 0.714024 -0.648286
vn 0.058735 0.460089 -0.885928
vn 0.042732 0.825692 -0.562500
vn 0.246512 0.164991 -0.954992
vn 0.711570 0.545837 -0.442414
vn 0.315647 0.685661 -0.655924
vn 0.377630 0.752833 -0.539108
vn 0.135041 0.390627 -0.910590
vn -0.053642 -0.239779 -0.969344
vn 0.269455 0.725791 -0.632947
vn 0.106529 -0.867327 -0.486205
vn 0.044028 -0.253379 -0.966365
vn -0.170542 -0.270950 -0.947366
vn -0.764142 -0.403613 -0.503173
vn -0.547364 -0.705412 -0.450318
vn -0.249547 -0.867675 -0.429961
vn -0.045743 -0.236595 -0.970531
vn -0.503646 -0.765262 -0.400892
vn -0.200937 -0.918233 -0.341281
vn 0.178286 -0.922676 -0.341881
vn -0.290270 -0.887655 -0.357509
vn -0.864446 -0.322946 -0.385277
vn -0.557768 0.341628 -0.756430
vn -0.246601 -0.853527 -0.458998
vn -0.857032 -0.515263 0.000000
vn -0.308894 -0.951097 0.000000
vn 0.177570 -0.984108 0.000000
vn -0.221036 -0.975266 0.000000
vn -0.567413 -0.823433 0.000000
vn -0.884577 -0.466394 0.000000
vn -0.599683 -0.800238 0.000000
vn -0.285202 -0.958467 0.000000
vn 0.100645 -0.994922 0.000000
vn 0.030079 -0.999548 0.000000
vn -0.469891 -0.882724 0.000000
vn -0.577629 -0.816300 0.000000
vn -0.697328 -0.716752 0.000000
vn -0.905329 -0.424711 0.000000
vn -0.985708 0.168463 0.000000
vn -0.285202 -0.958467 0.000000
vn 0.483297 0.359123 0.798407
vn 0.411814 0.414012 0.811790
vn 0.083812 0.190504 0.978102
vn 0.038369 0.034020 0.998684
vn 0.073530 -0.122934 0.989687
vn 0.662448 0.161539 0.731483
vn 0.145176 -0.059776 0.987598
vn 0.509144 0.210309 0.834591
vn 0.360530 0.487707 0.795085
vn 0.043267 0.023836 0.998779
vn 0.216985 0.317771 0.923006
vn 0.316616 0.503981 0.803590
vn 0.262896 0.694636 0.669602
vn 0.240344 0.556406 0.795391
vn 0.277900 0.744051 0.607585
vn -0.444230 0.227172 0.866633
vn 0.006903 0.570192 0.821483
vn -0.413203 0.685391 0.599585
vn -0.013969 0.844352 0.535607
vn 0.458949 0.477491 0.749245
vn 0.533908 0.664503 0.522856
vn 0.109537 -0.310496 0.944243
vn -0.107867 -0.395879 0.911945
vn 0.317542 0.671932 0.669085
vn -0.072536 -0.459637 0.885140
vn 0.346235 0.724212 0.596354
vn 0.278778 0.397339 0.874302
vn 0.139025 0.382353 0.913498
vn 0.435549 0.728258 0.529091
vn 0.252327 0.815360 0.521075
vn 0.225334 0.785340 0.576598
vn 0.247732 0.650851 0.717650
vn 0.222182 0.104747 0.969362
vn -0.206350 -0.362583 0.908820
vn -0.163999 -0.119921 0.979144
vn -0.463539 -0.841119 0.278658
vn -0.022091 -0.836443 0.547608
vn -0.600259 -0.371320 0.708387
vn -0.547695 -0.433179 0.715812
vn 0.458426 0.229447 0.858603
vn 0.164805 -0.026613 0.985967
vn -0.371118 0.002896 0.928581
vn -0.439327 -0.473909 0.763153
vn -0.526897 -0.430352 0.732923
vn 0.030422 -0.188040 0.981690
vn -0.005663 0.353679 0.935350
vn -0.053171 0.246866 0.967590
vn -0.119464 0.787989 0.603989
vn -0.264377 0.714025 0.648285
vn 0.058735 0.460089 0.885928
vn 0.042732 0.825692 0.562501
vn 0.246512 0.164991 0.954992
vn 0.711571 0.545838 0.442412
vn 0.315647 0.685661 0.655924
vn 0.377630 0.752833 0.539108
vn 0.135041 0.390627 0.910590
vn -0.053642 -0.239779 0.969344
vn 0.269455 0.725791 0.632947
vn 0.106529 -0.867327 0.486206
vn 0.044028 -0.253378 0.966365
vn -0.764143 -0.403613 0.503172
vn -0.170542 -0.270950 0.947365
vn -0.547365 -0.705412 0.450318
vn -0.249547 -0.867675 0.429961
vn -0.045743 -0.236595 0.970531
vn -0.503646 -0.765262 0.400892
vn -0.200937 -0.918233 0.341281
vn 0.178286 -0.922676 0.341881
vn -0.290269 -0.887655 0.357509
vn -0.864447 -0.322946 0.385276
vn -0.557770 0.341627 0.756428
vn -0.246601 -0.853527 0.458998
vn -0.857032 -0.515264 0.000000
vn -0.308894 -0.951097 0.000000
vn 0.177570 -0.984108 0.000000
vn -0.221036 -0.975266 0.000000
vn -0.567413 -0.823433 0.000000
vn -0.884577 -0.466394 0.000000
vn -0.599683 -0.800238 0.000000
vn -0.285202 -0.958467 0.000000
vn 0.100645 -0.994922 0.000000
vn 0.030079 -0.999548 0.000000
vn -0.469891 -0.882724 0.000000
vn -0.577629 -0.816300 0.000000
vn -0.697328 -0.716752 0.000000
vn -0.905329 -0.424711 0.000000
vn -0.985708 0.168463 0.000000
vn -0.285202 -0.958467 0.000000
vn -0.199068 -0.326915 0.923850
vn 0.000000 0.000000 1.000000
vn -0.335855 -0.183582 0.923850
vn -0.382650 0.008941 0.923850
vn -0.326914 0.199069 0.923850
vn -0.183581 0.335854 0.923851
vn 0.008941 0.382648 0.923851
vn 0.199068 0.326912 0.923851
vn 0.335856 0.183584 0.923849
vn 0.382649 -0.008942 0.923850
vn 0.326916 -0.199070 0.923849
vn 0.183580 -0.335854 0.923851
vn -0.008941 -0.382649 0.923851
vn -0.965926 0.258820 0.000000
vn -0.888255 0.092539 0.449933
vn -0.866024 0.500002 0.000000
vn -0.806649 0.474761 0.352022
vn 0.500001 -0.866025 0.000000
vn 0.461199 -0.814476 0.352028
vn 0.258820 -0.965926 0.000000
vn 0.072647 -0.889726 0.450678
vn 0.866024 -0.500002 0.000000
vn 0.806648 -0.474760 0.352025
vn 1.000000 -0.000000 0.000000
vn 0.935956 -0.007830 0.352029
vn 0.866024 0.500002 0.000000
vn 0.814476 0.461202 0.352026
vn 0.500001 0.866025 0.000000
vn 0.474760 0.806647 0.352028
vn -0.000000 1.000000 0.000000
vn 0.007829 0.935957 0.352026
vn -0.499999 0.866026 0.000000
vn -0.461198 0.814479 0.352024
vn -0.691127 -0.383289 0.612726
vn -0.406889 -0.677503 0.612724
vn -0.199068 -0.326915 -0.923850
vn -0.335855 -0.183582 -0.923850
vn 0.000000 0.000000 -1.000000
vn -0.382650 0.008941 -0.923850
vn -0.326915 0.199070 -0.923849
vn -0.183581 0.335855 -0.923850
vn 0.008941 0.382649 -0.923850
vn 0.199068 0.326912 -0.923851
vn 0.335857 0.183585 -0.923849
vn 0.382650 -0.008943 -0.923850
vn 0.326917 -0.199070 -0.923849
vn 0.183580 -0.335854 -0.923851
vn -0.008942 -0.382649 -0.923850
vn -0.965926 0.258820 0.000000
vn -0.866024 0.500002 0.000000
vn -0.888255 0.092539 -0.449933
vn -0.806649 0.474761 -0.352021
vn 0.500001 -0.866025 0.000000
vn 0.258820 -0.965926 0.000000
vn 0.461200 -0.814476 -0.352027
vn 0.072647 -0.889726 -0.450677
vn 0.866024 -0.500002 0.000000
vn 0.806649 -0.474760 -0.352024
vn 1.000000 -0.000000 0.000000
vn 0.935957 -0.007830 -0.352028
vn 0.866024 0.500002 0.000000
vn 0.814476 0.461202 -0.352024
vn 0.500001 0.866025 0.000000
vn 0.474760 0.806647 -0.352028
vn -0.000000 1.000000 0.000000
vn 0.007829 0.935958 -0.352026
vn -0.499999 0.866026 0.000000
vn -0.461198 0.814479 -0.352024
vn -0.691126 -0.383289 -0.612727
vn -0.406890 -0.677504 -0.612723
vn -0.077998 -0.043912 -0.995986
vn -0.000001 0.000000 -1.000000
vn -0.070328 -0.015118 -0.997409
vn -0.043149 -0.147414 -0.988133
vn -0.213844 -0.281967 -0.935289
vn -0.171823 -0.283288 -0.943517
vn -0.127561 -0.337746 -0.932553
vn -0.354769 0.144664 -0.923694
vn -0.272899 -0.351289 -0.895613
vn -0.087977 -0.099359 -0.991155
vn -0.382537 -0.225591 -0.895976
vn -0.000001 -0.000001 -1.000000
vn -0.216660 -0.388149 -0.895767
vn -0.049837 -0.087765 -0.994894
vn -0.397385 -0.462144 -0.792785
vn -0.043320 -0.089576 -0.995037
vn -0.197967 -0.320558 -0.926311
vn 0.000169 -0.082162 -0.996619
vn -0.042741 -0.081811 -0.995731
vn -0.029955 -0.733556 -0.678968
vn -0.354866 -0.644347 -0.677412
vn -0.000001 -0.000002 -1.000000
vn 0.303487 -0.684826 -0.662502
vn 0.027928 -0.063605 -0.997584
vn -0.051927 -0.762999 -0.644311
vn -0.026978 -0.233426 -0.972000
vn -0.016571 -0.141544 -0.989793
vn -0.044025 -0.144814 -0.988479
vn -0.090873 -0.810714 -0.578347
vn -0.227025 -0.738804 -0.634530
vn 0.029307 -0.090145 -0.995497
vn 0.239880 -0.715135 -0.656536
vn 0.093002 -0.681974 -0.725440
vn 0.056866 -0.414844 -0.908114
vn -0.020850 -0.075238 -0.996948
vn -0.238198 -0.789077 -0.566233
vn -0.025720 -0.141591 -0.989591
vn -0.139862 -0.792410 -0.593738
vn -0.000000 -0.000002 -1.000000
vn 0.000000 -0.000001 -1.000000
vn -0.000001 -0.000001 -1.000000
vn 0.000000 -0.000001 -1.000000
vn 0.000001 -0.000001 -1.000000
vn 0.000010 0.000007 -1.000000
vn 0.000005 0.000002 -1.000000
vn 0.000011 0.000009 -1.000000
vn 0.000004 -0.000003 -1.000000
vn 0.000004 -0.000006 -1.000000
vn 0.000002 -0.000003 -1.000000
vn 0.000002 -0.000006 -1.000000
vn 0.000001 -0.000001 -1.000000
vn 0.000003 -0.000000 -1.000000
vn 0.000008 -0.000004 -1.000000
vn 0.000009 0.000000 -1.000000
vn 0.000010 0.000003 -1.000000
vn -0.000000 -0.000000 -1.000000
vn -0.000000 -0.000000 -1.000000
vn -0.000000 -0.000000 -1.000000
vn -0.000000 -0.000000 -1.000000
vn -0.077998 -0.043912 0.995986
vn -0.070328 -0.015118 0.997409
vn -0.000001 0.000000 1.000000
vn -0.043149 -0.147414 0.988133
vn -0.171823 -0.283287 0.943517
vn -0.127561 -0.337746 0.932553
vn -0.213844 -0.281966 0.935289
vn -0.354769 0.144664 0.923694
vn -0.272899 -0.351289 0.895613
vn -0.382538 -0.225592 0.895976
vn -0.087977 -0.099359 0.991155
vn -0.000001 -0.000001 1.000000
vn -0.216660 -0.388149 0.895767
vn -0.049837 -0.087765 0.994894
vn -0.397385 -0.462145 0.792784
vn -0.197967 -0.320558 0.926311
vn -0.043320 -0.089576 0.995037
vn -0.354867 -0.644349 0.677410
vn -0.042741 -0.081811 0.995731
vn -0.029956 -0.733556 0.678969
vn 0.000169 -0.082162 0.996619
vn -0.000001 -0.000002 1.000000
vn 0.303487 -0.684824 0.662504
vn 0.027928 -0.063605 0.997584
vn -0.051927 -0.762998 0.644311
vn -0.026978 -0.233426 0.972000
vn -0.227025 -0.738804 0.634530
vn -0.044024 -0.144814 0.988479
vn -0.090873 -0.810713 0.578347
vn -0.016571 -0.141544 0.989793
vn 0.239880 -0.715136 0.656535
vn 0.029307 -0.090145 0.995497
vn 0.093002 -0.681972 0.725441
vn 0.056866 -0.414843 0.908114
vn -0.238198 -0.789077 0.566232
vn -0.020850 -0.075238 0.996948
vn -0.139862 -0.792410 0.593738
vn -0.025720 -0.141591 0.989591
vn 0.000000 -0.000001 1.000000
vn -0.000000 -0.000002 1.000000
vn -0.000001 -0.000001 1.000000
vn 0.000000 -0.000001 1.000000
vn 0.000001 -0.000001 1.000000
vn 0.000004 -0.000003 1.000000
vn 0.000005 0.000002 1.000000
vn 0.000011 0.000009 1.000000
vn 0.000010 0.000008 1.000000
vn 0.000004 -0.000006 1.000000
vn 0.000002 -0.000006 1.000000
vn 0.000002 -0.000003 1.000000
vn 0.000001 -0.000001 1.000000
vn 0.000003 -0.000000 1.000000
vn 0.000009 0.000000 1.000000
vn 0.000008 -0.000004 1.000000
vn 0.000010 0.000003 1.000000
vn -0.000000 -0.000000 1.000000
vn -0.000000 -0.000000 1.000000
vn -0.000000 -0.000000 1.000000
vn -0.000000 -0.000000 1.000000
s 1
g blade_damaged
f 2710/3616/3338 2703/3615/3339 2705/3613/3340
f 2705/3613/3340 2703/3615/3339 2704/3614/3341
f 2714/3617/3342 2700/3619/3343 2711/3618/3344
f 2703/3615/3339 2710/3616/3338 2702/3620/3345
f 2702/3620/3345 2710/3616/3338 2711/3618/3344
f 2711/3618/3344 2700/3619/3343 2702/3620/3345
f 2702/3620/3345 2700/3619/3343 2701/3621/3346
f 2715/3623/3347 2699/3622/3348 2714/3617/3342
f 2714/3617/3342 2699/3622/3348 2700/3619/3343
f 2706/3624/3349 2710/3616/3338 2705/3613/3340
f 2706/3624/3349 2711/3618/3344 2710/3616/3338
f 2714/3617/3342 2713/3627/3350 2709/3625/3351
f 2709/3625/3351 2713/3627/3350 2708/3626/3352
f 2698/3628/3353 2715/3623/3347 2709/3625/3351
f 2709/3625/3351 2715/3623/3347 2714/3617/3342
f 2711/3618/3344 2706/3624/3349 2714/3617/3342
f 2706/3624/3349 2712/3629/3354 2714/3617/3342
f 2714/3617/3342 2712/3629/3354 2713/3627/3350
f 2712/3629/3354 2707/3630/3355 2713/3627/3350
f 2713/3627/3350 2707/3630/3355 2708/3626/3352
s 4
f 2704/3632/3356 2703/3633/3357 2718/3631/3358
f 2718/3631/3358 2703/3633/3357 2720/3634/3359
f 2724/3635/3360 2721/3636/3361 2717/3637/3362
f 2703/3633/3357 2702/3638/3363 2720/3634/3359
f 2720/3634/3359 2702/3638/3363 2721/3636/3361
f 2701/3639/3364 2717/3637/3362 2702/3638/3363
f 2702/3638/3363 2717/3637/3362 2721/3636/3361
f 2717/3637/3362 2716/3640/3365 2724/3635/3360
f 2724/3635/3360 2716/3640/3365 2725/3641/3366
f 2719/3642/3367 2718/3631/3358 2720/3634/3359
f 2719/3642/3367 2720/3634/3359 2721/3636/3361
f 2708/3644/3368 2723/3645/3369 2709/3643/3370
f 2709/3643/3370 2723/3645/3369 2724/3635/3360
f 2698/3646/3371 2709/3643/3370 2725/3641/3366
f 2725/3641/3366 2709/3643/3370 2724/3635/3360
f 2721/3636/3361 2724/3635/3360 2719/3642/3367
f 2719/3642/3367 2724/3635/3360 2722/3647/3372
f 2724/3635/3360 2723/3645/3369 2722/3647/3372
f 2708/3644/3368 2707/3648/3373 2723/3645/3369
f 2723/3645/3369 2707/3648/3373 2722/3647/3372
s 7
f 2726/3649/3374 2750/3650/3375 2727/3652/3376
f 2727/3652/3376 2750/3650/3375 2751/3651/3377
f 2733/3653/3378 2756/3654/3379 2763/3655/3380
f 2752/3657/3381 2753/3658/3382 2729/3656/3383
f 2729/3656/3383 2753/3658/3382 2730/3659/3384
f 2751/3651/3377 2752/3657/3381 2728/3660/3385
f 2728/3660/3385 2752/3657/3381 2729/3656/3383
f 2727/3652/3376 2751/3651/3377 2762/3661/3386
f 2739/3662/3387 2761/3663/3388 2740/3664/3389
f 2731/3665/3390 2754/3666/3391 2732/3668/3392
f 2732/3668/3392 2754/3666/3391 2755/3667/3393
f 2755/3667/3393 2756/3654/3379 2732/3668/3392
f 2732/3668/3392 2756/3654/3379 2733/3653/3378
f 2754/3666/3391 2731/3665/3390 2753/3658/3382
f 2753/3658/3382 2731/3665/3390 2730/3659/3384
f 2761/3663/3388 2741/3669/3394 2740/3664/3389
f 2738/3670/3395 2760/3671/3396 2739/3662/3387
f 2739/3662/3387 2760/3671/3396 2761/3663/3388
f 2760/3671/3396 2742/3672/3397 2761/3663/3388
f 2761/3663/3388 2742/3672/3397 2741/3669/3394
f 2737/3673/3398 2759/3674/3399 2738/3670/3395
f 2738/3670/3395 2759/3674/3399 2760/3671/3396
f 2726/3649/3374 2749/3675/3400 2750/3650/3375
f 2758/3677/3401 2759/3674/3399 2736/3676/3402
f 2736/3676/3402 2759/3674/3399 2737/3673/3398
f 2734/3678/3403 2736/3676/3402 2735/3679/3404
f 2758/3677/3401 2743/3680/3405 2759/3674/3399
f 2759/3674/3399 2743/3680/3405 2760/3671/3396
f 2760/3671/3396 2743/3680/3405 2742/3672/3397
f 2757/3681/3406 2744/3682/3407 2758/3677/3401
f 2758/3677/3401 2744/3682/3407 2743/3680/3405
f 2756/3654/3379 2746/3683/3408 2763/3655/3380
f 2763/3655/3380 2746/3683/3408 2745/3684/3409
f 2747/3685/3410 2746/3683/3408 2755/3667/3393
f 2755/3667/3393 2746/3683/3408 2756/3654/3379
f 2754/3666/3391 2747/3685/3410 2755/3667/3393
f 2753/3658/3382 2748/3686/3411 2754/3666/3391
f 2754/3666/3391 2748/3686/3411 2747/3685/3410
f 2749/3675/3400 2748/3686/3411 2752/3657/3381
f 2752/3657/3381 2748/3686/3411 2753/3658/3382
f 2750/3650/3375 2749/3675/3400 2751/3651/3377
f 2751/3651/3377 2749/3675/3400 2752/3657/3381
f 2757/3681/3406 2758/3677/3401 2734/3678/3403
f 2734/3678/3403 2758/3677/3401 2736/3676/3402
f 2762/3661/3386 2751/3651/3377 2728/3660/3385
f 2745/3684/3409 2744/3682/3407 2763/3655/3380
f 2763/3655/3380 2744/3682/3407 2757/3681/3406
f 2733/3653/3378 2763/3655/3380 2734/3678/3403
f 2734/3678/3403 2763/3655/3380 2757/3681/3406
f 2735/3679/3404 2736/3676/3402 2764/3688/3412
f 2764/3688/3412 2736/3676/3402 2765/3687/3413
f 2736/3676/3402 2737/3673/3398 2765/3687/3413
f 2765/3687/3413 2737/3673/3398 2766/3689/3414
f 2737/3673/3398 2738/3670/3395 2766/3689/3414
f 2766/3689/3414 2738/3670/3395 2767/3690/3415
f 2738/3670/3395 2739/3662/3387 2767/3690/3415
f 2767/3690/3415 2739/3662/3387 2768/3691/3416
f 2739/3662/3387 2740/3664/3389 2768/3691/3416
f 2740/3664/3389 2741/3669/3394 2769/3692/3417
f 2742/3672/3397 2770/3693/3418 2741/3669/3394
f 2741/3669/3394 2770/3693/3418 2769/3692/3417
f 2743/3680/3405 2771/3694/3419 2742/3672/3397
f 2742/3672/3397 2771/3694/3419 2770/3693/3418
f 2744/3682/3407 2772/3695/3420 2743/3680/3405
f 2743/3680/3405 2772/3695/3420 2771/3694/3419
f 2745/3684/3409 2773/3696/3421 2744/3682/3407
f 2744/3682/3407 2773/3696/3421 2772/3695/3420
f 2745/3684/3409 2746/3683/3408 2773/3698/3421
f 2773/3698/3421 2746/3683/3408 2774/3697/3422
s 17
f 2726/3699/3423 2727/3700/3424 2795/3702/3425
f 2795/3702/3425 2727/3700/3424 2796/3701/3426
f 2780/3703/3427 2808/3704/3428 2801/3705/3429
f 2777/3707/3430 2798/3708/3431 2776/3706/3432
f 2776/3706/3432 2798/3708/3431 2797/3709/3433
f 2776/3706/3432 2797/3709/3433 2775/3710/3434
f 2775/3710/3434 2797/3709/3433 2796/3701/3426
f 2727/3700/3424 2807/3711/3435 2796/3701/3426
f 2786/3712/3436 2740/3713/3437 2806/3714/3438
f 2778/3715/3439 2779/3716/3440 2799/3718/3441
f 2799/3718/3441 2779/3716/3440 2800/3717/3442
f 2780/3703/3427 2801/3705/3429 2779/3716/3440
f 2779/3716/3440 2801/3705/3429 2800/3717/3442
f 2777/3707/3430 2778/3715/3439 2798/3708/3431
f 2798/3708/3431 2778/3715/3439 2799/3718/3441
f 2806/3714/3438 2740/3713/3437 2787/3719/3443
f 2785/3720/3444 2786/3712/3436 2805/3721/3445
f 2805/3721/3445 2786/3712/3436 2806/3714/3438
f 2805/3721/3445 2806/3714/3438 2788/3722/3446
f 2788/3722/3446 2806/3714/3438 2787/3719/3443
f 2784/3723/3447 2785/3720/3444 2804/3724/3448
f 2804/3724/3448 2785/3720/3444 2805/3721/3445
f 2726/3699/3423 2795/3702/3425 2749/3725/3449
f 2784/3723/3447 2804/3724/3448 2783/3726/3450
f 2783/3726/3450 2804/3724/3448 2803/3727/3451
f 2781/3728/3452 2782/3729/3453 2783/3726/3450
f 2803/3727/3451 2804/3724/3448 2789/3730/3454
f 2804/3724/3448 2805/3721/3445 2789/3730/3454
f 2789/3730/3454 2805/3721/3445 2788/3722/3446
f 2802/3731/3455 2803/3727/3451 2790/3732/3456
f 2790/3732/3456 2803/3727/3451 2789/3730/3454
f 2801/3705/3429 2808/3704/3428 2792/3734/3457
f 2792/3734/3457 2808/3704/3428 2791/3733/3458
f 2801/3705/3429 2792/3734/3457 2800/3717/3442
f 2800/3717/3442 2792/3734/3457 2793/3735/3459
f 2799/3718/3441 2800/3717/3442 2793/3735/3459
f 2798/3708/3431 2799/3718/3441 2794/3736/3460
f 2794/3736/3460 2799/3718/3441 2793/3735/3459
f 2798/3708/3431 2794/3736/3460 2797/3709/3433
f 2797/3709/3433 2794/3736/3460 2749/3725/3449
f 2795/3702/3425 2796/3701/3426 2749/3725/3449
f 2796/3701/3426 2797/3709/3433 2749/3725/3449
f 2802/3731/3455 2781/3728/3452 2803/3727/3451
f 2803/3727/3451 2781/3728/3452 2783/3726/3450
f 2807/3711/3435 2775/3710/3434 2796/3701/3426
f 2802/3731/3455 2790/3732/3456 2808/3704/3428
f 2808/3704/3428 2790/3732/3456 2791/3733/3458
f 2780/3703/3427 2781/3728/3452 2808/3704/3428
f 2808/3704/3428 2781/3728/3452 2802/3731/3455
f 2782/3729/3453 2764/3737/3461 2783/3726/3450
f 2783/3726/3450 2764/3737/3461 2765/3738/3462
f 2783/3726/3450 2765/3738/3462 2784/3723/3447
f 2784/3723/3447 2765/3738/3462 2766/3739/3463
f 2784/3723/3447 2766/3739/3463 2785/3720/3444
f 2785/3720/3444 2766/3739/3463 2767/3740/3464
f 2785/3720/3444 2767/3740/3464 2786/3712/3436
f 2786/3712/3436 2767/3740/3464 2768/3741/3465
f 2786/3712/3436 2768/3741/3465 2740/3713/3437
f 2740/3713/3437 2769/3742/3466 2787/3719/3443
f 2769/3742/3466 2770/3743/3467 2787/3719/3443
f 2787/3719/3443 2770/3743/3467 2788/3722/3446
f 2770/3743/3467 2771/3744/3468 2788/3722/3446
f 2788/3722/3446 2771/3744/3468 2789/3730/3454
f 2771/3744/3468 2772/3745/3469 2789/3730/3454
f 2789/3730/3454 2772/3745/3469 2790/3732/3456
f 2772/3745/3469 2773/3746/3470 2790/3732/3456
f 2790/3732/3456 2773/3746/3470 2791/3733/3458
f 2791/3733/3458 2773/3747/3470 2792/3734/3457
f 2792/3734/3457 2773/3747/3470 2774/3748/3471
s 26
f 2852/3749/3472 2853/3750/3473 2830/3752/3474
f 2830/3752/3474 2853/3750/3473 2829/3751/3475
f 2847/3754/3476 2839/3755/3477 2846/3753/3478
f 2846/3753/3478 2839/3755/3477 2834/3756/3479
f 2817/3757/3480 2814/3758/3481 2816/3760/3482
f 2816/3760/3482 2814/3758/3481 2815/3759/3483
f 2818/3761/3484 2813/3762/3485 2817/3757/3480
f 2817/3757/3480 2813/3762/3485 2814/3758/3481
f 2853/3750/3473 2854/3763/3486 2829/3751/3475
f 2829/3751/3475 2854/3763/3486 2828/3764/3487
f 2827/3765/3488 2854/3763/3486 2851/3766/3489
f 2827/3765/3488 2851/3766/3489 2826/3767/3490
f 2840/3768/3491 2833/3769/3492 2839/3755/3477
f 2839/3755/3477 2833/3769/3492 2834/3756/3479
f 2841/3770/3493 2832/3771/3494 2840/3768/3491
f 2840/3768/3491 2832/3771/3494 2833/3769/3492
f 2811/3772/3495 2836/3773/3496 2812/3775/3497
f 2812/3775/3497 2836/3773/3496 2835/3774/3498
f 2812/3775/3497 2835/3774/3498 2813/3762/3485
f 2842/3776/3499 2831/3777/3500 2841/3770/3493
f 2841/3770/3493 2831/3777/3500 2832/3771/3494
f 2810/3778/3501 2837/3779/3502 2811/3772/3495
f 2811/3772/3495 2837/3779/3502 2836/3773/3496
f 2809/3780/3503 2838/3781/3504 2810/3778/3501
f 2810/3778/3501 2838/3781/3504 2837/3779/3502
f 2835/3774/3498 2839/3755/3477 2813/3762/3485
f 2813/3762/3485 2839/3755/3477 2847/3754/3476
f 2836/3773/3496 2840/3768/3491 2835/3774/3498
f 2835/3774/3498 2840/3768/3491 2839/3755/3477
f 2837/3779/3502 2841/3770/3493 2836/3773/3496
f 2836/3773/3496 2841/3770/3493 2840/3768/3491
f 2838/3781/3504 2842/3776/3499 2837/3779/3502
f 2837/3779/3502 2842/3776/3499 2841/3770/3493
f 2815/3759/3483 2843/3782/3505 2816/3760/3482
f 2816/3760/3482 2843/3782/3505 2844/3783/3506
f 2845/3784/3507 2846/3753/3478 2834/3756/3479
f 2846/3753/3478 2845/3784/3507 2815/3759/3483
f 2815/3759/3483 2845/3784/3507 2843/3782/3505
f 2847/3754/3476 2846/3753/3478 2814/3758/3481
f 2814/3758/3481 2846/3753/3478 2815/3759/3483
f 2813/3762/3485 2847/3754/3476 2814/3758/3481
f 2825/3785/3508 2822/3786/3509 2824/3788/3510
f 2824/3788/3510 2822/3786/3509 2823/3787/3511
f 2810/3778/3501 2849/3789/3512 2809/3780/3503
f 2809/3780/3503 2849/3789/3512 2848/3790/3513
f 2850/3791/3514 2849/3789/3512 2811/3772/3495
f 2811/3772/3495 2849/3789/3512 2810/3778/3501
f 2851/3766/3489 2850/3791/3514 2812/3775/3497
f 2812/3775/3497 2850/3791/3514 2811/3772/3495
f 2825/3785/3508 2818/3761/3484 2819/3792/3515
f 2848/3790/3513 2849/3789/3512 2852/3749/3472
f 2852/3749/3472 2849/3789/3512 2853/3750/3473
f 2854/3763/3486 2853/3750/3473 2850/3791/3514
f 2850/3791/3514 2853/3750/3473 2849/3789/3512
f 2851/3766/3489 2854/3763/3486 2850/3791/3514
f 2828/3764/3487 2854/3763/3486 2827/3765/3488
f 2826/3767/3490 2851/3766/3489 2825/3785/3508
f 2818/3761/3484 2812/3775/3497 2813/3762/3485
f 2851/3766/3489 2812/3775/3497 2825/3785/3508
f 2825/3785/3508 2812/3775/3497 2818/3761/3484
f 2825/3785/3508 2821/3793/3516 2822/3786/3509
f 2825/3785/3508 2819/3792/3515 2820/3794/3517
f 2825/3785/3508 2820/3794/3517 2821/3793/3516
f 2824/3795/3510 2823/3796/3511 2856/3798/3518
f 2856/3798/3518 2823/3796/3511 2855/3797/3519
f 2825/3799/3508 2824/3795/3510 2857/3800/3520
f 2857/3800/3520 2824/3795/3510 2856/3798/3518
f 2826/3801/3490 2825/3799/3508 2858/3802/3521
f 2858/3802/3521 2825/3799/3508 2857/3800/3520
f 2828/3803/3487 2827/3804/3488 2859/3805/3522
f 2827/3804/3488 2826/3801/3490 2859/3805/3522
f 2859/3805/3522 2826/3801/3490 2858/3802/3521
s 37
f 2893/3806/3523 2830/3807/3524 2894/3809/3525
f 2894/3809/3525 2830/3807/3524 2829/3808/3526
f 2834/3811/3527 2883/3812/3528 2887/3810/3529
f 2887/3810/3529 2883/3812/3528 2888/3813/3530
f 2868/3814/3531 2867/3815/3532 2865/3817/3533
f 2865/3817/3533 2867/3815/3532 2866/3816/3534
f 2869/3818/3535 2868/3814/3531 2864/3819/3536
f 2864/3819/3536 2868/3814/3531 2865/3817/3533
f 2828/3820/3537 2895/3821/3538 2829/3808/3526
f 2829/3808/3526 2895/3821/3538 2894/3809/3525
f 2878/3822/3539 2892/3823/3540 2895/3821/3538
f 2878/3822/3539 2877/3824/3541 2892/3823/3540
f 2834/3811/3527 2833/3825/3542 2883/3812/3528
f 2883/3812/3528 2833/3825/3542 2884/3826/3543
f 2833/3825/3542 2832/3827/3544 2884/3826/3543
f 2884/3826/3543 2832/3827/3544 2885/3828/3545
f 2862/3829/3546 2863/3830/3547 2880/3832/3548
f 2880/3832/3548 2863/3830/3547 2879/3831/3549
f 2863/3830/3547 2864/3819/3536 2879/3831/3549
f 2832/3827/3544 2831/3833/3550 2885/3828/3545
f 2885/3828/3545 2831/3833/3550 2886/3834/3551
f 2861/3835/3552 2862/3829/3546 2881/3836/3553
f 2881/3836/3553 2862/3829/3546 2880/3832/3548
f 2881/3836/3553 2882/3837/3554 2861/3835/3552
f 2861/3835/3552 2882/3837/3554 2860/3838/3555
f 2888/3813/3530 2883/3812/3528 2864/3819/3536
f 2864/3819/3536 2883/3812/3528 2879/3831/3549
f 2883/3812/3528 2884/3826/3543 2879/3831/3549
f 2879/3831/3549 2884/3826/3543 2880/3832/3548
f 2884/3826/3543 2885/3828/3545 2880/3832/3548
f 2880/3832/3548 2885/3828/3545 2881/3836/3553
f 2885/3828/3545 2886/3834/3551 2881/3836/3553
f 2881/3836/3553 2886/3834/3551 2882/3837/3554
f 2844/3839/3556 2843/3840/3557 2867/3815/3532
f 2867/3815/3532 2843/3840/3557 2866/3816/3534
f 2845/3841/3558 2834/3811/3527 2887/3810/3529
f 2843/3840/3557 2845/3841/3558 2866/3816/3534
f 2866/3816/3534 2845/3841/3558 2887/3810/3529
f 2866/3816/3534 2887/3810/3529 2865/3817/3533
f 2865/3817/3533 2887/3810/3529 2888/3813/3530
f 2864/3819/3536 2865/3817/3533 2888/3813/3530
f 2876/3842/3559 2875/3843/3560 2873/3845/3561
f 2873/3845/3561 2875/3843/3560 2874/3844/3562
f 2889/3846/3563 2890/3847/3564 2860/3838/3555
f 2860/3838/3555 2890/3847/3564 2861/3835/3552
f 2891/3848/3565 2862/3829/3546 2890/3847/3564
f 2890/3847/3564 2862/3829/3546 2861/3835/3552
f 2892/3823/3540 2863/3830/3547 2891/3848/3565
f 2891/3848/3565 2863/3830/3547 2862/3829/3546
f 2876/3842/3559 2870/3849/3566 2869/3818/3535
f 2889/3846/3563 2893/3806/3523 2890/3847/3564
f 2890/3847/3564 2893/3806/3523 2894/3809/3525
f 2895/3821/3538 2891/3848/3565 2894/3809/3525
f 2894/3809/3525 2891/3848/3565 2890/3847/3564
f 2892/3823/3540 2891/3848/3565 2895/3821/3538
f 2828/3820/3537 2878/3822/3539 2895/3821/3538
f 2877/3824/3541 2876/3842/3559 2892/3823/3540
f 2869/3818/3535 2864/3819/3536 2863/3830/3547
f 2869/3818/3535 2863/3830/3547 2876/3842/3559
f 2876/3842/3559 2863/3830/3547 2892/3823/3540
f 2876/3842/3559 2873/3845/3561 2872/3850/3567
f 2876/3842/3559 2871/3851/3568 2870/3849/3566
f 2876/3842/3559 2872/3850/3567 2871/3851/3568
f 2875/3852/3560 2856/3853/3569 2874/3855/3562
f 2874/3855/3562 2856/3853/3569 2855/3854/3570
f 2876/3856/3559 2857/3857/3571 2875/3852/3560
f 2875/3852/3560 2857/3857/3571 2856/3853/3569
f 2877/3858/3541 2858/3859/3572 2876/3856/3559
f 2876/3856/3559 2858/3859/3572 2857/3857/3571
f 2828/3860/3537 2859/3861/3573 2878/3862/3539
f 2878/3862/3539 2859/3861/3573 2877/3858/3541
f 2877/3858/3541 2859/3861/3573 2858/3859/3572
s 48
f 2911/3864/3574 2912/3865/3575 2933/3863/3576
f 2933/3863/3576 2912/3865/3575 2932/3866/3577
f 2896/3867/3578 2897/3868/3579 2915/3870/3580
f 2915/3870/3580 2897/3868/3579 2916/3869/3581
f 2917/3872/3582 2916/3869/3581 2898/3871/3583
f 2898/3871/3583 2916/3869/3581 2897/3868/3579
f 2918/3874/3584 2917/3872/3582 2899/3873/3585
f 2899/3873/3585 2917/3872/3582 2898/3871/3583
f 2919/3876/3586 2918/3874/3584 2900/3875/3587
f 2900/3875/3587 2918/3874/3584 2899/3873/3585
f 2901/3877/3588 2920/3878/3589 2900/3875/3587
f 2900/3875/3587 2920/3878/3589 2919/3876/3586
f 2902/3879/3590 2921/3880/3591 2901/3877/3588
f 2901/3877/3588 2921/3880/3591 2920/3878/3589
f 2922/3882/3592 2921/3880/3591 2903/3881/3593
f 2903/3881/3593 2921/3880/3591 2902/3879/3590
f 2923/3884/3594 2922/3882/3592 2904/3883/3595
f 2904/3883/3595 2922/3882/3592 2903/3881/3593
f 2905/3885/3596 2924/3886/3597 2904/3883/3595
f 2904/3883/3595 2924/3886/3597 2923/3884/3594
f 2906/3887/3598 2925/3888/3599 2905/3885/3596
f 2905/3885/3596 2925/3888/3599 2924/3886/3597
f 2928/3890/3600 2929/3891/3601 2908/3889/3602
f 2908/3889/3602 2929/3891/3601 2907/3892/3603
f 2927/3894/3604 2909/3895/3605 2926/3893/3606
f 2926/3893/3606 2909/3895/3605 2910/3896/3607
f 2908/3889/3602 2909/3895/3605 2928/3890/3600
f 2928/3890/3600 2909/3895/3605 2927/3894/3604
f 2930/3897/3608 2914/3898/3609 2915/3870/3580
f 2915/3870/3580 2914/3898/3609 2896/3867/3578
f 2907/3892/3603 2929/3891/3601 2906/3887/3598
f 2906/3887/3598 2929/3891/3601 2925/3888/3599
f 2931/3899/3610 2913/3900/3611 2930/3897/3608
f 2930/3897/3608 2913/3900/3611 2914/3898/3609
f 2932/3866/3577 2912/3865/3575 2931/3899/3610
f 2931/3899/3610 2912/3865/3575 2913/3900/3611
f 2920/3878/3589 2921/3880/3591 2923/3884/3594
f 2923/3884/3594 2921/3880/3591 2922/3882/3592
f 2933/3863/3576 2926/3893/3606 2911/3864/3574
f 2911/3864/3574 2926/3893/3606 2910/3896/3607
f 2931/3899/3610 2930/3897/3608 2916/3869/3581
f 2916/3869/3581 2930/3897/3608 2915/3870/3580
f 2932/3866/3577 2931/3899/3610 2917/3872/3582
f 2917/3872/3582 2931/3899/3610 2916/3869/3581
f 2927/3894/3604 2926/3893/3606 2919/3876/3586
f 2919/3876/3586 2926/3893/3606 2918/3874/3584
f 2926/3893/3606 2933/3863/3576 2918/3874/3584
f 2933/3863/3576 2932/3866/3577 2918/3874/3584
f 2918/3874/3584 2932/3866/3577 2917/3872/3582
f 2927/3894/3604 2919/3876/3586 2924/3886/3597
f 2924/3886/3597 2919/3876/3586 2923/3884/3594
f 2919/3876/3586 2920/3878/3589 2923/3884/3594
f 2929/3891/3601 2928/3890/3600 2925/3888/3599
f 2928/3890/3600 2927/3894/3604 2925/3888/3599
f 2925/3888/3599 2927/3894/3604 2924/3886/3597
f 2896/3901/3578 2934/3902/3612 2897/3904/3579
f 2897/3904/3579 2934/3902/3612 2935/3903/3613
f 2897/3904/3579 2935/3903/3613 2898/3906/3583
f 2898/3906/3583 2935/3903/3613 2936/3905/3614
f 2899/3907/3585 2937/3908/3615 2900/3910/3587
f 2900/3910/3587 2937/3908/3615 2938/3909/3616
f 2900/3910/3587 2938/3909/3616 2901/3912/3588
f 2901/3912/3588 2938/3909/3616 2939/3911/3617
f 2901/3912/3588 2939/3911/3617 2902/3914/3590
f 2902/3914/3590 2939/3911/3617 2940/3913/3618
f 2902/3914/3590 2940/3913/3618 2903/3916/3593
f 2903/3916/3593 2940/3913/3618 2941/3915/3619
f 2903/3916/3593 2941/3915/3619 2904/3918/3595
f 2904/3918/3595 2941/3915/3619 2942/3917/3620
f 2904/3918/3595 2942/3917/3620 2905/3920/3596
f 2905/3920/3596 2942/3917/3620 2943/3919/3621
f 2905/3920/3596 2943/3919/3621 2906/3922/3598
f 2906/3922/3598 2943/3919/3621 2944/3921/3622
f 2906/3922/3598 2944/3921/3622 2907/3924/3603
f 2907/3924/3603 2944/3921/3622 2945/3923/3623
f 2907/3924/3603 2945/3923/3623 2908/3926/3602
f 2908/3926/3602 2945/3923/3623 2946/3925/3624
f 2908/3926/3602 2946/3925/3624 2909/3928/3605
f 2909/3928/3605 2946/3925/3624 2947/3927/3625
f 2909/3928/3605 2947/3927/3625 2910/3930/3607
f 2910/3930/3607 2947/3927/3625 2948/3929/3626
f 2910/3930/3607 2948/3929/3626 2911/3932/3574
f 2911/3932/3574 2948/3929/3626 2949/3931/3627
f 2914/3933/3609 2950/3934/3628 2896/3901/3578
f 2896/3901/3578 2950/3934/3628 2934/3902/3612
s 62
f 2987/3936/3629 2967/3937/3630 2988/3935/3631
f 2988/3935/3631 2967/3937/3630 2966/3938/3632
f 2951/3939/3633 2970/3940/3634 2952/3942/3635
f 2952/3942/3635 2970/3940/3634 2971/3941/3636
f 2952/3942/3635 2971/3941/3636 2953/3943/3637
f 2953/3943/3637 2971/3941/3636 2972/3944/3638
f 2953/3943/3637 2972/3944/3638 2954/3945/3639
f 2954/3945/3639 2972/3944/3638 2973/3946/3640
f 2954/3945/3639 2973/3946/3640 2955/3947/3641
f 2955/3947/3641 2973/3946/3640 2974/3948/3642
f 2956/3949/3643 2955/3947/3641 2975/3950/3644
f 2975/3950/3644 2955/3947/3641 2974/3948/3642
f 2957/3951/3645 2956/3949/3643 2976/3952/3646
f 2976/3952/3646 2956/3949/3643 2975/3950/3644
f 2957/3951/3645 2976/3952/3646 2958/3953/3647
f 2958/3953/3647 2976/3952/3646 2977/3954/3648
f 2958/3953/3647 2977/3954/3648 2959/3955/3649
f 2959/3955/3649 2977/3954/3648 2978/3956/3650
f 2960/3957/3651 2959/3955/3649 2979/3958/3652
f 2979/3958/3652 2959/3955/3649 2978/3956/3650
f 2961/3959/3653 2960/3957/3651 2980/3960/3654
f 2980/3960/3654 2960/3957/3651 2979/3958/3652
f 2962/3962/3655 2984/3963/3656 2963/3961/3657
f 2963/3961/3657 2984/3963/3656 2983/3964/3658
f 2965/3966/3659 2964/3967/3660 2981/3965/3661
f 2981/3965/3661 2964/3967/3660 2982/3968/3662
f 2963/3961/3657 2983/3964/3658 2964/3967/3660
f 2964/3967/3660 2983/3964/3658 2982/3968/3662
f 2951/3939/3633 2969/3969/3663 2970/3940/3634
f 2970/3940/3634 2969/3969/3663 2985/3970/3664
f 2962/3962/3655 2961/3959/3653 2984/3963/3656
f 2984/3963/3656 2961/3959/3653 2980/3960/3654
f 2969/3969/3663 2968/3971/3665 2985/3970/3664
f 2985/3970/3664 2968/3971/3665 2986/3972/3666
f 2968/3971/3665 2967/3937/3630 2986/3972/3666
f 2986/3972/3666 2967/3937/3630 2987/3936/3629
f 2975/3950/3644 2978/3956/3650 2976/3952/3646
f 2976/3952/3646 2978/3956/3650 2977/3954/3648
f 2965/3966/3659 2981/3965/3661 2966/3938/3632
f 2966/3938/3632 2981/3965/3661 2988/3935/3631
f 2986/3972/3666 2971/3941/3636 2985/3970/3664
f 2985/3970/3664 2971/3941/3636 2970/3940/3634
f 2987/3936/3629 2972/3944/3638 2986/3972/3666
f 2986/3972/3666 2972/3944/3638 2971/3941/3636
f 2982/3968/3662 2974/3948/3642 2981/3965/3661
f 2981/3965/3661 2974/3948/3642 2973/3946/3640
f 2981/3965/3661 2973/3946/3640 2988/3935/3631
f 2988/3935/3631 2973/3946/3640 2987/3936/3629
f 2987/3936/3629 2973/3946/3640 2972/3944/3638
f 2982/3968/3662 2979/3958/3652 2974/3948/3642
f 2974/3948/3642 2979/3958/3652 2978/3956/3650
f 2974/3948/3642 2978/3956/3650 2975/3950/3644
f 2984/3963/3656 2980/3960/3654 2983/3964/3658
f 2983/3964/3658 2980/3960/3654 2982/3968/3662
f 2982/3968/3662 2980/3960/3654 2979/3958/3652
f 2951/3973/3633 2952/3974/3635 2934/3976/3667
f 2934/3976/3667 2952/3974/3635 2935/3975/3668
f 2952/3974/3635 2953/3977/3637 2935/3975/3668
f 2935/3975/3668 2953/3977/3637 2936/3978/3669
f 2954/3979/3639 2955/3980/3641 2937/3982/3670
f 2937/3982/3670 2955/3980/3641 2938/3981/3671
f 2955/3980/3641 2956/3983/3643 2938/3981/3671
f 2938/3981/3671 2956/3983/3643 2939/3984/3672
f 2956/3983/3643 2957/3985/3645 2939/3984/3672
f 2939/3984/3672 2957/3985/3645 2940/3986/3673
f 2957/3985/3645 2958/3987/3647 2940/3986/3673
f 2940/3986/3673 2958/3987/3647 2941/3988/3674
f 2958/3987/3647 2959/3989/3649 2941/3988/3674
f 2941/3988/3674 2959/3989/3649 2942/3990/3675
f 2959/3989/3649 2960/3991/3651 2942/3990/3675
f 2942/3990/3675 2960/3991/3651 2943/3992/3676
f 2960/3991/3651 2961/3993/3653 2943/3992/3676
f 2943/3992/3676 2961/3993/3653 2944/3994/3677
f 2961/3993/3653 2962/3995/3655 2944/3994/3677
f 2944/3994/3677 2962/3995/3655 2945/3996/3678
f 2962/3995/3655 2963/3997/3657 2945/3996/3678
f 2945/3996/3678 2963/3997/3657 2946/3998/3679
f 2963/3997/3657 2964/3999/3660 2946/3998/3679
f 2946/3998/3679 2964/3999/3660 2947/4000/3680
f 2964/3999/3660 2965/4001/3659 2947/4000/3680
f 2947/4000/3680 2965/4001/3659 2948/4002/3681
f 2965/4001/3659 2966/4003/3632 2948/4002/3681
f 2948/4002/3681 2966/4003/3632 2949/4004/3682
f 2969/4005/3663 2951/3973/3633 2950/4006/3683
f 2950/4006/3683 2951/3973/3633 2934/3976/3667
s 70
f 2998/4007/3684 2990/4008/3685 3002/4010/3686
f 3002/4010/3686 2990/4008/3685 3001/4009/3687
f 2996/4012/3688 2991/4013/3689 3000/4011/3690
f 3000/4011/3690 2991/4013/3689 2999/4014/3691
f 3001/4009/3687 2990/4008/3685 3000/4011/3690
f 3000/4011/3690 2990/4008/3685 2996/4012/3688
f 2998/4007/3684 3002/4010/3686 2989/4015/3692
f 2989/4015/3692 3002/4010/3686 3003/4016/3693
f 2995/4017/3694 3000/4011/3690 2992/4018/3695
f 2992/4018/3695 3000/4011/3690 2999/4014/3691
f 2993/4019/3696 3001/4009/3687 2995/4017/3694
f 2995/4017/3694 3001/4009/3687 3000/4011/3690
f 3001/4009/3687 3013/4020/3697 3002/4010/3686
f 3002/4010/3686 3013/4020/3697 2997/4021/3698
f 3002/4010/3686 2997/4021/3698 3003/4016/3693
f 3003/4016/3693 2997/4021/3698 2994/4022/3699
f 3006/4023/3700 3009/4024/3701 3007/4026/3702
f 3007/4026/3702 3009/4024/3701 3008/4025/3703
f 3007/4026/3702 3008/4025/3703 3010/4028/3704
f 3010/4028/3704 3008/4025/3703 3011/4027/3705
f 2997/4029/3698 3004/4030/3706 2994/4032/3699
f 2994/4032/3699 3004/4030/3706 3005/4031/3707
f 2992/4018/3695 3006/4033/3700 2995/4017/3694
f 2995/4017/3694 3006/4033/3700 3007/4034/3702
f 2995/4017/3694 3012/4035/3708 2993/4019/3696
f 2995/4017/3694 3007/4034/3702 3012/4035/3708
f 3012/4035/3708 3007/4034/3702 3010/4036/3704
f 3001/4009/3687 2993/4019/3696 3013/4020/3697
f 2993/4019/3696 3012/4035/3708 3014/4037/3709
f 2993/4019/3696 3014/4037/3709 3013/4020/3697
f 3010/4028/3704 3011/4027/3705 3012/4039/3708
f 3012/4039/3708 3011/4027/3705 3015/4038/3710
f 3013/4040/3697 3016/4041/3711 2997/4029/3698
f 2997/4029/3698 3016/4041/3711 3004/4030/3706
f 3014/4042/3709 3017/4043/3712 3013/4040/3697
f 3013/4040/3697 3017/4043/3712 3016/4041/3711
f 3012/4039/3708 3015/4038/3710 3014/4042/3709
f 3014/4042/3709 3015/4038/3710 3017/4043/3712
s 74
f 3027/4044/3713 3031/4045/3714 3019/4047/3715
f 3019/4047/3715 3031/4045/3714 3030/4046/3716
f 3028/4049/3717 3020/4050/3718 3029/4048/3719
f 3029/4048/3719 3020/4050/3718 3025/4051/3720
f 3030/4046/3716 3029/4048/3719 3019/4047/3715
f 3019/4047/3715 3029/4048/3719 3025/4051/3720
f 3032/4053/3721 3031/4045/3714 3018/4052/3722
f 3018/4052/3722 3031/4045/3714 3027/4044/3713
f 3024/4054/3723 3021/4055/3724 3029/4048/3719
f 3029/4048/3719 3021/4055/3724 3028/4049/3717
f 3022/4056/3725 3024/4054/3723 3030/4046/3716
f 3030/4046/3716 3024/4054/3723 3029/4048/3719
f 3026/4057/3726 3037/4058/3727 3031/4045/3714
f 3031/4045/3714 3037/4058/3727 3030/4046/3716
f 3023/4059/3728 3026/4057/3726 3032/4053/3721
f 3032/4053/3721 3026/4057/3726 3031/4045/3714
f 3033/4060/3729 3034/4061/3730 3009/4063/3731
f 3009/4063/3731 3034/4061/3730 3008/4062/3732
f 3034/4061/3730 3035/4064/3733 3008/4062/3732
f 3008/4062/3732 3035/4064/3733 3011/4065/3734
f 3026/4066/3726 3023/4067/3728 3004/4069/3735
f 3004/4069/3735 3023/4067/3728 3005/4068/3736
f 3021/4055/3724 3024/4054/3723 3033/4071/3729
f 3033/4071/3729 3024/4054/3723 3034/4070/3730
f 3024/4054/3723 3022/4056/3725 3036/4072/3737
f 3024/4054/3723 3036/4072/3737 3034/4070/3730
f 3034/4070/3730 3036/4072/3737 3035/4073/3733
f 3030/4046/3716 3037/4058/3727 3022/4056/3725
f 3022/4056/3725 3038/4074/3738 3036/4072/3737
f 3022/4056/3725 3037/4058/3727 3038/4074/3738
f 3035/4064/3733 3036/4075/3737 3011/4065/3734
f 3011/4065/3734 3036/4075/3737 3015/4076/3739
f 3037/4077/3727 3026/4066/3726 3016/4078/3740
f 3016/4078/3740 3026/4066/3726 3004/4069/3735
f 3038/4079/3738 3037/4077/3727 3017/4080/3741
f 3017/4080/3741 3037/4077/3727 3016/4078/3740
f 3036/4075/3737 3038/4079/3738 3015/4076/3739
f 3015/4076/3739 3038/4079/3738 3017/4080/3741
s 82
f 3063/4082/3742 3042/4083/3743 3064/4081/3744
f 3064/4081/3744 3042/4083/3743 3070/4084/3745
f 3086/4085/3746 3085/4086/3747 3069/4088/3748
f 3069/4088/3748 3085/4086/3747 3040/4087/3749
f 3062/4089/3750 3043/4090/3751 3063/4082/3742
f 3063/4082/3742 3043/4090/3751 3042/4083/3743
f 3062/4089/3750 3084/4091/3752 3043/4090/3751
f 3043/4090/3751 3084/4091/3752 3044/4092/3753
f 3075/4093/3754 3095/4094/3755 3076/4095/3756
f 3105/4096/3757 3106/4097/3758 3071/4099/3759
f 3071/4099/3759 3106/4097/3758 3050/4098/3760
f 3050/4098/3760 3074/4100/3761 3071/4099/3759
f 3071/4099/3759 3074/4100/3761 3073/4101/3762
f 3103/4102/3763 3104/4103/3764 3071/4099/3759
f 3071/4099/3759 3104/4103/3764 3105/4096/3757
f 3103/4102/3763 3073/4101/3762 3102/4104/3765
f 3102/4104/3765 3073/4101/3762 3072/4105/3766
f 3074/4100/3761 3049/4106/3767 3073/4101/3762
f 3073/4101/3762 3049/4106/3767 3072/4105/3766
f 3079/4107/3768 3089/4108/3769 3080/4110/3770
f 3080/4110/3770 3089/4108/3769 3047/4109/3771
f 3045/4113/3772 3044/4092/3753 3082/4112/3773
f 3082/4112/3773 3044/4092/3753 3083/4111/3774
f 3083/4111/3774 3044/4092/3753 3084/4091/3752
f 3099/4114/3775 3101/4115/3776 3076/4095/3756
f 3076/4095/3756 3101/4115/3776 3075/4093/3754
f 3061/4116/3777 3060/4117/3778 3084/4091/3752
f 3084/4091/3752 3060/4117/3778 3083/4111/3774
f 3062/4089/3750 3061/4116/3777 3084/4091/3752
f 3068/4118/3779 3067/4119/3780 3086/4085/3746
f 3086/4085/3746 3067/4119/3780 3085/4086/3747
f 3070/4084/3745 3041/4122/3781 3064/4081/3744
f 3041/4122/3781 3087/4120/3782 3064/4081/3744
f 3087/4120/3782 3065/4121/3783 3064/4081/3744
f 3088/4123/3784 3066/4124/3785 3087/4120/3782
f 3087/4120/3782 3066/4124/3785 3065/4121/3783
f 3085/4086/3747 3087/4120/3782 3040/4087/3749
f 3040/4087/3749 3087/4120/3782 3041/4122/3781
f 3067/4119/3780 3088/4123/3784 3085/4086/3747
f 3085/4086/3747 3088/4123/3784 3087/4120/3782
f 3039/4125/3786 3068/4118/3779 3086/4085/3746
f 3039/4125/3786 3086/4085/3746 3069/4088/3748
f 3081/4126/3787 3046/4127/3788 3094/4129/3789
f 3094/4129/3789 3046/4127/3788 3093/4128/3790
f 3080/4110/3770 3047/4109/3771 3092/4131/3791
f 3092/4131/3791 3047/4109/3771 3091/4130/3792
f 3077/4132/3793 3090/4133/3794 3079/4107/3768
f 3079/4107/3768 3090/4133/3794 3089/4108/3769
f 3077/4132/3793 3078/4134/3795 3090/4133/3794
f 3090/4133/3794 3078/4134/3795 3048/4135/3796
f 3092/4131/3791 3091/4130/3792 3081/4126/3787
f 3081/4126/3787 3091/4130/3792 3046/4127/3788
f 3094/4129/3789 3093/4128/3790 3082/4112/3773
f 3082/4112/3773 3093/4128/3790 3045/4113/3772
f 3072/4105/3766 3049/4106/3767 3075/4093/3754
f 3075/4093/3754 3049/4106/3767 3095/4094/3755
f 3096/4136/3797 3078/4134/3795 3077/4132/3793
f 3092/4131/3791 3107/4137/3798 3080/4110/3770
f 3101/4115/3776 3102/4104/3765 3075/4093/3754
f 3075/4093/3754 3102/4104/3765 3072/4105/3766
f 3097/4138/3799 3048/4135/3796 3096/4136/3797
f 3096/4136/3797 3048/4135/3796 3078/4134/3795
f 3095/4094/3755 3097/4138/3799 3076/4095/3756
f 3076/4095/3756 3097/4138/3799 3096/4136/3797
f 3060/4117/3778 3059/4139/3800 3083/4111/3774
f 3083/4111/3774 3059/4139/3800 3098/4140/3801
f 3099/4114/3775 3100/4141/3802 3057/4143/3803
f 3057/4143/3803 3100/4141/3802 3058/4142/3804
f 3058/4142/3804 3100/4141/3802 3110/4145/3805
f 3110/4145/3805 3100/4141/3802 3109/4144/3806
f 3100/4141/3802 3099/4114/3775 3096/4136/3797
f 3096/4136/3797 3099/4114/3775 3076/4095/3756
f 3101/4115/3776 3099/4114/3775 3056/4146/3807
f 3056/4146/3807 3099/4114/3775 3057/4143/3803
f 3102/4104/3765 3101/4115/3776 3055/4147/3808
f 3055/4147/3808 3101/4115/3776 3056/4146/3807
f 3054/4148/3809 3103/4102/3763 3055/4147/3808
f 3055/4147/3808 3103/4102/3763 3102/4104/3765
f 3053/4149/3810 3104/4103/3764 3054/4148/3809
f 3054/4148/3809 3104/4103/3764 3103/4102/3763
f 3105/4096/3757 3104/4103/3764 3052/4150/3811
f 3052/4150/3811 3104/4103/3764 3053/4149/3810
f 3051/4151/3812 3106/4097/3758 3052/4150/3811
f 3052/4150/3811 3106/4097/3758 3105/4096/3757
f 3103/4102/3763 3071/4099/3759 3073/4101/3762
f 3098/4140/3801 3094/4129/3789 3083/4111/3774
f 3083/4111/3774 3094/4129/3789 3082/4112/3773
f 3109/4144/3806 3100/4141/3802 3077/4132/3793
f 3077/4132/3793 3100/4141/3802 3096/4136/3797
f 3092/4131/3791 3081/4126/3787 3107/4137/3798
f 3107/4137/3798 3081/4126/3787 3098/4140/3801
f 3107/4137/3798 3098/4140/3801 3108/4152/3813
f 3108/4152/3813 3098/4140/3801 3059/4139/3800
f 3107/4137/3798 3109/4144/3806 3080/4110/3770
f 3080/4110/3770 3109/4144/3806 3079/4107/3768
f 3109/4144/3806 3107/4137/3798 3110/4145/3805
f 3110/4145/3805 3107/4137/3798 3108/4152/3813
f 3079/4107/3768 3109/4144/3806 3077/4132/3793
f 3094/4129/3789 3098/4140/3801 3081/4126/3787
f 3051/4151/3812 3052/4150/3811 3111/4153/3814
f 3052/4150/3811 3053/4149/3810 3111/4153/3814
f 3111/4153/3814 3053/4149/3810 3112/4154/3815
f 3053/4149/3810 3054/4148/3809 3112/4156/3815
f 3112/4156/3815 3054/4148/3809 3113/4155/3816
f 3054/4148/3809 3055/4147/3808 3113/4155/3816
f 3113/4155/3816 3055/4147/3808 3114/4157/3817
f 3055/4147/3808 3056/4146/3807 3114/4157/3817
f 3114/4157/3817 3056/4146/3807 3115/4158/3818
f 3056/4146/3807 3057/4143/3803 3115/4158/3818
f 3115/4158/3818 3057/4143/3803 3116/4159/3819
f 3057/4143/3803 3058/4142/3804 3116/4159/3819
f 3116/4159/3819 3058/4142/3804 3117/4160/3820
f 3058/4142/3804 3110/4145/3805 3117/4162/3820
f 3117/4162/3820 3110/4145/3805 3118/4161/3821
f 3059/4139/3800 3060/4117/3778 3119/4164/3822
f 3119/4164/3822 3060/4117/3778 3120/4163/3823
f 3060/4117/3778 3061/4116/3777 3120/4163/3823
f 3120/4163/3823 3061/4116/3777 3121/4165/3824
f 3062/4089/3750 3122/4166/3825 3061/4116/3777
f 3061/4116/3777 3122/4166/3825 3121/4165/3824
f 3062/4089/3750 3063/4082/3742 3122/4166/3825
f 3122/4166/3825 3063/4082/3742 3123/4167/3826
f 3063/4082/3742 3064/4081/3744 3123/4167/3826
f 3123/4167/3826 3064/4081/3744 3124/4168/3827
f 3065/4121/3783 3125/4169/3828 3064/4081/3744
f 3064/4081/3744 3125/4169/3828 3124/4168/3827
f 3065/4121/3783 3066/4124/3785 3125/4169/3828
f 3108/4152/3813 3059/4139/3800 3126/4171/3829
f 3126/4171/3829 3059/4139/3800 3119/4170/3822
f 3110/4145/3805 3108/4152/3813 3118/4161/3821
f 3118/4161/3821 3108/4152/3813 3126/4171/3829
s 96
f 3070/4173/3830 3042/4174/3831 3139/4172/3832
f 3139/4172/3832 3042/4174/3831 3138/4175/3833
f 3155/4176/3834 3069/4177/3835 3154/4179/3836
f 3154/4179/3836 3069/4177/3835 3040/4178/3837
f 3042/4174/3831 3043/4180/3838 3138/4175/3833
f 3138/4175/3833 3043/4180/3838 3137/4181/3839
f 3137/4181/3839 3043/4180/3838 3153/4183/3840
f 3153/4183/3840 3043/4180/3838 3044/4182/3841
f 3144/4184/3842 3145/4185/3843 3095/4186/3844
f 3167/4187/3845 3141/4188/3846 3106/4190/3847
f 3106/4190/3847 3141/4188/3846 3050/4189/3848
f 3143/4191/3849 3074/4192/3850 3141/4188/3846
f 3141/4188/3846 3074/4192/3850 3050/4189/3848
f 3165/4193/3851 3141/4188/3846 3166/4194/3852
f 3166/4194/3852 3141/4188/3846 3167/4187/3845
f 3142/4196/3853 3143/4191/3849 3164/4195/3854
f 3164/4195/3854 3143/4191/3849 3165/4193/3851
f 3074/4192/3850 3143/4191/3849 3049/4197/3855
f 3049/4197/3855 3143/4191/3849 3142/4196/3853
f 3148/4198/3856 3149/4199/3857 3089/4201/3858
f 3089/4201/3858 3149/4199/3857 3047/4200/3859
f 3045/4203/3860 3151/4204/3861 3044/4182/3841
f 3151/4204/3861 3152/4202/3862 3044/4182/3841
f 3152/4202/3862 3153/4183/3840 3044/4182/3841
f 3144/4184/3842 3163/4205/3863 3145/4185/3843
f 3145/4185/3843 3163/4205/3863 3161/4206/3864
f 3136/4207/3865 3153/4183/3840 3135/4208/3866
f 3135/4208/3866 3153/4183/3840 3152/4202/3862
f 3137/4181/3839 3153/4183/3840 3136/4207/3865
f 3068/4209/3867 3155/4176/3834 3067/4210/3868
f 3067/4210/3868 3155/4176/3834 3154/4179/3836
f 3070/4173/3830 3139/4172/3832 3041/4212/3869
f 3041/4212/3869 3139/4172/3832 3156/4211/3870
f 3156/4211/3870 3139/4172/3832 3140/4213/3871
f 3088/4214/3872 3156/4211/3870 3066/4215/3873
f 3066/4215/3873 3156/4211/3870 3140/4213/3871
f 3154/4179/3836 3040/4178/3837 3156/4211/3870
f 3156/4211/3870 3040/4178/3837 3041/4212/3869
f 3067/4210/3868 3154/4179/3836 3088/4214/3872
f 3088/4214/3872 3154/4179/3836 3156/4211/3870
f 3039/4216/3874 3155/4176/3834 3068/4209/3867
f 3039/4216/3874 3069/4177/3835 3155/4176/3834
f 3150/4217/3875 3158/4218/3876 3046/4220/3877
f 3046/4220/3877 3158/4218/3876 3093/4219/3878
f 3149/4199/3857 3157/4221/3879 3047/4200/3859
f 3047/4200/3859 3157/4221/3879 3091/4222/3880
f 3146/4223/3881 3148/4198/3856 3090/4224/3882
f 3090/4224/3882 3148/4198/3856 3089/4201/3858
f 3146/4223/3881 3090/4224/3882 3147/4226/3883
f 3147/4226/3883 3090/4224/3882 3048/4225/3884
f 3157/4221/3879 3150/4217/3875 3091/4222/3880
f 3091/4222/3880 3150/4217/3875 3046/4220/3877
f 3158/4218/3876 3151/4204/3861 3093/4219/3878
f 3093/4219/3878 3151/4204/3861 3045/4203/3860
f 3142/4196/3853 3144/4184/3842 3049/4197/3855
f 3049/4197/3855 3144/4184/3842 3095/4186/3844
f 3159/4227/3885 3146/4223/3881 3147/4226/3883
f 3157/4221/3879 3149/4199/3857 3168/4228/3886
f 3142/4196/3853 3164/4195/3854 3144/4184/3842
f 3144/4184/3842 3164/4195/3854 3163/4205/3863
f 3147/4226/3883 3048/4225/3884 3159/4227/3885
f 3159/4227/3885 3048/4225/3884 3097/4229/3887
f 3159/4227/3885 3097/4229/3887 3145/4185/3843
f 3145/4185/3843 3097/4229/3887 3095/4186/3844
f 3135/4208/3866 3152/4202/3862 3134/4231/3888
f 3134/4231/3888 3152/4202/3862 3160/4230/3889
f 3161/4206/3864 3132/4232/3890 3162/4234/3891
f 3162/4234/3891 3132/4232/3890 3133/4233/3892
f 3133/4233/3892 3171/4235/3893 3162/4234/3891
f 3162/4234/3891 3171/4235/3893 3170/4236/3894
f 3145/4185/3843 3161/4206/3864 3159/4227/3885
f 3159/4227/3885 3161/4206/3864 3162/4234/3891
f 3163/4205/3863 3131/4237/3895 3161/4206/3864
f 3161/4206/3864 3131/4237/3895 3132/4232/3890
f 3164/4195/3854 3130/4238/3896 3163/4205/3863
f 3163/4205/3863 3130/4238/3896 3131/4237/3895
f 3164/4195/3854 3165/4193/3851 3130/4238/3896
f 3130/4238/3896 3165/4193/3851 3129/4239/3897
f 3165/4193/3851 3166/4194/3852 3129/4239/3897
f 3129/4239/3897 3166/4194/3852 3128/4240/3898
f 3167/4187/3845 3127/4241/3899 3166/4194/3852
f 3166/4194/3852 3127/4241/3899 3128/4240/3898
f 3167/4187/3845 3106/4190/3847 3127/4241/3899
f 3127/4241/3899 3106/4190/3847 3051/4242/3900
f 3165/4193/3851 3143/4191/3849 3141/4188/3846
f 3151/4204/3861 3158/4218/3876 3152/4202/3862
f 3152/4202/3862 3158/4218/3876 3160/4230/3889
f 3159/4227/3885 3162/4234/3891 3146/4223/3881
f 3146/4223/3881 3162/4234/3891 3170/4236/3894
f 3160/4230/3889 3150/4217/3875 3168/4228/3886
f 3168/4228/3886 3150/4217/3875 3157/4221/3879
f 3134/4231/3888 3160/4230/3889 3169/4243/3901
f 3169/4243/3901 3160/4230/3889 3168/4228/3886
f 3148/4198/3856 3170/4236/3894 3149/4199/3857
f 3149/4199/3857 3170/4236/3894 3168/4228/3886
f 3169/4243/3901 3168/4228/3886 3171/4235/3893
f 3171/4235/3893 3168/4228/3886 3170/4236/3894
f 3148/4198/3856 3146/4223/3881 3170/4236/3894
f 3158/4218/3876 3150/4217/3875 3160/4230/3889
f 3051/4242/3900 3111/4244/3902 3127/4241/3899
f 3127/4241/3899 3111/4244/3902 3128/4240/3898
f 3128/4240/3898 3111/4244/3902 3112/4245/3903
f 3128/4240/3898 3112/4246/3903 3129/4239/3897
f 3129/4239/3897 3112/4246/3903 3113/4247/3904
f 3129/4239/3897 3113/4247/3904 3130/4238/3896
f 3130/4238/3896 3113/4247/3904 3114/4248/3905
f 3130/4238/3896 3114/4248/3905 3131/4237/3895
f 3131/4237/3895 3114/4248/3905 3115/4249/3906
f 3131/4237/3895 3115/4249/3906 3132/4232/3890
f 3132/4232/3890 3115/4249/3906 3116/4250/3907
f 3132/4232/3890 3116/4250/3907 3133/4233/3892
f 3133/4233/3892 3116/4250/3907 3117/4251/3908
f 3133/4233/3892 3117/4252/3908 3171/4235/3893
f 3171/4235/3893 3117/4252/3908 3118/4253/3909
f 3134/4231/3888 3119/4254/3910 3135/4208/3866
f 3135/4208/3866 3119/4254/3910 3120/4255/3911
f 3135/4208/3866 3120/4255/3911 3136/4207/3865
f 3136/4207/3865 3120/4255/3911 3121/4256/3912
f 3121/4256/3912 3122/4257/3913 3136/4207/3865
f 3136/4207/3865 3122/4257/3913 3137/4181/3839
f 3137/4181/3839 3122/4257/3913 3138/4175/3833
f 3138/4175/3833 3122/4257/3913 3123/4258/3914
f 3138/4175/3833 3123/4258/3914 3139/4172/3832
f 3139/4172/3832 3123/4258/3914 3124/4259/3915
f 3124/4259/3915 3125/4260/3916 3139/4172/3832
f 3139/4172/3832 3125/4260/3916 3140/4213/3871
f 3140/4213/3871 3125/4260/3916 3066/4215/3873
f 3169/4243/3901 3126/4261/3917 3134/4231/3888
f 3134/4231/3888 3126/4261/3917 3119/4262/3910
f 3171/4235/3893 3118/4253/3909 3169/4243/3901
f 3169/4243/3901 3118/4253/3909 3126/4261/3917
s 109
f 3172/4263/3918 3184/4264/3919 3173/4265/3920
f 3173/4265/3920 3184/4264/3919 3174/4266/3921
f 3174/4266/3921 3184/4264/3919 3175/4267/3922
f 3175/4267/3922 3184/4264/3919 3176/4268/3923
f 3176/4268/3923 3184/4264/3919 3177/4269/3924
f 3177/4269/3924 3184/4264/3919 3178/4270/3925
f 3178/4270/3925 3184/4264/3919 3179/4271/3926
f 3179/4271/3926 3184/4264/3919 3180/4272/3927
f 3180/4272/3927 3184/4264/3919 3181/4273/3928
f 3181/4273/3928 3184/4264/3919 3182/4274/3929
f 3182/4274/3929 3184/4264/3919 3183/4275/3930
f 3183/4275/3930 3184/4264/3919 3172/4263/3918
f 3186/4276/3931 3196/4277/3932 3185/4279/3933
f 3185/4279/3933 3196/4277/3932 3195/4278/3934
f 3188/4280/3935 3200/4281/3936 3187/4283/3937
f 3187/4283/3937 3200/4281/3936 3199/4282/3938
f 3189/4284/3939 3201/4285/3940 3188/4280/3935
f 3188/4280/3935 3201/4285/3940 3200/4281/3936
f 3190/4286/3941 3202/4287/3942 3189/4284/3939
f 3189/4284/3939 3202/4287/3942 3201/4285/3940
f 3191/4288/3943 3203/4289/3944 3190/4286/3941
f 3190/4286/3941 3203/4289/3944 3202/4287/3942
f 3192/4290/3945 3204/4291/3946 3191/4288/3943
f 3191/4288/3943 3204/4291/3946 3203/4289/3944
f 3193/4292/3947 3205/4293/3948 3192/4290/3945
f 3192/4290/3945 3205/4293/3948 3204/4291/3946
f 3194/4294/3949 3206/4295/3950 3193/4292/3947
f 3193/4292/3947 3206/4295/3950 3205/4293/3948
f 3185/4279/3933 3195/4278/3934 3194/4294/3949
f 3194/4294/3949 3195/4278/3934 3206/4295/3950
f 3196/4296/3932 3174/4266/3921 3195/4297/3934
f 3195/4297/3934 3174/4266/3921 3175/4267/3922
f 3197/4298/3951 3173/4265/3920 3196/4296/3932
f 3196/4296/3932 3173/4265/3920 3174/4266/3921
f 3198/4299/3952 3172/4263/3918 3197/4298/3951
f 3197/4298/3951 3172/4263/3918 3173/4265/3920
f 3199/4300/3938 3183/4275/3930 3198/4299/3952
f 3198/4299/3952 3183/4275/3930 3172/4263/3918
f 3200/4301/3936 3182/4274/3929 3199/4300/3938
f 3199/4300/3938 3182/4274/3929 3183/4275/3930
f 3201/4302/3940 3181/4273/3928 3200/4301/3936
f 3200/4301/3936 3181/4273/3928 3182/4274/3929
f 3202/4303/3942 3180/4272/3927 3201/4302/3940
f 3201/4302/3940 3180/4272/3927 3181/4273/3928
f 3203/4304/3944 3179/4271/3926 3202/4303/3942
f 3202/4303/3942 3179/4271/3926 3180/4272/3927
f 3204/4305/3946 3178/4270/3925 3203/4304/3944
f 3203/4304/3944 3178/4270/3925 3179/4271/3926
f 3205/4306/3948 3177/4269/3924 3204/4305/3946
f 3204/4305/3946 3177/4269/3924 3178/4270/3925
f 3206/4307/3950 3176/4268/3923 3205/4306/3948
f 3205/4306/3948 3176/4268/3923 3177/4269/3924
f 3195/4297/3934 3175/4267/3922 3206/4307/3950
f 3206/4307/3950 3175/4267/3922 3176/4268/3923
s 118
f 3207/4308/3953 3208/4309/3954 3219/4310/3955
f 3208/4309/3954 3209/4311/3956 3219/4310/3955
f 3209/4311/3956 3210/4312/3957 3219/4310/3955
f 3210/4312/3957 3211/4313/3958 3219/4310/3955
f 3211/4313/3958 3212/4314/3959 3219/4310/3955
f 3212/4314/3959 3213/4315/3960 3219/4310/3955
f 3213/4315/3960 3214/4316/3961 3219/4310/3955
f 3214/4316/3961 3215/4317/3962 3219/4310/3955
f 3215/4317/3962 3216/4318/3963 3219/4310/3955
f 3216/4318/3963 3217/4319/3964 3219/4310/3955
f 3217/4319/3964 3218/4320/3965 3219/4310/3955
f 3218/4320/3965 3207/4308/3953 3219/4310/3955
f 3186/4321/3966 3185/4322/3967 3221/4324/3968
f 3221/4324/3968 3185/4322/3967 3220/4323/3969
f 3188/4325/3970 3187/4326/3971 3225/4328/3972
f 3225/4328/3972 3187/4326/3971 3224/4327/3973
f 3189/4329/3974 3188/4325/3970 3226/4330/3975
f 3226/4330/3975 3188/4325/3970 3225/4328/3972
f 3190/4331/3976 3189/4329/3974 3227/4332/3977
f 3227/4332/3977 3189/4329/3974 3226/4330/3975
f 3191/4333/3978 3190/4331/3976 3228/4334/3979
f 3228/4334/3979 3190/4331/3976 3227/4332/3977
f 3192/4335/3980 3191/4333/3978 3229/4336/3981
f 3229/4336/3981 3191/4333/3978 3228/4334/3979
f 3193/4337/3982 3192/4335/3980 3230/4338/3983
f 3230/4338/3983 3192/4335/3980 3229/4336/3981
f 3194/4339/3984 3193/4337/3982 3231/4340/3985
f 3231/4340/3985 3193/4337/3982 3230/4338/3983
f 3185/4322/3967 3194/4339/3984 3220/4323/3969
f 3220/4323/3969 3194/4339/3984 3231/4340/3985
f 3221/4341/3968 3220/4342/3969 3209/4311/3956
f 3209/4311/3956 3220/4342/3969 3210/4312/3957
f 3222/4343/3986 3221/4341/3968 3208/4309/3954
f 3208/4309/3954 3221/4341/3968 3209/4311/3956
f 3223/4344/3987 3222/4343/3986 3207/4308/3953
f 3207/4308/3953 3222/4343/3986 3208/4309/3954
f 3224/4345/3973 3223/4344/3987 3218/4320/3965
f 3218/4320/3965 3223/4344/3987 3207/4308/3953
f 3225/4346/3972 3224/4345/3973 3217/4319/3964
f 3217/4319/3964 3224/4345/3973 3218/4320/3965
f 3226/4347/3975 3225/4346/3972 3216/4318/3963
f 3216/4318/3963 3225/4346/3972 3217/4319/3964
f 3227/4348/3977 3226/4347/3975 3215/4317/3962
f 3215/4317/3962 3226/4347/3975 3216/4318/3963
f 3228/4349/3979 3227/4348/3977 3214/4316/3961
f 3214/4316/3961 3227/4348/3977 3215/4317/3962
f 3229/4350/3981 3228/4349/3979 3213/4315/3960
f 3213/4315/3960 3228/4349/3979 3214/4316/3961
f 3230/4351/3983 3229/4350/3981 3212/4314/3959
f 3212/4314/3959 3229/4350/3981 3213/4315/3960
f 3231/4352/3985 3230/4351/3983 3211/4313/3958
f 3211/4313/3958 3230/4351/3983 3212/4314/3959
f 3220/4342/3969 3231/4352/3985 3210/4312/3957
f 3210/4312/3957 3231/4352/3985 3211/4313/3958
s 121
f 3272/4353/3988 3251/4354/3989 3271/4356/3990
f 3271/4356/3990 3251/4354/3989 3252/4355/3991
f 3254/4358/3992 3270/4359/3993 3253/4357/3994
f 3253/4357/3994 3270/4359/3993 3252/4355/3991
f 3271/4356/3990 3270/4359/3993 3255/4360/3995
f 3255/4360/3995 3270/4359/3993 3254/4358/3992
f 3257/4361/3996 3273/4362/3997 3256/4363/3998
f 3256/4363/3998 3273/4362/3997 3272/4353/3988
f 3256/4363/3998 3272/4353/3988 3255/4360/3995
f 3255/4360/3995 3272/4353/3988 3271/4356/3990
f 3273/4362/3997 3250/4364/3999 3272/4353/3988
f 3272/4353/3988 3250/4364/3999 3251/4354/3989
f 3258/4365/4000 3274/4366/4001 3257/4361/3996
f 3257/4361/3996 3274/4366/4001 3273/4362/3997
f 3260/4367/4002 3275/4368/4003 3259/4369/4004
f 3259/4369/4004 3275/4368/4003 3258/4365/4000
f 3258/4365/4000 3275/4368/4003 3274/4366/4001
f 3277/4371/4005 3276/4372/4006 3262/4370/4007
f 3262/4370/4007 3276/4372/4006 3261/4373/4008
f 3261/4373/4008 3276/4372/4006 3260/4367/4002
f 3260/4367/4002 3276/4372/4006 3275/4368/4003
f 3275/4368/4003 3249/4374/4009 3274/4366/4001
f 3263/4375/4010 3278/4376/4011 3262/4370/4007
f 3262/4370/4007 3278/4376/4011 3277/4371/4005
f 3264/4377/4012 3279/4378/4013 3263/4375/4010
f 3263/4375/4010 3279/4378/4013 3278/4376/4011
f 3281/4380/4014 3280/4381/4015 3266/4379/4016
f 3266/4379/4016 3280/4381/4015 3265/4382/4017
f 3282/4384/4018 3281/4380/4014 3267/4383/4019
f 3267/4383/4019 3281/4380/4014 3266/4379/4016
f 3268/4385/4020 3283/4386/4021 3267/4383/4019
f 3267/4383/4019 3283/4386/4021 3282/4384/4018
f 3284/4388/4022 3283/4386/4021 3269/4387/4023
f 3269/4387/4023 3283/4386/4021 3268/4385/4020
f 3285/4390/4024 3284/4388/4022 3232/4389/4025
f 3232/4389/4025 3284/4388/4022 3269/4387/4023
f 3249/4374/4009 3250/4364/3999 3274/4366/4001
f 3274/4366/4001 3250/4364/3999 3273/4362/3997
f 3245/4391/4026 3246/4392/4027 3281/4380/4014
f 3281/4380/4014 3246/4392/4027 3280/4381/4015
f 3276/4372/4006 3248/4393/4028 3275/4368/4003
f 3275/4368/4003 3248/4393/4028 3249/4374/4009
f 3247/4394/4029 3248/4393/4028 3277/4371/4005
f 3277/4371/4005 3248/4393/4028 3276/4372/4006
f 3278/4376/4011 3247/4394/4029 3277/4371/4005
f 3280/4381/4015 3279/4378/4013 3265/4382/4017
f 3265/4382/4017 3279/4378/4013 3264/4377/4012
f 3280/4381/4015 3246/4392/4027 3279/4378/4013
f 3279/4378/4013 3246/4392/4027 3278/4376/4011
f 3278/4376/4011 3246/4392/4027 3247/4394/4029
f 3244/4395/4030 3245/4391/4026 3282/4384/4018
f 3282/4384/4018 3245/4391/4026 3281/4380/4014
f 3238/4397/4031 3239/4398/4032 3241/4396/4033
f 3241/4396/4033 3239/4398/4032 3240/4399/4034
f 3244/4395/4030 3282/4384/4018 3284/4388/4022
f 3284/4388/4022 3282/4384/4018 3283/4386/4021
f 3235/4400/4035 3233/4401/4036 3234/4402/4037
f 3284/4388/4022 3285/4390/4024 3286/4403/4038
f 3243/4404/4039 3236/4405/4040 3237/4406/4041
f 3243/4404/4039 3237/4406/4041 3242/4407/4042
f 3242/4407/4042 3237/4406/4041 3238/4397/4031
f 3242/4407/4042 3238/4397/4031 3241/4396/4033
f 3235/4400/4035 3286/4403/4038 3233/4401/4036
f 3233/4401/4036 3286/4403/4038 3285/4390/4024
f 3243/4404/4039 3286/4403/4038 3236/4405/4040
f 3236/4405/4040 3286/4403/4038 3235/4400/4035
f 3284/4388/4022 3286/4403/4038 3244/4395/4030
f 3244/4395/4030 3286/4403/4038 3243/4404/4039
f 3240/4399/4034 3239/4398/4032 3288/4409/4043
f 3288/4409/4043 3239/4398/4032 3287/4408/4044
f 3287/4408/4044 3289/4410/4045 3288/4409/4043
f 3288/4409/4043 3289/4410/4045 3290/4411/4046
f 3271/4356/3990 3252/4355/3991 3270/4359/3993
s 136
f 3313/4412/4047 3312/4413/4048 3309/4415/4049
f 3309/4415/4049 3312/4413/4048 3310/4414/4050
f 3310/4414/4050 3311/4417/4051 3253/4416/4052
f 3253/4416/4052 3311/4417/4051 3254/4418/4053
f 3254/4418/4053 3311/4417/4051 3255/4419/4054
f 3255/4419/4054 3311/4417/4051 3312/4413/4048
f 3257/4420/4055 3256/4421/4056 3314/4422/4057
f 3314/4422/4057 3256/4421/4056 3313/4412/4047
f 3256/4421/4056 3255/4419/4054 3313/4412/4047
f 3313/4412/4047 3255/4419/4054 3312/4413/4048
f 3314/4422/4057 3313/4412/4047 3308/4423/4058
f 3308/4423/4058 3313/4412/4047 3309/4415/4049
f 3258/4424/4059 3257/4420/4055 3315/4425/4060
f 3315/4425/4060 3257/4420/4055 3314/4422/4057
f 3260/4426/4061 3259/4427/4062 3316/4428/4063
f 3259/4427/4062 3258/4424/4059 3316/4428/4063
f 3316/4428/4063 3258/4424/4059 3315/4425/4060
f 3261/4430/4064 3317/4431/4065 3262/4429/4066
f 3262/4429/4066 3317/4431/4065 3318/4432/4067
f 3261/4430/4064 3260/4426/4061 3317/4431/4065
f 3317/4431/4065 3260/4426/4061 3316/4428/4063
f 3316/4428/4063 3315/4425/4060 3307/4433/4068
f 3263/4434/4069 3262/4429/4066 3319/4435/4070
f 3319/4435/4070 3262/4429/4066 3318/4432/4067
f 3264/4436/4071 3263/4434/4069 3320/4437/4072
f 3320/4437/4072 3263/4434/4069 3319/4435/4070
f 3265/4439/4073 3321/4440/4074 3266/4438/4075
f 3266/4438/4075 3321/4440/4074 3322/4441/4076
f 3266/4438/4075 3322/4441/4076 3267/4442/4077
f 3267/4442/4077 3322/4441/4076 3323/4443/4078
f 3268/4444/4079 3267/4442/4077 3324/4445/4080
f 3324/4445/4080 3267/4442/4077 3323/4443/4078
f 3268/4444/4079 3324/4445/4080 3269/4446/4081
f 3269/4446/4081 3324/4445/4080 3325/4447/4082
f 3269/4446/4081 3325/4447/4082 3232/4448/4083
f 3232/4448/4083 3325/4447/4082 3326/4449/4084
f 3314/4422/4057 3308/4423/4058 3315/4425/4060
f 3315/4425/4060 3308/4423/4058 3307/4433/4068
f 3321/4440/4074 3304/4450/4085 3322/4441/4076
f 3322/4441/4076 3304/4450/4085 3303/4451/4086
f 3317/4431/4065 3316/4428/4063 3306/4452/4087
f 3306/4452/4087 3316/4428/4063 3307/4433/4068
f 3317/4431/4065 3306/4452/4087 3318/4432/4067
f 3318/4432/4067 3306/4452/4087 3305/4453/4088
f 3319/4435/4070 3318/4432/4067 3305/4453/4088
f 3264/4436/4071 3320/4437/4072 3265/4439/4073
f 3265/4439/4073 3320/4437/4072 3321/4440/4074
f 3321/4440/4074 3320/4437/4072 3304/4450/4085
f 3320/4437/4072 3319/4435/4070 3304/4450/4085
f 3304/4450/4085 3319/4435/4070 3305/4453/4088
f 3322/4441/4076 3303/4451/4086 3323/4443/4078
f 3323/4443/4078 3303/4451/4086 3302/4454/4089
f 3298/4456/4090 3297/4457/4091 3299/4455/4092
f 3299/4455/4092 3297/4457/4091 3296/4458/4093
f 3324/4445/4080 3323/4443/4078 3325/4447/4082
f 3325/4447/4082 3323/4443/4078 3302/4454/4089
f 3293/4459/4094 3292/4460/4095 3291/4461/4096
f 3325/4447/4082 3327/4462/4097 3326/4449/4084
f 3301/4463/4098 3295/4464/4099 3294/4465/4100
f 3301/4463/4098 3300/4466/4101 3295/4464/4099
f 3295/4464/4099 3300/4466/4101 3296/4458/4093
f 3300/4466/4101 3299/4455/4092 3296/4458/4093
f 3293/4459/4094 3291/4461/4096 3327/4462/4097
f 3327/4462/4097 3291/4461/4096 3326/4449/4084
f 3301/4463/4098 3294/4465/4100 3327/4462/4097
f 3327/4462/4097 3294/4465/4100 3293/4459/4094
f 3325/4447/4082 3302/4454/4089 3327/4462/4097
f 3327/4462/4097 3302/4454/4089 3301/4463/4098
f 3298/4456/4090 3329/4467/4102 3297/4457/4091
f 3297/4457/4091 3329/4467/4102 3328/4468/4103
f 3331/4469/4104 3330/4470/4105 3329/4467/4102
f 3329/4467/4102 3330/4470/4105 3328/4468/4103
f 3312/4413/4048 3311/4417/4051 3310/4414/4050
s 144
f 3344/4472/4106 3337/4473/4107 3339/4471/4108
f 3339/4471/4108 3337/4473/4107 3338/4474/4109
f 3348/4475/4110 3334/4476/4111 3345/4477/4112
f 3337/4473/4107 3344/4472/4106 3336/4478/4113
f 3336/4478/4113 3344/4472/4106 3345/4477/4112
f 3345/4477/4112 3334/4476/4111 3336/4478/4113
f 3336/4478/4113 3334/4476/4111 3335/4479/4114
f 3349/4480/4115 3333/4481/4116 3348/4475/4110
f 3348/4475/4110 3333/4481/4116 3334/4476/4111
f 3340/4482/4117 3344/4472/4106 3339/4471/4108
f 3340/4482/4117 3345/4477/4112 3344/4472/4106
f 3348/4475/4110 3347/4484/4118 3343/4483/4119
f 3343/4483/4119 3347/4484/4118 3342/4485/4120
f 3332/4486/4121 3349/4480/4115 3343/4483/4119
f 3343/4483/4119 3349/4480/4115 3348/4475/4110
f 3345/4477/4112 3340/4482/4117 3348/4475/4110
f 3340/4482/4117 3346/4487/4122 3348/4475/4110
f 3348/4475/4110 3346/4487/4122 3347/4484/4118
f 3346/4487/4122 3341/4488/4123 3347/4484/4118
f 3347/4484/4118 3341/4488/4123 3342/4485/4120
s 147
f 3338/4490/4124 3337/4491/4125 3352/4489/4126
f 3352/4489/4126 3337/4491/4125 3354/4492/4127
f 3358/4493/4128 3355/4494/4129 3351/4495/4130
f 3337/4491/4125 3336/4496/4131 3354/4492/4127
f 3354/4492/4127 3336/4496/4131 3355/4494/4129
f 3335/4497/4132 3351/4495/4130 3336/4496/4131
f 3336/4496/4131 3351/4495/4130 3355/4494/4129
f 3351/4495/4130 3350/4498/4133 3358/4493/4128
f 3358/4493/4128 3350/4498/4133 3359/4499/4134
f 3353/4500/4135 3352/4489/4126 3354/4492/4127
f 3353/4500/4135 3354/4492/4127 3355/4494/4129
f 3342/4502/4136 3357/4503/4137 3343/4501/4138
f 3343/4501/4138 3357/4503/4137 3358/4493/4128
f 3332/4504/4139 3343/4501/4138 3359/4499/4134
f 3359/4499/4134 3343/4501/4138 3358/4493/4128
f 3355/4494/4129 3358/4493/4128 3353/4500/4135
f 3353/4500/4135 3358/4493/4128 3356/4505/4140
f 3358/4493/4128 3357/4503/4137 3356/4505/4140
f 3342/4502/4136 3341/4506/4141 3357/4503/4137
f 3357/4503/4137 3341/4506/4141 3356/4505/4140
s 150
f 3360/4507/4142 3384/4508/4143 3361/4510/4144
f 3361/4510/4144 3384/4508/4143 3385/4509/4145
f 3367/4511/4146 3390/4512/4147 3397/4513/4148
f 3386/4515/4149 3387/4516/4150 3363/4514/4151
f 3363/4514/4151 3387/4516/4150 3364/4517/4152
f 3385/4509/4145 3386/4515/4149 3362/4518/4153
f 3362/4518/4153 3386/4515/4149 3363/4514/4151
f 3361/4510/4144 3385/4509/4145 3396/4519/4154
f 3373/4520/4155 3395/4521/4156 3374/4522/4157
f 3365/4523/4158 3388/4524/4159 3366/4526/4160
f 3366/4526/4160 3388/4524/4159 3389/4525/4161
f 3389/4525/4161 3390/4512/4147 3366/4526/4160
f 3366/4526/4160 3390/4512/4147 3367/4511/4146
f 3388/4524/4159 3365/4523/4158 3387/4516/4150
f 3387/4516/4150 3365/4523/4158 3364/4517/4152
f 3395/4521/4156 3375/4527/4162 3374/4522/4157
f 3372/4528/4163 3394/4529/4164 3373/4520/4155
f 3373/4520/4155 3394/4529/4164 3395/4521/4156
f 3394/4529/4164 3376/4530/4165 3395/4521/4156
f 3395/4521/4156 3376/4530/4165 3375/4527/4162
f 3371/4531/4166 3393/4532/4167 3372/4528/4163
f 3372/4528/4163 3393/4532/4167 3394/4529/4164
f 3360/4507/4142 3383/4533/4168 3384/4508/4143
f 3392/4535/4169 3393/4532/4167 3370/4534/4170
f 3370/4534/4170 3393/4532/4167 3371/4531/4166
f 3368/4536/4171 3370/4534/4170 3369/4537/4172
f 3392/4535/4169 3377/4538/4173 3393/4532/4167
f 3393/4532/4167 3377/4538/4173 3394/4529/4164
f 3394/4529/4164 3377/4538/4173 3376/4530/4165
f 3391/4539/4174 3378/4540/4175 3392/4535/4169
f 3392/4535/4169 3378/4540/4175 3377/4538/4173
f 3390/4512/4147 3380/4541/4176 3397/4513/4148
f 3397/4513/4148 3380/4541/4176 3379/4542/4177
f 3381/4543/4178 3380/4541/4176 3389/4525/4161
f 3389/4525/4161 3380/4541/4176 3390/4512/4147
f 3388/4524/4159 3381/4543/4178 3389/4525/4161
f 3387/4516/4150 3382/4544/4179 3388/4524/4159
f 3388/4524/4159 3382/4544/4179 3381/4543/4178
f 3383/4533/4168 3382/4544/4179 3386/4515/4149
f 3386/4515/4149 3382/4544/4179 3387/4516/4150
f 3384/4508/4143 3383/4533/4168 3385/4509/4145
f 3385/4509/4145 3383/4533/4168 3386/4515/4149
f 3391/4539/4174 3392/4535/4169 3368/4536/4171
f 3368/4536/4171 3392/4535/4169 3370/4534/4170
f 3396/4519/4154 3385/4509/4145 3362/4518/4153
f 3379/4542/4177 3378/4540/4175 3397/4513/4148
f 3397/4513/4148 3378/4540/4175 3391/4539/4174
f 3367/4511/4146 3397/4513/4148 3368/4536/4171
f 3368/4536/4171 3397/4513/4148 3391/4539/4174
f 3369/4537/4172 3370/4534/4170 3398/4546/4180
f 3398/4546/4180 3370/4534/4170 3399/4545/4181
f 3370/4534/4170 3371/4531/4166 3399/4545/4181
f 3399/4545/4181 3371/4531/4166 3400/4547/4182
f 3371/4531/4166 3372/4528/4163 3400/4547/4182
f 3400/4547/4182 3372/4528/4163 3401/4548/4183
f 3372/4528/4163 3373/4520/4155 3401/4548/4183
f 3401/4548/4183 3373/4520/4155 3402/4549/4184
f 3373/4520/4155 3374/4522/4157 3402/4549/4184
f 3374/4522/4157 3375/4527/4162 3403/4550/4185
f 3376/4530/4165 3404/4551/4186 3375/4527/4162
f 3375/4527/4162 3404/4551/4186 3403/4550/4185
f 3377/4538/4173 3405/4552/4187 3376/4530/4165
f 3376/4530/4165 3405/4552/4187 3404/4551/4186
f 3378/4540/4175 3406/4553/4188 3377/4538/4173
f 3377/4538/4173 3406/4553/4188 3405/4552/4187
f 3379/4542/4177 3407/4554/4189 3378/4540/4175
f 3378/4540/4175 3407/4554/4189 3406/4553/4188
f 3379/4542/4177 3380/4541/4176 3407/4556/4189
f 3407/4556/4189 3380/4541/4176 3408/4555/4190
s 160
f 3360/4557/4191 3361/4558/4192 3429/4560/4193
f 3429/4560/4193 3361/4558/4192 3430/4559/4194
f 3414/4561/4195 3442/4562/4196 3435/4563/4197
f 3411/4565/4198 3432/4566/4199 3410/4564/4200
f 3410/4564/4200 3432/4566/4199 3431/4567/4201
f 3410/4564/4200 3431/4567/4201 3409/4568/4202
f 3409/4568/4202 3431/4567/4201 3430/4559/4194
f 3361/4558/4192 3441/4569/4203 3430/4559/4194
f 3420/4570/4204 3374/4571/4205 3440/4572/4206
f 3412/4573/4207 3413/4574/4208 3433/4576/4209
f 3433/4576/4209 3413/4574/4208 3434/4575/4210
f 3414/4561/4195 3435/4563/4197 3413/4574/4208
f 3413/4574/4208 3435/4563/4197 3434/4575/4210
f 3411/4565/4198 3412/4573/4207 3432/4566/4199
f 3432/4566/4199 3412/4573/4207 3433/4576/4209
f 3440/4572/4206 3374/4571/4205 3421/4577/4211
f 3419/4578/4212 3420/4570/4204 3439/4579/4213
f 3439/4579/4213 3420/4570/4204 3440/4572/4206
f 3439/4579/4213 3440/4572/4206 3422/4580/4214
f 3422/4580/4214 3440/4572/4206 3421/4577/4211
f 3418/4581/4215 3419/4578/4212 3438/4582/4216
f 3438/4582/4216 3419/4578/4212 3439/4579/4213
f 3360/4557/4191 3429/4560/4193 3383/4583/4217
f 3418/4581/4215 3438/4582/4216 3417/4584/4218
f 3417/4584/4218 3438/4582/4216 3437/4585/4219
f 3415/4586/4220 3416/4587/4221 3417/4584/4218
f 3437/4585/4219 3438/4582/4216 3423/4588/4222
f 3438/4582/4216 3439/4579/4213 3423/4588/4222
f 3423/4588/4222 3439/4579/4213 3422/4580/4214
f 3436/4589/4223 3437/4585/4219 3424/4590/4224
f 3424/4590/4224 3437/4585/4219 3423/4588/4222
f 3435/4563/4197 3442/4562/4196 3426/4592/4225
f 3426/4592/4225 3442/4562/4196 3425/4591/4226
f 3435/4563/4197 3426/4592/4225 3434/4575/4210
f 3434/4575/4210 3426/4592/4225 3427/4593/4227
f 3433/4576/4209 3434/4575/4210 3427/4593/4227
f 3432/4566/4199 3433/4576/4209 3428/4594/4228
f 3428/4594/4228 3433/4576/4209 3427/4593/4227
f 3432/4566/4199 3428/4594/4228 3431/4567/4201
f 3431/4567/4201 3428/4594/4228 3383/4583/4217
f 3429/4560/4193 3430/4559/4194 3383/4583/4217
f 3430/4559/4194 3431/4567/4201 3383/4583/4217
f 3436/4589/4223 3415/4586/4220 3437/4585/4219
f 3437/4585/4219 3415/4586/4220 3417/4584/4218
f 3441/4569/4203 3409/4568/4202 3430/4559/4194
f 3436/4589/4223 3424/4590/4224 3442/4562/4196
f 3442/4562/4196 3424/4590/4224 3425/4591/4226
f 3414/4561/4195 3415/4586/4220 3442/4562/4196
f 3442/4562/4196 3415/4586/4220 3436/4589/4223
f 3416/4587/4221 3398/4595/4229 3417/4584/4218
f 3417/4584/4218 3398/4595/4229 3399/4596/4230
f 3417/4584/4218 3399/4596/4230 3418/4581/4215
f 3418/4581/4215 3399/4596/4230 3400/4597/4231
f 3418/4581/4215 3400/4597/4231 3419/4578/4212
f 3419/4578/4212 3400/4597/4231 3401/4598/4232
f 3419/4578/4212 3401/4598/4232 3420/4570/4204
f 3420/4570/4204 3401/4598/4232 3402/4599/4233
f 3420/4570/4204 3402/4599/4233 3374/4571/4205
f 3374/4571/4205 3403/4600/4234 3421/4577/4211
f 3403/4600/4234 3404/4601/4235 3421/4577/4211
f 3421/4577/4211 3404/4601/4235 3422/4580/4214
f 3404/4601/4235 3405/4602/4236 3422/4580/4214
f 3422/4580/4214 3405/4602/4236 3423/4588/4222
f 3405/4602/4236 3406/4603/4237 3423/4588/4222
f 3423/4588/4222 3406/4603/4237 3424/4590/4224
f 3406/4603/4237 3407/4604/4238 3424/4590/4224
f 3424/4590/4224 3407/4604/4238 3425/4591/4226
f 3425/4591/4226 3407/4605/4238 3426/4592/4225
f 3426/4592/4225 3407/4605/4238 3408/4606/4239
s 169
f 2893/4607/4240 3480/4608/4241 2830/4610/4242
f 2830/4610/4242 3480/4608/4241 3462/4609/4243
f 3476/4612/4244 3469/4613/4245 3475/4611/4246
f 3475/4611/4246 3469/4613/4245 3465/4614/4247
f 3450/4615/4248 3447/4616/4249 3449/4618/4250
f 3449/4618/4250 3447/4616/4249 3448/4617/4251
f 3451/4619/4252 3446/4620/4253 3450/4615/4248
f 3450/4615/4248 3446/4620/4253 3447/4616/4249
f 3480/4608/4241 3481/4621/4254 3462/4609/4243
f 3462/4609/4243 3481/4621/4254 3461/4622/4255
f 3460/4623/4256 3481/4621/4254 3479/4624/4257
f 3460/4623/4256 3479/4624/4257 3459/4625/4258
f 3470/4626/4259 3464/4627/4260 3469/4613/4245
f 3469/4613/4245 3464/4627/4260 3465/4614/4247
f 3471/4628/4261 3463/4629/4262 3470/4626/4259
f 3470/4626/4259 3463/4629/4262 3464/4627/4260
f 3444/4630/4263 3467/4631/4264 3445/4633/4265
f 3445/4633/4265 3467/4631/4264 3466/4632/4266
f 3445/4633/4265 3466/4632/4266 3446/4620/4253
f 2886/4634/4267 2831/4635/4268 3471/4628/4261
f 3471/4628/4261 2831/4635/4268 3463/4629/4262
f 3443/4636/4269 3468/4637/4270 3444/4630/4263
f 3444/4630/4263 3468/4637/4270 3467/4631/4264
f 2860/4638/4271 2882/4639/4272 3443/4636/4269
f 3443/4636/4269 2882/4639/4272 3468/4637/4270
f 3466/4632/4266 3469/4613/4245 3446/4620/4253
f 3446/4620/4253 3469/4613/4245 3476/4612/4244
f 3467/4631/4264 3470/4626/4259 3466/4632/4266
f 3466/4632/4266 3470/4626/4259 3469/4613/4245
f 3468/4637/4270 3471/4628/4261 3467/4631/4264
f 3467/4631/4264 3471/4628/4261 3470/4626/4259
f 2882/4639/4272 2886/4634/4267 3468/4637/4270
f 3468/4637/4270 2886/4634/4267 3471/4628/4261
f 3448/4617/4251 3472/4640/4273 3449/4618/4250
f 3449/4618/4250 3472/4640/4273 3473/4641/4274
f 3474/4642/4275 3475/4611/4246 3465/4614/4247
f 3475/4611/4246 3474/4642/4275 3448/4617/4251
f 3448/4617/4251 3474/4642/4275 3472/4640/4273
f 3476/4612/4244 3475/4611/4246 3447/4616/4249
f 3447/4616/4249 3475/4611/4246 3448/4617/4251
f 3446/4620/4253 3476/4612/4244 3447/4616/4249
f 3458/4643/4276 3455/4644/4277 3457/4646/4278
f 3457/4646/4278 3455/4644/4277 3456/4645/4279
f 3443/4636/4269 3477/4647/4280 2860/4638/4271
f 2860/4638/4271 3477/4647/4280 2889/4648/4281
f 3478/4649/4282 3477/4647/4280 3444/4630/4263
f 3444/4630/4263 3477/4647/4280 3443/4636/4269
f 3479/4624/4257 3478/4649/4282 3445/4633/4265
f 3445/4633/4265 3478/4649/4282 3444/4630/4263
f 3458/4643/4276 3451/4619/4252 3452/4650/4283
f 2889/4648/4281 3477/4647/4280 2893/4607/4240
f 2893/4607/4240 3477/4647/4280 3480/4608/4241
f 3481/4621/4254 3480/4608/4241 3478/4649/4282
f 3478/4649/4282 3480/4608/4241 3477/4647/4280
f 3479/4624/4257 3481/4621/4254 3478/4649/4282
f 3461/4622/4255 3481/4621/4254 3460/4623/4256
f 3459/4625/4258 3479/4624/4257 3458/4643/4276
f 3451/4619/4252 3445/4633/4265 3446/4620/4253
f 3479/4624/4257 3445/4633/4265 3458/4643/4276
f 3458/4643/4276 3445/4633/4265 3451/4619/4252
f 3458/4643/4276 3454/4651/4284 3455/4644/4277
f 3458/4643/4276 3452/4650/4283 3453/4652/4285
f 3458/4643/4276 3453/4652/4285 3454/4651/4284
f 3457/4653/4278 3456/4654/4279 3483/4656/4286
f 3483/4656/4286 3456/4654/4279 3482/4655/4287
f 3458/4657/4276 3457/4653/4278 3484/4658/4288
f 3484/4658/4288 3457/4653/4278 3483/4656/4286
f 3459/4659/4258 3458/4657/4276 3485/4660/4289
f 3485/4660/4289 3458/4657/4276 3484/4658/4288
f 3461/4661/4255 3460/4662/4256 3486/4663/4290
f 3460/4662/4256 3459/4659/4258 3486/4663/4290
f 3486/4663/4290 3459/4659/4258 3485/4660/4289
s 180
f 2852/4664/4291 2830/4665/4292 3516/4667/4293
f 3516/4667/4293 2830/4665/4292 3462/4666/4294
f 3465/4669/4295 3508/4670/4296 3511/4668/4297
f 3511/4668/4297 3508/4670/4296 3512/4671/4298
f 3494/4672/4299 3493/4673/4300 3491/4675/4301
f 3491/4675/4301 3493/4673/4300 3492/4674/4302
f 3495/4676/4303 3494/4672/4299 3490/4677/4304
f 3490/4677/4304 3494/4672/4299 3491/4675/4301
f 3461/4678/4305 3517/4679/4306 3462/4666/4294
f 3462/4666/4294 3517/4679/4306 3516/4667/4293
f 3504/4680/4307 3515/4681/4308 3517/4679/4306
f 3504/4680/4307 3503/4682/4309 3515/4681/4308
f 3465/4669/4295 3464/4683/4310 3508/4670/4296
f 3508/4670/4296 3464/4683/4310 3509/4684/4311
f 3464/4683/4310 3463/4685/4312 3509/4684/4311
f 3509/4684/4311 3463/4685/4312 3510/4686/4313
f 3488/4687/4314 3489/4688/4315 3506/4690/4316
f 3506/4690/4316 3489/4688/4315 3505/4689/4317
f 3489/4688/4315 3490/4677/4304 3505/4689/4317
f 3463/4685/4312 2831/4691/4318 3510/4686/4313
f 3510/4686/4313 2831/4691/4318 2842/4692/4319
f 3487/4693/4320 3488/4687/4314 3507/4694/4321
f 3507/4694/4321 3488/4687/4314 3506/4690/4316
f 3507/4694/4321 2838/4695/4322 3487/4693/4320
f 3487/4693/4320 2838/4695/4322 2809/4696/4323
f 3512/4671/4298 3508/4670/4296 3490/4677/4304
f 3490/4677/4304 3508/4670/4296 3505/4689/4317
f 3508/4670/4296 3509/4684/4311 3505/4689/4317
f 3505/4689/4317 3509/4684/4311 3506/4690/4316
f 3509/4684/4311 3510/4686/4313 3506/4690/4316
f 3506/4690/4316 3510/4686/4313 3507/4694/4321
f 3510/4686/4313 2842/4692/4319 3507/4694/4321
f 3507/4694/4321 2842/4692/4319 2838/4695/4322
f 3473/4697/4324 3472/4698/4325 3493/4673/4300
f 3493/4673/4300 3472/4698/4325 3492/4674/4302
f 3474/4699/4326 3465/4669/4295 3511/4668/4297
f 3472/4698/4325 3474/4699/4326 3492/4674/4302
f 3492/4674/4302 3474/4699/4326 3511/4668/4297
f 3492/4674/4302 3511/4668/4297 3491/4675/4301
f 3491/4675/4301 3511/4668/4297 3512/4671/4298
f 3490/4677/4304 3491/4675/4301 3512/4671/4298
f 3502/4700/4327 3501/4701/4328 3499/4703/4329
f 3499/4703/4329 3501/4701/4328 3500/4702/4330
f 2848/4704/4331 3513/4705/4332 2809/4696/4323
f 2809/4696/4323 3513/4705/4332 3487/4693/4320
f 3514/4706/4333 3488/4687/4314 3513/4705/4332
f 3513/4705/4332 3488/4687/4314 3487/4693/4320
f 3515/4681/4308 3489/4688/4315 3514/4706/4333
f 3514/4706/4333 3489/4688/4315 3488/4687/4314
f 3502/4700/4327 3496/4707/4334 3495/4676/4303
f 2848/4704/4331 2852/4664/4291 3513/4705/4332
f 3513/4705/4332 2852/4664/4291 3516/4667/4293
f 3517/4679/4306 3514/4706/4333 3516/4667/4293
f 3516/4667/4293 3514/4706/4333 3513/4705/4332
f 3515/4681/4308 3514/4706/4333 3517/4679/4306
f 3461/4678/4305 3504/4680/4307 3517/4679/4306
f 3503/4682/4309 3502/4700/4327 3515/4681/4308
f 3495/4676/4303 3490/4677/4304 3489/4688/4315
f 3495/4676/4303 3489/4688/4315 3502/4700/4327
f 3502/4700/4327 3489/4688/4315 3515/4681/4308
f 3502/4700/4327 3499/4703/4329 3498/4708/4335
f 3502/4700/4327 3497/4709/4336 3496/4707/4334
f 3502/4700/4327 3498/4708/4335 3497/4709/4336
f 3501/4710/4328 3483/4711/4337 3500/4713/4330
f 3500/4713/4330 3483/4711/4337 3482/4712/4338
f 3502/4714/4327 3484/4715/4339 3501/4710/4328
f 3501/4710/4328 3484/4715/4339 3483/4711/4337
f 3503/4716/4309 3485/4717/4340 3502/4714/4327
f 3502/4714/4327 3485/4717/4340 3484/4715/4339
f 3461/4718/4305 3486/4719/4341 3504/4720/4307
f 3504/4720/4307 3486/4719/4341 3503/4716/4309
f 3503/4716/4309 3486/4719/4341 3485/4717/4340
s 191
f 3533/4722/4342 3534/4723/4343 3555/4721/4344
f 3555/4721/4344 3534/4723/4343 3554/4724/4345
f 3518/4725/4346 3519/4726/4347 3537/4728/4348
f 3537/4728/4348 3519/4726/4347 3538/4727/4349
f 3539/4730/4350 3538/4727/4349 3520/4729/4351
f 3520/4729/4351 3538/4727/4349 3519/4726/4347
f 3540/4732/4352 3539/4730/4350 3521/4731/4353
f 3521/4731/4353 3539/4730/4350 3520/4729/4351
f 3541/4734/4354 3540/4732/4352 3522/4733/4355
f 3522/4733/4355 3540/4732/4352 3521/4731/4353
f 3523/4735/4356 3542/4736/4357 3522/4733/4355
f 3522/4733/4355 3542/4736/4357 3541/4734/4354
f 3524/4737/4358 3543/4738/4359 3523/4735/4356
f 3523/4735/4356 3543/4738/4359 3542/4736/4357
f 3544/4740/4360 3543/4738/4359 3525/4739/4361
f 3525/4739/4361 3543/4738/4359 3524/4737/4358
f 3545/4742/4362 3544/4740/4360 3526/4741/4363
f 3526/4741/4363 3544/4740/4360 3525/4739/4361
f 3527/4743/4364 3546/4744/4365 3526/4741/4363
f 3526/4741/4363 3546/4744/4365 3545/4742/4362
f 3528/4745/4366 3547/4746/4367 3527/4743/4364
f 3527/4743/4364 3547/4746/4367 3546/4744/4365
f 3550/4748/4368 3551/4749/4369 3530/4747/4370
f 3530/4747/4370 3551/4749/4369 3529/4750/4371
f 3549/4752/4372 3531/4753/4373 3548/4751/4374
f 3548/4751/4374 3531/4753/4373 3532/4754/4375
f 3530/4747/4370 3531/4753/4373 3550/4748/4368
f 3550/4748/4368 3531/4753/4373 3549/4752/4372
f 3552/4755/4376 3536/4756/4377 3537/4728/4348
f 3537/4728/4348 3536/4756/4377 3518/4725/4346
f 3529/4750/4371 3551/4749/4369 3528/4745/4366
f 3528/4745/4366 3551/4749/4369 3547/4746/4367
f 3553/4757/4378 3535/4758/4379 3552/4755/4376
f 3552/4755/4376 3535/4758/4379 3536/4756/4377
f 3554/4724/4345 3534/4723/4343 3553/4757/4378
f 3553/4757/4378 3534/4723/4343 3535/4758/4379
f 3542/4736/4357 3543/4738/4359 3545/4742/4362
f 3545/4742/4362 3543/4738/4359 3544/4740/4360
f 3555/4721/4344 3548/4751/4374 3533/4722/4342
f 3533/4722/4342 3548/4751/4374 3532/4754/4375
f 3553/4757/4378 3552/4755/4376 3538/4727/4349
f 3538/4727/4349 3552/4755/4376 3537/4728/4348
f 3554/4724/4345 3553/4757/4378 3539/4730/4350
f 3539/4730/4350 3553/4757/4378 3538/4727/4349
f 3549/4752/4372 3548/4751/4374 3541/4734/4354
f 3541/4734/4354 3548/4751/4374 3540/4732/4352
f 3548/4751/4374 3555/4721/4344 3540/4732/4352
f 3555/4721/4344 3554/4724/4345 3540/4732/4352
f 3540/4732/4352 3554/4724/4345 3539/4730/4350
f 3549/4752/4372 3541/4734/4354 3546/4744/4365
f 3546/4744/4365 3541/4734/4354 3545/4742/4362
f 3541/4734/4354 3542/4736/4357 3545/4742/4362
f 3551/4749/4369 3550/4748/4368 3547/4746/4367
f 3550/4748/4368 3549/4752/4372 3547/4746/4367
f 3547/4746/4367 3549/4752/4372 3546/4744/4365
f 3518/4759/4346 3556/4760/4380 3519/4762/4347
f 3519/4762/4347 3556/4760/4380 3557/4761/4381
f 3519/4762/4347 3557/4761/4381 3520/4764/4351
f 3520/4764/4351 3557/4761/4381 3558/4763/4382
f 3521/4765/4353 3559/4766/4383 3522/4768/4355
f 3522/4768/4355 3559/4766/4383 3560/4767/4384
f 3522/4768/4355 3560/4767/4384 3523/4770/4356
f 3523/4770/4356 3560/4767/4384 3561/4769/4385
f 3523/4770/4356 3561/4769/4385 3524/4772/4358
f 3524/4772/4358 3561/4769/4385 3562/4771/4386
f 3524/4772/4358 3562/4771/4386 3525/4774/4361
f 3525/4774/4361 3562/4771/4386 3563/4773/4387
f 3525/4774/4361 3563/4773/4387 3526/4776/4363
f 3526/4776/4363 3563/4773/4387 3564/4775/4388
f 3526/4776/4363 3564/4775/4388 3527/4778/4364
f 3527/4778/4364 3564/4775/4388 3565/4777/4389
f 3527/4778/4364 3565/4777/4389 3528/4780/4366
f 3528/4780/4366 3565/4777/4389 3566/4779/4390
f 3528/4780/4366 3566/4779/4390 3529/4782/4371
f 3529/4782/4371 3566/4779/4390 3567/4781/4391
f 3529/4782/4371 3567/4781/4391 3530/4784/4370
f 3530/4784/4370 3567/4781/4391 3568/4783/4392
f 3530/4784/4370 3568/4783/4392 3531/4786/4373
f 3531/4786/4373 3568/4783/4392 3569/4785/4393
f 3531/4786/4373 3569/4785/4393 3532/4788/4375
f 3532/4788/4375 3569/4785/4393 3570/4787/4394
f 3532/4788/4375 3570/4787/4394 3533/4790/4342
f 3533/4790/4342 3570/4787/4394 3571/4789/4395
f 3536/4791/4377 3572/4792/4396 3518/4759/4346
f 3518/4759/4346 3572/4792/4396 3556/4760/4380
s 205
f 3609/4794/4397 3589/4795/4398 3610/4793/4399
f 3610/4793/4399 3589/4795/4398 3588/4796/4400
f 3573/4797/4401 3592/4798/4402 3574/4800/4403
f 3574/4800/4403 3592/4798/4402 3593/4799/4404
f 3574/4800/4403 3593/4799/4404 3575/4801/4405
f 3575/4801/4405 3593/4799/4404 3594/4802/4406
f 3575/4801/4405 3594/4802/4406 3576/4803/4407
f 3576/4803/4407 3594/4802/4406 3595/4804/4408
f 3576/4803/4407 3595/4804/4408 3577/4805/4409
f 3577/4805/4409 3595/4804/4408 3596/4806/4410
f 3578/4807/4411 3577/4805/4409 3597/4808/4412
f 3597/4808/4412 3577/4805/4409 3596/4806/4410
f 3579/4809/4413 3578/4807/4411 3598/4810/4414
f 3598/4810/4414 3578/4807/4411 3597/4808/4412
f 3579/4809/4413 3598/4810/4414 3580/4811/4415
f 3580/4811/4415 3598/4810/4414 3599/4812/4416
f 3580/4811/4415 3599/4812/4416 3581/4813/4417
f 3581/4813/4417 3599/4812/4416 3600/4814/4418
f 3582/4815/4419 3581/4813/4417 3601/4816/4420
f 3601/4816/4420 3581/4813/4417 3600/4814/4418
f 3583/4817/4421 3582/4815/4419 3602/4818/4422
f 3602/4818/4422 3582/4815/4419 3601/4816/4420
f 3584/4820/4423 3606/4821/4424 3585/4819/4425
f 3585/4819/4425 3606/4821/4424 3605/4822/4426
f 3587/4824/4427 3586/4825/4428 3603/4823/4429
f 3603/4823/4429 3586/4825/4428 3604/4826/4430
f 3585/4819/4425 3605/4822/4426 3586/4825/4428
f 3586/4825/4428 3605/4822/4426 3604/4826/4430
f 3573/4797/4401 3591/4827/4431 3592/4798/4402
f 3592/4798/4402 3591/4827/4431 3607/4828/4432
f 3584/4820/4423 3583/4817/4421 3606/4821/4424
f 3606/4821/4424 3583/4817/4421 3602/4818/4422
f 3591/4827/4431 3590/4829/4433 3607/4828/4432
f 3607/4828/4432 3590/4829/4433 3608/4830/4434
f 3590/4829/4433 3589/4795/4398 3608/4830/4434
f 3608/4830/4434 3589/4795/4398 3609/4794/4397
f 3597/4808/4412 3600/4814/4418 3598/4810/4414
f 3598/4810/4414 3600/4814/4418 3599/4812/4416
f 3587/4824/4427 3603/4823/4429 3588/4796/4400
f 3588/4796/4400 3603/4823/4429 3610/4793/4399
f 3608/4830/4434 3593/4799/4404 3607/4828/4432
f 3607/4828/4432 3593/4799/4404 3592/4798/4402
f 3609/4794/4397 3594/4802/4406 3608/4830/4434
f 3608/4830/4434 3594/4802/4406 3593/4799/4404
f 3604/4826/4430 3596/4806/4410 3603/4823/4429
f 3603/4823/4429 3596/4806/4410 3595/4804/4408
f 3603/4823/4429 3595/4804/4408 3610/4793/4399
f 3610/4793/4399 3595/4804/4408 3609/4794/4397
f 3609/4794/4397 3595/4804/4408 3594/4802/4406
f 3604/4826/4430 3601/4816/4420 3596/4806/4410
f 3596/4806/4410 3601/4816/4420 3600/4814/4418
f 3596/4806/4410 3600/4814/4418 3597/4808/4412
f 3606/4821/4424 3602/4818/4422 3605/4822/4426
f 3605/4822/4426 3602/4818/4422 3604/4826/4430
f 3604/4826/4430 3602/4818/4422 3601/4816/4420
f 3573/4831/4401 3574/4832/4403 3556/4834/4435
f 3556/4834/4435 3574/4832/4403 3557/4833/4436
f 3574/4832/4403 3575/4835/4405 3557/4833/4436
f 3557/4833/4436 3575/4835/4405 3558/4836/4437
f 3576/4837/4407 3577/4838/4409 3559/4840/4438
f 3559/4840/4438 3577/4838/4409 3560/4839/4439
f 3577/4838/4409 3578/4841/4411 3560/4839/4439
f 3560/4839/4439 3578/4841/4411 3561/4842/4440
f 3578/4841/4411 3579/4843/4413 3561/4842/4440
f 3561/4842/4440 3579/4843/4413 3562/4844/4441
f 3579/4843/4413 3580/4845/4415 3562/4844/4441
f 3562/4844/4441 3580/4845/4415 3563/4846/4442
f 3580/4845/4415 3581/4847/4417 3563/4846/4442
f 3563/4846/4442 3581/4847/4417 3564/4848/4443
f 3581/4847/4417 3582/4849/4419 3564/4848/4443
f 3564/4848/4443 3582/4849/4419 3565/4850/4444
f 3582/4849/4419 3583/4851/4421 3565/4850/4444
f 3565/4850/4444 3583/4851/4421 3566/4852/4445
f 3583/4851/4421 3584/4853/4423 3566/4852/4445
f 3566/4852/4445 3584/4853/4423 3567/4854/4446
f 3584/4853/4423 3585/4855/4425 3567/4854/4446
f 3567/4854/4446 3585/4855/4425 3568/4856/4447
f 3585/4855/4425 3586/4857/4428 3568/4856/4447
f 3568/4856/4447 3586/4857/4428 3569/4858/4448
f 3586/4857/4428 3587/4859/4427 3569/4858/4448
f 3569/4858/4448 3587/4859/4427 3570/4860/4449
f 3587/4859/4427 3588/4861/4400 3570/4860/4449
f 3570/4860/4449 3588/4861/4400 3571/4862/4450
f 3591/4863/4431 3573/4831/4401 3572/4864/4451
f 3572/4864/4451 3573/4831/4401 3556/4834/4435
s 213
f 3620/4865/4452 3612/4866/4453 3624/4868/4454
f 3624/4868/4454 3612/4866/4453 3623/4867/4455
f 3618/4870/4456 3613/4871/4457 3622/4869/4458
f 3622/4869/4458 3613/4871/4457 3621/4872/4459
f 3623/4867/4455 3612/4866/4453 3622/4869/4458
f 3622/4869/4458 3612/4866/4453 3618/4870/4456
f 3620/4865/4452 3624/4868/4454 3611/4873/4460
f 3611/4873/4460 3624/4868/4454 3625/4874/4461
f 3617/4875/4462 3622/4869/4458 3614/4876/4463
f 3614/4876/4463 3622/4869/4458 3621/4872/4459
f 3615/4877/4464 3623/4867/4455 3617/4875/4462
f 3617/4875/4462 3623/4867/4455 3622/4869/4458
f 3623/4867/4455 3635/4878/4465 3624/4868/4454
f 3624/4868/4454 3635/4878/4465 3619/4879/4466
f 3624/4868/4454 3619/4879/4466 3625/4874/4461
f 3625/4874/4461 3619/4879/4466 3616/4880/4467
f 3628/4881/4468 3631/4882/4469 3629/4884/4470
f 3629/4884/4470 3631/4882/4469 3630/4883/4471
f 3629/4884/4470 3630/4883/4471 3632/4886/4472
f 3632/4886/4472 3630/4883/4471 3633/4885/4473
f 3619/4887/4466 3626/4888/4474 3616/4890/4467
f 3616/4890/4467 3626/4888/4474 3627/4889/4475
f 3614/4876/4463 3628/4891/4468 3617/4875/4462
f 3617/4875/4462 3628/4891/4468 3629/4892/4470
f 3617/4875/4462 3634/4893/4476 3615/4877/4464
f 3617/4875/4462 3629/4892/4470 3634/4893/4476
f 3634/4893/4476 3629/4892/4470 3632/4894/4472
f 3623/4867/4455 3615/4877/4464 3635/4878/4465
f 3615/4877/4464 3634/4893/4476 3636/4895/4477
f 3615/4877/4464 3636/4895/4477 3635/4878/4465
f 3632/4886/4472 3633/4885/4473 3634/4897/4476
f 3634/4897/4476 3633/4885/4473 3637/4896/4478
f 3635/4898/4465 3638/4899/4479 3619/4887/4466
f 3619/4887/4466 3638/4899/4479 3626/4888/4474
f 3636/4900/4477 3639/4901/4480 3635/4898/4465
f 3635/4898/4465 3639/4901/4480 3638/4899/4479
f 3634/4897/4476 3637/4896/4478 3636/4900/4477
f 3636/4900/4477 3637/4896/4478 3639/4901/4480
s 217
f 3649/4902/4481 3653/4903/4482 3641/4905/4483
f 3641/4905/4483 3653/4903/4482 3652/4904/4484
f 3650/4907/4485 3642/4908/4486 3651/4906/4487
f 3651/4906/4487 3642/4908/4486 3647/4909/4488
f 3652/4904/4484 3651/4906/4487 3641/4905/4483
f 3641/4905/4483 3651/4906/4487 3647/4909/4488
f 3654/4911/4489 3653/4903/4482 3640/4910/4490
f 3640/4910/4490 3653/4903/4482 3649/4902/4481
f 3646/4912/4491 3643/4913/4492 3651/4906/4487
f 3651/4906/4487 3643/4913/4492 3650/4907/4485
f 3644/4914/4493 3646/4912/4491 3652/4904/4484
f 3652/4904/4484 3646/4912/4491 3651/4906/4487
f 3648/4915/4494 3659/4916/4495 3653/4903/4482
f 3653/4903/4482 3659/4916/4495 3652/4904/4484
f 3645/4917/4496 3648/4915/4494 3654/4911/4489
f 3654/4911/4489 3648/4915/4494 3653/4903/4482
f 3655/4918/4497 3656/4919/4498 3631/4921/4499
f 3631/4921/4499 3656/4919/4498 3630/4920/4500
f 3656/4919/4498 3657/4922/4501 3630/4920/4500
f 3630/4920/4500 3657/4922/4501 3633/4923/4502
f 3648/4924/4494 3645/4925/4496 3626/4927/4503
f 3626/4927/4503 3645/4925/4496 3627/4926/4504
f 3643/4913/4492 3646/4912/4491 3655/4929/4497
f 3655/4929/4497 3646/4912/4491 3656/4928/4498
f 3646/4912/4491 3644/4914/4493 3658/4930/4505
f 3646/4912/4491 3658/4930/4505 3656/4928/4498
f 3656/4928/4498 3658/4930/4505 3657/4931/4501
f 3652/4904/4484 3659/4916/4495 3644/4914/4493
f 3644/4914/4493 3660/4932/4506 3658/4930/4505
f 3644/4914/4493 3659/4916/4495 3660/4932/4506
f 3657/4922/4501 3658/4933/4505 3633/4923/4502
f 3633/4923/4502 3658/4933/4505 3637/4934/4507
f 3659/4935/4495 3648/4924/4494 3638/4936/4508
f 3638/4936/4508 3648/4924/4494 3626/4927/4503
f 3660/4937/4506 3659/4935/4495 3639/4938/4509
f 3639/4938/4509 3659/4935/4495 3638/4936/4508
f 3658/4933/4505 3660/4937/4506 3637/4934/4507
f 3637/4934/4507 3660/4937/4506 3639/4938/4509
s 225
f 3685/4940/4510 3664/4941/4511 3686/4939/4512
f 3686/4939/4512 3664/4941/4511 3692/4942/4513
f 3708/4943/4514 3707/4944/4515 3691/4946/4516
f 3691/4946/4516 3707/4944/4515 3662/4945/4517
f 3684/4947/4518 3665/4948/4519 3685/4940/4510
f 3685/4940/4510 3665/4948/4519 3664/4941/4511
f 3684/4947/4518 3706/4949/4520 3665/4948/4519
f 3665/4948/4519 3706/4949/4520 3666/4950/4521
f 3697/4951/4522 3717/4952/4523 3698/4953/4524
f 3727/4954/4525 3728/4955/4526 3693/4957/4527
f 3693/4957/4527 3728/4955/4526 3672/4956/4528
f 3672/4956/4528 3696/4958/4529 3693/4957/4527
f 3693/4957/4527 3696/4958/4529 3695/4959/4530
f 3725/4960/4531 3726/4961/4532 3693/4957/4527
f 3693/4957/4527 3726/4961/4532 3727/4954/4525
f 3725/4960/4531 3695/4959/4530 3724/4962/4533
f 3724/4962/4533 3695/4959/4530 3694/4963/4534
f 3696/4958/4529 3671/4964/4535 3695/4959/4530
f 3695/4959/4530 3671/4964/4535 3694/4963/4534
f 3701/4965/4536 3711/4966/4537 3702/4968/4538
f 3702/4968/4538 3711/4966/4537 3669/4967/4539
f 3667/4971/4540 3666/4950/4521 3704/4970/4541
f 3704/4970/4541 3666/4950/4521 3705/4969/4542
f 3705/4969/4542 3666/4950/4521 3706/4949/4520
f 3721/4972/4543 3723/4973/4544 3698/4953/4524
f 3698/4953/4524 3723/4973/4544 3697/4951/4522
f 3683/4974/4545 3682/4975/4546 3706/4949/4520
f 3706/4949/4520 3682/4975/4546 3705/4969/4542
f 3684/4947/4518 3683/4974/4545 3706/4949/4520
f 3690/4976/4547 3689/4977/4548 3708/4943/4514
f 3708/4943/4514 3689/4977/4548 3707/4944/4515
f 3692/4942/4513 3663/4980/4549 3686/4939/4512
f 3663/4980/4549 3709/4978/4550 3686/4939/4512
f 3709/4978/4550 3687/4979/4551 3686/4939/4512
f 3710/4981/4552 3688/4982/4553 3709/4978/4550
f 3709/4978/4550 3688/4982/4553 3687/4979/4551
f 3707/4944/4515 3709/4978/4550 3662/4945/4517
f 3662/4945/4517 3709/4978/4550 3663/4980/4549
f 3689/4977/4548 3710/4981/4552 3707/4944/4515
f 3707/4944/4515 3710/4981/4552 3709/4978/4550
f 3661/4983/4554 3690/4976/4547 3708/4943/4514
f 3661/4983/4554 3708/4943/4514 3691/4946/4516
f 3703/4984/4555 3668/4985/4556 3716/4987/4557
f 3716/4987/4557 3668/4985/4556 3715/4986/4558
f 3702/4968/4538 3669/4967/4539 3714/4989/4559
f 3714/4989/4559 3669/4967/4539 3713/4988/4560
f 3699/4990/4561 3712/4991/4562 3701/4965/4536
f 3701/4965/4536 3712/4991/4562 3711/4966/4537
f 3699/4990/4561 3700/4992/4563 3712/4991/4562
f 3712/4991/4562 3700/4992/4563 3670/4993/4564
f 3714/4989/4559 3713/4988/4560 3703/4984/4555
f 3703/4984/4555 3713/4988/4560 3668/4985/4556
f 3716/4987/4557 3715/4986/4558 3704/4970/4541
f 3704/4970/4541 3715/4986/4558 3667/4971/4540
f 3694/4963/4534 3671/4964/4535 3697/4951/4522
f 3697/4951/4522 3671/4964/4535 3717/4952/4523
f 3718/4994/4565 3700/4992/4563 3699/4990/4561
f 3714/4989/4559 3729/4995/4566 3702/4968/4538
f 3723/4973/4544 3724/4962/4533 3697/4951/4522
f 3697/4951/4522 3724/4962/4533 3694/4963/4534
f 3719/4996/4567 3670/4993/4564 3718/4994/4565
f 3718/4994/4565 3670/4993/4564 3700/4992/4563
f 3717/4952/4523 3719/4996/4567 3698/4953/4524
f 3698/4953/4524 3719/4996/4567 3718/4994/4565
f 3682/4975/4546 3681/4997/4568 3705/4969/4542
f 3705/4969/4542 3681/4997/4568 3720/4998/4569
f 3721/4972/4543 3722/4999/4570 3679/5001/4571
f 3679/5001/4571 3722/4999/4570 3680/5000/4572
f 3680/5000/4572 3722/4999/4570 3732/5003/4573
f 3732/5003/4573 3722/4999/4570 3731/5002/4574
f 3722/4999/4570 3721/4972/4543 3718/4994/4565
f 3718/4994/4565 3721/4972/4543 3698/4953/4524
f 3723/4973/4544 3721/4972/4543 3678/5004/4575
f 3678/5004/4575 3721/4972/4543 3679/5001/4571
f 3724/4962/4533 3723/4973/4544 3677/5005/4576
f 3677/5005/4576 3723/4973/4544 3678/5004/4575
f 3676/5006/4577 3725/4960/4531 3677/5005/4576
f 3677/5005/4576 3725/4960/4531 3724/4962/4533
f 3675/5007/4578 3726/4961/4532 3676/5006/4577
f 3676/5006/4577 3726/4961/4532 3725/4960/4531
f 3727/4954/4525 3726/4961/4532 3674/5008/4579
f 3674/5008/4579 3726/4961/4532 3675/5007/4578
f 3673/5009/4580 3728/4955/4526 3674/5008/4579
f 3674/5008/4579 3728/4955/4526 3727/4954/4525
f 3725/4960/4531 3693/4957/4527 3695/4959/4530
f 3720/4998/4569 3716/4987/4557 3705/4969/4542
f 3705/4969/4542 3716/4987/4557 3704/4970/4541
f 3731/5002/4574 3722/4999/4570 3699/4990/4561
f 3699/4990/4561 3722/4999/4570 3718/4994/4565
f 3714/4989/4559 3703/4984/4555 3729/4995/4566
f 3729/4995/4566 3703/4984/4555 3720/4998/4569
f 3729/4995/4566 3720/4998/4569 3730/5010/4581
f 3730/5010/4581 3720/4998/4569 3681/4997/4568
f 3729/4995/4566 3731/5002/4574 3702/4968/4538
f 3702/4968/4538 3731/5002/4574 3701/4965/4536
f 3731/5002/4574 3729/4995/4566 3732/5003/4573
f 3732/5003/4573 3729/4995/4566 3730/5010/4581
f 3701/4965/4536 3731/5002/4574 3699/4990/4561
f 3716/4987/4557 3720/4998/4569 3703/4984/4555
f 3673/5009/4580 3674/5008/4579 3733/5011/4582
f 3674/5008/4579 3675/5007/4578 3733/5011/4582
f 3733/5011/4582 3675/5007/4578 3734/5012/4583
f 3675/5007/4578 3676/5006/4577 3734/5014/4583
f 3734/5014/4583 3676/5006/4577 3735/5013/4584
f 3676/5006/4577 3677/5005/4576 3735/5013/4584
f 3735/5013/4584 3677/5005/4576 3736/5015/4585
f 3677/5005/4576 3678/5004/4575 3736/5015/4585
f 3736/5015/4585 3678/5004/4575 3737/5016/4586
f 3678/5004/4575 3679/5001/4571 3737/5016/4586
f 3737/5016/4586 3679/5001/4571 3738/5017/4587
f 3679/5001/4571 3680/5000/4572 3738/5017/4587
f 3738/5017/4587 3680/5000/4572 3739/5018/4588
f 3680/5000/4572 3732/5003/4573 3739/5020/4588
f 3739/5020/4588 3732/5003/4573 3740/5019/4589
f 3681/4997/4568 3682/4975/4546 3741/5022/4590
f 3741/5022/4590 3682/4975/4546 3742/5021/4591
f 3682/4975/4546 3683/4974/4545 3742/5021/4591
f 3742/5021/4591 3683/4974/4545 3743/5023/4592
f 3684/4947/4518 3744/5024/4593 3683/4974/4545
f 3683/4974/4545 3744/5024/4593 3743/5023/4592
f 3684/4947/4518 3685/4940/4510 3744/5024/4593
f 3744/5024/4593 3685/4940/4510 3745/5025/4594
f 3685/4940/4510 3686/4939/4512 3745/5025/4594
f 3745/5025/4594 3686/4939/4512 3746/5026/4595
f 3687/4979/4551 3747/5027/4596 3686/4939/4512
f 3686/4939/4512 3747/5027/4596 3746/5026/4595
f 3687/4979/4551 3688/4982/4553 3747/5027/4596
f 3730/5010/4581 3681/4997/4568 3748/5029/4597
f 3748/5029/4597 3681/4997/4568 3741/5028/4590
f 3732/5003/4573 3730/5010/4581 3740/5019/4589
f 3740/5019/4589 3730/5010/4581 3748/5029/4597
s 239
f 3692/5031/4598 3664/5032/4599 3761/5030/4600
f 3761/5030/4600 3664/5032/4599 3760/5033/4601
f 3777/5034/4602 3691/5035/4603 3776/5037/4604
f 3776/5037/4604 3691/5035/4603 3662/5036/4605
f 3664/5032/4599 3665/5038/4606 3760/5033/4601
f 3760/5033/4601 3665/5038/4606 3759/5039/4607
f 3759/5039/4607 3665/5038/4606 3775/5041/4608
f 3775/5041/4608 3665/5038/4606 3666/5040/4609
f 3766/5042/4610 3767/5043/4611 3717/5044/4612
f 3789/5045/4613 3763/5046/4614 3728/5048/4615
f 3728/5048/4615 3763/5046/4614 3672/5047/4616
f 3765/5049/4617 3696/5050/4618 3763/5046/4614
f 3763/5046/4614 3696/5050/4618 3672/5047/4616
f 3787/5051/4619 3763/5046/4614 3788/5052/4620
f 3788/5052/4620 3763/5046/4614 3789/5045/4613
f 3764/5054/4621 3765/5049/4617 3786/5053/4622
f 3786/5053/4622 3765/5049/4617 3787/5051/4619
f 3696/5050/4618 3765/5049/4617 3671/5055/4623
f 3671/5055/4623 3765/5049/4617 3764/5054/4621
f 3770/5056/4624 3771/5057/4625 3711/5059/4626
f 3711/5059/4626 3771/5057/4625 3669/5058/4627
f 3667/5061/4628 3773/5062/4629 3666/5040/4609
f 3773/5062/4629 3774/5060/4630 3666/5040/4609
f 3774/5060/4630 3775/5041/4608 3666/5040/4609
f 3766/5042/4610 3785/5063/4631 3767/5043/4611
f 3767/5043/4611 3785/5063/4631 3783/5064/4632
f 3758/5065/4633 3775/5041/4608 3757/5066/4634
f 3757/5066/4634 3775/5041/4608 3774/5060/4630
f 3759/5039/4607 3775/5041/4608 3758/5065/4633
f 3690/5067/4635 3777/5034/4602 3689/5068/4636
f 3689/5068/4636 3777/5034/4602 3776/5037/4604
f 3692/5031/4598 3761/5030/4600 3663/5070/4637
f 3663/5070/4637 3761/5030/4600 3778/5069/4638
f 3778/5069/4638 3761/5030/4600 3762/5071/4639
f 3710/5072/4640 3778/5069/4638 3688/5073/4641
f 3688/5073/4641 3778/5069/4638 3762/5071/4639
f 3776/5037/4604 3662/5036/4605 3778/5069/4638
f 3778/5069/4638 3662/5036/4605 3663/5070/4637
f 3689/5068/4636 3776/5037/4604 3710/5072/4640
f 3710/5072/4640 3776/5037/4604 3778/5069/4638
f 3661/5074/4642 3777/5034/4602 3690/5067/4635
f 3661/5074/4642 3691/5035/4603 3777/5034/4602
f 3772/5075/4643 3780/5076/4644 3668/5078/4645
f 3668/5078/4645 3780/5076/4644 3715/5077/4646
f 3771/5057/4625 3779/5079/4647 3669/5058/4627
f 3669/5058/4627 3779/5079/4647 3713/5080/4648
f 3768/5081/4649 3770/5056/4624 3712/5082/4650
f 3712/5082/4650 3770/5056/4624 3711/5059/4626
f 3768/5081/4649 3712/5082/4650 3769/5084/4651
f 3769/5084/4651 3712/5082/4650 3670/5083/4652
f 3779/5079/4647 3772/5075/4643 3713/5080/4648
f 3713/5080/4648 3772/5075/4643 3668/5078/4645
f 3780/5076/4644 3773/5062/4629 3715/5077/4646
f 3715/5077/4646 3773/5062/4629 3667/5061/4628
f 3764/5054/4621 3766/5042/4610 3671/5055/4623
f 3671/5055/4623 3766/5042/4610 3717/5044/4612
f 3781/5085/4653 3768/5081/4649 3769/5084/4651
f 3779/5079/4647 3771/5057/4625 3790/5086/4654
f 3764/5054/4621 3786/5053/4622 3766/5042/4610
f 3766/5042/4610 3786/5053/4622 3785/5063/4631
f 3769/5084/4651 3670/5083/4652 3781/5085/4653
f 3781/5085/4653 3670/5083/4652 3719/5087/4655
f 3781/5085/4653 3719/5087/4655 3767/5043/4611
f 3767/5043/4611 3719/5087/4655 3717/5044/4612
f 3757/5066/4634 3774/5060/4630 3756/5089/4656
f 3756/5089/4656 3774/5060/4630 3782/5088/4657
f 3783/5064/4632 3754/5090/4658 3784/5092/4659
f 3784/5092/4659 3754/5090/4658 3755/5091/4660
f 3755/5091/4660 3793/5093/4661 3784/5092/4659
f 3784/5092/4659 3793/5093/4661 3792/5094/4662
f 3767/5043/4611 3783/5064/4632 3781/5085/4653
f 3781/5085/4653 3783/5064/4632 3784/5092/4659
f 3785/5063/4631 3753/5095/4663 3783/5064/4632
f 3783/5064/4632 3753/5095/4663 3754/5090/4658
f 3786/5053/4622 3752/5096/4664 3785/5063/4631
f 3785/5063/4631 3752/5096/4664 3753/5095/4663
f 3786/5053/4622 3787/5051/4619 3752/5096/4664
f 3752/5096/4664 3787/5051/4619 3751/5097/4665
f 3787/5051/4619 3788/5052/4620 3751/5097/4665
f 3751/5097/4665 3788/5052/4620 3750/5098/4666
f 3789/5045/4613 3749/5099/4667 3788/5052/4620
f 3788/5052/4620 3749/5099/4667 3750/5098/4666
f 3789/5045/4613 3728/5048/4615 3749/5099/4667
f 3749/5099/4667 3728/5048/4615 3673/5100/4668
f 3787/5051/4619 3765/5049/4617 3763/5046/4614
f 3773/5062/4629 3780/5076/4644 3774/5060/4630
f 3774/5060/4630 3780/5076/4644 3782/5088/4657
f 3781/5085/4653 3784/5092/4659 3768/5081/4649
f 3768/5081/4649 3784/5092/4659 3792/5094/4662
f 3782/5088/4657 3772/5075/4643 3790/5086/4654
f 3790/5086/4654 3772/5075/4643 3779/5079/4647
f 3756/5089/4656 3782/5088/4657 3791/5101/4669
f 3791/5101/4669 3782/5088/4657 3790/5086/4654
f 3770/5056/4624 3792/5094/4662 3771/5057/4625
f 3771/5057/4625 3792/5094/4662 3790/5086/4654
f 3791/5101/4669 3790/5086/4654 3793/5093/4661
f 3793/5093/4661 3790/5086/4654 3792/5094/4662
f 3770/5056/4624 3768/5081/4649 3792/5094/4662
f 3780/5076/4644 3772/5075/4643 3782/5088/4657
f 3673/5100/4668 3733/5102/4670 3749/5099/4667
f 3749/5099/4667 3733/5102/4670 3750/5098/4666
f 3750/5098/4666 3733/5102/4670 3734/5103/4671
f 3750/5098/4666 3734/5104/4671 3751/5097/4665
f 3751/5097/4665 3734/5104/4671 3735/5105/4672
f 3751/5097/4665 3735/5105/4672 3752/5096/4664
f 3752/5096/4664 3735/5105/4672 3736/5106/4673
f 3752/5096/4664 3736/5106/4673 3753/5095/4663
f 3753/5095/4663 3736/5106/4673 3737/5107/4674
f 3753/5095/4663 3737/5107/4674 3754/5090/4658
f 3754/5090/4658 3737/5107/4674 3738/5108/4675
f 3754/5090/4658 3738/5108/4675 3755/5091/4660
f 3755/5091/4660 3738/5108/4675 3739/5109/4676
f 3755/5091/4660 3739/5110/4676 3793/5093/4661
f 3793/5093/4661 3739/5110/4676 3740/5111/4677
f 3756/5089/4656 3741/5112/4678 3757/5066/4634
f 3757/5066/4634 3741/5112/4678 3742/5113/4679
f 3757/5066/4634 3742/5113/4679 3758/5065/4633
f 3758/5065/4633 3742/5113/4679 3743/5114/4680
f 3743/5114/4680 3744/5115/4681 3758/5065/4633
f 3758/5065/4633 3744/5115/4681 3759/5039/4607
f 3759/5039/4607 3744/5115/4681 3760/5033/4601
f 3760/5033/4601 3744/5115/4681 3745/5116/4682
f 3760/5033/4601 3745/5116/4682 3761/5030/4600
f 3761/5030/4600 3745/5116/4682 3746/5117/4683
f 3746/5117/4683 3747/5118/4684 3761/5030/4600
f 3761/5030/4600 3747/5118/4684 3762/5071/4639
f 3762/5071/4639 3747/5118/4684 3688/5073/4641
f 3791/5101/4669 3748/5119/4685 3756/5089/4656
f 3756/5089/4656 3748/5119/4685 3741/5120/4678
f 3793/5093/4661 3740/5111/4677 3791/5101/4669
f 3791/5101/4669 3740/5111/4677 3748/5119/4685
s 252
f 3794/5121/4686 3806/5122/4687 3795/5123/4688
f 3795/5123/4688 3806/5122/4687 3796/5124/4689
f 3796/5124/4689 3806/5122/4687 3797/5125/4690
f 3797/5125/4690 3806/5122/4687 3798/5126/4691
f 3798/5126/4691 3806/5122/4687 3799/5127/4692
f 3799/5127/4692 3806/5122/4687 3800/5128/4693
f 3800/5128/4693 3806/5122/4687 3801/5129/4694
f 3801/5129/4694 3806/5122/4687 3802/5130/4695
f 3802/5130/4695 3806/5122/4687 3803/5131/4696
f 3803/5131/4696 3806/5122/4687 3804/5132/4697
f 3804/5132/4697 3806/5122/4687 3805/5133/4698
f 3805/5133/4698 3806/5122/4687 3794/5121/4686
f 3808/5134/4699 3818/5135/4700 3807/5137/4701
f 3807/5137/4701 3818/5135/4700 3817/5136/4702
f 3810/5138/4703 3822/5139/4704 3809/5141/4705
f 3809/5141/4705 3822/5139/4704 3821/5140/4706
f 3811/5142/4707 3823/5143/4708 3810/5138/4703
f 3810/5138/4703 3823/5143/4708 3822/5139/4704
f 3812/5144/4709 3824/5145/4710 3811/5142/4707
f 3811/5142/4707 3824/5145/4710 3823/5143/4708
f 3813/5146/4711 3825/5147/4712 3812/5144/4709
f 3812/5144/4709 3825/5147/4712 3824/5145/4710
f 3814/5148/4713 3826/5149/4714 3813/5146/4711
f 3813/5146/4711 3826/5149/4714 3825/5147/4712
f 3815/5150/4715 3827/5151/4716 3814/5148/4713
f 3814/5148/4713 3827/5151/4716 3826/5149/4714
f 3816/5152/4717 3828/5153/4718 3815/5150/4715
f 3815/5150/4715 3828/5153/4718 3827/5151/4716
f 3807/5137/4701 3817/5136/4702 3816/5152/4717
f 3816/5152/4717 3817/5136/4702 3828/5153/4718
f 3818/5154/4700 3796/5124/4689 3817/5155/4702
f 3817/5155/4702 3796/5124/4689 3797/5125/4690
f 3819/5156/4719 3795/5123/4688 3818/5154/4700
f 3818/5154/4700 3795/5123/4688 3796/5124/4689
f 3820/5157/4720 3794/5121/4686 3819/5156/4719
f 3819/5156/4719 3794/5121/4686 3795/5123/4688
f 3821/5158/4706 3805/5133/4698 3820/5157/4720
f 3820/5157/4720 3805/5133/4698 3794/5121/4686
f 3822/5159/4704 3804/5132/4697 3821/5158/4706
f 3821/5158/4706 3804/5132/4697 3805/5133/4698
f 3823/5160/4708 3803/5131/4696 3822/5159/4704
f 3822/5159/4704 3803/5131/4696 3804/5132/4697
f 3824/5161/4710 3802/5130/4695 3823/5160/4708
f 3823/5160/4708 3802/5130/4695 3803/5131/4696
f 3825/5162/4712 3801/5129/4694 3824/5161/4710
f 3824/5161/4710 3801/5129/4694 3802/5130/4695
f 3826/5163/4714 3800/5128/4693 3825/5162/4712
f 3825/5162/4712 3800/5128/4693 3801/5129/4694
f 3827/5164/4716 3799/5127/4692 3826/5163/4714
f 3826/5163/4714 3799/5127/4692 3800/5128/4693
f 3828/5165/4718 3798/5126/4691 3827/5164/4716
f 3827/5164/4716 3798/5126/4691 3799/5127/4692
f 3817/5155/4702 3797/5125/4690 3828/5165/4718
f 3828/5165/4718 3797/5125/4690 3798/5126/4691
s 261
f 3829/5166/4721 3830/5167/4722 3841/5168/4723
f 3830/5167/4722 3831/5169/4724 3841/5168/4723
f 3831/5169/4724 3832/5170/4725 3841/5168/4723
f 3832/5170/4725 3833/5171/4726 3841/5168/4723
f 3833/5171/4726 3834/5172/4727 3841/5168/4723
f 3834/5172/4727 3835/5173/4728 3841/5168/4723
f 3835/5173/4728 3836/5174/4729 3841/5168/4723
f 3836/5174/4729 3837/5175/4730 3841/5168/4723
f 3837/5175/4730 3838/5176/4731 3841/5168/4723
f 3838/5176/4731 3839/5177/4732 3841/5168/4723
f 3839/5177/4732 3840/5178/4733 3841/5168/4723
f 3840/5178/4733 3829/5166/4721 3841/5168/4723
f 3808/5179/4734 3807/5180/4735 3843/5182/4736
f 3843/5182/4736 3807/5180/4735 3842/5181/4737
f 3810/5183/4738 3809/5184/4739 3847/5186/4740
f 3847/5186/4740 3809/5184/4739 3846/5185/4741
f 3811/5187/4742 3810/5183/4738 3848/5188/4743
f 3848/5188/4743 3810/5183/4738 3847/5186/4740
f 3812/5189/4744 3811/5187/4742 3849/5190/4745
f 3849/5190/4745 3811/5187/4742 3848/5188/4743
f 3813/5191/4746 3812/5189/4744 3850/5192/4747
f 3850/5192/4747 3812/5189/4744 3849/5190/4745
f 3814/5193/4748 3813/5191/4746 3851/5194/4749
f 3851/5194/4749 3813/5191/4746 3850/5192/4747
f 3815/5195/4750 3814/5193/4748 3852/5196/4751
f 3852/5196/4751 3814/5193/4748 3851/5194/4749
f 3816/5197/4752 3815/5195/4750 3853/5198/4753
f 3853/5198/4753 3815/5195/4750 3852/5196/4751
f 3807/5180/4735 3816/5197/4752 3842/5181/4737
f 3842/5181/4737 3816/5197/4752 3853/5198/4753
f 3843/5199/4736 3842/5200/4737 3831/5169/4724
f 3831/5169/4724 3842/5200/4737 3832/5170/4725
f 3844/5201/4754 3843/5199/4736 3830/5167/4722
f 3830/5167/4722 3843/5199/4736 3831/5169/4724
f 3845/5202/4755 3844/5201/4754 3829/5166/4721
f 3829/5166/4721 3844/5201/4754 3830/5167/4722
f 3846/5203/4741 3845/5202/4755 3840/5178/4733
f 3840/5178/4733 3845/5202/4755 3829/5166/4721
f 3847/5204/4740 3846/5203/4741 3839/5177/4732
f 3839/5177/4732 3846/5203/4741 3840/5178/4733
f 3848/5205/4743 3847/5204/4740 3838/5176/4731
f 3838/5176/4731 3847/5204/4740 3839/5177/4732
f 3849/5206/4745 3848/5205/4743 3837/5175/4730
f 3837/5175/4730 3848/5205/4743 3838/5176/4731
f 3850/5207/4747 3849/5206/4745 3836/5174/4729
f 3836/5174/4729 3849/5206/4745 3837/5175/4730
f 3851/5208/4749 3850/5207/4747 3835/5173/4728
f 3835/5173/4728 3850/5207/4747 3836/5174/4729
f 3852/5209/4751 3851/5208/4749 3834/5172/4727
f 3834/5172/4727 3851/5208/4749 3835/5173/4728
f 3853/5210/4753 3852/5209/4751 3833/5171/4726
f 3833/5171/4726 3852/5209/4751 3834/5172/4727
f 3842/5200/4737 3853/5210/4753 3832/5170/4725
f 3832/5170/4725 3853/5210/4753 3833/5171/4726
s 264
f 3894/5211/4756 3873/5212/4757 3893/5214/4758
f 3893/5214/4758 3873/5212/4757 3874/5213/4759
f 3876/5216/4760 3892/5217/4761 3875/5215/4762
f 3875/5215/4762 3892/5217/4761 3874/5213/4759
f 3893/5214/4758 3892/5217/4761 3877/5218/4763
f 3877/5218/4763 3892/5217/4761 3876/5216/4760
f 3879/5219/4764 3895/5220/4765 3878/5221/4766
f 3878/5221/4766 3895/5220/4765 3894/5211/4756
f 3878/5221/4766 3894/5211/4756 3877/5218/4763
f 3877/5218/4763 3894/5211/4756 3893/5214/4758
f 3895/5220/4765 3872/5222/4767 3894/5211/4756
f 3894/5211/4756 3872/5222/4767 3873/5212/4757
f 3880/5223/4768 3896/5224/4769 3879/5219/4764
f 3879/5219/4764 3896/5224/4769 3895/5220/4765
f 3882/5225/4770 3897/5226/4771 3881/5227/4772
f 3881/5227/4772 3897/5226/4771 3880/5223/4768
f 3880/5223/4768 3897/5226/4771 3896/5224/4769
f 3899/5229/4773 3898/5230/4774 3884/5228/4775
f 3884/5228/4775 3898/5230/4774 3883/5231/4776
f 3883/5231/4776 3898/5230/4774 3882/5225/4770
f 3882/5225/4770 3898/5230/4774 3897/5226/4771
f 3897/5226/4771 3871/5232/4777 3896/5224/4769
f 3885/5233/4778 3900/5234/4779 3884/5228/4775
f 3884/5228/4775 3900/5234/4779 3899/5229/4773
f 3886/5235/4780 3901/5236/4781 3885/5233/4778
f 3885/5233/4778 3901/5236/4781 3900/5234/4779
f 3903/5238/4782 3902/5239/4783 3888/5237/4784
f 3888/5237/4784 3902/5239/4783 3887/5240/4785
f 3904/5242/4786 3903/5238/4782 3889/5241/4787
f 3889/5241/4787 3903/5238/4782 3888/5237/4784
f 3890/5243/4788 3905/5244/4789 3889/5241/4787
f 3889/5241/4787 3905/5244/4789 3904/5242/4786
f 3906/5246/4790 3905/5244/4789 3891/5245/4791
f 3891/5245/4791 3905/5244/4789 3890/5243/4788
f 3907/5248/4792 3906/5246/4790 3854/5247/4793
f 3854/5247/4793 3906/5246/4790 3891/5245/4791
f 3871/5232/4777 3872/5222/4767 3896/5224/4769
f 3896/5224/4769 3872/5222/4767 3895/5220/4765
f 3867/5249/4794 3868/5250/4795 3903/5238/4782
f 3903/5238/4782 3868/5250/4795 3902/5239/4783
f 3898/5230/4774 3870/5251/4796 3897/5226/4771
f 3897/5226/4771 3870/5251/4796 3871/5232/4777
f 3869/5252/4797 3870/5251/4796 3899/5229/4773
f 3899/5229/4773 3870/5251/4796 3898/5230/4774
f 3900/5234/4779 3869/5252/4797 3899/5229/4773
f 3902/5239/4783 3901/5236/4781 3887/5240/4785
f 3887/5240/4785 3901/5236/4781 3886/5235/4780
f 3902/5239/4783 3868/5250/4795 3901/5236/4781
f 3901/5236/4781 3868/5250/4795 3900/5234/4779
f 3900/5234/4779 3868/5250/4795 3869/5252/4797
f 3866/5253/4798 3867/5249/4794 3904/5242/4786
f 3904/5242/4786 3867/5249/4794 3903/5238/4782
f 3860/5255/4799 3861/5256/4800 3863/5254/4801
f 3863/5254/4801 3861/5256/4800 3862/5257/4802
f 3866/5253/4798 3904/5242/4786 3906/5246/4790
f 3906/5246/4790 3904/5242/4786 3905/5244/4789
f 3857/5258/4803 3855/5259/4804 3856/5260/4805
f 3906/5246/4790 3907/5248/4792 3908/5261/4806
f 3865/5262/4807 3858/5263/4808 3859/5264/4809
f 3865/5262/4807 3859/5264/4809 3864/5265/4810
f 3864/5265/4810 3859/5264/4809 3860/5255/4799
f 3864/5265/4810 3860/5255/4799 3863/5254/4801
f 3857/5258/4803 3908/5261/4806 3855/5259/4804
f 3855/5259/4804 3908/5261/4806 3907/5248/4792
f 3865/5262/4807 3908/5261/4806 3858/5263/4808
f 3858/5263/4808 3908/5261/4806 3857/5258/4803
f 3906/5246/4790 3908/5261/4806 3866/5253/4798
f 3866/5253/4798 3908/5261/4806 3865/5262/4807
f 3862/5257/4802 3861/5256/4800 3910/5267/4811
f 3910/5267/4811 3861/5256/4800 3909/5266/4812
f 3909/5266/4812 3911/5268/4813 3910/5267/4811
f 3910/5267/4811 3911/5268/4813 3912/5269/4814
f 3893/5214/4758 3874/5213/4759 3892/5217/4761
s 279
f 3935/5270/4815 3934/5271/4816 3931/5273/4817
f 3931/5273/4817 3934/5271/4816 3932/5272/4818
f 3932/5272/4818 3933/5275/4819 3875/5274/4820
f 3875/5274/4820 3933/5275/4819 3876/5276/4821
f 3876/5276/4821 3933/5275/4819 3877/5277/4822
f 3877/5277/4822 3933/5275/4819 3934/5271/4816
f 3879/5278/4823 3878/5279/4824 3936/5280/4825
f 3936/5280/4825 3878/5279/4824 3935/5270/4815
f 3878/5279/4824 3877/5277/4822 3935/5270/4815
f 3935/5270/4815 3877/5277/4822 3934/5271/4816
f 3936/5280/4825 3935/5270/4815 3930/5281/4826
f 3930/5281/4826 3935/5270/4815 3931/5273/4817
f 3880/5282/4827 3879/5278/4823 3937/5283/4828
f 3937/5283/4828 3879/5278/4823 3936/5280/4825
f 3882/5284/4829 3881/5285/4830 3938/5286/4831
f 3881/5285/4830 3880/5282/4827 3938/5286/4831
f 3938/5286/4831 3880/5282/4827 3937/5283/4828
f 3883/5288/4832 3939/5289/4833 3884/5287/4834
f 3884/5287/4834 3939/5289/4833 3940/5290/4835
f 3883/5288/4832 3882/5284/4829 3939/5289/4833
f 3939/5289/4833 3882/5284/4829 3938/5286/4831
f 3938/5286/4831 3937/5283/4828 3929/5291/4836
f 3885/5292/4837 3884/5287/4834 3941/5293/4838
f 3941/5293/4838 3884/5287/4834 3940/5290/4835
f 3886/5294/4839 3885/5292/4837 3942/5295/4840
f 3942/5295/4840 3885/5292/4837 3941/5293/4838
f 3887/5297/4841 3943/5298/4842 3888/5296/4843
f 3888/5296/4843 3943/5298/4842 3944/5299/4844
f 3888/5296/4843 3944/5299/4844 3889/5300/4845
f 3889/5300/4845 3944/5299/4844 3945/5301/4846
f 3890/5302/4847 3889/5300/4845 3946/5303/4848
f 3946/5303/4848 3889/5300/4845 3945/5301/4846
f 3890/5302/4847 3946/5303/4848 3891/5304/4849
f 3891/5304/4849 3946/5303/4848 3947/5305/4850
f 3891/5304/4849 3947/5305/4850 3854/5306/4851
f 3854/5306/4851 3947/5305/4850 3948/5307/4852
f 3936/5280/4825 3930/5281/4826 3937/5283/4828
f 3937/5283/4828 3930/5281/4826 3929/5291/4836
f 3943/5298/4842 3926/5308/4853 3944/5299/4844
f 3944/5299/4844 3926/5308/4853 3925/5309/4854
f 3939/5289/4833 3938/5286/4831 3928/5310/4855
f 3928/5310/4855 3938/5286/4831 3929/5291/4836
f 3939/5289/4833 3928/5310/4855 3940/5290/4835
f 3940/5290/4835 3928/5310/4855 3927/5311/4856
f 3941/5293/4838 3940/5290/4835 3927/5311/4856
f 3886/5294/4839 3942/5295/4840 3887/5297/4841
f 3887/5297/4841 3942/5295/4840 3943/5298/4842
f 3943/5298/4842 3942/5295/4840 3926/5308/4853
f 3942/5295/4840 3941/5293/4838 3926/5308/4853
f 3926/5308/4853 3941/5293/4838 3927/5311/4856
f 3944/5299/4844 3925/5309/4854 3945/5301/4846
f 3945/5301/4846 3925/5309/4854 3924/5312/4857
f 3920/5314/4858 3919/5315/4859 3921/5313/4860
f 3921/5313/4860 3919/5315/4859 3918/5316/4861
f 3946/5303/4848 3945/5301/4846 3947/5305/4850
f 3947/5305/4850 3945/5301/4846 3924/5312/4857
f 3915/5317/4862 3914/5318/4863 3913/5319/4864
f 3947/5305/4850 3949/5320/4865 3948/5307/4852
f 3923/5321/4866 3917/5322/4867 3916/5323/4868
f 3923/5321/4866 3922/5324/4869 3917/5322/4867
f 3917/5322/4867 3922/5324/4869 3918/5316/4861
f 3922/5324/4869 3921/5313/4860 3918/5316/4861
f 3915/5317/4862 3913/5319/4864 3949/5320/4865
f 3949/5320/4865 3913/5319/4864 3948/5307/4852
f 3923/5321/4866 3916/5323/4868 3949/5320/4865
f 3949/5320/4865 3916/5323/4868 3915/5317/4862
f 3947/5305/4850 3924/5312/4857 3949/5320/4865
f 3949/5320/4865 3924/5312/4857 3923/5321/4866
f 3920/5314/4858 3951/5325/4870 3919/5315/4859
f 3919/5315/4859 3951/5325/4870 3950/5326/4871
f 3953/5327/4872 3952/5328/4873 3951/5325/4870
f 3951/5325/4870 3952/5328/4873 3950/5326/4871
f 3934/5271/4816 3933/5275/4819 3932/5272/4818
g default
v -104.405258 -1.863929 2.014440
v -113.739258 -3.469778 2.014440
v -136.823334 2.953617 2.014440
v -145.956604 3.656177 2.014440
v -153.684753 2.853252 2.014440
v -162.022614 0.527086 2.014440
v -160.810699 2.752887 2.014440
v -151.075256 8.875186 2.014440
v -146.358063 10.079573 2.014440
v -133.310547 9.075917 2.014440
v -126.284950 7.269337 2.014440
v -119.058624 4.057639 2.014440
v -109.423538 4.358735 2.014440
v 31.877136 -1.863929 2.631840
v 41.211121 -3.469778 2.631840
v 64.295197 2.953617 2.631840
v 73.428467 3.656177 2.631840
v 81.156616 2.853252 2.631840
v 89.494476 0.527086 2.631840
v 88.282562 2.752887 2.631840
v 78.547119 8.875186 2.631840
v 73.829926 10.079573 2.631840
v 60.782410 9.075917 2.631840
v 53.756805 7.269337 2.631840
v 46.530518 4.057639 2.631840
v 36.895386 4.358735 2.631840
v -104.405258 -1.863929 2.631840
v -113.739258 -3.469778 2.631840
v -136.823334 2.953617 2.631840
v -145.956604 3.656177 2.631840
v -153.684753 2.853252 2.631840
v -162.022614 0.527086 2.631840
v -160.810699 2.752887 2.631840
v -151.075256 8.875186 2.631840
v -146.358063 10.079573 2.631840
v -133.310547 9.075917 2.631840
v -126.284950 7.269337 2.631840
v -119.058624 4.057639 2.631840
v -109.423538 4.358735 2.631840
v -90.024094 25.223415 -3.730082
v -87.396606 27.850903 -3.730082
v -86.434875 31.440121 -3.730082
v -87.396606 35.029331 -3.730082
v -90.024094 37.656822 -3.730082
v -93.613327 38.618549 -3.730082
v -97.202515 37.656822 -3.730082
v -99.830032 35.029331 -3.730082
v -100.791748 31.440121 -3.730082
v -99.830032 27.850903 -3.730082
v -97.202515 25.223415 -3.730082
v -93.613327 24.261688 -3.730082
v -93.613327 31.440121 -3.730082
v -90.024094 25.223415 8.376362
v -87.396606 27.850903 8.376362
v -86.434875 31.440121 8.376362
v -87.396606 35.029331 8.376362
v -90.024094 37.656822 8.376362
v -93.613327 38.618549 8.376362
v -97.202515 37.656822 8.376362
v -99.830032 35.029331 8.376362
v -100.791748 31.440121 8.376362
v -99.830032 27.850903 8.376362
v -97.202515 25.223415 8.376362
v -93.613327 24.261688 8.376362
v -93.613327 31.440121 8.376362
v 31.877136 -1.863929 2.014440
v 41.211121 -3.469778 2.014440
v 64.295197 2.953617 2.014440
v 73.428467 3.656177 2.014440
v 81.156616 2.853252 2.014440
v 89.494476 0.527086 2.014440
v 88.282562 2.752887 2.014440
v 78.547119 8.875186 2.014440
v 73.829926 10.079573 2.014440
v 60.782410 9.075917 2.014440
v 53.756805 7.269337 2.014440
v 46.530518 4.057639 2.014440
v 36.895386 4.358735 2.014440
v 17.495972 25.223415 8.376362
v 14.868469 27.850903 8.376362
v 13.906738 31.440121 8.376362
v 14.868469 35.029331 8.376362
v 17.495972 37.656822 8.376362
v 21.085205 38.618549 8.376362
v 24.674377 37.656822 8.376362
v 27.301910 35.029331 8.376362
v 28.263611 31.440121 8.376362
v 27.301910 27.850903 8.376362
v 24.674377 25.223415 8.376362
v 21.085205 24.261688 8.376362
v 21.085205 31.440121 8.376362
v 17.495972 25.223415 -3.730082
v 14.868469 27.850903 -3.730082
v 13.906738 31.440121 -3.730082
v 14.868469 35.029331 -3.730082
v 17.495972 37.656822 -3.730082
v 21.085205 38.618549 -3.730082
v 24.674377 37.656822 -3.730082
v 27.301910 35.029331 -3.730082
v 28.263611 31.440121 -3.730082
v 27.301910 27.850903 -3.730082
v 24.674377 25.223415 -3.730082
v 21.085205 24.261688 -3.730082
v 21.085205 31.440121 -3.730082
vt 0.580164 0.549488
vt 0.544010 0.515556
vt 0.550354 0.456102
vt 0.594437 0.492504
vt 0.533850 0.409913
vt 0.525944 0.365620
vt 0.565444 0.346740
vt 0.525804 0.284453
vt 0.565346 0.289924
vt 0.535447 0.255837
vt 0.573906 0.242498
vt 0.577841 0.198470
vt 0.592172 0.192010
vt 0.580164 0.549488
vt 0.544010 0.515556
vt 0.550354 0.456102
vt 0.594437 0.492504
vt 0.533850 0.409913
vt 0.525944 0.365620
vt 0.565444 0.346740
vt 0.525804 0.284453
vt 0.565346 0.289924
vt 0.535447 0.255837
vt 0.573906 0.242498
vt 0.577841 0.198470
vt 0.592172 0.192010
vt 0.580164 0.549488
vt 0.544010 0.515556
vt 0.550354 0.456102
vt 0.594437 0.492504
vt 0.533850 0.409913
vt 0.525944 0.365620
vt 0.565444 0.346740
vt 0.525804 0.284453
vt 0.565346 0.289924
vt 0.535447 0.255837
vt 0.573906 0.242498
vt 0.577841 0.198470
vt 0.592172 0.192010
vt 0.247119 0.114460
vt 0.199629 0.087043
vt 0.227048 0.134532
vt 0.199629 0.141879
vt 0.172211 0.134532
vt 0.152140 0.114460
vt 0.144794 0.087042
vt 0.152140 0.059624
vt 0.172212 0.039553
vt 0.199629 0.032207
vt 0.227047 0.039553
vt 0.247118 0.059624
vt 0.254465 0.087042
vt 0.247119 0.114460
vt 0.227048 0.134532
vt 0.199629 0.087043
vt 0.199629 0.141879
vt 0.172211 0.134532
vt 0.152140 0.114460
vt 0.144794 0.087042
vt 0.152140 0.059624
vt 0.172212 0.039553
vt 0.199629 0.032207
vt 0.227047 0.039553
vt 0.247118 0.059624
vt 0.254465 0.087042
vt 0.580164 0.549488
vt 0.544010 0.515556
vt 0.550354 0.456102
vt 0.594437 0.492504
vt 0.533850 0.409913
vt 0.525944 0.365620
vt 0.565444 0.346740
vt 0.525804 0.284453
vt 0.565346 0.289924
vt 0.535447 0.255837
vt 0.573906 0.242498
vt 0.577841 0.198470
vt 0.592172 0.192010
vt 0.247119 0.114460
vt 0.199629 0.087043
vt 0.227048 0.134532
vt 0.199629 0.141879
vt 0.172211 0.134532
vt 0.152140 0.114460
vt 0.144794 0.087042
vt 0.152140 0.059624
vt 0.172212 0.039553
vt 0.199629 0.032207
vt 0.227047 0.039553
vt 0.247118 0.059624
vt 0.254465 0.087042
vt 0.247119 0.114460
vt 0.227048 0.134532
vt 0.199629 0.087043
vt 0.199629 0.141879
vt 0.172211 0.134532
vt 0.152140 0.114460
vt 0.144794 0.087042
vt 0.152140 0.059624
vt 0.172212 0.039553
vt 0.199629 0.032207
vt 0.227047 0.039553
vt 0.247118 0.059624
vt 0.254465 0.087042
vn -0.000000 0.000000 -1.000000
vn -0.000000 0.000000 -1.000000
vn -0.000000 0.000000 -1.000000
vn 0.000000 0.000000 -1.000000
vn -0.000000 0.000000 -1.000000
vn -0.000000 0.000000 -1.000000
vn -0.000000 0.000000 -1.000000
vn -0.000000 0.000000 -1.000000
vn -0.000000 0.000000 -1.000000
vn 0.000000 0.000000 -1.000000
vn 0.000000 0.000000 -1.000000
vn 0.000000 0.000000 -1.000000
vn 0.000000 0.000000 -1.000000
vn 0.000000 0.000000 1.000000
vn 0.000000 0.000000 1.000000
vn 0.000000 0.000000 1.000000
vn -0.000000 0.000000 1.000000
vn 0.000000 0.000000 1.000000
vn 0.000000 0.000000 1.000000
vn -0.000000 0.000000 1.000000
vn 0.000000 0.000000 1.000000
vn 0.000000 0.000000 1.000000
vn 0.000000 0.000000 1.000000
vn 0.000000 0.000000 1.000000
vn 0.000000 0.000000 1.000000
vn 0.000000 0.000000 1.000000
vn -0.000000 0.000000 1.000000
vn -0.000000 0.000000 1.000000
vn -0.000000 0.000000 1.000000
vn 0.000000 0.000000 1.000000
vn -0.000000 0.000000 1.000000
vn 0.000000 0.000000 1.000000
vn -0.000000 0.000000 1.000000
vn 0.000000 0.000000 1.000000
vn 0.000000 0.000000 1.000000
vn 0.000000 0.000000 1.000000
vn 0.000000 0.000000 1.000000
vn 0.000000 0.000000 1.000000
vn 0.000000 0.000000 1.000000
vn 0.000000 0.000000 -1.000000
vn -0.000000 0.000000 -1.000000
vn 0.000000 0.000000 -1.000000
vn 0.000000 0.000000 -1.000000
vn -0.000000 0.000000 -1.000000
vn -0.000000 0.000000 -1.000000
vn -0.000000 0.000000 -1.000000
vn 0.000000 0.000000 -1.000000
vn 0.000000 0.000000 -1.000000
vn 0.000000 0.000000 -1.000000
vn -0.000000 0.000000 -1.000000
vn -0.000000 0.000000 -1.000000
vn -0.000000 0.000000 -1.000000
vn 0.000000 0.000000 1.000000
vn 0.000000 0.000000 1.000000
vn 0.000000 0.000000 1.000000
vn 0.000000 0.000000 1.000000
vn 0.000000 0.000000 1.000000
vn 0.000000 0.000000 1.000000
vn 0.000000 0.000000 1.000000
vn 0.000000 0.000000 1.000000
vn 0.000000 0.000000 1.000000
vn 0.000000 0.000000 1.000000
vn 0.000000 0.000000 1.000000
vn 0.000000 0.000000 1.000000
vn 0.000000 0.000000 1.000000
vn 0.000000 0.000000 -1.000000
vn 0.000000 0.000000 -1.000000
vn 0.000000 0.000000 -1.000000
vn -0.000000 0.000000 -1.000000
vn 0.000000 0.000000 -1.000000
vn 0.000000 0.000000 -1.000000
vn 0.000000 0.000000 -1.000000
vn -0.000000 0.000000 -1.000000
vn 0.000000 0.000000 -1.000000
vn -0.000000 0.000000 -1.000000
vn -0.000000 0.000000 -1.000000
vn 0.000000 0.000000 -1.000000
vn 0.000000 0.000000 -1.000000
vn 0.000000 0.000000 1.000000
vn -0.000000 0.000000 1.000000
vn 0.000000 0.000000 1.000000
vn 0.000000 0.000000 1.000000
vn 0.000000 0.000000 1.000000
vn 0.000000 0.000000 1.000000
vn 0.000000 0.000000 1.000000
vn 0.000000 0.000000 1.000000
vn 0.000000 0.000000 1.000000
vn 0.000000 0.000000 1.000000
vn -0.000000 0.000000 1.000000
vn -0.000000 0.000000 1.000000
vn 0.000000 0.000000 1.000000
vn -0.000000 0.000000 -1.000000
vn -0.000000 0.000000 -1.000000
vn -0.000000 0.000000 -1.000000
vn 0.000000 0.000000 -1.000000
vn 0.000000 0.000000 -1.000000
vn 0.000000 0.000000 -1.000000
vn 0.000000 0.000000 -1.000000
vn -0.000000 0.000000 -1.000000
vn -0.000000 0.000000 -1.000000
vn 0.000000 0.000000 -1.000000
vn 0.000000 0.000000 -1.000000
vn 0.000000 0.000000 -1.000000
vn 0.000000 0.000000 -1.000000
s 1
g blade_luminous
f 3954/5329/4874 3955/5332/4875 3966/5330/4876
f 3966/5330/4876 3955/5332/4875 3965/5331/4877
f 3964/5333/4878 3956/5335/4879 3963/5334/4880
f 3963/5334/4880 3956/5335/4879 3962/5336/4881
f 3962/5336/4881 3956/5335/4879 3957/5337/4882
f 3962/5336/4881 3957/5337/4882 3961/5338/4883
f 3961/5338/4883 3957/5337/4882 3958/5339/4884
f 3961/5338/4883 3958/5339/4884 3960/5340/4885
f 3960/5340/4885 3958/5339/4884 3959/5341/4886
f 3965/5331/4877 3955/5332/4875 3964/5333/4878
f 3964/5333/4878 3955/5332/4875 3956/5335/4879
s 3
f 3967/5342/4887 3968/5345/4888 3979/5343/4889
f 3979/5343/4889 3968/5345/4888 3978/5344/4890
f 3977/5346/4891 3969/5348/4892 3976/5347/4893
f 3976/5347/4893 3969/5348/4892 3975/5349/4894
f 3975/5349/4894 3969/5348/4892 3970/5350/4895
f 3975/5349/4894 3970/5350/4895 3974/5351/4896
f 3974/5351/4896 3970/5350/4895 3971/5352/4897
f 3974/5351/4896 3971/5352/4897 3973/5353/4898
f 3973/5353/4898 3971/5352/4897 3972/5354/4899
f 3978/5344/4890 3968/5345/4888 3977/5346/4891
f 3977/5346/4891 3968/5345/4888 3969/5348/4892
s 5
f 3980/5355/4900 3992/5356/4901 3981/5358/4902
f 3981/5358/4902 3992/5356/4901 3991/5357/4903
f 3990/5359/4904 3989/5360/4905 3982/5361/4906
f 3989/5360/4905 3988/5362/4907 3982/5361/4906
f 3982/5361/4906 3988/5362/4907 3983/5363/4908
f 3988/5362/4907 3987/5364/4909 3983/5363/4908
f 3983/5363/4908 3987/5364/4909 3984/5365/4910
f 3987/5364/4909 3986/5366/4911 3984/5365/4910
f 3984/5365/4910 3986/5366/4911 3985/5367/4912
f 3991/5357/4903 3990/5359/4904 3981/5358/4902
f 3981/5358/4902 3990/5359/4904 3982/5361/4906
s 7
f 3993/5368/4913 4005/5369/4914 3994/5370/4915
f 3994/5370/4915 4005/5369/4914 3995/5371/4916
f 3995/5371/4916 4005/5369/4914 3996/5372/4917
f 3996/5372/4917 4005/5369/4914 3997/5373/4918
f 3997/5373/4918 4005/5369/4914 3998/5374/4919
f 3998/5374/4919 4005/5369/4914 3999/5375/4920
f 3999/5375/4920 4005/5369/4914 4000/5376/4921
f 4000/5376/4921 4005/5369/4914 4001/5377/4922
f 4001/5377/4922 4005/5369/4914 4002/5378/4923
f 4002/5378/4923 4005/5369/4914 4003/5379/4924
f 4003/5379/4924 4005/5369/4914 4004/5380/4925
f 4004/5380/4925 4005/5369/4914 3993/5368/4913
s 8
f 4006/5381/4926 4007/5382/4927 4018/5383/4928
f 4007/5382/4927 4008/5384/4929 4018/5383/4928
f 4008/5384/4929 4009/5385/4930 4018/5383/4928
f 4009/5385/4930 4010/5386/4931 4018/5383/4928
f 4010/5386/4931 4011/5387/4932 4018/5383/4928
f 4011/5387/4932 4012/5388/4933 4018/5383/4928
f 4012/5388/4933 4013/5389/4934 4018/5383/4928
f 4013/5389/4934 4014/5390/4935 4018/5383/4928
f 4014/5390/4935 4015/5391/4936 4018/5383/4928
f 4015/5391/4936 4016/5392/4937 4018/5383/4928
f 4016/5392/4937 4017/5393/4938 4018/5383/4928
f 4017/5393/4938 4006/5381/4926 4018/5383/4928
s 9
f 4019/5394/4939 4031/5395/4940 4020/5397/4941
f 4020/5397/4941 4031/5395/4940 4030/5396/4942
f 4029/5398/4943 4028/5399/4944 4021/5400/4945
f 4028/5399/4944 4027/5401/4946 4021/5400/4945
f 4021/5400/4945 4027/5401/4946 4022/5402/4947
f 4027/5401/4946 4026/5403/4948 4022/5402/4947
f 4022/5402/4947 4026/5403/4948 4023/5404/4949
f 4026/5403/4948 4025/5405/4950 4023/5404/4949
f 4023/5404/4949 4025/5405/4950 4024/5406/4951
f 4030/5396/4942 4029/5398/4943 4020/5397/4941
f 4020/5397/4941 4029/5398/4943 4021/5400/4945
s 11
f 4032/5407/4952 4044/5408/4953 4033/5409/4954
f 4033/5409/4954 4044/5408/4953 4034/5410/4955
f 4034/5410/4955 4044/5408/4953 4035/5411/4956
f 4035/5411/4956 4044/5408/4953 4036/5412/4957
f 4036/5412/4957 4044/5408/4953 4037/5413/4958
f 4037/5413/4958 4044/5408/4953 4038/5414/4959
f 4038/5414/4959 4044/5408/4953 4039/5415/4960
f 4039/5415/4960 4044/5408/4953 4040/5416/4961
f 4040/5416/4961 4044/5408/4953 4041/5417/4962
f 4041/5417/4962 4044/5408/4953 4042/5418/4963
f 4042/5418/4963 4044/5408/4953 4043/5419/4964
f 4043/5419/4964 4044/5408/4953 4032/5407/4952
s 12
f 4045/5420/4965 4046/5421/4966 4057/5422/4967
f 4046/5421/4966 4047/5423/4968 4057/5422/4967
f 4047/5423/4968 4048/5424/4969 4057/5422/4967
f 4048/5424/4969 4049/5425/4970 4057/5422/4967
f 4049/5425/4970 4050/5426/4971 4057/5422/4967
f 4050/5426/4971 4051/5427/4972 4057/5422/4967
f 4051/5427/4972 4052/5428/4973 4057/5422/4967
f 4052/5428/4973 4053/5429/4974 4057/5422/4967
f 4053/5429/4974 4054/5430/4975 4057/5422/4967
f 4054/5430/4975 4055/5431/4976 4057/5422/4967
f 4055/5431/4976 4056/5432/4977 4057/5422/4967
f 4056/5432/4977 4045/5420/4965 4057/5422/4967
