# This file uses centimeters as units for non-parametric coordinates.

g default
v -34.505035 -2.855080 2.197418
v -47.058578 -3.315830 2.197418
v -34.969093 13.341682 1.445223
v -47.522659 12.880924 1.445223
v -34.750095 5.697784 2.590406
v -47.303658 5.237022 2.590406
v -34.969093 13.341682 0.000000
v -47.522659 12.880924 0.000000
v -47.303658 5.237022 0.000000
v -47.058578 -3.315830 0.000000
v -34.505035 -2.855080 0.000000
v -34.505035 -2.855080 -2.197418
v -47.058578 -3.315830 -2.197418
v -34.969093 13.341682 -1.445223
v -47.522659 12.880924 -1.445223
v -34.750095 5.697784 -2.590406
v -47.303658 5.237022 -2.590406
v -34.969093 13.341682 0.000000
v -47.522659 12.880924 0.000000
v -47.303658 5.237022 0.000000
v -47.058578 -3.315830 0.000000
v -34.505035 -2.855080 0.000000
v -33.194801 -12.242702 2.453531
v -33.238159 -10.728806 6.695238
v -33.425201 -4.200363 11.596483
v -33.680763 4.717644 13.390461
v -26.000072 -12.036556 2.453531
v -26.043430 -10.522667 6.695238
v -26.230469 -3.994217 11.596483
v -26.485992 4.923794 13.390461
v -33.230324 -11.002419 2.159746
v -26.035591 -10.796272 2.159746
v -33.269325 -9.641148 5.893548
v -26.074594 -9.434998 5.893548
v -33.441353 -3.637947 10.340273
v -26.246620 -3.431801 10.340273
v -33.680763 4.717644 12.006845
v -26.485992 4.923794 12.006845
v -34.166679 21.677994 2.453531
v -34.123322 20.164112 6.695238
v -33.936287 13.635674 11.596483
v -26.971951 21.884144 2.453531
v -26.928593 20.370251 6.695238
v -26.741554 13.841820 11.596483
v -34.131165 20.437714 2.159746
v -26.936432 20.643852 2.159746
v -34.092159 19.076447 5.893548
v -26.897429 19.282593 5.893548
v -33.920135 13.073235 10.340273
v -26.725403 13.279385 10.340273
v -33.464462 28.165188 10.152245
v -33.180817 18.265854 17.584196
v -28.044559 28.320477 10.152245
v -27.760937 18.421135 17.584196
v -33.561775 31.561640 12.655667
v -28.141876 31.716934 12.655667
v -33.231140 20.022156 21.506948
v -27.811260 20.177452 21.506948
v -32.909576 8.799934 19.488390
v -32.924690 9.326828 23.689634
v -27.504791 9.482124 23.689634
v -27.489695 8.955231 19.488390
v -33.537132 30.701572 3.045684
v -33.649540 34.624638 3.796710
v -28.229639 34.779930 3.796710
v -28.117252 30.856863 3.045684
v -33.464462 28.165188 -10.152245
v -33.180817 18.265854 -17.584196
v -28.044559 28.320477 -10.152245
v -27.760937 18.421135 -17.584196
v -33.561775 31.561640 -12.655667
v -28.141876 31.716934 -12.655667
v -33.231140 20.022156 -21.506948
v -27.811260 20.177452 -21.506948
v -32.909576 8.799934 -19.488390
v -32.924690 9.326828 -23.689634
v -27.504791 9.482124 -23.689634
v -27.489695 8.955231 -19.488390
v -33.537132 30.701572 -3.045684
v -33.649540 34.624638 -3.796710
v -28.229639 34.779930 -3.796710
v -28.117252 30.856863 -3.045684
v -32.122253 -18.678993 -10.152245
v -32.405891 -8.779655 -17.584196
v -26.702370 -18.523697 -10.152245
v -26.985992 -8.624371 -17.584196
v -32.024933 -22.075447 -12.655667
v -26.605053 -21.920166 -12.655667
v -32.355572 -10.535965 -21.506948
v -26.935671 -10.380680 -21.506948
v -32.677135 0.686260 -19.488390
v -32.662018 0.159367 -23.689634
v -27.242138 0.314651 -23.689634
v -27.257235 0.841545 -19.488390
v -32.049561 -21.215374 -3.045684
v -31.937172 -25.138435 -3.796710
v -26.517271 -24.983150 -3.796710
v -26.629677 -21.060085 -3.045684
v -32.122253 -18.678993 10.152245
v -32.405891 -8.779655 17.584196
v -26.702370 -18.523697 10.152245
v -26.985992 -8.624371 17.584196
v -32.024933 -22.075447 12.655667
v -26.605053 -21.920166 12.655667
v -32.355572 -10.535965 21.506948
v -26.935671 -10.380680 21.506948
v -32.677135 0.686260 19.488390
v -32.662018 0.159367 23.689634
v -27.242138 0.314651 23.689634
v -27.257235 0.841545 19.488390
v -32.049561 -21.215374 3.045684
v -31.937172 -25.138435 3.796710
v -26.517271 -24.983150 3.796710
v -26.629677 -21.060085 3.045684
v -33.194801 -12.242702 -2.453531
v -33.238159 -10.728806 -6.695238
v -33.425201 -4.200363 -11.596483
v -33.680763 4.717644 -13.390461
v -26.000072 -12.036556 -2.453531
v -26.043430 -10.522667 -6.695238
v -26.230469 -3.994217 -11.596483
v -26.485992 4.923794 -13.390461
v -33.230324 -11.002419 -2.159746
v -26.035591 -10.796272 -2.159746
v -33.269325 -9.641148 -5.893548
v -26.074594 -9.434998 -5.893548
v -33.441353 -3.637947 -10.340273
v -26.246620 -3.431801 -10.340273
v -33.680763 4.717644 -12.006845
v -26.485992 4.923794 -12.006845
v -34.166679 21.677994 -2.453531
v -34.123322 20.164112 -6.695238
v -33.936287 13.635674 -11.596483
v -26.971951 21.884144 -2.453531
v -26.928593 20.370251 -6.695238
v -26.741554 13.841820 -11.596483
v -34.131165 20.437714 -2.159746
v -26.936432 20.643852 -2.159746
v -34.092159 19.076447 -5.893548
v -26.897429 19.282593 -5.893548
v -33.920135 13.073235 -10.340273
v -26.725403 13.279385 -10.340273
v -35.191143 17.169518 5.411524
v -35.039948 11.892776 9.373036
v -34.833435 4.684654 10.823050
v -34.626884 -2.523495 9.373036
v -34.475716 -7.800209 5.411524
v -34.420357 -9.731628 -0.000002
v -34.475716 -7.800209 -5.411528
v -34.626884 -2.523495 -9.373042
v -34.833435 4.684654 -10.823053
v -35.039948 11.892776 -9.373042
v -35.191143 17.169518 -5.411528
v -35.246502 19.100925 -0.000002
v -25.690987 17.441711 5.411524
v -25.539795 12.164982 9.373036
v -25.333282 4.956848 10.823050
v -25.126749 -2.251293 9.373036
v -24.975559 -7.527996 5.411524
v -24.920200 -9.459427 -0.000002
v -24.975559 -7.527996 -5.411528
v -25.126749 -2.251293 -9.373042
v -25.333282 4.956848 -10.823053
v -25.539795 12.164982 -9.373042
v -25.690987 17.441711 -5.411528
v -25.746346 19.373131 -0.000002
v -35.191143 17.169518 -0.000002
v -35.039948 11.892776 -0.000002
v -34.833435 4.684654 -0.000002
v -34.626884 -2.523495 -0.000002
v -34.475716 -7.800209 -0.000002
v -25.690987 17.441711 -0.000002
v -25.539795 12.164982 -0.000002
v -25.333282 4.956848 -0.000002
v -25.126749 -2.251293 -0.000002
v -24.975559 -7.527996 -0.000003
v -62.925720 -2.687378 -1.227700
v -46.864235 -2.221313 -1.227700
v -47.041855 3.978451 -1.447525
v -63.105255 3.577236 -1.447525
v -47.263031 11.698936 -0.000003
v -63.324398 11.224297 -0.000003
v -46.864235 -2.221313 -0.000003
v -62.925720 -2.687378 -0.000003
v -118.689362 -5.940746 -1.227700
v -119.361809 0.634117 -1.447525
v -120.089966 7.789900 -0.000003
v -118.689362 -5.940746 -0.000003
v -62.925720 -2.687378 1.227694
v -46.864235 -2.221313 1.227694
v -47.041855 3.978451 1.447519
v -63.105255 3.577236 1.447519
v -118.689362 -5.940746 1.227694
v -119.361809 0.634117 1.447519
v 34.572144 6.673294 5.470903
v 35.427490 8.401031 5.470903
v 38.680618 10.037811 5.470903
v 38.773575 6.793678 5.470903
v 41.686085 11.028767 5.470903
v 42.900299 9.519997 5.470903
v 43.972801 12.957203 5.470903
v 45.770489 11.518375 5.279977
v 45.669525 16.030678 5.273644
v 51.775356 13.713028 3.923161
v 41.784412 6.879944 5.470903
v 42.974930 6.914059 5.470903
v 31.002247 6.571007 2.735452
v 33.097221 10.715332 2.735452
v 36.350349 12.352112 2.735452
v 39.355812 13.343067 2.735452
v 41.885460 14.966190 2.735452
v 43.840797 17.188328 2.735452
v 45.573917 18.378918 2.639989
v 51.822327 15.790192 1.949674
v 51.775356 13.713028 1.961580
v 45.770489 11.518375 2.639989
v 42.900299 9.519997 2.735452
v 42.974930 6.914059 2.735452
v 36.332779 12.964054 -0.000000
v 39.338242 13.955002 -0.000000
v 41.867966 15.578136 -0.000000
v 43.823261 17.800282 -0.000000
v 45.556343 18.990852 -0.000000
v 51.804790 16.402138 -0.000000
v 51.775356 13.713028 -0.000000
v 45.770489 11.518375 -0.000000
v 42.900299 9.519997 -0.000000
v 42.974930 6.914059 -0.000000
v 35.524979 4.997360 5.470903
v 38.866531 3.549545 5.470903
v 41.923801 2.732300 5.470903
v 43.049637 4.308121 5.470903
v 44.317184 0.937965 5.470903
v 46.029537 2.477364 5.279977
v 46.187141 -2.033318 5.273644
v 52.150215 0.630127 3.923161
v 33.331081 2.553429 2.735452
v 36.672592 1.105614 2.735452
v 39.729866 0.288368 2.735452
v 42.348335 -1.187263 2.735452
v 44.427658 -3.293785 2.735452
v 46.226112 -4.383179 2.639989
v 52.316078 -1.440926 1.949674
v 52.150215 0.630127 1.961580
v 46.029537 2.477364 2.639989
v 43.049637 4.308121 2.735452
v 36.690125 0.493668 -0.000000
v 39.747360 -0.323586 -0.000000
v 42.365833 -1.799210 -0.000000
v 44.445190 -3.905746 -0.000000
v 46.243641 -4.995125 -0.000000
v 52.333576 -2.052872 -0.000000
v 52.150215 0.630127 -0.000000
v 46.029537 2.477364 -0.000000
v 43.049637 4.308121 -0.000000
v 52.851227 -0.126289 -0.000000
v 52.823132 0.854057 3.472898
v 52.746395 3.532387 4.851208
v 52.536694 10.849678 4.851208
v 52.459991 13.528000 3.472898
v 52.431904 14.508324 -0.000000
v 56.830498 3.569817 -0.000000
v 56.816147 4.070641 1.411033
v 56.776939 5.438904 2.332456
v 56.669872 9.177063 2.332456
v 56.630630 10.545322 1.411033
v 56.616318 11.046146 -0.000000
v 56.723392 7.307983 -0.000000
v 54.772202 4.118118 4.080092
v 54.837883 1.825760 2.776284
v 54.861923 0.986717 -0.000000
v 54.503029 13.512302 -0.000000
v 54.527069 12.673248 2.776286
v 54.592751 10.380901 4.080093
v 51.953148 -0.152023 -0.000000
v 47.945736 0.714302 3.472898
v 43.079800 3.255409 4.851208
v 42.870140 10.572704 4.851208
v 47.582596 13.388248 3.472898
v 51.533787 14.482590 -0.000000
v 34.572144 6.673294 -5.470903
v 35.427490 8.401031 -5.470903
v 38.680618 10.037811 -5.470903
v 38.773575 6.793678 -5.470903
v 41.686085 11.028767 -5.470903
v 42.900299 9.519997 -5.470903
v 43.972801 12.957203 -5.470903
v 45.770489 11.518375 -5.279977
v 45.669525 16.030678 -5.273644
v 51.775356 13.713028 -3.923161
v 41.784412 6.879944 -5.470903
v 42.974930 6.914059 -5.470903
v 31.002247 6.571007 -2.735452
v 33.097221 10.715332 -2.735452
v 36.350349 12.352112 -2.735452
v 39.355812 13.343067 -2.735452
v 41.885460 14.966190 -2.735452
v 43.840797 17.188328 -2.735452
v 45.573917 18.378918 -2.639989
v 51.822327 15.790192 -1.949674
v 51.775356 13.713028 -1.961580
v 45.770489 11.518375 -2.639989
v 42.900299 9.519997 -2.735452
v 42.974930 6.914059 -2.735452
v 35.524979 4.997360 -5.470903
v 38.866531 3.549545 -5.470903
v 41.923801 2.732300 -5.470903
v 43.049637 4.308121 -5.470903
v 44.317184 0.937965 -5.470903
v 46.029537 2.477364 -5.279977
v 46.187141 -2.033318 -5.273644
v 52.150215 0.630127 -3.923161
v 33.331081 2.553429 -2.735452
v 36.672592 1.105614 -2.735452
v 39.729866 0.288368 -2.735452
v 42.348335 -1.187263 -2.735452
v 44.427658 -3.293785 -2.735452
v 46.226112 -4.383179 -2.639989
v 52.316078 -1.440926 -1.949674
v 52.150215 0.630127 -1.961580
v 46.029537 2.477364 -2.639989
v 43.049637 4.308121 -2.735452
v 52.823132 0.854057 -3.472898
v 52.746395 3.532387 -4.851208
v 52.536694 10.849678 -4.851208
v 52.459991 13.528000 -3.472898
v 56.816147 4.070641 -1.411033
v 56.776939 5.438904 -2.332456
v 56.669872 9.177063 -2.332456
v 56.630630 10.545322 -1.411033
v 54.772202 4.118118 -4.080092
v 54.837883 1.825760 -2.776284
v 54.527069 12.673248 -2.776286
v 54.592751 10.380901 -4.080093
v 47.945736 0.714302 -3.472898
v 43.079800 3.255409 -4.851208
v 42.870140 10.572704 -4.851208
v 47.582596 13.388248 -3.472898
v -25.299511 -2.737732 -0.000000
v -25.329008 -1.707584 -2.805571
v -25.409668 1.106876 -4.859389
v -25.519844 4.951504 -5.611142
v -25.629986 8.796124 -4.859389
v -25.710627 11.610573 -2.805571
v -25.740143 12.640720 -0.000000
v 38.957275 -0.080254 -0.000000
v 38.046574 0.815262 -2.515128
v 36.593075 3.291588 -4.356328
v 34.320545 6.666088 -5.030257
v 36.396168 10.165154 -4.356328
v 37.705490 12.720619 -2.515128
v 38.563385 13.666843 -0.000000
v 24.420650 14.077961 -0.000000
v 24.450165 13.047810 -2.805571
v 24.530807 10.233360 -4.859389
v 24.640965 6.388741 -5.611142
v 24.751123 2.544113 -4.859389
v 24.831804 -0.270355 -2.805571
v 24.861284 -1.300507 -0.000000
v -4.382819 13.252674 -0.000000
v -4.353302 12.222507 -2.805571
v -4.272643 9.408066 -4.859389
v -4.162503 5.563446 -5.611142
v -4.052343 1.718811 -4.859389
v -3.971684 -1.095638 -2.805571
v -3.942167 -2.125809 -0.000000
v 31.700592 6.591019 -5.174719
v 31.802183 3.045418 -4.481438
v 31.876554 0.449860 -2.587359
v 31.903774 -0.500183 -0.000000
v 31.497450 13.682194 -0.000000
v 31.524672 12.732155 -2.587359
v 31.599041 10.136593 -4.481438
v 16.616516 9.750069 -4.535430
v 3.656282 9.378723 -4.535430
v 3.759096 5.790421 -5.237065
v 16.719330 6.161766 -5.237065
v 3.861929 2.202091 -4.535430
v 16.822182 2.573429 -4.535430
v 3.937195 -0.424721 -2.618533
v 16.897446 -0.053383 -2.618533
v 3.964745 -1.386211 -0.000000
v 16.924995 -1.014877 -0.000000
v 3.553467 12.967045 -0.000000
v 16.513702 13.338387 -0.000000
v 3.581017 12.005554 -2.618533
v 16.541248 12.376900 -2.618533
v -9.918859 12.281754 -0.000000
v -9.892458 11.360313 -2.509427
v -9.820311 8.842957 -4.346454
v -9.721799 5.404160 -5.018855
v -9.623268 1.965343 -4.346454
v -9.551120 -0.552032 -2.509427
v -9.524718 -1.473454 -0.000000
v -25.329008 -1.707584 2.805571
v -25.409668 1.106876 4.859389
v -25.519844 4.951504 5.611142
v -25.629986 8.796124 4.859389
v -25.710627 11.610573 2.805571
v 38.046574 0.815262 2.515128
v 36.593075 3.291588 4.356328
v 34.320545 6.666088 5.030257
v 36.396168 10.165154 4.356328
v 37.705490 12.720619 2.515128
v 24.450165 13.047810 2.805571
v 24.530807 10.233360 4.859389
v 24.640965 6.388741 5.611142
v 24.751123 2.544113 4.859389
v 24.831804 -0.270355 2.805571
v -4.353302 12.222507 2.805571
v -4.272643 9.408066 4.859389
v -4.162503 5.563446 5.611142
v -4.052343 1.718811 4.859389
v -3.971684 -1.095638 2.805571
v 31.700592 6.591019 5.174719
v 31.802183 3.045418 4.481438
v 31.876554 0.449860 2.587359
v 31.524672 12.732155 2.587359
v 31.599041 10.136593 4.481438
v 16.616516 9.750069 4.535430
v 3.656282 9.378723 4.535430
v 3.759096 5.790421 5.237065
v 16.719330 6.161766 5.237065
v 3.861929 2.202091 4.535430
v 16.822182 2.573429 4.535430
v 3.937195 -0.424721 2.618533
v 16.897446 -0.053383 2.618533
v 3.581017 12.005554 2.618533
v 16.541248 12.376900 2.618533
v -9.892458 11.360313 2.509427
v -9.820311 8.842957 4.346454
v -9.721799 5.404160 5.018855
v -9.623268 1.965343 4.346454
v -9.551120 -0.552032 2.509427
v -25.608183 14.549210 4.391198
v -25.492002 10.495018 7.605803
v -25.333340 4.956932 8.782427
v -25.174658 -0.581177 7.605803
v -25.058477 -4.635368 4.391198
v -25.015959 -6.119282 -0.000033
v -25.058477 -4.635368 -4.391263
v -25.174658 -0.581177 -7.605866
v -25.333340 4.956932 -8.782492
v -25.492002 10.495018 -7.605866
v -25.608183 14.549210 -4.391263
v -25.650702 16.033134 -0.000033
v -24.980936 14.300816 4.273385
v -24.867977 10.359089 7.401746
v -24.713718 4.974686 8.546803
v -24.559422 -0.409767 7.401746
v -24.446482 -4.351448 4.273385
v -24.405161 -5.794216 -0.000033
v -24.446482 -4.351448 -4.273451
v -24.559422 -0.409767 -7.401812
v -24.713718 4.974686 -8.546869
v -24.867977 10.359089 -7.401812
v -24.980936 14.300816 -4.273451
v -25.022257 15.743568 -0.000033
v -25.566717 13.101994 3.558105
v -25.469055 9.694153 6.233816
v -24.853756 9.862789 6.421327
v -24.954504 13.378960 3.664878
v -25.333340 4.956932 7.234617
v -24.713718 4.974686 7.452426
v -25.197605 0.219688 6.233816
v -24.573643 0.086544 6.421327
v -25.099943 -3.188133 3.558105
v -24.472895 -3.429611 3.664878
v -25.064949 -4.410099 -0.000033
v -24.436773 -4.690300 -0.000033
v -25.099943 -3.188133 -3.558170
v -24.472895 -3.429611 -3.664944
v -25.197605 0.219688 -6.233881
v -24.573643 0.086544 -6.421392
v -25.333340 4.956932 -7.234683
v -24.713718 4.974686 -7.452492
v -25.469055 9.694153 -6.233881
v -24.853756 9.862789 -6.421392
v -25.566717 13.101994 -3.558170
v -24.954504 13.378960 -3.664944
v -25.601711 14.323952 -0.000033
v -24.990627 14.639648 -0.000033
v -34.558571 -4.907711 4.391198
v -34.674736 -0.853519 7.605803
v -34.833416 4.684570 8.782427
v -34.992096 10.222687 7.605803
v -35.108280 14.276878 4.391198
v -35.150795 15.760784 -0.000033
v -35.108280 14.276878 -4.391263
v -34.992096 10.222687 -7.605866
v -34.833416 4.684570 -8.782492
v -34.674736 -0.853519 -7.605866
v -34.558571 -4.907711 -4.391263
v -34.516052 -6.391632 -0.000033
v -35.185822 -4.659317 4.273385
v -35.298759 -0.717598 7.401746
v -35.453037 4.666817 8.546803
v -35.607334 10.051266 7.401746
v -35.720276 13.992950 4.273385
v -35.761597 15.435707 -0.000033
v -35.720276 13.992950 -4.273451
v -35.607334 10.051266 -7.401812
v -35.453037 4.666817 -8.546869
v -35.298759 -0.717598 -7.401812
v -35.185822 -4.659317 -4.273451
v -35.144501 -6.102066 -0.000033
v -34.600037 -3.460495 3.558105
v -34.697701 -0.052650 6.233816
v -35.313000 -0.221298 6.421327
v -35.212250 -3.737461 3.664878
v -34.833416 4.684570 7.234617
v -35.453037 4.666817 7.452426
v -34.969151 9.421810 6.233816
v -35.593113 9.554947 6.421327
v -35.066811 12.829636 3.558105
v -35.693840 13.071110 3.664878
v -35.101807 14.051594 -0.000033
v -35.729980 14.331802 -0.000033
v -35.066811 12.829636 -3.558170
v -35.693840 13.071110 -3.664944
v -34.969151 9.421810 -6.233881
v -35.593113 9.554947 -6.421392
v -34.833416 4.684570 -7.234683
v -35.453037 4.666817 -7.452492
v -34.697701 -0.052650 -6.233881
v -35.313000 -0.221298 -6.421392
v -34.600037 -3.460495 -3.558170
v -35.212250 -3.737461 -3.664944
v -34.565025 -4.682449 -0.000033
v -35.176109 -4.998150 -0.000033
v -118.689362 -5.940746 -0.000015
v -119.361809 0.634117 -0.000017
v -120.089966 7.789900 -0.000003
v -118.689362 -5.940746 0.000009
v -119.361809 0.634117 0.000012
vt 0.514089 0.436454
vt 0.500008 0.436778
vt 0.498538 0.352552
vt 0.512605 0.352267
vt 0.394653 0.437798
vt 0.385390 0.437695
vt 0.385875 0.353962
vt 0.396450 0.354061
vt 0.444389 0.438030
vt 0.444389 0.355144
vt 0.396325 0.344655
vt 0.444210 0.338823
vt 0.498286 0.338157
vt 0.514089 0.436454
vt 0.512605 0.352267
vt 0.498538 0.352552
vt 0.500008 0.436778
vt 0.394653 0.437798
vt 0.396450 0.354061
vt 0.385875 0.353962
vt 0.385390 0.437695
vt 0.444389 0.355144
vt 0.444389 0.438030
vt 0.444210 0.338823
vt 0.396325 0.344655
vt 0.498286 0.338157
vt 0.868881 0.984365
vt 0.826025 0.984365
vt 0.826025 0.958422
vt 0.868881 0.958422
vt 0.826025 0.909644
vt 0.868881 0.909644
vt 0.826025 0.854007
vt 0.868881 0.854008
vt 0.759276 0.981218
vt 0.761046 0.952856
vt 0.807357 0.952795
vt 0.807567 0.982229
vt 0.760794 0.900188
vt 0.807861 0.900272
vt 0.760761 0.841489
vt 0.808068 0.841531
vt 0.751761 0.978992
vt 0.752551 0.951799
vt 0.814799 0.951978
vt 0.814764 0.980725
vt 0.752053 0.900127
vt 0.815563 0.900286
vt 0.752044 0.841481
vt 0.815743 0.841539
vt 0.807242 0.990595
vt 0.759146 0.989584
vt 0.868881 0.726930
vt 0.868881 0.749593
vt 0.826025 0.749593
vt 0.826025 0.726930
vt 0.868881 0.798370
vt 0.826025 0.798370
vt 0.759525 0.704526
vt 0.807461 0.704356
vt 0.807555 0.730266
vt 0.761244 0.730122
vt 0.807965 0.782790
vt 0.760898 0.782790
vt 0.752747 0.731164
vt 0.751781 0.706737
vt 0.816101 0.705816
vt 0.814995 0.731098
vt 0.752158 0.782836
vt 0.815667 0.782792
vt 0.759410 0.696160
vt 0.807151 0.695236
vt 0.679066 0.887188
vt 0.678554 0.796703
vt 0.713505 0.796514
vt 0.713505 0.887170
vt 0.677633 0.730168
vt 0.714777 0.730705
vt 0.918168 0.928001
vt 0.886125 0.928001
vt 0.886125 0.865111
vt 0.918168 0.865111
vt 0.886125 0.816050
vt 0.918168 0.816050
vt 0.652352 0.885749
vt 0.651665 0.798256
vt 0.740461 0.798153
vt 0.740241 0.885207
vt 0.649581 0.734571
vt 0.742791 0.735030
vt 0.678165 0.943292
vt 0.651640 0.939007
vt 0.715936 0.942214
vt 0.742258 0.937624
vt 0.918168 0.966328
vt 0.886125 0.966328
vt 0.886125 0.986624
vt 0.918168 0.986624
vt 0.918168 0.797589
vt 0.886125 0.797589
vt 0.679066 0.887188
vt 0.713505 0.887170
vt 0.713505 0.796514
vt 0.678554 0.796703
vt 0.714777 0.730705
vt 0.677633 0.730168
vt 0.918168 0.928001
vt 0.918168 0.865111
vt 0.886125 0.865111
vt 0.886125 0.928001
vt 0.918168 0.816050
vt 0.886125 0.816050
vt 0.652352 0.885749
vt 0.651665 0.798256
vt 0.740461 0.798153
vt 0.740241 0.885207
vt 0.649581 0.734571
vt 0.742791 0.735030
vt 0.678165 0.943292
vt 0.651640 0.939007
vt 0.715936 0.942214
vt 0.742258 0.937624
vt 0.918168 0.966328
vt 0.886125 0.966328
vt 0.886125 0.986624
vt 0.918168 0.986624
vt 0.918168 0.797589
vt 0.886125 0.797589
vt 0.679066 0.887188
vt 0.678554 0.796703
vt 0.713505 0.796514
vt 0.713505 0.887170
vt 0.677633 0.730168
vt 0.714777 0.730705
vt 0.918168 0.928001
vt 0.886125 0.928001
vt 0.886125 0.865111
vt 0.918168 0.865111
vt 0.886125 0.816050
vt 0.918168 0.816050
vt 0.652352 0.885749
vt 0.651665 0.798256
vt 0.740461 0.798153
vt 0.740241 0.885207
vt 0.649581 0.734571
vt 0.742791 0.735030
vt 0.678165 0.943292
vt 0.651640 0.939007
vt 0.715936 0.942214
vt 0.742258 0.937624
vt 0.918168 0.966328
vt 0.886125 0.966328
vt 0.886125 0.986624
vt 0.918168 0.986624
vt 0.918168 0.797589
vt 0.886125 0.797589
vt 0.679066 0.887188
vt 0.713505 0.887170
vt 0.713505 0.796514
vt 0.678554 0.796703
vt 0.714777 0.730705
vt 0.677633 0.730168
vt 0.918168 0.928001
vt 0.918168 0.865111
vt 0.886125 0.865111
vt 0.886125 0.928001
vt 0.918168 0.816050
vt 0.886125 0.816050
vt 0.652352 0.885749
vt 0.651665 0.798256
vt 0.740461 0.798153
vt 0.740241 0.885207
vt 0.649581 0.734571
vt 0.742791 0.735030
vt 0.678165 0.943292
vt 0.651640 0.939007
vt 0.715936 0.942214
vt 0.742258 0.937624
vt 0.918168 0.966328
vt 0.886125 0.966328
vt 0.886125 0.986624
vt 0.918168 0.986624
vt 0.918168 0.797589
vt 0.886125 0.797589
vt 0.868881 0.984365
vt 0.826025 0.984365
vt 0.826025 0.958422
vt 0.868881 0.958422
vt 0.826025 0.909644
vt 0.868881 0.909644
vt 0.826025 0.854007
vt 0.868881 0.854008
vt 0.759276 0.981218
vt 0.761046 0.952856
vt 0.807357 0.952795
vt 0.807567 0.982229
vt 0.760794 0.900188
vt 0.807861 0.900272
vt 0.760761 0.841489
vt 0.808068 0.841531
vt 0.751761 0.978992
vt 0.752551 0.951799
vt 0.814799 0.951978
vt 0.814764 0.980725
vt 0.752053 0.900127
vt 0.815563 0.900286
vt 0.752044 0.841481
vt 0.815743 0.841539
vt 0.807242 0.990595
vt 0.759146 0.989584
vt 0.868881 0.726930
vt 0.868881 0.749593
vt 0.826025 0.749593
vt 0.826025 0.726930
vt 0.868881 0.798370
vt 0.826025 0.798370
vt 0.759525 0.704526
vt 0.807461 0.704356
vt 0.807555 0.730266
vt 0.761244 0.730122
vt 0.807965 0.782790
vt 0.760898 0.782790
vt 0.752747 0.731164
vt 0.751781 0.706737
vt 0.816101 0.705816
vt 0.814995 0.731098
vt 0.752158 0.782836
vt 0.815667 0.782792
vt 0.759410 0.696160
vt 0.807151 0.695236
vt 0.991123 0.547926
vt 0.991123 0.587786
vt 0.933724 0.587786
vt 0.933724 0.547926
vt 0.991123 0.632209
vt 0.933724 0.632209
vt 0.991123 0.676631
vt 0.933724 0.676631
vt 0.991123 0.716491
vt 0.933724 0.716491
vt 0.991123 0.751195
vt 0.933724 0.751195
vt 0.991123 0.785898
vt 0.933724 0.785898
vt 0.991123 0.825758
vt 0.933724 0.825758
vt 0.991123 0.870181
vt 0.933724 0.870181
vt 0.991123 0.914603
vt 0.933724 0.914603
vt 0.991123 0.954463
vt 0.933724 0.954464
vt 0.991123 0.989167
vt 0.933724 0.989167
vt 0.991123 0.513223
vt 0.933724 0.513223
vt 0.612325 0.890287
vt 0.583193 0.929107
vt 0.543398 0.929107
vt 0.543398 0.890287
vt 0.622988 0.837259
vt 0.543398 0.837259
vt 0.612325 0.785201
vt 0.543398 0.785201
vt 0.583193 0.747741
vt 0.543398 0.747741
vt 0.543398 0.733532
vt 0.503603 0.747741
vt 0.474471 0.785201
vt 0.463808 0.837259
vt 0.474471 0.890287
vt 0.503603 0.929107
vt 0.543398 0.942458
vt 0.503598 0.929092
vt 0.474466 0.890273
vt 0.543393 0.890273
vt 0.543393 0.929092
vt 0.463803 0.837244
vt 0.543393 0.837244
vt 0.474466 0.785187
vt 0.543393 0.785187
vt 0.503598 0.747727
vt 0.543393 0.747727
vt 0.543393 0.733518
vt 0.583188 0.747727
vt 0.612320 0.785187
vt 0.622983 0.837244
vt 0.612320 0.890273
vt 0.583188 0.929092
vt 0.543393 0.942444
vt 0.058005 0.927139
vt 0.081370 0.927614
vt 0.080199 0.987476
vt 0.057101 0.987128
vt 0.110377 0.928207
vt 0.109455 0.987963
vt 0.053430 0.927134
vt 0.052529 0.987067
vt 0.056755 0.718836
vt 0.052181 0.718895
vt 0.081370 0.717703
vt 0.108684 0.716480
vt 0.058005 0.927139
vt 0.057101 0.987128
vt 0.080199 0.987476
vt 0.081370 0.927614
vt 0.109455 0.987963
vt 0.110377 0.928207
vt 0.053430 0.927134
vt 0.052529 0.987067
vt 0.056755 0.718836
vt 0.052181 0.718895
vt 0.081370 0.717703
vt 0.108684 0.716480
vt 0.336947 0.766565
vt 0.336947 0.793184
vt 0.358313 0.792549
vt 0.347632 0.772102
vt 0.354589 0.819708
vt 0.366537 0.839474
vt 0.376521 0.827236
vt 0.364954 0.811793
vt 0.385232 0.879752
vt 0.394734 0.838578
vt 0.336947 0.812566
vt 0.336947 0.820289
vt 0.336325 0.740059
vt 0.365205 0.753638
vt 0.378010 0.775201
vt 0.386885 0.792722
vt 0.397236 0.809821
vt 0.409633 0.825437
vt 0.416835 0.837995
vt 0.404567 0.881711
vt 0.416058 0.972074
vt 0.429620 0.972151
vt 0.416057 0.959270
vt 0.374325 0.967645
vt 0.374325 0.950413
vt 0.351496 0.967022
vt 0.351496 0.949167
vt 0.334479 0.967022
vt 0.334479 0.949167
vt 0.403131 0.785424
vt 0.394789 0.768858
vt 0.413401 0.801991
vt 0.425196 0.818256
vt 0.432207 0.830417
vt 0.417123 0.884824
vt 0.433398 0.843415
vt 0.416058 0.984878
vt 0.433612 0.984879
vt 0.374325 0.984878
vt 0.351496 0.984878
vt 0.334479 0.984878
vt 0.326261 0.772102
vt 0.315580 0.792549
vt 0.319304 0.819708
vt 0.308939 0.811793
vt 0.297372 0.827236
vt 0.307356 0.839474
vt 0.279159 0.838578
vt 0.288661 0.879752
vt 0.307445 0.753638
vt 0.294640 0.775201
vt 0.287008 0.792722
vt 0.276657 0.809821
vt 0.264260 0.825437
vt 0.257058 0.837995
vt 0.269327 0.881711
vt 0.252901 0.972074
vt 0.252901 0.959269
vt 0.239339 0.972151
vt 0.294633 0.967645
vt 0.294633 0.950413
vt 0.317462 0.967022
vt 0.317462 0.949167
vt 0.277860 0.768858
vt 0.269935 0.785424
vt 0.259666 0.801991
vt 0.247870 0.818256
vt 0.240860 0.830417
vt 0.239961 0.843601
vt 0.256315 0.884824
vt 0.235347 0.984879
vt 0.252901 0.984878
vt 0.294633 0.984878
vt 0.317462 0.984878
vt 0.382416 0.519521
vt 0.391903 0.533535
vt 0.407813 0.524785
vt 0.403413 0.510774
vt 0.424035 0.522483
vt 0.421162 0.508228
vt 0.463597 0.523319
vt 0.466916 0.509215
vt 0.479767 0.525928
vt 0.484548 0.511971
vt 0.495300 0.535197
vt 0.505256 0.521372
vt 0.250799 0.941863
vt 0.336447 0.941863
vt 0.262273 0.909699
vt 0.293622 0.888695
vt 0.379270 0.888696
vt 0.410620 0.909699
vt 0.422094 0.941863
vt 0.456638 0.540736
vt 0.430355 0.540736
vt 0.418375 0.543478
vt 0.409608 0.549043
vt 0.468466 0.544166
vt 0.476979 0.550089
vt 0.399495 0.479791
vt 0.380086 0.513730
vt 0.419434 0.448292
vt 0.469621 0.447758
vt 0.489063 0.480692
vt 0.507774 0.515609
vt 0.336947 0.766565
vt 0.347632 0.772102
vt 0.358313 0.792549
vt 0.336947 0.793184
vt 0.354589 0.819708
vt 0.364954 0.811793
vt 0.376521 0.827236
vt 0.366537 0.839474
vt 0.394734 0.838578
vt 0.385232 0.879752
vt 0.336947 0.812566
vt 0.336947 0.820289
vt 0.336325 0.740059
vt 0.365205 0.753638
vt 0.378010 0.775201
vt 0.386885 0.792722
vt 0.397236 0.809821
vt 0.409633 0.825437
vt 0.416835 0.837995
vt 0.404567 0.881711
vt 0.416058 0.972074
vt 0.416057 0.959270
vt 0.429620 0.972151
vt 0.374325 0.967645
vt 0.374325 0.950413
vt 0.351496 0.967022
vt 0.351496 0.949167
vt 0.334479 0.967022
vt 0.334479 0.949167
vt 0.394789 0.768858
vt 0.403131 0.785424
vt 0.413401 0.801991
vt 0.425196 0.818256
vt 0.432207 0.830417
vt 0.433398 0.843415
vt 0.417123 0.884824
vt 0.433612 0.984879
vt 0.416058 0.984878
vt 0.374325 0.984878
vt 0.351496 0.984878
vt 0.334479 0.984878
vt 0.315580 0.792549
vt 0.326261 0.772102
vt 0.319304 0.819708
vt 0.307356 0.839474
vt 0.297372 0.827236
vt 0.308939 0.811793
vt 0.288661 0.879752
vt 0.279159 0.838578
vt 0.307445 0.753638
vt 0.294640 0.775201
vt 0.287008 0.792722
vt 0.276657 0.809821
vt 0.264260 0.825437
vt 0.257058 0.837995
vt 0.269327 0.881711
vt 0.252901 0.972074
vt 0.239339 0.972151
vt 0.252901 0.959269
vt 0.294633 0.967645
vt 0.294633 0.950413
vt 0.317462 0.967022
vt 0.317462 0.949167
vt 0.269935 0.785424
vt 0.277860 0.768858
vt 0.259666 0.801991
vt 0.247870 0.818256
vt 0.240860 0.830417
vt 0.256315 0.884824
vt 0.239961 0.843601
vt 0.252901 0.984878
vt 0.235347 0.984879
vt 0.294633 0.984878
vt 0.317462 0.984878
vt 0.382416 0.519521
vt 0.403413 0.510774
vt 0.407813 0.524785
vt 0.391903 0.533535
vt 0.421162 0.508228
vt 0.424035 0.522483
vt 0.466916 0.509215
vt 0.463597 0.523319
vt 0.484548 0.511971
vt 0.479767 0.525928
vt 0.505256 0.521372
vt 0.495300 0.535197
vt 0.250799 0.941863
vt 0.262273 0.909699
vt 0.336447 0.941863
vt 0.293622 0.888695
vt 0.379270 0.888696
vt 0.410620 0.909699
vt 0.422094 0.941863
vt 0.456638 0.540736
vt 0.430355 0.540736
vt 0.418375 0.543478
vt 0.409608 0.549043
vt 0.476979 0.550089
vt 0.468466 0.544166
vt 0.380086 0.513730
vt 0.399495 0.479791
vt 0.419434 0.448292
vt 0.469621 0.447758
vt 0.489063 0.480692
vt 0.507774 0.515609
vt 0.233119 0.349516
vt 0.252430 0.348754
vt 0.256325 0.446725
vt 0.238867 0.446853
vt 0.274886 0.348464
vt 0.276895 0.446626
vt 0.300103 0.348443
vt 0.300107 0.446622
vt 0.325319 0.348463
vt 0.323320 0.446626
vt 0.347776 0.348750
vt 0.343890 0.446724
vt 0.367086 0.349510
vt 0.361347 0.446851
vt 0.345998 0.641030
vt 0.364698 0.641204
vt 0.364839 0.688085
vt 0.346267 0.687286
vt 0.324360 0.625354
vt 0.324529 0.671374
vt 0.300088 0.613450
vt 0.300093 0.659356
vt 0.275816 0.625352
vt 0.275656 0.671375
vt 0.254177 0.641029
vt 0.253918 0.687291
vt 0.235477 0.641209
vt 0.235346 0.688096
vt 0.300095 0.676480
vt 0.277125 0.702651
vt 0.256951 0.727659
vt 0.239733 0.734203
vt 0.360468 0.734191
vt 0.343248 0.727653
vt 0.323069 0.702650
vt 0.323704 0.589207
vt 0.323749 0.531840
vt 0.344781 0.531896
vt 0.344675 0.589160
vt 0.300096 0.589239
vt 0.300096 0.531784
vt 0.276480 0.589200
vt 0.276450 0.531842
vt 0.255501 0.589148
vt 0.255424 0.531895
vt 0.237561 0.588927
vt 0.237435 0.532071
vt 0.362796 0.532080
vt 0.362591 0.588946
vt 0.346409 0.482261
vt 0.365425 0.482105
vt 0.324563 0.482208
vt 0.300107 0.482137
vt 0.275651 0.482207
vt 0.253807 0.482258
vt 0.234791 0.482104
vt 0.233119 0.349516
vt 0.238867 0.446853
vt 0.256325 0.446725
vt 0.252430 0.348754
vt 0.276895 0.446626
vt 0.274886 0.348464
vt 0.300107 0.446622
vt 0.300103 0.348443
vt 0.323320 0.446626
vt 0.325319 0.348463
vt 0.343890 0.446724
vt 0.347776 0.348750
vt 0.361347 0.446851
vt 0.367086 0.349510
vt 0.345998 0.641030
vt 0.346267 0.687286
vt 0.364839 0.688085
vt 0.364698 0.641204
vt 0.324360 0.625354
vt 0.324529 0.671374
vt 0.300088 0.613450
vt 0.300093 0.659356
vt 0.275816 0.625352
vt 0.275656 0.671375
vt 0.254177 0.641029
vt 0.253918 0.687291
vt 0.235477 0.641209
vt 0.235346 0.688096
vt 0.277125 0.702651
vt 0.300095 0.676480
vt 0.256951 0.727659
vt 0.239733 0.734203
vt 0.343248 0.727653
vt 0.360468 0.734191
vt 0.323069 0.702650
vt 0.323704 0.589207
vt 0.344675 0.589160
vt 0.344781 0.531896
vt 0.323749 0.531840
vt 0.300096 0.531784
vt 0.300096 0.589239
vt 0.276450 0.531842
vt 0.276480 0.589200
vt 0.255424 0.531895
vt 0.255501 0.589148
vt 0.237435 0.532071
vt 0.237561 0.588927
vt 0.362796 0.532080
vt 0.362591 0.588946
vt 0.346409 0.482261
vt 0.365425 0.482105
vt 0.324563 0.482208
vt 0.300107 0.482137
vt 0.275651 0.482207
vt 0.253807 0.482258
vt 0.234791 0.482104
vt 0.516851 0.678642
vt 0.520705 0.680100
vt 0.495035 0.705560
vt 0.492793 0.703001
vt 0.459349 0.715084
vt 0.459349 0.712112
vt 0.423663 0.705560
vt 0.425906 0.703001
vt 0.397994 0.680100
vt 0.401847 0.678642
vt 0.388790 0.646250
vt 0.393220 0.646250
vt 0.397994 0.612400
vt 0.401847 0.613858
vt 0.423663 0.586940
vt 0.425906 0.589498
vt 0.459349 0.577416
vt 0.459349 0.580387
vt 0.495035 0.586940
vt 0.492793 0.589498
vt 0.520705 0.612400
vt 0.516851 0.613857
vt 0.529909 0.646250
vt 0.525478 0.646250
vt 0.533337 0.688338
vt 0.502066 0.719148
vt 0.498658 0.714615
vt 0.527435 0.685721
vt 0.459349 0.730425
vt 0.459349 0.725192
vt 0.416632 0.719148
vt 0.420040 0.714615
vt 0.385361 0.688338
vt 0.391264 0.685721
vt 0.373915 0.646250
vt 0.380731 0.646250
vt 0.385361 0.604162
vt 0.391264 0.606779
vt 0.416632 0.573352
vt 0.420040 0.577884
vt 0.459349 0.562074
vt 0.459349 0.567308
vt 0.502066 0.573352
vt 0.498658 0.577884
vt 0.533337 0.604162
vt 0.527435 0.606779
vt 0.544783 0.646250
vt 0.537968 0.646250
vt 0.516851 0.678642
vt 0.520705 0.680100
vt 0.495035 0.705560
vt 0.492793 0.703001
vt 0.459349 0.715084
vt 0.459349 0.712112
vt 0.423663 0.705560
vt 0.425906 0.703001
vt 0.397994 0.680100
vt 0.401847 0.678642
vt 0.388790 0.646250
vt 0.393220 0.646250
vt 0.397994 0.612400
vt 0.401847 0.613858
vt 0.423663 0.586940
vt 0.425906 0.589498
vt 0.459349 0.577416
vt 0.459349 0.580387
vt 0.495035 0.586940
vt 0.492793 0.589498
vt 0.520705 0.612400
vt 0.516851 0.613857
vt 0.529909 0.646250
vt 0.525478 0.646250
vt 0.533337 0.688338
vt 0.502066 0.719148
vt 0.498658 0.714615
vt 0.527435 0.685721
vt 0.459349 0.730425
vt 0.459349 0.725192
vt 0.416632 0.719148
vt 0.420040 0.714615
vt 0.385361 0.688338
vt 0.391264 0.685721
vt 0.373915 0.646250
vt 0.380731 0.646250
vt 0.385361 0.604162
vt 0.391264 0.606779
vt 0.416632 0.573352
vt 0.420040 0.577884
vt 0.459349 0.562074
vt 0.459349 0.567308
vt 0.502066 0.573352
vt 0.498658 0.577884
vt 0.533337 0.604162
vt 0.527435 0.606779
vt 0.544783 0.646250
vt 0.537968 0.646250
vt 0.056755 0.718836
vt 0.081370 0.717703
vt 0.081370 0.717703
vt 0.108684 0.716480
vt 0.056755 0.718836
vt 0.081370 0.717703
vt 0.081370 0.717703
vt 0.108684 0.716480
vt 0.056755 0.718836
vt 0.081370 0.717703
vt 0.081370 0.717703
vt 0.056755 0.718836
vt 0.108684 0.716480
vt 0.081370 0.717703
vn 0.036678 -0.999327 0.000000
vn 0.036677 -0.999327 -0.000000
vn 0.036678 -0.999327 0.000000
vn 0.036677 -0.999327 -0.000000
vn -0.036677 0.999327 0.000000
vn -0.036679 0.999327 0.000000
vn -0.036677 0.999327 0.000000
vn -0.036679 0.999327 0.000000
vn -0.002288 0.062380 0.998050
vn -0.000515 0.014131 0.999900
vn 0.001245 -0.034038 0.999420
vn 0.001245 -0.034038 0.999420
vn -0.004053 0.110379 0.993881
vn -0.004053 0.110379 0.993881
vn -0.002288 0.062380 0.998050
vn -0.000515 0.014131 0.999900
vn -0.999590 -0.028641 0.000000
vn -0.999590 -0.028641 0.000000
vn -0.999590 -0.028638 0.000000
vn -0.999590 -0.028639 0.000000
vn -0.999590 -0.028641 0.000000
vn -0.999590 -0.028643 0.000000
vn -0.999590 -0.028641 0.000000
vn -0.999590 -0.028643 0.000000
vn 0.036678 -0.999327 0.000000
vn 0.036678 -0.999327 0.000000
vn 0.036677 -0.999327 -0.000000
vn 0.036677 -0.999327 -0.000000
vn -0.036677 0.999327 0.000000
vn -0.036677 0.999327 0.000000
vn -0.036679 0.999327 0.000000
vn -0.036679 0.999327 0.000000
vn 0.001245 -0.034038 -0.999420
vn -0.000515 0.014131 -0.999900
vn 0.001245 -0.034038 -0.999420
vn -0.002288 0.062380 -0.998050
vn -0.000515 0.014131 -0.999900
vn -0.004053 0.110379 -0.993881
vn -0.002288 0.062380 -0.998050
vn -0.004053 0.110379 -0.993881
vn -0.999590 -0.028641 0.000000
vn -0.999590 -0.028638 0.000000
vn -0.999590 -0.028641 0.000000
vn -0.999590 -0.028639 0.000000
vn -0.999590 -0.028641 0.000000
vn -0.999590 -0.028641 0.000000
vn -0.999590 -0.028643 0.000000
vn -0.999590 -0.028643 0.000000
vn -0.022840 0.797149 -0.603351
vn -0.021282 0.742763 -0.669217
vn -0.022841 0.797151 -0.603348
vn -0.021282 0.742763 -0.669217
vn -0.011215 0.391431 -0.920139
vn -0.011215 0.391430 -0.920139
vn 0.000000 0.000000 -1.000000
vn 0.000000 -0.000000 -1.000000
vn 0.026973 -0.941382 0.336262
vn 0.026972 -0.941382 0.336261
vn 0.021501 -0.750412 0.660620
vn 0.021501 -0.750412 0.660621
vn 0.011386 -0.397395 0.917577
vn 0.011386 -0.397395 0.917577
vn 0.000000 0.000000 1.000000
vn -0.000000 -0.000000 1.000000
vn -0.999590 -0.028641 0.000003
vn -0.999590 -0.028641 0.000004
vn -0.999590 -0.028631 -0.000002
vn -0.999590 -0.028629 -0.000003
vn 0.999590 0.028640 -0.000002
vn 0.999590 0.028627 0.000003
vn 0.999590 0.028640 -0.000003
vn 0.999590 0.028623 0.000005
vn -0.999589 -0.028655 0.000022
vn -0.999589 -0.028656 0.000022
vn 0.999590 0.028651 -0.000023
vn 0.999590 0.028651 -0.000023
vn -0.999590 -0.028640 -0.000000
vn -0.999590 -0.028639 0.000000
vn 0.999590 0.028640 -0.000000
vn 0.999590 0.028638 0.000000
vn 0.006599 -0.230307 -0.973096
vn 0.006599 -0.230307 -0.973096
vn 0.022839 -0.797153 -0.603346
vn 0.022840 -0.797149 -0.603350
vn 0.021282 -0.742762 -0.669217
vn 0.021282 -0.742763 -0.669217
vn 0.011216 -0.391430 -0.920139
vn 0.011216 -0.391430 -0.920140
vn -0.026973 0.941383 0.336259
vn -0.021501 0.750412 0.660620
vn -0.026972 0.941383 0.336260
vn -0.021501 0.750413 0.660620
vn -0.011386 0.397395 0.917577
vn -0.011386 0.397395 0.917577
vn -0.999590 -0.028619 0.000006
vn -0.999590 -0.028640 -0.000002
vn -0.999590 -0.028624 0.000004
vn -0.999590 -0.028641 -0.000002
vn 0.999590 0.028639 0.000002
vn 0.999590 0.028639 0.000003
vn 0.999590 0.028627 -0.000003
vn 0.999590 0.028623 -0.000005
vn -0.999590 -0.028649 -0.000023
vn -0.999590 -0.028650 -0.000023
vn 0.999589 0.028654 0.000022
vn 0.999589 0.028653 0.000022
vn -0.006599 0.230306 -0.973096
vn -0.006599 0.230308 -0.973095
vn -0.022094 0.771110 0.636319
vn -0.012727 0.444194 0.895840
vn -0.022094 0.771110 0.636319
vn -0.012728 0.444194 0.895840
vn -0.005725 0.199796 0.979821
vn -0.005725 0.199796 0.979821
vn 0.021761 -0.759481 -0.650166
vn 0.021760 -0.759481 -0.650166
vn 0.012433 -0.433951 -0.900850
vn 0.012433 -0.433951 -0.900851
vn 0.005646 -0.197054 -0.980376
vn 0.005646 -0.197054 -0.980376
vn -0.999590 -0.028642 -0.000000
vn -0.999590 -0.028641 0.000000
vn -0.999590 -0.028641 0.000000
vn -0.999590 -0.028640 0.000001
vn 0.999590 0.028641 0.000000
vn 0.999590 0.028639 0.000000
vn 0.999590 0.028641 0.000000
vn 0.999590 0.028640 0.000001
vn -0.999590 -0.028643 -0.000004
vn -0.999590 -0.028643 -0.000003
vn 0.999590 0.028643 -0.000000
vn 0.999590 0.028643 -0.000000
vn -0.999590 -0.028641 -0.000001
vn -0.999590 -0.028641 -0.000000
vn -0.027067 0.944674 0.326891
vn -0.027067 0.944674 0.326891
vn 0.999590 0.028637 -0.000004
vn 0.999590 0.028638 -0.000003
vn 0.026973 -0.941382 -0.336262
vn 0.026972 -0.941382 -0.336262
vn -0.005383 0.187872 -0.982179
vn -0.005383 0.187873 -0.982179
vn -0.005383 0.187873 -0.982179
vn -0.005383 0.187873 -0.982179
vn 0.028418 -0.991814 0.124489
vn 0.028418 -0.991814 0.124489
vn 0.028419 -0.991814 0.124489
vn 0.028419 -0.991814 0.124489
vn -0.022094 0.771110 -0.636319
vn -0.022094 0.771110 -0.636319
vn -0.012727 0.444194 -0.895840
vn -0.012728 0.444194 -0.895840
vn -0.005725 0.199796 -0.979821
vn -0.005725 0.199796 -0.979821
vn 0.021760 -0.759481 0.650166
vn 0.012433 -0.433951 0.900850
vn 0.021760 -0.759481 0.650166
vn 0.012433 -0.433951 0.900851
vn 0.005646 -0.197054 0.980376
vn 0.005646 -0.197054 0.980376
vn -0.999590 -0.028640 -0.000001
vn -0.999590 -0.028641 -0.000000
vn -0.999590 -0.028641 -0.000000
vn -0.999590 -0.028642 0.000000
vn 0.999590 0.028641 -0.000000
vn 0.999590 0.028641 -0.000000
vn 0.999590 0.028640 -0.000000
vn 0.999590 0.028640 -0.000001
vn -0.999590 -0.028643 0.000003
vn -0.999590 -0.028643 0.000004
vn 0.999590 0.028643 0.000000
vn 0.999590 0.028643 0.000000
vn -0.999590 -0.028641 0.000000
vn -0.999590 -0.028641 0.000001
vn -0.027067 0.944674 -0.326891
vn -0.027067 0.944674 -0.326891
vn 0.999590 0.028638 0.000003
vn 0.999590 0.028637 0.000004
vn 0.026973 -0.941382 0.336263
vn 0.026972 -0.941382 0.336262
vn -0.005383 0.187872 0.982179
vn -0.005383 0.187873 0.982179
vn -0.005383 0.187873 0.982179
vn -0.005383 0.187873 0.982179
vn 0.028418 -0.991814 -0.124489
vn 0.028418 -0.991814 -0.124489
vn 0.028418 -0.991814 -0.124489
vn 0.028419 -0.991814 -0.124489
vn 0.022093 -0.771110 -0.636319
vn 0.012727 -0.444193 -0.895841
vn 0.022093 -0.771110 -0.636318
vn 0.012727 -0.444194 -0.895840
vn 0.005724 -0.199796 -0.979821
vn 0.005724 -0.199796 -0.979821
vn -0.021761 0.759481 0.650166
vn -0.021761 0.759481 0.650166
vn -0.012433 0.433951 0.900851
vn -0.012433 0.433952 0.900850
vn -0.005646 0.197054 0.980376
vn -0.005646 0.197054 0.980376
vn -0.999590 -0.028640 0.000000
vn -0.999590 -0.028640 0.000000
vn -0.999590 -0.028641 -0.000000
vn -0.999590 -0.028641 -0.000000
vn 0.999590 0.028641 -0.000000
vn 0.999590 0.028641 -0.000000
vn 0.999590 0.028641 -0.000000
vn 0.999590 0.028641 -0.000000
vn -0.999590 -0.028644 -0.000005
vn -0.999590 -0.028643 -0.000003
vn 0.999590 0.028643 -0.000000
vn 0.999590 0.028643 -0.000000
vn -0.999590 -0.028637 0.000004
vn -0.999590 -0.028638 0.000002
vn 0.027066 -0.944675 -0.326889
vn 0.027066 -0.944675 -0.326889
vn 0.999590 0.028640 -0.000002
vn 0.999590 0.028641 -0.000002
vn -0.026972 0.941382 0.336262
vn -0.026973 0.941382 0.336262
vn 0.005383 -0.187873 0.982179
vn 0.005383 -0.187873 0.982179
vn 0.005383 -0.187873 0.982179
vn 0.005383 -0.187873 0.982179
vn -0.028416 0.991814 -0.124489
vn -0.028416 0.991814 -0.124489
vn -0.028416 0.991814 -0.124489
vn -0.028416 0.991814 -0.124489
vn 0.022093 -0.771110 0.636319
vn 0.022093 -0.771110 0.636318
vn 0.012726 -0.444193 0.895840
vn 0.012727 -0.444194 0.895840
vn 0.005724 -0.199796 0.979821
vn 0.005724 -0.199796 0.979821
vn -0.021761 0.759481 -0.650166
vn -0.012433 0.433951 -0.900851
vn -0.021761 0.759481 -0.650166
vn -0.012433 0.433952 -0.900850
vn -0.005646 0.197054 -0.980376
vn -0.005646 0.197054 -0.980376
vn -0.999590 -0.028641 0.000000
vn -0.999590 -0.028640 -0.000000
vn -0.999590 -0.028641 0.000000
vn -0.999590 -0.028640 -0.000000
vn 0.999590 0.028641 0.000000
vn 0.999590 0.028641 0.000000
vn 0.999590 0.028641 0.000000
vn 0.999590 0.028641 0.000000
vn -0.999590 -0.028643 0.000003
vn -0.999590 -0.028644 0.000005
vn 0.999590 0.028643 0.000000
vn 0.999590 0.028643 0.000000
vn -0.999590 -0.028638 -0.000002
vn -0.999590 -0.028637 -0.000004
vn 0.027066 -0.944675 0.326889
vn 0.027066 -0.944675 0.326889
vn 0.999590 0.028641 0.000002
vn 0.999590 0.028640 0.000002
vn -0.026972 0.941382 -0.336262
vn -0.026973 0.941382 -0.336262
vn 0.005383 -0.187873 -0.982179
vn 0.005383 -0.187873 -0.982179
vn 0.005383 -0.187873 -0.982179
vn 0.005383 -0.187873 -0.982179
vn -0.028416 0.991814 0.124489
vn -0.028416 0.991814 0.124489
vn -0.028416 0.991814 0.124489
vn -0.028416 0.991814 0.124489
vn -0.022840 0.797149 0.603351
vn -0.022841 0.797151 0.603348
vn -0.021282 0.742763 0.669217
vn -0.021282 0.742763 0.669217
vn -0.011215 0.391431 0.920139
vn -0.011215 0.391430 0.920139
vn 0.000000 0.000000 1.000000
vn 0.000000 -0.000000 1.000000
vn 0.026973 -0.941382 -0.336262
vn 0.021501 -0.750412 -0.660620
vn 0.026972 -0.941382 -0.336261
vn 0.021501 -0.750412 -0.660621
vn 0.011386 -0.397395 -0.917577
vn 0.011386 -0.397395 -0.917577
vn 0.000000 0.000000 -1.000000
vn 0.000000 -0.000000 -1.000000
vn -0.999590 -0.028629 0.000003
vn -0.999590 -0.028641 -0.000004
vn -0.999590 -0.028631 0.000002
vn -0.999590 -0.028641 -0.000003
vn 0.999590 0.028640 0.000002
vn 0.999590 0.028641 0.000003
vn 0.999590 0.028628 -0.000003
vn 0.999590 0.028624 -0.000005
vn -0.999589 -0.028654 -0.000022
vn -0.999589 -0.028655 -0.000022
vn 0.999590 0.028651 0.000023
vn 0.999590 0.028651 0.000023
vn -0.999590 -0.028640 0.000000
vn -0.999590 -0.028639 0.000000
vn 0.999590 0.028638 0.000000
vn 0.999590 0.028640 0.000000
vn 0.006599 -0.230307 0.973096
vn 0.006599 -0.230308 0.973096
vn 0.022839 -0.797153 0.603345
vn 0.021282 -0.742762 0.669217
vn 0.022840 -0.797149 0.603350
vn 0.021282 -0.742762 0.669217
vn 0.011216 -0.391430 0.920139
vn 0.011216 -0.391430 0.920140
vn -0.026973 0.941383 -0.336259
vn -0.026972 0.941383 -0.336260
vn -0.021501 0.750412 -0.660620
vn -0.021501 0.750413 -0.660620
vn -0.011386 0.397395 -0.917577
vn -0.011386 0.397395 -0.917577
vn -0.999590 -0.028640 0.000002
vn -0.999590 -0.028640 0.000002
vn -0.999590 -0.028624 -0.000004
vn -0.999590 -0.028619 -0.000006
vn 0.999590 0.028639 -0.000002
vn 0.999590 0.028627 0.000003
vn 0.999590 0.028639 -0.000003
vn 0.999590 0.028623 0.000005
vn -0.999590 -0.028649 0.000023
vn -0.999590 -0.028649 0.000023
vn 0.999589 0.028653 -0.000022
vn 0.999589 0.028654 -0.000022
vn -0.006599 0.230306 0.973096
vn -0.006599 0.230308 0.973095
vn -0.022700 0.792255 0.609768
vn -0.011386 0.397395 0.917577
vn -0.022700 0.792255 0.609768
vn -0.011386 0.397395 0.917577
vn -0.000000 0.000000 1.000000
vn 0.000000 0.000000 1.000000
vn 0.011386 -0.397395 0.917577
vn 0.011387 -0.397395 0.917577
vn 0.022701 -0.792256 0.609767
vn 0.022701 -0.792256 0.609767
vn 0.028641 -0.999590 0.000000
vn 0.028641 -0.999590 0.000000
vn 0.022701 -0.792255 -0.609767
vn 0.022701 -0.792256 -0.609767
vn 0.011387 -0.397395 -0.917577
vn 0.011386 -0.397395 -0.917577
vn 0.000000 0.000000 -1.000000
vn -0.000000 0.000000 -1.000000
vn -0.011386 0.397395 -0.917577
vn -0.011386 0.397395 -0.917577
vn -0.022700 0.792255 -0.609767
vn -0.022700 0.792255 -0.609768
vn -0.028641 0.999590 -0.000000
vn -0.028641 0.999590 -0.000001
vn -0.999590 -0.028643 0.000000
vn -0.999590 -0.028642 0.000000
vn -0.999590 -0.028642 0.000000
vn -0.999590 -0.028641 0.000000
vn -0.999590 -0.028638 0.000000
vn -0.999590 -0.028638 0.000000
vn -0.999590 -0.028638 0.000000
vn -0.999590 -0.028638 0.000000
vn -0.999590 -0.028643 0.000000
vn -0.999590 -0.028643 0.000000
vn -0.999590 -0.028643 0.000000
vn -0.999590 -0.028644 0.000000
vn -0.999590 -0.028636 0.000000
vn -0.999590 -0.028636 0.000000
vn -0.999590 -0.028636 0.000000
vn -0.999590 -0.028637 0.000000
vn -0.999589 -0.028652 0.000000
vn -0.999590 -0.028652 0.000000
vn -0.999589 -0.028652 0.000000
vn -0.999589 -0.028652 0.000000
vn -0.999589 -0.028652 0.000000
vn -0.999590 -0.028652 0.000000
vn -0.999590 -0.028637 0.000000
vn -0.999590 -0.028637 0.000000
vn -0.999590 -0.028637 0.000000
vn -0.999590 -0.028637 0.000000
vn -0.999590 -0.028643 0.000000
vn -0.999590 -0.028643 0.000000
vn -0.999590 -0.028643 0.000000
vn -0.999590 -0.028644 0.000000
vn -0.999590 -0.028638 0.000000
vn -0.999590 -0.028638 0.000000
vn -0.999590 -0.028638 0.000000
vn -0.999590 -0.028639 0.000000
vn -0.999590 -0.028642 0.000000
vn -0.999590 -0.028641 0.000000
vn -0.999590 -0.028641 0.000000
vn -0.999590 -0.028641 0.000000
vn -0.999590 -0.028652 0.000000
vn -0.999589 -0.028652 0.000000
vn -0.999590 -0.028652 0.000000
vn -0.999590 -0.028652 0.000000
vn -0.999590 -0.028652 0.000000
vn -0.999590 -0.028652 0.000000
vn 0.999590 0.028641 0.000000
vn 0.999590 0.028641 0.000000
vn 0.999590 0.028641 0.000000
vn 0.999590 0.028641 0.000000
vn 0.999590 0.028638 0.000000
vn 0.999590 0.028638 0.000000
vn 0.999590 0.028638 0.000000
vn 0.999590 0.028638 0.000000
vn 0.999590 0.028641 0.000000
vn 0.999590 0.028641 0.000000
vn 0.999590 0.028641 0.000000
vn 0.999590 0.028641 0.000000
vn 0.999590 0.028640 0.000000
vn 0.999590 0.028640 0.000000
vn 0.999590 0.028640 0.000000
vn 0.999590 0.028641 0.000000
vn 0.999589 0.028652 0.000000
vn 0.999589 0.028652 0.000000
vn 0.999589 0.028652 0.000000
vn 0.999590 0.028648 0.000000
vn 0.999590 0.028648 0.000000
vn 0.999590 0.028648 0.000000
vn 0.999590 0.028640 0.000000
vn 0.999590 0.028641 0.000000
vn 0.999590 0.028640 0.000000
vn 0.999590 0.028642 0.000000
vn 0.999590 0.028641 0.000000
vn 0.999590 0.028641 0.000000
vn 0.999590 0.028641 0.000000
vn 0.999590 0.028641 0.000000
vn 0.999590 0.028638 0.000000
vn 0.999590 0.028638 0.000000
vn 0.999590 0.028638 0.000000
vn 0.999590 0.028638 0.000000
vn 0.999590 0.028641 0.000000
vn 0.999590 0.028641 0.000000
vn 0.999590 0.028641 0.000000
vn 0.999590 0.028641 0.000000
vn 0.999590 0.028649 0.000000
vn 0.999590 0.028649 0.000000
vn 0.999590 0.028649 0.000000
vn 0.999590 0.028649 0.000000
vn 0.999590 0.028649 0.000000
vn 0.999590 0.028649 0.000000
vn -0.004146 0.089300 -0.995996
vn -0.002136 0.087445 -0.996167
vn 0.001794 -0.035036 -0.999385
vn 0.001027 -0.035405 -0.999373
vn -0.008896 0.186443 -0.982426
vn -0.004854 0.184631 -0.982796
vn 0.051715 -0.998662 0.000000
vn 0.051715 -0.998662 0.000000
vn 0.029005 -0.999579 0.000000
vn 0.029005 -0.999579 0.000000
vn -0.005638 0.092353 -0.995710
vn 0.001759 -0.033353 -0.999442
vn -0.011924 0.197091 -0.980313
vn 0.058243 -0.998303 0.000000
vn 0.058243 -0.998302 0.000000
vn 0.001027 -0.035405 0.999373
vn -0.002136 0.087445 0.996167
vn 0.001794 -0.035036 0.999385
vn -0.004146 0.089300 0.995996
vn -0.004854 0.184631 0.982796
vn -0.008896 0.186443 0.982426
vn 0.051715 -0.998662 0.000000
vn 0.029005 -0.999579 0.000000
vn 0.051715 -0.998662 0.000000
vn 0.029005 -0.999579 0.000000
vn -0.005638 0.092353 0.995710
vn 0.001759 -0.033353 0.999442
vn -0.011924 0.197091 0.980313
vn 0.058243 -0.998303 0.000000
vn 0.058243 -0.998302 0.000000
vn -0.486094 -0.013926 0.873795
vn -0.000000 0.000000 1.000000
vn -0.283998 0.346813 0.893905
vn -0.153441 0.380071 0.912142
vn 0.178202 -0.000318 0.983994
vn -0.285674 0.278695 0.916907
vn 0.019557 -0.006102 0.999790
vn -0.191709 0.348213 0.917603
vn 0.572815 -0.105512 0.812865
vn 0.093136 0.433712 0.896225
vn 0.000000 0.000000 1.000000
vn -0.000000 0.000000 1.000000
vn -0.607819 -0.017416 0.793885
vn -0.456801 0.447020 0.769094
vn -0.286704 0.712418 0.640517
vn -0.342720 0.752249 0.562729
vn -0.567214 0.623331 0.538263
vn -0.615685 0.659463 0.431324
vn 0.184343 0.866722 0.463478
vn 0.553480 0.684680 0.474209
vn 0.568763 -0.822501 0.000000
vn 0.428943 -0.903332 0.000000
vn 0.437691 -0.899125 0.000000
vn 0.855778 -0.517343 0.000000
vn 0.859581 -0.511000 0.000000
vn 0.999590 0.028641 0.000000
vn 0.999590 0.028642 0.000000
vn -0.306173 0.928593 0.209699
vn -0.424547 0.882983 0.200252
vn -0.650386 0.740384 0.169793
vn -0.661124 0.730875 0.169516
vn 0.171850 0.959930 0.221363
vn 0.578976 0.784400 0.222493
vn 0.602127 -0.798397 -0.002106
vn 0.429864 -0.902893 0.000000
vn 0.856752 -0.515729 0.000000
vn 0.999590 0.028641 0.000000
vn -0.263675 -0.362505 0.893904
vn -0.131426 -0.388233 0.912142
vn -0.171456 -0.358620 0.917603
vn -0.269247 -0.294598 0.916907
vn 0.019175 0.007212 0.999790
vn 0.177891 0.010522 0.983994
vn 0.117819 -0.427668 0.896225
vn 0.565834 0.138139 0.812865
vn -0.430456 -0.472443 0.769094
vn -0.245440 -0.727666 0.640517
vn -0.299087 -0.770637 0.562730
vn -0.530592 -0.654781 0.538269
vn -0.576913 -0.693632 0.431330
vn 0.233666 -0.854744 0.463479
vn 0.591777 -0.651866 0.474206
vn 0.520733 0.853719 0.000000
vn 0.385492 0.922711 0.000000
vn 0.376517 0.926410 0.000000
vn 0.828911 0.559380 0.000000
vn 0.824752 0.565494 0.000000
vn -0.252505 -0.944599 0.209700
vn -0.373298 -0.905839 0.200259
vn -0.606926 -0.776406 0.169806
vn -0.618183 -0.767537 0.169518
vn 0.226535 -0.948514 0.221368
vn 0.622938 -0.749965 0.222487
vn 0.555423 0.831565 -0.002109
vn 0.377462 0.926025 0.000000
vn 0.825817 0.563939 0.000000
vn 0.645185 -0.729791 0.226143
vn 0.645548 -0.599379 0.473300
vn 0.339985 -0.902727 0.263618
vn 0.179239 -0.771699 0.610208
vn 0.070450 -0.110264 0.991403
vn 0.544034 -0.114776 0.831176
vn 0.518357 0.147154 0.842408
vn 0.068106 0.112739 0.991288
vn 0.610168 0.635360 0.473301
vn 0.134759 0.780698 0.610205
vn 0.287732 0.920716 0.263616
vn 0.602332 0.765541 0.226147
vn 0.907643 -0.396980 0.136350
vn 0.999590 0.028636 -0.000003
vn 0.920590 -0.272685 0.279567
vn 0.832147 -0.034758 0.553466
vn 0.864416 0.097752 0.493184
vn 0.903464 0.324949 0.279573
vn 0.883423 0.448295 0.136364
vn 0.016153 -0.563747 0.825789
vn 0.027564 -0.961967 0.271771
vn 0.001701 -0.059379 0.998234
vn -0.001701 0.059379 0.998234
vn -0.016153 0.563751 0.825787
vn -0.027563 0.961969 0.271766
vn -0.486094 -0.013926 -0.873795
vn -0.283998 0.346813 -0.893905
vn -0.000000 0.000000 -1.000000
vn -0.153441 0.380071 -0.912142
vn -0.191709 0.348213 -0.917603
vn -0.285674 0.278696 -0.916907
vn 0.019557 -0.006102 -0.999790
vn 0.178202 -0.000318 -0.983994
vn 0.093136 0.433712 -0.896225
vn 0.572815 -0.105512 -0.812865
vn 0.000000 0.000000 -1.000000
vn -0.000000 0.000000 -1.000000
vn -0.607819 -0.017416 -0.793885
vn -0.456801 0.447020 -0.769094
vn -0.286704 0.712418 -0.640517
vn -0.342720 0.752249 -0.562729
vn -0.567214 0.623331 -0.538263
vn -0.615685 0.659463 -0.431324
vn 0.184343 0.866722 -0.463478
vn 0.553480 0.684680 -0.474209
vn 0.568763 -0.822502 0.000000
vn 0.437691 -0.899125 0.000000
vn 0.428943 -0.903332 0.000000
vn 0.859581 -0.511000 0.000000
vn 0.855778 -0.517343 0.000000
vn 0.999590 0.028641 0.000000
vn 0.999590 0.028642 0.000000
vn -0.306173 0.928593 -0.209699
vn -0.424547 0.882983 -0.200252
vn -0.650386 0.740384 -0.169793
vn -0.661124 0.730875 -0.169516
vn 0.171850 0.959930 -0.221363
vn 0.578976 0.784400 -0.222492
vn 0.602127 -0.798397 0.002106
vn 0.429864 -0.902893 0.000000
vn 0.856752 -0.515729 0.000000
vn 0.999590 0.028641 0.000000
vn -0.263675 -0.362505 -0.893904
vn -0.131426 -0.388233 -0.912142
vn 0.177891 0.010522 -0.983994
vn -0.269247 -0.294598 -0.916907
vn 0.019175 0.007212 -0.999790
vn -0.171456 -0.358620 -0.917603
vn 0.565834 0.138140 -0.812865
vn 0.117819 -0.427668 -0.896225
vn -0.430456 -0.472443 -0.769094
vn -0.245440 -0.727666 -0.640517
vn -0.299087 -0.770637 -0.562730
vn -0.530592 -0.654781 -0.538269
vn -0.576913 -0.693632 -0.431330
vn 0.233666 -0.854744 -0.463479
vn 0.591777 -0.651866 -0.474206
vn 0.520733 0.853720 0.000000
vn 0.376517 0.926410 0.000000
vn 0.385492 0.922711 0.000000
vn 0.824752 0.565494 0.000000
vn 0.828911 0.559380 0.000000
vn -0.252505 -0.944599 -0.209700
vn -0.373298 -0.905839 -0.200259
vn -0.606926 -0.776406 -0.169806
vn -0.618183 -0.767537 -0.169518
vn 0.226535 -0.948514 -0.221368
vn 0.622938 -0.749965 -0.222487
vn 0.555423 0.831565 0.002109
vn 0.377462 0.926025 0.000000
vn 0.825817 0.563939 0.000000
vn 0.179239 -0.771699 -0.610208
vn 0.645548 -0.599379 -0.473300
vn 0.339985 -0.902727 -0.263618
vn 0.645185 -0.729791 -0.226143
vn 0.070450 -0.110264 -0.991403
vn 0.544034 -0.114776 -0.831176
vn 0.518357 0.147154 -0.842408
vn 0.068106 0.112739 -0.991288
vn 0.134759 0.780698 -0.610205
vn 0.610168 0.635359 -0.473301
vn 0.287732 0.920715 -0.263617
vn 0.602332 0.765541 -0.226147
vn 0.907643 -0.396980 -0.136350
vn 0.920590 -0.272685 -0.279567
vn 0.999590 0.028636 0.000003
vn 0.832146 -0.034758 -0.553466
vn 0.864416 0.097752 -0.493184
vn 0.903464 0.324949 -0.279573
vn 0.883423 0.448295 -0.136364
vn 0.027564 -0.961967 -0.271771
vn 0.016153 -0.563747 -0.825789
vn 0.001701 -0.059379 -0.998234
vn -0.001701 0.059379 -0.998234
vn -0.016153 0.563751 -0.825787
vn -0.027563 0.961969 -0.271766
vn 0.075002 -0.935821 -0.344403
vn 0.068895 -0.781911 -0.619571
vn 0.025374 -0.938331 -0.344807
vn 0.021365 -0.779742 -0.625736
vn 0.050940 -0.386521 -0.920873
vn 0.010280 -0.383478 -0.923493
vn 0.037434 0.001073 -0.999299
vn -0.000230 -0.000006 -1.000000
vn 0.028726 0.388805 -0.920872
vn -0.011694 0.383439 -0.923492
vn 0.024011 0.784574 -0.619570
vn -0.023316 0.779686 -0.625737
vn 0.021295 0.938580 -0.344403
vn -0.028394 0.938242 -0.344811
vn -0.021687 0.938426 -0.344800
vn 0.030408 0.938000 -0.345298
vn -0.017491 0.784356 -0.620065
vn 0.035082 0.788093 -0.614556
vn -0.006822 0.388110 -0.921588
vn 0.043449 0.392574 -0.918694
vn 0.003969 0.000114 -0.999992
vn 0.059873 0.001715 -0.998205
vn 0.015411 -0.387863 -0.921588
vn 0.065856 -0.389441 -0.918694
vn 0.027449 -0.784069 -0.620066
vn 0.080149 -0.784790 -0.614558
vn 0.032080 -0.938128 -0.344799
vn 0.084066 -0.934720 -0.345298
vn 0.037760 0.001082 -0.999286
vn 0.043024 -0.458200 -0.887807
vn 0.053690 -0.829272 -0.556260
vn 0.055610 -0.934077 -0.352715
vn 0.006119 0.830983 -0.556264
vn 0.002033 0.935725 -0.352725
vn 0.016718 0.459915 -0.887805
vn -0.030314 0.385902 -0.922042
vn 0.008169 0.387004 -0.922042
vn -0.044892 0.781638 -0.622114
vn 0.000063 0.782926 -0.622115
vn 0.017960 0.000515 -0.999839
vn -0.017960 -0.000515 -0.999839
vn 0.030314 -0.385901 -0.922042
vn -0.008168 -0.387004 -0.922042
vn 0.044892 -0.781639 -0.622113
vn -0.000063 -0.782927 -0.622113
vn 0.050337 -0.937357 -0.344715
vn 0.003416 -0.938701 -0.344715
vn -0.003417 0.938701 -0.344715
vn -0.050337 0.937358 -0.344713
vn -0.046829 0.937529 -0.344741
vn -0.041543 0.783744 -0.619693
vn -0.027619 0.387565 -0.921429
vn -0.015163 -0.000435 -0.999885
vn -0.005383 -0.388509 -0.921429
vn 0.003403 -0.784836 -0.619694
vn 0.006930 -0.938672 -0.344742
vn 0.075002 -0.935821 0.344403
vn 0.025374 -0.938331 0.344807
vn 0.068895 -0.781911 0.619571
vn 0.021365 -0.779742 0.625736
vn 0.050940 -0.386521 0.920873
vn 0.010280 -0.383478 0.923493
vn 0.037434 0.001073 0.999299
vn -0.000230 -0.000006 1.000000
vn -0.011694 0.383439 0.923492
vn 0.028726 0.388805 0.920872
vn -0.023316 0.779685 0.625737
vn 0.024011 0.784574 0.619570
vn -0.028394 0.938242 0.344812
vn 0.021295 0.938580 0.344403
vn 0.035082 0.788093 0.614556
vn 0.030408 0.938000 0.345298
vn -0.017491 0.784356 0.620065
vn -0.021687 0.938426 0.344800
vn 0.043449 0.392574 0.918694
vn -0.006822 0.388110 0.921588
vn 0.059873 0.001715 0.998205
vn 0.003969 0.000114 0.999992
vn 0.015411 -0.387863 0.921588
vn 0.065856 -0.389441 0.918694
vn 0.027449 -0.784069 0.620066
vn 0.080149 -0.784790 0.614558
vn 0.032080 -0.938128 0.344799
vn 0.084066 -0.934720 0.345298
vn 0.043024 -0.458200 0.887807
vn 0.037760 0.001082 0.999286
vn 0.053690 -0.829272 0.556260
vn 0.055610 -0.934077 0.352715
vn 0.006119 0.830983 0.556264
vn 0.002033 0.935725 0.352725
vn 0.016718 0.459915 0.887806
vn -0.030314 0.385902 0.922042
vn -0.044892 0.781638 0.622114
vn 0.008169 0.387004 0.922042
vn 0.000063 0.782926 0.622115
vn 0.017960 0.000515 0.999839
vn -0.017960 -0.000515 0.999839
vn 0.030314 -0.385901 0.922042
vn -0.008168 -0.387004 0.922042
vn 0.044892 -0.781639 0.622113
vn -0.000063 -0.782927 0.622114
vn 0.050337 -0.937357 0.344715
vn 0.003416 -0.938701 0.344715
vn -0.003417 0.938701 0.344715
vn -0.050337 0.937358 0.344713
vn -0.041543 0.783744 0.619693
vn -0.046829 0.937529 0.344740
vn -0.027619 0.387565 0.921429
vn -0.015163 -0.000435 0.999885
vn -0.005383 -0.388509 0.921429
vn 0.003403 -0.784836 0.619694
vn 0.006930 -0.938672 0.344742
vn 0.423978 -0.730298 -0.535637
vn 0.363940 -0.382844 -0.849105
vn 0.420196 -0.712952 -0.561369
vn 0.361003 -0.361866 -0.859494
vn 0.331559 0.009500 -0.943387
vn 0.331370 0.009494 -0.943453
vn 0.339692 0.381941 -0.859494
vn 0.341424 0.403056 -0.849103
vn 0.378713 0.735831 -0.561365
vn 0.381496 0.753369 -0.535627
vn 0.407119 0.913375 0.000000
vn 0.407368 0.913264 0.000000
vn 0.381496 0.753369 0.535627
vn 0.378712 0.735831 0.561365
vn 0.341426 0.403056 0.849102
vn 0.339694 0.381940 0.859494
vn 0.331558 0.009499 0.943387
vn 0.331369 0.009493 0.943453
vn 0.361006 -0.361866 0.859493
vn 0.363942 -0.382844 0.849104
vn 0.420196 -0.712952 0.561369
vn 0.423978 -0.730298 0.535637
vn 0.458740 -0.888571 0.000000
vn 0.458984 -0.888445 0.000001
vn 0.396836 0.752683 0.525347
vn 0.362767 0.404232 0.839641
vn 0.394792 0.737263 0.548255
vn 0.361498 0.385236 0.849066
vn 0.355281 0.010179 0.934704
vn 0.355166 0.010176 0.934748
vn 0.385295 -0.382797 0.839651
vn 0.382941 -0.363914 0.849072
vn 0.439300 -0.728718 0.525344
vn 0.436374 -0.713438 0.548255
vn 0.469809 -0.882768 -0.000000
vn 0.469674 -0.882840 -0.000000
vn 0.439299 -0.728719 -0.525342
vn 0.436373 -0.713439 -0.548255
vn 0.385294 -0.382798 -0.839651
vn 0.382940 -0.363914 -0.849072
vn 0.355279 0.010179 -0.934705
vn 0.355163 0.010176 -0.934749
vn 0.362766 0.404233 -0.839641
vn 0.361497 0.385236 -0.849066
vn 0.396836 0.752683 -0.525348
vn 0.394792 0.737262 -0.548256
vn 0.418480 0.908226 -0.000000
vn 0.418340 0.908290 -0.000000
vn 0.999590 0.028639 0.000001
vn 0.999589 0.028659 0.000008
vn 0.999590 0.028641 0.000002
vn 0.999589 0.028658 0.000008
vn 0.999590 0.028640 0.000000
vn 0.999590 0.028640 0.000000
vn 0.999590 0.028642 0.000000
vn 0.999590 0.028642 0.000000
vn 0.999590 0.028640 0.000000
vn 0.999590 0.028642 -0.000000
vn 0.999590 0.028623 0.000000
vn 0.999590 0.028626 0.000000
vn 0.999590 0.028643 0.000000
vn 0.999590 0.028641 -0.000000
vn 0.999590 0.028643 -0.000000
vn 0.999590 0.028643 -0.000000
vn 0.999590 0.028641 0.000000
vn 0.999590 0.028641 -0.000000
vn 0.999590 0.028641 -0.000002
vn 0.999590 0.028639 -0.000001
vn 0.999589 0.028656 -0.000008
vn 0.999589 0.028657 -0.000008
vn 0.999590 0.028639 0.000000
vn 0.999590 0.028642 -0.000000
vn -0.423977 0.730299 -0.535637
vn -0.363946 0.382844 -0.849102
vn -0.420195 0.712953 -0.561368
vn -0.361009 0.361863 -0.859493
vn -0.331559 -0.009498 -0.943387
vn -0.331370 -0.009492 -0.943453
vn -0.339689 -0.381942 -0.859495
vn -0.341422 -0.403054 -0.849105
vn -0.378718 -0.735828 -0.561364
vn -0.381502 -0.753367 -0.535626
vn -0.407126 -0.913372 -0.000001
vn -0.407375 -0.913261 -0.000001
vn -0.381502 -0.753366 0.535626
vn -0.378719 -0.735828 0.561364
vn -0.341422 -0.403054 0.849104
vn -0.339690 -0.381942 0.859495
vn -0.331559 -0.009499 0.943387
vn -0.331369 -0.009494 0.943453
vn -0.361011 0.361862 0.859492
vn -0.363948 0.382843 0.849101
vn -0.420196 0.712953 0.561368
vn -0.423978 0.730299 0.535637
vn -0.458746 0.888568 -0.000001
vn -0.458991 0.888441 -0.000001
vn -0.396833 -0.752685 0.525347
vn -0.362764 -0.404231 0.839643
vn -0.394789 -0.737265 0.548254
vn -0.361495 -0.385237 0.849066
vn -0.355281 -0.010182 0.934704
vn -0.355166 -0.010179 0.934748
vn -0.385301 0.382797 0.839649
vn -0.382947 0.363910 0.849071
vn -0.439306 0.728720 0.525336
vn -0.436379 0.713439 0.548250
vn -0.469820 0.882762 0.000000
vn -0.469685 0.882834 0.000000
vn -0.439307 0.728717 -0.525338
vn -0.436380 0.713437 -0.548252
vn -0.385300 0.382799 -0.839648
vn -0.382945 0.363913 -0.849071
vn -0.355278 -0.010181 -0.934705
vn -0.355162 -0.010178 -0.934749
vn -0.362763 -0.404232 -0.839643
vn -0.361494 -0.385238 -0.849067
vn -0.396833 -0.752684 -0.525348
vn -0.394788 -0.737264 -0.548255
vn -0.418480 -0.908226 0.000000
vn -0.418341 -0.908290 0.000000
vn -0.999590 -0.028649 0.000016
vn -0.999590 -0.028651 0.000007
vn -0.999590 -0.028649 0.000016
vn -0.999590 -0.028648 0.000006
vn -0.999590 -0.028640 0.000000
vn -0.999590 -0.028641 0.000002
vn -0.999590 -0.028643 -0.000002
vn -0.999590 -0.028642 -0.000000
vn -0.999589 -0.028654 -0.000010
vn -0.999589 -0.028656 -0.000010
vn -0.999590 -0.028627 0.000000
vn -0.999590 -0.028631 0.000000
vn -0.999590 -0.028653 0.000010
vn -0.999590 -0.028651 0.000010
vn -0.999590 -0.028642 0.000000
vn -0.999590 -0.028643 0.000002
vn -0.999590 -0.028640 0.000000
vn -0.999590 -0.028641 -0.000002
vn -0.999590 -0.028649 -0.000016
vn -0.999590 -0.028649 -0.000016
vn -0.999590 -0.028650 -0.000006
vn -0.999590 -0.028653 -0.000007
vn -0.999590 -0.028620 0.000000
vn -0.999590 -0.028624 0.000000
vn -0.994811 -0.101740 0.000000
vn -0.994810 -0.101745 0.000000
vn -0.994811 -0.101741 0.000000
vn -0.994810 -0.101746 0.000000
vn -0.994784 -0.102008 0.000000
vn -0.994862 -0.101239 0.000000
vn -0.994862 -0.101239 0.000000
vn -0.994862 -0.101239 0.000000
vn -0.994811 -0.101741 0.000000
vn -0.994811 -0.101742 0.000000
vn -0.994810 -0.101748 0.000000
vn -0.994810 -0.101749 0.000000
vn 0.994817 0.101677 0.000000
vn -0.994862 -0.101238 0.000000
vn -0.994862 -0.101238 0.000000
vn -0.994862 -0.101238 0.000000
s 1
g blade_damaged
f 11/1/1 1/2/2 10/4/3
f 10/4/3 1/2/2 2/3/4
s 2
f 3/5/5 7/6/6 4/8/7
f 4/8/7 7/6/6 8/7/8
s 3
f 5/9/9 6/10/10 1/2/11
f 1/2/11 6/10/10 2/3/12
s 4
f 3/5/13 4/8/14 5/9/15
f 5/9/15 4/8/14 6/10/16
s 5
f 6/10/17 4/8/18 9/12/19
f 9/12/19 4/8/18 8/11/20
s 6
f 6/10/21 9/12/22 2/3/23
f 2/3/23 9/12/22 10/13/24
s 7
f 22/14/25 21/15/26 12/17/27
f 12/17/27 21/15/26 13/16/28
s 8
f 14/18/29 15/19/30 18/21/31
f 18/21/31 15/19/30 19/20/32
s 9
f 13/16/33 17/22/34 12/17/35
f 12/17/35 17/22/34 16/23/36
s 10
f 17/22/37 15/19/38 16/23/39
f 16/23/39 15/19/38 14/18/40
s 11
f 17/22/41 20/24/42 15/19/43
f 15/19/43 20/24/42 19/25/44
s 12
f 17/22/45 13/16/46 20/24/47
f 20/24/47 13/16/46 21/26/48
s 13
f 31/27/49 33/30/50 32/28/51
f 32/28/51 33/30/50 34/29/52
f 33/30/50 35/32/53 34/29/52
f 34/29/52 35/32/53 36/31/54
f 35/32/53 37/34/55 36/31/54
f 36/31/54 37/34/55 38/33/56
s 14
f 23/35/57 27/38/58 24/36/59
f 24/36/59 27/38/58 28/37/60
f 24/36/59 28/37/60 25/39/61
f 25/39/61 28/37/60 29/40/62
f 25/39/61 29/40/62 26/41/63
f 26/41/63 29/40/62 30/42/64
s 15
f 24/36/65 33/44/66 23/35/67
f 23/35/67 33/44/66 31/43/68
s 16
f 28/37/69 27/38/70 34/45/71
f 34/45/71 27/38/70 32/46/72
s 15
f 24/36/65 25/39/73 33/44/66
f 33/44/66 25/39/73 35/47/74
s 16
f 28/37/69 34/45/71 29/40/75
f 29/40/75 34/45/71 36/48/76
s 15
f 25/39/73 26/41/77 35/47/74
f 35/47/74 26/41/77 37/49/78
s 16
f 29/40/75 36/48/76 30/42/79
f 30/42/79 36/48/76 38/50/80
s 13
f 27/38/81 23/35/82 32/51/51
f 32/51/51 23/35/82 31/52/49
f 45/53/83 46/56/84 47/54/85
f 47/54/85 46/56/84 48/55/86
f 47/54/85 48/55/86 49/57/87
f 49/57/87 48/55/86 50/58/88
f 49/57/87 50/58/88 37/34/55
f 37/34/55 50/58/88 38/33/56
s 14
f 39/59/89 40/62/90 42/60/91
f 42/60/91 40/62/90 43/61/92
f 40/62/90 41/64/93 43/61/92
f 43/61/92 41/64/93 44/63/94
f 41/64/93 26/41/63 44/63/94
f 44/63/94 26/41/63 30/42/64
s 15
f 45/66/95 47/65/96 39/59/97
f 39/59/97 47/65/96 40/62/98
s 16
f 43/61/99 48/68/100 42/60/101
f 42/60/101 48/68/100 46/67/102
s 15
f 40/62/98 47/65/96 41/64/103
f 41/64/103 47/65/96 49/69/104
s 16
f 50/70/105 48/68/100 44/63/106
f 44/63/106 48/68/100 43/61/99
s 15
f 41/64/103 49/69/104 26/41/77
f 26/41/77 49/69/104 37/49/78
s 16
f 38/50/80 50/70/105 30/42/79
f 30/42/79 50/70/105 44/63/106
s 13
f 42/60/107 46/72/84 39/59/108
f 39/59/108 46/72/84 45/71/83
s 21
f 55/73/109 57/74/110 56/76/111
f 56/76/111 57/74/110 58/75/112
f 57/74/110 60/77/113 58/75/112
f 58/75/112 60/77/113 61/78/114
s 22
f 51/79/115 53/80/116 52/82/117
f 52/82/117 53/80/116 54/81/118
f 52/82/117 54/81/118 59/84/119
f 59/84/119 54/81/118 62/83/120
s 23
f 52/86/121 57/74/122 51/85/123
f 51/85/123 57/74/122 55/73/124
s 24
f 54/87/125 53/88/126 58/75/127
f 58/75/127 53/88/126 56/76/128
s 23
f 59/89/129 60/77/130 52/86/121
f 52/86/121 60/77/130 57/74/122
s 24
f 62/90/131 54/87/125 61/78/132
f 61/78/132 54/87/125 58/75/127
s 23
f 63/92/133 51/85/123 64/91/134
f 64/91/134 51/85/123 55/73/124
s 21
f 65/93/135 64/91/136 56/76/111
f 56/76/111 64/91/136 55/73/109
s 24
f 66/94/137 65/93/138 53/88/126
f 53/88/126 65/93/138 56/76/128
s 22
f 63/95/139 66/96/140 51/79/115
f 51/79/115 66/96/140 53/80/116
s 25
f 65/97/141 66/96/142 64/98/143
f 64/98/143 66/96/142 63/95/144
s 26
f 60/99/145 59/84/146 61/100/147
f 61/100/147 59/84/146 62/83/148
s 27
f 71/101/149 72/102/150 73/104/151
f 73/104/151 72/102/150 74/103/152
f 73/104/151 74/103/152 76/106/153
f 76/106/153 74/103/152 77/105/154
s 28
f 67/107/155 68/108/156 69/110/157
f 69/110/157 68/108/156 70/109/158
f 68/108/156 75/111/159 70/109/158
f 70/109/158 75/111/159 78/112/160
s 29
f 71/101/161 73/104/162 67/113/163
f 67/113/163 73/104/162 68/114/164
s 30
f 70/115/165 74/103/166 69/116/167
f 69/116/167 74/103/166 72/102/168
s 29
f 73/104/162 76/106/169 68/114/164
f 68/114/164 76/106/169 75/117/170
s 30
f 74/103/166 70/115/165 77/105/171
f 77/105/171 70/115/165 78/118/172
s 29
f 71/101/161 67/113/163 80/119/173
f 80/119/173 67/113/163 79/120/174
s 27
f 81/121/175 72/102/150 80/119/176
f 80/119/176 72/102/150 71/101/149
s 30
f 72/102/168 81/121/177 69/116/167
f 69/116/167 81/121/177 82/122/178
s 28
f 79/123/179 67/107/155 82/124/180
f 82/124/180 67/107/155 69/110/157
s 31
f 81/125/181 80/126/182 82/124/183
f 82/124/183 80/126/182 79/123/184
s 32
f 76/127/185 77/128/186 75/111/187
f 75/111/187 77/128/186 78/112/188
s 33
f 87/129/189 89/130/190 88/132/191
f 88/132/191 89/130/190 90/131/192
f 89/130/190 92/133/193 90/131/192
f 90/131/192 92/133/193 93/134/194
s 34
f 83/135/195 85/136/196 84/138/197
f 84/138/197 85/136/196 86/137/198
f 84/138/197 86/137/198 91/140/199
f 91/140/199 86/137/198 94/139/200
s 35
f 84/142/201 89/130/202 83/141/203
f 83/141/203 89/130/202 87/129/204
s 36
f 86/143/205 85/144/206 90/131/207
f 90/131/207 85/144/206 88/132/208
s 35
f 91/145/209 92/133/210 84/142/201
f 84/142/201 92/133/210 89/130/202
s 36
f 94/146/211 86/143/205 93/134/212
f 93/134/212 86/143/205 90/131/207
s 35
f 95/148/213 83/141/203 96/147/214
f 96/147/214 83/141/203 87/129/204
s 33
f 97/149/215 96/147/216 88/132/191
f 88/132/191 96/147/216 87/129/189
s 36
f 98/150/217 97/149/218 85/144/206
f 85/144/206 97/149/218 88/132/208
s 34
f 95/151/219 98/152/220 83/135/195
f 83/135/195 98/152/220 85/136/196
s 37
f 97/153/221 98/152/222 96/154/223
f 96/154/223 98/152/222 95/151/224
s 38
f 92/155/225 91/140/226 93/156/227
f 93/156/227 91/140/226 94/139/228
s 39
f 103/157/229 104/158/230 105/160/231
f 105/160/231 104/158/230 106/159/232
f 105/160/231 106/159/232 108/162/233
f 108/162/233 106/159/232 109/161/234
s 40
f 99/163/235 100/164/236 101/166/237
f 101/166/237 100/164/236 102/165/238
f 100/164/236 107/167/239 102/165/238
f 102/165/238 107/167/239 110/168/240
s 41
f 103/157/241 105/160/242 99/169/243
f 99/169/243 105/160/242 100/170/244
s 42
f 102/171/245 106/159/246 101/172/247
f 101/172/247 106/159/246 104/158/248
s 41
f 105/160/242 108/162/249 100/170/244
f 100/170/244 108/162/249 107/173/250
s 42
f 106/159/246 102/171/245 109/161/251
f 109/161/251 102/171/245 110/174/252
s 41
f 103/157/241 99/169/243 112/175/253
f 112/175/253 99/169/243 111/176/254
s 39
f 113/177/255 104/158/230 112/175/256
f 112/175/256 104/158/230 103/157/229
s 42
f 104/158/248 113/177/257 101/172/247
f 101/172/247 113/177/257 114/178/258
s 40
f 111/179/259 99/163/235 114/180/260
f 114/180/260 99/163/235 101/166/237
s 43
f 113/181/261 112/182/262 114/180/263
f 114/180/263 112/182/262 111/179/264
s 44
f 108/183/265 109/184/266 107/167/267
f 107/167/267 109/184/266 110/168/268
s 45
f 123/185/269 124/186/270 125/188/271
f 125/188/271 124/186/270 126/187/272
f 125/188/271 126/187/272 127/190/273
f 127/190/273 126/187/272 128/189/274
f 127/190/273 128/189/274 129/192/275
f 129/192/275 128/189/274 130/191/276
s 46
f 115/193/277 116/194/278 119/196/279
f 119/196/279 116/194/278 120/195/280
f 116/194/278 117/197/281 120/195/280
f 120/195/280 117/197/281 121/198/282
f 117/197/281 118/199/283 121/198/282
f 121/198/282 118/199/283 122/200/284
s 47
f 123/201/285 125/202/286 115/193/287
f 115/193/287 125/202/286 116/194/288
s 48
f 120/195/289 126/203/290 119/196/291
f 119/196/291 126/203/290 124/204/292
s 47
f 116/194/288 125/202/286 117/197/293
f 117/197/293 125/202/286 127/205/294
s 48
f 128/206/295 126/203/290 121/198/296
f 121/198/296 126/203/290 120/195/289
s 47
f 117/197/293 127/205/294 118/199/297
f 118/199/297 127/205/294 129/207/298
s 48
f 130/208/299 128/206/295 122/200/300
f 122/200/300 128/206/295 121/198/296
s 45
f 119/196/301 124/209/270 115/193/302
f 115/193/302 124/209/270 123/210/269
f 137/211/303 139/212/304 138/214/305
f 138/214/305 139/212/304 140/213/306
f 139/212/304 141/215/307 140/213/306
f 140/213/306 141/215/307 142/216/308
f 141/215/307 129/192/275 142/216/308
f 142/216/308 129/192/275 130/191/276
s 46
f 131/217/309 134/218/310 132/220/311
f 132/220/311 134/218/310 135/219/312
f 132/220/311 135/219/312 133/222/313
f 133/222/313 135/219/312 136/221/314
f 133/222/313 136/221/314 118/199/283
f 118/199/283 136/221/314 122/200/284
s 47
f 132/220/315 139/223/316 131/217/317
f 131/217/317 139/223/316 137/224/318
s 48
f 135/219/319 134/218/320 140/226/321
f 140/226/321 134/218/320 138/225/322
s 47
f 132/220/315 133/222/323 139/223/316
f 139/223/316 133/222/323 141/227/324
s 48
f 135/219/319 140/226/321 136/221/325
f 136/221/325 140/226/321 142/228/326
s 47
f 133/222/323 118/199/297 141/227/324
f 141/227/324 118/199/297 129/207/298
s 48
f 136/221/325 142/228/326 122/200/300
f 122/200/300 142/228/326 130/208/299
s 45
f 134/218/327 131/217/328 138/230/305
f 138/230/305 131/217/328 137/229/303
s 53
f 143/231/329 144/232/330 155/234/331
f 155/234/331 144/232/330 156/233/332
f 144/232/330 145/235/333 156/233/332
f 156/233/332 145/235/333 157/236/334
f 145/235/333 146/237/335 157/236/334
f 157/236/334 146/237/335 158/238/336
f 146/237/335 147/239/337 158/238/336
f 158/238/336 147/239/337 159/240/338
f 147/239/337 148/241/339 159/240/338
f 159/240/338 148/241/339 160/242/340
f 148/241/339 149/243/341 160/242/340
f 160/242/340 149/243/341 161/244/342
f 149/243/341 150/245/343 161/244/342
f 161/244/342 150/245/343 162/246/344
f 150/245/343 151/247/345 162/246/344
f 162/246/344 151/247/345 163/248/346
f 151/247/345 152/249/347 163/248/346
f 163/248/346 152/249/347 164/250/348
f 152/249/347 153/251/349 164/250/348
f 164/250/348 153/251/349 165/252/350
f 153/251/349 154/253/351 165/252/350
f 165/252/350 154/253/351 166/254/352
f 154/255/351 143/231/329 166/256/352
f 166/256/352 143/231/329 155/234/331
s 54
f 144/257/353 143/258/354 168/260/355
f 168/260/355 143/258/354 167/259/356
s 55
f 145/261/357 144/257/358 169/262/359
f 169/262/359 144/257/358 168/260/360
s 56
f 145/261/361 169/262/362 146/263/363
f 146/263/363 169/262/362 170/264/364
s 57
f 146/263/365 170/264/366 147/265/367
f 147/265/367 170/264/366 171/266/368
s off
f 148/267/369 147/265/370 171/266/371
f 149/268/372 148/267/373 171/266/374
s 58
f 150/269/375 149/268/376 170/264/377
f 170/264/377 149/268/376 171/266/378
s 59
f 151/270/379 150/269/380 169/262/381
f 169/262/381 150/269/380 170/264/382
s 60
f 151/270/383 169/262/384 152/271/385
f 152/271/385 169/262/384 168/260/386
s 61
f 152/271/387 168/260/388 153/272/389
f 153/272/389 168/260/388 167/259/390
s off
f 154/273/391 153/272/392 167/259/393
f 143/258/394 154/273/395 167/259/396
s 62
f 156/275/397 173/276/398 155/274/399
f 155/274/399 173/276/398 172/277/400
s 63
f 157/278/401 174/279/402 156/275/403
f 156/275/403 174/279/402 173/276/404
s 64
f 157/278/405 158/280/406 174/279/407
f 174/279/407 158/280/406 175/281/408
s 65
f 158/280/409 159/282/410 175/281/411
f 175/281/411 159/282/410 176/283/412
s off
f 159/282/413 160/284/414 176/283/415
f 160/284/416 161/285/417 176/283/418
s 66
f 162/286/419 175/281/420 161/285/421
f 161/285/421 175/281/420 176/283/422
s 67
f 163/287/423 174/279/424 162/286/425
f 162/286/425 174/279/424 175/281/426
s 68
f 163/287/427 164/288/428 174/279/429
f 174/279/429 164/288/428 173/276/430
s 69
f 164/288/431 165/289/432 173/276/433
f 173/276/433 165/289/432 172/277/434
s off
f 165/289/435 166/290/436 172/277/437
f 166/290/438 155/274/439 172/277/440
s 70
f 180/292/441 179/293/442 177/291/443
f 177/291/443 179/293/442 178/294/444
f 182/295/445 181/296/446 180/292/441
f 180/292/441 181/296/446 179/293/442
s 71
f 184/297/447 177/291/448 183/298/449
f 183/298/449 177/291/448 178/294/450
s 70
f 186/301/451 180/292/441 185/299/452
f 185/299/452 180/292/441 177/291/443
f 187/302/453 182/295/445 186/301/451
f 186/301/451 182/295/445 180/292/441
s 71
f 185/299/454 177/291/448 188/300/455
f 188/300/455 177/291/448 184/297/447
s 72
f 190/304/456 191/305/457 189/303/458
f 189/303/458 191/305/457 192/306/459
f 191/305/457 181/307/460 192/306/459
f 192/306/459 181/307/460 182/308/461
s 73
f 184/309/462 183/310/463 189/303/464
f 189/303/464 183/310/463 190/304/465
s 72
f 194/313/466 193/311/467 192/306/459
f 192/306/459 193/311/467 189/303/458
f 187/314/468 194/313/466 182/308/461
f 182/308/461 194/313/466 192/306/459
s 73
f 193/311/469 188/312/470 189/303/464
f 189/303/464 188/312/470 184/309/462
s 74
f 195/315/471 198/316/472 196/318/473
f 196/318/473 198/316/472 197/317/474
f 202/320/475 201/321/476 200/319/477
f 200/319/477 201/321/476 199/322/478
f 204/323/479 203/324/480 202/320/475
f 202/320/475 203/324/480 201/321/476
f 198/316/472 205/325/481 197/317/474
f 197/317/474 205/325/481 199/322/478
f 206/326/482 200/319/477 205/325/481
f 205/325/481 200/319/477 199/322/478
f 207/327/483 195/315/471 208/328/484
f 208/328/484 195/315/471 196/318/473
f 208/328/484 196/318/473 209/329/485
f 209/329/485 196/318/473 197/317/474
f 209/329/485 197/317/474 210/330/486
f 210/330/486 197/317/474 199/322/478
f 210/330/486 199/322/478 211/331/487
f 211/331/487 199/322/478 201/321/476
f 212/332/488 211/331/487 203/324/480
f 203/324/480 211/331/487 201/321/476
f 213/333/489 212/332/488 203/324/480
f 213/333/489 203/324/480 214/334/490
f 214/334/490 203/324/480 204/323/479
f 215/335/491 214/336/490 204/337/479
f 215/335/491 204/337/479 216/338/492
f 216/338/492 204/337/479 202/339/493
f 216/338/492 202/339/493 217/340/494
f 217/340/494 202/339/493 200/341/495
f 218/342/496 217/340/494 206/343/497
f 206/343/497 217/340/494 200/341/495
f 209/329/485 210/330/486 219/345/498
f 219/345/498 210/330/486 220/344/499
f 210/330/486 211/331/487 220/344/499
f 220/344/499 211/331/487 221/346/500
f 211/331/487 212/332/488 221/346/500
f 221/346/500 212/332/488 222/347/501
f 212/332/488 213/333/489 222/347/501
f 222/347/501 213/333/489 223/348/502
f 214/334/490 224/349/503 213/333/489
f 213/333/489 224/349/503 223/350/502
f 215/335/491 225/351/504 214/336/490
f 214/336/490 225/351/504 224/352/503
f 216/338/492 226/353/505 215/335/491
f 215/335/491 226/353/505 225/351/504
f 217/340/494 227/354/506 216/338/492
f 216/338/492 227/354/506 226/353/505
f 217/340/494 218/342/496 227/354/506
f 227/354/506 218/342/496 228/355/507
f 195/315/471 229/356/508 198/316/472
f 198/316/472 229/356/508 230/357/509
f 231/359/510 233/360/511 232/358/512
f 232/358/512 233/360/511 234/361/513
f 233/360/511 235/362/514 234/361/513
f 234/361/513 235/362/514 236/363/515
f 198/316/472 230/357/509 205/325/481
f 205/325/481 230/357/509 231/359/510
f 231/359/510 232/358/512 205/325/481
f 205/325/481 232/358/512 206/326/482
f 207/327/483 237/364/516 195/315/471
f 195/315/471 237/364/516 229/356/508
f 230/357/509 229/356/508 238/365/517
f 238/365/517 229/356/508 237/364/516
f 231/359/510 230/357/509 239/366/518
f 239/366/518 230/357/509 238/365/517
f 233/360/511 231/359/510 240/367/519
f 240/367/519 231/359/510 239/366/518
f 241/368/520 235/362/514 240/367/519
f 240/367/519 235/362/514 233/360/511
f 242/369/521 235/362/514 241/368/520
f 236/363/515 235/362/514 243/370/522
f 243/370/522 235/362/514 242/369/521
f 244/371/523 236/372/515 243/373/522
f 234/375/524 236/372/515 245/374/525
f 245/374/525 236/372/515 244/371/523
f 232/377/526 234/375/524 246/376/527
f 246/376/527 234/375/524 245/374/525
f 218/342/496 206/343/497 246/376/527
f 246/376/527 206/343/497 232/377/526
f 238/365/517 247/378/528 239/366/518
f 239/366/518 247/378/528 248/379/529
f 239/366/518 248/379/529 240/367/519
f 240/367/519 248/379/529 249/380/530
f 240/367/519 249/380/530 241/368/520
f 241/368/520 249/380/530 250/381/531
f 241/368/520 250/381/531 242/369/521
f 242/369/521 250/381/531 251/382/532
f 251/383/532 252/384/533 242/369/521
f 242/369/521 252/384/533 243/370/522
f 252/385/533 253/386/534 243/373/522
f 243/373/522 253/386/534 244/371/523
f 253/386/534 254/387/535 244/371/523
f 244/371/523 254/387/535 245/374/525
f 254/387/535 255/388/536 245/374/525
f 245/374/525 255/388/536 246/376/527
f 246/376/527 255/388/536 218/342/496
f 218/342/496 255/388/536 228/355/507
s 82
f 271/390/537 270/391/538 256/389/539
f 256/389/539 270/391/538 257/392/540
f 257/392/540 270/391/538 258/394/541
f 258/394/541 270/391/538 269/393/542
f 269/393/542 274/395/543 258/394/541
f 258/394/541 274/395/543 259/396/544
f 274/395/543 273/397/545 259/396/544
f 259/396/544 273/397/545 260/398/546
f 260/398/546 273/397/545 261/400/547
f 261/400/547 273/397/545 272/399/548
f 262/401/549 268/402/550 263/403/551
f 263/403/551 268/402/550 264/404/552
f 268/402/550 265/405/553 264/404/552
f 265/405/553 268/402/550 266/406/554
f 266/406/554 268/402/550 267/407/555
f 265/408/553 274/395/543 264/409/552
f 264/409/552 274/395/543 269/393/542
f 270/391/538 263/410/551 269/393/542
f 269/393/542 263/410/551 264/409/552
f 271/390/537 262/411/549 270/391/538
f 270/391/538 262/411/549 263/410/551
f 266/412/554 267/413/555 273/397/545
f 273/397/545 267/413/555 272/399/548
f 265/408/553 266/412/554 274/395/543
f 274/395/543 266/412/554 273/397/545
f 276/414/556 275/415/557 257/392/540
f 257/392/540 275/415/557 256/389/539
f 277/416/558 276/414/556 258/394/541
f 258/394/541 276/414/556 257/392/540
f 277/416/558 258/394/541 278/417/559
f 278/417/559 258/394/541 259/396/544
f 260/398/546 279/418/560 259/396/544
f 259/396/544 279/418/560 278/417/559
f 261/400/547 280/419/561 260/398/546
f 260/398/546 280/419/561 279/418/560
s 84
f 281/420/562 282/421/563 284/423/564
f 284/423/564 282/421/563 283/422/565
f 285/425/566 287/426/567 286/424/568
f 286/424/568 287/426/567 288/427/569
f 287/426/567 289/428/570 288/427/569
f 288/427/569 289/428/570 290/429/571
f 284/423/564 283/422/565 291/430/572
f 291/430/572 283/422/565 285/425/566
f 285/425/566 286/424/568 291/430/572
f 291/430/572 286/424/568 292/431/573
f 293/432/574 294/433/575 281/420/562
f 281/420/562 294/433/575 282/421/563
f 283/422/565 282/421/563 295/434/576
f 295/434/576 282/421/563 294/433/575
f 285/425/566 283/422/565 296/435/577
f 296/435/577 283/422/565 295/434/576
f 287/426/567 285/425/566 297/436/578
f 297/436/578 285/425/566 296/435/577
f 298/437/579 289/428/570 297/436/578
f 297/436/578 289/428/570 287/426/567
f 299/438/580 289/428/570 298/437/579
f 290/429/571 289/428/570 300/439/581
f 300/439/581 289/428/570 299/438/580
f 301/440/582 290/441/571 300/442/581
f 288/444/583 290/441/571 302/443/584
f 302/443/584 290/441/571 301/440/582
f 286/446/585 288/444/583 303/445/586
f 303/445/586 288/444/583 302/443/584
f 304/447/587 292/448/588 303/445/586
f 303/445/586 292/448/588 286/446/585
f 295/434/576 219/449/589 296/435/577
f 296/435/577 219/449/589 220/450/590
f 296/435/577 220/450/590 297/436/578
f 297/436/578 220/450/590 221/451/591
f 297/436/578 221/451/591 298/437/579
f 298/437/579 221/451/591 222/452/592
f 298/437/579 222/452/592 299/438/580
f 299/438/580 222/452/592 223/453/593
f 223/454/593 224/455/594 299/438/580
f 299/438/580 224/455/594 300/439/581
f 224/456/594 225/457/595 300/442/581
f 300/442/581 225/457/595 301/440/582
f 225/457/595 226/458/596 301/440/582
f 301/440/582 226/458/596 302/443/584
f 226/458/596 227/459/597 302/443/584
f 302/443/584 227/459/597 303/445/586
f 303/445/586 227/459/597 304/447/587
f 304/447/587 227/459/597 228/460/598
f 281/420/562 284/423/564 305/462/599
f 305/462/599 284/423/564 306/461/600
f 310/464/601 309/465/602 308/463/603
f 308/463/603 309/465/602 307/466/604
f 312/467/605 311/468/606 310/464/601
f 310/464/601 311/468/606 309/465/602
f 284/423/564 291/430/572 306/461/600
f 306/461/600 291/430/572 307/466/604
f 292/431/573 308/463/603 291/430/572
f 291/430/572 308/463/603 307/466/604
f 293/432/574 281/420/562 313/469/607
f 313/469/607 281/420/562 305/462/599
f 313/469/607 305/462/599 314/470/608
f 314/470/608 305/462/599 306/461/600
f 314/470/608 306/461/600 315/471/609
f 315/471/609 306/461/600 307/466/604
f 315/471/609 307/466/604 316/472/610
f 316/472/610 307/466/604 309/465/602
f 317/473/611 316/472/610 311/468/606
f 311/468/606 316/472/610 309/465/602
f 318/474/612 317/473/611 311/468/606
f 318/474/612 311/468/606 319/475/613
f 319/475/613 311/468/606 312/467/605
f 320/476/614 319/477/613 312/478/605
f 320/476/614 312/478/605 321/479/615
f 321/479/615 312/478/605 310/480/616
f 321/479/615 310/480/616 322/481/617
f 322/481/617 310/480/616 308/482/618
f 304/447/587 322/481/617 292/448/588
f 292/448/588 322/481/617 308/482/618
f 314/470/608 315/471/609 247/484/619
f 247/484/619 315/471/609 248/483/620
f 315/471/609 316/472/610 248/483/620
f 248/483/620 316/472/610 249/485/621
f 316/472/610 317/473/611 249/485/621
f 249/485/621 317/473/611 250/486/622
f 317/473/611 318/474/612 250/486/622
f 250/486/622 318/474/612 251/487/623
f 319/475/613 252/488/624 318/474/612
f 318/474/612 252/488/624 251/489/623
f 320/476/614 253/490/625 319/477/613
f 319/477/613 253/490/625 252/491/624
f 321/479/615 254/492/626 320/476/614
f 320/476/614 254/492/626 253/490/625
f 322/481/617 255/493/627 321/479/615
f 321/479/615 255/493/627 254/492/626
f 322/481/617 304/447/587 255/493/627
f 255/493/627 304/447/587 228/460/598
s 91
f 323/495/628 332/496/629 256/494/630
f 256/494/630 332/496/629 271/497/631
f 323/495/628 324/498/632 332/496/629
f 332/496/629 324/498/632 331/499/633
f 331/499/633 324/498/632 334/501/634
f 334/501/634 324/498/632 325/500/635
f 326/502/636 333/503/637 325/500/635
f 325/500/635 333/503/637 334/501/634
f 326/502/636 261/504/638 333/503/637
f 333/503/637 261/504/638 272/505/639
f 262/506/640 327/507/641 268/508/642
f 327/507/641 328/509/643 268/508/642
f 268/508/642 328/509/643 329/510/644
f 329/510/644 330/511/645 268/508/642
f 330/511/645 267/512/646 268/508/642
f 329/513/644 328/514/643 334/501/634
f 334/501/634 328/514/643 331/499/633
f 332/496/629 331/499/633 327/515/641
f 327/515/641 331/499/633 328/514/643
f 271/497/631 332/496/629 262/516/640
f 262/516/640 332/496/629 327/515/641
f 272/505/639 267/517/646 333/503/637
f 333/503/637 267/517/646 330/518/645
f 333/503/637 330/518/645 334/501/634
f 334/501/634 330/518/645 329/513/644
f 256/494/630 275/519/647 323/495/628
f 323/495/628 275/519/647 335/520/648
f 323/495/628 335/520/648 324/498/632
f 324/498/632 335/520/648 336/521/649
f 336/521/649 337/522/650 324/498/632
f 324/498/632 337/522/650 325/500/635
f 326/502/636 325/500/635 338/523/651
f 338/523/651 325/500/635 337/522/650
f 261/504/638 326/502/636 280/524/652
f 280/524/652 326/502/636 338/523/651
s 94
f 339/525/653 340/526/654 394/528/655
f 394/528/655 340/526/654 393/527/656
f 340/526/654 341/529/657 393/527/656
f 393/527/656 341/529/657 392/530/658
f 341/529/657 342/531/659 392/530/658
f 392/530/658 342/531/659 391/532/660
f 343/533/661 390/534/662 342/531/659
f 342/531/659 390/534/662 391/532/660
f 344/535/663 389/536/664 343/533/661
f 343/533/661 389/536/664 390/534/662
f 345/537/665 388/538/666 344/535/663
f 344/535/663 388/538/666 389/536/664
f 353/540/667 371/541/668 354/539/669
f 354/539/669 371/541/668 372/542/670
f 354/539/669 372/542/670 355/543/671
f 355/543/671 372/542/670 373/544/672
f 355/543/671 373/544/672 356/545/673
f 356/545/673 373/544/672 367/546/674
f 357/547/675 356/545/673 368/548/676
f 368/548/676 356/545/673 367/546/674
f 358/549/677 357/547/675 369/550/678
f 369/550/678 357/547/675 368/548/676
f 359/551/679 358/549/677 370/552/680
f 370/552/680 358/549/677 369/550/678
f 367/546/674 349/553/681 368/548/676
f 368/548/676 349/553/681 348/554/682
f 368/548/676 348/554/682 369/550/678
f 369/550/678 348/554/682 347/555/683
f 369/550/678 347/555/683 370/552/680
f 370/552/680 347/555/683 346/556/684
f 372/542/670 371/541/668 351/558/685
f 351/558/685 371/541/668 352/557/686
f 373/544/672 372/542/670 350/559/687
f 350/559/687 372/542/670 351/558/685
f 367/546/674 373/544/672 349/553/681
f 349/553/681 373/544/672 350/559/687
f 374/560/688 375/561/689 387/563/690
f 387/563/690 375/561/689 386/562/691
f 375/561/689 374/560/688 376/565/692
f 376/565/692 374/560/688 377/564/693
f 376/565/692 377/564/693 378/567/694
f 378/567/694 377/564/693 379/566/695
f 378/567/694 379/566/695 380/569/696
f 380/569/696 379/566/695 381/568/697
f 380/569/696 381/568/697 382/571/698
f 382/571/698 381/568/697 383/570/699
f 384/572/700 385/573/701 386/562/691
f 386/562/691 385/573/701 387/563/690
f 360/575/702 384/572/700 361/574/703
f 361/574/703 384/572/700 386/562/691
f 361/574/703 386/562/691 362/576/704
f 362/576/704 386/562/691 375/561/689
f 362/576/704 375/561/689 363/577/705
f 363/577/705 375/561/689 376/565/692
f 364/578/706 363/577/705 378/567/694
f 378/567/694 363/577/705 376/565/692
f 365/579/707 364/578/706 380/569/696
f 380/569/696 364/578/706 378/567/694
f 366/580/708 365/579/707 382/571/698
f 382/571/698 365/579/707 380/569/696
f 377/564/693 374/560/688 356/545/673
f 356/545/673 374/560/688 355/543/671
f 377/564/693 356/545/673 379/566/695
f 379/566/695 356/545/673 357/547/675
f 379/566/695 357/547/675 381/568/697
f 381/568/697 357/547/675 358/549/677
f 381/568/697 358/549/677 383/570/699
f 383/570/699 358/549/677 359/551/679
f 387/563/690 385/573/701 354/539/669
f 354/539/669 385/573/701 353/540/667
f 374/560/688 387/563/690 355/543/671
f 355/543/671 387/563/690 354/539/669
f 389/536/664 388/538/666 361/574/703
f 361/574/703 388/538/666 360/575/702
f 390/534/662 389/536/664 362/576/704
f 362/576/704 389/536/664 361/574/703
f 391/532/660 390/534/662 363/577/705
f 363/577/705 390/534/662 362/576/704
f 391/532/660 363/577/705 392/530/658
f 392/530/658 363/577/705 364/578/706
f 392/530/658 364/578/706 393/527/656
f 393/527/656 364/578/706 365/579/707
f 393/527/656 365/579/707 394/528/655
f 394/528/655 365/579/707 366/580/708
s 105
f 339/581/709 394/582/710 395/584/711
f 395/584/711 394/582/710 434/583/712
f 395/584/711 434/583/712 396/586/713
f 396/586/713 434/583/712 433/585/714
f 396/586/713 433/585/714 397/588/715
f 397/588/715 433/585/714 432/587/716
f 432/587/716 431/589/717 397/588/715
f 397/588/715 431/589/717 398/590/718
f 431/589/717 430/591/719 398/590/718
f 398/590/718 430/591/719 399/592/720
f 430/591/719 388/593/721 399/592/720
f 399/592/720 388/593/721 345/594/722
f 418/596/723 371/597/724 405/595/725
f 405/595/725 371/597/724 353/598/726
f 419/600/727 418/596/723 406/599/728
f 406/599/728 418/596/723 405/595/725
f 415/602/729 419/600/727 407/601/730
f 407/601/730 419/600/727 406/599/728
f 408/603/731 416/604/732 407/601/730
f 407/601/730 416/604/732 415/602/729
f 409/605/733 417/606/734 408/603/731
f 408/603/731 417/606/734 416/604/732
f 359/607/735 370/608/736 409/605/733
f 409/605/733 370/608/736 417/606/734
f 401/609/737 402/610/738 416/604/732
f 416/604/732 402/610/738 415/602/729
f 400/611/739 401/609/737 417/606/734
f 417/606/734 401/609/737 416/604/732
f 346/612/740 400/611/739 370/608/736
f 370/608/736 400/611/739 417/606/734
f 418/596/723 404/613/741 371/597/724
f 371/597/724 404/613/741 352/614/742
f 419/600/727 403/615/743 418/596/723
f 418/596/723 403/615/743 404/613/741
f 415/602/729 402/610/738 419/600/727
f 419/600/727 402/610/738 403/615/743
f 420/616/744 429/617/745 421/619/746
f 421/619/746 429/617/745 428/618/747
f 421/619/746 422/620/748 420/616/744
f 420/616/744 422/620/748 423/621/749
f 422/620/748 424/622/750 423/621/749
f 423/621/749 424/622/750 425/623/751
f 424/622/750 426/624/752 425/623/751
f 425/623/751 426/624/752 427/625/753
f 426/624/752 382/626/754 427/625/753
f 427/625/753 382/626/754 383/627/755
f 384/628/756 428/618/747 385/629/757
f 385/629/757 428/618/747 429/617/745
f 428/618/747 384/628/756 410/630/758
f 410/630/758 384/628/756 360/631/759
f 421/619/746 428/618/747 411/632/760
f 411/632/760 428/618/747 410/630/758
f 422/620/748 421/619/746 412/633/761
f 412/633/761 421/619/746 411/632/760
f 413/634/762 424/622/750 412/633/761
f 412/633/761 424/622/750 422/620/748
f 414/635/763 426/624/752 413/634/762
f 413/634/762 426/624/752 424/622/750
f 366/636/764 382/626/754 414/635/763
f 414/635/763 382/626/754 426/624/752
f 423/621/749 407/601/730 420/616/744
f 420/616/744 407/601/730 406/599/728
f 408/603/731 407/601/730 425/623/751
f 425/623/751 407/601/730 423/621/749
f 409/605/733 408/603/731 427/625/753
f 427/625/753 408/603/731 425/623/751
f 359/607/735 409/605/733 383/627/755
f 383/627/755 409/605/733 427/625/753
f 429/617/745 405/595/725 385/629/757
f 385/629/757 405/595/725 353/598/726
f 420/616/744 406/599/728 429/617/745
f 429/617/745 406/599/728 405/595/725
f 430/591/719 410/630/758 388/593/721
f 388/593/721 410/630/758 360/631/759
f 431/589/717 411/632/760 430/591/719
f 430/591/719 411/632/760 410/630/758
f 432/587/716 412/633/761 431/589/717
f 431/589/717 412/633/761 411/632/760
f 413/634/762 412/633/761 433/585/714
f 433/585/714 412/633/761 432/587/716
f 414/635/763 413/634/762 434/583/712
f 434/583/712 413/634/762 433/585/714
f 366/636/764 414/635/763 394/582/710
f 394/582/710 414/635/763 434/583/712
s 113
f 462/638/765 461/639/766 459/637/767
f 459/637/767 461/639/766 460/640/768
f 461/639/766 464/641/769 460/640/768
f 460/640/768 464/641/769 463/642/770
f 463/642/770 464/641/769 465/644/771
f 465/644/771 464/641/769 466/643/772
f 465/644/771 466/643/772 467/646/773
f 467/646/773 466/643/772 468/645/774
f 467/646/773 468/645/774 469/648/775
f 469/648/775 468/645/774 470/647/776
f 470/647/776 472/649/777 469/648/775
f 469/648/775 472/649/777 471/650/778
f 472/649/777 474/651/779 471/650/778
f 471/650/778 474/651/779 473/652/780
f 474/651/779 476/653/781 473/652/780
f 473/652/780 476/653/781 475/654/782
f 475/654/782 476/653/781 477/656/783
f 477/656/783 476/653/781 478/655/784
f 477/656/783 478/655/784 479/658/785
f 479/658/785 478/655/784 480/657/786
f 479/658/785 480/657/786 481/660/787
f 481/660/787 480/657/786 482/659/788
f 482/659/788 462/638/765 481/660/787
f 481/660/787 462/638/765 459/637/767
s 114
f 435/661/789 436/662/790 447/664/791
f 447/664/791 436/662/790 448/663/792
f 436/662/790 437/665/793 448/663/792
f 448/663/792 437/665/793 449/666/794
f 438/667/795 450/668/796 437/665/793
f 437/665/793 450/668/796 449/666/794
f 439/669/797 451/670/798 438/667/795
f 438/667/795 451/670/798 450/668/796
f 440/671/799 452/672/800 439/669/797
f 439/669/797 452/672/800 451/670/798
f 440/671/799 441/673/801 452/672/800
f 452/672/800 441/673/801 453/674/802
f 441/673/801 442/675/803 453/674/802
f 453/674/802 442/675/803 454/676/804
f 442/675/803 443/677/805 454/676/804
f 454/676/804 443/677/805 455/678/806
f 444/679/807 456/680/808 443/677/805
f 443/677/805 456/680/808 455/678/806
f 445/681/809 457/682/810 444/679/807
f 444/679/807 457/682/810 456/680/808
f 446/683/811 458/684/812 445/681/809
f 445/681/809 458/684/812 457/682/810
f 446/683/811 435/661/789 458/684/812
f 458/684/812 435/661/789 447/664/791
s 121
f 461/639/813 462/638/814 448/663/815
f 448/663/815 462/638/814 447/664/816
f 464/641/817 461/639/813 449/666/818
f 449/666/818 461/639/813 448/663/815
f 450/668/819 466/643/820 449/666/818
f 449/666/818 466/643/820 464/641/817
f 451/670/821 468/645/822 450/668/819
f 450/668/819 468/645/822 466/643/820
f 452/672/823 470/647/824 451/670/821
f 451/670/821 470/647/824 468/645/822
f 472/649/825 470/647/824 453/674/826
f 453/674/826 470/647/824 452/672/823
f 474/651/827 472/649/825 454/676/828
f 454/676/828 472/649/825 453/674/826
f 476/653/829 474/651/827 455/678/830
f 455/678/830 474/651/827 454/676/828
f 456/680/831 478/655/832 455/678/830
f 455/678/830 478/655/832 476/653/829
f 457/682/833 480/657/834 456/680/831
f 456/680/831 480/657/834 478/655/832
f 458/684/835 482/659/836 457/682/833
f 457/682/833 482/659/836 480/657/834
f 462/638/814 482/659/836 447/664/816
f 447/664/816 482/659/836 458/684/835
s 128
f 510/686/837 509/687/838 507/685/839
f 507/685/839 509/687/838 508/688/840
f 509/687/838 512/689/841 508/688/840
f 508/688/840 512/689/841 511/690/842
f 511/690/842 512/689/841 513/692/843
f 513/692/843 512/689/841 514/691/844
f 513/692/843 514/691/844 515/694/845
f 515/694/845 514/691/844 516/693/846
f 515/694/845 516/693/846 517/696/847
f 517/696/847 516/693/846 518/695/848
f 518/695/848 520/697/849 517/696/847
f 517/696/847 520/697/849 519/698/850
f 520/697/849 522/699/851 519/698/850
f 519/698/850 522/699/851 521/700/852
f 522/699/851 524/701/853 521/700/852
f 521/700/852 524/701/853 523/702/854
f 523/702/854 524/701/853 525/704/855
f 525/704/855 524/701/853 526/703/856
f 525/704/855 526/703/856 527/706/857
f 527/706/857 526/703/856 528/705/858
f 527/706/857 528/705/858 529/708/859
f 529/708/859 528/705/858 530/707/860
f 530/707/860 510/686/837 529/708/859
f 529/708/859 510/686/837 507/685/839
s 129
f 483/709/861 484/710/862 495/712/863
f 495/712/863 484/710/862 496/711/864
f 484/710/862 485/713/865 496/711/864
f 496/711/864 485/713/865 497/714/866
f 486/715/867 498/716/868 485/713/865
f 485/713/865 498/716/868 497/714/866
f 487/717/869 499/718/870 486/715/867
f 486/715/867 499/718/870 498/716/868
f 488/719/871 500/720/872 487/717/869
f 487/717/869 500/720/872 499/718/870
f 488/719/871 489/721/873 500/720/872
f 500/720/872 489/721/873 501/722/874
f 489/721/873 490/723/875 501/722/874
f 501/722/874 490/723/875 502/724/876
f 490/723/875 491/725/877 502/724/876
f 502/724/876 491/725/877 503/726/878
f 492/727/879 504/728/880 491/725/877
f 491/725/877 504/728/880 503/726/878
f 493/729/881 505/730/882 492/727/879
f 492/727/879 505/730/882 504/728/880
f 494/731/883 506/732/884 493/729/881
f 493/729/881 506/732/884 505/730/882
f 494/731/883 483/709/861 506/732/884
f 506/732/884 483/709/861 495/712/863
s 136
f 509/687/885 510/686/886 496/711/887
f 496/711/887 510/686/886 495/712/888
f 512/689/889 509/687/885 497/714/890
f 497/714/890 509/687/885 496/711/887
f 498/716/891 514/691/892 497/714/890
f 497/714/890 514/691/892 512/689/889
f 499/718/893 516/693/894 498/716/891
f 498/716/891 516/693/894 514/691/892
f 500/720/895 518/695/896 499/718/893
f 499/718/893 518/695/896 516/693/894
f 520/697/897 518/695/896 501/722/898
f 501/722/898 518/695/896 500/720/895
f 522/699/899 520/697/897 502/724/900
f 502/724/900 520/697/897 501/722/898
f 524/701/901 522/699/899 503/726/902
f 503/726/902 522/699/899 502/724/900
f 504/728/903 526/703/904 503/726/902
f 503/726/902 526/703/904 524/701/901
f 505/730/905 528/705/906 504/728/903
f 504/728/903 528/705/906 526/703/904
f 506/732/907 530/707/908 505/730/905
f 505/730/905 530/707/908 528/705/906
f 510/686/886 530/707/908 495/712/888
f 495/712/888 530/707/908 506/732/907
s 143
f 186/301/909 185/734/910 532/733/911
f 532/733/911 185/734/910 531/741/912
s 144
f 533/735/913 187/302/914 532/742/915
f 187/302/914 186/736/916 532/742/915
s 145
f 194/738/917 535/744/918 193/743/919
f 193/743/919 535/744/918 534/737/920
s 146
f 533/746/921 535/739/922 187/740/923
f 194/745/924 187/740/923 535/739/922
g default
v -34.500397 -2.980156 2.317569
v -47.155823 -3.421314 2.294999
v -34.973904 13.473320 1.558179
v -47.627655 12.984112 1.537067
v -34.750408 5.706772 2.763689
v -47.422798 5.240025 2.716487
v -34.975471 13.515076 0.000000
v -47.649277 12.999561 0.000000
v -47.477074 5.232063 0.000000
v -47.177208 -3.442440 0.000000
v -34.498642 -3.028461 0.000000
v -34.500397 -2.980156 -2.317569
v -47.155823 -3.421314 -2.294999
v -34.973904 13.473320 -1.558179
v -47.627655 12.984112 -1.537067
v -34.750408 5.706772 -2.763689
v -47.422798 5.240025 -2.716487
v -34.975471 13.515076 0.000000
v -47.649277 12.999561 0.000000
v -47.477074 5.232063 0.000000
v -47.177208 -3.442440 0.000000
v -34.498642 -3.028461 0.000000
v -33.290348 -12.370575 2.385572
v -33.347427 -10.838417 6.773656
v -33.538300 -4.256886 11.715368
v -33.796165 4.714348 13.520004
v -25.897326 -12.158752 2.385572
v -25.928066 -10.625839 6.773654
v -26.114353 -4.044170 11.715363
v -26.370588 4.927109 13.520000
v -33.333454 -10.938499 2.035727
v -25.936289 -10.726547 2.035727
v -33.406784 -9.557701 5.828302
v -25.942141 -9.343819 5.828300
v -33.574417 -3.596024 10.237122
v -26.116137 -3.382324 10.237122
v -33.811481 4.713909 11.892840
v -26.355274 4.927547 11.892840
v -34.269428 21.800205 2.385571
v -34.238686 20.267292 6.773656
v -34.052402 13.685623 11.715368
v -26.876408 22.012032 2.385572
v -26.819326 20.479874 6.773654
v -26.628452 13.898338 11.715363
v -34.230469 20.368004 2.035727
v -26.833302 20.579952 2.035727
v -34.224613 18.985271 5.828302
v -26.759972 19.199154 5.828300
v -34.050617 13.023781 10.237122
v -26.592339 13.237480 10.237122
v -33.596886 28.073589 10.087584
v -33.311329 18.216015 17.481342
v -27.907089 28.236616 10.087584
v -27.627750 18.378864 17.481342
v -33.677147 31.665600 12.732999
v -28.032631 31.827330 12.732999
v -33.347130 20.072929 21.625582
v -27.698328 20.234779 21.625582
v -33.007141 8.682510 19.405922
v -33.021740 9.241150 23.805132
v -27.402977 9.402142 23.805132
v -27.385567 8.843586 19.405922
v -33.636703 30.628887 2.923610
v -33.751976 34.745140 3.725343
v -28.134251 34.906101 3.725342
v -28.013647 30.790001 2.923610
v -33.596886 28.073589 -10.087584
v -33.311329 18.216015 -17.481342
v -27.907089 28.236616 -10.087584
v -27.627750 18.378864 -17.481342
v -33.677147 31.665600 -12.732999
v -28.032631 31.827330 -12.732999
v -33.347130 20.072929 -21.625582
v -27.698328 20.234779 -21.625582
v -33.007141 8.682510 -19.405922
v -33.021740 9.241150 -23.805132
v -27.402977 9.402142 -23.805132
v -27.385567 8.843586 -19.405922
v -33.636703 30.628887 -2.923610
v -33.751976 34.745140 -3.725342
v -28.134251 34.906101 -3.725342
v -28.013647 30.790001 -2.923610
v -32.259705 -18.595142 -10.087584
v -32.539043 -8.737373 -17.481342
v -26.569908 -18.432117 -10.087584
v -26.855465 -8.574524 -17.481342
v -32.134159 -22.185841 -12.732999
v -26.489649 -22.024113 -12.732999
v -32.468464 -10.593288 -21.625582
v -26.819660 -10.431438 -21.625582
v -32.781227 0.797905 -19.405922
v -32.763817 0.239349 -23.805132
v -27.145052 0.400341 -23.805132
v -27.159651 0.958981 -19.405922
v -32.153145 -21.148510 -2.923610
v -32.032543 -25.264614 -3.725343
v -26.414814 -25.103649 -3.725342
v -26.530090 -20.987392 -2.923610
v -32.259705 -18.595142 10.087584
v -32.539043 -8.737373 17.481342
v -26.569908 -18.432117 10.087584
v -26.855465 -8.574524 17.481342
v -32.134159 -22.185841 12.732999
v -26.489649 -22.024113 12.732999
v -32.468464 -10.593288 21.625582
v -26.819660 -10.431438 21.625582
v -32.781227 0.797905 19.405922
v -32.763817 0.239349 23.805132
v -27.145052 0.400341 23.805132
v -27.159651 0.958981 19.405922
v -32.153145 -21.148510 2.923610
v -32.032543 -25.264614 3.725342
v -26.414814 -25.103649 3.725342
v -26.530090 -20.987392 2.923610
v -33.290348 -12.370575 -2.385571
v -33.347427 -10.838417 -6.773656
v -33.538300 -4.256886 -11.715368
v -33.796165 4.714348 -13.520004
v -25.897326 -12.158752 -2.385572
v -25.928066 -10.625839 -6.773654
v -26.114353 -4.044170 -11.715363
v -26.370588 4.927109 -13.520000
v -33.333454 -10.938499 -2.035727
v -25.936289 -10.726547 -2.035727
v -33.406784 -9.557701 -5.828302
v -25.942141 -9.343819 -5.828300
v -33.574417 -3.596024 -10.237122
v -26.116137 -3.382324 -10.237122
v -33.811481 4.713909 -11.892840
v -26.355274 4.927547 -11.892840
v -34.269428 21.800205 -2.385572
v -34.238686 20.267292 -6.773656
v -34.052402 13.685623 -11.715368
v -26.876408 22.012032 -2.385572
v -26.819326 20.479874 -6.773654
v -26.628452 13.898338 -11.715363
v -34.230469 20.368004 -2.035727
v -26.833302 20.579952 -2.035727
v -34.224613 18.985271 -5.828302
v -26.759972 19.199154 -5.828300
v -34.050617 13.023781 -10.237122
v -26.592339 13.237480 -10.237122
v -35.306507 17.272697 5.489940
v -35.156082 11.942738 9.491919
v -34.948841 4.681347 10.952593
v -34.739971 -2.580006 9.491919
v -34.584961 -7.909813 5.489940
v -34.527290 -9.868271 -0.000002
v -34.584961 -7.909813 -5.489944
v -34.739971 -2.580006 -9.491923
v -34.948841 4.681347 -10.952597
v -35.156082 11.942738 -9.491923
v -35.306507 17.272697 -5.489944
v -35.361069 19.231232 -0.000002
v -25.581720 17.551338 5.489940
v -25.426712 12.221508 9.491919
v -25.217840 4.960167 10.952593
v -25.010597 -2.301235 9.491919
v -24.860176 -7.631172 5.489940
v -24.805614 -9.589714 -0.000002
v -24.860176 -7.631172 -5.489944
v -25.010597 -2.301235 -9.491923
v -25.217840 4.960167 -10.952597
v -25.426712 12.221508 -9.491923
v -25.581720 17.551338 -5.489944
v -25.639389 19.509781 -0.000002
v -35.364571 17.164547 -0.000002
v -35.213379 11.887817 -0.000002
v -35.006851 4.679684 -0.000002
v -34.800316 -2.528458 -0.000002
v -34.649124 -7.805168 -0.000002
v -25.517557 17.446690 -0.000002
v -25.366365 12.169960 -0.000002
v -25.159834 4.961826 -0.000002
v -24.953300 -2.246315 -0.000002
v -24.802109 -7.523026 -0.000003
v -283.434204 -18.896740 -1.620268
v -284.186798 -12.410086 -0.000003
v -302.651489 -23.444654 -0.000003
v -282.854126 -23.979639 -1.348629
v -306.473145 -28.863024 -0.000003
v -235.802795 -16.783154 -1.348903
v -237.068237 -11.505768 -1.620426
v -238.552002 -4.304565 -0.000003
v -62.920311 -2.811516 -1.348811
v -46.860661 -2.346096 -1.348227
v -47.042229 3.991482 -1.620550
v -63.105865 3.590805 -1.620508
v -47.267780 11.872375 -0.000003
v -63.331642 11.397663 -0.000003
v -295.925232 -26.519461 -1.098632
v -46.859192 -2.394745 -0.000003
v -62.918159 -2.860733 -0.000003
v -235.796616 -16.832111 -0.000003
v -282.844696 -24.027836 -0.000003
v -291.468414 -15.345402 -0.000003
v -296.649567 -18.677006 -0.000003
v -290.460938 -21.814838 -1.459112
v -295.902313 -26.575331 -0.000003
v -118.680748 -6.064793 -1.348706
v -170.102173 -10.170427 -1.348588
v -170.988358 -3.648901 -1.620426
v -119.362816 0.648392 -1.620449
v -171.959366 3.454733 -0.000003
v -120.102310 7.962971 -0.000003
v -118.677345 -6.113865 -0.000003
v -170.097809 -10.219286 -0.000003
v -283.434204 -18.896740 1.620262
v -282.854126 -23.979639 1.348623
v -235.802795 -16.783154 1.348897
v -237.068237 -11.505768 1.620420
v -62.920311 -2.811516 1.348805
v -46.860661 -2.346096 1.348221
v -47.042229 3.991482 1.620544
v -63.105865 3.590805 1.620502
v -295.925232 -26.519461 1.098625
v -290.460938 -21.814838 1.459106
v -118.680748 -6.064793 1.348700
v -170.102173 -10.170427 1.348582
v -170.988358 -3.648901 1.620420
v -119.362816 0.648392 1.620443
v 34.501854 6.671280 5.629560
v 35.378551 8.449955 5.630045
v 38.656670 10.098328 5.631752
v 38.773575 6.793678 5.644419
v 41.661751 11.076942 5.635812
v 42.987862 9.477409 5.614561
v 43.944077 12.998291 5.637017
v 45.840229 11.420666 5.405258
v 45.659805 16.111446 5.426908
v 51.908131 13.669071 4.025831
v 41.784412 6.879944 5.644419
v 43.097641 6.917572 5.593597
v 30.896629 6.567982 2.873018
v 33.018703 10.793732 2.868877
v 36.299965 12.482513 2.838233
v 39.291664 13.478260 2.823287
v 41.783455 15.078754 2.819342
v 43.733978 17.303349 2.809499
v 45.561939 18.533302 2.718315
v 51.961037 15.880100 2.002548
v 51.916569 13.612221 1.961214
v 45.850582 11.364426 2.639989
v 43.055229 9.441872 2.735452
v 43.148399 6.919029 2.735452
v 36.278481 13.128853 0.000000
v 39.262569 14.111126 0.000000
v 41.753273 15.708332 0.000000
v 43.709904 17.931583 0.000000
v 45.540176 19.163639 -0.000000
v 51.941685 16.508804 0.000000
v 51.916714 13.612446 0.000000
v 45.850582 11.364426 -0.000000
v 43.055229 9.441872 -0.000000
v 43.148399 6.919029 -0.000000
v 35.478954 4.945724 5.630045
v 38.846085 3.487755 5.631752
v 41.902264 2.682808 5.635812
v 43.134613 4.355652 5.614561
v 44.290855 0.895294 5.637017
v 46.093571 2.578903 5.405258
v 46.182022 -2.114510 5.426908
v 52.280254 0.681625 4.025830
v 33.257179 2.470673 2.868877
v 36.629753 0.972542 2.838232
v 39.673561 0.149727 2.823287
v 42.252907 -1.305466 2.819342
v 44.327606 -3.414726 2.809499
v 46.222992 -4.537994 2.718315
v 52.459671 -1.522751 2.002548
v 52.285427 0.738869 1.961214
v 46.100681 2.635643 2.639989
v 43.199837 4.394989 2.735452
v 36.645317 0.326027 -0.000000
v 39.680752 -0.483765 -0.000000
v 42.258820 -1.935738 -0.000000
v 44.339542 -4.043312 0.000000
v 46.237354 -5.168549 0.000000
v 52.476353 -2.151527 -0.000000
v 52.285580 0.738647 -0.000000
v 46.100681 2.635643 -0.000000
v 43.199837 4.394989 -0.000000
v 52.896454 -0.293816 0.000000
v 52.866985 0.724167 3.579291
v 52.782818 3.491180 5.015774
v 52.570744 10.892899 5.015774
v 52.496338 13.660183 3.579291
v 52.467468 14.678188 0.000000
v 56.992104 3.506767 -0.000001
v 56.977028 4.022675 1.454716
v 56.932800 5.426483 2.407751
v 56.824726 9.198383 2.407752
v 56.788498 10.602421 1.454716
v 56.774010 11.118343 0.000000
v 56.896816 7.312958 -0.000000
v 54.869583 4.084366 4.219683
v 54.947632 1.721916 2.861556
v 54.973686 0.854004 0.000000
v 54.607010 13.651199 -0.000000
v 54.630699 12.783218 2.861557
v 54.688042 10.420174 4.219683
v 51.958076 -0.325447 -0.000000
v 47.948734 0.609612 3.611230
v 43.080410 3.234062 5.023405
v 42.869526 10.594051 5.023405
v 47.579597 13.492943 3.611228
v 51.528816 14.656033 -0.000000
v 34.501854 6.671280 -5.629560
v 35.378551 8.449955 -5.630045
v 38.656670 10.098328 -5.631752
v 38.773575 6.793678 -5.644419
v 41.661751 11.076942 -5.635812
v 42.987862 9.477409 -5.614561
v 43.944077 12.998291 -5.637017
v 45.840229 11.420666 -5.405258
v 45.659805 16.111446 -5.426908
v 51.908131 13.669071 -4.025830
v 41.784412 6.879944 -5.644419
v 43.097641 6.917572 -5.593597
v 30.896629 6.567982 -2.873018
v 33.018703 10.793732 -2.868877
v 36.299965 12.482513 -2.838232
v 39.291664 13.478260 -2.823287
v 41.783455 15.078754 -2.819342
v 43.733978 17.303349 -2.809499
v 45.561939 18.533302 -2.718315
v 51.961037 15.880100 -2.002548
v 51.916569 13.612221 -1.961214
v 45.850582 11.364426 -2.639989
v 43.055229 9.441872 -2.735452
v 43.148399 6.919029 -2.735452
v 35.478954 4.945724 -5.630045
v 38.846085 3.487755 -5.631752
v 41.902264 2.682808 -5.635812
v 43.134613 4.355652 -5.614561
v 44.290855 0.895294 -5.637017
v 46.093571 2.578903 -5.405258
v 46.182022 -2.114510 -5.426908
v 52.280254 0.681625 -4.025830
v 33.257179 2.470673 -2.868877
v 36.629753 0.972542 -2.838233
v 39.673561 0.149727 -2.823287
v 42.252907 -1.305466 -2.819342
v 44.327606 -3.414726 -2.809499
v 46.222992 -4.537994 -2.718315
v 52.459671 -1.522751 -2.002548
v 52.285427 0.738869 -1.961214
v 46.100681 2.635643 -2.639989
v 43.199837 4.394989 -2.735452
v 52.866985 0.724167 -3.579291
v 52.782818 3.491180 -5.015774
v 52.570744 10.892899 -5.015774
v 52.496338 13.660183 -3.579291
v 56.977028 4.022675 -1.454717
v 56.932800 5.426483 -2.407752
v 56.824726 9.198383 -2.407752
v 56.788498 10.602421 -1.454716
v 54.869583 4.084366 -4.219683
v 54.947632 1.721916 -2.861556
v 54.630699 12.783218 -2.861557
v 54.688042 10.420174 -4.219683
v 47.948734 0.609612 -3.611230
v 43.080410 3.234062 -5.023405
v 42.869526 10.594051 -5.023405
v 47.579597 13.492943 -3.611228
v -25.285650 -2.910686 0.000000
v -25.316900 -1.845894 -2.909656
v -25.400702 1.037525 -5.018184
v -25.513298 4.951691 -5.784537
v -25.625004 8.865871 -5.018184
v -25.706438 11.749352 -2.909657
v -25.736208 12.814186 -0.000000
v 38.967865 -0.253448 -0.000000
v 38.056206 0.670448 -2.610225
v 36.601261 3.212662 -4.510641
v 34.327389 6.666283 -5.203640
v 36.399780 10.244415 -4.510641
v 37.706772 12.865765 -2.610225
v 38.564041 13.840359 0.000000
v 24.417309 14.251434 -0.000000
v 24.447819 13.186623 -2.909634
v 24.530140 10.303131 -5.018262
v 24.642151 6.388775 -5.784653
v 24.754454 2.474419 -5.018262
v 24.837372 -0.409065 -2.909634
v 24.867878 -1.473877 -0.000000
v -4.394593 13.425808 -0.000000
v -4.363569 12.361137 -2.909404
v -4.280063 9.477718 -5.018133
v -4.167534 5.563301 -5.784583
v -4.055746 1.648857 -5.018133
v -3.974014 -1.234623 -2.909404
v -3.944027 -2.299313 0.000000
v 31.709324 6.591267 -5.348014
v 31.812880 2.977119 -4.640589
v 31.889973 0.312263 -2.692202
v 31.918945 -0.673027 -0.000000
v 31.502663 13.855629 0.000000
v 31.530151 12.870312 -2.692202
v 31.605768 10.205402 -4.640589
v 16.610094 9.819168 -4.694467
v 3.658663 9.448074 -4.694467
v 3.763165 5.790539 -5.410533
v 16.715187 6.161648 -5.410533
v 3.868259 2.132999 -4.694467
v 16.819689 2.504093 -4.694467
v 3.946243 -0.562824 -2.723180
v 16.896193 -0.191772 -2.723180
v 3.975315 -1.559406 0.000000
v 16.924303 -1.188385 -0.000000
v 3.554123 13.140572 -0.000000
v 16.503111 13.511593 -0.000000
v 3.582161 12.143951 -2.723180
v 16.532108 12.514999 -2.723180
v -9.932092 12.454762 -0.000000
v -9.903937 11.497986 -2.614423
v -9.828721 8.911655 -4.505565
v -9.727774 5.403988 -5.192266
v -9.627713 1.896282 -4.505565
v -9.554716 -0.690128 -2.614423
v -9.528042 -1.646927 0.000000
v -25.316900 -1.845894 2.909656
v -25.400702 1.037525 5.018184
v -25.513298 4.951691 5.784537
v -25.625004 8.865871 5.018184
v -25.706438 11.749352 2.909657
v 38.056206 0.670448 2.610225
v 36.601261 3.212662 4.510641
v 34.327389 6.666283 5.203640
v 36.399780 10.244415 4.510641
v 37.706772 12.865765 2.610225
v 24.447819 13.186623 2.909634
v 24.530140 10.303131 5.018262
v 24.642151 6.388775 5.784653
v 24.754454 2.474419 5.018262
v 24.837372 -0.409065 2.909634
v -4.363569 12.361137 2.909404
v -4.280063 9.477718 5.018133
v -4.167534 5.563301 5.784583
v -4.055746 1.648857 5.018133
v -3.974014 -1.234623 2.909404
v 31.709324 6.591267 5.348014
v 31.812880 2.977119 4.640589
v 31.889973 0.312263 2.692202
v 31.530151 12.870312 2.692202
v 31.605768 10.205402 4.640589
v 16.610094 9.819168 4.694467
v 3.658663 9.448074 4.694467
v 3.763165 5.790539 5.410533
v 16.715187 6.161648 5.410533
v 3.868259 2.132999 4.694467
v 16.819689 2.504093 4.694467
v 3.946243 -0.562824 2.723180
v 16.896193 -0.191772 2.723180
v 3.582161 12.143951 2.723180
v 16.532108 12.514999 2.723180
v -9.903937 11.497986 2.614423
v -9.828721 8.911655 4.505565
v -9.727774 5.403988 5.192266
v -9.627713 1.896282 4.505565
v -9.554716 -0.690128 2.614423
v -25.539232 14.681301 4.480124
v -25.428896 10.566853 7.750604
v -25.271540 4.958702 8.944572
v -25.107525 -0.649269 7.750604
v -24.982094 -4.763287 4.480123
v -24.934557 -6.272522 -0.000033
v -24.982094 -4.763287 -4.480188
v -25.107525 -0.649269 -7.750668
v -25.271540 4.958702 -8.944638
v -25.428896 10.566853 -7.750668
v -25.539232 14.681301 -4.480190
v -25.578190 16.190800 -0.000033
v -24.844904 14.389244 4.335006
v -24.731913 10.406982 7.498223
v -24.576895 4.978603 8.653419
v -24.420839 -0.449772 7.498225
v -24.305630 -4.431931 4.335006
v -24.263075 -5.893845 -0.000033
v -24.305630 -4.431931 -4.335071
v -24.420839 -0.449772 -7.498289
v -24.576895 4.978603 -8.653485
v -24.731913 10.406982 -7.498291
v -24.844904 14.389244 -4.335072
v -24.886126 15.851173 -0.000033
v -25.493490 12.976318 3.463506
v -25.406031 9.629276 6.085729
v -24.703133 9.828979 6.342031
v -24.799356 13.316475 3.618770
v -25.275610 4.958584 7.070976
v -24.565796 4.978924 7.361794
v -25.138382 0.288078 6.085729
v -24.425201 0.128941 6.342031
v -25.034052 -3.058464 3.463506
v -24.321581 -3.358322 3.618771
v -24.994463 -4.251530 -0.000032
v -24.283449 -4.609035 -0.000032
v -25.034052 -3.058464 -3.463572
v -24.321581 -3.358322 -3.618836
v -25.138382 0.288078 -6.085794
v -24.425201 0.128941 -6.342096
v -25.275610 4.958584 -7.071042
v -24.565796 4.978924 -7.361859
v -25.406031 9.629276 -6.085794
v -24.703133 9.828979 -6.342096
v -25.493490 12.976318 -3.463572
v -24.799356 13.316475 -3.618836
v -25.522278 14.169697 -0.000032
v -24.832901 14.567314 -0.000032
v -34.627506 -5.039791 4.480124
v -34.737843 -0.925339 7.750604
v -34.895199 4.682812 8.944572
v -35.059212 10.290779 7.750601
v -35.184643 14.404797 4.480122
v -35.232182 15.914032 -0.000032
v -35.184643 14.404797 -4.480187
v -35.059212 10.290779 -7.750668
v -34.895199 4.682812 -8.944638
v -34.737843 -0.925339 -7.750666
v -34.627506 -5.039791 -4.480190
v -34.588547 -6.549290 -0.000033
v -35.321835 -4.747730 4.335006
v -35.434826 -0.765472 7.498225
v -35.589844 4.662907 8.653419
v -35.745899 10.091282 7.498223
v -35.861107 14.073441 4.335005
v -35.903664 15.535355 -0.000032
v -35.861107 14.073441 -4.335071
v -35.745899 10.091282 -7.498289
v -35.589844 4.662907 -8.653485
v -35.434826 -0.765472 -7.498291
v -35.321835 -4.747730 -4.335073
v -35.280613 -6.209663 -0.000033
v -34.673248 -3.334808 3.463506
v -34.760708 0.012234 6.085729
v -35.463604 -0.187466 6.342033
v -35.367382 -3.674965 3.618770
v -34.891129 4.682926 7.070976
v -35.600941 4.662590 7.361794
v -35.028358 9.353432 6.085729
v -35.741535 9.512569 6.342031
v -35.132683 12.699974 3.463505
v -35.845158 12.999836 3.618770
v -35.172276 13.893040 -0.000033
v -35.883289 14.250546 -0.000033
v -35.132683 12.699974 -3.463570
v -35.845158 12.999836 -3.618836
v -35.028358 9.353432 -6.085794
v -35.741535 9.512569 -6.342096
v -34.891129 4.682926 -7.071042
v -35.600941 4.662590 -7.361859
v -34.760708 0.012234 -6.085794
v -35.463604 -0.187466 -6.342099
v -34.673248 -3.334808 -3.463572
v -35.367382 -3.674965 -3.618836
v -34.644459 -4.528187 -0.000033
v -35.333836 -4.925804 -0.000033
vt 0.514089 0.436454
vt 0.500008 0.436778
vt 0.498538 0.352552
vt 0.512605 0.352267
vt 0.394653 0.437798
vt 0.385390 0.437695
vt 0.385875 0.353962
vt 0.396450 0.354061
vt 0.444389 0.438030
vt 0.444389 0.355144
vt 0.396325 0.344655
vt 0.444210 0.338823
vt 0.498286 0.338157
vt 0.514089 0.436454
vt 0.512605 0.352267
vt 0.498538 0.352552
vt 0.500008 0.436778
vt 0.394653 0.437798
vt 0.396450 0.354061
vt 0.385875 0.353962
vt 0.385390 0.437695
vt 0.444389 0.355144
vt 0.444389 0.438030
vt 0.444210 0.338823
vt 0.396325 0.344655
vt 0.498286 0.338157
vt 0.868881 0.984365
vt 0.826025 0.984365
vt 0.826025 0.958422
vt 0.868881 0.958422
vt 0.826025 0.909644
vt 0.868881 0.909644
vt 0.826025 0.854007
vt 0.868881 0.854008
vt 0.759276 0.981218
vt 0.761046 0.952856
vt 0.807357 0.952795
vt 0.807567 0.982229
vt 0.760794 0.900188
vt 0.807861 0.900272
vt 0.760761 0.841489
vt 0.808068 0.841531
vt 0.751761 0.978992
vt 0.752551 0.951799
vt 0.814799 0.951978
vt 0.814764 0.980725
vt 0.752053 0.900127
vt 0.815563 0.900286
vt 0.752044 0.841481
vt 0.815743 0.841539
vt 0.807242 0.990595
vt 0.759146 0.989584
vt 0.868881 0.726930
vt 0.868881 0.749593
vt 0.826025 0.749593
vt 0.826025 0.726930
vt 0.868881 0.798370
vt 0.826025 0.798370
vt 0.759525 0.704526
vt 0.807461 0.704356
vt 0.807555 0.730266
vt 0.761244 0.730122
vt 0.807965 0.782790
vt 0.760898 0.782790
vt 0.752747 0.731164
vt 0.751781 0.706737
vt 0.816101 0.705816
vt 0.814995 0.731098
vt 0.752158 0.782836
vt 0.815667 0.782792
vt 0.759410 0.696160
vt 0.807151 0.695236
vt 0.679066 0.887188
vt 0.678554 0.796703
vt 0.713505 0.796514
vt 0.713505 0.887170
vt 0.677633 0.730168
vt 0.714777 0.730705
vt 0.918168 0.928001
vt 0.886125 0.928001
vt 0.886125 0.865111
vt 0.918168 0.865111
vt 0.886125 0.816050
vt 0.918168 0.816050
vt 0.652352 0.885749
vt 0.651665 0.798256
vt 0.740461 0.798153
vt 0.740241 0.885207
vt 0.649581 0.734571
vt 0.742791 0.735030
vt 0.678165 0.943292
vt 0.651640 0.939007
vt 0.715936 0.942214
vt 0.742258 0.937624
vt 0.918168 0.966328
vt 0.886125 0.966328
vt 0.886125 0.986624
vt 0.918168 0.986624
vt 0.918168 0.797589
vt 0.886125 0.797589
vt 0.679066 0.887188
vt 0.713505 0.887170
vt 0.713505 0.796514
vt 0.678554 0.796703
vt 0.714777 0.730705
vt 0.677633 0.730168
vt 0.918168 0.928001
vt 0.918168 0.865111
vt 0.886125 0.865111
vt 0.886125 0.928001
vt 0.918168 0.816050
vt 0.886125 0.816050
vt 0.652352 0.885749
vt 0.651665 0.798256
vt 0.740461 0.798153
vt 0.740241 0.885207
vt 0.649581 0.734571
vt 0.742791 0.735030
vt 0.678165 0.943292
vt 0.651640 0.939007
vt 0.715936 0.942214
vt 0.742258 0.937624
vt 0.918168 0.966328
vt 0.886125 0.966328
vt 0.886125 0.986624
vt 0.918168 0.986624
vt 0.918168 0.797589
vt 0.886125 0.797589
vt 0.679066 0.887188
vt 0.678554 0.796703
vt 0.713505 0.796514
vt 0.713505 0.887170
vt 0.677633 0.730168
vt 0.714777 0.730705
vt 0.918168 0.928001
vt 0.886125 0.928001
vt 0.886125 0.865111
vt 0.918168 0.865111
vt 0.886125 0.816050
vt 0.918168 0.816050
vt 0.652352 0.885749
vt 0.651665 0.798256
vt 0.740461 0.798153
vt 0.740241 0.885207
vt 0.649581 0.734571
vt 0.742791 0.735030
vt 0.678165 0.943292
vt 0.651640 0.939007
vt 0.715936 0.942214
vt 0.742258 0.937624
vt 0.918168 0.966328
vt 0.886125 0.966328
vt 0.886125 0.986624
vt 0.918168 0.986624
vt 0.918168 0.797589
vt 0.886125 0.797589
vt 0.679066 0.887188
vt 0.713505 0.887170
vt 0.713505 0.796514
vt 0.678554 0.796703
vt 0.714777 0.730705
vt 0.677633 0.730168
vt 0.918168 0.928001
vt 0.918168 0.865111
vt 0.886125 0.865111
vt 0.886125 0.928001
vt 0.918168 0.816050
vt 0.886125 0.816050
vt 0.652352 0.885749
vt 0.651665 0.798256
vt 0.740461 0.798153
vt 0.740241 0.885207
vt 0.649581 0.734571
vt 0.742791 0.735030
vt 0.678165 0.943292
vt 0.651640 0.939007
vt 0.715936 0.942214
vt 0.742258 0.937624
vt 0.918168 0.966328
vt 0.886125 0.966328
vt 0.886125 0.986624
vt 0.918168 0.986624
vt 0.918168 0.797589
vt 0.886125 0.797589
vt 0.868881 0.984365
vt 0.826025 0.984365
vt 0.826025 0.958422
vt 0.868881 0.958422
vt 0.826025 0.909644
vt 0.868881 0.909644
vt 0.826025 0.854007
vt 0.868881 0.854008
vt 0.759276 0.981218
vt 0.761046 0.952856
vt 0.807357 0.952795
vt 0.807567 0.982229
vt 0.760794 0.900188
vt 0.807861 0.900272
vt 0.760761 0.841489
vt 0.808068 0.841531
vt 0.751761 0.978992
vt 0.752551 0.951799
vt 0.814799 0.951978
vt 0.814764 0.980725
vt 0.752053 0.900127
vt 0.815563 0.900286
vt 0.752044 0.841481
vt 0.815743 0.841539
vt 0.807242 0.990595
vt 0.759146 0.989584
vt 0.868881 0.726930
vt 0.868881 0.749593
vt 0.826025 0.749593
vt 0.826025 0.726930
vt 0.868881 0.798370
vt 0.826025 0.798370
vt 0.759525 0.704526
vt 0.807461 0.704356
vt 0.807555 0.730266
vt 0.761244 0.730122
vt 0.807965 0.782790
vt 0.760898 0.782790
vt 0.752747 0.731164
vt 0.751781 0.706737
vt 0.816101 0.705816
vt 0.814995 0.731098
vt 0.752158 0.782836
vt 0.815667 0.782792
vt 0.759410 0.696160
vt 0.807151 0.695236
vt 0.991123 0.547926
vt 0.991123 0.587786
vt 0.933724 0.587786
vt 0.933724 0.547926
vt 0.991123 0.632209
vt 0.933724 0.632209
vt 0.991123 0.676631
vt 0.933724 0.676631
vt 0.991123 0.716491
vt 0.933724 0.716491
vt 0.991123 0.751195
vt 0.933724 0.751195
vt 0.991123 0.785898
vt 0.933724 0.785898
vt 0.991123 0.825758
vt 0.933724 0.825758
vt 0.991123 0.870181
vt 0.933724 0.870181
vt 0.991123 0.914603
vt 0.933724 0.914603
vt 0.991123 0.954463
vt 0.933724 0.954464
vt 0.991123 0.989167
vt 0.933724 0.989167
vt 0.991123 0.513223
vt 0.933724 0.513223
vt 0.612325 0.890287
vt 0.583193 0.929107
vt 0.543398 0.929107
vt 0.543398 0.890287
vt 0.622988 0.837259
vt 0.543398 0.837259
vt 0.612325 0.785201
vt 0.543398 0.785201
vt 0.583193 0.747741
vt 0.543398 0.747741
vt 0.543398 0.733532
vt 0.503603 0.747741
vt 0.474471 0.785201
vt 0.463808 0.837259
vt 0.474471 0.890287
vt 0.503603 0.929107
vt 0.543398 0.942458
vt 0.503598 0.929092
vt 0.474466 0.890273
vt 0.543393 0.890273
vt 0.543393 0.929092
vt 0.463803 0.837244
vt 0.543393 0.837244
vt 0.474466 0.785187
vt 0.543393 0.785187
vt 0.503598 0.747727
vt 0.543393 0.747727
vt 0.543393 0.733518
vt 0.583188 0.747727
vt 0.612320 0.785187
vt 0.622983 0.837244
vt 0.612320 0.890273
vt 0.583188 0.929092
vt 0.543393 0.942444
vt 0.043877 0.087625
vt 0.028795 0.066435
vt 0.040276 0.044402
vt 0.057424 0.066409
vt 0.033724 0.114154
vt 0.029161 0.114472
vt 0.025197 0.066669
vt 0.052289 0.113710
vt 0.064167 0.277100
vt 0.044704 0.280320
vt 0.076629 0.112982
vt 0.091291 0.273581
vt 0.058005 0.927139
vt 0.081370 0.927614
vt 0.080199 0.987476
vt 0.057101 0.987128
vt 0.110377 0.928207
vt 0.109455 0.987963
vt 0.053430 0.927134
vt 0.052529 0.987067
vt 0.040135 0.280549
vt 0.068114 0.086001
vt 0.023917 0.030510
vt 0.056755 0.718836
vt 0.052181 0.718895
vt 0.048295 0.526600
vt 0.052869 0.526474
vt 0.076824 0.524725
vt 0.081370 0.717703
vt 0.103427 0.522789
vt 0.108684 0.716480
vt 0.043980 0.088531
vt 0.057527 0.066592
vt 0.040253 0.044665
vt 0.028898 0.066619
vt 0.025300 0.066860
vt 0.029456 0.114570
vt 0.034019 0.114240
vt 0.052583 0.113781
vt 0.044704 0.280320
vt 0.064167 0.277100
vt 0.091291 0.273581
vt 0.076924 0.113028
vt 0.058005 0.927139
vt 0.057101 0.987128
vt 0.080199 0.987476
vt 0.081370 0.927614
vt 0.109455 0.987963
vt 0.110377 0.928207
vt 0.053430 0.927134
vt 0.052529 0.987067
vt 0.040135 0.280549
vt 0.068217 0.086852
vt 0.023794 0.030325
vt 0.056755 0.718836
vt 0.052869 0.526474
vt 0.048295 0.526600
vt 0.052181 0.718895
vt 0.081370 0.717703
vt 0.076824 0.524725
vt 0.108684 0.716480
vt 0.103427 0.522789
vt 0.336947 0.766565
vt 0.336947 0.793184
vt 0.358313 0.792549
vt 0.347632 0.772102
vt 0.354589 0.819708
vt 0.366537 0.839474
vt 0.376521 0.827236
vt 0.364954 0.811793
vt 0.385232 0.879752
vt 0.394734 0.838578
vt 0.336947 0.812566
vt 0.336947 0.820289
vt 0.336325 0.740059
vt 0.365205 0.753638
vt 0.378010 0.775201
vt 0.386885 0.792722
vt 0.397236 0.809821
vt 0.409633 0.825437
vt 0.416835 0.837995
vt 0.404567 0.881711
vt 0.416058 0.972074
vt 0.429620 0.972151
vt 0.416057 0.959270
vt 0.374325 0.967645
vt 0.374325 0.950413
vt 0.351496 0.967022
vt 0.351496 0.949167
vt 0.334479 0.967022
vt 0.334479 0.949167
vt 0.403131 0.785424
vt 0.394789 0.768858
vt 0.413401 0.801991
vt 0.425196 0.818256
vt 0.432207 0.830417
vt 0.417123 0.884824
vt 0.433398 0.843415
vt 0.416058 0.984878
vt 0.433612 0.984879
vt 0.374325 0.984878
vt 0.351496 0.984878
vt 0.334479 0.984878
vt 0.326261 0.772102
vt 0.315580 0.792549
vt 0.319304 0.819708
vt 0.308939 0.811793
vt 0.297372 0.827236
vt 0.307356 0.839474
vt 0.279159 0.838578
vt 0.288661 0.879752
vt 0.307445 0.753638
vt 0.294640 0.775201
vt 0.287008 0.792722
vt 0.276657 0.809821
vt 0.264260 0.825437
vt 0.257058 0.837995
vt 0.269327 0.881711
vt 0.252901 0.972074
vt 0.252901 0.959269
vt 0.239339 0.972151
vt 0.294633 0.967645
vt 0.294633 0.950413
vt 0.317462 0.967022
vt 0.317462 0.949167
vt 0.277860 0.768858
vt 0.269935 0.785424
vt 0.259666 0.801991
vt 0.247870 0.818256
vt 0.240860 0.830417
vt 0.239961 0.843601
vt 0.256315 0.884824
vt 0.235347 0.984879
vt 0.252901 0.984878
vt 0.294633 0.984878
vt 0.317462 0.984878
vt 0.382416 0.519521
vt 0.391903 0.533535
vt 0.407813 0.524785
vt 0.403413 0.510774
vt 0.424035 0.522483
vt 0.421162 0.508228
vt 0.463597 0.523319
vt 0.466916 0.509215
vt 0.479767 0.525928
vt 0.484548 0.511971
vt 0.495300 0.535197
vt 0.505256 0.521372
vt 0.250799 0.941863
vt 0.336447 0.941863
vt 0.262273 0.909699
vt 0.293622 0.888695
vt 0.379270 0.888696
vt 0.410620 0.909699
vt 0.422094 0.941863
vt 0.456638 0.540736
vt 0.430355 0.540736
vt 0.418375 0.543478
vt 0.409608 0.549043
vt 0.468466 0.544166
vt 0.476979 0.550089
vt 0.399495 0.479791
vt 0.380086 0.513730
vt 0.419434 0.448292
vt 0.469621 0.447758
vt 0.489063 0.480692
vt 0.507774 0.515609
vt 0.336947 0.766565
vt 0.347632 0.772102
vt 0.358313 0.792549
vt 0.336947 0.793184
vt 0.354589 0.819708
vt 0.364954 0.811793
vt 0.376521 0.827236
vt 0.366537 0.839474
vt 0.394734 0.838578
vt 0.385232 0.879752
vt 0.336947 0.812566
vt 0.336947 0.820289
vt 0.336325 0.740059
vt 0.365205 0.753638
vt 0.378010 0.775201
vt 0.386885 0.792722
vt 0.397236 0.809821
vt 0.409633 0.825437
vt 0.416835 0.837995
vt 0.404567 0.881711
vt 0.416058 0.972074
vt 0.416057 0.959270
vt 0.429620 0.972151
vt 0.374325 0.967645
vt 0.374325 0.950413
vt 0.351496 0.967022
vt 0.351496 0.949167
vt 0.334479 0.967022
vt 0.334479 0.949167
vt 0.394789 0.768858
vt 0.403131 0.785424
vt 0.413401 0.801991
vt 0.425196 0.818256
vt 0.432207 0.830417
vt 0.433398 0.843415
vt 0.417123 0.884824
vt 0.433612 0.984879
vt 0.416058 0.984878
vt 0.374325 0.984878
vt 0.351496 0.984878
vt 0.334479 0.984878
vt 0.315580 0.792549
vt 0.326261 0.772102
vt 0.319304 0.819708
vt 0.307356 0.839474
vt 0.297372 0.827236
vt 0.308939 0.811793
vt 0.288661 0.879752
vt 0.279159 0.838578
vt 0.307445 0.753638
vt 0.294640 0.775201
vt 0.287008 0.792722
vt 0.276657 0.809821
vt 0.264260 0.825437
vt 0.257058 0.837995
vt 0.269327 0.881711
vt 0.252901 0.972074
vt 0.239339 0.972151
vt 0.252901 0.959269
vt 0.294633 0.967645
vt 0.294633 0.950413
vt 0.317462 0.967022
vt 0.317462 0.949167
vt 0.269935 0.785424
vt 0.277860 0.768858
vt 0.259666 0.801991
vt 0.247870 0.818256
vt 0.240860 0.830417
vt 0.256315 0.884824
vt 0.239961 0.843601
vt 0.252901 0.984878
vt 0.235347 0.984879
vt 0.294633 0.984878
vt 0.317462 0.984878
vt 0.382416 0.519521
vt 0.403413 0.510774
vt 0.407813 0.524785
vt 0.391903 0.533535
vt 0.421162 0.508228
vt 0.424035 0.522483
vt 0.466916 0.509215
vt 0.463597 0.523319
vt 0.484548 0.511971
vt 0.479767 0.525928
vt 0.505256 0.521372
vt 0.495300 0.535197
vt 0.250799 0.941863
vt 0.262273 0.909699
vt 0.336447 0.941863
vt 0.293622 0.888695
vt 0.379270 0.888696
vt 0.410620 0.909699
vt 0.422094 0.941863
vt 0.456638 0.540736
vt 0.430355 0.540736
vt 0.418375 0.543478
vt 0.409608 0.549043
vt 0.476979 0.550089
vt 0.468466 0.544166
vt 0.380086 0.513730
vt 0.399495 0.479791
vt 0.419434 0.448292
vt 0.469621 0.447758
vt 0.489063 0.480692
vt 0.507774 0.515609
vt 0.233119 0.349516
vt 0.252430 0.348754
vt 0.256325 0.446725
vt 0.238867 0.446853
vt 0.274886 0.348464
vt 0.276895 0.446626
vt 0.300103 0.348443
vt 0.300107 0.446622
vt 0.325319 0.348463
vt 0.323320 0.446626
vt 0.347776 0.348750
vt 0.343890 0.446724
vt 0.367086 0.349510
vt 0.361347 0.446851
vt 0.345998 0.641030
vt 0.364698 0.641204
vt 0.364839 0.688085
vt 0.346267 0.687286
vt 0.324360 0.625354
vt 0.324529 0.671374
vt 0.300088 0.613450
vt 0.300093 0.659356
vt 0.275816 0.625352
vt 0.275656 0.671375
vt 0.254177 0.641029
vt 0.253918 0.687291
vt 0.235477 0.641209
vt 0.235346 0.688096
vt 0.300095 0.676480
vt 0.277125 0.702651
vt 0.256951 0.727659
vt 0.239733 0.734203
vt 0.360468 0.734191
vt 0.343248 0.727653
vt 0.323069 0.702650
vt 0.323704 0.589207
vt 0.323749 0.531840
vt 0.344781 0.531896
vt 0.344675 0.589160
vt 0.300096 0.589239
vt 0.300096 0.531784
vt 0.276480 0.589200
vt 0.276450 0.531842
vt 0.255501 0.589148
vt 0.255424 0.531895
vt 0.237561 0.588927
vt 0.237435 0.532071
vt 0.362796 0.532080
vt 0.362591 0.588946
vt 0.346409 0.482261
vt 0.365425 0.482105
vt 0.324563 0.482208
vt 0.300107 0.482137
vt 0.275651 0.482207
vt 0.253807 0.482258
vt 0.234791 0.482104
vt 0.233119 0.349516
vt 0.238867 0.446853
vt 0.256325 0.446725
vt 0.252430 0.348754
vt 0.276895 0.446626
vt 0.274886 0.348464
vt 0.300107 0.446622
vt 0.300103 0.348443
vt 0.323320 0.446626
vt 0.325319 0.348463
vt 0.343890 0.446724
vt 0.347776 0.348750
vt 0.361347 0.446851
vt 0.367086 0.349510
vt 0.345998 0.641030
vt 0.346267 0.687286
vt 0.364839 0.688085
vt 0.364698 0.641204
vt 0.324360 0.625354
vt 0.324529 0.671374
vt 0.300088 0.613450
vt 0.300093 0.659356
vt 0.275816 0.625352
vt 0.275656 0.671375
vt 0.254177 0.641029
vt 0.253918 0.687291
vt 0.235477 0.641209
vt 0.235346 0.688096
vt 0.277125 0.702651
vt 0.300095 0.676480
vt 0.256951 0.727659
vt 0.239733 0.734203
vt 0.343248 0.727653
vt 0.360468 0.734191
vt 0.323069 0.702650
vt 0.323704 0.589207
vt 0.344675 0.589160
vt 0.344781 0.531896
vt 0.323749 0.531840
vt 0.300096 0.531784
vt 0.300096 0.589239
vt 0.276450 0.531842
vt 0.276480 0.589200
vt 0.255424 0.531895
vt 0.255501 0.589148
vt 0.237435 0.532071
vt 0.237561 0.588927
vt 0.362796 0.532080
vt 0.362591 0.588946
vt 0.346409 0.482261
vt 0.365425 0.482105
vt 0.324563 0.482208
vt 0.300107 0.482137
vt 0.275651 0.482207
vt 0.253807 0.482258
vt 0.234791 0.482104
vt 0.516851 0.678642
vt 0.520705 0.680100
vt 0.495035 0.705560
vt 0.492793 0.703001
vt 0.459349 0.715084
vt 0.459349 0.712112
vt 0.423663 0.705560
vt 0.425906 0.703001
vt 0.397994 0.680100
vt 0.401847 0.678642
vt 0.388790 0.646250
vt 0.393220 0.646250
vt 0.397994 0.612400
vt 0.401847 0.613858
vt 0.423663 0.586940
vt 0.425906 0.589498
vt 0.459349 0.577416
vt 0.459349 0.580387
vt 0.495035 0.586940
vt 0.492793 0.589498
vt 0.520705 0.612400
vt 0.516851 0.613857
vt 0.529909 0.646250
vt 0.525478 0.646250
vt 0.533337 0.688338
vt 0.502066 0.719148
vt 0.498658 0.714615
vt 0.527435 0.685721
vt 0.459349 0.730425
vt 0.459349 0.725192
vt 0.416632 0.719148
vt 0.420040 0.714615
vt 0.385361 0.688338
vt 0.391264 0.685721
vt 0.373915 0.646250
vt 0.380731 0.646250
vt 0.385361 0.604162
vt 0.391264 0.606779
vt 0.416632 0.573352
vt 0.420040 0.577884
vt 0.459349 0.562074
vt 0.459349 0.567308
vt 0.502066 0.573352
vt 0.498658 0.577884
vt 0.533337 0.604162
vt 0.527435 0.606779
vt 0.544783 0.646250
vt 0.537968 0.646250
vt 0.516851 0.678642
vt 0.520705 0.680100
vt 0.495035 0.705560
vt 0.492793 0.703001
vt 0.459349 0.715084
vt 0.459349 0.712112
vt 0.423663 0.705560
vt 0.425906 0.703001
vt 0.397994 0.680100
vt 0.401847 0.678642
vt 0.388790 0.646250
vt 0.393220 0.646250
vt 0.397994 0.612400
vt 0.401847 0.613858
vt 0.423663 0.586940
vt 0.425906 0.589498
vt 0.459349 0.577416
vt 0.459349 0.580387
vt 0.495035 0.586940
vt 0.492793 0.589498
vt 0.520705 0.612400
vt 0.516851 0.613857
vt 0.529909 0.646250
vt 0.525478 0.646250
vt 0.533337 0.688338
vt 0.502066 0.719148
vt 0.498658 0.714615
vt 0.527435 0.685721
vt 0.459349 0.730425
vt 0.459349 0.725192
vt 0.416632 0.719148
vt 0.420040 0.714615
vt 0.385361 0.688338
vt 0.391264 0.685721
vt 0.373915 0.646250
vt 0.380731 0.646250
vt 0.385361 0.604162
vt 0.391264 0.606779
vt 0.416632 0.573352
vt 0.420040 0.577884
vt 0.459349 0.562074
vt 0.459349 0.567308
vt 0.502066 0.573352
vt 0.498658 0.577884
vt 0.533337 0.604162
vt 0.527435 0.606779
vt 0.544783 0.646250
vt 0.537968 0.646250
vn -0.032633 0.999428 -0.008896
vn 0.036677 -0.999327 -0.000000
vn -0.034549 0.999213 -0.019498
vn 0.036677 -0.999327 -0.000000
vn -0.036677 0.999327 0.000000
vn -0.036677 0.999327 0.000000
vn 0.038814 -0.998919 -0.025576
vn 0.040640 -0.999118 -0.010615
vn 0.001245 -0.034038 0.999420
vn -0.000515 0.014131 0.999900
vn 0.001245 -0.034038 0.999420
vn -0.002288 0.062380 0.998050
vn -0.000515 0.014131 0.999900
vn -0.004053 0.110379 0.993881
vn -0.002288 0.062380 0.998050
vn -0.004053 0.110379 0.993881
vn -0.999590 -0.028641 0.000000
vn 0.999537 0.023297 -0.019575
vn -0.999590 -0.028641 0.000000
vn 0.999659 0.022163 -0.013839
vn -0.999590 -0.028641 0.000000
vn -0.999590 -0.028641 0.000000
vn 0.999310 0.032174 -0.018568
vn 0.999357 0.034547 -0.009630
vn 0.036677 -0.999327 -0.000000
vn 0.036677 -0.999327 -0.000000
vn -0.034549 0.999213 0.019498
vn -0.032633 0.999428 0.008896
vn -0.036677 0.999327 0.000000
vn 0.038814 -0.998919 0.025576
vn -0.036677 0.999327 0.000000
vn 0.040640 -0.999118 0.010614
vn -0.002288 0.062380 -0.998050
vn -0.000515 0.014131 -0.999900
vn 0.001245 -0.034038 -0.999420
vn 0.001245 -0.034038 -0.999420
vn -0.004053 0.110379 -0.993881
vn -0.004053 0.110379 -0.993881
vn -0.002288 0.062380 -0.998050
vn -0.000515 0.014131 -0.999900
vn -0.999590 -0.028641 0.000000
vn -0.999590 -0.028641 0.000000
vn 0.999537 0.023296 0.019575
vn 0.999659 0.022163 0.013839
vn -0.999590 -0.028641 0.000000
vn 0.999310 0.032174 0.018568
vn -0.999590 -0.028641 0.000000
vn 0.999357 0.034547 0.009630
vn 0.022206 -0.775000 0.631571
vn 0.022242 -0.776258 0.630022
vn 0.021305 -0.743541 0.668351
vn 0.021322 -0.744141 0.667682
vn 0.011200 -0.390878 0.920374
vn 0.011199 -0.390847 0.920387
vn 0.000000 0.000000 1.000000
vn 0.000000 -0.000000 1.000000
vn -0.027037 0.943650 -0.329840
vn -0.021596 0.753722 -0.656839
vn -0.027037 0.943650 -0.329840
vn -0.021601 0.753904 -0.656629
vn -0.011392 0.397589 -0.917493
vn -0.011393 0.397609 -0.917484
vn -0.000001 -0.000000 -1.000000
vn -0.000001 -0.000000 -1.000000
vn 0.999460 0.031961 0.007688
vn 0.999202 0.039209 -0.007676
vn 0.999363 0.035341 0.004924
vn 0.999159 0.040131 -0.008367
vn -0.999818 -0.017145 -0.008366
vn -0.999807 -0.018068 -0.007675
vn -0.999747 -0.021938 0.004924
vn -0.999650 -0.025317 0.007688
vn 0.999412 0.032796 -0.010038
vn 0.999422 0.032556 -0.009791
vn -0.999646 -0.024724 -0.009790
vn -0.999650 -0.024484 -0.010037
vn 0.999544 0.028640 -0.009581
vn 0.999545 0.028640 -0.009416
vn -0.999546 -0.028640 -0.009415
vn -0.999544 -0.028640 -0.009580
vn -0.006794 0.237114 0.971458
vn -0.006794 0.237115 0.971458
vn -0.022206 0.775000 0.631572
vn -0.021304 0.743541 0.668351
vn -0.022242 0.776259 0.630022
vn -0.021322 0.744141 0.667682
vn -0.011200 0.390878 0.920374
vn -0.011199 0.390847 0.920387
vn 0.027038 -0.943650 -0.329840
vn 0.027038 -0.943650 -0.329839
vn 0.021596 -0.753722 -0.656839
vn 0.021601 -0.753904 -0.656629
vn 0.011391 -0.397589 -0.917493
vn 0.011392 -0.397609 -0.917484
vn 0.999818 0.017148 -0.008367
vn 0.999807 0.018071 -0.007675
vn 0.999747 0.021940 0.004922
vn 0.999650 0.025319 0.007686
vn -0.999160 -0.040129 -0.008366
vn -0.999363 -0.035341 0.004924
vn -0.999202 -0.039206 -0.007675
vn -0.999460 -0.031961 0.007688
vn 0.999650 0.024484 -0.010036
vn 0.999646 0.024724 -0.009789
vn -0.999412 -0.032793 -0.010036
vn -0.999422 -0.032553 -0.009789
vn 0.006794 -0.237115 0.971458
vn 0.006794 -0.237113 0.971458
vn 0.022145 -0.772869 -0.634179
vn 0.022140 -0.772706 -0.634378
vn 0.012677 -0.442454 -0.896702
vn 0.012682 -0.442634 -0.896613
vn 0.005647 -0.197098 -0.980368
vn 0.005647 -0.197098 -0.980367
vn -0.021771 0.759838 0.649748
vn -0.012408 0.433043 0.901288
vn -0.021785 0.760302 0.649204
vn -0.012418 0.433378 0.901127
vn -0.005665 0.197707 0.980245
vn -0.005665 0.197707 0.980245
vn 0.999701 0.024324 -0.002697
vn 0.999612 0.027578 -0.003908
vn 0.999690 0.024800 -0.002262
vn 0.999602 0.027993 -0.003433
vn -0.999565 -0.029287 -0.003433
vn -0.999551 -0.029702 -0.003907
vn -0.999470 -0.032481 -0.002262
vn -0.999453 -0.032957 -0.002697
vn 0.999519 0.030955 -0.001839
vn 0.999496 0.031747 -0.000715
vn -0.999652 -0.026327 -0.001839
vn -0.999674 -0.025535 -0.000714
vn 0.999674 0.025439 0.002307
vn 0.999622 0.027188 0.004141
vn 0.027100 -0.945813 -0.323580
vn 0.027100 -0.945813 -0.323580
vn -0.999490 -0.031842 0.002307
vn -0.999539 -0.030094 0.004141
vn -0.026976 0.941487 0.335967
vn -0.026976 0.941487 0.335967
vn 0.005474 -0.191029 0.981569
vn 0.005473 -0.191029 0.981569
vn 0.005474 -0.191029 0.981569
vn 0.005473 -0.191029 0.981569
vn -0.028412 0.991621 -0.126017
vn -0.028413 0.991621 -0.126016
vn -0.028413 0.991621 -0.126016
vn -0.028413 0.991621 -0.126016
vn 0.022145 -0.772869 0.634179
vn 0.012677 -0.442454 0.896702
vn 0.022140 -0.772706 0.634378
vn 0.012682 -0.442634 0.896613
vn 0.005647 -0.197098 0.980368
vn 0.005647 -0.197098 0.980367
vn -0.021771 0.759838 -0.649748
vn -0.021785 0.760302 -0.649204
vn -0.012408 0.433043 -0.901288
vn -0.012418 0.433378 -0.901127
vn -0.005665 0.197707 -0.980245
vn -0.005665 0.197707 -0.980245
vn 0.999602 0.027993 0.003433
vn 0.999612 0.027578 0.003908
vn 0.999690 0.024800 0.002262
vn 0.999701 0.024324 0.002697
vn -0.999565 -0.029287 0.003433
vn -0.999470 -0.032481 0.002262
vn -0.999551 -0.029702 0.003907
vn -0.999453 -0.032957 0.002697
vn 0.999496 0.031747 0.000715
vn 0.999519 0.030955 0.001839
vn -0.999674 -0.025535 0.000714
vn -0.999652 -0.026327 0.001839
vn 0.999622 0.027188 -0.004141
vn 0.999674 0.025439 -0.002307
vn 0.027100 -0.945813 0.323580
vn 0.027100 -0.945813 0.323580
vn -0.999539 -0.030094 -0.004141
vn -0.999490 -0.031842 -0.002307
vn -0.026976 0.941488 -0.335967
vn -0.026976 0.941487 -0.335967
vn 0.005473 -0.191029 -0.981569
vn 0.005473 -0.191029 -0.981569
vn 0.005473 -0.191029 -0.981569
vn 0.005473 -0.191029 -0.981569
vn -0.028412 0.991621 0.126017
vn -0.028413 0.991621 0.126016
vn -0.028413 0.991621 0.126016
vn -0.028413 0.991621 0.126016
vn -0.022144 0.772869 0.634179
vn -0.022140 0.772706 0.634378
vn -0.012677 0.442454 0.896702
vn -0.012683 0.442634 0.896613
vn -0.005647 0.197098 0.980368
vn -0.005647 0.197098 0.980368
vn 0.021771 -0.759838 -0.649748
vn 0.012408 -0.433042 -0.901288
vn 0.021784 -0.760302 -0.649204
vn 0.012417 -0.433377 -0.901127
vn 0.005665 -0.197707 -0.980245
vn 0.005665 -0.197707 -0.980245
vn 0.999453 0.032957 0.002698
vn 0.999551 0.029703 0.003908
vn 0.999470 0.032481 0.002263
vn 0.999565 0.029288 0.003433
vn -0.999602 -0.027995 0.003433
vn -0.999612 -0.027579 0.003907
vn -0.999690 -0.024800 0.002262
vn -0.999700 -0.024323 0.002697
vn 0.999652 0.026327 0.001839
vn 0.999674 0.025535 0.000714
vn -0.999519 -0.030955 0.001839
vn -0.999496 -0.031747 0.000715
vn 0.999490 0.031842 -0.002307
vn 0.999539 0.030092 -0.004142
vn -0.027101 0.945813 0.323579
vn -0.027100 0.945813 0.323580
vn -0.999674 -0.025439 -0.002307
vn -0.999622 -0.027187 -0.004142
vn 0.026977 -0.941488 -0.335965
vn 0.026976 -0.941488 -0.335964
vn -0.005473 0.191029 -0.981569
vn -0.005473 0.191029 -0.981569
vn -0.005473 0.191029 -0.981569
vn -0.005474 0.191029 -0.981569
vn 0.028412 -0.991621 0.126016
vn 0.028413 -0.991621 0.126016
vn 0.028413 -0.991621 0.126016
vn 0.028413 -0.991621 0.126017
vn -0.022144 0.772869 -0.634179
vn -0.012677 0.442454 -0.896702
vn -0.022140 0.772706 -0.634378
vn -0.012683 0.442634 -0.896613
vn -0.005647 0.197098 -0.980368
vn -0.005647 0.197098 -0.980368
vn 0.021771 -0.759838 0.649748
vn 0.021784 -0.760302 0.649204
vn 0.012407 -0.433042 0.901288
vn 0.012417 -0.433377 0.901127
vn 0.005665 -0.197707 0.980245
vn 0.005665 -0.197707 0.980245
vn 0.999565 0.029288 -0.003433
vn 0.999551 0.029703 -0.003908
vn 0.999470 0.032481 -0.002263
vn 0.999453 0.032957 -0.002698
vn -0.999602 -0.027995 -0.003433
vn -0.999690 -0.024800 -0.002262
vn -0.999612 -0.027579 -0.003907
vn -0.999700 -0.024323 -0.002697
vn 0.999674 0.025535 -0.000714
vn 0.999652 0.026327 -0.001839
vn -0.999496 -0.031747 -0.000715
vn -0.999519 -0.030955 -0.001839
vn 0.999539 0.030092 0.004142
vn 0.999490 0.031842 0.002307
vn -0.027100 0.945813 -0.323580
vn -0.027100 0.945813 -0.323580
vn -0.999622 -0.027187 0.004142
vn -0.999674 -0.025439 0.002307
vn 0.026977 -0.941488 0.335965
vn 0.026976 -0.941488 0.335964
vn -0.005474 0.191029 0.981569
vn -0.005474 0.191029 0.981569
vn -0.005474 0.191029 0.981569
vn -0.005474 0.191029 0.981569
vn 0.028412 -0.991621 -0.126016
vn 0.028413 -0.991621 -0.126016
vn 0.028413 -0.991621 -0.126016
vn 0.028413 -0.991621 -0.126017
vn 0.022206 -0.775000 -0.631571
vn 0.021305 -0.743541 -0.668351
vn 0.022242 -0.776258 -0.630022
vn 0.021322 -0.744141 -0.667682
vn 0.011200 -0.390878 -0.920374
vn 0.011199 -0.390847 -0.920387
vn -0.000000 0.000000 -1.000000
vn -0.000000 -0.000000 -1.000000
vn -0.027037 0.943650 0.329840
vn -0.027037 0.943650 0.329840
vn -0.021596 0.753722 0.656839
vn -0.021601 0.753904 0.656629
vn -0.011392 0.397589 0.917493
vn -0.011393 0.397609 0.917484
vn -0.000001 -0.000000 1.000000
vn -0.000001 -0.000000 1.000000
vn 0.999159 0.040130 0.008367
vn 0.999202 0.039208 0.007676
vn 0.999363 0.035341 -0.004924
vn 0.999460 0.031962 -0.007688
vn -0.999818 -0.017145 0.008366
vn -0.999747 -0.021937 -0.004924
vn -0.999807 -0.018069 0.007675
vn -0.999650 -0.025316 -0.007688
vn 0.999412 0.032796 0.010038
vn 0.999422 0.032556 0.009791
vn -0.999650 -0.024484 0.010037
vn -0.999646 -0.024724 0.009790
vn 0.999544 0.028640 0.009581
vn 0.999546 0.028640 0.009416
vn -0.999544 -0.028640 0.009580
vn -0.999546 -0.028640 0.009415
vn -0.006794 0.237114 -0.971458
vn -0.006794 0.237115 -0.971458
vn -0.022206 0.774999 -0.631572
vn -0.022242 0.776259 -0.630022
vn -0.021304 0.743541 -0.668351
vn -0.021322 0.744141 -0.667682
vn -0.011200 0.390878 -0.920374
vn -0.011199 0.390847 -0.920387
vn 0.027038 -0.943650 0.329840
vn 0.021595 -0.753722 0.656839
vn 0.027038 -0.943650 0.329839
vn 0.021601 -0.753904 0.656629
vn 0.011391 -0.397589 0.917493
vn 0.011392 -0.397609 0.917484
vn 0.999650 0.025319 -0.007686
vn 0.999807 0.018070 0.007675
vn 0.999747 0.021941 -0.004922
vn 0.999818 0.017147 0.008367
vn -0.999160 -0.040128 0.008366
vn -0.999202 -0.039206 0.007675
vn -0.999363 -0.035340 -0.004924
vn -0.999460 -0.031960 -0.007688
vn 0.999650 0.024484 0.010036
vn 0.999646 0.024724 0.009789
vn -0.999422 -0.032553 0.009789
vn -0.999412 -0.032793 0.010036
vn 0.006794 -0.237115 -0.971458
vn 0.006794 -0.237114 -0.971458
vn 0.022712 -0.792652 -0.609251
vn 0.022711 -0.792645 -0.609261
vn 0.011393 -0.397642 -0.917470
vn 0.011394 -0.397661 -0.917461
vn -0.000000 0.000010 -1.000000
vn 0.000000 -0.000010 -1.000000
vn -0.011394 0.397662 -0.917461
vn -0.011393 0.397642 -0.917470
vn -0.022711 0.792645 -0.609261
vn -0.022712 0.792652 -0.609251
vn -0.028641 0.999590 -0.000037
vn -0.028641 0.999590 0.000038
vn -0.022712 0.792652 0.609251
vn -0.022711 0.792645 0.609260
vn -0.011394 0.397642 0.917470
vn -0.011394 0.397662 0.917461
vn 0.000000 -0.000010 1.000000
vn -0.000000 0.000010 1.000000
vn 0.011394 -0.397662 0.917461
vn 0.011393 -0.397642 0.917470
vn 0.022711 -0.792645 0.609261
vn 0.022711 -0.792652 0.609251
vn 0.028641 -0.999590 0.000037
vn 0.028641 -0.999590 -0.000038
vn 0.999703 0.023579 -0.006171
vn 0.999644 0.025455 -0.008011
vn 0.999667 0.024747 -0.007316
vn 0.999528 0.028641 -0.011136
vn 0.999609 0.027463 -0.005299
vn 0.999588 0.028107 -0.005792
vn 0.999596 0.027855 -0.005599
vn 0.999571 0.028640 -0.006199
vn 0.999571 0.028641 -0.006199
vn 0.999558 0.029173 -0.005791
vn 0.999551 0.029425 -0.005598
vn 0.999541 0.029816 -0.005299
vn 0.999528 0.028639 -0.011136
vn 0.999461 0.031825 -0.008011
vn 0.999444 0.032533 -0.007316
vn 0.999413 0.033700 -0.006171
vn 0.998205 0.058950 -0.010543
vn 0.998205 0.058950 -0.010543
vn 0.998205 0.058950 -0.010543
vn 0.998205 0.058947 0.010543
vn 0.998205 0.058947 0.010543
vn 0.998205 0.058947 0.010543
vn 0.999413 0.033700 0.006171
vn 0.999461 0.031825 0.008011
vn 0.999444 0.032533 0.007316
vn 0.999528 0.028639 0.011136
vn 0.999541 0.029816 0.005299
vn 0.999558 0.029173 0.005791
vn 0.999551 0.029425 0.005598
vn 0.999571 0.028641 0.006199
vn 0.999571 0.028639 0.006199
vn 0.999588 0.028107 0.005792
vn 0.999596 0.027856 0.005599
vn 0.999609 0.027464 0.005299
vn 0.999528 0.028639 0.011136
vn 0.999644 0.025455 0.008011
vn 0.999667 0.024747 0.007316
vn 0.999703 0.023580 0.006171
vn 0.999943 -0.001697 0.010542
vn 0.999943 -0.001697 0.010542
vn 0.999943 -0.001697 0.010542
vn 0.999943 -0.001697 -0.010542
vn 0.999943 -0.001697 -0.010542
vn 0.999943 -0.001697 -0.010542
vn -0.999528 -0.028639 -0.011136
vn -0.999461 -0.031825 -0.008011
vn -0.999444 -0.032533 -0.007316
vn -0.999413 -0.033700 -0.006171
vn -0.999571 -0.028640 -0.006199
vn -0.999558 -0.029173 -0.005791
vn -0.999551 -0.029426 -0.005598
vn -0.999541 -0.029818 -0.005298
vn -0.999609 -0.027463 -0.005298
vn -0.999588 -0.028107 -0.005791
vn -0.999596 -0.027855 -0.005598
vn -0.999571 -0.028641 -0.006199
vn -0.999703 -0.023580 -0.006171
vn -0.999644 -0.025455 -0.008011
vn -0.999667 -0.024747 -0.007316
vn -0.999528 -0.028640 -0.011136
vn -0.999943 0.001697 -0.010543
vn -0.999943 0.001697 -0.010543
vn -0.999943 0.001697 -0.010543
vn -0.999943 0.001697 0.010543
vn -0.999943 0.001697 0.010543
vn -0.999943 0.001697 0.010543
vn -0.999528 -0.028640 0.011136
vn -0.999644 -0.025455 0.008011
vn -0.999667 -0.024747 0.007316
vn -0.999703 -0.023580 0.006171
vn -0.999571 -0.028641 0.006199
vn -0.999588 -0.028107 0.005791
vn -0.999596 -0.027855 0.005598
vn -0.999609 -0.027463 0.005298
vn -0.999541 -0.029818 0.005298
vn -0.999558 -0.029173 0.005791
vn -0.999551 -0.029426 0.005598
vn -0.999571 -0.028639 0.006199
vn -0.999413 -0.033700 0.006171
vn -0.999461 -0.031825 0.008011
vn -0.999444 -0.032533 0.007316
vn -0.999528 -0.028639 0.011136
vn -0.998206 -0.058945 0.010543
vn -0.998206 -0.058945 0.010543
vn -0.998206 -0.058945 0.010543
vn -0.998205 -0.058947 -0.010543
vn -0.998205 -0.058947 -0.010543
vn -0.998205 -0.058947 -0.010543
vn 0.076458 -0.066354 0.994862
vn 0.132617 -0.146766 0.980241
vn 0.110951 -0.086511 0.990053
vn 0.114241 -0.103135 0.988085
vn -0.200123 0.978286 0.053924
vn -0.159546 0.986514 0.036537
vn -0.199740 0.978407 0.053148
vn -0.159532 0.986523 0.036371
vn 0.024266 -0.112134 0.993397
vn -0.006674 0.053235 0.998560
vn 0.015056 -0.107014 0.994144
vn -0.006487 0.049428 0.998757
vn 0.044226 -0.234790 0.971039
vn 0.030406 -0.213463 0.976478
vn -0.001279 0.042893 0.999079
vn 0.002275 -0.093966 0.995573
vn -0.002169 0.042364 0.999100
vn 0.004451 -0.096046 0.995367
vn 0.005308 -0.201799 0.979413
vn 0.009723 -0.203736 0.978978
vn -0.051681 0.997997 0.036499
vn -0.028953 0.998929 0.036099
vn -0.051681 0.997997 0.036493
vn -0.028951 0.998930 0.036076
vn -0.121481 0.991920 0.036556
vn -0.121482 0.991920 0.036556
vn 0.109518 -0.210459 0.971449
vn -0.211209 0.975946 0.054035
vn 0.122124 -0.086135 0.988770
vn -0.068451 0.996988 0.036448
vn -0.091074 0.995180 0.036352
vn -0.068451 0.996988 0.036448
vn -0.091075 0.995180 0.036350
vn -0.002631 0.040254 0.999186
vn 0.006932 -0.096700 0.995290
vn -0.003808 0.041090 0.999148
vn 0.010517 -0.098806 0.995051
vn 0.015414 -0.215013 0.976490
vn 0.023032 -0.219159 0.975417
vn 0.076458 -0.066354 -0.994862
vn 0.110951 -0.086511 -0.990054
vn 0.132617 -0.146766 -0.980241
vn 0.114241 -0.103135 -0.988085
vn -0.159532 0.986523 -0.036371
vn -0.159546 0.986514 -0.036537
vn -0.199740 0.978406 -0.053149
vn -0.200124 0.978286 -0.053924
vn -0.006674 0.053235 -0.998560
vn 0.024266 -0.112134 -0.993397
vn 0.015056 -0.107014 -0.994144
vn -0.006487 0.049428 -0.998757
vn 0.044226 -0.234790 -0.971039
vn 0.030406 -0.213463 -0.976478
vn 0.004451 -0.096046 -0.995367
vn 0.002275 -0.093966 -0.995573
vn -0.002169 0.042364 -0.999100
vn -0.001279 0.042893 -0.999079
vn 0.009723 -0.203736 -0.978978
vn 0.005308 -0.201799 -0.979413
vn -0.051681 0.997997 -0.036499
vn -0.051681 0.997997 -0.036493
vn -0.028953 0.998929 -0.036099
vn -0.028951 0.998930 -0.036076
vn -0.121481 0.991920 -0.036556
vn -0.121482 0.991920 -0.036556
vn 0.109518 -0.210459 -0.971449
vn -0.211210 0.975946 -0.054036
vn 0.122124 -0.086135 -0.988770
vn -0.068451 0.996989 -0.036448
vn -0.068451 0.996989 -0.036448
vn -0.091074 0.995180 -0.036352
vn -0.091075 0.995180 -0.036349
vn 0.010517 -0.098806 -0.995051
vn 0.006932 -0.096700 -0.995290
vn -0.003808 0.041090 -0.999148
vn -0.002631 0.040254 -0.999186
vn 0.023032 -0.219159 -0.975417
vn 0.015414 -0.215013 -0.976490
vn 0.484689 0.013887 -0.874577
vn 0.284573 -0.345475 -0.894240
vn 0.001278 0.000037 -0.999999
vn 0.154121 -0.381962 -0.911236
vn 0.187915 -0.344482 -0.919794
vn 0.274952 -0.272691 -0.921977
vn -0.035617 0.009005 -0.999325
vn -0.183468 0.003466 -0.983020
vn -0.096829 -0.433064 -0.896147
vn -0.573670 0.109921 -0.811677
vn -0.007265 -0.000208 -0.999974
vn -0.038639 -0.001107 -0.999253
vn 0.606989 0.017392 -0.794520
vn 0.455323 -0.446688 -0.770163
vn 0.286071 -0.711927 -0.641345
vn 0.341847 -0.752185 -0.563346
vn 0.566274 -0.621658 -0.541179
vn 0.610784 -0.661630 -0.434959
vn -0.182433 -0.866596 -0.464468
vn -0.562014 -0.675095 -0.477898
vn -0.585400 0.810664 -0.011427
vn -0.438052 0.898710 -0.020729
vn -0.428982 0.903249 -0.010769
vn -0.858966 0.511350 -0.026410
vn -0.855230 0.518101 -0.012372
vn -0.999549 -0.028640 -0.009077
vn -0.999379 -0.028635 -0.020546
vn 0.306645 -0.927813 -0.212445
vn 0.423437 -0.883075 -0.202189
vn 0.650797 -0.739571 -0.171748
vn 0.655564 -0.735341 -0.171783
vn -0.169199 -0.960405 -0.221348
vn -0.586804 -0.779155 -0.220405
vn -0.620956 0.783842 0.002220
vn -0.428348 0.903614 0.000008
vn -0.856566 0.516038 0.000000
vn -0.999590 -0.028641 0.000000
vn 0.264325 0.361202 -0.894240
vn 0.131998 0.390160 -0.911236
vn -0.182968 -0.013965 -0.983020
vn 0.258887 0.287987 -0.921977
vn -0.035043 -0.011029 -0.999325
vn 0.167882 0.354677 -0.919793
vn -0.566435 -0.142588 -0.811678
vn -0.121467 0.426809 -0.896147
vn 0.428999 0.472027 -0.770163
vn 0.244838 0.727139 -0.641345
vn 0.298218 0.770524 -0.563346
vn 0.529750 0.653063 -0.541179
vn 0.571898 0.695517 -0.434959
vn -0.231754 0.854728 -0.464468
vn -0.599746 0.641808 -0.477898
vn -0.538023 -0.842853 -0.011426
vn -0.376559 -0.926330 -0.010768
vn -0.385875 -0.922318 -0.020729
vn -0.824162 -0.566220 -0.012372
vn -0.828278 -0.559695 -0.026411
vn 0.253016 0.943848 -0.212445
vn 0.372178 0.905871 -0.202188
vn 0.607383 0.775621 -0.171748
vn 0.612384 0.771671 -0.171783
vn -0.223913 0.949140 -0.221350
vn -0.630455 0.744277 -0.220405
vn -0.575057 -0.818111 0.002224
vn -0.375906 -0.926658 0.000008
vn -0.825613 -0.564236 0.000000
vn -0.181213 0.772004 -0.609239
vn -0.644908 0.599431 -0.474107
vn -0.339208 0.902544 -0.265238
vn -0.644550 0.730000 -0.227278
vn -0.073253 0.113047 -0.990886
vn -0.545927 0.116704 -0.829665
vn -0.520177 -0.149272 -0.840912
vn -0.070682 -0.115442 -0.990796
vn -0.136711 -0.781114 -0.609239
vn -0.609528 -0.635373 -0.474106
vn -0.286969 -0.920488 -0.265239
vn -0.601695 -0.765708 -0.227277
vn -0.906620 0.398927 -0.137466
vn -0.919626 0.274281 -0.281171
vn -0.999572 -0.028642 -0.005959
vn -0.833260 0.036138 -0.551698
vn -0.864706 -0.099371 -0.492351
vn -0.902413 -0.326486 -0.281171
vn -0.882291 -0.450183 -0.137466
vn -0.025752 0.961020 -0.275277
vn -0.015762 0.565274 -0.824753
vn -0.002405 0.061116 -0.998128
vn 0.001095 -0.061027 -0.998136
vn 0.016631 -0.565250 -0.824752
vn 0.029318 -0.960918 -0.275277
vn 0.484689 0.013887 0.874577
vn 0.001278 0.000037 0.999999
vn 0.284573 -0.345475 0.894240
vn 0.154121 -0.381962 0.911236
vn -0.183468 0.003466 0.983020
vn 0.274952 -0.272691 0.921977
vn -0.035617 0.009005 0.999325
vn 0.187914 -0.344482 0.919794
vn -0.573670 0.109921 0.811677
vn -0.096829 -0.433064 0.896147
vn -0.007265 -0.000208 0.999974
vn -0.038639 -0.001107 0.999253
vn 0.606989 0.017392 0.794520
vn 0.455323 -0.446688 0.770163
vn 0.286071 -0.711927 0.641345
vn 0.341847 -0.752185 0.563346
vn 0.566274 -0.621658 0.541179
vn 0.610784 -0.661630 0.434959
vn -0.182433 -0.866595 0.464468
vn -0.562014 -0.675095 0.477898
vn -0.585400 0.810664 0.011427
vn -0.428981 0.903249 0.010769
vn -0.438052 0.898711 0.020729
vn -0.855230 0.518101 0.012372
vn -0.858966 0.511351 0.026410
vn -0.999549 -0.028640 0.009077
vn -0.999379 -0.028636 0.020546
vn 0.306645 -0.927812 0.212445
vn 0.423437 -0.883075 0.202189
vn 0.650797 -0.739571 0.171748
vn 0.655564 -0.735342 0.171783
vn -0.169199 -0.960404 0.221349
vn -0.586805 -0.779155 0.220405
vn -0.620956 0.783842 -0.002220
vn -0.428348 0.903614 -0.000008
vn -0.856566 0.516038 0.000000
vn -0.999590 -0.028641 0.000000
vn 0.264325 0.361202 0.894240
vn 0.131998 0.390160 0.911236
vn 0.167882 0.354677 0.919793
vn 0.258887 0.287987 0.921977
vn -0.035043 -0.011029 0.999325
vn -0.182968 -0.013965 0.983020
vn -0.121467 0.426809 0.896147
vn -0.566435 -0.142588 0.811677
vn 0.428999 0.472026 0.770163
vn 0.244838 0.727139 0.641345
vn 0.298217 0.770524 0.563346
vn 0.529750 0.653063 0.541179
vn 0.571898 0.695516 0.434959
vn -0.231754 0.854728 0.464469
vn -0.599746 0.641809 0.477898
vn -0.538023 -0.842853 0.011426
vn -0.385875 -0.922318 0.020729
vn -0.376559 -0.926330 0.010768
vn -0.828278 -0.559695 0.026411
vn -0.824161 -0.566220 0.012372
vn 0.253016 0.943848 0.212445
vn 0.372178 0.905872 0.202188
vn 0.607384 0.775621 0.171748
vn 0.612385 0.771670 0.171784
vn -0.223912 0.949140 0.221350
vn -0.630454 0.744278 0.220405
vn -0.575057 -0.818111 -0.002224
vn -0.375906 -0.926658 -0.000008
vn -0.825613 -0.564236 0.000000
vn -0.644551 0.729999 0.227278
vn -0.644908 0.599430 0.474107
vn -0.339208 0.902545 0.265237
vn -0.181213 0.772004 0.609239
vn -0.073253 0.113047 0.990886
vn -0.545927 0.116704 0.829665
vn -0.520177 -0.149273 0.840913
vn -0.070682 -0.115442 0.990796
vn -0.609528 -0.635373 0.474106
vn -0.136711 -0.781114 0.609239
vn -0.286969 -0.920487 0.265239
vn -0.601695 -0.765708 0.227277
vn -0.906621 0.398926 0.137466
vn -0.999572 -0.028639 0.005959
vn -0.919627 0.274279 0.281171
vn -0.833260 0.036139 0.551699
vn -0.864706 -0.099370 0.492351
vn -0.902414 -0.326485 0.281171
vn -0.882292 -0.450183 0.137466
vn -0.015762 0.565274 0.824753
vn -0.025752 0.961020 0.275276
vn -0.002405 0.061116 0.998128
vn 0.001095 -0.061027 0.998136
vn 0.016631 -0.565250 0.824752
vn 0.029318 -0.960918 0.275277
vn -0.075082 0.936182 0.343403
vn -0.025405 0.938701 0.343795
vn -0.069020 0.783528 0.617511
vn -0.021423 0.781554 0.623470
vn -0.051020 0.387725 0.920362
vn -0.010315 0.384776 0.922953
vn -0.037461 -0.001073 0.999298
vn 0.000237 0.000007 1.000000
vn 0.011734 -0.384737 0.922952
vn -0.028736 -0.390010 0.920362
vn 0.023363 -0.781498 0.623471
vn -0.024044 -0.786195 0.617511
vn 0.028385 -0.938614 0.343800
vn -0.021354 -0.938945 0.343404
vn -0.034923 -0.789767 0.612412
vn -0.030219 -0.938424 0.344163
vn 0.017528 -0.786046 0.617920
vn 0.021687 -0.938796 0.343789
vn -0.043374 -0.393637 0.918242
vn 0.006856 -0.389383 0.921050
vn -0.059851 -0.001715 0.998206
vn -0.003968 -0.000114 0.999992
vn -0.015451 0.389136 0.921051
vn -0.065841 0.390508 0.918242
vn -0.027508 0.785759 0.617921
vn -0.080086 0.786471 0.612414
vn -0.032101 0.938498 0.343790
vn -0.083901 0.935153 0.344166
vn -0.043576 0.459209 0.887259
vn -0.038346 -0.001099 0.999264
vn -0.053960 0.830418 0.554522
vn -0.055652 0.934957 0.350368
vn -0.006324 -0.832144 0.554523
vn -0.002025 -0.936608 0.350372
vn -0.017212 -0.460951 0.887259
vn 0.030365 -0.387191 0.921499
vn 0.044965 -0.783395 0.619895
vn -0.008138 -0.388292 0.921501
vn -0.000028 -0.784688 0.619891
vn -0.017960 -0.000512 0.999839
vn 0.017966 0.000512 0.999839
vn -0.030357 0.387192 0.921499
vn 0.008146 0.388291 0.921501
vn -0.044957 0.783399 0.619891
vn 0.000036 0.784687 0.619892
vn -0.050349 0.937727 0.343706
vn -0.003416 0.939070 0.343709
vn 0.003425 -0.939070 0.343709
vn 0.050358 -0.937725 0.343710
vn 0.041597 -0.785447 0.617529
vn 0.046847 -0.937904 0.343717
vn 0.027648 -0.388856 0.920884
vn 0.015150 0.000434 0.999885
vn 0.005337 0.389800 0.920884
vn -0.003445 0.786540 0.617529
vn -0.006933 0.939049 0.343714
vn -0.075082 0.936182 -0.343403
vn -0.069020 0.783528 -0.617511
vn -0.025405 0.938701 -0.343794
vn -0.021423 0.781554 -0.623470
vn -0.051020 0.387725 -0.920362
vn -0.010315 0.384776 -0.922953
vn -0.037461 -0.001073 -0.999298
vn 0.000237 0.000007 -1.000000
vn -0.028736 -0.390010 -0.920362
vn 0.011734 -0.384737 -0.922952
vn -0.024044 -0.786195 -0.617511
vn 0.023363 -0.781498 -0.623471
vn -0.021354 -0.938945 -0.343404
vn 0.028385 -0.938614 -0.343800
vn 0.021687 -0.938796 -0.343790
vn -0.030218 -0.938424 -0.344163
vn 0.017528 -0.786046 -0.617920
vn -0.034923 -0.789767 -0.612412
vn 0.006856 -0.389383 -0.921050
vn -0.043374 -0.393637 -0.918242
vn -0.003968 -0.000114 -0.999992
vn -0.059851 -0.001715 -0.998206
vn -0.015451 0.389136 -0.921051
vn -0.065841 0.390508 -0.918242
vn -0.027508 0.785759 -0.617921
vn -0.080086 0.786471 -0.612414
vn -0.032101 0.938498 -0.343790
vn -0.083902 0.935153 -0.344166
vn -0.038346 -0.001099 -0.999264
vn -0.043576 0.459209 -0.887259
vn -0.053960 0.830418 -0.554521
vn -0.055652 0.934957 -0.350368
vn -0.006324 -0.832144 -0.554523
vn -0.002025 -0.936608 -0.350372
vn -0.017212 -0.460951 -0.887259
vn 0.030365 -0.387191 -0.921499
vn -0.008139 -0.388292 -0.921501
vn 0.044965 -0.783395 -0.619895
vn -0.000028 -0.784688 -0.619891
vn -0.017960 -0.000512 -0.999839
vn 0.017966 0.000512 -0.999839
vn -0.030357 0.387192 -0.921499
vn 0.008146 0.388291 -0.921501
vn -0.044957 0.783399 -0.619891
vn 0.000036 0.784687 -0.619892
vn -0.050349 0.937727 -0.343706
vn -0.003416 0.939070 -0.343709
vn 0.003425 -0.939070 -0.343709
vn 0.050358 -0.937725 -0.343710
vn 0.046847 -0.937904 -0.343717
vn 0.041597 -0.785447 -0.617529
vn 0.027648 -0.388856 -0.920884
vn 0.015150 0.000434 -0.999885
vn 0.005337 0.389800 -0.920884
vn -0.003445 0.786540 -0.617529
vn -0.006933 0.939049 -0.343714
vn -0.407254 0.353594 0.842090
vn -0.409886 0.370423 0.833535
vn -0.463031 0.695571 0.549348
vn -0.466343 0.709456 0.528390
vn -0.378834 -0.010854 0.925401
vn -0.379314 -0.010868 0.925204
vn -0.386342 -0.376330 0.842090
vn -0.388006 -0.393285 0.833533
vn -0.422450 -0.720941 0.549345
vn -0.424962 -0.734993 0.528386
vn -0.448546 -0.893760 0.000000
vn -0.449223 -0.893420 -0.000000
vn -0.422449 -0.720941 -0.549345
vn -0.424961 -0.734993 -0.528387
vn -0.386342 -0.376332 -0.842089
vn -0.388006 -0.393287 -0.833533
vn -0.378834 -0.010855 -0.925401
vn -0.379314 -0.010868 -0.925204
vn -0.407254 0.353592 -0.842091
vn -0.409886 0.370422 -0.833535
vn -0.463030 0.695573 -0.549346
vn -0.466342 0.709458 -0.528388
vn -0.498971 0.866619 0.000000
vn -0.499627 0.866241 -0.000000
vn -0.421317 -0.743568 -0.519229
vn -0.419633 -0.729163 -0.540583
vn -0.391785 -0.399115 -0.828982
vn -0.390819 -0.381789 -0.837555
vn -0.386328 -0.011069 -0.922295
vn -0.386265 -0.011067 -0.922322
vn -0.412028 0.358791 -0.837557
vn -0.413985 0.376028 -0.828987
vn -0.460713 0.703929 -0.540581
vn -0.463219 0.718217 -0.519223
vn -0.491181 0.871058 0.000000
vn -0.491217 0.871037 0.000000
vn -0.463220 0.718216 0.519224
vn -0.460714 0.703928 0.540582
vn -0.413987 0.376027 0.828986
vn -0.412030 0.358790 0.837556
vn -0.386328 -0.011070 0.922295
vn -0.386265 -0.011067 0.922322
vn -0.390816 -0.381789 0.837556
vn -0.391782 -0.399116 0.828983
vn -0.419634 -0.729163 0.540583
vn -0.421318 -0.743568 0.519229
vn -0.440513 -0.897746 0.000000
vn -0.440554 -0.897726 0.000000
vn -0.999259 -0.037791 -0.007271
vn -0.999276 -0.037338 -0.007262
vn -0.999439 -0.032274 -0.009003
vn -0.999450 -0.031975 -0.008812
vn -0.999551 -0.028640 -0.008783
vn -0.999553 -0.028640 -0.008596
vn -0.999647 -0.025005 -0.009003
vn -0.999641 -0.025304 -0.008812
vn -0.999784 -0.019487 -0.007271
vn -0.999775 -0.019939 -0.007263
vn -0.999874 -0.015857 0.000000
vn -0.999870 -0.016117 -0.000000
vn -0.999784 -0.019487 0.007271
vn -0.999775 -0.019940 0.007263
vn -0.999647 -0.025003 0.009003
vn -0.999641 -0.025302 0.008812
vn -0.999551 -0.028640 0.008783
vn -0.999553 -0.028640 0.008596
vn -0.999439 -0.032274 0.009003
vn -0.999450 -0.031974 0.008812
vn -0.999259 -0.037791 0.007271
vn -0.999276 -0.037337 0.007262
vn -0.999142 -0.041422 0.000000
vn -0.999152 -0.041163 -0.000000
vn 0.407255 -0.353594 0.842090
vn 0.409887 -0.370422 0.833535
vn 0.463032 -0.695570 0.549349
vn 0.466344 -0.709455 0.528391
vn 0.378835 0.010855 0.925401
vn 0.379315 0.010869 0.925204
vn 0.386345 0.376332 0.842088
vn 0.388009 0.393287 0.833531
vn 0.422452 0.720939 0.549346
vn 0.424965 0.734991 0.528388
vn 0.448546 0.893760 0.000000
vn 0.449223 0.893420 0.000000
vn 0.422452 0.720940 -0.549345
vn 0.424964 0.734992 -0.528387
vn 0.386344 0.376332 -0.842088
vn 0.388009 0.393287 -0.833531
vn 0.378835 0.010857 -0.925401
vn 0.379315 0.010871 -0.925204
vn 0.407256 -0.353593 -0.842089
vn 0.409888 -0.370422 -0.833534
vn 0.463032 -0.695571 -0.549347
vn 0.466344 -0.709456 -0.528390
vn 0.498972 -0.866618 0.000000
vn 0.499628 -0.866240 -0.000000
vn 0.421322 0.743564 -0.519230
vn 0.419638 0.729158 -0.540585
vn 0.391781 0.399116 -0.828984
vn 0.390815 0.381790 -0.837556
vn 0.386328 0.011070 -0.922295
vn 0.386265 0.011069 -0.922322
vn 0.412028 -0.358793 -0.837556
vn 0.413985 -0.376030 -0.828986
vn 0.460711 -0.703931 -0.540580
vn 0.463217 -0.718219 -0.519222
vn 0.491181 -0.871058 0.000000
vn 0.491217 -0.871037 -0.000000
vn 0.463216 -0.718220 0.519221
vn 0.460710 -0.703932 0.540579
vn 0.413986 -0.376029 0.828986
vn 0.412029 -0.358792 0.837556
vn 0.386328 0.011069 0.922295
vn 0.386265 0.011068 0.922322
vn 0.390813 0.381790 0.837557
vn 0.391779 0.399115 0.828985
vn 0.419637 0.729159 0.540585
vn 0.421322 0.743564 0.519230
vn 0.440511 0.897747 -0.000000
vn 0.440550 0.897728 -0.000000
vn 0.999259 0.037790 -0.007271
vn 0.999276 0.037336 -0.007262
vn 0.999439 0.032274 -0.009002
vn 0.999450 0.031974 -0.008810
vn 0.999551 0.028639 -0.008781
vn 0.999553 0.028639 -0.008595
vn 0.999647 0.025003 -0.009002
vn 0.999641 0.025303 -0.008811
vn 0.999784 0.019491 -0.007272
vn 0.999775 0.019945 -0.007263
vn 0.999874 0.015855 -0.000000
vn 0.999870 0.016115 -0.000000
vn 0.999784 0.019489 0.007272
vn 0.999775 0.019942 0.007263
vn 0.999647 0.025004 0.009002
vn 0.999641 0.025303 0.008811
vn 0.999551 0.028639 0.008781
vn 0.999553 0.028639 0.008595
vn 0.999439 0.032275 0.009002
vn 0.999450 0.031976 0.008810
vn 0.999259 0.037793 0.007271
vn 0.999276 0.037340 0.007262
vn 0.999142 0.041424 0.000000
vn 0.999152 0.041164 -0.000000
s 1
g blade_luminous
f 545/750/925 537/749/926 546/747/927
f 546/747/927 537/749/926 536/748/928
s 2
f 538/751/929 539/754/930 542/752/931
f 542/752/931 539/754/930 543/753/932
s 3
f 537/749/933 541/756/934 536/748/935
f 536/748/935 541/756/934 540/755/936
s 4
f 541/756/937 539/754/938 540/755/939
f 540/755/939 539/754/938 538/751/940
s 5
f 541/756/941 544/758/942 539/754/943
f 539/754/943 544/758/942 543/757/944
s 6
f 541/756/945 537/749/946 544/758/947
f 544/758/947 537/749/946 545/759/948
s 7
f 547/763/949 548/762/950 557/760/951
f 557/760/951 548/762/950 556/761/952
s 8
f 549/764/953 553/767/954 550/765/955
f 550/765/955 553/767/954 554/766/956
s 9
f 551/769/957 552/768/958 547/763/959
f 547/763/959 552/768/958 548/762/960
s 10
f 549/764/961 550/765/962 551/769/963
f 551/769/963 550/765/962 552/768/964
s 11
f 552/768/965 550/765/966 555/770/967
f 555/770/967 550/765/966 554/771/968
s 12
f 552/768/969 555/770/970 548/762/971
f 548/762/971 555/770/970 556/772/972
s 13
f 566/773/973 567/774/974 568/776/975
f 568/776/975 567/774/974 569/775/976
f 568/776/975 569/775/976 570/778/977
f 570/778/977 569/775/976 571/777/978
f 570/778/977 571/777/978 572/780/979
f 572/780/979 571/777/978 573/779/980
s 14
f 558/781/981 559/782/982 562/784/983
f 562/784/983 559/782/982 563/783/984
f 559/782/982 560/785/985 563/783/984
f 563/783/984 560/785/985 564/786/986
f 560/785/985 561/787/987 564/786/986
f 564/786/986 561/787/987 565/788/988
s 15
f 566/789/989 568/790/990 558/781/991
f 558/781/991 568/790/990 559/782/992
s 16
f 563/783/993 569/791/994 562/784/995
f 562/784/995 569/791/994 567/792/996
s 15
f 559/782/992 568/790/990 560/785/997
f 560/785/997 568/790/990 570/793/998
s 16
f 571/794/999 569/791/994 564/786/1000
f 564/786/1000 569/791/994 563/783/993
s 15
f 560/785/997 570/793/998 561/787/1001
f 561/787/1001 570/793/998 572/795/1002
s 16
f 573/796/1003 571/794/999 565/788/1004
f 565/788/1004 571/794/999 564/786/1000
s 13
f 562/784/1005 567/797/974 558/781/1006
f 558/781/1006 567/797/974 566/798/973
f 580/799/1007 582/800/1008 581/802/1009
f 581/802/1009 582/800/1008 583/801/1010
f 582/800/1008 584/803/1011 583/801/1010
f 583/801/1010 584/803/1011 585/804/1012
f 584/803/1011 572/780/979 585/804/1012
f 585/804/1012 572/780/979 573/779/980
s 14
f 574/805/1013 577/806/1014 575/808/1015
f 575/808/1015 577/806/1014 578/807/1016
f 575/808/1015 578/807/1016 576/810/1017
f 576/810/1017 578/807/1016 579/809/1018
f 576/810/1017 579/809/1018 561/787/987
f 561/787/987 579/809/1018 565/788/988
s 15
f 575/808/1019 582/811/1020 574/805/1021
f 574/805/1021 582/811/1020 580/812/1022
s 16
f 578/807/1023 577/806/1024 583/814/1025
f 583/814/1025 577/806/1024 581/813/1026
s 15
f 575/808/1019 576/810/1027 582/811/1020
f 582/811/1020 576/810/1027 584/815/1028
s 16
f 578/807/1023 583/814/1025 579/809/1029
f 579/809/1029 583/814/1025 585/816/1030
s 15
f 576/810/1027 561/787/1001 584/815/1028
f 584/815/1028 561/787/1001 572/795/1002
s 16
f 579/809/1029 585/816/1030 565/788/1004
f 565/788/1004 585/816/1030 573/796/1003
s 13
f 577/806/1031 574/805/1032 581/818/1009
f 581/818/1009 574/805/1032 580/817/1007
s 21
f 590/819/1033 591/822/1034 592/820/1035
f 592/820/1035 591/822/1034 593/821/1036
f 592/820/1035 593/821/1036 595/823/1037
f 595/823/1037 593/821/1036 596/824/1038
s 22
f 586/825/1039 587/828/1040 588/826/1041
f 588/826/1041 587/828/1040 589/827/1042
f 587/828/1040 594/830/1043 589/827/1042
f 589/827/1042 594/830/1043 597/829/1044
s 23
f 590/819/1045 592/820/1046 586/831/1047
f 586/831/1047 592/820/1046 587/832/1048
s 24
f 589/833/1049 593/821/1050 588/834/1051
f 588/834/1051 593/821/1050 591/822/1052
s 23
f 592/820/1046 595/823/1053 587/832/1048
f 587/832/1048 595/823/1053 594/835/1054
s 24
f 593/821/1050 589/833/1049 596/824/1055
f 596/824/1055 589/833/1049 597/836/1056
s 23
f 590/819/1045 586/831/1047 599/837/1057
f 599/837/1057 586/831/1047 598/838/1058
s 21
f 600/839/1059 591/822/1034 599/837/1060
f 599/837/1060 591/822/1034 590/819/1033
s 24
f 591/822/1052 600/839/1061 588/834/1051
f 588/834/1051 600/839/1061 601/840/1062
s 22
f 598/841/1063 586/825/1039 601/842/1064
f 601/842/1064 586/825/1039 588/826/1041
s 25
f 600/843/1065 599/844/1066 601/842/1067
f 601/842/1067 599/844/1066 598/841/1068
s 26
f 595/845/1069 596/846/1070 594/830/1071
f 594/830/1071 596/846/1070 597/829/1072
s 27
f 606/847/1073 608/850/1074 607/848/1075
f 607/848/1075 608/850/1074 609/849/1076
f 608/850/1074 611/852/1077 609/849/1076
f 609/849/1076 611/852/1077 612/851/1078
s 28
f 602/853/1079 604/856/1080 603/854/1081
f 603/854/1081 604/856/1080 605/855/1082
f 603/854/1081 605/855/1082 610/857/1083
f 610/857/1083 605/855/1082 613/858/1084
s 29
f 603/860/1085 608/850/1086 602/859/1087
f 602/859/1087 608/850/1086 606/847/1088
s 30
f 605/861/1089 604/862/1090 609/849/1091
f 609/849/1091 604/862/1090 607/848/1092
s 29
f 610/863/1093 611/852/1094 603/860/1085
f 603/860/1085 611/852/1094 608/850/1086
s 30
f 613/864/1095 605/861/1089 612/851/1096
f 612/851/1096 605/861/1089 609/849/1091
s 29
f 614/866/1097 602/859/1087 615/865/1098
f 615/865/1098 602/859/1087 606/847/1088
s 27
f 616/867/1099 615/865/1100 607/848/1075
f 607/848/1075 615/865/1100 606/847/1073
s 30
f 617/868/1101 616/867/1102 604/862/1090
f 604/862/1090 616/867/1102 607/848/1092
s 28
f 614/869/1103 617/870/1104 602/853/1079
f 602/853/1079 617/870/1104 604/856/1080
s 31
f 616/871/1105 617/870/1106 615/872/1107
f 615/872/1107 617/870/1106 614/869/1108
s 32
f 611/873/1109 610/857/1110 612/874/1111
f 612/874/1111 610/857/1110 613/858/1112
s 33
f 622/875/1113 623/878/1114 624/876/1115
f 624/876/1115 623/878/1114 625/877/1116
f 624/876/1115 625/877/1116 627/879/1117
f 627/879/1117 625/877/1116 628/880/1118
s 34
f 618/881/1119 619/884/1120 620/882/1121
f 620/882/1121 619/884/1120 621/883/1122
f 619/884/1120 626/886/1123 621/883/1122
f 621/883/1122 626/886/1123 629/885/1124
s 35
f 622/875/1125 624/876/1126 618/887/1127
f 618/887/1127 624/876/1126 619/888/1128
s 36
f 621/889/1129 625/877/1130 620/890/1131
f 620/890/1131 625/877/1130 623/878/1132
s 35
f 624/876/1126 627/879/1133 619/888/1128
f 619/888/1128 627/879/1133 626/891/1134
s 36
f 625/877/1130 621/889/1129 628/880/1135
f 628/880/1135 621/889/1129 629/892/1136
s 35
f 622/875/1125 618/887/1127 631/893/1137
f 631/893/1137 618/887/1127 630/894/1138
s 33
f 632/895/1139 623/878/1114 631/893/1140
f 631/893/1140 623/878/1114 622/875/1113
s 36
f 623/878/1132 632/895/1141 620/890/1131
f 620/890/1131 632/895/1141 633/896/1142
s 34
f 630/897/1143 618/881/1119 633/898/1144
f 633/898/1144 618/881/1119 620/882/1121
s 37
f 632/899/1145 631/900/1146 633/898/1147
f 633/898/1147 631/900/1146 630/897/1148
s 38
f 627/901/1149 628/902/1150 626/886/1151
f 626/886/1151 628/902/1150 629/885/1152
s 39
f 638/903/1153 640/906/1154 639/904/1155
f 639/904/1155 640/906/1154 641/905/1156
f 640/906/1154 643/908/1157 641/905/1156
f 641/905/1156 643/908/1157 644/907/1158
s 40
f 634/909/1159 636/912/1160 635/910/1161
f 635/910/1161 636/912/1160 637/911/1162
f 635/910/1161 637/911/1162 642/913/1163
f 642/913/1163 637/911/1162 645/914/1164
s 41
f 635/916/1165 640/906/1166 634/915/1167
f 634/915/1167 640/906/1166 638/903/1168
s 42
f 637/917/1169 636/918/1170 641/905/1171
f 641/905/1171 636/918/1170 639/904/1172
s 41
f 642/919/1173 643/908/1174 635/916/1165
f 635/916/1165 643/908/1174 640/906/1166
s 42
f 645/920/1175 637/917/1169 644/907/1176
f 644/907/1176 637/917/1169 641/905/1171
s 41
f 646/922/1177 634/915/1167 647/921/1178
f 647/921/1178 634/915/1167 638/903/1168
s 39
f 648/923/1179 647/921/1180 639/904/1155
f 639/904/1155 647/921/1180 638/903/1153
s 42
f 649/924/1181 648/923/1182 636/918/1170
f 636/918/1170 648/923/1182 639/904/1172
s 40
f 646/925/1183 649/926/1184 634/909/1159
f 634/909/1159 649/926/1184 636/912/1160
s 43
f 648/927/1185 649/926/1186 647/928/1187
f 647/928/1187 649/926/1186 646/925/1188
s 44
f 643/929/1189 642/913/1190 644/930/1191
f 644/930/1191 642/913/1190 645/914/1192
s 45
f 658/931/1193 660/934/1194 659/932/1195
f 659/932/1195 660/934/1194 661/933/1196
f 660/934/1194 662/936/1197 661/933/1196
f 661/933/1196 662/936/1197 663/935/1198
f 662/936/1197 664/938/1199 663/935/1198
f 663/935/1198 664/938/1199 665/937/1200
s 46
f 650/939/1201 654/942/1202 651/940/1203
f 651/940/1203 654/942/1202 655/941/1204
f 651/940/1203 655/941/1204 652/943/1205
f 652/943/1205 655/941/1204 656/944/1206
f 652/943/1205 656/944/1206 653/945/1207
f 653/945/1207 656/944/1206 657/946/1208
s 47
f 651/940/1209 660/948/1210 650/939/1211
f 650/939/1211 660/948/1210 658/947/1212
s 48
f 655/941/1213 654/942/1214 661/949/1215
f 661/949/1215 654/942/1214 659/950/1216
s 47
f 651/940/1209 652/943/1217 660/948/1210
f 660/948/1210 652/943/1217 662/951/1218
s 48
f 655/941/1213 661/949/1215 656/944/1219
f 656/944/1219 661/949/1215 663/952/1220
s 47
f 652/943/1217 653/945/1221 662/951/1218
f 662/951/1218 653/945/1221 664/953/1222
s 48
f 656/944/1219 663/952/1220 657/946/1223
f 657/946/1223 663/952/1220 665/954/1224
s 45
f 654/942/1225 650/939/1226 659/955/1195
f 659/955/1195 650/939/1226 658/956/1193
f 672/957/1227 673/960/1228 674/958/1229
f 674/958/1229 673/960/1228 675/959/1230
f 674/958/1229 675/959/1230 676/961/1231
f 676/961/1231 675/959/1230 677/962/1232
f 676/961/1231 677/962/1232 664/938/1199
f 664/938/1199 677/962/1232 665/937/1200
s 46
f 666/963/1233 667/966/1234 669/964/1235
f 669/964/1235 667/966/1234 670/965/1236
f 667/966/1234 668/968/1237 670/965/1236
f 670/965/1236 668/968/1237 671/967/1238
f 668/968/1237 653/945/1207 671/967/1238
f 671/967/1238 653/945/1207 657/946/1208
s 47
f 672/970/1239 674/969/1240 666/963/1241
f 666/963/1241 674/969/1240 667/966/1242
s 48
f 670/965/1243 675/972/1244 669/964/1245
f 669/964/1245 675/972/1244 673/971/1246
s 47
f 667/966/1242 674/969/1240 668/968/1247
f 668/968/1247 674/969/1240 676/973/1248
s 48
f 677/974/1249 675/972/1244 671/967/1250
f 671/967/1250 675/972/1244 670/965/1243
s 47
f 668/968/1247 676/973/1248 653/945/1221
f 653/945/1221 676/973/1248 664/953/1222
s 48
f 665/954/1224 677/974/1249 657/946/1223
f 657/946/1223 677/974/1249 671/967/1250
s 45
f 669/964/1251 673/976/1228 666/963/1252
f 666/963/1252 673/976/1228 672/975/1227
s 53
f 678/977/1253 690/980/1254 679/978/1255
f 679/978/1255 690/980/1254 691/979/1256
f 679/978/1255 691/979/1256 680/981/1257
f 680/981/1257 691/979/1256 692/982/1258
f 680/981/1257 692/982/1258 681/983/1259
f 681/983/1259 692/982/1258 693/984/1260
f 681/983/1259 693/984/1260 682/985/1261
f 682/985/1261 693/984/1260 694/986/1262
f 682/985/1261 694/986/1262 683/987/1263
f 683/987/1263 694/986/1262 695/988/1264
f 683/987/1263 695/988/1264 684/989/1265
f 684/989/1265 695/988/1264 696/990/1266
f 684/989/1265 696/990/1266 685/991/1267
f 685/991/1267 696/990/1266 697/992/1268
f 685/991/1267 697/992/1268 686/993/1269
f 686/993/1269 697/992/1268 698/994/1270
f 686/993/1269 698/994/1270 687/995/1271
f 687/995/1271 698/994/1270 699/996/1272
f 687/995/1271 699/996/1272 688/997/1273
f 688/997/1273 699/996/1272 700/998/1274
f 688/997/1273 700/998/1274 689/999/1275
f 689/999/1275 700/998/1274 701/1000/1276
f 689/1001/1275 701/1002/1276 678/977/1253
f 678/977/1253 701/1002/1276 690/980/1254
s 54
f 679/1003/1277 703/1006/1278 678/1004/1279
f 678/1004/1279 703/1006/1278 702/1005/1280
s 55
f 680/1007/1281 704/1008/1282 679/1003/1283
f 679/1003/1283 704/1008/1282 703/1006/1284
s 56
f 705/1010/1285 704/1008/1286 681/1009/1287
f 681/1009/1287 704/1008/1286 680/1007/1288
s 57
f 706/1012/1289 705/1010/1290 682/1011/1291
f 682/1011/1291 705/1010/1290 681/1009/1292
s off
f 683/1013/1293 706/1012/1294 682/1011/1295
f 684/1014/1296 706/1012/1297 683/1013/1298
s 58
f 685/1015/1299 705/1010/1300 684/1014/1301
f 684/1014/1301 705/1010/1300 706/1012/1302
s 59
f 686/1016/1303 704/1008/1304 685/1015/1305
f 685/1015/1305 704/1008/1304 705/1010/1306
s 60
f 703/1006/1307 704/1008/1308 687/1017/1309
f 687/1017/1309 704/1008/1308 686/1016/1310
s 61
f 702/1005/1311 703/1006/1312 688/1018/1313
f 688/1018/1313 703/1006/1312 687/1017/1314
s off
f 689/1019/1315 702/1005/1316 688/1018/1317
f 678/1004/1318 702/1005/1319 689/1019/1320
s 62
f 707/1023/1321 708/1022/1322 690/1020/1323
f 690/1020/1323 708/1022/1322 691/1021/1324
s 63
f 708/1022/1325 709/1025/1326 691/1021/1327
f 691/1021/1327 709/1025/1326 692/1024/1328
s 64
f 692/1024/1329 709/1025/1330 693/1026/1331
f 693/1026/1331 709/1025/1330 710/1027/1332
s 65
f 693/1026/1333 710/1027/1334 694/1028/1335
f 694/1028/1335 710/1027/1334 711/1029/1336
s off
f 694/1028/1337 711/1029/1338 695/1030/1339
f 695/1030/1340 711/1029/1341 696/1031/1342
s 66
f 711/1029/1343 710/1027/1344 696/1031/1345
f 696/1031/1345 710/1027/1344 697/1032/1346
s 67
f 710/1027/1347 709/1025/1348 697/1032/1349
f 697/1032/1349 709/1025/1348 698/1033/1350
s 68
f 698/1033/1351 709/1025/1352 699/1034/1353
f 699/1034/1353 709/1025/1352 708/1022/1354
s 69
f 699/1034/1355 708/1022/1356 700/1035/1357
f 700/1035/1357 708/1022/1356 707/1023/1358
s off
f 700/1035/1359 707/1023/1360 701/1036/1361
f 701/1036/1362 707/1023/1363 690/1020/1364
s 70
f 733/1037/1365 732/1040/1366 726/1038/1367
f 726/1038/1367 732/1040/1366 714/1039/1368
s 71
f 734/1043/1369 730/1042/1370 726/1038/1371
f 726/1038/1371 730/1042/1370 715/1041/1372
s 70
f 712/1044/1373 733/1037/1365 715/1041/1374
f 715/1041/1374 733/1037/1365 726/1038/1367
f 712/1044/1373 715/1041/1374 718/1045/1375
f 718/1045/1375 715/1041/1374 717/1046/1376
f 712/1044/1373 718/1045/1375 713/1047/1377
f 713/1047/1377 718/1045/1375 719/1048/1378
f 721/1052/1379 722/1051/1380 720/1049/1381
f 720/1049/1381 722/1051/1380 723/1050/1382
f 722/1051/1380 724/1054/1383 723/1050/1382
f 723/1050/1382 724/1054/1383 725/1053/1384
s 71
f 728/1055/1385 727/1056/1386 720/1049/1387
f 720/1049/1387 727/1056/1386 721/1052/1388
f 715/1041/1372 730/1042/1370 717/1046/1389
f 717/1046/1389 730/1042/1370 729/1057/1390
s 70
f 713/1047/1377 731/1058/1391 712/1044/1373
f 712/1044/1373 731/1058/1391 733/1037/1365
s 71
f 716/1059/1392 734/1043/1369 726/1038/1371
s 70
f 726/1038/1367 714/1039/1368 716/1059/1393
f 733/1037/1365 731/1058/1391 732/1040/1366
s 71
f 735/1060/1394 736/1063/1395 741/1061/1396
f 741/1061/1396 736/1063/1395 742/1062/1397
s 70
f 735/1060/1398 738/1065/1399 736/1063/1400
f 736/1063/1400 738/1065/1399 737/1064/1401
f 738/1065/1399 740/1067/1402 737/1064/1401
f 737/1064/1401 740/1067/1402 739/1066/1403
f 718/1045/1375 717/1046/1376 737/1064/1401
f 737/1064/1401 717/1046/1376 736/1063/1400
f 719/1048/1378 718/1045/1375 739/1066/1403
f 739/1066/1403 718/1045/1375 737/1064/1401
f 738/1065/1399 735/1060/1398 723/1050/1382
f 723/1050/1382 735/1060/1398 720/1049/1381
f 740/1067/1402 738/1065/1399 725/1053/1384
f 725/1053/1384 738/1065/1399 723/1050/1382
s 71
f 735/1060/1394 741/1061/1396 720/1049/1387
f 720/1049/1387 741/1061/1396 728/1055/1385
f 717/1046/1389 729/1057/1390 736/1063/1395
f 736/1063/1395 729/1057/1390 742/1062/1397
s 77
f 752/1068/1404 751/1071/1405 732/1069/1406
f 732/1069/1406 751/1071/1405 714/1070/1407
s 78
f 744/1074/1408 730/1073/1409 751/1071/1410
f 751/1071/1410 730/1073/1409 734/1072/1411
s 77
f 751/1071/1405 752/1068/1404 744/1074/1412
f 744/1074/1412 752/1068/1404 743/1075/1413
f 743/1075/1413 746/1077/1414 744/1074/1412
f 744/1074/1412 746/1077/1414 745/1076/1415
f 743/1075/1413 713/1079/1416 746/1077/1414
f 746/1077/1414 713/1079/1416 719/1078/1417
f 750/1083/1418 749/1082/1419 747/1080/1420
f 747/1080/1420 749/1082/1419 748/1081/1421
f 725/1085/1422 724/1084/1423 750/1083/1418
f 750/1083/1418 724/1084/1423 749/1082/1419
s 78
f 728/1086/1424 747/1080/1425 727/1087/1426
f 727/1087/1426 747/1080/1425 748/1081/1427
f 744/1074/1408 745/1076/1428 730/1073/1409
f 730/1073/1409 745/1076/1428 729/1088/1429
s 77
f 752/1068/1404 731/1089/1430 743/1075/1413
f 743/1075/1413 731/1089/1430 713/1079/1416
s 78
f 716/1090/1431 751/1071/1410 734/1072/1411
s 77
f 751/1071/1405 716/1090/1432 714/1070/1407
f 752/1068/1404 732/1069/1406 731/1089/1430
s 78
f 753/1091/1433 741/1094/1434 754/1092/1435
f 754/1092/1435 741/1094/1434 742/1093/1436
s 77
f 755/1096/1437 756/1095/1438 754/1092/1439
f 754/1092/1439 756/1095/1438 753/1091/1440
f 739/1098/1441 740/1097/1442 755/1096/1437
f 755/1096/1437 740/1097/1442 756/1095/1438
f 746/1077/1414 755/1096/1437 745/1076/1415
f 745/1076/1415 755/1096/1437 754/1092/1439
f 719/1078/1417 739/1098/1441 746/1077/1414
f 746/1077/1414 739/1098/1441 755/1096/1437
f 756/1095/1438 750/1083/1418 753/1091/1440
f 753/1091/1440 750/1083/1418 747/1080/1420
f 740/1097/1442 725/1085/1422 756/1095/1438
f 756/1095/1438 725/1085/1422 750/1083/1418
s 78
f 753/1091/1433 747/1080/1425 741/1094/1434
f 741/1094/1434 747/1080/1425 728/1086/1424
f 745/1076/1428 754/1092/1435 729/1088/1429
f 729/1088/1429 754/1092/1435 742/1093/1436
s 83
f 757/1099/1443 758/1102/1444 760/1100/1445
f 760/1100/1445 758/1102/1444 759/1101/1446
f 761/1106/1447 763/1105/1448 762/1103/1449
f 762/1103/1449 763/1105/1448 764/1104/1450
f 763/1105/1448 765/1108/1451 764/1104/1450
f 764/1104/1450 765/1108/1451 766/1107/1452
f 760/1100/1445 759/1101/1446 767/1109/1453
f 767/1109/1453 759/1101/1446 761/1106/1447
f 761/1106/1447 762/1103/1449 767/1109/1453
f 767/1109/1453 762/1103/1449 768/1110/1454
f 769/1111/1455 770/1112/1456 757/1099/1443
f 757/1099/1443 770/1112/1456 758/1102/1444
f 759/1101/1446 758/1102/1444 771/1113/1457
f 771/1113/1457 758/1102/1444 770/1112/1456
f 761/1106/1447 759/1101/1446 772/1114/1458
f 772/1114/1458 759/1101/1446 771/1113/1457
f 763/1105/1448 761/1106/1447 773/1115/1459
f 773/1115/1459 761/1106/1447 772/1114/1458
f 774/1116/1460 765/1108/1451 773/1115/1459
f 773/1115/1459 765/1108/1451 763/1105/1448
f 775/1117/1461 765/1108/1451 774/1116/1460
f 766/1107/1452 765/1108/1451 776/1118/1462
f 776/1118/1462 765/1108/1451 775/1117/1461
f 777/1119/1463 766/1121/1452 776/1120/1462
f 764/1123/1464 766/1121/1452 778/1122/1465
f 778/1122/1465 766/1121/1452 777/1119/1463
f 762/1125/1466 764/1123/1464 779/1124/1467
f 779/1124/1467 764/1123/1464 778/1122/1465
f 780/1126/1468 768/1127/1469 779/1124/1467
f 779/1124/1467 768/1127/1469 762/1125/1466
f 771/1113/1457 781/1129/1470 772/1114/1458
f 772/1114/1458 781/1129/1470 782/1128/1471
f 772/1114/1458 782/1128/1471 773/1115/1459
f 773/1115/1459 782/1128/1471 783/1130/1472
f 773/1115/1459 783/1130/1472 774/1116/1460
f 774/1116/1460 783/1130/1472 784/1131/1473
f 774/1116/1460 784/1131/1473 775/1117/1461
f 775/1117/1461 784/1131/1473 785/1132/1474
f 785/1134/1474 786/1133/1475 775/1117/1461
f 775/1117/1461 786/1133/1475 776/1118/1462
f 786/1136/1475 787/1135/1476 776/1120/1462
f 776/1120/1462 787/1135/1476 777/1119/1463
f 787/1135/1476 788/1137/1477 777/1119/1463
f 777/1119/1463 788/1137/1477 778/1122/1465
f 788/1137/1477 789/1138/1478 778/1122/1465
f 778/1122/1465 789/1138/1478 779/1124/1467
f 779/1124/1467 789/1138/1478 780/1126/1468
f 780/1126/1468 789/1138/1478 790/1139/1479
f 757/1099/1443 760/1100/1445 791/1140/1480
f 791/1140/1480 760/1100/1445 792/1141/1481
f 796/1145/1482 795/1144/1483 794/1142/1484
f 794/1142/1484 795/1144/1483 793/1143/1485
f 798/1147/1486 797/1146/1487 796/1145/1482
f 796/1145/1482 797/1146/1487 795/1144/1483
f 760/1100/1445 767/1109/1453 792/1141/1481
f 792/1141/1481 767/1109/1453 793/1143/1485
f 768/1110/1454 794/1142/1484 767/1109/1453
f 767/1109/1453 794/1142/1484 793/1143/1485
f 769/1111/1455 757/1099/1443 799/1148/1488
f 799/1148/1488 757/1099/1443 791/1140/1480
f 799/1148/1488 791/1140/1480 800/1149/1489
f 800/1149/1489 791/1140/1480 792/1141/1481
f 800/1149/1489 792/1141/1481 801/1150/1490
f 801/1150/1490 792/1141/1481 793/1143/1485
f 801/1150/1490 793/1143/1485 802/1151/1491
f 802/1151/1491 793/1143/1485 795/1144/1483
f 803/1152/1492 802/1151/1491 797/1146/1487
f 797/1146/1487 802/1151/1491 795/1144/1483
f 804/1153/1493 803/1152/1492 797/1146/1487
f 804/1153/1493 797/1146/1487 805/1154/1494
f 805/1154/1494 797/1146/1487 798/1147/1486
f 806/1155/1495 805/1157/1494 798/1156/1486
f 806/1155/1495 798/1156/1486 807/1158/1496
f 807/1158/1496 798/1156/1486 796/1159/1497
f 807/1158/1496 796/1159/1497 808/1160/1498
f 808/1160/1498 796/1159/1497 794/1161/1499
f 780/1126/1468 808/1160/1498 768/1127/1469
f 768/1127/1469 808/1160/1498 794/1161/1499
f 800/1149/1489 801/1150/1490 809/1162/1500
f 809/1162/1500 801/1150/1490 810/1163/1501
f 801/1150/1490 802/1151/1491 810/1163/1501
f 810/1163/1501 802/1151/1491 811/1164/1502
f 802/1151/1491 803/1152/1492 811/1164/1502
f 811/1164/1502 803/1152/1492 812/1165/1503
f 803/1152/1492 804/1153/1493 812/1165/1503
f 812/1165/1503 804/1153/1493 813/1166/1504
f 805/1154/1494 814/1168/1505 804/1153/1493
f 804/1153/1493 814/1168/1505 813/1167/1504
f 806/1155/1495 815/1170/1506 805/1157/1494
f 805/1157/1494 815/1170/1506 814/1169/1505
f 807/1158/1496 816/1171/1507 806/1155/1495
f 806/1155/1495 816/1171/1507 815/1170/1506
f 808/1160/1498 817/1172/1508 807/1158/1496
f 807/1158/1496 817/1172/1508 816/1171/1507
f 808/1160/1498 780/1126/1468 817/1172/1508
f 817/1172/1508 780/1126/1468 790/1139/1479
s 90
f 819/1176/1509 832/1175/1510 818/1173/1511
f 818/1173/1511 832/1175/1510 833/1174/1512
f 819/1176/1509 820/1178/1513 832/1175/1510
f 832/1175/1510 820/1178/1513 831/1177/1514
f 831/1177/1514 820/1178/1513 836/1179/1515
f 836/1179/1515 820/1178/1513 821/1180/1516
f 822/1182/1517 835/1181/1518 821/1180/1516
f 821/1180/1516 835/1181/1518 836/1179/1515
f 822/1182/1517 823/1184/1519 835/1181/1518
f 835/1181/1518 823/1184/1519 834/1183/1520
f 824/1185/1521 825/1187/1522 830/1186/1523
f 825/1187/1522 826/1188/1524 830/1186/1523
f 830/1186/1523 826/1188/1524 827/1189/1525
f 827/1189/1525 828/1190/1526 830/1186/1523
f 828/1190/1526 829/1191/1527 830/1186/1523
f 827/1192/1525 826/1193/1524 836/1179/1515
f 836/1179/1515 826/1193/1524 831/1177/1514
f 832/1175/1510 831/1177/1514 825/1194/1522
f 825/1194/1522 831/1177/1514 826/1193/1524
f 833/1174/1512 832/1175/1510 824/1195/1521
f 824/1195/1521 832/1175/1510 825/1194/1522
f 834/1183/1520 829/1197/1527 835/1181/1518
f 835/1181/1518 829/1197/1527 828/1196/1526
f 835/1181/1518 828/1196/1526 836/1179/1515
f 836/1179/1515 828/1196/1526 827/1192/1525
f 818/1173/1511 837/1199/1528 819/1176/1509
f 819/1176/1509 837/1199/1528 838/1198/1529
f 819/1176/1509 838/1198/1529 820/1178/1513
f 820/1178/1513 838/1198/1529 839/1200/1530
f 839/1200/1530 840/1201/1531 820/1178/1513
f 820/1178/1513 840/1201/1531 821/1180/1516
f 822/1182/1517 821/1180/1516 841/1202/1532
f 841/1202/1532 821/1180/1516 840/1201/1531
f 823/1184/1519 822/1182/1517 842/1203/1533
f 842/1203/1533 822/1182/1517 841/1202/1532
s 93
f 843/1204/1534 846/1207/1535 844/1205/1536
f 844/1205/1536 846/1207/1535 845/1206/1537
f 850/1211/1538 849/1210/1539 848/1208/1540
f 848/1208/1540 849/1210/1539 847/1209/1541
f 852/1213/1542 851/1212/1543 850/1211/1538
f 850/1211/1538 851/1212/1543 849/1210/1539
f 846/1207/1535 853/1214/1544 845/1206/1537
f 845/1206/1537 853/1214/1544 847/1209/1541
f 854/1215/1545 848/1208/1540 853/1214/1544
f 853/1214/1544 848/1208/1540 847/1209/1541
f 855/1216/1546 843/1204/1534 856/1217/1547
f 856/1217/1547 843/1204/1534 844/1205/1536
f 856/1217/1547 844/1205/1536 857/1218/1548
f 857/1218/1548 844/1205/1536 845/1206/1537
f 857/1218/1548 845/1206/1537 858/1219/1549
f 858/1219/1549 845/1206/1537 847/1209/1541
f 858/1219/1549 847/1209/1541 859/1220/1550
f 859/1220/1550 847/1209/1541 849/1210/1539
f 860/1221/1551 859/1220/1550 851/1212/1543
f 851/1212/1543 859/1220/1550 849/1210/1539
f 861/1222/1552 860/1221/1551 851/1212/1543
f 861/1222/1552 851/1212/1543 862/1223/1553
f 862/1223/1553 851/1212/1543 852/1213/1542
f 863/1224/1554 862/1226/1553 852/1225/1542
f 863/1224/1554 852/1225/1542 864/1227/1555
f 864/1227/1555 852/1225/1542 850/1228/1556
f 864/1227/1555 850/1228/1556 865/1229/1557
f 865/1229/1557 850/1228/1556 848/1230/1558
f 866/1231/1559 865/1229/1557 854/1232/1560
f 854/1232/1560 865/1229/1557 848/1230/1558
f 857/1218/1548 858/1219/1549 781/1233/1561
f 781/1233/1561 858/1219/1549 782/1234/1562
f 858/1219/1549 859/1220/1550 782/1234/1562
f 782/1234/1562 859/1220/1550 783/1235/1563
f 859/1220/1550 860/1221/1551 783/1235/1563
f 783/1235/1563 860/1221/1551 784/1236/1564
f 860/1221/1551 861/1222/1552 784/1236/1564
f 784/1236/1564 861/1222/1552 785/1237/1565
f 862/1223/1553 786/1239/1566 861/1222/1552
f 861/1222/1552 786/1239/1566 785/1238/1565
f 863/1224/1554 787/1241/1567 862/1226/1553
f 862/1226/1553 787/1241/1567 786/1240/1566
f 864/1227/1555 788/1242/1568 863/1224/1554
f 863/1224/1554 788/1242/1568 787/1241/1567
f 865/1229/1557 789/1243/1569 864/1227/1555
f 864/1227/1555 789/1243/1569 788/1242/1568
f 865/1229/1557 866/1231/1559 789/1243/1569
f 789/1243/1569 866/1231/1559 790/1244/1570
f 843/1204/1534 867/1246/1571 846/1207/1535
f 846/1207/1535 867/1246/1571 868/1245/1572
f 869/1250/1573 871/1249/1574 870/1247/1575
f 870/1247/1575 871/1249/1574 872/1248/1576
f 871/1249/1574 873/1252/1577 872/1248/1576
f 872/1248/1576 873/1252/1577 874/1251/1578
f 846/1207/1535 868/1245/1572 853/1214/1544
f 853/1214/1544 868/1245/1572 869/1250/1573
f 869/1250/1573 870/1247/1575 853/1214/1544
f 853/1214/1544 870/1247/1575 854/1215/1545
f 855/1216/1546 875/1253/1579 843/1204/1534
f 843/1204/1534 875/1253/1579 867/1246/1571
f 868/1245/1572 867/1246/1571 876/1254/1580
f 876/1254/1580 867/1246/1571 875/1253/1579
f 869/1250/1573 868/1245/1572 877/1255/1581
f 877/1255/1581 868/1245/1572 876/1254/1580
f 871/1249/1574 869/1250/1573 878/1256/1582
f 878/1256/1582 869/1250/1573 877/1255/1581
f 879/1257/1583 873/1252/1577 878/1256/1582
f 878/1256/1582 873/1252/1577 871/1249/1574
f 880/1258/1584 873/1252/1577 879/1257/1583
f 874/1251/1578 873/1252/1577 881/1259/1585
f 881/1259/1585 873/1252/1577 880/1258/1584
f 882/1260/1586 874/1262/1578 881/1261/1585
f 872/1264/1587 874/1262/1578 883/1263/1588
f 883/1263/1588 874/1262/1578 882/1260/1586
f 870/1266/1589 872/1264/1587 884/1265/1590
f 884/1265/1590 872/1264/1587 883/1263/1588
f 866/1231/1559 854/1232/1560 884/1265/1590
f 884/1265/1590 854/1232/1560 870/1266/1589
f 876/1254/1580 809/1268/1591 877/1255/1581
f 877/1255/1581 809/1268/1591 810/1267/1592
f 877/1255/1581 810/1267/1592 878/1256/1582
f 878/1256/1582 810/1267/1592 811/1269/1593
f 878/1256/1582 811/1269/1593 879/1257/1583
f 879/1257/1583 811/1269/1593 812/1270/1594
f 879/1257/1583 812/1270/1594 880/1258/1584
f 880/1258/1584 812/1270/1594 813/1271/1595
f 813/1273/1595 814/1272/1596 880/1258/1584
f 880/1258/1584 814/1272/1596 881/1259/1585
f 814/1275/1596 815/1274/1597 881/1261/1585
f 881/1261/1585 815/1274/1597 882/1260/1586
f 815/1274/1597 816/1276/1598 882/1260/1586
f 882/1260/1586 816/1276/1598 883/1263/1588
f 816/1276/1598 817/1277/1599 883/1263/1588
f 883/1263/1588 817/1277/1599 884/1265/1590
f 884/1265/1590 817/1277/1599 866/1231/1559
f 866/1231/1559 817/1277/1599 790/1244/1570
s 101
f 833/1281/1600 894/1280/1601 818/1278/1602
f 818/1278/1602 894/1280/1601 885/1279/1603
f 885/1279/1603 894/1280/1601 886/1282/1604
f 886/1282/1604 894/1280/1601 893/1283/1605
f 893/1283/1605 896/1285/1606 886/1282/1604
f 886/1282/1604 896/1285/1606 887/1284/1607
f 896/1285/1606 895/1287/1608 887/1284/1607
f 887/1284/1607 895/1287/1608 888/1286/1609
f 888/1286/1609 895/1287/1608 823/1288/1610
f 823/1288/1610 895/1287/1608 834/1289/1611
f 824/1290/1612 830/1292/1613 889/1291/1614
f 889/1291/1614 830/1292/1613 890/1293/1615
f 830/1292/1613 891/1294/1616 890/1293/1615
f 891/1294/1616 830/1292/1613 892/1295/1617
f 892/1295/1617 830/1292/1613 829/1296/1618
f 891/1297/1616 896/1285/1606 890/1298/1615
f 890/1298/1615 896/1285/1606 893/1283/1605
f 894/1280/1601 889/1299/1614 893/1283/1605
f 893/1283/1605 889/1299/1614 890/1298/1615
f 833/1281/1600 824/1300/1612 894/1280/1601
f 894/1280/1601 824/1300/1612 889/1299/1614
f 892/1302/1617 829/1301/1618 895/1287/1608
f 895/1287/1608 829/1301/1618 834/1289/1611
f 891/1297/1616 892/1302/1617 896/1285/1606
f 896/1285/1606 892/1302/1617 895/1287/1608
f 897/1304/1619 837/1303/1620 885/1279/1603
f 885/1279/1603 837/1303/1620 818/1278/1602
f 898/1305/1621 897/1304/1619 886/1282/1604
f 886/1282/1604 897/1304/1619 885/1279/1603
f 898/1305/1621 886/1282/1604 899/1306/1622
f 899/1306/1622 886/1282/1604 887/1284/1607
f 888/1286/1609 900/1307/1623 887/1284/1607
f 887/1284/1607 900/1307/1623 899/1306/1622
f 823/1288/1610 842/1308/1624 888/1286/1609
f 888/1286/1609 842/1308/1624 900/1307/1623
s 103
f 901/1309/1625 956/1312/1626 902/1310/1627
f 902/1310/1627 956/1312/1626 955/1311/1628
f 902/1310/1627 955/1311/1628 903/1313/1629
f 903/1313/1629 955/1311/1628 954/1314/1630
f 903/1313/1629 954/1314/1630 904/1315/1631
f 904/1315/1631 954/1314/1630 953/1316/1632
f 953/1316/1632 952/1318/1633 904/1315/1631
f 904/1315/1631 952/1318/1633 905/1317/1634
f 952/1318/1633 951/1320/1635 905/1317/1634
f 905/1317/1634 951/1320/1635 906/1319/1636
f 951/1320/1635 950/1322/1637 906/1319/1636
f 906/1319/1636 950/1322/1637 907/1321/1638
f 934/1326/1639 933/1325/1640 916/1323/1641
f 916/1323/1641 933/1325/1640 915/1324/1642
f 935/1328/1643 934/1326/1639 917/1327/1644
f 917/1327/1644 934/1326/1639 916/1323/1641
f 929/1330/1645 935/1328/1643 918/1329/1646
f 918/1329/1646 935/1328/1643 917/1327/1644
f 919/1331/1647 930/1332/1648 918/1329/1646
f 918/1329/1646 930/1332/1648 929/1330/1645
f 920/1333/1649 931/1334/1650 919/1331/1647
f 919/1331/1647 931/1334/1650 930/1332/1648
f 921/1335/1651 932/1336/1652 920/1333/1649
f 920/1333/1649 932/1336/1652 931/1334/1650
f 910/1338/1653 911/1337/1654 930/1332/1648
f 930/1332/1648 911/1337/1654 929/1330/1645
f 909/1339/1655 910/1338/1653 931/1334/1650
f 931/1334/1650 910/1338/1653 930/1332/1648
f 908/1340/1656 909/1339/1655 932/1336/1652
f 932/1336/1652 909/1339/1655 931/1334/1650
f 934/1326/1639 913/1342/1657 933/1325/1640
f 933/1325/1640 913/1342/1657 914/1341/1658
f 935/1328/1643 912/1343/1659 934/1326/1639
f 934/1326/1639 912/1343/1659 913/1342/1657
f 929/1330/1645 911/1337/1654 935/1328/1643
f 935/1328/1643 911/1337/1654 912/1343/1659
f 936/1344/1660 949/1347/1661 937/1345/1662
f 937/1345/1662 949/1347/1661 948/1346/1663
f 937/1345/1662 938/1349/1664 936/1344/1660
f 936/1344/1660 938/1349/1664 939/1348/1665
f 938/1349/1664 940/1351/1666 939/1348/1665
f 939/1348/1665 940/1351/1666 941/1350/1667
f 940/1351/1666 942/1353/1668 941/1350/1667
f 941/1350/1667 942/1353/1668 943/1352/1669
f 942/1353/1668 944/1355/1670 943/1352/1669
f 943/1352/1669 944/1355/1670 945/1354/1671
f 946/1356/1672 948/1346/1663 947/1357/1673
f 947/1357/1673 948/1346/1663 949/1347/1661
f 948/1346/1663 946/1356/1672 923/1358/1674
f 923/1358/1674 946/1356/1672 922/1359/1675
f 937/1345/1662 948/1346/1663 924/1360/1676
f 924/1360/1676 948/1346/1663 923/1358/1674
f 938/1349/1664 937/1345/1662 925/1361/1677
f 925/1361/1677 937/1345/1662 924/1360/1676
f 926/1362/1678 940/1351/1666 925/1361/1677
f 925/1361/1677 940/1351/1666 938/1349/1664
f 927/1363/1679 942/1353/1668 926/1362/1678
f 926/1362/1678 942/1353/1668 940/1351/1666
f 928/1364/1680 944/1355/1670 927/1363/1679
f 927/1363/1679 944/1355/1670 942/1353/1668
f 939/1348/1665 918/1329/1646 936/1344/1660
f 936/1344/1660 918/1329/1646 917/1327/1644
f 919/1331/1647 918/1329/1646 941/1350/1667
f 941/1350/1667 918/1329/1646 939/1348/1665
f 920/1333/1649 919/1331/1647 943/1352/1669
f 943/1352/1669 919/1331/1647 941/1350/1667
f 921/1335/1651 920/1333/1649 945/1354/1671
f 945/1354/1671 920/1333/1649 943/1352/1669
f 949/1347/1661 916/1323/1641 947/1357/1673
f 947/1357/1673 916/1323/1641 915/1324/1642
f 936/1344/1660 917/1327/1644 949/1347/1661
f 949/1347/1661 917/1327/1644 916/1323/1641
f 951/1320/1635 923/1358/1674 950/1322/1637
f 950/1322/1637 923/1358/1674 922/1359/1675
f 952/1318/1633 924/1360/1676 951/1320/1635
f 951/1320/1635 924/1360/1676 923/1358/1674
f 953/1316/1632 925/1361/1677 952/1318/1633
f 952/1318/1633 925/1361/1677 924/1360/1676
f 926/1362/1678 925/1361/1677 954/1314/1630
f 954/1314/1630 925/1361/1677 953/1316/1632
f 927/1363/1679 926/1362/1678 955/1311/1628
f 955/1311/1628 926/1362/1678 954/1314/1630
f 928/1364/1680 927/1363/1679 956/1312/1626
f 956/1312/1626 927/1363/1679 955/1311/1628
s 111
f 901/1365/1681 957/1368/1682 956/1366/1683
f 956/1366/1683 957/1368/1682 996/1367/1684
f 957/1368/1682 958/1370/1685 996/1367/1684
f 996/1367/1684 958/1370/1685 995/1369/1686
f 958/1370/1685 959/1372/1687 995/1369/1686
f 995/1369/1686 959/1372/1687 994/1371/1688
f 960/1374/1689 993/1373/1690 959/1372/1687
f 959/1372/1687 993/1373/1690 994/1371/1688
f 961/1376/1691 992/1375/1692 960/1374/1689
f 960/1374/1689 992/1375/1692 993/1373/1690
f 907/1378/1693 950/1377/1694 961/1376/1691
f 961/1376/1691 950/1377/1694 992/1375/1692
f 915/1382/1695 933/1381/1696 967/1379/1697
f 967/1379/1697 933/1381/1696 980/1380/1698
f 967/1379/1697 980/1380/1698 968/1383/1699
f 968/1383/1699 980/1380/1698 981/1384/1700
f 968/1383/1699 981/1384/1700 969/1385/1701
f 969/1385/1701 981/1384/1700 977/1386/1702
f 970/1387/1703 969/1385/1701 978/1388/1704
f 978/1388/1704 969/1385/1701 977/1386/1702
f 971/1389/1705 970/1387/1703 979/1390/1706
f 979/1390/1706 970/1387/1703 978/1388/1704
f 921/1391/1707 971/1389/1705 932/1392/1708
f 932/1392/1708 971/1389/1705 979/1390/1706
f 977/1386/1702 964/1394/1709 978/1388/1704
f 978/1388/1704 964/1394/1709 963/1393/1710
f 978/1388/1704 963/1393/1710 979/1390/1706
f 979/1390/1706 963/1393/1710 962/1395/1711
f 979/1390/1706 962/1395/1711 932/1392/1708
f 932/1392/1708 962/1395/1711 908/1396/1712
f 980/1380/1698 933/1381/1696 966/1397/1713
f 966/1397/1713 933/1381/1696 914/1398/1714
f 981/1384/1700 980/1380/1698 965/1399/1715
f 965/1399/1715 980/1380/1698 966/1397/1713
f 977/1386/1702 981/1384/1700 964/1394/1709
f 964/1394/1709 981/1384/1700 965/1399/1715
f 982/1400/1716 983/1403/1717 991/1401/1718
f 991/1401/1718 983/1403/1717 990/1402/1719
f 983/1403/1717 982/1400/1716 984/1404/1720
f 984/1404/1720 982/1400/1716 985/1405/1721
f 984/1404/1720 985/1405/1721 986/1406/1722
f 986/1406/1722 985/1405/1721 987/1407/1723
f 986/1406/1722 987/1407/1723 988/1408/1724
f 988/1408/1724 987/1407/1723 989/1409/1725
f 988/1408/1724 989/1409/1725 944/1410/1726
f 944/1410/1726 989/1409/1725 945/1411/1727
f 946/1412/1728 947/1413/1729 990/1402/1719
f 990/1402/1719 947/1413/1729 991/1401/1718
f 922/1415/1730 946/1412/1728 972/1414/1731
f 972/1414/1731 946/1412/1728 990/1402/1719
f 972/1414/1731 990/1402/1719 973/1416/1732
f 973/1416/1732 990/1402/1719 983/1403/1717
f 973/1416/1732 983/1403/1717 974/1417/1733
f 974/1417/1733 983/1403/1717 984/1404/1720
f 975/1418/1734 974/1417/1733 986/1406/1722
f 986/1406/1722 974/1417/1733 984/1404/1720
f 976/1419/1735 975/1418/1734 988/1408/1724
f 988/1408/1724 975/1418/1734 986/1406/1722
f 928/1420/1736 976/1419/1735 944/1410/1726
f 944/1410/1726 976/1419/1735 988/1408/1724
f 985/1405/1721 982/1400/1716 969/1385/1701
f 969/1385/1701 982/1400/1716 968/1383/1699
f 985/1405/1721 969/1385/1701 987/1407/1723
f 987/1407/1723 969/1385/1701 970/1387/1703
f 987/1407/1723 970/1387/1703 989/1409/1725
f 989/1409/1725 970/1387/1703 971/1389/1705
f 989/1409/1725 971/1389/1705 945/1411/1727
f 945/1411/1727 971/1389/1705 921/1391/1707
f 991/1401/1718 947/1413/1729 967/1379/1697
f 967/1379/1697 947/1413/1729 915/1382/1695
f 982/1400/1716 991/1401/1718 968/1383/1699
f 968/1383/1699 991/1401/1718 967/1379/1697
f 992/1375/1692 950/1377/1694 972/1414/1731
f 972/1414/1731 950/1377/1694 922/1415/1730
f 993/1373/1690 992/1375/1692 973/1416/1732
f 973/1416/1732 992/1375/1692 972/1414/1731
f 994/1371/1688 993/1373/1690 974/1417/1733
f 974/1417/1733 993/1373/1690 973/1416/1732
f 994/1371/1688 974/1417/1733 995/1369/1686
f 995/1369/1686 974/1417/1733 975/1418/1734
f 995/1369/1686 975/1418/1734 996/1367/1684
f 996/1367/1684 975/1418/1734 976/1419/1735
f 996/1367/1684 976/1419/1735 956/1366/1683
f 956/1366/1683 976/1419/1735 928/1420/1736
s 122
f 1022/1424/1737 1023/1423/1738 1021/1421/1739
f 1021/1421/1739 1023/1423/1738 1024/1422/1740
f 1025/1426/1741 1026/1425/1742 1022/1424/1737
f 1022/1424/1737 1026/1425/1742 1023/1423/1738
f 1025/1426/1741 1027/1428/1743 1026/1425/1742
f 1026/1425/1742 1027/1428/1743 1028/1427/1744
f 1027/1428/1743 1029/1430/1745 1028/1427/1744
f 1028/1427/1744 1029/1430/1745 1030/1429/1746
f 1029/1430/1745 1031/1432/1747 1030/1429/1746
f 1030/1429/1746 1031/1432/1747 1032/1431/1748
f 1033/1434/1749 1034/1433/1750 1031/1432/1747
f 1031/1432/1747 1034/1433/1750 1032/1431/1748
f 1035/1436/1751 1036/1435/1752 1033/1434/1749
f 1033/1434/1749 1036/1435/1752 1034/1433/1750
f 1037/1438/1753 1038/1437/1754 1035/1436/1751
f 1035/1436/1751 1038/1437/1754 1036/1435/1752
f 1037/1438/1753 1039/1440/1755 1038/1437/1754
f 1038/1437/1754 1039/1440/1755 1040/1439/1756
f 1039/1440/1755 1041/1442/1757 1040/1439/1756
f 1040/1439/1756 1041/1442/1757 1042/1441/1758
f 1041/1442/1757 1043/1444/1759 1042/1441/1758
f 1042/1441/1758 1043/1444/1759 1044/1443/1760
f 1021/1421/1739 1024/1422/1740 1043/1444/1759
f 1043/1444/1759 1024/1422/1740 1044/1443/1760
s 127
f 997/1445/1761 1009/1448/1762 998/1446/1763
f 998/1446/1763 1009/1448/1762 1010/1447/1764
f 998/1446/1763 1010/1447/1764 999/1449/1765
f 999/1449/1765 1010/1447/1764 1011/1450/1766
f 1011/1450/1766 1012/1452/1767 999/1449/1765
f 999/1449/1765 1012/1452/1767 1000/1451/1768
f 1012/1452/1767 1013/1454/1769 1000/1451/1768
f 1000/1451/1768 1013/1454/1769 1001/1453/1770
f 1013/1454/1769 1014/1456/1771 1001/1453/1770
f 1001/1453/1770 1014/1456/1771 1002/1455/1772
f 1002/1455/1772 1014/1456/1771 1003/1457/1773
f 1003/1457/1773 1014/1456/1771 1015/1458/1774
f 1003/1457/1773 1015/1458/1774 1004/1459/1775
f 1004/1459/1775 1015/1458/1774 1016/1460/1776
f 1004/1459/1775 1016/1460/1776 1005/1461/1777
f 1005/1461/1777 1016/1460/1776 1017/1462/1778
f 1017/1462/1778 1018/1464/1779 1005/1461/1777
f 1005/1461/1777 1018/1464/1779 1006/1463/1780
f 1018/1464/1779 1019/1466/1781 1006/1463/1780
f 1006/1463/1780 1019/1466/1781 1007/1465/1782
f 1019/1466/1781 1020/1468/1783 1007/1465/1782
f 1007/1465/1782 1020/1468/1783 1008/1467/1784
f 1008/1467/1784 1020/1468/1783 997/1445/1761
f 997/1445/1761 1020/1468/1783 1009/1448/1762
s 128
f 1009/1448/1785 1024/1422/1786 1010/1447/1787
f 1010/1447/1787 1024/1422/1786 1023/1423/1788
f 1010/1447/1787 1023/1423/1788 1011/1450/1789
f 1011/1450/1789 1023/1423/1788 1026/1425/1790
f 1012/1452/1791 1011/1450/1789 1028/1427/1792
f 1028/1427/1792 1011/1450/1789 1026/1425/1790
f 1013/1454/1793 1012/1452/1791 1030/1429/1794
f 1030/1429/1794 1012/1452/1791 1028/1427/1792
f 1014/1456/1795 1013/1454/1793 1032/1431/1796
f 1032/1431/1796 1013/1454/1793 1030/1429/1794
f 1014/1456/1795 1032/1431/1796 1015/1458/1797
f 1015/1458/1797 1032/1431/1796 1034/1433/1798
f 1015/1458/1797 1034/1433/1798 1016/1460/1799
f 1016/1460/1799 1034/1433/1798 1036/1435/1800
f 1016/1460/1799 1036/1435/1800 1017/1462/1801
f 1017/1462/1801 1036/1435/1800 1038/1437/1802
f 1018/1464/1803 1017/1462/1801 1040/1439/1804
f 1040/1439/1804 1017/1462/1801 1038/1437/1802
f 1019/1466/1805 1018/1464/1803 1042/1441/1806
f 1042/1441/1806 1018/1464/1803 1040/1439/1804
f 1020/1468/1807 1019/1466/1805 1044/1443/1808
f 1044/1443/1808 1019/1466/1805 1042/1441/1806
f 1020/1468/1807 1044/1443/1808 1009/1448/1785
f 1009/1448/1785 1044/1443/1808 1024/1422/1786
s 129
f 1070/1472/1809 1071/1471/1810 1069/1469/1811
f 1069/1469/1811 1071/1471/1810 1072/1470/1812
f 1073/1474/1813 1074/1473/1814 1070/1472/1809
f 1070/1472/1809 1074/1473/1814 1071/1471/1810
f 1073/1474/1813 1075/1476/1815 1074/1473/1814
f 1074/1473/1814 1075/1476/1815 1076/1475/1816
f 1075/1476/1815 1077/1478/1817 1076/1475/1816
f 1076/1475/1816 1077/1478/1817 1078/1477/1818
f 1077/1478/1817 1079/1480/1819 1078/1477/1818
f 1078/1477/1818 1079/1480/1819 1080/1479/1820
f 1081/1482/1821 1082/1481/1822 1079/1480/1819
f 1079/1480/1819 1082/1481/1822 1080/1479/1820
f 1083/1484/1823 1084/1483/1824 1081/1482/1821
f 1081/1482/1821 1084/1483/1824 1082/1481/1822
f 1085/1486/1825 1086/1485/1826 1083/1484/1823
f 1083/1484/1823 1086/1485/1826 1084/1483/1824
f 1085/1486/1825 1087/1488/1827 1086/1485/1826
f 1086/1485/1826 1087/1488/1827 1088/1487/1828
f 1087/1488/1827 1089/1490/1829 1088/1487/1828
f 1088/1487/1828 1089/1490/1829 1090/1489/1830
f 1089/1490/1829 1091/1492/1831 1090/1489/1830
f 1090/1489/1830 1091/1492/1831 1092/1491/1832
f 1069/1469/1811 1072/1470/1812 1091/1492/1831
f 1091/1492/1831 1072/1470/1812 1092/1491/1832
s 134
f 1045/1493/1833 1057/1496/1834 1046/1494/1835
f 1046/1494/1835 1057/1496/1834 1058/1495/1836
f 1046/1494/1835 1058/1495/1836 1047/1497/1837
f 1047/1497/1837 1058/1495/1836 1059/1498/1838
f 1059/1498/1838 1060/1500/1839 1047/1497/1837
f 1047/1497/1837 1060/1500/1839 1048/1499/1840
f 1060/1500/1839 1061/1502/1841 1048/1499/1840
f 1048/1499/1840 1061/1502/1841 1049/1501/1842
f 1061/1502/1841 1062/1504/1843 1049/1501/1842
f 1049/1501/1842 1062/1504/1843 1050/1503/1844
f 1050/1503/1844 1062/1504/1843 1051/1505/1845
f 1051/1505/1845 1062/1504/1843 1063/1506/1846
f 1051/1505/1845 1063/1506/1846 1052/1507/1847
f 1052/1507/1847 1063/1506/1846 1064/1508/1848
f 1052/1507/1847 1064/1508/1848 1053/1509/1849
f 1053/1509/1849 1064/1508/1848 1065/1510/1850
f 1065/1510/1850 1066/1512/1851 1053/1509/1849
f 1053/1509/1849 1066/1512/1851 1054/1511/1852
f 1066/1512/1851 1067/1514/1853 1054/1511/1852
f 1054/1511/1852 1067/1514/1853 1055/1513/1854
f 1067/1514/1853 1068/1516/1855 1055/1513/1854
f 1055/1513/1854 1068/1516/1855 1056/1515/1856
f 1056/1515/1856 1068/1516/1855 1045/1493/1833
f 1045/1493/1833 1068/1516/1855 1057/1496/1834
s 135
f 1057/1496/1857 1072/1470/1858 1058/1495/1859
f 1058/1495/1859 1072/1470/1858 1071/1471/1860
f 1058/1495/1859 1071/1471/1860 1059/1498/1861
f 1059/1498/1861 1071/1471/1860 1074/1473/1862
f 1060/1500/1863 1059/1498/1861 1076/1475/1864
f 1076/1475/1864 1059/1498/1861 1074/1473/1862
f 1061/1502/1865 1060/1500/1863 1078/1477/1866
f 1078/1477/1866 1060/1500/1863 1076/1475/1864
f 1062/1504/1867 1061/1502/1865 1080/1479/1868
f 1080/1479/1868 1061/1502/1865 1078/1477/1866
f 1062/1504/1867 1080/1479/1868 1063/1506/1869
f 1063/1506/1869 1080/1479/1868 1082/1481/1870
f 1063/1506/1869 1082/1481/1870 1064/1508/1871
f 1064/1508/1871 1082/1481/1870 1084/1483/1872
f 1064/1508/1871 1084/1483/1872 1065/1510/1873
f 1065/1510/1873 1084/1483/1872 1086/1485/1874
f 1066/1512/1875 1065/1510/1873 1088/1487/1876
f 1088/1487/1876 1065/1510/1873 1086/1485/1874
f 1067/1514/1877 1066/1512/1875 1090/1489/1878
f 1090/1489/1878 1066/1512/1875 1088/1487/1876
f 1068/1516/1879 1067/1514/1877 1092/1491/1880
f 1092/1491/1880 1067/1514/1877 1090/1489/1878
f 1068/1516/1879 1092/1491/1880 1057/1496/1857
f 1057/1496/1857 1092/1491/1880 1072/1470/1858
g default
v -43.979412 43.914230 18.732080
v -38.871689 38.211838 18.732080
v -51.387512 37.385284 18.273682
v -46.279785 31.682892 18.273682
v -47.891327 40.466553 18.971573
v -42.783604 34.764160 18.971573
v -51.387512 37.385284 17.392944
v -46.279785 31.682892 17.392944
v -42.783604 34.764160 17.392944
v -38.871689 38.211838 17.392944
v -43.979412 43.914230 17.392944
v -43.979412 43.914230 16.053808
v -38.871689 38.211838 16.053808
v -51.387512 37.385284 16.512207
v -46.279785 31.682892 16.512207
v -47.891327 40.466553 15.814317
v -42.783604 34.764160 15.814317
v -51.387512 37.385284 17.392944
v -46.279785 31.682892 17.392944
v -42.783604 34.764160 17.392944
v -38.871689 38.211838 17.392944
v -43.979412 43.914230 17.392944
v -40.091438 48.186279 18.888159
v -40.783863 47.576019 21.473110
v -43.769852 44.944397 24.459995
v -47.848789 41.349518 25.553268
v -42.991646 51.477020 18.888159
v -43.684071 50.866760 21.473110
v -46.670059 48.235138 24.459995
v -50.748993 44.640259 25.553268
v -40.658722 47.686310 18.709122
v -43.558929 50.977051 18.709122
v -41.281342 47.137573 20.984550
v -44.181549 50.428314 20.984550
v -44.027096 44.717682 23.694443
v -46.927303 48.008423 23.694443
v -47.848789 41.349518 24.710073
v -50.748993 44.640259 24.710073
v -55.606140 34.512756 18.888159
v -54.913712 35.123016 21.473110
v -51.927719 37.754639 24.459995
v -58.506348 37.803497 18.888159
v -57.813919 38.413757 21.473110
v -54.827927 41.045380 24.459995
v -55.038849 35.012726 18.709122
v -57.939056 38.303467 18.709122
v -54.416229 35.561462 20.984550
v -57.316437 38.852203 20.984550
v -51.670486 37.981354 23.694443
v -54.570694 41.272095 23.694443
v -58.919342 32.313889 23.579857
v -54.391571 36.304337 28.108986
v -61.104111 34.792847 23.579857
v -56.576340 38.783295 28.108986
v -60.472816 30.944778 25.105476
v -62.657585 33.423737 25.105476
v -55.194870 35.596375 30.499561
v -57.379639 38.075317 30.499561
v -50.062031 40.120071 29.269428
v -50.303020 39.907684 31.829720
v -52.487793 42.386642 31.829720
v -52.246796 42.599030 29.269428
v -60.079437 31.291473 19.249023
v -61.873772 29.710083 19.706709
v -64.058540 32.189026 19.706709
v -62.264206 33.770432 19.249023
v -58.919342 32.313889 11.206032
v -54.391571 36.304337 6.676902
v -61.104111 34.792847 11.206032
v -56.576340 38.783295 6.676902
v -60.472816 30.944778 9.680413
v -62.657585 33.423737 9.680413
v -55.194870 35.596375 4.286326
v -57.379639 38.075317 4.286326
v -50.062031 40.120071 5.516461
v -50.303020 39.907684 2.956168
v -52.487793 42.386642 2.956168
v -52.246796 42.599030 5.516461
v -60.079437 31.291473 15.536864
v -61.873772 29.710083 15.079179
v -64.058540 32.189026 15.079179
v -62.264206 33.770432 15.536864
v -37.493679 51.196899 11.206032
v -42.021450 47.206451 6.676902
v -39.678448 53.675842 11.206032
v -44.206219 49.685410 6.676902
v -35.940201 52.566010 9.680413
v -38.124969 55.044968 9.680413
v -41.218147 47.914413 4.286326
v -43.402916 50.393372 4.286326
v -46.350986 43.390717 5.516461
v -46.109993 43.603104 2.956168
v -48.294762 46.082062 2.956168
v -48.535755 45.869675 5.516461
v -36.333584 52.219315 15.536864
v -34.539246 53.800705 15.079179
v -36.724014 56.279663 15.079179
v -38.518353 54.698273 15.536864
v -37.493679 51.196899 23.579857
v -42.021450 47.206451 28.108986
v -39.678448 53.675842 23.579857
v -44.206219 49.685410 28.108986
v -35.940201 52.566010 25.105476
v -38.124969 55.044968 25.105476
v -41.218147 47.914413 30.499561
v -43.402916 50.393372 30.499561
v -46.350986 43.390717 29.269428
v -46.109993 43.603104 31.829720
v -48.294762 46.082062 31.829720
v -48.535755 45.869675 29.269428
v -36.333584 52.219315 19.249023
v -34.539246 53.800705 19.706709
v -36.724014 56.279663 19.706709
v -38.518353 54.698273 19.249023
v -40.091438 48.186279 15.897730
v -40.783863 47.576019 13.312778
v -43.769852 44.944397 10.325894
v -47.848789 41.349518 9.232620
v -42.991646 51.477020 15.897730
v -43.684071 50.866760 13.312778
v -46.670059 48.235138 10.325894
v -50.748993 44.640259 9.232620
v -40.658722 47.686310 16.076767
v -43.558929 50.977051 16.076767
v -41.281342 47.137573 13.801338
v -44.181549 50.428314 13.801338
v -44.027096 44.717682 11.091446
v -46.927303 48.008423 11.091446
v -47.848789 41.349518 10.075815
v -50.748993 44.640259 10.075815
v -55.606140 34.512756 15.897730
v -54.913712 35.123016 13.312778
v -51.927719 37.754639 10.325894
v -58.506348 37.803497 15.897730
v -57.813919 38.413757 13.312778
v -54.827927 41.045380 10.325894
v -55.038849 35.012726 16.076767
v -57.939056 38.303467 16.076767
v -54.416229 35.561462 13.801338
v -57.316437 38.852203 13.801338
v -51.670486 37.981354 11.091446
v -54.570694 41.272095 11.091446
v -53.094498 35.789612 20.690798
v -50.681023 37.916672 23.104996
v -47.384155 40.822296 23.988655
v -44.087284 43.727905 23.104996
v -41.673813 45.854965 20.690798
v -40.790417 46.633530 17.392942
v -41.673813 45.854965 14.095088
v -44.087284 43.727905 11.680889
v -47.384155 40.822296 10.797233
v -50.681023 37.916672 11.680889
v -53.094498 35.789612 14.095088
v -53.977890 35.011063 17.392942
v -56.924026 40.134811 20.690798
v -54.510551 42.261871 23.104996
v -51.213684 45.167496 23.988655
v -47.916813 48.073105 23.104996
v -45.503342 50.200165 20.690798
v -44.619946 50.978729 17.392942
v -45.503342 50.200165 14.095088
v -47.916813 48.073105 11.680889
v -51.213684 45.167496 10.797233
v -54.510551 42.261871 11.680889
v -56.924026 40.134811 14.095088
v -57.807419 39.356262 17.392942
v -53.094498 35.789612 17.392942
v -50.681023 37.916672 17.392942
v -47.384155 40.822296 17.392942
v -44.087284 43.727905 17.392942
v -41.673813 45.854965 17.392942
v -56.924026 40.134811 17.392942
v -54.510551 42.261871 17.392942
v -51.213684 45.167496 17.392942
v -47.916813 48.073105 17.392942
v -45.503342 50.200165 17.392942
v -32.983078 30.532440 16.644768
v -39.460243 37.876389 16.644768
v -42.295914 35.377258 16.510803
v -35.848381 28.007156 16.510803
v -45.827133 32.265137 17.392942
v -39.346001 24.924591 17.392942
v -39.460243 37.876389 17.392942
v -32.983078 30.532440 17.392942
v -9.728908 5.672348 16.644768
v -12.547496 2.795189 16.510803
v -15.616572 -0.334427 17.392942
v -9.728908 5.672348 17.392942
v -32.983078 30.532440 18.141117
v -39.460243 37.876389 18.141117
v -42.295914 35.377258 18.275082
v -35.848381 28.007156 18.275082
v -9.728908 5.672348 18.141117
v -12.547496 2.795189 18.275082
v -75.361694 72.567123 20.726986
v -76.504532 72.294632 20.726986
v -78.539108 73.181061 20.726986
v -77.055298 74.488785 20.726986
v -80.174576 74.203110 20.726986
v -79.940796 75.359955 20.726986
v -81.969223 74.523071 20.726986
v -81.995575 75.926056 20.610632
v -84.070465 74.120407 20.606773
v -85.363846 77.884415 19.783770
v -78.268967 75.865875 20.726986
v -78.748886 76.410416 20.726986
v -73.922668 70.934326 19.059965
v -76.680847 70.300949 19.059965
v -78.715408 71.187378 19.059965
v -80.350876 72.209427 19.059965
v -82.097137 72.762192 19.059965
v -83.900261 72.812439 19.059965
v -85.133469 73.160553 19.001789
v -86.355392 77.096985 18.581102
v -85.363846 77.884415 18.588358
v -81.995575 75.926056 19.001789
v -79.940796 75.359955 19.059965
v -78.748886 76.410416 19.059965
v -78.995300 70.940704 17.392944
v -80.630768 71.962753 17.392944
v -82.377029 72.515518 17.392944
v -84.180161 72.565765 17.392944
v -85.413361 72.913879 17.392944
v -86.635284 76.850311 17.392944
v -85.363846 77.884415 17.392944
v -81.995575 75.926056 17.392944
v -79.940796 75.359955 17.392944
v -78.748886 76.410416 17.392944
v -74.947754 73.666672 20.726986
v -75.571495 75.796509 20.726986
v -76.379929 77.547440 20.726986
v -77.556976 77.460876 20.726986
v -76.471848 79.368057 20.726986
v -77.860382 79.570496 20.610632
v -75.808327 81.402054 20.606773
v -79.379974 83.158157 19.783770
v -72.947739 73.591034 19.059965
v -73.571465 75.720871 19.059965
v -74.379898 77.471802 19.059965
v -74.708847 79.273682 19.059965
v -74.532120 81.068848 19.059965
v -74.722504 82.335999 19.001789
v -78.474197 84.042892 18.581102
v -79.379974 83.158157 18.588358
v -77.860382 79.570496 19.001789
v -77.556976 77.460876 19.059965
v -73.291573 75.967560 17.392944
v -74.100006 77.718491 17.392944
v -74.428955 79.520370 17.392944
v -74.252228 81.315521 17.392944
v -74.442612 82.582672 17.392944
v -78.194305 84.289581 17.392944
v -79.379974 83.158157 17.392944
v -77.860382 79.570496 17.392944
v -77.556976 77.460876 17.392944
v -79.298706 83.781372 17.392944
v -79.747101 83.386185 19.509375
v -80.972115 82.306549 20.349335
v -84.318909 79.356934 20.349335
v -85.543922 78.277298 19.509375
v -85.992310 77.882111 17.392944
v -82.581146 84.205551 17.392944
v -82.810211 84.003662 18.252846
v -83.436028 83.452118 18.814373
v -85.145798 81.945251 18.814373
v -85.771606 81.393707 18.252846
v -86.000671 81.191818 17.392944
v -84.290909 82.698685 17.392944
v -82.035980 83.027481 19.879406
v -80.987503 83.951538 19.084848
v -80.603729 84.289764 17.392944
v -86.332703 79.240662 17.392944
v -85.948936 79.578888 19.084850
v -84.900459 80.502945 19.879406
v -78.936676 83.370575 17.392944
v -77.781021 81.155350 19.509375
v -77.075493 77.885223 20.349335
v -80.422287 74.935608 20.349335
v -83.577843 76.046463 19.509375
v -85.630280 77.471344 17.392944
v -75.361694 72.567123 14.058904
v -76.504532 72.294632 14.058904
v -78.539108 73.181061 14.058904
v -77.055298 74.488785 14.058904
v -80.174576 74.203110 14.058904
v -79.940796 75.359955 14.058904
v -81.969223 74.523071 14.058904
v -81.995575 75.926056 14.175257
v -84.070465 74.120407 14.179116
v -85.363846 77.884415 15.002119
v -78.268967 75.865875 14.058904
v -78.748886 76.410416 14.058904
v -73.922668 70.934326 15.725924
v -76.680847 70.300949 15.725924
v -78.715408 71.187378 15.725924
v -80.350876 72.209427 15.725924
v -82.097137 72.762192 15.725924
v -83.900261 72.812439 15.725924
v -85.133469 73.160553 15.784101
v -86.355392 77.096985 16.204786
v -85.363846 77.884415 16.197531
v -81.995575 75.926056 15.784101
v -79.940796 75.359955 15.725924
v -78.748886 76.410416 15.725924
v -74.947754 73.666672 14.058904
v -75.571495 75.796509 14.058904
v -76.379929 77.547440 14.058904
v -77.556976 77.460876 14.058904
v -76.471848 79.368057 14.058904
v -77.860382 79.570496 14.175257
v -75.808327 81.402054 14.179116
v -79.379974 83.158157 15.002119
v -72.947739 73.591034 15.725924
v -73.571465 75.720871 15.725924
v -74.379898 77.471802 15.725924
v -74.708847 79.273682 15.725924
v -74.532120 81.068848 15.725924
v -74.722504 82.335999 15.784101
v -78.474197 84.042892 16.204786
v -79.379974 83.158157 16.197531
v -77.860382 79.570496 15.784101
v -77.556976 77.460876 15.725924
v -79.747101 83.386185 15.276514
v -80.972115 82.306549 14.436554
v -84.318909 79.356934 14.436554
v -85.543922 78.277298 15.276514
v -82.810211 84.003662 16.533043
v -83.436028 83.452118 15.971515
v -85.145798 81.945251 15.971515
v -85.771606 81.393707 16.533043
v -82.035980 83.027481 14.906483
v -80.987503 83.951538 15.701040
v -85.948936 79.578888 15.701039
v -84.900459 80.502945 14.906482
v -77.781021 81.155350 15.276514
v -77.075493 77.885223 14.436554
v -80.422287 74.935608 14.436554
v -83.577843 76.046463 15.276514
v -47.621571 48.181732 17.392944
v -48.092743 47.766464 15.683192
v -49.380024 46.631958 14.431568
v -51.138489 45.082184 13.973440
v -52.896942 43.532394 14.431568
v -54.184219 42.397888 15.683192
v -54.655396 41.982635 17.392944
v -73.906128 77.253479 17.392944
v -73.970840 76.477783 15.860191
v -74.564720 74.831787 14.738140
v -75.260284 72.452057 14.327439
v -77.708557 72.061035 14.738140
v -79.416122 71.678711 15.860191
v -80.193794 71.711975 17.392944
v -74.875320 64.925232 17.392944
v -74.404152 65.340485 15.683192
v -73.116875 66.475006 14.431568
v -71.358414 68.024780 13.973440
v -69.599960 69.574554 14.431568
v -68.312675 70.709076 15.683192
v -67.841507 71.124329 17.392944
v -63.264587 51.751068 17.392944
v -62.793404 52.166321 15.683192
v -61.506126 53.300842 14.431568
v -59.747665 54.850616 13.973440
v -57.989212 56.400391 14.431568
v -56.701927 57.534912 15.683192
v -56.230751 57.950165 17.392944
v -74.204163 71.253723 14.239403
v -72.582474 72.682953 14.661897
v -71.395325 73.729233 15.816174
v -70.960785 74.112198 17.392944
v -77.447540 68.395248 17.392944
v -77.013016 68.778214 15.816174
v -75.825851 69.824493 14.661897
v -69.806412 62.955124 14.628993
v -64.582108 57.027344 14.628993
v -62.940887 58.473801 14.201407
v -68.165176 64.401581 14.201407
v -61.299652 59.920258 14.628993
v -66.523941 65.848053 14.628993
v -60.098190 60.979141 15.797175
v -65.322487 66.906921 15.797175
v -59.658424 61.366714 17.392944
v -64.882721 67.294495 17.392944
v -66.223343 55.580887 17.392944
v -71.447639 61.508667 17.392944
v -65.783569 55.968460 15.797175
v -71.007866 61.896240 15.797175
v -60.652390 49.535522 17.392944
v -60.230949 49.906952 15.863667
v -59.079552 50.921707 14.744158
v -57.506714 52.307892 14.334388
v -55.933868 53.694077 14.744158
v -54.782455 54.708847 15.863667
v -54.361023 55.080261 17.392944
v -48.092743 47.766464 19.102695
v -49.380024 46.631958 20.354321
v -51.138489 45.082184 20.812449
v -52.896942 43.532394 20.354321
v -54.184219 42.397888 19.102695
v -73.970840 76.477783 18.925697
v -74.564720 74.831787 20.047749
v -75.260284 72.452057 20.458450
v -77.708557 72.061035 20.047749
v -79.416122 71.678711 18.925697
v -74.404152 65.340485 19.102695
v -73.116875 66.475006 20.354321
v -71.358414 68.024780 20.812449
v -69.599960 69.574554 20.354321
v -68.312675 70.709076 19.102695
v -62.793404 52.166321 19.102695
v -61.506126 53.300842 20.354321
v -59.747665 54.850616 20.812449
v -57.989212 56.400391 20.354321
v -56.701927 57.534912 19.102695
v -74.204163 71.253723 20.546486
v -72.582474 72.682953 20.123993
v -71.395325 73.729233 18.969715
v -77.013016 68.778214 18.969715
v -75.825851 69.824493 20.123993
v -69.806412 62.955124 20.156895
v -64.582108 57.027344 20.156895
v -62.940887 58.473801 20.584482
v -68.165176 64.401581 20.584482
v -61.299652 59.920258 20.156895
v -66.523941 65.848053 20.156895
v -60.098190 60.979141 18.988712
v -65.322487 66.906921 18.988712
v -65.783569 55.968460 18.988712
v -71.007866 61.896240 18.988712
v -60.230949 49.906952 18.922222
v -59.079552 50.921707 20.041731
v -57.506714 52.307892 20.451500
v -55.933868 53.694077 20.041731
v -54.782455 54.708847 18.922222
v -55.601044 41.300766 20.068998
v -53.746727 42.935013 22.028021
v -51.213699 45.167435 22.745071
v -48.680676 47.399857 22.028021
v -46.826363 49.034119 20.068998
v -46.147652 49.632278 17.392925
v -46.826363 49.034119 14.716850
v -48.680676 47.399857 12.757828
v -51.213699 45.167435 12.040777
v -53.746727 42.935013 12.757828
v -55.601044 41.300766 14.716850
v -56.279755 40.702591 17.392925
v -55.729065 41.691452 19.997202
v -53.926193 43.280365 21.903666
v -51.463470 45.450836 22.601479
v -49.000721 47.621323 21.903666
v -47.197868 49.210220 19.997202
v -46.537975 49.791809 17.392925
v -47.197868 49.210220 14.788647
v -49.000721 47.621323 12.882183
v -51.463470 45.450836 12.184369
v -53.926193 43.280365 12.882183
v -55.729065 41.691452 14.788647
v -56.388954 41.109879 17.392925
v -54.939102 41.884140 19.561300
v -53.380417 43.257843 21.191914
v -53.699203 43.480438 21.306185
v -55.307434 42.063049 19.626369
v -51.213699 45.167435 21.801815
v -51.463470 45.450836 21.934551
v -49.046982 47.077026 21.191914
v -49.227726 47.421265 21.306185
v -47.488304 48.450729 19.561300
v -47.619503 48.838623 19.626369
v -46.929401 48.943298 17.392925
v -47.042885 49.346817 17.392925
v -47.488304 48.450729 15.224548
v -47.619503 48.838623 15.159479
v -49.046982 47.077026 13.593935
v -49.227726 47.421265 13.479664
v -51.213699 45.167435 12.984034
v -51.463470 45.450836 12.851297
v -53.380417 43.257843 13.593935
v -53.699203 43.480438 13.479664
v -54.939102 41.884140 15.224548
v -55.307434 42.063049 15.159479
v -55.498009 41.391571 17.392925
v -55.884048 41.554871 17.392925
v -42.996784 44.688995 20.068998
v -44.851097 43.054749 22.028021
v -47.384121 40.822327 22.745071
v -49.917149 38.589905 22.028021
v -51.771461 36.955643 20.068998
v -52.450172 36.357483 17.392925
v -51.771461 36.955643 14.716850
v -49.917149 38.589905 12.757828
v -47.384121 40.822327 12.040777
v -44.851097 43.054749 12.757828
v -42.996784 44.688995 14.716850
v -42.318066 45.287170 17.392925
v -42.868748 44.298309 19.997202
v -44.671619 42.709381 21.903666
v -47.134350 40.538910 22.601479
v -49.597095 38.368439 21.903666
v -51.399948 36.779541 19.997202
v -52.059845 36.197952 17.392925
v -51.399948 36.779541 14.788647
v -49.597095 38.368439 12.882183
v -47.134350 40.538910 12.184369
v -44.671619 42.709381 12.882183
v -42.868748 44.298309 14.788647
v -42.208862 44.879883 17.392925
v -43.658718 44.105621 19.561300
v -45.217403 42.731903 21.191914
v -44.898617 42.509338 21.306185
v -43.290386 43.926712 19.626369
v -47.384121 40.822327 21.801815
v -47.134350 40.538910 21.934551
v -49.550842 38.912735 21.191914
v -49.370090 38.568497 21.306185
v -51.109520 37.539032 19.561300
v -50.978317 37.151123 19.626369
v -51.668427 37.046448 17.392925
v -51.554932 36.642944 17.392925
v -51.109520 37.539032 15.224548
v -50.978317 37.151123 15.159479
v -49.550842 38.912735 13.593935
v -49.370090 38.568497 13.479664
v -47.384121 40.822327 12.984034
v -47.134350 40.538910 12.851297
v -45.217403 42.731903 13.593935
v -44.898617 42.509338 13.479664
v -43.658718 44.105621 15.224548
v -43.290386 43.926712 15.159479
v -43.099815 44.598190 17.392925
v -42.713768 44.434891 17.392925
v 18.702114 -58.357780 16.510803
v 14.948645 -57.355179 17.392942
v 17.103401 -70.222816 17.392942
v 21.631763 -59.140331 16.644768
v 19.229088 -73.540466 17.392942
v 27.983576 -30.834238 16.644768
v 24.789423 -30.402481 16.510803
v 20.467119 -29.669468 17.392942
v 20.180920 -67.120888 16.802816
v 27.983576 -30.834238 17.392942
v 21.631763 -59.140331 17.392942
v 14.999410 -62.118450 17.392942
v 15.735925 -65.775047 17.392942
v 18.799053 -62.990028 16.609034
v 20.180931 -67.120918 17.392942
v 47.878105 38.027851 16.644768
v 38.802849 7.927989 16.644768
v 34.985977 8.847940 16.510803
v 43.996937 39.104431 16.510803
v 30.831779 9.846398 17.392942
v 39.773689 40.278263 17.392942
v 47.878105 38.027851 17.392942
v 38.802849 7.927989 17.392942
v 18.702114 -58.357780 18.275082
v 21.631763 -59.140331 18.141117
v 27.983576 -30.834238 18.141117
v 24.789423 -30.402481 18.275082
v 20.180920 -67.120888 17.983068
v 18.799053 -62.990028 18.176851
v 47.878105 38.027851 18.141117
v 38.802849 7.927989 18.141117
v 34.985977 8.847940 18.275082
v 43.996937 39.104431 18.275082
vt 0.514089 0.436454
vt 0.500008 0.436778
vt 0.498538 0.352552
vt 0.512605 0.352267
vt 0.394653 0.437798
vt 0.385390 0.437695
vt 0.385875 0.353962
vt 0.396450 0.354061
vt 0.444389 0.438030
vt 0.444389 0.355144
vt 0.396325 0.344655
vt 0.444210 0.338823
vt 0.498286 0.338157
vt 0.514089 0.436454
vt 0.512605 0.352267
vt 0.498538 0.352552
vt 0.500008 0.436778
vt 0.394653 0.437798
vt 0.396450 0.354061
vt 0.385875 0.353962
vt 0.385390 0.437695
vt 0.444389 0.355144
vt 0.444389 0.438030
vt 0.444210 0.338823
vt 0.396325 0.344655
vt 0.498286 0.338157
vt 0.868881 0.984365
vt 0.826025 0.984365
vt 0.826025 0.958422
vt 0.868881 0.958422
vt 0.826025 0.909644
vt 0.868881 0.909644
vt 0.826025 0.854007
vt 0.868881 0.854008
vt 0.759276 0.981218
vt 0.761046 0.952856
vt 0.807357 0.952795
vt 0.807567 0.982229
vt 0.760794 0.900188
vt 0.807861 0.900272
vt 0.760761 0.841489
vt 0.808068 0.841531
vt 0.751761 0.978992
vt 0.752551 0.951799
vt 0.814799 0.951978
vt 0.814764 0.980725
vt 0.752053 0.900127
vt 0.815563 0.900286
vt 0.752044 0.841481
vt 0.815743 0.841539
vt 0.807242 0.990595
vt 0.759146 0.989584
vt 0.868881 0.726930
vt 0.868881 0.749593
vt 0.826025 0.749593
vt 0.826025 0.726930
vt 0.868881 0.798370
vt 0.826025 0.798370
vt 0.759525 0.704526
vt 0.807461 0.704356
vt 0.807555 0.730266
vt 0.761244 0.730122
vt 0.807965 0.782790
vt 0.760898 0.782790
vt 0.752747 0.731164
vt 0.751781 0.706737
vt 0.816101 0.705816
vt 0.814995 0.731098
vt 0.752158 0.782836
vt 0.815667 0.782792
vt 0.759410 0.696160
vt 0.807151 0.695236
vt 0.679066 0.887188
vt 0.678554 0.796703
vt 0.713505 0.796514
vt 0.713505 0.887170
vt 0.677633 0.730168
vt 0.714777 0.730705
vt 0.918168 0.928001
vt 0.886125 0.928001
vt 0.886125 0.865111
vt 0.918168 0.865111
vt 0.886125 0.816050
vt 0.918168 0.816050
vt 0.652352 0.885749
vt 0.651665 0.798256
vt 0.740461 0.798153
vt 0.740241 0.885207
vt 0.649581 0.734571
vt 0.742791 0.735030
vt 0.678165 0.943292
vt 0.651640 0.939007
vt 0.715936 0.942214
vt 0.742258 0.937624
vt 0.918168 0.966328
vt 0.886125 0.966328
vt 0.886125 0.986624
vt 0.918168 0.986624
vt 0.918168 0.797589
vt 0.886125 0.797589
vt 0.679066 0.887188
vt 0.713505 0.887170
vt 0.713505 0.796514
vt 0.678554 0.796703
vt 0.714777 0.730705
vt 0.677633 0.730168
vt 0.918168 0.928001
vt 0.918168 0.865111
vt 0.886125 0.865111
vt 0.886125 0.928001
vt 0.918168 0.816050
vt 0.886125 0.816050
vt 0.652352 0.885749
vt 0.651665 0.798256
vt 0.740461 0.798153
vt 0.740241 0.885207
vt 0.649581 0.734571
vt 0.742791 0.735030
vt 0.678165 0.943292
vt 0.651640 0.939007
vt 0.715936 0.942214
vt 0.742258 0.937624
vt 0.918168 0.966328
vt 0.886125 0.966328
vt 0.886125 0.986624
vt 0.918168 0.986624
vt 0.918168 0.797589
vt 0.886125 0.797589
vt 0.679066 0.887188
vt 0.678554 0.796703
vt 0.713505 0.796514
vt 0.713505 0.887170
vt 0.677633 0.730168
vt 0.714777 0.730705
vt 0.918168 0.928001
vt 0.886125 0.928001
vt 0.886125 0.865111
vt 0.918168 0.865111
vt 0.886125 0.816050
vt 0.918168 0.816050
vt 0.652352 0.885749
vt 0.651665 0.798256
vt 0.740461 0.798153
vt 0.740241 0.885207
vt 0.649581 0.734571
vt 0.742791 0.735030
vt 0.678165 0.943292
vt 0.651640 0.939007
vt 0.715936 0.942214
vt 0.742258 0.937624
vt 0.918168 0.966328
vt 0.886125 0.966328
vt 0.886125 0.986624
vt 0.918168 0.986624
vt 0.918168 0.797589
vt 0.886125 0.797589
vt 0.679066 0.887188
vt 0.713505 0.887170
vt 0.713505 0.796514
vt 0.678554 0.796703
vt 0.714777 0.730705
vt 0.677633 0.730168
vt 0.918168 0.928001
vt 0.918168 0.865111
vt 0.886125 0.865111
vt 0.886125 0.928001
vt 0.918168 0.816050
vt 0.886125 0.816050
vt 0.652352 0.885749
vt 0.651665 0.798256
vt 0.740461 0.798153
vt 0.740241 0.885207
vt 0.649581 0.734571
vt 0.742791 0.735030
vt 0.678165 0.943292
vt 0.651640 0.939007
vt 0.715936 0.942214
vt 0.742258 0.937624
vt 0.918168 0.966328
vt 0.886125 0.966328
vt 0.886125 0.986624
vt 0.918168 0.986624
vt 0.918168 0.797589
vt 0.886125 0.797589
vt 0.868881 0.984365
vt 0.826025 0.984365
vt 0.826025 0.958422
vt 0.868881 0.958422
vt 0.826025 0.909644
vt 0.868881 0.909644
vt 0.826025 0.854007
vt 0.868881 0.854008
vt 0.759276 0.981218
vt 0.761046 0.952856
vt 0.807357 0.952795
vt 0.807567 0.982229
vt 0.760794 0.900188
vt 0.807861 0.900272
vt 0.760761 0.841489
vt 0.808068 0.841531
vt 0.751761 0.978992
vt 0.752551 0.951799
vt 0.814799 0.951978
vt 0.814764 0.980725
vt 0.752053 0.900127
vt 0.815563 0.900286
vt 0.752044 0.841481
vt 0.815743 0.841539
vt 0.807242 0.990595
vt 0.759146 0.989584
vt 0.868881 0.726930
vt 0.868881 0.749593
vt 0.826025 0.749593
vt 0.826025 0.726930
vt 0.868881 0.798370
vt 0.826025 0.798370
vt 0.759525 0.704526
vt 0.807461 0.704356
vt 0.807555 0.730266
vt 0.761244 0.730122
vt 0.807965 0.782790
vt 0.760898 0.782790
vt 0.752747 0.731164
vt 0.751781 0.706737
vt 0.816101 0.705816
vt 0.814995 0.731098
vt 0.752158 0.782836
vt 0.815667 0.782792
vt 0.759410 0.696160
vt 0.807151 0.695236
vt 0.991123 0.547926
vt 0.991123 0.587786
vt 0.933724 0.587786
vt 0.933724 0.547926
vt 0.991123 0.632209
vt 0.933724 0.632209
vt 0.991123 0.676631
vt 0.933724 0.676631
vt 0.991123 0.716491
vt 0.933724 0.716491
vt 0.991123 0.751195
vt 0.933724 0.751195
vt 0.991123 0.785898
vt 0.933724 0.785898
vt 0.991123 0.825758
vt 0.933724 0.825758
vt 0.991123 0.870181
vt 0.933724 0.870181
vt 0.991123 0.914603
vt 0.933724 0.914603
vt 0.991123 0.954463
vt 0.933724 0.954464
vt 0.991123 0.989167
vt 0.933724 0.989167
vt 0.991123 0.513223
vt 0.933724 0.513223
vt 0.612325 0.890287
vt 0.583193 0.929107
vt 0.543398 0.929107
vt 0.543398 0.890287
vt 0.622988 0.837259
vt 0.543398 0.837259
vt 0.612325 0.785201
vt 0.543398 0.785201
vt 0.583193 0.747741
vt 0.543398 0.747741
vt 0.543398 0.733532
vt 0.503603 0.747741
vt 0.474471 0.785201
vt 0.463808 0.837259
vt 0.474471 0.890287
vt 0.503603 0.929107
vt 0.543398 0.942458
vt 0.503598 0.929092
vt 0.474466 0.890273
vt 0.543393 0.890273
vt 0.543393 0.929092
vt 0.463803 0.837244
vt 0.543393 0.837244
vt 0.474466 0.785187
vt 0.543393 0.785187
vt 0.503598 0.747727
vt 0.543393 0.747727
vt 0.543393 0.733518
vt 0.583188 0.747727
vt 0.612320 0.785187
vt 0.622983 0.837244
vt 0.612320 0.890273
vt 0.583188 0.929092
vt 0.543393 0.942444
vt 0.058005 0.927139
vt 0.081370 0.927614
vt 0.080199 0.987476
vt 0.057101 0.987128
vt 0.110377 0.928207
vt 0.109455 0.987963
vt 0.053430 0.927134
vt 0.052529 0.987067
vt 0.056755 0.718836
vt 0.052181 0.718895
vt 0.081370 0.717703
vt 0.108684 0.716480
vt 0.058005 0.927139
vt 0.057101 0.987128
vt 0.080199 0.987476
vt 0.081370 0.927614
vt 0.109455 0.987963
vt 0.110377 0.928207
vt 0.053430 0.927134
vt 0.052529 0.987067
vt 0.056755 0.718836
vt 0.052181 0.718895
vt 0.081370 0.717703
vt 0.108684 0.716480
vt 0.336947 0.766565
vt 0.336947 0.793184
vt 0.358313 0.792549
vt 0.347632 0.772102
vt 0.354589 0.819708
vt 0.366537 0.839474
vt 0.376521 0.827236
vt 0.364954 0.811793
vt 0.385232 0.879752
vt 0.394734 0.838578
vt 0.336947 0.812566
vt 0.336947 0.820289
vt 0.336325 0.740059
vt 0.365205 0.753638
vt 0.378010 0.775201
vt 0.386885 0.792722
vt 0.397236 0.809821
vt 0.409633 0.825437
vt 0.416835 0.837995
vt 0.404567 0.881711
vt 0.416058 0.972074
vt 0.429620 0.972151
vt 0.416057 0.959270
vt 0.374325 0.967645
vt 0.374325 0.950413
vt 0.351496 0.967022
vt 0.351496 0.949167
vt 0.334479 0.967022
vt 0.334479 0.949167
vt 0.403131 0.785424
vt 0.394789 0.768858
vt 0.413401 0.801991
vt 0.425196 0.818256
vt 0.432207 0.830417
vt 0.417123 0.884824
vt 0.433398 0.843415
vt 0.416058 0.984878
vt 0.433612 0.984879
vt 0.374325 0.984878
vt 0.351496 0.984878
vt 0.334479 0.984878
vt 0.326261 0.772102
vt 0.315580 0.792549
vt 0.319304 0.819708
vt 0.308939 0.811793
vt 0.297372 0.827236
vt 0.307356 0.839474
vt 0.279159 0.838578
vt 0.288661 0.879752
vt 0.307445 0.753638
vt 0.294640 0.775201
vt 0.287008 0.792722
vt 0.276657 0.809821
vt 0.264260 0.825437
vt 0.257058 0.837995
vt 0.269327 0.881711
vt 0.252901 0.972074
vt 0.252901 0.959269
vt 0.239339 0.972151
vt 0.294633 0.967645
vt 0.294633 0.950413
vt 0.317462 0.967022
vt 0.317462 0.949167
vt 0.277860 0.768858
vt 0.269935 0.785424
vt 0.259666 0.801991
vt 0.247870 0.818256
vt 0.240860 0.830417
vt 0.239961 0.843601
vt 0.256315 0.884824
vt 0.235347 0.984879
vt 0.252901 0.984878
vt 0.294633 0.984878
vt 0.317462 0.984878
vt 0.382416 0.519521
vt 0.391903 0.533535
vt 0.407813 0.524785
vt 0.403413 0.510774
vt 0.424035 0.522483
vt 0.421162 0.508228
vt 0.463597 0.523319
vt 0.466916 0.509215
vt 0.479767 0.525928
vt 0.484548 0.511971
vt 0.495300 0.535197
vt 0.505256 0.521372
vt 0.250799 0.941863
vt 0.336447 0.941863
vt 0.262273 0.909699
vt 0.293622 0.888695
vt 0.379270 0.888696
vt 0.410620 0.909699
vt 0.422094 0.941863
vt 0.456638 0.540736
vt 0.430355 0.540736
vt 0.418375 0.543478
vt 0.409608 0.549043
vt 0.468466 0.544166
vt 0.476979 0.550089
vt 0.399495 0.479791
vt 0.380086 0.513730
vt 0.419434 0.448292
vt 0.469621 0.447758
vt 0.489063 0.480692
vt 0.507774 0.515609
vt 0.336947 0.766565
vt 0.347632 0.772102
vt 0.358313 0.792549
vt 0.336947 0.793184
vt 0.354589 0.819708
vt 0.364954 0.811793
vt 0.376521 0.827236
vt 0.366537 0.839474
vt 0.394734 0.838578
vt 0.385232 0.879752
vt 0.336947 0.812566
vt 0.336947 0.820289
vt 0.336325 0.740059
vt 0.365205 0.753638
vt 0.378010 0.775201
vt 0.386885 0.792722
vt 0.397236 0.809821
vt 0.409633 0.825437
vt 0.416835 0.837995
vt 0.404567 0.881711
vt 0.416058 0.972074
vt 0.416057 0.959270
vt 0.429620 0.972151
vt 0.374325 0.967645
vt 0.374325 0.950413
vt 0.351496 0.967022
vt 0.351496 0.949167
vt 0.334479 0.967022
vt 0.334479 0.949167
vt 0.394789 0.768858
vt 0.403131 0.785424
vt 0.413401 0.801991
vt 0.425196 0.818256
vt 0.432207 0.830417
vt 0.433398 0.843415
vt 0.417123 0.884824
vt 0.433612 0.984879
vt 0.416058 0.984878
vt 0.374325 0.984878
vt 0.351496 0.984878
vt 0.334479 0.984878
vt 0.315580 0.792549
vt 0.326261 0.772102
vt 0.319304 0.819708
vt 0.307356 0.839474
vt 0.297372 0.827236
vt 0.308939 0.811793
vt 0.288661 0.879752
vt 0.279159 0.838578
vt 0.307445 0.753638
vt 0.294640 0.775201
vt 0.287008 0.792722
vt 0.276657 0.809821
vt 0.264260 0.825437
vt 0.257058 0.837995
vt 0.269327 0.881711
vt 0.252901 0.972074
vt 0.239339 0.972151
vt 0.252901 0.959269
vt 0.294633 0.967645
vt 0.294633 0.950413
vt 0.317462 0.967022
vt 0.317462 0.949167
vt 0.269935 0.785424
vt 0.277860 0.768858
vt 0.259666 0.801991
vt 0.247870 0.818256
vt 0.240860 0.830417
vt 0.256315 0.884824
vt 0.239961 0.843601
vt 0.252901 0.984878
vt 0.235347 0.984879
vt 0.294633 0.984878
vt 0.317462 0.984878
vt 0.382416 0.519521
vt 0.403413 0.510774
vt 0.407813 0.524785
vt 0.391903 0.533535
vt 0.421162 0.508228
vt 0.424035 0.522483
vt 0.466916 0.509215
vt 0.463597 0.523319
vt 0.484548 0.511971
vt 0.479767 0.525928
vt 0.505256 0.521372
vt 0.495300 0.535197
vt 0.250799 0.941863
vt 0.262273 0.909699
vt 0.336447 0.941863
vt 0.293622 0.888695
vt 0.379270 0.888696
vt 0.410620 0.909699
vt 0.422094 0.941863
vt 0.456638 0.540736
vt 0.430355 0.540736
vt 0.418375 0.543478
vt 0.409608 0.549043
vt 0.476979 0.550089
vt 0.468466 0.544166
vt 0.380086 0.513730
vt 0.399495 0.479791
vt 0.419434 0.448292
vt 0.469621 0.447758
vt 0.489063 0.480692
vt 0.507774 0.515609
vt 0.233119 0.349516
vt 0.252430 0.348754
vt 0.256325 0.446725
vt 0.238867 0.446853
vt 0.274886 0.348464
vt 0.276895 0.446626
vt 0.300103 0.348443
vt 0.300107 0.446622
vt 0.325319 0.348463
vt 0.323320 0.446626
vt 0.347776 0.348750
vt 0.343890 0.446724
vt 0.367086 0.349510
vt 0.361347 0.446851
vt 0.345998 0.641030
vt 0.364698 0.641204
vt 0.364839 0.688085
vt 0.346267 0.687286
vt 0.324360 0.625354
vt 0.324529 0.671374
vt 0.300088 0.613450
vt 0.300093 0.659356
vt 0.275816 0.625352
vt 0.275656 0.671375
vt 0.254177 0.641029
vt 0.253918 0.687291
vt 0.235477 0.641209
vt 0.235346 0.688096
vt 0.300095 0.676480
vt 0.277125 0.702651
vt 0.256951 0.727659
vt 0.239733 0.734203
vt 0.360468 0.734191
vt 0.343248 0.727653
vt 0.323069 0.702650
vt 0.323704 0.589207
vt 0.323749 0.531840
vt 0.344781 0.531896
vt 0.344675 0.589160
vt 0.300096 0.589239
vt 0.300096 0.531784
vt 0.276480 0.589200
vt 0.276450 0.531842
vt 0.255501 0.589148
vt 0.255424 0.531895
vt 0.237561 0.588927
vt 0.237435 0.532071
vt 0.362796 0.532080
vt 0.362591 0.588946
vt 0.346409 0.482261
vt 0.365425 0.482105
vt 0.324563 0.482208
vt 0.300107 0.482137
vt 0.275651 0.482207
vt 0.253807 0.482258
vt 0.234791 0.482104
vt 0.233119 0.349516
vt 0.238867 0.446853
vt 0.256325 0.446725
vt 0.252430 0.348754
vt 0.276895 0.446626
vt 0.274886 0.348464
vt 0.300107 0.446622
vt 0.300103 0.348443
vt 0.323320 0.446626
vt 0.325319 0.348463
vt 0.343890 0.446724
vt 0.347776 0.348750
vt 0.361347 0.446851
vt 0.367086 0.349510
vt 0.345998 0.641030
vt 0.346267 0.687286
vt 0.364839 0.688085
vt 0.364698 0.641204
vt 0.324360 0.625354
vt 0.324529 0.671374
vt 0.300088 0.613450
vt 0.300093 0.659356
vt 0.275816 0.625352
vt 0.275656 0.671375
vt 0.254177 0.641029
vt 0.253918 0.687291
vt 0.235477 0.641209
vt 0.235346 0.688096
vt 0.277125 0.702651
vt 0.300095 0.676480
vt 0.256951 0.727659
vt 0.239733 0.734203
vt 0.343248 0.727653
vt 0.360468 0.734191
vt 0.323069 0.702650
vt 0.323704 0.589207
vt 0.344675 0.589160
vt 0.344781 0.531896
vt 0.323749 0.531840
vt 0.300096 0.531784
vt 0.300096 0.589239
vt 0.276450 0.531842
vt 0.276480 0.589200
vt 0.255424 0.531895
vt 0.255501 0.589148
vt 0.237435 0.532071
vt 0.237561 0.588927
vt 0.362796 0.532080
vt 0.362591 0.588946
vt 0.346409 0.482261
vt 0.365425 0.482105
vt 0.324563 0.482208
vt 0.300107 0.482137
vt 0.275651 0.482207
vt 0.253807 0.482258
vt 0.234791 0.482104
vt 0.516851 0.678642
vt 0.520705 0.680100
vt 0.495035 0.705560
vt 0.492793 0.703001
vt 0.459349 0.715084
vt 0.459349 0.712112
vt 0.423663 0.705560
vt 0.425906 0.703001
vt 0.397994 0.680100
vt 0.401847 0.678642
vt 0.388790 0.646250
vt 0.393220 0.646250
vt 0.397994 0.612400
vt 0.401847 0.613858
vt 0.423663 0.586940
vt 0.425906 0.589498
vt 0.459349 0.577416
vt 0.459349 0.580387
vt 0.495035 0.586940
vt 0.492793 0.589498
vt 0.520705 0.612400
vt 0.516851 0.613857
vt 0.529909 0.646250
vt 0.525478 0.646250
vt 0.533337 0.688338
vt 0.502066 0.719148
vt 0.498658 0.714615
vt 0.527435 0.685721
vt 0.459349 0.730425
vt 0.459349 0.725192
vt 0.416632 0.719148
vt 0.420040 0.714615
vt 0.385361 0.688338
vt 0.391264 0.685721
vt 0.373915 0.646250
vt 0.380731 0.646250
vt 0.385361 0.604162
vt 0.391264 0.606779
vt 0.416632 0.573352
vt 0.420040 0.577884
vt 0.459349 0.562074
vt 0.459349 0.567308
vt 0.502066 0.573352
vt 0.498658 0.577884
vt 0.533337 0.604162
vt 0.527435 0.606779
vt 0.544783 0.646250
vt 0.537968 0.646250
vt 0.516851 0.678642
vt 0.520705 0.680100
vt 0.495035 0.705560
vt 0.492793 0.703001
vt 0.459349 0.715084
vt 0.459349 0.712112
vt 0.423663 0.705560
vt 0.425906 0.703001
vt 0.397994 0.680100
vt 0.401847 0.678642
vt 0.388790 0.646250
vt 0.393220 0.646250
vt 0.397994 0.612400
vt 0.401847 0.613858
vt 0.423663 0.586940
vt 0.425906 0.589498
vt 0.459349 0.577416
vt 0.459349 0.580387
vt 0.495035 0.586940
vt 0.492793 0.589498
vt 0.520705 0.612400
vt 0.516851 0.613857
vt 0.529909 0.646250
vt 0.525478 0.646250
vt 0.533337 0.688338
vt 0.502066 0.719148
vt 0.498658 0.714615
vt 0.527435 0.685721
vt 0.459349 0.730425
vt 0.459349 0.725192
vt 0.416632 0.719148
vt 0.420040 0.714615
vt 0.385361 0.688338
vt 0.391264 0.685721
vt 0.373915 0.646250
vt 0.380731 0.646250
vt 0.385361 0.604162
vt 0.391264 0.606779
vt 0.416632 0.573352
vt 0.420040 0.577884
vt 0.459349 0.562074
vt 0.459349 0.567308
vt 0.502066 0.573352
vt 0.498658 0.577884
vt 0.533337 0.604162
vt 0.527435 0.606779
vt 0.544783 0.646250
vt 0.537968 0.646250
vt 0.043877 0.087625
vt 0.028795 0.066435
vt 0.040276 0.044402
vt 0.057424 0.066409
vt 0.033724 0.114154
vt 0.029161 0.114472
vt 0.025197 0.066669
vt 0.052289 0.113710
vt 0.064167 0.277100
vt 0.044704 0.280320
vt 0.076629 0.112982
vt 0.091291 0.273581
vt 0.040135 0.280549
vt 0.068114 0.086001
vt 0.023917 0.030510
vt 0.056755 0.718836
vt 0.052181 0.718895
vt 0.048295 0.526600
vt 0.052869 0.526474
vt 0.076824 0.524725
vt 0.081370 0.717703
vt 0.103427 0.522789
vt 0.108684 0.716480
vt 0.042423 0.075680
vt 0.055970 0.053740
vt 0.040024 0.030016
vt 0.027341 0.053767
vt 0.023743 0.054009
vt 0.027707 0.103443
vt 0.032270 0.103114
vt 0.050835 0.102654
vt 0.044704 0.280320
vt 0.064167 0.277100
vt 0.091291 0.273581
vt 0.075175 0.101902
vt 0.040135 0.280549
vt 0.066660 0.074001
vt 0.021662 0.014407
vt 0.056755 0.718836
vt 0.052869 0.526474
vt 0.048295 0.526600
vt 0.052181 0.718895
vt 0.081370 0.717703
vt 0.076824 0.524725
vt 0.108684 0.716480
vt 0.103427 0.522789
vn 0.744879 0.667200 0.000000
vn 0.744880 0.667199 -0.000000
vn 0.744879 0.667200 0.000000
vn 0.744880 0.667199 -0.000000
vn -0.744880 -0.667199 0.000000
vn -0.744878 -0.667200 0.000000
vn -0.744880 -0.667199 0.000000
vn -0.744878 -0.667200 0.000000
vn -0.046498 -0.041646 0.998050
vn -0.010535 -0.009432 0.999900
vn 0.025374 0.022723 0.999420
vn 0.025374 0.022723 0.999420
vn -0.082273 -0.073696 0.993881
vn -0.082273 -0.073696 0.993881
vn -0.046498 -0.041646 0.998050
vn -0.010535 -0.009432 0.999900
vn 0.661188 -0.750220 0.000000
vn 0.661188 -0.750220 0.000000
vn 0.661189 -0.750220 0.000000
vn 0.661187 -0.750221 0.000000
vn 0.661188 -0.750220 0.000000
vn 0.661188 -0.750220 0.000000
vn 0.661188 -0.750220 0.000000
vn 0.661189 -0.750220 0.000000
vn 0.744878 0.667201 0.000000
vn 0.744879 0.667200 0.000000
vn 0.744880 0.667199 -0.000000
vn 0.744880 0.667199 -0.000000
vn -0.744880 -0.667199 0.000000
vn -0.744880 -0.667199 0.000000
vn -0.744878 -0.667200 0.000000
vn -0.744878 -0.667200 0.000000
vn 0.025374 0.022723 -0.999420
vn -0.010535 -0.009432 -0.999900
vn 0.025374 0.022723 -0.999420
vn -0.046498 -0.041646 -0.998050
vn -0.010535 -0.009432 -0.999900
vn -0.082273 -0.073696 -0.993881
vn -0.046498 -0.041646 -0.998050
vn -0.082273 -0.073696 -0.993881
vn 0.661188 -0.750220 0.000000
vn 0.661188 -0.750220 0.000000
vn 0.661188 -0.750220 0.000000
vn 0.661186 -0.750222 0.000000
vn 0.661188 -0.750220 0.000000
vn 0.661188 -0.750220 0.000000
vn 0.661189 -0.750220 0.000000
vn 0.661188 -0.750220 0.000000
vn -0.598283 -0.527281 -0.603351
vn -0.557465 -0.491307 -0.669216
vn -0.598282 -0.527280 -0.603352
vn -0.557465 -0.491308 -0.669216
vn -0.293780 -0.258915 -0.920139
vn -0.293780 -0.258915 -0.920139
vn 0.000000 0.000000 -1.000000
vn -0.000001 -0.000000 -1.000000
vn 0.706534 0.622686 0.336262
vn 0.706534 0.622685 0.336263
vn 0.563206 0.496367 0.660620
vn 0.563206 0.496367 0.660620
vn 0.298256 0.262860 0.917577
vn 0.298257 0.262860 0.917577
vn -0.000000 -0.000000 1.000000
vn 0.000000 0.000000 1.000000
vn 0.661190 -0.750218 0.000006
vn 0.661190 -0.750219 0.000006
vn 0.661195 -0.750214 0.000000
vn 0.661195 -0.750214 0.000000
vn -0.661190 0.750219 -0.000005
vn -0.661192 0.750217 -0.000002
vn -0.661189 0.750219 -0.000005
vn -0.661191 0.750217 -0.000002
vn 0.661188 -0.750221 -0.000001
vn 0.661187 -0.750221 -0.000001
vn -0.661187 0.750221 -0.000001
vn -0.661187 0.750221 -0.000000
vn 0.661188 -0.750221 -0.000001
vn 0.661187 -0.750221 0.000000
vn -0.661189 0.750220 0.000000
vn -0.661189 0.750220 0.000000
vn 0.172849 0.152338 -0.973096
vn 0.172854 0.152339 -0.973095
vn 0.598281 0.527279 -0.603355
vn 0.598283 0.527281 -0.603352
vn 0.557466 0.491308 -0.669215
vn 0.557465 0.491307 -0.669216
vn 0.293780 0.258915 -0.920139
vn 0.293780 0.258915 -0.920139
vn -0.706535 -0.622685 0.336262
vn -0.563206 -0.496367 0.660620
vn -0.706534 -0.622685 0.336263
vn -0.563205 -0.496367 0.660621
vn -0.298257 -0.262860 0.917577
vn -0.298256 -0.262860 0.917577
vn 0.661191 -0.750218 -0.000002
vn 0.661188 -0.750220 -0.000002
vn 0.661190 -0.750219 -0.000001
vn 0.661187 -0.750221 -0.000002
vn -0.661190 0.750219 0.000001
vn -0.661190 0.750218 0.000001
vn -0.661192 0.750217 -0.000001
vn -0.661193 0.750216 -0.000002
vn 0.661191 -0.750218 -0.000007
vn 0.661191 -0.750218 -0.000006
vn -0.661189 0.750220 0.000007
vn -0.661189 0.750220 0.000007
vn -0.172846 -0.152338 -0.973097
vn -0.172854 -0.152337 -0.973096
vn -0.578739 -0.510059 0.636318
vn -0.333378 -0.293816 0.895841
vn -0.578739 -0.510059 0.636319
vn -0.333379 -0.293817 0.895841
vn -0.149952 -0.132157 0.979821
vn -0.149952 -0.132157 0.979821
vn 0.570012 0.502366 -0.650166
vn 0.570011 0.502366 -0.650165
vn 0.325692 0.287041 -0.900851
vn 0.325692 0.287041 -0.900851
vn 0.147895 0.130343 -0.980376
vn 0.147895 0.130343 -0.980376
vn 0.661188 -0.750220 0.000001
vn 0.661188 -0.750220 0.000001
vn 0.661187 -0.750221 0.000002
vn 0.661186 -0.750222 0.000002
vn -0.661190 0.750219 0.000002
vn -0.661187 0.750221 -0.000001
vn -0.661190 0.750219 0.000002
vn -0.661187 0.750221 -0.000001
vn 0.661187 -0.750221 0.000002
vn 0.661188 -0.750221 0.000002
vn -0.661187 0.750221 -0.000004
vn -0.661188 0.750220 -0.000002
vn 0.661187 -0.750221 -0.000001
vn 0.661187 -0.750221 -0.000000
vn -0.709003 -0.624866 0.326892
vn -0.709003 -0.624866 0.326891
vn -0.661193 0.750216 0.000002
vn -0.661191 0.750218 0.000001
vn 0.706535 0.622686 -0.336261
vn 0.706534 0.622687 -0.336261
vn -0.141002 -0.124271 -0.982179
vn -0.141003 -0.124270 -0.982179
vn -0.141004 -0.124270 -0.982179
vn -0.141005 -0.124270 -0.982178
vn 0.744385 0.656044 0.124487
vn 0.744384 0.656045 0.124489
vn 0.744384 0.656045 0.124489
vn 0.744384 0.656045 0.124490
vn -0.578740 -0.510057 -0.636319
vn -0.578739 -0.510058 -0.636319
vn -0.333379 -0.293817 -0.895840
vn -0.333379 -0.293818 -0.895840
vn -0.149953 -0.132157 -0.979821
vn -0.149953 -0.132157 -0.979821
vn 0.570011 0.502367 0.650165
vn 0.325692 0.287041 0.900851
vn 0.570011 0.502367 0.650165
vn 0.325693 0.287040 0.900851
vn 0.147894 0.130343 0.980377
vn 0.147894 0.130343 0.980376
vn 0.661187 -0.750221 -0.000002
vn 0.661188 -0.750221 -0.000001
vn 0.661187 -0.750222 -0.000002
vn 0.661187 -0.750221 -0.000001
vn -0.661190 0.750219 -0.000002
vn -0.661190 0.750219 -0.000002
vn -0.661188 0.750221 0.000001
vn -0.661187 0.750221 0.000001
vn 0.661188 -0.750221 -0.000002
vn 0.661187 -0.750221 -0.000002
vn -0.661188 0.750220 0.000002
vn -0.661188 0.750221 0.000004
vn 0.661187 -0.750221 0.000000
vn 0.661187 -0.750221 0.000001
vn -0.709003 -0.624866 -0.326891
vn -0.709004 -0.624865 -0.326891
vn -0.661191 0.750218 -0.000001
vn -0.661193 0.750216 -0.000002
vn 0.706534 0.622686 0.336262
vn 0.706534 0.622687 0.336261
vn -0.141003 -0.124271 0.982179
vn -0.141004 -0.124270 0.982179
vn -0.141003 -0.124270 0.982179
vn -0.141004 -0.124270 0.982179
vn 0.744384 0.656045 -0.124486
vn 0.744385 0.656044 -0.124489
vn 0.744384 0.656045 -0.124488
vn 0.744385 0.656043 -0.124491
vn 0.578740 0.510058 -0.636319
vn 0.333380 0.293816 -0.895840
vn 0.578740 0.510058 -0.636319
vn 0.333380 0.293816 -0.895840
vn 0.149953 0.132157 -0.979821
vn 0.149953 0.132157 -0.979821
vn -0.570011 -0.502367 0.650165
vn -0.570010 -0.502367 0.650166
vn -0.325692 -0.287041 0.900851
vn -0.325693 -0.287041 0.900850
vn -0.147894 -0.130343 0.980376
vn -0.147894 -0.130343 0.980376
vn 0.661187 -0.750221 0.000003
vn 0.661187 -0.750221 0.000003
vn 0.661187 -0.750221 0.000001
vn 0.661187 -0.750221 0.000001
vn -0.661187 0.750221 -0.000002
vn -0.661189 0.750220 -0.000000
vn -0.661188 0.750221 -0.000001
vn -0.661189 0.750219 0.000000
vn 0.661187 -0.750221 0.000002
vn 0.661187 -0.750221 0.000002
vn -0.661188 0.750220 -0.000003
vn -0.661188 0.750220 -0.000003
vn 0.661187 -0.750221 0.000000
vn 0.661186 -0.750222 0.000000
vn 0.709005 0.624864 -0.326889
vn 0.709005 0.624864 -0.326890
vn -0.661187 0.750221 -0.000001
vn -0.661188 0.750221 -0.000001
vn -0.706534 -0.622686 0.336261
vn -0.706533 -0.622687 0.336262
vn 0.141004 0.124270 0.982179
vn 0.141004 0.124270 0.982179
vn 0.141004 0.124270 0.982179
vn 0.141004 0.124271 0.982179
vn -0.744384 -0.656044 -0.124489
vn -0.744385 -0.656044 -0.124489
vn -0.744385 -0.656044 -0.124489
vn -0.744385 -0.656044 -0.124488
vn 0.578739 0.510059 0.636319
vn 0.578739 0.510058 0.636319
vn 0.333380 0.293816 0.895840
vn 0.333380 0.293816 0.895840
vn 0.149953 0.132157 0.979821
vn 0.149952 0.132157 0.979821
vn -0.570011 -0.502368 -0.650165
vn -0.325693 -0.287041 -0.900851
vn -0.570010 -0.502368 -0.650166
vn -0.325693 -0.287041 -0.900850
vn -0.147894 -0.130343 -0.980376
vn -0.147894 -0.130343 -0.980376
vn 0.661186 -0.750222 -0.000001
vn 0.661187 -0.750221 -0.000003
vn 0.661186 -0.750222 -0.000001
vn 0.661187 -0.750221 -0.000003
vn -0.661187 0.750221 0.000002
vn -0.661187 0.750221 0.000001
vn -0.661189 0.750219 -0.000000
vn -0.661189 0.750219 -0.000001
vn 0.661187 -0.750221 -0.000002
vn 0.661187 -0.750221 -0.000002
vn -0.661188 0.750220 0.000003
vn -0.661188 0.750220 0.000003
vn 0.661187 -0.750221 -0.000000
vn 0.661188 -0.750220 0.000000
vn 0.709006 0.624864 0.326889
vn 0.709005 0.624864 0.326890
vn -0.661188 0.750220 0.000001
vn -0.661188 0.750220 0.000001
vn -0.706535 -0.622685 -0.336261
vn -0.706533 -0.622687 -0.336262
vn 0.141003 0.124270 -0.982179
vn 0.141005 0.124270 -0.982179
vn 0.141004 0.124270 -0.982179
vn 0.141006 0.124271 -0.982178
vn -0.744384 -0.656045 0.124490
vn -0.744384 -0.656045 0.124489
vn -0.744384 -0.656045 0.124489
vn -0.744385 -0.656044 0.124489
vn -0.598284 -0.527282 0.603349
vn -0.598282 -0.527280 0.603353
vn -0.557465 -0.491307 0.669216
vn -0.557465 -0.491308 0.669216
vn -0.293780 -0.258915 0.920139
vn -0.293780 -0.258915 0.920139
vn 0.000000 0.000000 1.000000
vn -0.000000 -0.000000 1.000000
vn 0.706534 0.622686 -0.336261
vn 0.563206 0.496367 -0.660620
vn 0.706534 0.622685 -0.336262
vn 0.563206 0.496367 -0.660620
vn 0.298256 0.262860 -0.917577
vn 0.298256 0.262860 -0.917577
vn -0.000000 -0.000000 -1.000000
vn 0.000000 0.000000 -1.000000
vn 0.661194 -0.750215 0.000000
vn 0.661191 -0.750218 -0.000005
vn 0.661195 -0.750214 0.000000
vn 0.661191 -0.750217 -0.000005
vn -0.661190 0.750219 0.000005
vn -0.661190 0.750219 0.000005
vn -0.661193 0.750216 0.000002
vn -0.661192 0.750217 0.000002
vn 0.661188 -0.750221 0.000000
vn 0.661187 -0.750221 0.000001
vn -0.661187 0.750221 0.000000
vn -0.661187 0.750221 0.000001
vn 0.661189 -0.750220 0.000000
vn 0.661188 -0.750220 0.000000
vn -0.661190 0.750219 0.000000
vn -0.661190 0.750219 -0.000000
vn 0.172851 0.152338 0.973096
vn 0.172853 0.152339 0.973096
vn 0.598281 0.527279 0.603354
vn 0.557466 0.491308 0.669215
vn 0.598282 0.527281 0.603352
vn 0.557465 0.491307 0.669216
vn 0.293780 0.258915 0.920139
vn 0.293780 0.258915 0.920139
vn -0.706535 -0.622685 -0.336262
vn -0.706533 -0.622686 -0.336264
vn -0.563206 -0.496366 -0.660621
vn -0.563205 -0.496367 -0.660621
vn -0.298257 -0.262861 -0.917577
vn -0.298256 -0.262861 -0.917577
vn 0.661186 -0.750222 0.000002
vn 0.661187 -0.750222 0.000002
vn 0.661190 -0.750219 0.000001
vn 0.661190 -0.750218 0.000002
vn -0.661187 0.750221 -0.000001
vn -0.661193 0.750216 0.000001
vn -0.661187 0.750221 -0.000001
vn -0.661195 0.750214 0.000002
vn 0.661192 -0.750217 0.000006
vn 0.661192 -0.750217 0.000006
vn -0.661190 0.750218 -0.000007
vn -0.661191 0.750218 -0.000007
vn -0.172851 -0.152338 0.973096
vn -0.172850 -0.152337 0.973096
vn -0.594611 -0.524044 0.609767
vn -0.298256 -0.262860 0.917577
vn -0.594611 -0.524044 0.609767
vn -0.298256 -0.262860 0.917577
vn -0.000000 -0.000000 1.000000
vn -0.000000 0.000000 1.000000
vn 0.298257 0.262861 0.917577
vn 0.298257 0.262861 0.917577
vn 0.594610 0.524044 0.609768
vn 0.594610 0.524045 0.609767
vn 0.750221 0.661187 0.000000
vn 0.750221 0.661188 0.000000
vn 0.594610 0.524044 -0.609768
vn 0.594610 0.524045 -0.609767
vn 0.298256 0.262860 -0.917577
vn 0.298257 0.262861 -0.917577
vn -0.000000 -0.000000 -1.000000
vn 0.000000 0.000000 -1.000000
vn -0.298257 -0.262861 -0.917577
vn -0.298256 -0.262860 -0.917577
vn -0.594611 -0.524045 -0.609767
vn -0.594610 -0.524045 -0.609767
vn -0.750221 -0.661188 0.000001
vn -0.750221 -0.661187 -0.000000
vn 0.661189 -0.750220 0.000000
vn 0.661189 -0.750220 0.000000
vn 0.661189 -0.750220 0.000000
vn 0.661189 -0.750219 0.000000
vn 0.661191 -0.750218 0.000000
vn 0.661190 -0.750218 0.000000
vn 0.661190 -0.750219 0.000000
vn 0.661189 -0.750219 0.000000
vn 0.661186 -0.750222 0.000000
vn 0.661187 -0.750221 0.000000
vn 0.661187 -0.750222 0.000000
vn 0.661188 -0.750220 0.000000
vn 0.661188 -0.750220 0.000000
vn 0.661189 -0.750220 0.000000
vn 0.661188 -0.750220 0.000000
vn 0.661190 -0.750218 0.000000
vn 0.661192 -0.750217 0.000000
vn 0.661192 -0.750217 0.000000
vn 0.661192 -0.750217 0.000000
vn 0.661192 -0.750217 0.000000
vn 0.661192 -0.750217 0.000000
vn 0.661192 -0.750217 0.000000
vn 0.661189 -0.750220 0.000000
vn 0.661189 -0.750219 0.000000
vn 0.661189 -0.750219 0.000000
vn 0.661190 -0.750219 0.000000
vn 0.661187 -0.750222 0.000000
vn 0.661187 -0.750221 0.000000
vn 0.661188 -0.750221 0.000000
vn 0.661188 -0.750220 0.000000
vn 0.661190 -0.750219 0.000000
vn 0.661189 -0.750219 0.000000
vn 0.661190 -0.750219 0.000000
vn 0.661189 -0.750219 0.000000
vn 0.661189 -0.750220 0.000000
vn 0.661188 -0.750220 0.000000
vn 0.661188 -0.750220 0.000000
vn 0.661189 -0.750220 0.000000
vn 0.661185 -0.750223 0.000000
vn 0.661185 -0.750223 0.000000
vn 0.661185 -0.750223 0.000000
vn 0.661185 -0.750223 0.000000
vn 0.661185 -0.750223 0.000000
vn 0.661185 -0.750223 0.000000
vn -0.661189 0.750219 0.000000
vn -0.661189 0.750219 0.000000
vn -0.661189 0.750219 0.000000
vn -0.661189 0.750219 0.000000
vn -0.661189 0.750219 0.000000
vn -0.661189 0.750219 0.000000
vn -0.661189 0.750219 0.000000
vn -0.661189 0.750219 0.000000
vn -0.661187 0.750221 0.000000
vn -0.661187 0.750221 0.000000
vn -0.661188 0.750221 0.000000
vn -0.661188 0.750220 0.000000
vn -0.661187 0.750221 0.000000
vn -0.661188 0.750221 0.000000
vn -0.661188 0.750220 0.000000
vn -0.661190 0.750218 0.000000
vn -0.661192 0.750217 0.000000
vn -0.661192 0.750217 0.000000
vn -0.661192 0.750217 0.000000
vn -0.661192 0.750217 0.000000
vn -0.661192 0.750217 0.000000
vn -0.661192 0.750217 0.000000
vn -0.661188 0.750220 0.000000
vn -0.661189 0.750220 0.000000
vn -0.661189 0.750220 0.000000
vn -0.661190 0.750219 0.000000
vn -0.661187 0.750221 0.000000
vn -0.661188 0.750221 0.000000
vn -0.661187 0.750221 0.000000
vn -0.661188 0.750220 0.000000
vn -0.661190 0.750219 0.000000
vn -0.661189 0.750219 0.000000
vn -0.661189 0.750219 0.000000
vn -0.661189 0.750219 0.000000
vn -0.661189 0.750220 0.000000
vn -0.661189 0.750220 0.000000
vn -0.661189 0.750220 0.000000
vn -0.661189 0.750220 0.000000
vn -0.661185 0.750223 0.000000
vn -0.661185 0.750223 0.000000
vn -0.661185 0.750223 0.000000
vn -0.661185 0.750223 0.000000
vn -0.661185 0.750223 0.000000
vn -0.661185 0.750223 0.000000
vn -0.066008 -0.060289 -0.995996
vn -0.065867 -0.057557 -0.996167
vn 0.025790 0.023782 -0.999384
vn 0.026564 0.023429 -0.999373
vn -0.137658 -0.126057 -0.982426
vn -0.138850 -0.121791 -0.982796
vn 0.734751 0.678337 0.000000
vn 0.734751 0.678337 0.000000
vn 0.749980 0.661460 0.000000
vn 0.749981 0.661460 0.000000
vn -0.067400 -0.063388 -0.995710
vn 0.024519 0.022679 -0.999442
vn -0.143908 -0.135194 -0.980313
vn 0.730302 0.683124 0.000000
vn 0.730302 0.683124 0.000000
vn 0.026564 0.023429 0.999373
vn -0.065867 -0.057557 0.996167
vn 0.025790 0.023782 0.999385
vn -0.066008 -0.060289 0.995996
vn -0.138850 -0.121791 0.982796
vn -0.137658 -0.126057 0.982425
vn 0.734752 0.678336 0.000000
vn 0.749980 0.661461 0.000000
vn 0.734752 0.678336 0.000000
vn 0.749980 0.661461 0.000000
vn -0.067400 -0.063388 0.995710
vn 0.024519 0.022679 0.999442
vn -0.143908 -0.135194 0.980313
vn 0.730302 0.683124 0.000000
vn 0.730302 0.683124 0.000000
vn 0.321532 -0.364828 0.873795
vn 0.000000 0.000000 1.000000
vn -0.085050 -0.440112 0.893906
vn -0.194103 -0.361000 0.912142
vn -0.113704 0.137215 0.983994
vn -0.031606 -0.397847 0.916907
vn -0.007814 0.018939 0.999790
vn -0.145139 -0.370053 0.917603
vn -0.285153 0.507876 0.812865
vn -0.393012 -0.205719 0.896226
vn 0.000000 0.000000 1.000000
vn 0.000001 0.000000 1.000000
vn 0.402048 -0.456187 0.793883
vn -0.051597 -0.637048 0.769096
vn -0.364416 -0.675972 0.640518
vn -0.359220 -0.744511 0.562730
vn -0.116550 -0.834676 0.538268
vn -0.113343 -0.895048 0.431326
vn -0.784250 -0.412477 0.463480
vn -0.880327 -0.012266 0.474209
vn 0.268692 0.963226 0.000000
vn 0.420248 0.907409 0.000000
vn 0.411420 0.911446 0.000000
vn -0.149457 0.988768 0.000000
vn -0.156765 0.987636 0.000000
vn -0.661188 0.750220 0.000000
vn -0.661188 0.750220 0.000000
vn -0.518174 -0.829171 0.209695
vn -0.407409 -0.891020 0.200252
vn -0.153363 -0.973473 0.169796
vn -0.139200 -0.975649 0.169510
vn -0.847929 -0.481677 0.221367
vn -0.973300 -0.056424 0.222495
vn 0.228826 0.973465 -0.002105
vn 0.419322 0.907838 0.000000
vn -0.151320 0.988485 0.000000
vn -0.661188 0.750220 0.000000
vn 0.447312 0.029072 0.893905
vn 0.382531 0.147201 0.912142
vn 0.385359 0.097489 0.917602
vn 0.398664 -0.018637 0.916908
vn -0.017806 0.010131 0.999790
vn -0.121840 0.130044 0.983994
vn 0.253474 0.364048 0.896225
vn -0.468021 0.346707 0.812866
vn 0.638485 -0.028864 0.769093
vn 0.716407 0.276585 0.640517
vn 0.783749 0.262819 0.562728
vn 0.842706 0.010743 0.538267
vn 0.902196 -0.000028 0.431326
vn 0.507755 0.726206 0.463476
vn 0.122787 0.871807 0.474210
vn -0.989354 -0.145529 0.000000
vn -0.955920 -0.293627 0.000000
vn -0.953025 -0.302893 0.000000
vn -0.960107 0.279633 0.000000
vn -0.962149 0.272523 0.000000
vn 0.887711 0.409872 0.209700
vn 0.935154 0.292210 0.200253
vn 0.985027 0.029820 0.169799
vn 0.985406 0.015495 0.169514
vn 0.584411 0.780679 0.221369
vn 0.178280 0.958493 0.222503
vn -0.994502 -0.104693 -0.002105
vn -0.953333 -0.301919 0.000000
vn -0.961634 0.274336 0.000000
vn 0.148548 0.962701 0.226145
vn 0.048045 0.879591 0.473299
vn 0.476670 0.838624 0.263622
vn 0.478711 0.631256 0.610207
vn 0.039729 0.124671 0.991403
vn -0.259627 0.491671 0.831176
vn -0.444594 0.304448 0.842406
vn -0.130228 -0.019725 0.991288
vn -0.878657 0.062859 0.473298
vn -0.686408 -0.395593 0.610206
vn -0.891873 -0.367516 0.263620
vn -0.973736 -0.026399 0.226145
vn -0.275160 0.951681 0.136350
vn -0.661188 0.750220 -0.000004
vn -0.379001 0.882157 0.279564
vn -0.505378 0.662021 0.553463
vn -0.627891 0.602100 0.493182
vn -0.827542 0.486847 0.279560
vn -0.909562 0.392565 0.136343
vn 0.423112 0.372898 0.825787
vn 0.721986 0.636300 0.271769
vn 0.044565 0.039277 0.998234
vn -0.044565 -0.039277 0.998234
vn -0.423109 -0.372896 0.825788
vn -0.721986 -0.636300 0.271770
vn 0.321532 -0.364827 -0.873795
vn -0.085050 -0.440112 -0.893906
vn 0.000000 0.000000 -1.000000
vn -0.194102 -0.361000 -0.912142
vn -0.145138 -0.370054 -0.917603
vn -0.031606 -0.397847 -0.916907
vn -0.007814 0.018939 -0.999790
vn -0.113704 0.137214 -0.983994
vn -0.393013 -0.205720 -0.896226
vn -0.285152 0.507876 -0.812865
vn 0.000000 0.000000 -1.000000
vn -0.000000 0.000000 -1.000000
vn 0.402048 -0.456187 -0.793884
vn -0.051597 -0.637047 -0.769096
vn -0.364416 -0.675971 -0.640518
vn -0.359220 -0.744510 -0.562730
vn -0.116551 -0.834676 -0.538268
vn -0.113343 -0.895047 -0.431328
vn -0.784251 -0.412477 -0.463480
vn -0.880327 -0.012264 -0.474210
vn 0.268691 0.963226 0.000000
vn 0.411420 0.911446 0.000000
vn 0.420248 0.907409 0.000000
vn -0.156765 0.987636 0.000000
vn -0.149457 0.988768 0.000000
vn -0.661188 0.750220 0.000000
vn -0.661188 0.750220 0.000000
vn -0.518173 -0.829171 -0.209697
vn -0.407409 -0.891020 -0.200253
vn -0.153363 -0.973473 -0.169796
vn -0.139199 -0.975649 -0.169510
vn -0.847928 -0.481679 -0.221367
vn -0.973300 -0.056422 -0.222496
vn 0.228826 0.973465 0.002105
vn 0.419322 0.907838 0.000000
vn -0.151320 0.988485 0.000000
vn -0.661189 0.750219 0.000000
vn 0.447312 0.029071 -0.893905
vn 0.382530 0.147200 -0.912142
vn -0.121839 0.130044 -0.983994
vn 0.398664 -0.018636 -0.916908
vn -0.017807 0.010131 -0.999790
vn 0.385358 0.097489 -0.917603
vn -0.468020 0.346707 -0.812866
vn 0.253475 0.364048 -0.896225
vn 0.638486 -0.028864 -0.769093
vn 0.716407 0.276585 -0.640517
vn 0.783749 0.262819 -0.562729
vn 0.842706 0.010743 -0.538267
vn 0.902196 -0.000028 -0.431327
vn 0.507755 0.726205 -0.463476
vn 0.122788 0.871807 -0.474210
vn -0.989354 -0.145529 0.000000
vn -0.953025 -0.302893 0.000000
vn -0.955920 -0.293627 0.000000
vn -0.962149 0.272524 0.000000
vn -0.960107 0.279634 0.000000
vn 0.887711 0.409872 -0.209700
vn 0.935153 0.292210 -0.200253
vn 0.985027 0.029820 -0.169799
vn 0.985406 0.015493 -0.169514
vn 0.584412 0.780678 -0.221369
vn 0.178280 0.958493 -0.222503
vn -0.994502 -0.104693 0.002105
vn -0.953333 -0.301920 0.000000
vn -0.961634 0.274336 0.000000
vn 0.478710 0.631256 -0.610207
vn 0.048046 0.879590 -0.473299
vn 0.476670 0.838624 -0.263622
vn 0.148548 0.962701 -0.226143
vn 0.039728 0.124671 -0.991402
vn -0.259627 0.491672 -0.831176
vn -0.444594 0.304447 -0.842406
vn -0.130229 -0.019725 -0.991288
vn -0.686407 -0.395592 -0.610206
vn -0.878656 0.062857 -0.473299
vn -0.891872 -0.367518 -0.263621
vn -0.973736 -0.026405 -0.226146
vn -0.275160 0.951681 -0.136349
vn -0.379002 0.882157 -0.279565
vn -0.661189 0.750220 0.000004
vn -0.505378 0.662022 -0.553462
vn -0.627891 0.602100 -0.493181
vn -0.827542 0.486848 -0.279560
vn -0.909562 0.392566 -0.136343
vn 0.721986 0.636300 -0.271769
vn 0.423111 0.372898 -0.825787
vn 0.044565 0.039277 -0.998234
vn -0.044565 -0.039277 -0.998234
vn -0.423110 -0.372897 -0.825788
vn -0.721986 -0.636300 -0.271770
vn 0.671543 0.656058 -0.344408
vn 0.557116 0.552948 -0.619572
vn 0.705212 0.619508 -0.344799
vn 0.585843 0.515018 -0.625736
vn 0.264604 0.286320 -0.920872
vn 0.288262 0.253111 -0.923493
vn -0.024761 0.028096 -0.999299
vn 0.000152 -0.000173 -1.000000
vn -0.317300 -0.226528 -0.920872
vn -0.287329 -0.254174 -0.923492
vn -0.618572 -0.483219 -0.619570
vn -0.584552 -0.516482 -0.625736
vn -0.735243 -0.583784 -0.344403
vn -0.703211 -0.621773 -0.344807
vn -0.707641 -0.616733 -0.344797
vn -0.740625 -0.576407 -0.345298
vn -0.591866 -0.514989 -0.620065
vn -0.628357 -0.476957 -0.614556
vn -0.294035 -0.253414 -0.921588
vn -0.329612 -0.217617 -0.918694
vn -0.002626 0.002979 -0.999992
vn -0.039603 0.044937 -0.998205
vn 0.288353 0.259861 -0.921588
vn 0.257313 0.299654 -0.918694
vn 0.585279 0.522462 -0.620066
vn 0.552136 0.563439 -0.614559
vn 0.700766 0.624534 -0.344795
vn 0.664904 0.662321 -0.345301
vn -0.024976 0.028340 -0.999286
vn 0.324778 0.326065 -0.887807
vn 0.603255 0.571538 -0.556263
vn 0.682605 0.640027 -0.352726
vn -0.642814 -0.526652 -0.556262
vn -0.720730 -0.596769 -0.352726
vn -0.364295 -0.281228 -0.887806
vn -0.277315 -0.270064 -0.922042
vn -0.302771 -0.241182 -0.922042
vn -0.572257 -0.534319 -0.622114
vn -0.601992 -0.500578 -0.622115
vn -0.011880 0.013479 -0.999839
vn 0.011880 -0.013479 -0.999839
vn 0.277316 0.270063 -0.922042
vn 0.302770 0.241183 -0.922042
vn 0.572258 0.534318 -0.622113
vn 0.601993 0.500581 -0.622112
vn 0.688501 0.638077 -0.344709
vn 0.719535 0.602862 -0.344713
vn -0.719535 -0.602861 -0.344714
vn -0.688499 -0.638077 -0.344713
vn -0.690874 -0.635490 -0.344739
vn -0.576016 -0.533089 -0.619694
vn -0.280317 -0.269054 -0.921429
vn 0.010030 -0.011380 -0.999885
vn 0.302147 0.244286 -0.921429
vn 0.601246 0.504464 -0.619693
vn 0.717268 0.605544 -0.344736
vn 0.671543 0.656059 0.344408
vn 0.705212 0.619508 0.344798
vn 0.557117 0.552948 0.619572
vn 0.585842 0.515018 0.625735
vn 0.264605 0.286320 0.920872
vn 0.288261 0.253111 0.923494
vn -0.024761 0.028095 0.999299
vn 0.000152 -0.000173 1.000000
vn -0.287329 -0.254174 0.923492
vn -0.317301 -0.226529 0.920872
vn -0.584552 -0.516482 0.625736
vn -0.618572 -0.483220 0.619570
vn -0.703211 -0.621773 0.344808
vn -0.735243 -0.583784 0.344403
vn -0.628358 -0.476956 0.614556
vn -0.740626 -0.576406 0.345297
vn -0.591866 -0.514989 0.620065
vn -0.707640 -0.616733 0.344797
vn -0.329613 -0.217617 0.918694
vn -0.294035 -0.253414 0.921588
vn -0.039603 0.044936 0.998205
vn -0.002626 0.002979 0.999992
vn 0.288353 0.259861 0.921588
vn 0.257312 0.299655 0.918693
vn 0.585280 0.522462 0.620065
vn 0.552135 0.563440 0.614558
vn 0.700767 0.624534 0.344794
vn 0.664904 0.662322 0.345301
vn 0.324777 0.326066 0.887807
vn -0.024975 0.028340 0.999286
vn 0.603255 0.571537 0.556263
vn 0.682606 0.640027 0.352725
vn -0.642815 -0.526652 0.556262
vn -0.720730 -0.596768 0.352726
vn -0.364294 -0.281228 0.887806
vn -0.277316 -0.270064 0.922042
vn -0.572257 -0.534319 0.622114
vn -0.302771 -0.241182 0.922042
vn -0.601993 -0.500577 0.622115
vn -0.011880 0.013479 0.999839
vn 0.011880 -0.013479 0.999839
vn 0.277316 0.270063 0.922042
vn 0.302771 0.241183 0.922042
vn 0.572258 0.534318 0.622113
vn 0.601994 0.500580 0.622112
vn 0.688500 0.638077 0.344710
vn 0.719536 0.602861 0.344713
vn -0.719536 -0.602860 0.344714
vn -0.688499 -0.638077 0.344713
vn -0.576016 -0.533089 0.619695
vn -0.690874 -0.635490 0.344740
vn -0.280317 -0.269055 0.921429
vn 0.010030 -0.011380 0.999885
vn 0.302147 0.244286 0.921429
vn 0.601246 0.504464 0.619693
vn 0.717269 0.605543 0.344737
vn 0.290365 0.792960 -0.535633
vn 0.061640 0.524608 -0.849110
vn 0.279446 0.778958 -0.561369
vn 0.047393 0.508939 -0.859497
vn -0.219315 0.248846 -0.943386
vn -0.219191 0.248704 -0.943452
vn -0.510869 0.016968 -0.859491
vn -0.528216 0.004795 -0.849096
vn -0.807908 -0.179335 -0.561358
vn -0.823172 -0.188408 -0.535621
vn -0.962583 -0.270987 -0.000000
vn -0.962658 -0.270722 -0.000000
vn -0.823171 -0.188409 0.535622
vn -0.807907 -0.179335 0.561360
vn -0.528216 0.004795 0.849096
vn -0.510869 0.016968 0.859491
vn -0.219312 0.248846 0.943386
vn -0.219188 0.248704 0.943453
vn 0.047398 0.508939 0.859497
vn 0.061645 0.524608 0.849109
vn 0.279449 0.778957 0.561369
vn 0.290368 0.792959 0.535633
vn 0.389841 0.920882 -0.000000
vn 0.389590 0.920989 0.000000
vn -0.832462 -0.176143 0.525338
vn -0.542774 0.020453 0.839629
vn -0.819296 -0.167852 0.548251
vn -0.527354 0.031626 0.849057
vn -0.235007 0.266650 0.934703
vn -0.234930 0.266563 0.934747
vn 0.047936 0.541017 0.839644
vn 0.034924 0.527133 0.849065
vn 0.279363 0.803728 0.525335
vn 0.269484 0.791709 0.548248
vn 0.378336 0.925668 0.000000
vn 0.378473 0.925612 -0.000000
vn 0.279362 0.803727 -0.525338
vn 0.269483 0.791707 -0.548250
vn 0.047938 0.541019 -0.839643
vn 0.034927 0.527135 -0.849063
vn -0.235002 0.266649 -0.934705
vn -0.234925 0.266561 -0.934749
vn -0.542770 0.020452 -0.839632
vn -0.527349 0.031625 -0.849060
vn -0.832463 -0.176143 -0.525337
vn -0.819297 -0.167853 -0.548250
vn -0.965884 -0.258976 0.000000
vn -0.965845 -0.259122 0.000000
vn -0.661198 0.750211 0.000019
vn -0.661191 0.750218 0.000005
vn -0.661198 0.750211 0.000019
vn -0.661191 0.750218 0.000004
vn -0.661185 0.750223 0.000000
vn -0.661186 0.750222 0.000003
vn -0.661184 0.750224 0.000009
vn -0.661184 0.750224 0.000008
vn -0.661193 0.750216 0.000001
vn -0.661193 0.750216 0.000001
vn -0.661188 0.750221 0.000000
vn -0.661188 0.750220 -0.000000
vn -0.661191 0.750218 -0.000001
vn -0.661191 0.750217 -0.000001
vn -0.661185 0.750223 -0.000008
vn -0.661186 0.750222 -0.000009
vn -0.661189 0.750220 0.000000
vn -0.661189 0.750219 -0.000003
vn -0.661197 0.750212 -0.000019
vn -0.661198 0.750212 -0.000019
vn -0.661192 0.750217 -0.000004
vn -0.661192 0.750217 -0.000005
vn -0.661194 0.750215 -0.000000
vn -0.661194 0.750215 0.000000
vn -0.290362 -0.792961 -0.535632
vn -0.061614 -0.524631 -0.849097
vn -0.279442 -0.778960 -0.561368
vn -0.047359 -0.508953 -0.859491
vn 0.219313 -0.248839 -0.943388
vn 0.219182 -0.248701 -0.943455
vn 0.510866 -0.016964 -0.859493
vn 0.528211 -0.004793 -0.849100
vn 0.807905 0.179334 -0.561363
vn 0.823169 0.188411 -0.535625
vn 0.962571 0.271030 -0.000000
vn 0.962644 0.270769 -0.000000
vn 0.823167 0.188417 0.535626
vn 0.807903 0.179341 0.561364
vn 0.528210 -0.004792 0.849101
vn 0.510865 -0.016964 0.859494
vn 0.219313 -0.248839 0.943388
vn 0.219182 -0.248700 0.943455
vn -0.047361 -0.508953 0.859490
vn -0.061617 -0.524632 0.849097
vn -0.279444 -0.778962 0.561363
vn -0.290364 -0.792963 0.535629
vn -0.389832 -0.920886 -0.000000
vn -0.389581 -0.920992 -0.000000
vn 0.832449 0.176176 0.525348
vn 0.542766 -0.020435 0.839635
vn 0.819285 0.167887 0.548257
vn 0.527345 -0.031610 0.849063
vn 0.235004 -0.266641 0.934706
vn 0.234923 -0.266558 0.934750
vn -0.047936 -0.541010 0.839649
vn -0.034923 -0.527123 0.849071
vn -0.279358 -0.803729 0.525336
vn -0.269479 -0.791709 0.548251
vn -0.378331 -0.925670 0.000001
vn -0.378468 -0.925614 0.000001
vn -0.279358 -0.803731 -0.525334
vn -0.269478 -0.791710 -0.548249
vn -0.047938 -0.541012 -0.839647
vn -0.034925 -0.527126 -0.849069
vn 0.234999 -0.266643 -0.934707
vn 0.234918 -0.266560 -0.934751
vn 0.542763 -0.020433 -0.839638
vn 0.527342 -0.031608 -0.849065
vn 0.832449 0.176184 -0.525346
vn 0.819285 0.167896 -0.548255
vn 0.965882 0.258982 0.000000
vn 0.965842 0.259132 0.000000
vn 0.661184 -0.750224 -0.000012
vn 0.661189 -0.750219 0.000000
vn 0.661184 -0.750224 -0.000012
vn 0.661189 -0.750219 0.000001
vn 0.661188 -0.750220 0.000000
vn 0.661188 -0.750221 -0.000001
vn 0.661185 -0.750223 0.000007
vn 0.661186 -0.750222 0.000006
vn 0.661181 -0.750227 0.000006
vn 0.661180 -0.750227 0.000006
vn 0.661190 -0.750219 0.000000
vn 0.661188 -0.750220 0.000000
vn 0.661178 -0.750229 -0.000006
vn 0.661180 -0.750227 -0.000006
vn 0.661186 -0.750222 -0.000006
vn 0.661186 -0.750222 -0.000007
vn 0.661190 -0.750219 0.000000
vn 0.661189 -0.750219 0.000001
vn 0.661185 -0.750223 0.000012
vn 0.661185 -0.750223 0.000012
vn 0.661190 -0.750219 -0.000001
vn 0.661190 -0.750218 -0.000000
vn 0.661188 -0.750220 -0.000000
vn 0.661188 -0.750220 0.000000
vn -0.083558 -0.042919 -0.995578
vn -0.113298 -0.064388 -0.991473
vn -0.169518 -0.063264 -0.983495
vn -0.126960 -0.062371 -0.989945
vn 0.977635 -0.210308 0.000000
vn 0.977639 -0.210290 -0.000000
vn 0.986249 -0.165265 -0.000027
vn 0.986365 -0.164575 -0.000028
vn 0.043162 -0.011488 -0.999002
vn -0.105660 0.016896 -0.994259
vn -0.098001 0.023245 -0.994915
vn 0.040231 -0.009930 -0.999141
vn -0.215913 0.040766 -0.975561
vn -0.192390 0.045251 -0.980275
vn 0.968754 -0.248024 0.000000
vn 0.968754 -0.248024 0.000000
vn -0.215411 -0.023871 -0.976232
vn 0.989186 -0.146669 -0.000028
vn -0.115412 -0.073946 -0.990562
vn 0.957429 -0.288669 0.000000
vn 0.957429 -0.288669 0.000000
vn 0.960710 -0.277554 0.000000
vn 0.960710 -0.277554 0.000000
vn -0.089198 0.024369 -0.995716
vn -0.083943 0.024948 -0.996158
vn 0.032771 -0.009429 -0.999418
vn 0.031835 -0.009598 -0.999447
vn -0.194927 0.053484 -0.979359
vn -0.189551 0.056386 -0.980251
vn -0.083558 -0.042919 0.995578
vn -0.169518 -0.063264 0.983495
vn -0.113298 -0.064388 0.991473
vn -0.126959 -0.062372 0.989945
vn 0.986365 -0.164576 0.000028
vn 0.977639 -0.210290 0.000000
vn 0.986249 -0.165266 0.000027
vn 0.977635 -0.210308 0.000000
vn -0.105660 0.016896 0.994259
vn 0.043161 -0.011488 0.999002
vn -0.098001 0.023245 0.994915
vn 0.040230 -0.009930 0.999141
vn -0.215913 0.040766 0.975561
vn -0.192390 0.045251 0.980275
vn 0.968754 -0.248024 0.000000
vn 0.968754 -0.248024 0.000000
vn -0.215411 -0.023871 0.976232
vn 0.989186 -0.146669 0.000028
vn -0.115411 -0.073946 0.990562
vn 0.957429 -0.288669 0.000000
vn 0.960710 -0.277554 0.000000
vn 0.957429 -0.288669 0.000000
vn 0.960710 -0.277554 0.000000
vn 0.031835 -0.009598 0.999447
vn -0.083943 0.024948 0.996158
vn 0.032771 -0.009429 0.999418
vn -0.089197 0.024369 0.995716
vn -0.189551 0.056386 0.980250
vn -0.194927 0.053484 0.979359
s 1
g item_damaged
f 1103/1517/1881 1093/1518/1882 1102/1520/1883
f 1102/1520/1883 1093/1518/1882 1094/1519/1884
s 2
f 1095/1521/1885 1099/1522/1886 1096/1524/1887
f 1096/1524/1887 1099/1522/1886 1100/1523/1888
s 3
f 1097/1525/1889 1098/1526/1890 1093/1518/1891
f 1093/1518/1891 1098/1526/1890 1094/1519/1892
s 4
f 1095/1521/1893 1096/1524/1894 1097/1525/1895
f 1097/1525/1895 1096/1524/1894 1098/1526/1896
s 5
f 1098/1526/1897 1096/1524/1898 1101/1528/1899
f 1101/1528/1899 1096/1524/1898 1100/1527/1900
s 6
f 1098/1526/1901 1101/1528/1902 1094/1519/1903
f 1094/1519/1903 1101/1528/1902 1102/1529/1904
s 7
f 1114/1530/1905 1113/1531/1906 1104/1533/1907
f 1104/1533/1907 1113/1531/1906 1105/1532/1908
s 8
f 1106/1534/1909 1107/1535/1910 1110/1537/1911
f 1110/1537/1911 1107/1535/1910 1111/1536/1912
s 9
f 1105/1532/1913 1109/1538/1914 1104/1533/1915
f 1104/1533/1915 1109/1538/1914 1108/1539/1916
s 10
f 1109/1538/1917 1107/1535/1918 1108/1539/1919
f 1108/1539/1919 1107/1535/1918 1106/1534/1920
s 11
f 1109/1538/1921 1112/1540/1922 1107/1535/1923
f 1107/1535/1923 1112/1540/1922 1111/1541/1924
s 12
f 1109/1538/1925 1105/1532/1926 1112/1540/1927
f 1112/1540/1927 1105/1532/1926 1113/1542/1928
s 13
f 1123/1543/1929 1125/1546/1930 1124/1544/1931
f 1124/1544/1931 1125/1546/1930 1126/1545/1932
f 1125/1546/1930 1127/1548/1933 1126/1545/1932
f 1126/1545/1932 1127/1548/1933 1128/1547/1934
f 1127/1548/1933 1129/1550/1935 1128/1547/1934
f 1128/1547/1934 1129/1550/1935 1130/1549/1936
s 14
f 1115/1551/1937 1119/1554/1938 1116/1552/1939
f 1116/1552/1939 1119/1554/1938 1120/1553/1940
f 1116/1552/1939 1120/1553/1940 1117/1555/1941
f 1117/1555/1941 1120/1553/1940 1121/1556/1942
f 1117/1555/1941 1121/1556/1942 1118/1557/1943
f 1118/1557/1943 1121/1556/1942 1122/1558/1944
s 15
f 1116/1552/1945 1125/1560/1946 1115/1551/1947
f 1115/1551/1947 1125/1560/1946 1123/1559/1948
s 16
f 1120/1553/1949 1119/1554/1950 1126/1561/1951
f 1126/1561/1951 1119/1554/1950 1124/1562/1952
s 15
f 1116/1552/1945 1117/1555/1953 1125/1560/1946
f 1125/1560/1946 1117/1555/1953 1127/1563/1954
s 16
f 1120/1553/1949 1126/1561/1951 1121/1556/1955
f 1121/1556/1955 1126/1561/1951 1128/1564/1956
s 15
f 1117/1555/1953 1118/1557/1957 1127/1563/1954
f 1127/1563/1954 1118/1557/1957 1129/1565/1958
s 16
f 1121/1556/1955 1128/1564/1956 1122/1558/1959
f 1122/1558/1959 1128/1564/1956 1130/1566/1960
s 13
f 1119/1554/1961 1115/1551/1962 1124/1567/1931
f 1124/1567/1931 1115/1551/1962 1123/1568/1929
f 1137/1569/1963 1138/1572/1964 1139/1570/1965
f 1139/1570/1965 1138/1572/1964 1140/1571/1966
f 1139/1570/1965 1140/1571/1966 1141/1573/1967
f 1141/1573/1967 1140/1571/1966 1142/1574/1968
f 1141/1573/1967 1142/1574/1968 1129/1550/1935
f 1129/1550/1935 1142/1574/1968 1130/1549/1936
s 14
f 1131/1575/1969 1132/1578/1970 1134/1576/1971
f 1134/1576/1971 1132/1578/1970 1135/1577/1972
f 1132/1578/1970 1133/1580/1973 1135/1577/1972
f 1135/1577/1972 1133/1580/1973 1136/1579/1974
f 1133/1580/1973 1118/1557/1943 1136/1579/1974
f 1136/1579/1974 1118/1557/1943 1122/1558/1944
s 15
f 1137/1582/1975 1139/1581/1976 1131/1575/1977
f 1131/1575/1977 1139/1581/1976 1132/1578/1978
s 16
f 1135/1577/1979 1140/1584/1980 1134/1576/1981
f 1134/1576/1981 1140/1584/1980 1138/1583/1982
s 15
f 1132/1578/1978 1139/1581/1976 1133/1580/1983
f 1133/1580/1983 1139/1581/1976 1141/1585/1984
s 16
f 1142/1586/1985 1140/1584/1980 1136/1579/1986
f 1136/1579/1986 1140/1584/1980 1135/1577/1979
s 15
f 1133/1580/1983 1141/1585/1984 1118/1557/1957
f 1118/1557/1957 1141/1585/1984 1129/1565/1958
s 16
f 1130/1566/1960 1142/1586/1985 1122/1558/1959
f 1122/1558/1959 1142/1586/1985 1136/1579/1986
s 13
f 1134/1576/1987 1138/1588/1964 1131/1575/1988
f 1131/1575/1988 1138/1588/1964 1137/1587/1963
s 21
f 1147/1589/1989 1149/1590/1990 1148/1592/1991
f 1148/1592/1991 1149/1590/1990 1150/1591/1992
f 1149/1590/1990 1152/1593/1993 1150/1591/1992
f 1150/1591/1992 1152/1593/1993 1153/1594/1994
s 22
f 1143/1595/1995 1145/1596/1996 1144/1598/1997
f 1144/1598/1997 1145/1596/1996 1146/1597/1998
f 1144/1598/1997 1146/1597/1998 1151/1600/1999
f 1151/1600/1999 1146/1597/1998 1154/1599/2000
s 23
f 1144/1602/2001 1149/1590/2002 1143/1601/2003
f 1143/1601/2003 1149/1590/2002 1147/1589/2004
s 24
f 1146/1603/2005 1145/1604/2006 1150/1591/2007
f 1150/1591/2007 1145/1604/2006 1148/1592/2008
s 23
f 1151/1605/2009 1152/1593/2010 1144/1602/2001
f 1144/1602/2001 1152/1593/2010 1149/1590/2002
s 24
f 1154/1606/2011 1146/1603/2005 1153/1594/2012
f 1153/1594/2012 1146/1603/2005 1150/1591/2007
s 23
f 1155/1608/2013 1143/1601/2003 1156/1607/2014
f 1156/1607/2014 1143/1601/2003 1147/1589/2004
s 21
f 1157/1609/2015 1156/1607/2016 1148/1592/1991
f 1148/1592/1991 1156/1607/2016 1147/1589/1989
s 24
f 1158/1610/2017 1157/1609/2018 1145/1604/2006
f 1145/1604/2006 1157/1609/2018 1148/1592/2008
s 22
f 1155/1611/2019 1158/1612/2020 1143/1595/1995
f 1143/1595/1995 1158/1612/2020 1145/1596/1996
s 25
f 1157/1613/2021 1158/1612/2022 1156/1614/2023
f 1156/1614/2023 1158/1612/2022 1155/1611/2024
s 26
f 1152/1615/2025 1151/1600/2026 1153/1616/2027
f 1153/1616/2027 1151/1600/2026 1154/1599/2028
s 27
f 1163/1617/2029 1164/1618/2030 1165/1620/2031
f 1165/1620/2031 1164/1618/2030 1166/1619/2032
f 1165/1620/2031 1166/1619/2032 1168/1622/2033
f 1168/1622/2033 1166/1619/2032 1169/1621/2034
s 28
f 1159/1623/2035 1160/1624/2036 1161/1626/2037
f 1161/1626/2037 1160/1624/2036 1162/1625/2038
f 1160/1624/2036 1167/1627/2039 1162/1625/2038
f 1162/1625/2038 1167/1627/2039 1170/1628/2040
s 29
f 1163/1617/2041 1165/1620/2042 1159/1629/2043
f 1159/1629/2043 1165/1620/2042 1160/1630/2044
s 30
f 1162/1631/2045 1166/1619/2046 1161/1632/2047
f 1161/1632/2047 1166/1619/2046 1164/1618/2048
s 29
f 1165/1620/2042 1168/1622/2049 1160/1630/2044
f 1160/1630/2044 1168/1622/2049 1167/1633/2050
s 30
f 1166/1619/2046 1162/1631/2045 1169/1621/2051
f 1169/1621/2051 1162/1631/2045 1170/1634/2052
s 29
f 1163/1617/2041 1159/1629/2043 1172/1635/2053
f 1172/1635/2053 1159/1629/2043 1171/1636/2054
s 27
f 1173/1637/2055 1164/1618/2030 1172/1635/2056
f 1172/1635/2056 1164/1618/2030 1163/1617/2029
s 30
f 1164/1618/2048 1173/1637/2057 1161/1632/2047
f 1161/1632/2047 1173/1637/2057 1174/1638/2058
s 28
f 1171/1639/2059 1159/1623/2035 1174/1640/2060
f 1174/1640/2060 1159/1623/2035 1161/1626/2037
s 31
f 1173/1641/2061 1172/1642/2062 1174/1640/2063
f 1174/1640/2063 1172/1642/2062 1171/1639/2064
s 32
f 1168/1643/2065 1169/1644/2066 1167/1627/2067
f 1167/1627/2067 1169/1644/2066 1170/1628/2068
s 33
f 1179/1645/2069 1181/1646/2070 1180/1648/2071
f 1180/1648/2071 1181/1646/2070 1182/1647/2072
f 1181/1646/2070 1184/1649/2073 1182/1647/2072
f 1182/1647/2072 1184/1649/2073 1185/1650/2074
s 34
f 1175/1651/2075 1177/1652/2076 1176/1654/2077
f 1176/1654/2077 1177/1652/2076 1178/1653/2078
f 1176/1654/2077 1178/1653/2078 1183/1656/2079
f 1183/1656/2079 1178/1653/2078 1186/1655/2080
s 35
f 1176/1658/2081 1181/1646/2082 1175/1657/2083
f 1175/1657/2083 1181/1646/2082 1179/1645/2084
s 36
f 1178/1659/2085 1177/1660/2086 1182/1647/2087
f 1182/1647/2087 1177/1660/2086 1180/1648/2088
s 35
f 1183/1661/2089 1184/1649/2090 1176/1658/2081
f 1176/1658/2081 1184/1649/2090 1181/1646/2082
s 36
f 1186/1662/2091 1178/1659/2085 1185/1650/2092
f 1185/1650/2092 1178/1659/2085 1182/1647/2087
s 35
f 1187/1664/2093 1175/1657/2083 1188/1663/2094
f 1188/1663/2094 1175/1657/2083 1179/1645/2084
s 33
f 1189/1665/2095 1188/1663/2096 1180/1648/2071
f 1180/1648/2071 1188/1663/2096 1179/1645/2069
s 36
f 1190/1666/2097 1189/1665/2098 1177/1660/2086
f 1177/1660/2086 1189/1665/2098 1180/1648/2088
s 34
f 1187/1667/2099 1190/1668/2100 1175/1651/2075
f 1175/1651/2075 1190/1668/2100 1177/1652/2076
s 37
f 1189/1669/2101 1190/1668/2102 1188/1670/2103
f 1188/1670/2103 1190/1668/2102 1187/1667/2104
s 38
f 1184/1671/2105 1183/1656/2106 1185/1672/2107
f 1185/1672/2107 1183/1656/2106 1186/1655/2108
s 39
f 1195/1673/2109 1196/1674/2110 1197/1676/2111
f 1197/1676/2111 1196/1674/2110 1198/1675/2112
f 1197/1676/2111 1198/1675/2112 1200/1678/2113
f 1200/1678/2113 1198/1675/2112 1201/1677/2114
s 40
f 1191/1679/2115 1192/1680/2116 1193/1682/2117
f 1193/1682/2117 1192/1680/2116 1194/1681/2118
f 1192/1680/2116 1199/1683/2119 1194/1681/2118
f 1194/1681/2118 1199/1683/2119 1202/1684/2120
s 41
f 1195/1673/2121 1197/1676/2122 1191/1685/2123
f 1191/1685/2123 1197/1676/2122 1192/1686/2124
s 42
f 1194/1687/2125 1198/1675/2126 1193/1688/2127
f 1193/1688/2127 1198/1675/2126 1196/1674/2128
s 41
f 1197/1676/2122 1200/1678/2129 1192/1686/2124
f 1192/1686/2124 1200/1678/2129 1199/1689/2130
s 42
f 1198/1675/2126 1194/1687/2125 1201/1677/2131
f 1201/1677/2131 1194/1687/2125 1202/1690/2132
s 41
f 1195/1673/2121 1191/1685/2123 1204/1691/2133
f 1204/1691/2133 1191/1685/2123 1203/1692/2134
s 39
f 1205/1693/2135 1196/1674/2110 1204/1691/2136
f 1204/1691/2136 1196/1674/2110 1195/1673/2109
s 42
f 1196/1674/2128 1205/1693/2137 1193/1688/2127
f 1193/1688/2127 1205/1693/2137 1206/1694/2138
s 40
f 1203/1695/2139 1191/1679/2115 1206/1696/2140
f 1206/1696/2140 1191/1679/2115 1193/1682/2117
s 43
f 1205/1697/2141 1204/1698/2142 1206/1696/2143
f 1206/1696/2143 1204/1698/2142 1203/1695/2144
s 44
f 1200/1699/2145 1201/1700/2146 1199/1683/2147
f 1199/1683/2147 1201/1700/2146 1202/1684/2148
s 45
f 1215/1701/2149 1216/1702/2150 1217/1704/2151
f 1217/1704/2151 1216/1702/2150 1218/1703/2152
f 1217/1704/2151 1218/1703/2152 1219/1706/2153
f 1219/1706/2153 1218/1703/2152 1220/1705/2154
f 1219/1706/2153 1220/1705/2154 1221/1708/2155
f 1221/1708/2155 1220/1705/2154 1222/1707/2156
s 46
f 1207/1709/2157 1208/1710/2158 1211/1712/2159
f 1211/1712/2159 1208/1710/2158 1212/1711/2160
f 1208/1710/2158 1209/1713/2161 1212/1711/2160
f 1212/1711/2160 1209/1713/2161 1213/1714/2162
f 1209/1713/2161 1210/1715/2163 1213/1714/2162
f 1213/1714/2162 1210/1715/2163 1214/1716/2164
s 47
f 1215/1717/2165 1217/1718/2166 1207/1709/2167
f 1207/1709/2167 1217/1718/2166 1208/1710/2168
s 48
f 1212/1711/2169 1218/1719/2170 1211/1712/2171
f 1211/1712/2171 1218/1719/2170 1216/1720/2172
s 47
f 1208/1710/2168 1217/1718/2166 1209/1713/2173
f 1209/1713/2173 1217/1718/2166 1219/1721/2174
s 48
f 1220/1722/2175 1218/1719/2170 1213/1714/2176
f 1213/1714/2176 1218/1719/2170 1212/1711/2169
s 47
f 1209/1713/2173 1219/1721/2174 1210/1715/2177
f 1210/1715/2177 1219/1721/2174 1221/1723/2178
s 48
f 1222/1724/2179 1220/1722/2175 1214/1716/2180
f 1214/1716/2180 1220/1722/2175 1213/1714/2176
s 45
f 1211/1712/2181 1216/1725/2150 1207/1709/2182
f 1207/1709/2182 1216/1725/2150 1215/1726/2149
f 1229/1727/2183 1231/1728/2184 1230/1730/2185
f 1230/1730/2185 1231/1728/2184 1232/1729/2186
f 1231/1728/2184 1233/1731/2187 1232/1729/2186
f 1232/1729/2186 1233/1731/2187 1234/1732/2188
f 1233/1731/2187 1221/1708/2155 1234/1732/2188
f 1234/1732/2188 1221/1708/2155 1222/1707/2156
s 46
f 1223/1733/2189 1226/1734/2190 1224/1736/2191
f 1224/1736/2191 1226/1734/2190 1227/1735/2192
f 1224/1736/2191 1227/1735/2192 1225/1738/2193
f 1225/1738/2193 1227/1735/2192 1228/1737/2194
f 1225/1738/2193 1228/1737/2194 1210/1715/2163
f 1210/1715/2163 1228/1737/2194 1214/1716/2164
s 47
f 1224/1736/2195 1231/1739/2196 1223/1733/2197
f 1223/1733/2197 1231/1739/2196 1229/1740/2198
s 48
f 1227/1735/2199 1226/1734/2200 1232/1742/2201
f 1232/1742/2201 1226/1734/2200 1230/1741/2202
s 47
f 1224/1736/2195 1225/1738/2203 1231/1739/2196
f 1231/1739/2196 1225/1738/2203 1233/1743/2204
s 48
f 1227/1735/2199 1232/1742/2201 1228/1737/2205
f 1228/1737/2205 1232/1742/2201 1234/1744/2206
s 47
f 1225/1738/2203 1210/1715/2177 1233/1743/2204
f 1233/1743/2204 1210/1715/2177 1221/1723/2178
s 48
f 1228/1737/2205 1234/1744/2206 1214/1716/2180
f 1214/1716/2180 1234/1744/2206 1222/1724/2179
s 45
f 1226/1734/2207 1223/1733/2208 1230/1746/2185
f 1230/1746/2185 1223/1733/2208 1229/1745/2183
s 53
f 1235/1747/2209 1236/1748/2210 1247/1750/2211
f 1247/1750/2211 1236/1748/2210 1248/1749/2212
f 1236/1748/2210 1237/1751/2213 1248/1749/2212
f 1248/1749/2212 1237/1751/2213 1249/1752/2214
f 1237/1751/2213 1238/1753/2215 1249/1752/2214
f 1249/1752/2214 1238/1753/2215 1250/1754/2216
f 1238/1753/2215 1239/1755/2217 1250/1754/2216
f 1250/1754/2216 1239/1755/2217 1251/1756/2218
f 1239/1755/2217 1240/1757/2219 1251/1756/2218
f 1251/1756/2218 1240/1757/2219 1252/1758/2220
f 1240/1757/2219 1241/1759/2221 1252/1758/2220
f 1252/1758/2220 1241/1759/2221 1253/1760/2222
f 1241/1759/2221 1242/1761/2223 1253/1760/2222
f 1253/1760/2222 1242/1761/2223 1254/1762/2224
f 1242/1761/2223 1243/1763/2225 1254/1762/2224
f 1254/1762/2224 1243/1763/2225 1255/1764/2226
f 1243/1763/2225 1244/1765/2227 1255/1764/2226
f 1255/1764/2226 1244/1765/2227 1256/1766/2228
f 1244/1765/2227 1245/1767/2229 1256/1766/2228
f 1256/1766/2228 1245/1767/2229 1257/1768/2230
f 1245/1767/2229 1246/1769/2231 1257/1768/2230
f 1257/1768/2230 1246/1769/2231 1258/1770/2232
f 1246/1771/2231 1235/1747/2209 1258/1772/2232
f 1258/1772/2232 1235/1747/2209 1247/1750/2211
s 54
f 1236/1773/2233 1235/1774/2234 1260/1776/2235
f 1260/1776/2235 1235/1774/2234 1259/1775/2236
s 55
f 1237/1777/2237 1236/1773/2238 1261/1778/2239
f 1261/1778/2239 1236/1773/2238 1260/1776/2240
s 56
f 1237/1777/2241 1261/1778/2242 1238/1779/2243
f 1238/1779/2243 1261/1778/2242 1262/1780/2244
s 57
f 1238/1779/2245 1262/1780/2246 1239/1781/2247
f 1239/1781/2247 1262/1780/2246 1263/1782/2248
s off
f 1240/1783/2249 1239/1781/2250 1263/1782/2251
f 1241/1784/2252 1240/1783/2253 1263/1782/2254
s 58
f 1242/1785/2255 1241/1784/2256 1262/1780/2257
f 1262/1780/2257 1241/1784/2256 1263/1782/2258
s 59
f 1243/1786/2259 1242/1785/2260 1261/1778/2261
f 1261/1778/2261 1242/1785/2260 1262/1780/2262
s 60
f 1243/1786/2263 1261/1778/2264 1244/1787/2265
f 1244/1787/2265 1261/1778/2264 1260/1776/2266
s 61
f 1244/1787/2267 1260/1776/2268 1245/1788/2269
f 1245/1788/2269 1260/1776/2268 1259/1775/2270
s off
f 1246/1789/2271 1245/1788/2272 1259/1775/2273
f 1235/1774/2274 1246/1789/2275 1259/1775/2276
s 62
f 1248/1791/2277 1265/1792/2278 1247/1790/2279
f 1247/1790/2279 1265/1792/2278 1264/1793/2280
s 63
f 1249/1794/2281 1266/1795/2282 1248/1791/2283
f 1248/1791/2283 1266/1795/2282 1265/1792/2284
s 64
f 1249/1794/2285 1250/1796/2286 1266/1795/2287
f 1266/1795/2287 1250/1796/2286 1267/1797/2288
s 65
f 1250/1796/2289 1251/1798/2290 1267/1797/2291
f 1267/1797/2291 1251/1798/2290 1268/1799/2292
s off
f 1251/1798/2293 1252/1800/2294 1268/1799/2295
f 1252/1800/2296 1253/1801/2297 1268/1799/2298
s 66
f 1254/1802/2299 1267/1797/2300 1253/1801/2301
f 1253/1801/2301 1267/1797/2300 1268/1799/2302
s 67
f 1255/1803/2303 1266/1795/2304 1254/1802/2305
f 1254/1802/2305 1266/1795/2304 1267/1797/2306
s 68
f 1255/1803/2307 1256/1804/2308 1266/1795/2309
f 1266/1795/2309 1256/1804/2308 1265/1792/2310
s 69
f 1256/1804/2311 1257/1805/2312 1265/1792/2313
f 1265/1792/2313 1257/1805/2312 1264/1793/2314
s off
f 1257/1805/2315 1258/1806/2316 1264/1793/2317
f 1258/1806/2318 1247/1790/2319 1264/1793/2320
s 70
f 1272/1808/2321 1271/1809/2322 1269/1807/2323
f 1269/1807/2323 1271/1809/2322 1270/1810/2324
f 1274/1811/2325 1273/1812/2326 1272/1808/2321
f 1272/1808/2321 1273/1812/2326 1271/1809/2322
s 71
f 1276/1813/2327 1269/1807/2328 1275/1814/2329
f 1275/1814/2329 1269/1807/2328 1270/1810/2330
s 70
f 1278/1817/2331 1272/1808/2321 1277/1815/2332
f 1277/1815/2332 1272/1808/2321 1269/1807/2323
f 1279/1818/2333 1274/1811/2325 1278/1817/2331
f 1278/1817/2331 1274/1811/2325 1272/1808/2321
s 71
f 1277/1815/2334 1269/1807/2328 1280/1816/2335
f 1280/1816/2335 1269/1807/2328 1276/1813/2327
s 72
f 1282/1820/2336 1283/1821/2337 1281/1819/2338
f 1281/1819/2338 1283/1821/2337 1284/1822/2339
f 1283/1821/2337 1273/1823/2340 1284/1822/2339
f 1284/1822/2339 1273/1823/2340 1274/1824/2341
s 73
f 1276/1825/2342 1275/1826/2343 1281/1819/2344
f 1281/1819/2344 1275/1826/2343 1282/1820/2345
s 72
f 1286/1829/2346 1285/1827/2347 1284/1822/2339
f 1284/1822/2339 1285/1827/2347 1281/1819/2338
f 1279/1830/2348 1286/1829/2346 1274/1824/2341
f 1274/1824/2341 1286/1829/2346 1284/1822/2339
s 73
f 1285/1827/2349 1280/1828/2350 1281/1819/2344
f 1281/1819/2344 1280/1828/2350 1276/1825/2342
s 74
f 1287/1831/2351 1290/1832/2352 1288/1834/2353
f 1288/1834/2353 1290/1832/2352 1289/1833/2354
f 1294/1836/2355 1293/1837/2356 1292/1835/2357
f 1292/1835/2357 1293/1837/2356 1291/1838/2358
f 1296/1839/2359 1295/1840/2360 1294/1836/2355
f 1294/1836/2355 1295/1840/2360 1293/1837/2356
f 1290/1832/2352 1297/1841/2361 1289/1833/2354
f 1289/1833/2354 1297/1841/2361 1291/1838/2358
f 1298/1842/2362 1292/1835/2357 1297/1841/2361
f 1297/1841/2361 1292/1835/2357 1291/1838/2358
f 1299/1843/2363 1287/1831/2351 1300/1844/2364
f 1300/1844/2364 1287/1831/2351 1288/1834/2353
f 1300/1844/2364 1288/1834/2353 1301/1845/2365
f 1301/1845/2365 1288/1834/2353 1289/1833/2354
f 1301/1845/2365 1289/1833/2354 1302/1846/2366
f 1302/1846/2366 1289/1833/2354 1291/1838/2358
f 1302/1846/2366 1291/1838/2358 1303/1847/2367
f 1303/1847/2367 1291/1838/2358 1293/1837/2356
f 1304/1848/2368 1303/1847/2367 1295/1840/2360
f 1295/1840/2360 1303/1847/2367 1293/1837/2356
f 1305/1849/2369 1304/1848/2368 1295/1840/2360
f 1305/1849/2369 1295/1840/2360 1306/1850/2370
f 1306/1850/2370 1295/1840/2360 1296/1839/2359
f 1307/1851/2371 1306/1852/2370 1296/1853/2359
f 1307/1851/2371 1296/1853/2359 1308/1854/2372
f 1308/1854/2372 1296/1853/2359 1294/1855/2373
f 1308/1854/2372 1294/1855/2373 1309/1856/2374
f 1309/1856/2374 1294/1855/2373 1292/1857/2375
f 1310/1858/2376 1309/1856/2374 1298/1859/2377
f 1298/1859/2377 1309/1856/2374 1292/1857/2375
f 1301/1845/2365 1302/1846/2366 1311/1861/2378
f 1311/1861/2378 1302/1846/2366 1312/1860/2379
f 1302/1846/2366 1303/1847/2367 1312/1860/2379
f 1312/1860/2379 1303/1847/2367 1313/1862/2380
f 1303/1847/2367 1304/1848/2368 1313/1862/2380
f 1313/1862/2380 1304/1848/2368 1314/1863/2381
f 1304/1848/2368 1305/1849/2369 1314/1863/2381
f 1314/1863/2381 1305/1849/2369 1315/1864/2382
f 1306/1850/2370 1316/1865/2383 1305/1849/2369
f 1305/1849/2369 1316/1865/2383 1315/1866/2382
f 1307/1851/2371 1317/1867/2384 1306/1852/2370
f 1306/1852/2370 1317/1867/2384 1316/1868/2383
f 1308/1854/2372 1318/1869/2385 1307/1851/2371
f 1307/1851/2371 1318/1869/2385 1317/1867/2384
f 1309/1856/2374 1319/1870/2386 1308/1854/2372
f 1308/1854/2372 1319/1870/2386 1318/1869/2385
f 1309/1856/2374 1310/1858/2376 1319/1870/2386
f 1319/1870/2386 1310/1858/2376 1320/1871/2387
f 1287/1831/2351 1321/1872/2388 1290/1832/2352
f 1290/1832/2352 1321/1872/2388 1322/1873/2389
f 1323/1875/2390 1325/1876/2391 1324/1874/2392
f 1324/1874/2392 1325/1876/2391 1326/1877/2393
f 1325/1876/2391 1327/1878/2394 1326/1877/2393
f 1326/1877/2393 1327/1878/2394 1328/1879/2395
f 1290/1832/2352 1322/1873/2389 1297/1841/2361
f 1297/1841/2361 1322/1873/2389 1323/1875/2390
f 1323/1875/2390 1324/1874/2392 1297/1841/2361
f 1297/1841/2361 1324/1874/2392 1298/1842/2362
f 1299/1843/2363 1329/1880/2396 1287/1831/2351
f 1287/1831/2351 1329/1880/2396 1321/1872/2388
f 1322/1873/2389 1321/1872/2388 1330/1881/2397
f 1330/1881/2397 1321/1872/2388 1329/1880/2396
f 1323/1875/2390 1322/1873/2389 1331/1882/2398
f 1331/1882/2398 1322/1873/2389 1330/1881/2397
f 1325/1876/2391 1323/1875/2390 1332/1883/2399
f 1332/1883/2399 1323/1875/2390 1331/1882/2398
f 1333/1884/2400 1327/1878/2394 1332/1883/2399
f 1332/1883/2399 1327/1878/2394 1325/1876/2391
f 1334/1885/2401 1327/1878/2394 1333/1884/2400
f 1328/1879/2395 1327/1878/2394 1335/1886/2402
f 1335/1886/2402 1327/1878/2394 1334/1885/2401
f 1336/1887/2403 1328/1888/2395 1335/1889/2402
f 1326/1891/2404 1328/1888/2395 1337/1890/2405
f 1337/1890/2405 1328/1888/2395 1336/1887/2403
f 1324/1893/2406 1326/1891/2404 1338/1892/2407
f 1338/1892/2407 1326/1891/2404 1337/1890/2405
f 1310/1858/2376 1298/1859/2377 1338/1892/2407
f 1338/1892/2407 1298/1859/2377 1324/1893/2406
f 1330/1881/2397 1339/1894/2408 1331/1882/2398
f 1331/1882/2398 1339/1894/2408 1340/1895/2409
f 1331/1882/2398 1340/1895/2409 1332/1883/2399
f 1332/1883/2399 1340/1895/2409 1341/1896/2410
f 1332/1883/2399 1341/1896/2410 1333/1884/2400
f 1333/1884/2400 1341/1896/2410 1342/1897/2411
f 1333/1884/2400 1342/1897/2411 1334/1885/2401
f 1334/1885/2401 1342/1897/2411 1343/1898/2412
f 1343/1899/2412 1344/1900/2413 1334/1885/2401
f 1334/1885/2401 1344/1900/2413 1335/1886/2402
f 1344/1901/2413 1345/1902/2414 1335/1889/2402
f 1335/1889/2402 1345/1902/2414 1336/1887/2403
f 1345/1902/2414 1346/1903/2415 1336/1887/2403
f 1336/1887/2403 1346/1903/2415 1337/1890/2405
f 1346/1903/2415 1347/1904/2416 1337/1890/2405
f 1337/1890/2405 1347/1904/2416 1338/1892/2407
f 1338/1892/2407 1347/1904/2416 1310/1858/2376
f 1310/1858/2376 1347/1904/2416 1320/1871/2387
s 82
f 1363/1906/2417 1362/1907/2418 1348/1905/2419
f 1348/1905/2419 1362/1907/2418 1349/1908/2420
f 1349/1908/2420 1362/1907/2418 1350/1910/2421
f 1350/1910/2421 1362/1907/2418 1361/1909/2422
f 1361/1909/2422 1366/1911/2423 1350/1910/2421
f 1350/1910/2421 1366/1911/2423 1351/1912/2424
f 1366/1911/2423 1365/1913/2425 1351/1912/2424
f 1351/1912/2424 1365/1913/2425 1352/1914/2426
f 1352/1914/2426 1365/1913/2425 1353/1916/2427
f 1353/1916/2427 1365/1913/2425 1364/1915/2428
f 1354/1917/2429 1360/1918/2430 1355/1919/2431
f 1355/1919/2431 1360/1918/2430 1356/1920/2432
f 1360/1918/2430 1357/1921/2433 1356/1920/2432
f 1357/1921/2433 1360/1918/2430 1358/1922/2434
f 1358/1922/2434 1360/1918/2430 1359/1923/2435
f 1357/1924/2433 1366/1911/2423 1356/1925/2432
f 1356/1925/2432 1366/1911/2423 1361/1909/2422
f 1362/1907/2418 1355/1926/2431 1361/1909/2422
f 1361/1909/2422 1355/1926/2431 1356/1925/2432
f 1363/1906/2417 1354/1927/2429 1362/1907/2418
f 1362/1907/2418 1354/1927/2429 1355/1926/2431
f 1358/1928/2434 1359/1929/2435 1365/1913/2425
f 1365/1913/2425 1359/1929/2435 1364/1915/2428
f 1357/1924/2433 1358/1928/2434 1366/1911/2423
f 1366/1911/2423 1358/1928/2434 1365/1913/2425
f 1368/1930/2436 1367/1931/2437 1349/1908/2420
f 1349/1908/2420 1367/1931/2437 1348/1905/2419
f 1369/1932/2438 1368/1930/2436 1350/1910/2421
f 1350/1910/2421 1368/1930/2436 1349/1908/2420
f 1369/1932/2438 1350/1910/2421 1370/1933/2439
f 1370/1933/2439 1350/1910/2421 1351/1912/2424
f 1352/1914/2426 1371/1934/2440 1351/1912/2424
f 1351/1912/2424 1371/1934/2440 1370/1933/2439
f 1353/1916/2427 1372/1935/2441 1352/1914/2426
f 1352/1914/2426 1372/1935/2441 1371/1934/2440
s 84
f 1373/1936/2442 1374/1937/2443 1376/1939/2444
f 1376/1939/2444 1374/1937/2443 1375/1938/2445
f 1377/1941/2446 1379/1942/2447 1378/1940/2448
f 1378/1940/2448 1379/1942/2447 1380/1943/2449
f 1379/1942/2447 1381/1944/2450 1380/1943/2449
f 1380/1943/2449 1381/1944/2450 1382/1945/2451
f 1376/1939/2444 1375/1938/2445 1383/1946/2452
f 1383/1946/2452 1375/1938/2445 1377/1941/2446
f 1377/1941/2446 1378/1940/2448 1383/1946/2452
f 1383/1946/2452 1378/1940/2448 1384/1947/2453
f 1385/1948/2454 1386/1949/2455 1373/1936/2442
f 1373/1936/2442 1386/1949/2455 1374/1937/2443
f 1375/1938/2445 1374/1937/2443 1387/1950/2456
f 1387/1950/2456 1374/1937/2443 1386/1949/2455
f 1377/1941/2446 1375/1938/2445 1388/1951/2457
f 1388/1951/2457 1375/1938/2445 1387/1950/2456
f 1379/1942/2447 1377/1941/2446 1389/1952/2458
f 1389/1952/2458 1377/1941/2446 1388/1951/2457
f 1390/1953/2459 1381/1944/2450 1389/1952/2458
f 1389/1952/2458 1381/1944/2450 1379/1942/2447
f 1391/1954/2460 1381/1944/2450 1390/1953/2459
f 1382/1945/2451 1381/1944/2450 1392/1955/2461
f 1392/1955/2461 1381/1944/2450 1391/1954/2460
f 1393/1956/2462 1382/1957/2451 1392/1958/2461
f 1380/1960/2463 1382/1957/2451 1394/1959/2464
f 1394/1959/2464 1382/1957/2451 1393/1956/2462
f 1378/1962/2465 1380/1960/2463 1395/1961/2466
f 1395/1961/2466 1380/1960/2463 1394/1959/2464
f 1396/1963/2467 1384/1964/2468 1395/1961/2466
f 1395/1961/2466 1384/1964/2468 1378/1962/2465
f 1387/1950/2456 1311/1965/2469 1388/1951/2457
f 1388/1951/2457 1311/1965/2469 1312/1966/2470
f 1388/1951/2457 1312/1966/2470 1389/1952/2458
f 1389/1952/2458 1312/1966/2470 1313/1967/2471
f 1389/1952/2458 1313/1967/2471 1390/1953/2459
f 1390/1953/2459 1313/1967/2471 1314/1968/2472
f 1390/1953/2459 1314/1968/2472 1391/1954/2460
f 1391/1954/2460 1314/1968/2472 1315/1969/2473
f 1315/1970/2473 1316/1971/2474 1391/1954/2460
f 1391/1954/2460 1316/1971/2474 1392/1955/2461
f 1316/1972/2474 1317/1973/2475 1392/1958/2461
f 1392/1958/2461 1317/1973/2475 1393/1956/2462
f 1317/1973/2475 1318/1974/2476 1393/1956/2462
f 1393/1956/2462 1318/1974/2476 1394/1959/2464
f 1318/1974/2476 1319/1975/2477 1394/1959/2464
f 1394/1959/2464 1319/1975/2477 1395/1961/2466
f 1395/1961/2466 1319/1975/2477 1396/1963/2467
f 1396/1963/2467 1319/1975/2477 1320/1976/2478
f 1373/1936/2442 1376/1939/2444 1397/1978/2479
f 1397/1978/2479 1376/1939/2444 1398/1977/2480
f 1402/1980/2481 1401/1981/2482 1400/1979/2483
f 1400/1979/2483 1401/1981/2482 1399/1982/2484
f 1404/1983/2485 1403/1984/2486 1402/1980/2481
f 1402/1980/2481 1403/1984/2486 1401/1981/2482
f 1376/1939/2444 1383/1946/2452 1398/1977/2480
f 1398/1977/2480 1383/1946/2452 1399/1982/2484
f 1384/1947/2453 1400/1979/2483 1383/1946/2452
f 1383/1946/2452 1400/1979/2483 1399/1982/2484
f 1385/1948/2454 1373/1936/2442 1405/1985/2487
f 1405/1985/2487 1373/1936/2442 1397/1978/2479
f 1405/1985/2487 1397/1978/2479 1406/1986/2488
f 1406/1986/2488 1397/1978/2479 1398/1977/2480
f 1406/1986/2488 1398/1977/2480 1407/1987/2489
f 1407/1987/2489 1398/1977/2480 1399/1982/2484
f 1407/1987/2489 1399/1982/2484 1408/1988/2490
f 1408/1988/2490 1399/1982/2484 1401/1981/2482
f 1409/1989/2491 1408/1988/2490 1403/1984/2486
f 1403/1984/2486 1408/1988/2490 1401/1981/2482
f 1410/1990/2492 1409/1989/2491 1403/1984/2486
f 1410/1990/2492 1403/1984/2486 1411/1991/2493
f 1411/1991/2493 1403/1984/2486 1404/1983/2485
f 1412/1992/2494 1411/1993/2493 1404/1994/2485
f 1412/1992/2494 1404/1994/2485 1413/1995/2495
f 1413/1995/2495 1404/1994/2485 1402/1996/2496
f 1413/1995/2495 1402/1996/2496 1414/1997/2497
f 1414/1997/2497 1402/1996/2496 1400/1998/2498
f 1396/1963/2467 1414/1997/2497 1384/1964/2468
f 1384/1964/2468 1414/1997/2497 1400/1998/2498
f 1406/1986/2488 1407/1987/2489 1339/2000/2499
f 1339/2000/2499 1407/1987/2489 1340/1999/2500
f 1407/1987/2489 1408/1988/2490 1340/1999/2500
f 1340/1999/2500 1408/1988/2490 1341/2001/2501
f 1408/1988/2490 1409/1989/2491 1341/2001/2501
f 1341/2001/2501 1409/1989/2491 1342/2002/2502
f 1409/1989/2491 1410/1990/2492 1342/2002/2502
f 1342/2002/2502 1410/1990/2492 1343/2003/2503
f 1411/1991/2493 1344/2004/2504 1410/1990/2492
f 1410/1990/2492 1344/2004/2504 1343/2005/2503
f 1412/1992/2494 1345/2006/2505 1411/1993/2493
f 1411/1993/2493 1345/2006/2505 1344/2007/2504
f 1413/1995/2495 1346/2008/2506 1412/1992/2494
f 1412/1992/2494 1346/2008/2506 1345/2006/2505
f 1414/1997/2497 1347/2009/2507 1413/1995/2495
f 1413/1995/2495 1347/2009/2507 1346/2008/2506
f 1414/1997/2497 1396/1963/2467 1347/2009/2507
f 1347/2009/2507 1396/1963/2467 1320/1976/2478
s 91
f 1415/2011/2508 1424/2012/2509 1348/2010/2510
f 1348/2010/2510 1424/2012/2509 1363/2013/2511
f 1415/2011/2508 1416/2014/2512 1424/2012/2509
f 1424/2012/2509 1416/2014/2512 1423/2015/2513
f 1423/2015/2513 1416/2014/2512 1426/2017/2514
f 1426/2017/2514 1416/2014/2512 1417/2016/2515
f 1418/2018/2516 1425/2019/2517 1417/2016/2515
f 1417/2016/2515 1425/2019/2517 1426/2017/2514
f 1418/2018/2516 1353/2020/2518 1425/2019/2517
f 1425/2019/2517 1353/2020/2518 1364/2021/2519
f 1354/2022/2520 1419/2023/2521 1360/2024/2522
f 1419/2023/2521 1420/2025/2523 1360/2024/2522
f 1360/2024/2522 1420/2025/2523 1421/2026/2524
f 1421/2026/2524 1422/2027/2525 1360/2024/2522
f 1422/2027/2525 1359/2028/2526 1360/2024/2522
f 1421/2029/2524 1420/2030/2523 1426/2017/2514
f 1426/2017/2514 1420/2030/2523 1423/2015/2513
f 1424/2012/2509 1423/2015/2513 1419/2031/2521
f 1419/2031/2521 1423/2015/2513 1420/2030/2523
f 1363/2013/2511 1424/2012/2509 1354/2032/2520
f 1354/2032/2520 1424/2012/2509 1419/2031/2521
f 1364/2021/2519 1359/2033/2526 1425/2019/2517
f 1425/2019/2517 1359/2033/2526 1422/2034/2525
f 1425/2019/2517 1422/2034/2525 1426/2017/2514
f 1426/2017/2514 1422/2034/2525 1421/2029/2524
f 1348/2010/2510 1367/2035/2527 1415/2011/2508
f 1415/2011/2508 1367/2035/2527 1427/2036/2528
f 1415/2011/2508 1427/2036/2528 1416/2014/2512
f 1416/2014/2512 1427/2036/2528 1428/2037/2529
f 1428/2037/2529 1429/2038/2530 1416/2014/2512
f 1416/2014/2512 1429/2038/2530 1417/2016/2515
f 1418/2018/2516 1417/2016/2515 1430/2039/2531
f 1430/2039/2531 1417/2016/2515 1429/2038/2530
f 1353/2020/2518 1418/2018/2516 1372/2040/2532
f 1372/2040/2532 1418/2018/2516 1430/2039/2531
s 94
f 1431/2041/2533 1432/2042/2534 1486/2044/2535
f 1486/2044/2535 1432/2042/2534 1485/2043/2536
f 1432/2042/2534 1433/2045/2537 1485/2043/2536
f 1485/2043/2536 1433/2045/2537 1484/2046/2538
f 1433/2045/2537 1434/2047/2539 1484/2046/2538
f 1484/2046/2538 1434/2047/2539 1483/2048/2540
f 1435/2049/2541 1482/2050/2542 1434/2047/2539
f 1434/2047/2539 1482/2050/2542 1483/2048/2540
f 1436/2051/2543 1481/2052/2544 1435/2049/2541
f 1435/2049/2541 1481/2052/2544 1482/2050/2542
f 1437/2053/2545 1480/2054/2546 1436/2051/2543
f 1436/2051/2543 1480/2054/2546 1481/2052/2544
f 1445/2056/2547 1463/2057/2548 1446/2055/2549
f 1446/2055/2549 1463/2057/2548 1464/2058/2550
f 1446/2055/2549 1464/2058/2550 1447/2059/2551
f 1447/2059/2551 1464/2058/2550 1465/2060/2552
f 1447/2059/2551 1465/2060/2552 1448/2061/2553
f 1448/2061/2553 1465/2060/2552 1459/2062/2554
f 1449/2063/2555 1448/2061/2553 1460/2064/2556
f 1460/2064/2556 1448/2061/2553 1459/2062/2554
f 1450/2065/2557 1449/2063/2555 1461/2066/2558
f 1461/2066/2558 1449/2063/2555 1460/2064/2556
f 1451/2067/2559 1450/2065/2557 1462/2068/2560
f 1462/2068/2560 1450/2065/2557 1461/2066/2558
f 1459/2062/2554 1441/2069/2561 1460/2064/2556
f 1460/2064/2556 1441/2069/2561 1440/2070/2562
f 1460/2064/2556 1440/2070/2562 1461/2066/2558
f 1461/2066/2558 1440/2070/2562 1439/2071/2563
f 1461/2066/2558 1439/2071/2563 1462/2068/2560
f 1462/2068/2560 1439/2071/2563 1438/2072/2564
f 1464/2058/2550 1463/2057/2548 1443/2074/2565
f 1443/2074/2565 1463/2057/2548 1444/2073/2566
f 1465/2060/2552 1464/2058/2550 1442/2075/2567
f 1442/2075/2567 1464/2058/2550 1443/2074/2565
f 1459/2062/2554 1465/2060/2552 1441/2069/2561
f 1441/2069/2561 1465/2060/2552 1442/2075/2567
f 1466/2076/2568 1467/2077/2569 1479/2079/2570
f 1479/2079/2570 1467/2077/2569 1478/2078/2571
f 1467/2077/2569 1466/2076/2568 1468/2081/2572
f 1468/2081/2572 1466/2076/2568 1469/2080/2573
f 1468/2081/2572 1469/2080/2573 1470/2083/2574
f 1470/2083/2574 1469/2080/2573 1471/2082/2575
f 1470/2083/2574 1471/2082/2575 1472/2085/2576
f 1472/2085/2576 1471/2082/2575 1473/2084/2577
f 1472/2085/2576 1473/2084/2577 1474/2087/2578
f 1474/2087/2578 1473/2084/2577 1475/2086/2579
f 1476/2088/2580 1477/2089/2581 1478/2078/2571
f 1478/2078/2571 1477/2089/2581 1479/2079/2570
f 1452/2091/2582 1476/2088/2580 1453/2090/2583
f 1453/2090/2583 1476/2088/2580 1478/2078/2571
f 1453/2090/2583 1478/2078/2571 1454/2092/2584
f 1454/2092/2584 1478/2078/2571 1467/2077/2569
f 1454/2092/2584 1467/2077/2569 1455/2093/2585
f 1455/2093/2585 1467/2077/2569 1468/2081/2572
f 1456/2094/2586 1455/2093/2585 1470/2083/2574
f 1470/2083/2574 1455/2093/2585 1468/2081/2572
f 1457/2095/2587 1456/2094/2586 1472/2085/2576
f 1472/2085/2576 1456/2094/2586 1470/2083/2574
f 1458/2096/2588 1457/2095/2587 1474/2087/2578
f 1474/2087/2578 1457/2095/2587 1472/2085/2576
f 1469/2080/2573 1466/2076/2568 1448/2061/2553
f 1448/2061/2553 1466/2076/2568 1447/2059/2551
f 1469/2080/2573 1448/2061/2553 1471/2082/2575
f 1471/2082/2575 1448/2061/2553 1449/2063/2555
f 1471/2082/2575 1449/2063/2555 1473/2084/2577
f 1473/2084/2577 1449/2063/2555 1450/2065/2557
f 1473/2084/2577 1450/2065/2557 1475/2086/2579
f 1475/2086/2579 1450/2065/2557 1451/2067/2559
f 1479/2079/2570 1477/2089/2581 1446/2055/2549
f 1446/2055/2549 1477/2089/2581 1445/2056/2547
f 1466/2076/2568 1479/2079/2570 1447/2059/2551
f 1447/2059/2551 1479/2079/2570 1446/2055/2549
f 1481/2052/2544 1480/2054/2546 1453/2090/2583
f 1453/2090/2583 1480/2054/2546 1452/2091/2582
f 1482/2050/2542 1481/2052/2544 1454/2092/2584
f 1454/2092/2584 1481/2052/2544 1453/2090/2583
f 1483/2048/2540 1482/2050/2542 1455/2093/2585
f 1455/2093/2585 1482/2050/2542 1454/2092/2584
f 1483/2048/2540 1455/2093/2585 1484/2046/2538
f 1484/2046/2538 1455/2093/2585 1456/2094/2586
f 1484/2046/2538 1456/2094/2586 1485/2043/2536
f 1485/2043/2536 1456/2094/2586 1457/2095/2587
f 1485/2043/2536 1457/2095/2587 1486/2044/2535
f 1486/2044/2535 1457/2095/2587 1458/2096/2588
s 105
f 1431/2097/2589 1486/2098/2590 1487/2100/2591
f 1487/2100/2591 1486/2098/2590 1526/2099/2592
f 1487/2100/2591 1526/2099/2592 1488/2102/2593
f 1488/2102/2593 1526/2099/2592 1525/2101/2594
f 1488/2102/2593 1525/2101/2594 1489/2104/2595
f 1489/2104/2595 1525/2101/2594 1524/2103/2596
f 1524/2103/2596 1523/2105/2597 1489/2104/2595
f 1489/2104/2595 1523/2105/2597 1490/2106/2598
f 1523/2105/2597 1522/2107/2599 1490/2106/2598
f 1490/2106/2598 1522/2107/2599 1491/2108/2600
f 1522/2107/2599 1480/2109/2601 1491/2108/2600
f 1491/2108/2600 1480/2109/2601 1437/2110/2602
f 1510/2112/2603 1463/2113/2604 1497/2111/2605
f 1497/2111/2605 1463/2113/2604 1445/2114/2606
f 1511/2116/2607 1510/2112/2603 1498/2115/2608
f 1498/2115/2608 1510/2112/2603 1497/2111/2605
f 1507/2118/2609 1511/2116/2607 1499/2117/2610
f 1499/2117/2610 1511/2116/2607 1498/2115/2608
f 1500/2119/2611 1508/2120/2612 1499/2117/2610
f 1499/2117/2610 1508/2120/2612 1507/2118/2609
f 1501/2121/2613 1509/2122/2614 1500/2119/2611
f 1500/2119/2611 1509/2122/2614 1508/2120/2612
f 1451/2123/2615 1462/2124/2616 1501/2121/2613
f 1501/2121/2613 1462/2124/2616 1509/2122/2614
f 1493/2125/2617 1494/2126/2618 1508/2120/2612
f 1508/2120/2612 1494/2126/2618 1507/2118/2609
f 1492/2127/2619 1493/2125/2617 1509/2122/2614
f 1509/2122/2614 1493/2125/2617 1508/2120/2612
f 1438/2128/2620 1492/2127/2619 1462/2124/2616
f 1462/2124/2616 1492/2127/2619 1509/2122/2614
f 1510/2112/2603 1496/2129/2621 1463/2113/2604
f 1463/2113/2604 1496/2129/2621 1444/2130/2622
f 1511/2116/2607 1495/2131/2623 1510/2112/2603
f 1510/2112/2603 1495/2131/2623 1496/2129/2621
f 1507/2118/2609 1494/2126/2618 1511/2116/2607
f 1511/2116/2607 1494/2126/2618 1495/2131/2623
f 1512/2132/2624 1521/2133/2625 1513/2135/2626
f 1513/2135/2626 1521/2133/2625 1520/2134/2627
f 1513/2135/2626 1514/2136/2628 1512/2132/2624
f 1512/2132/2624 1514/2136/2628 1515/2137/2629
f 1514/2136/2628 1516/2138/2630 1515/2137/2629
f 1515/2137/2629 1516/2138/2630 1517/2139/2631
f 1516/2138/2630 1518/2140/2632 1517/2139/2631
f 1517/2139/2631 1518/2140/2632 1519/2141/2633
f 1518/2140/2632 1474/2142/2634 1519/2141/2633
f 1519/2141/2633 1474/2142/2634 1475/2143/2635
f 1476/2144/2636 1520/2134/2627 1477/2145/2637
f 1477/2145/2637 1520/2134/2627 1521/2133/2625
f 1520/2134/2627 1476/2144/2636 1502/2146/2638
f 1502/2146/2638 1476/2144/2636 1452/2147/2639
f 1513/2135/2626 1520/2134/2627 1503/2148/2640
f 1503/2148/2640 1520/2134/2627 1502/2146/2638
f 1514/2136/2628 1513/2135/2626 1504/2149/2641
f 1504/2149/2641 1513/2135/2626 1503/2148/2640
f 1505/2150/2642 1516/2138/2630 1504/2149/2641
f 1504/2149/2641 1516/2138/2630 1514/2136/2628
f 1506/2151/2643 1518/2140/2632 1505/2150/2642
f 1505/2150/2642 1518/2140/2632 1516/2138/2630
f 1458/2152/2644 1474/2142/2634 1506/2151/2643
f 1506/2151/2643 1474/2142/2634 1518/2140/2632
f 1515/2137/2629 1499/2117/2610 1512/2132/2624
f 1512/2132/2624 1499/2117/2610 1498/2115/2608
f 1500/2119/2611 1499/2117/2610 1517/2139/2631
f 1517/2139/2631 1499/2117/2610 1515/2137/2629
f 1501/2121/2613 1500/2119/2611 1519/2141/2633
f 1519/2141/2633 1500/2119/2611 1517/2139/2631
f 1451/2123/2615 1501/2121/2613 1475/2143/2635
f 1475/2143/2635 1501/2121/2613 1519/2141/2633
f 1521/2133/2625 1497/2111/2605 1477/2145/2637
f 1477/2145/2637 1497/2111/2605 1445/2114/2606
f 1512/2132/2624 1498/2115/2608 1521/2133/2625
f 1521/2133/2625 1498/2115/2608 1497/2111/2605
f 1522/2107/2599 1502/2146/2638 1480/2109/2601
f 1480/2109/2601 1502/2146/2638 1452/2147/2639
f 1523/2105/2597 1503/2148/2640 1522/2107/2599
f 1522/2107/2599 1503/2148/2640 1502/2146/2638
f 1524/2103/2596 1504/2149/2641 1523/2105/2597
f 1523/2105/2597 1504/2149/2641 1503/2148/2640
f 1505/2150/2642 1504/2149/2641 1525/2101/2594
f 1525/2101/2594 1504/2149/2641 1524/2103/2596
f 1506/2151/2643 1505/2150/2642 1526/2099/2592
f 1526/2099/2592 1505/2150/2642 1525/2101/2594
f 1458/2152/2644 1506/2151/2643 1486/2098/2590
f 1486/2098/2590 1506/2151/2643 1526/2099/2592
s 113
f 1554/2154/2645 1553/2155/2646 1551/2153/2647
f 1551/2153/2647 1553/2155/2646 1552/2156/2648
f 1553/2155/2646 1556/2157/2649 1552/2156/2648
f 1552/2156/2648 1556/2157/2649 1555/2158/2650
f 1555/2158/2650 1556/2157/2649 1557/2160/2651
f 1557/2160/2651 1556/2157/2649 1558/2159/2652
f 1557/2160/2651 1558/2159/2652 1559/2162/2653
f 1559/2162/2653 1558/2159/2652 1560/2161/2654
f 1559/2162/2653 1560/2161/2654 1561/2164/2655
f 1561/2164/2655 1560/2161/2654 1562/2163/2656
f 1562/2163/2656 1564/2165/2657 1561/2164/2655
f 1561/2164/2655 1564/2165/2657 1563/2166/2658
f 1564/2165/2657 1566/2167/2659 1563/2166/2658
f 1563/2166/2658 1566/2167/2659 1565/2168/2660
f 1566/2167/2659 1568/2169/2661 1565/2168/2660
f 1565/2168/2660 1568/2169/2661 1567/2170/2662
f 1567/2170/2662 1568/2169/2661 1569/2172/2663
f 1569/2172/2663 1568/2169/2661 1570/2171/2664
f 1569/2172/2663 1570/2171/2664 1571/2174/2665
f 1571/2174/2665 1570/2171/2664 1572/2173/2666
f 1571/2174/2665 1572/2173/2666 1573/2176/2667
f 1573/2176/2667 1572/2173/2666 1574/2175/2668
f 1574/2175/2668 1554/2154/2645 1573/2176/2667
f 1573/2176/2667 1554/2154/2645 1551/2153/2647
s 114
f 1527/2177/2669 1528/2178/2670 1539/2180/2671
f 1539/2180/2671 1528/2178/2670 1540/2179/2672
f 1528/2178/2670 1529/2181/2673 1540/2179/2672
f 1540/2179/2672 1529/2181/2673 1541/2182/2674
f 1530/2183/2675 1542/2184/2676 1529/2181/2673
f 1529/2181/2673 1542/2184/2676 1541/2182/2674
f 1531/2185/2677 1543/2186/2678 1530/2183/2675
f 1530/2183/2675 1543/2186/2678 1542/2184/2676
f 1532/2187/2679 1544/2188/2680 1531/2185/2677
f 1531/2185/2677 1544/2188/2680 1543/2186/2678
f 1532/2187/2679 1533/2189/2681 1544/2188/2680
f 1544/2188/2680 1533/2189/2681 1545/2190/2682
f 1533/2189/2681 1534/2191/2683 1545/2190/2682
f 1545/2190/2682 1534/2191/2683 1546/2192/2684
f 1534/2191/2683 1535/2193/2685 1546/2192/2684
f 1546/2192/2684 1535/2193/2685 1547/2194/2686
f 1536/2195/2687 1548/2196/2688 1535/2193/2685
f 1535/2193/2685 1548/2196/2688 1547/2194/2686
f 1537/2197/2689 1549/2198/2690 1536/2195/2687
f 1536/2195/2687 1549/2198/2690 1548/2196/2688
f 1538/2199/2691 1550/2200/2692 1537/2197/2689
f 1537/2197/2689 1550/2200/2692 1549/2198/2690
f 1538/2199/2691 1527/2177/2669 1550/2200/2692
f 1550/2200/2692 1527/2177/2669 1539/2180/2671
s 121
f 1553/2155/2693 1554/2154/2694 1540/2179/2695
f 1540/2179/2695 1554/2154/2694 1539/2180/2696
f 1556/2157/2697 1553/2155/2693 1541/2182/2698
f 1541/2182/2698 1553/2155/2693 1540/2179/2695
f 1542/2184/2699 1558/2159/2700 1541/2182/2698
f 1541/2182/2698 1558/2159/2700 1556/2157/2697
f 1543/2186/2701 1560/2161/2702 1542/2184/2699
f 1542/2184/2699 1560/2161/2702 1558/2159/2700
f 1544/2188/2703 1562/2163/2704 1543/2186/2701
f 1543/2186/2701 1562/2163/2704 1560/2161/2702
f 1564/2165/2705 1562/2163/2704 1545/2190/2706
f 1545/2190/2706 1562/2163/2704 1544/2188/2703
f 1566/2167/2707 1564/2165/2705 1546/2192/2708
f 1546/2192/2708 1564/2165/2705 1545/2190/2706
f 1568/2169/2709 1566/2167/2707 1547/2194/2710
f 1547/2194/2710 1566/2167/2707 1546/2192/2708
f 1548/2196/2711 1570/2171/2712 1547/2194/2710
f 1547/2194/2710 1570/2171/2712 1568/2169/2709
f 1549/2198/2713 1572/2173/2714 1548/2196/2711
f 1548/2196/2711 1572/2173/2714 1570/2171/2712
f 1550/2200/2715 1574/2175/2716 1549/2198/2713
f 1549/2198/2713 1574/2175/2716 1572/2173/2714
f 1554/2154/2694 1574/2175/2716 1539/2180/2696
f 1539/2180/2696 1574/2175/2716 1550/2200/2715
s 128
f 1602/2202/2717 1601/2203/2718 1599/2201/2719
f 1599/2201/2719 1601/2203/2718 1600/2204/2720
f 1601/2203/2718 1604/2205/2721 1600/2204/2720
f 1600/2204/2720 1604/2205/2721 1603/2206/2722
f 1603/2206/2722 1604/2205/2721 1605/2208/2723
f 1605/2208/2723 1604/2205/2721 1606/2207/2724
f 1605/2208/2723 1606/2207/2724 1607/2210/2725
f 1607/2210/2725 1606/2207/2724 1608/2209/2726
f 1607/2210/2725 1608/2209/2726 1609/2212/2727
f 1609/2212/2727 1608/2209/2726 1610/2211/2728
f 1610/2211/2728 1612/2213/2729 1609/2212/2727
f 1609/2212/2727 1612/2213/2729 1611/2214/2730
f 1612/2213/2729 1614/2215/2731 1611/2214/2730
f 1611/2214/2730 1614/2215/2731 1613/2216/2732
f 1614/2215/2731 1616/2217/2733 1613/2216/2732
f 1613/2216/2732 1616/2217/2733 1615/2218/2734
f 1615/2218/2734 1616/2217/2733 1617/2220/2735
f 1617/2220/2735 1616/2217/2733 1618/2219/2736
f 1617/2220/2735 1618/2219/2736 1619/2222/2737
f 1619/2222/2737 1618/2219/2736 1620/2221/2738
f 1619/2222/2737 1620/2221/2738 1621/2224/2739
f 1621/2224/2739 1620/2221/2738 1622/2223/2740
f 1622/2223/2740 1602/2202/2717 1621/2224/2739
f 1621/2224/2739 1602/2202/2717 1599/2201/2719
s 129
f 1575/2225/2741 1576/2226/2742 1587/2228/2743
f 1587/2228/2743 1576/2226/2742 1588/2227/2744
f 1576/2226/2742 1577/2229/2745 1588/2227/2744
f 1588/2227/2744 1577/2229/2745 1589/2230/2746
f 1578/2231/2747 1590/2232/2748 1577/2229/2745
f 1577/2229/2745 1590/2232/2748 1589/2230/2746
f 1579/2233/2749 1591/2234/2750 1578/2231/2747
f 1578/2231/2747 1591/2234/2750 1590/2232/2748
f 1580/2235/2751 1592/2236/2752 1579/2233/2749
f 1579/2233/2749 1592/2236/2752 1591/2234/2750
f 1580/2235/2751 1581/2237/2753 1592/2236/2752
f 1592/2236/2752 1581/2237/2753 1593/2238/2754
f 1581/2237/2753 1582/2239/2755 1593/2238/2754
f 1593/2238/2754 1582/2239/2755 1594/2240/2756
f 1582/2239/2755 1583/2241/2757 1594/2240/2756
f 1594/2240/2756 1583/2241/2757 1595/2242/2758
f 1584/2243/2759 1596/2244/2760 1583/2241/2757
f 1583/2241/2757 1596/2244/2760 1595/2242/2758
f 1585/2245/2761 1597/2246/2762 1584/2243/2759
f 1584/2243/2759 1597/2246/2762 1596/2244/2760
f 1586/2247/2763 1598/2248/2764 1585/2245/2761
f 1585/2245/2761 1598/2248/2764 1597/2246/2762
f 1586/2247/2763 1575/2225/2741 1598/2248/2764
f 1598/2248/2764 1575/2225/2741 1587/2228/2743
s 136
f 1601/2203/2765 1602/2202/2766 1588/2227/2767
f 1588/2227/2767 1602/2202/2766 1587/2228/2768
f 1604/2205/2769 1601/2203/2765 1589/2230/2770
f 1589/2230/2770 1601/2203/2765 1588/2227/2767
f 1590/2232/2771 1606/2207/2772 1589/2230/2770
f 1589/2230/2770 1606/2207/2772 1604/2205/2769
f 1591/2234/2773 1608/2209/2774 1590/2232/2771
f 1590/2232/2771 1608/2209/2774 1606/2207/2772
f 1592/2236/2775 1610/2211/2776 1591/2234/2773
f 1591/2234/2773 1610/2211/2776 1608/2209/2774
f 1612/2213/2777 1610/2211/2776 1593/2238/2778
f 1593/2238/2778 1610/2211/2776 1592/2236/2775
f 1614/2215/2779 1612/2213/2777 1594/2240/2780
f 1594/2240/2780 1612/2213/2777 1593/2238/2778
f 1616/2217/2781 1614/2215/2779 1595/2242/2782
f 1595/2242/2782 1614/2215/2779 1594/2240/2780
f 1596/2244/2783 1618/2219/2784 1595/2242/2782
f 1595/2242/2782 1618/2219/2784 1616/2217/2781
f 1597/2246/2785 1620/2221/2786 1596/2244/2783
f 1596/2244/2783 1620/2221/2786 1618/2219/2784
f 1598/2248/2787 1622/2223/2788 1597/2246/2785
f 1597/2246/2785 1622/2223/2788 1620/2221/2786
f 1602/2202/2766 1622/2223/2788 1587/2228/2768
f 1587/2228/2768 1622/2223/2788 1598/2248/2787
s 143
f 1636/2249/2789 1631/2250/2790 1635/2252/2791
f 1635/2252/2791 1631/2250/2790 1625/2251/2792
s 144
f 1626/2253/2793 1633/2254/2794 1631/2250/2795
f 1631/2250/2795 1633/2254/2794 1637/2255/2796
s 143
f 1631/2250/2790 1636/2249/2789 1626/2253/2797
f 1626/2253/2797 1636/2249/2789 1623/2256/2798
f 1623/2256/2798 1629/2257/2799 1626/2253/2797
f 1626/2253/2797 1629/2257/2799 1628/2258/2800
f 1623/2256/2798 1624/2259/2801 1629/2257/2799
f 1629/2257/2799 1624/2259/2801 1630/2260/2802
s 144
f 1626/2253/2793 1628/2258/2803 1633/2254/2794
f 1633/2254/2794 1628/2258/2803 1632/2261/2804
s 143
f 1636/2249/2789 1634/2262/2805 1623/2256/2798
f 1623/2256/2798 1634/2262/2805 1624/2259/2801
s 144
f 1627/2263/2806 1631/2250/2795 1637/2255/2796
s 143
f 1631/2250/2790 1627/2263/2807 1625/2251/2792
f 1636/2249/2789 1635/2252/2791 1634/2262/2805
s 144
f 1638/2264/2808 1644/2265/2809 1639/2267/2810
f 1639/2267/2810 1644/2265/2809 1645/2266/2811
s 143
f 1640/2268/2812 1641/2269/2813 1639/2267/2814
f 1639/2267/2814 1641/2269/2813 1638/2264/2815
f 1642/2270/2816 1643/2271/2817 1640/2268/2812
f 1640/2268/2812 1643/2271/2817 1641/2269/2813
f 1629/2257/2799 1640/2268/2812 1628/2258/2800
f 1628/2258/2800 1640/2268/2812 1639/2267/2814
f 1630/2260/2802 1642/2270/2816 1629/2257/2799
f 1629/2257/2799 1642/2270/2816 1640/2268/2812
s 144
f 1628/2258/2803 1639/2267/2810 1632/2261/2804
f 1632/2261/2804 1639/2267/2810 1645/2266/2811
s 147
f 1651/2272/2818 1635/2273/2819 1650/2275/2820
f 1650/2275/2820 1635/2273/2819 1625/2274/2821
s 148
f 1637/2276/2822 1633/2277/2823 1650/2275/2824
f 1650/2275/2824 1633/2277/2823 1647/2278/2825
s 147
f 1646/2279/2826 1651/2272/2818 1647/2278/2827
f 1647/2278/2827 1651/2272/2818 1650/2275/2820
f 1646/2279/2826 1647/2278/2827 1649/2281/2828
f 1649/2281/2828 1647/2278/2827 1648/2280/2829
f 1646/2279/2826 1649/2281/2828 1624/2283/2830
f 1624/2283/2830 1649/2281/2828 1630/2282/2831
s 148
f 1647/2278/2825 1633/2277/2823 1648/2280/2832
f 1648/2280/2832 1633/2277/2823 1632/2284/2833
s 147
f 1624/2283/2830 1634/2285/2834 1646/2279/2826
f 1646/2279/2826 1634/2285/2834 1651/2272/2818
s 148
f 1627/2286/2835 1637/2276/2822 1650/2275/2824
s 147
f 1650/2275/2820 1625/2274/2821 1627/2286/2836
f 1651/2272/2818 1634/2285/2834 1635/2273/2819
s 148
f 1652/2287/2837 1653/2288/2838 1644/2290/2839
f 1644/2290/2839 1653/2288/2838 1645/2289/2840
s 147
f 1652/2287/2841 1655/2291/2842 1653/2288/2843
f 1653/2288/2843 1655/2291/2842 1654/2292/2844
f 1655/2291/2842 1643/2293/2845 1654/2292/2844
f 1654/2292/2844 1643/2293/2845 1642/2294/2846
f 1649/2281/2828 1648/2280/2829 1654/2292/2844
f 1654/2292/2844 1648/2280/2829 1653/2288/2843
f 1630/2282/2831 1649/2281/2828 1642/2294/2846
f 1642/2294/2846 1649/2281/2828 1654/2292/2844
s 148
f 1648/2280/2832 1632/2284/2833 1653/2288/2838
f 1653/2288/2838 1632/2284/2833 1645/2289/2840
g default
v -34.505016 -2.855072 2.197418
v -47.058578 -3.315823 2.197418
v -34.969093 13.341682 1.445223
v -47.522659 12.880932 1.445223
v -34.750076 5.697784 2.590406
v -47.303642 5.237034 2.590406
v -34.969093 13.341682 0.000000
v -47.522659 12.880932 0.000000
v -47.303642 5.237034 0.000000
v -47.058578 -3.315823 0.000000
v -34.505016 -2.855072 0.000000
v -34.505016 -2.855072 -2.197418
v -47.058578 -3.315823 -2.197418
v -34.969093 13.341682 -1.445223
v -47.522659 12.880932 -1.445223
v -34.750076 5.697784 -2.590406
v -47.303642 5.237034 -2.590406
v -34.969093 13.341682 0.000000
v -47.522659 12.880932 0.000000
v -47.303642 5.237034 0.000000
v -47.058578 -3.315823 0.000000
v -34.505016 -2.855072 0.000000
v -33.194786 -12.242699 2.453531
v -33.238159 -10.728806 6.695238
v -33.425217 -4.200367 11.596483
v -33.680740 4.717655 13.390461
v -26.000053 -12.036545 2.453531
v -26.043430 -10.522659 6.695238
v -26.230488 -3.994217 11.596483
v -26.486012 4.923801 13.390461
v -33.230324 -11.002411 2.159746
v -26.035591 -10.796257 2.159746
v -33.269325 -9.641140 5.893548
v -26.074594 -9.434990 5.893548
v -33.441334 -3.637936 10.340273
v -26.246603 -3.431789 10.340273
v -33.680740 4.717655 12.006845
v -26.486012 4.923801 12.006845
v -34.166702 21.678001 2.453531
v -34.123322 20.164112 6.695238
v -33.936268 13.635674 11.596483
v -26.971970 21.884151 2.453531
v -26.928593 20.370262 6.695238
v -26.741535 13.841820 11.596483
v -34.131165 20.437714 2.159746
v -26.936432 20.643864 2.159746
v -34.092159 19.076447 5.893548
v -26.897429 19.282593 5.893548
v -33.920151 13.073246 10.340273
v -26.725422 13.279392 10.340273
v -33.464439 28.165188 10.152245
v -33.180801 18.265854 17.584196
v -28.044559 28.320482 10.152245
v -27.760918 18.421146 17.584196
v -33.561760 31.561646 12.655667
v -28.141876 31.716940 12.655667
v -33.231125 20.022160 21.506948
v -27.811241 20.177452 21.506948
v -32.909576 8.799934 19.488390
v -32.924675 9.326832 23.689634
v -27.504791 9.482124 23.689634
v -27.489695 8.955231 19.488390
v -33.537117 30.701569 3.045684
v -33.649521 34.624634 3.796710
v -28.229639 34.779930 3.796710
v -28.117233 30.856863 3.045684
v -33.464439 28.165188 -10.152245
v -33.180801 18.265854 -17.584196
v -28.044559 28.320482 -10.152245
v -27.760918 18.421146 -17.584196
v -33.561760 31.561646 -12.655667
v -28.141876 31.716940 -12.655667
v -33.231125 20.022160 -21.506948
v -27.811241 20.177452 -21.506948
v -32.909576 8.799934 -19.488390
v -32.924675 9.326832 -23.689634
v -27.504791 9.482124 -23.689634
v -27.489695 8.955231 -19.488390
v -33.537117 30.701569 -3.045684
v -33.649521 34.624634 -3.796710
v -28.229639 34.779930 -3.796710
v -28.117233 30.856863 -3.045684
v -32.122234 -18.678989 -10.152245
v -32.405876 -8.779655 -17.584196
v -26.702351 -18.523701 -10.152245
v -26.985992 -8.624363 -17.584196
v -32.024918 -22.075451 -12.655667
v -26.605034 -21.920155 -12.655667
v -32.355553 -10.535961 -21.506948
v -26.935671 -10.380665 -21.506948
v -32.677097 0.686260 -19.488390
v -32.662003 0.159367 -23.689634
v -27.242119 0.314659 -23.689634
v -27.257217 0.841557 -19.488390
v -32.049561 -21.215374 -3.045684
v -31.937153 -25.138439 -3.796710
v -26.517271 -24.983143 -3.796710
v -26.629677 -21.060078 -3.045684
v -32.122234 -18.678989 10.152245
v -32.405876 -8.779655 17.584196
v -26.702351 -18.523701 10.152245
v -26.985992 -8.624363 17.584196
v -32.024918 -22.075451 12.655667
v -26.605034 -21.920155 12.655667
v -32.355553 -10.535961 21.506948
v -26.935671 -10.380665 21.506948
v -32.677097 0.686260 19.488390
v -32.662003 0.159367 23.689634
v -27.242119 0.314659 23.689634
v -27.257217 0.841557 19.488390
v -32.049561 -21.215374 3.045684
v -31.937153 -25.138439 3.796710
v -26.517271 -24.983143 3.796710
v -26.629677 -21.060078 3.045684
v -33.194786 -12.242699 -2.453531
v -33.238159 -10.728806 -6.695238
v -33.425217 -4.200367 -11.596483
v -33.680740 4.717655 -13.390461
v -26.000053 -12.036545 -2.453531
v -26.043430 -10.522659 -6.695238
v -26.230488 -3.994217 -11.596483
v -26.486012 4.923801 -13.390461
v -33.230324 -11.002411 -2.159746
v -26.035591 -10.796257 -2.159746
v -33.269325 -9.641140 -5.893548
v -26.074594 -9.434990 -5.893548
v -33.441334 -3.637936 -10.340273
v -26.246603 -3.431789 -10.340273
v -33.680740 4.717655 -12.006845
v -26.486012 4.923801 -12.006845
v -34.166702 21.678001 -2.453531
v -34.123322 20.164112 -6.695238
v -33.936268 13.635674 -11.596483
v -26.971970 21.884151 -2.453531
v -26.928593 20.370262 -6.695238
v -26.741535 13.841820 -11.596483
v -34.131165 20.437714 -2.159746
v -26.936432 20.643864 -2.159746
v -34.092159 19.076447 -5.893548
v -26.897429 19.282593 -5.893548
v -33.920151 13.073246 -10.340273
v -26.725422 13.279392 -10.340273
v -35.191143 17.169518 5.411524
v -35.039951 11.892788 9.373037
v -34.833420 4.684654 10.823050
v -34.626884 -2.523487 9.373037
v -34.475693 -7.800201 5.411524
v -34.420357 -9.731621 -0.000002
v -34.475693 -7.800201 -5.411528
v -34.626884 -2.523487 -9.373042
v -34.833420 4.684654 -10.823053
v -35.039951 11.892788 -9.373042
v -35.191143 17.169518 -5.411528
v -35.246483 19.100929 -0.000002
v -25.690987 17.441723 5.411524
v -25.539795 12.164989 9.373037
v -25.333263 4.956860 10.823050
v -25.126732 -2.251282 9.373037
v -24.975540 -7.527996 5.411524
v -24.920200 -9.459412 -0.000002
v -24.975540 -7.527996 -5.411528
v -25.126732 -2.251282 -9.373042
v -25.333263 4.956860 -10.823053
v -25.539795 12.164989 -9.373042
v -25.690987 17.441723 -5.411528
v -25.746326 19.373131 -0.000002
v -35.191143 17.169518 -0.000002
v -35.039951 11.892788 -0.000002
v -34.833420 4.684654 -0.000002
v -34.626884 -2.523487 -0.000002
v -34.475693 -7.800201 -0.000002
v -25.690987 17.441723 -0.000002
v -25.539795 12.164989 -0.000002
v -25.333263 4.956860 -0.000002
v -25.126732 -2.251282 -0.000002
v -24.975540 -7.527996 -0.000003
v -283.428040 -18.911890 -1.447525
v -284.137329 -12.576391 -0.000003
v -302.517151 -23.554472 -0.000003
v -282.874451 -23.856892 -1.227700
v -306.318298 -28.784685 -0.000003
v -235.818436 -16.659977 -1.227700
v -237.066147 -11.520222 -1.447525
v -238.527191 -4.476317 -0.000003
v -62.925720 -2.687378 -1.227700
v -46.864235 -2.221313 -1.227700
v -47.041855 3.978458 -1.447525
v -63.105255 3.577236 -1.447525
v -47.263031 11.698936 -0.000003
v -63.324379 11.224297 -0.000003
v -295.938263 -26.405573 -0.968356
v -46.864235 -2.221313 -0.000003
v -62.925720 -2.687378 -0.000003
v -235.818436 -16.659977 -0.000003
v -282.874451 -23.856892 -0.000003
v -291.387085 -15.498690 -0.000003
v -296.535950 -18.808151 -0.000003
v -290.450012 -21.826523 -1.286336
v -295.938324 -26.405603 -0.000003
v -118.689339 -5.940746 -1.227700
v -170.113388 -10.046453 -1.227700
v -170.986862 -3.663408 -1.447525
v -119.361809 0.634129 -1.447525
v -171.941803 3.282108 -0.000003
v -120.089951 7.789900 -0.000003
v -118.689339 -5.940746 -0.000003
v -170.113388 -10.046453 -0.000003
v -283.428040 -18.911890 1.447519
v -282.874451 -23.856892 1.227694
v -235.818436 -16.659977 1.227694
v -237.066147 -11.520222 1.447519
v -62.925720 -2.687378 1.227694
v -46.864235 -2.221313 1.227694
v -47.041855 3.978458 1.447519
v -63.105255 3.577236 1.447519
v -295.938263 -26.405573 0.968350
v -290.450012 -21.826523 1.286330
v -118.689339 -5.940746 1.227694
v -170.113388 -10.046453 1.227694
v -170.986862 -3.663408 1.447519
v -119.361809 0.634129 1.447519
v 34.572144 6.673294 5.470903
v 35.427490 8.401039 5.470903
v 38.680618 10.037811 5.470903
v 38.773575 6.793678 5.470903
v 41.686085 11.028767 5.470903
v 42.900299 9.519997 5.470903
v 43.972801 12.957203 5.470903
v 45.770489 11.518375 5.279977
v 45.669525 16.030678 5.273644
v 51.775356 13.713028 3.923161
v 41.784412 6.879944 5.470903
v 42.974968 6.914059 5.470903
v 31.002285 6.571011 2.735452
v 33.097221 10.715343 2.735452
v 36.350349 12.352112 2.735452
v 39.355812 13.343067 2.735452
v 41.885460 14.966198 2.735452
v 43.840794 17.188335 2.735452
v 45.573917 18.378918 2.639989
v 51.822327 15.790192 1.949674
v 51.775356 13.713028 1.961580
v 45.770489 11.518375 2.639989
v 42.900299 9.519997 2.735452
v 42.974968 6.914059 2.735452
v 36.332817 12.964058 -0.000000
v 39.338280 13.955013 -0.000000
v 41.867928 15.578144 -0.000000
v 43.823261 17.800282 -0.000000
v 45.556381 18.990864 -0.000000
v 51.804790 16.402138 -0.000000
v 51.775356 13.713028 -0.000000
v 45.770489 11.518375 -0.000000
v 42.900299 9.519997 -0.000000
v 42.974968 6.914059 -0.000000
v 35.525017 4.997360 5.470903
v 38.866531 3.549545 5.470903
v 41.923801 2.732300 5.470903
v 43.049637 4.308121 5.470903
v 44.317184 0.937965 5.470903
v 46.029537 2.477364 5.279977
v 46.187103 -2.033318 5.273644
v 52.150219 0.630135 3.923161
v 33.331081 2.553429 2.735452
v 36.672592 1.105614 2.735452
v 39.729866 0.288368 2.735452
v 42.348297 -1.187256 2.735452
v 44.427658 -3.293785 2.735452
v 46.226112 -4.383179 2.639989
v 52.316040 -1.440933 1.949674
v 52.150219 0.630135 1.961580
v 46.029537 2.477364 2.639989
v 43.049637 4.308121 2.735452
v 36.690125 0.493668 -0.000000
v 39.747398 -0.323578 -0.000000
v 42.365837 -1.799202 -0.000000
v 44.445194 -3.905731 -0.000000
v 46.243641 -4.995125 -0.000000
v 52.333576 -2.052872 -0.000000
v 52.150219 0.630135 -0.000000
v 46.029537 2.477364 -0.000000
v 43.049637 4.308121 -0.000000
v 52.851219 -0.126282 -0.000000
v 52.823132 0.854057 3.472898
v 52.746395 3.532387 4.851208
v 52.536732 10.849678 4.851208
v 52.459991 13.528000 3.472898
v 52.431900 14.508335 -0.000000
v 56.830498 3.569817 -0.000000
v 56.816147 4.070641 1.411033
v 56.776939 5.438904 2.332456
v 56.669834 9.177059 2.332456
v 56.630630 10.545322 1.411033
v 56.616280 11.046143 -0.000000
v 56.723392 7.307983 -0.000000
v 54.772202 4.118118 4.080092
v 54.837875 1.825768 2.776284
v 54.861923 0.986717 -0.000000
v 54.503029 13.512302 -0.000000
v 54.527069 12.673248 2.776286
v 54.592751 10.380901 4.080093
v 51.953102 -0.152016 -0.000000
v 47.945736 0.714302 3.472898
v 43.079800 3.255409 4.851208
v 42.870140 10.572704 4.851208
v 47.582596 13.388248 3.472898
v 51.533791 14.482601 -0.000000
v 34.572144 6.673294 -5.470903
v 35.427490 8.401039 -5.470903
v 38.680618 10.037811 -5.470903
v 38.773575 6.793678 -5.470903
v 41.686085 11.028767 -5.470903
v 42.900299 9.519997 -5.470903
v 43.972801 12.957203 -5.470903
v 45.770489 11.518375 -5.279977
v 45.669525 16.030678 -5.273644
v 51.775356 13.713028 -3.923161
v 41.784412 6.879944 -5.470903
v 42.974968 6.914059 -5.470903
v 31.002285 6.571011 -2.735452
v 33.097221 10.715343 -2.735452
v 36.350349 12.352112 -2.735452
v 39.355812 13.343067 -2.735452
v 41.885460 14.966198 -2.735452
v 43.840794 17.188335 -2.735452
v 45.573917 18.378918 -2.639989
v 51.822327 15.790192 -1.949674
v 51.775356 13.713028 -1.961580
v 45.770489 11.518375 -2.639989
v 42.900299 9.519997 -2.735452
v 42.974968 6.914059 -2.735452
v 35.525017 4.997360 -5.470903
v 38.866531 3.549545 -5.470903
v 41.923801 2.732300 -5.470903
v 43.049637 4.308121 -5.470903
v 44.317184 0.937965 -5.470903
v 46.029537 2.477364 -5.279977
v 46.187103 -2.033318 -5.273644
v 52.150219 0.630135 -3.923161
v 33.331081 2.553429 -2.735452
v 36.672592 1.105614 -2.735452
v 39.729866 0.288368 -2.735452
v 42.348297 -1.187256 -2.735452
v 44.427658 -3.293785 -2.735452
v 46.226112 -4.383179 -2.639989
v 52.316040 -1.440933 -1.949674
v 52.150219 0.630135 -1.961580
v 46.029537 2.477364 -2.639989
v 43.049637 4.308121 -2.735452
v 52.823132 0.854057 -3.472898
v 52.746395 3.532387 -4.851208
v 52.536732 10.849678 -4.851208
v 52.459991 13.528000 -3.472898
v 56.816147 4.070641 -1.411033
v 56.776939 5.438904 -2.332456
v 56.669834 9.177059 -2.332456
v 56.630630 10.545322 -1.411033
v 54.772202 4.118118 -4.080092
v 54.837875 1.825768 -2.776284
v 54.527069 12.673248 -2.776286
v 54.592751 10.380901 -4.080093
v 47.945736 0.714302 -3.472898
v 43.079800 3.255409 -4.851208
v 42.870140 10.572704 -4.851208
v 47.582596 13.388248 -3.472898
v -25.299492 -2.737732 -0.000000
v -25.329008 -1.707584 -2.805571
v -25.409649 1.106876 -4.859389
v -25.519808 4.951504 -5.611142
v -25.629967 8.796124 -4.859389
v -25.710608 11.610573 -2.805571
v -25.740124 12.640720 -0.000000
v 38.957275 -0.080254 -0.000000
v 38.046577 0.815277 -2.515128
v 36.593075 3.291588 -4.356328
v 34.320583 6.666088 -5.030257
v 36.396130 10.165150 -4.356328
v 37.705452 12.720627 -2.515128
v 38.563385 13.666843 -0.000000
v 24.420650 14.077961 -0.000000
v 24.450165 13.047810 -2.805571
v 24.530807 10.233360 -4.859389
v 24.640965 6.388741 -5.611142
v 24.751123 2.544113 -4.859389
v 24.831768 -0.270348 -2.805571
v 24.861282 -1.300499 -0.000000
v -4.382820 13.252682 -0.000000
v -4.353303 12.222515 -2.805571
v -4.272661 9.408066 -4.859389
v -4.162503 5.563446 -5.611142
v -4.052345 1.718819 -4.859389
v -3.971703 -1.095642 -2.805571
v -3.942186 -2.125797 -0.000000
v 31.700592 6.591019 -5.174719
v 31.802183 3.045418 -4.481438
v 31.876553 0.449875 -2.587359
v 31.903774 -0.500183 -0.000000
v 31.497414 13.682201 -0.000000
v 31.524632 12.732162 -2.587359
v 31.599001 10.136600 -4.481438
v 16.616514 9.750076 -4.535431
v 3.656282 9.378731 -4.535431
v 3.759096 5.790421 -5.237065
v 16.719330 6.161766 -5.237065
v 3.861912 2.202091 -4.535431
v 16.822145 2.573437 -4.535431
v 3.937176 -0.424721 -2.618533
v 16.897409 -0.053375 -2.618533
v 3.964725 -1.386211 -0.000000
v 16.924959 -1.014862 -0.000000
v 3.553467 12.967052 -0.000000
v 16.513700 13.338398 -0.000000
v 3.581017 12.005554 -2.618533
v 16.541248 12.376900 -2.618533
v -9.918841 12.281754 -0.000000
v -9.892440 11.360321 -2.509427
v -9.820311 8.842957 -4.346454
v -9.721780 5.404160 -5.018855
v -9.623249 1.965351 -4.346454
v -9.551120 -0.552032 -2.509427
v -9.524719 -1.473446 -0.000000
v -25.329008 -1.707584 2.805571
v -25.409649 1.106876 4.859389
v -25.519808 4.951504 5.611142
v -25.629967 8.796124 4.859389
v -25.710608 11.610573 2.805571
v 38.046577 0.815277 2.515128
v 36.593075 3.291588 4.356328
v 34.320583 6.666088 5.030257
v 36.396130 10.165150 4.356328
v 37.705452 12.720627 2.515128
v 24.450165 13.047810 2.805571
v 24.530807 10.233360 4.859389
v 24.640965 6.388741 5.611142
v 24.751123 2.544113 4.859389
v 24.831768 -0.270348 2.805571
v -4.353303 12.222515 2.805571
v -4.272661 9.408066 4.859389
v -4.162503 5.563446 5.611142
v -4.052345 1.718819 4.859389
v -3.971703 -1.095642 2.805571
v 31.700592 6.591019 5.174719
v 31.802183 3.045418 4.481438
v 31.876553 0.449875 2.587359
v 31.524632 12.732162 2.587359
v 31.599001 10.136600 4.481438
v 16.616514 9.750076 4.535431
v 3.656282 9.378731 4.535431
v 3.759096 5.790421 5.237065
v 16.719330 6.161766 5.237065
v 3.861912 2.202091 4.535431
v 16.822145 2.573437 4.535431
v 3.937176 -0.424721 2.618533
v 16.897409 -0.053375 2.618533
v 3.581017 12.005554 2.618533
v 16.541248 12.376900 2.618533
v -9.892440 11.360321 2.509427
v -9.820311 8.842957 4.346454
v -9.721780 5.404160 5.018855
v -9.623249 1.965351 4.346454
v -9.551120 -0.552032 2.509427
v -25.608166 14.549221 4.391197
v -25.492002 10.495029 7.605803
v -25.333321 4.956932 8.782427
v -25.174641 -0.581177 7.605803
v -25.058477 -4.635368 4.391197
v -25.015959 -6.119274 -0.000033
v -25.058477 -4.635368 -4.391263
v -25.174641 -0.581177 -7.605866
v -25.333321 4.956932 -8.782492
v -25.492002 10.495029 -7.605866
v -25.608166 14.549221 -4.391263
v -25.650684 16.033146 -0.000033
v -24.980919 14.300819 4.273385
v -24.867977 10.359097 7.401746
v -24.713699 4.974686 8.546804
v -24.559422 -0.409756 7.401746
v -24.446482 -4.351440 4.273385
v -24.405144 -5.794209 -0.000033
v -24.446482 -4.351440 -4.273451
v -24.559422 -0.409756 -7.401812
v -24.713699 4.974686 -8.546869
v -24.867977 10.359097 -7.401812
v -24.980919 14.300819 -4.273451
v -25.022257 15.743568 -0.000033
v -25.566698 13.101994 3.558105
v -25.469055 9.694153 6.233816
v -24.853758 9.862797 6.421327
v -24.954504 13.378971 3.664878
v -25.333321 4.956932 7.234617
v -24.713699 4.974686 7.452426
v -25.197586 0.219700 6.233816
v -24.573643 0.086552 6.421327
v -25.099945 -3.188126 3.558105
v -24.472895 -3.429600 3.664878
v -25.064932 -4.410091 -0.000033
v -24.436773 -4.690289 -0.000033
v -25.099945 -3.188126 -3.558170
v -24.472895 -3.429600 -3.664944
v -25.197586 0.219700 -6.233881
v -24.573643 0.086552 -6.421392
v -25.333321 4.956932 -7.234683
v -24.713699 4.974686 -7.452492
v -25.469055 9.694153 -6.233881
v -24.853758 9.862797 -6.421392
v -25.566698 13.101994 -3.558170
v -24.954504 13.378971 -3.664944
v -25.601711 14.323959 -0.000033
v -24.990627 14.639660 -0.000033
v -34.558571 -4.907711 4.391197
v -34.674736 -0.853519 7.605803
v -34.833416 4.684582 8.782427
v -34.992096 10.222687 7.605803
v -35.108261 14.276878 4.391197
v -35.150780 15.760784 -0.000033
v -35.108261 14.276878 -4.391263
v -34.992096 10.222687 -7.605866
v -34.833416 4.684582 -8.782492
v -34.674736 -0.853519 -7.605866
v -34.558571 -4.907711 -4.391263
v -34.516052 -6.391632 -0.000033
v -35.185822 -4.659306 4.273385
v -35.298759 -0.717587 7.401746
v -35.453037 4.666828 8.546804
v -35.607315 10.051266 7.401746
v -35.720253 13.992950 4.273385
v -35.761597 15.435719 -0.000033
v -35.720253 13.992950 -4.273451
v -35.607315 10.051266 -7.401812
v -35.453037 4.666828 -8.546869
v -35.298759 -0.717587 -7.401812
v -35.185822 -4.659306 -4.273451
v -35.144482 -6.102055 -0.000033
v -34.600040 -3.460484 3.558105
v -34.697681 -0.052643 6.233816
v -35.312981 -0.221287 6.421327
v -35.212234 -3.737457 3.664878
v -34.833416 4.684582 7.234617
v -35.453037 4.666828 7.452426
v -34.969151 9.421810 6.233816
v -35.593094 9.554958 6.421327
v -35.066795 12.829636 3.558105
v -35.693840 13.071110 3.664878
v -35.101807 14.051601 -0.000033
v -35.729965 14.331802 -0.000033
v -35.066795 12.829636 -3.558170
v -35.693840 13.071110 -3.664944
v -34.969151 9.421810 -6.233881
v -35.593094 9.554958 -6.421392
v -34.833416 4.684582 -7.234683
v -35.453037 4.666828 -7.452492
v -34.697681 -0.052643 -6.233881
v -35.312981 -0.221287 -6.421392
v -34.600040 -3.460484 -3.558170
v -35.212234 -3.737457 -3.664944
v -34.565025 -4.682449 -0.000033
v -35.176109 -4.998150 -0.000033
vt 0.514089 0.436454
vt 0.500008 0.436778
vt 0.498538 0.352552
vt 0.512605 0.352267
vt 0.394653 0.437798
vt 0.385390 0.437695
vt 0.385875 0.353962
vt 0.396450 0.354061
vt 0.444389 0.438030
vt 0.444389 0.355144
vt 0.396325 0.344655
vt 0.444210 0.338823
vt 0.498286 0.338157
vt 0.514089 0.436454
vt 0.512605 0.352267
vt 0.498538 0.352552
vt 0.500008 0.436778
vt 0.394653 0.437798
vt 0.396450 0.354061
vt 0.385875 0.353962
vt 0.385390 0.437695
vt 0.444389 0.355144
vt 0.444389 0.438030
vt 0.444210 0.338823
vt 0.396325 0.344655
vt 0.498286 0.338157
vt 0.868881 0.984365
vt 0.826025 0.984365
vt 0.826025 0.958422
vt 0.868881 0.958422
vt 0.826025 0.909644
vt 0.868881 0.909644
vt 0.826025 0.854007
vt 0.868881 0.854008
vt 0.759276 0.981218
vt 0.761046 0.952856
vt 0.807357 0.952795
vt 0.807567 0.982229
vt 0.760794 0.900188
vt 0.807861 0.900272
vt 0.760761 0.841489
vt 0.808068 0.841531
vt 0.751761 0.978992
vt 0.752551 0.951799
vt 0.814799 0.951978
vt 0.814764 0.980725
vt 0.752053 0.900127
vt 0.815563 0.900286
vt 0.752044 0.841481
vt 0.815743 0.841539
vt 0.807242 0.990595
vt 0.759146 0.989584
vt 0.868881 0.726930
vt 0.868881 0.749593
vt 0.826025 0.749593
vt 0.826025 0.726930
vt 0.868881 0.798370
vt 0.826025 0.798370
vt 0.759525 0.704526
vt 0.807461 0.704356
vt 0.807555 0.730266
vt 0.761244 0.730122
vt 0.807965 0.782790
vt 0.760898 0.782790
vt 0.752747 0.731164
vt 0.751781 0.706737
vt 0.816101 0.705816
vt 0.814995 0.731098
vt 0.752158 0.782836
vt 0.815667 0.782792
vt 0.759410 0.696160
vt 0.807151 0.695236
vt 0.679066 0.887188
vt 0.678554 0.796703
vt 0.713505 0.796514
vt 0.713505 0.887170
vt 0.677633 0.730168
vt 0.714777 0.730705
vt 0.918168 0.928001
vt 0.886125 0.928001
vt 0.886125 0.865111
vt 0.918168 0.865111
vt 0.886125 0.816050
vt 0.918168 0.816050
vt 0.652352 0.885749
vt 0.651665 0.798256
vt 0.740461 0.798153
vt 0.740241 0.885207
vt 0.649581 0.734571
vt 0.742791 0.735030
vt 0.678165 0.943292
vt 0.651640 0.939007
vt 0.715936 0.942214
vt 0.742258 0.937624
vt 0.918168 0.966328
vt 0.886125 0.966328
vt 0.886125 0.986624
vt 0.918168 0.986624
vt 0.918168 0.797589
vt 0.886125 0.797589
vt 0.679066 0.887188
vt 0.713505 0.887170
vt 0.713505 0.796514
vt 0.678554 0.796703
vt 0.714777 0.730705
vt 0.677633 0.730168
vt 0.918168 0.928001
vt 0.918168 0.865111
vt 0.886125 0.865111
vt 0.886125 0.928001
vt 0.918168 0.816050
vt 0.886125 0.816050
vt 0.652352 0.885749
vt 0.651665 0.798256
vt 0.740461 0.798153
vt 0.740241 0.885207
vt 0.649581 0.734571
vt 0.742791 0.735030
vt 0.678165 0.943292
vt 0.651640 0.939007
vt 0.715936 0.942214
vt 0.742258 0.937624
vt 0.918168 0.966328
vt 0.886125 0.966328
vt 0.886125 0.986624
vt 0.918168 0.986624
vt 0.918168 0.797589
vt 0.886125 0.797589
vt 0.679066 0.887188
vt 0.678554 0.796703
vt 0.713505 0.796514
vt 0.713505 0.887170
vt 0.677633 0.730168
vt 0.714777 0.730705
vt 0.918168 0.928001
vt 0.886125 0.928001
vt 0.886125 0.865111
vt 0.918168 0.865111
vt 0.886125 0.816050
vt 0.918168 0.816050
vt 0.652352 0.885749
vt 0.651665 0.798256
vt 0.740461 0.798153
vt 0.740241 0.885207
vt 0.649581 0.734571
vt 0.742791 0.735030
vt 0.678165 0.943292
vt 0.651640 0.939007
vt 0.715936 0.942214
vt 0.742258 0.937624
vt 0.918168 0.966328
vt 0.886125 0.966328
vt 0.886125 0.986624
vt 0.918168 0.986624
vt 0.918168 0.797589
vt 0.886125 0.797589
vt 0.679066 0.887188
vt 0.713505 0.887170
vt 0.713505 0.796514
vt 0.678554 0.796703
vt 0.714777 0.730705
vt 0.677633 0.730168
vt 0.918168 0.928001
vt 0.918168 0.865111
vt 0.886125 0.865111
vt 0.886125 0.928001
vt 0.918168 0.816050
vt 0.886125 0.816050
vt 0.652352 0.885749
vt 0.651665 0.798256
vt 0.740461 0.798153
vt 0.740241 0.885207
vt 0.649581 0.734571
vt 0.742791 0.735030
vt 0.678165 0.943292
vt 0.651640 0.939007
vt 0.715936 0.942214
vt 0.742258 0.937624
vt 0.918168 0.966328
vt 0.886125 0.966328
vt 0.886125 0.986624
vt 0.918168 0.986624
vt 0.918168 0.797589
vt 0.886125 0.797589
vt 0.868881 0.984365
vt 0.826025 0.984365
vt 0.826025 0.958422
vt 0.868881 0.958422
vt 0.826025 0.909644
vt 0.868881 0.909644
vt 0.826025 0.854007
vt 0.868881 0.854008
vt 0.759276 0.981218
vt 0.761046 0.952856
vt 0.807357 0.952795
vt 0.807567 0.982229
vt 0.760794 0.900188
vt 0.807861 0.900272
vt 0.760761 0.841489
vt 0.808068 0.841531
vt 0.751761 0.978992
vt 0.752551 0.951799
vt 0.814799 0.951978
vt 0.814764 0.980725
vt 0.752053 0.900127
vt 0.815563 0.900286
vt 0.752044 0.841481
vt 0.815743 0.841539
vt 0.807242 0.990595
vt 0.759146 0.989584
vt 0.868881 0.726930
vt 0.868881 0.749593
vt 0.826025 0.749593
vt 0.826025 0.726930
vt 0.868881 0.798370
vt 0.826025 0.798370
vt 0.759525 0.704526
vt 0.807461 0.704356
vt 0.807555 0.730266
vt 0.761244 0.730122
vt 0.807965 0.782790
vt 0.760898 0.782790
vt 0.752747 0.731164
vt 0.751781 0.706737
vt 0.816101 0.705816
vt 0.814995 0.731098
vt 0.752158 0.782836
vt 0.815667 0.782792
vt 0.759410 0.696160
vt 0.807151 0.695236
vt 0.991123 0.547926
vt 0.991123 0.587786
vt 0.933724 0.587786
vt 0.933724 0.547926
vt 0.991123 0.632209
vt 0.933724 0.632209
vt 0.991123 0.676631
vt 0.933724 0.676631
vt 0.991123 0.716491
vt 0.933724 0.716491
vt 0.991123 0.751195
vt 0.933724 0.751195
vt 0.991123 0.785898
vt 0.933724 0.785898
vt 0.991123 0.825758
vt 0.933724 0.825758
vt 0.991123 0.870181
vt 0.933724 0.870181
vt 0.991123 0.914603
vt 0.933724 0.914603
vt 0.991123 0.954463
vt 0.933724 0.954464
vt 0.991123 0.989167
vt 0.933724 0.989167
vt 0.991123 0.513223
vt 0.933724 0.513223
vt 0.612325 0.890287
vt 0.583193 0.929107
vt 0.543398 0.929107
vt 0.543398 0.890287
vt 0.622988 0.837259
vt 0.543398 0.837259
vt 0.612325 0.785201
vt 0.543398 0.785201
vt 0.583193 0.747741
vt 0.543398 0.747741
vt 0.543398 0.733532
vt 0.503603 0.747741
vt 0.474471 0.785201
vt 0.463808 0.837259
vt 0.474471 0.890287
vt 0.503603 0.929107
vt 0.543398 0.942458
vt 0.503598 0.929092
vt 0.474466 0.890273
vt 0.543393 0.890273
vt 0.543393 0.929092
vt 0.463803 0.837244
vt 0.543393 0.837244
vt 0.474466 0.785187
vt 0.543393 0.785187
vt 0.503598 0.747727
vt 0.543393 0.747727
vt 0.543393 0.733518
vt 0.583188 0.747727
vt 0.612320 0.785187
vt 0.622983 0.837244
vt 0.612320 0.890273
vt 0.583188 0.929092
vt 0.543393 0.942444
vt 0.043877 0.087625
vt 0.028795 0.066435
vt 0.040276 0.044402
vt 0.057424 0.066409
vt 0.033724 0.114154
vt 0.029161 0.114472
vt 0.025197 0.066669
vt 0.052289 0.113710
vt 0.064167 0.277100
vt 0.044704 0.280320
vt 0.076629 0.112982
vt 0.091291 0.273581
vt 0.058005 0.927139
vt 0.081370 0.927614
vt 0.080199 0.987476
vt 0.057101 0.987128
vt 0.110377 0.928207
vt 0.109455 0.987963
vt 0.053430 0.927134
vt 0.052529 0.987067
vt 0.040135 0.280549
vt 0.068114 0.086001
vt 0.023917 0.030510
vt 0.056755 0.718836
vt 0.052181 0.718895
vt 0.048295 0.526600
vt 0.052869 0.526474
vt 0.076824 0.524725
vt 0.081370 0.717703
vt 0.103427 0.522789
vt 0.108684 0.716480
vt 0.043980 0.088531
vt 0.057527 0.066592
vt 0.040253 0.044665
vt 0.028898 0.066619
vt 0.025300 0.066860
vt 0.029456 0.114570
vt 0.034019 0.114240
vt 0.052583 0.113781
vt 0.044704 0.280320
vt 0.064167 0.277100
vt 0.091291 0.273581
vt 0.076924 0.113028
vt 0.058005 0.927139
vt 0.057101 0.987128
vt 0.080199 0.987476
vt 0.081370 0.927614
vt 0.109455 0.987963
vt 0.110377 0.928207
vt 0.053430 0.927134
vt 0.052529 0.987067
vt 0.040135 0.280549
vt 0.068217 0.086852
vt 0.023794 0.030325
vt 0.056755 0.718836
vt 0.052869 0.526474
vt 0.048295 0.526600
vt 0.052181 0.718895
vt 0.081370 0.717703
vt 0.076824 0.524725
vt 0.108684 0.716480
vt 0.103427 0.522789
vt 0.336947 0.766565
vt 0.336947 0.793184
vt 0.358313 0.792549
vt 0.347632 0.772102
vt 0.354589 0.819708
vt 0.366537 0.839474
vt 0.376521 0.827236
vt 0.364954 0.811793
vt 0.385232 0.879752
vt 0.394734 0.838578
vt 0.336947 0.812566
vt 0.336947 0.820289
vt 0.336325 0.740059
vt 0.365205 0.753638
vt 0.378010 0.775201
vt 0.386885 0.792722
vt 0.397236 0.809821
vt 0.409633 0.825437
vt 0.416835 0.837995
vt 0.404567 0.881711
vt 0.416058 0.972074
vt 0.429620 0.972151
vt 0.416057 0.959270
vt 0.374325 0.967645
vt 0.374325 0.950413
vt 0.351496 0.967022
vt 0.351496 0.949167
vt 0.334479 0.967022
vt 0.334479 0.949167
vt 0.403131 0.785424
vt 0.394789 0.768858
vt 0.413401 0.801991
vt 0.425196 0.818256
vt 0.432207 0.830417
vt 0.417123 0.884824
vt 0.433398 0.843415
vt 0.416058 0.984878
vt 0.433612 0.984879
vt 0.374325 0.984878
vt 0.351496 0.984878
vt 0.334479 0.984878
vt 0.326261 0.772102
vt 0.315580 0.792549
vt 0.319304 0.819708
vt 0.308939 0.811793
vt 0.297372 0.827236
vt 0.307356 0.839474
vt 0.279159 0.838578
vt 0.288661 0.879752
vt 0.307445 0.753638
vt 0.294640 0.775201
vt 0.287008 0.792722
vt 0.276657 0.809821
vt 0.264260 0.825437
vt 0.257058 0.837995
vt 0.269327 0.881711
vt 0.252901 0.972074
vt 0.252901 0.959269
vt 0.239339 0.972151
vt 0.294633 0.967645
vt 0.294633 0.950413
vt 0.317462 0.967022
vt 0.317462 0.949167
vt 0.277860 0.768858
vt 0.269935 0.785424
vt 0.259666 0.801991
vt 0.247870 0.818256
vt 0.240860 0.830417
vt 0.239961 0.843601
vt 0.256315 0.884824
vt 0.235347 0.984879
vt 0.252901 0.984878
vt 0.294633 0.984878
vt 0.317462 0.984878
vt 0.382416 0.519521
vt 0.391903 0.533535
vt 0.407813 0.524785
vt 0.403413 0.510774
vt 0.424035 0.522483
vt 0.421162 0.508228
vt 0.463597 0.523319
vt 0.466916 0.509215
vt 0.479767 0.525928
vt 0.484548 0.511971
vt 0.495300 0.535197
vt 0.505256 0.521372
vt 0.250799 0.941863
vt 0.336447 0.941863
vt 0.262273 0.909699
vt 0.293622 0.888695
vt 0.379270 0.888696
vt 0.410620 0.909699
vt 0.422094 0.941863
vt 0.456638 0.540736
vt 0.430355 0.540736
vt 0.418375 0.543478
vt 0.409608 0.549043
vt 0.468466 0.544166
vt 0.476979 0.550089
vt 0.399495 0.479791
vt 0.380086 0.513730
vt 0.419434 0.448292
vt 0.469621 0.447758
vt 0.489063 0.480692
vt 0.507774 0.515609
vt 0.336947 0.766565
vt 0.347632 0.772102
vt 0.358313 0.792549
vt 0.336947 0.793184
vt 0.354589 0.819708
vt 0.364954 0.811793
vt 0.376521 0.827236
vt 0.366537 0.839474
vt 0.394734 0.838578
vt 0.385232 0.879752
vt 0.336947 0.812566
vt 0.336947 0.820289
vt 0.336325 0.740059
vt 0.365205 0.753638
vt 0.378010 0.775201
vt 0.386885 0.792722
vt 0.397236 0.809821
vt 0.409633 0.825437
vt 0.416835 0.837995
vt 0.404567 0.881711
vt 0.416058 0.972074
vt 0.416057 0.959270
vt 0.429620 0.972151
vt 0.374325 0.967645
vt 0.374325 0.950413
vt 0.351496 0.967022
vt 0.351496 0.949167
vt 0.334479 0.967022
vt 0.334479 0.949167
vt 0.394789 0.768858
vt 0.403131 0.785424
vt 0.413401 0.801991
vt 0.425196 0.818256
vt 0.432207 0.830417
vt 0.433398 0.843415
vt 0.417123 0.884824
vt 0.433612 0.984879
vt 0.416058 0.984878
vt 0.374325 0.984878
vt 0.351496 0.984878
vt 0.334479 0.984878
vt 0.315580 0.792549
vt 0.326261 0.772102
vt 0.319304 0.819708
vt 0.307356 0.839474
vt 0.297372 0.827236
vt 0.308939 0.811793
vt 0.288661 0.879752
vt 0.279159 0.838578
vt 0.307445 0.753638
vt 0.294640 0.775201
vt 0.287008 0.792722
vt 0.276657 0.809821
vt 0.264260 0.825437
vt 0.257058 0.837995
vt 0.269327 0.881711
vt 0.252901 0.972074
vt 0.239339 0.972151
vt 0.252901 0.959269
vt 0.294633 0.967645
vt 0.294633 0.950413
vt 0.317462 0.967022
vt 0.317462 0.949167
vt 0.269935 0.785424
vt 0.277860 0.768858
vt 0.259666 0.801991
vt 0.247870 0.818256
vt 0.240860 0.830417
vt 0.256315 0.884824
vt 0.239961 0.843601
vt 0.252901 0.984878
vt 0.235347 0.984879
vt 0.294633 0.984878
vt 0.317462 0.984878
vt 0.382416 0.519521
vt 0.403413 0.510774
vt 0.407813 0.524785
vt 0.391903 0.533535
vt 0.421162 0.508228
vt 0.424035 0.522483
vt 0.466916 0.509215
vt 0.463597 0.523319
vt 0.484548 0.511971
vt 0.479767 0.525928
vt 0.505256 0.521372
vt 0.495300 0.535197
vt 0.250799 0.941863
vt 0.262273 0.909699
vt 0.336447 0.941863
vt 0.293622 0.888695
vt 0.379270 0.888696
vt 0.410620 0.909699
vt 0.422094 0.941863
vt 0.456638 0.540736
vt 0.430355 0.540736
vt 0.418375 0.543478
vt 0.409608 0.549043
vt 0.476979 0.550089
vt 0.468466 0.544166
vt 0.380086 0.513730
vt 0.399495 0.479791
vt 0.419434 0.448292
vt 0.469621 0.447758
vt 0.489063 0.480692
vt 0.507774 0.515609
vt 0.233119 0.349516
vt 0.252430 0.348754
vt 0.256325 0.446725
vt 0.238867 0.446853
vt 0.274886 0.348464
vt 0.276895 0.446626
vt 0.300103 0.348443
vt 0.300107 0.446622
vt 0.325319 0.348463
vt 0.323320 0.446626
vt 0.347776 0.348750
vt 0.343890 0.446724
vt 0.367086 0.349510
vt 0.361347 0.446851
vt 0.345998 0.641030
vt 0.364698 0.641204
vt 0.364839 0.688085
vt 0.346267 0.687286
vt 0.324360 0.625354
vt 0.324529 0.671374
vt 0.300088 0.613450
vt 0.300093 0.659356
vt 0.275816 0.625352
vt 0.275656 0.671375
vt 0.254177 0.641029
vt 0.253918 0.687291
vt 0.235477 0.641209
vt 0.235346 0.688096
vt 0.300095 0.676480
vt 0.277125 0.702651
vt 0.256951 0.727659
vt 0.239733 0.734203
vt 0.360468 0.734191
vt 0.343248 0.727653
vt 0.323069 0.702650
vt 0.323704 0.589207
vt 0.323749 0.531840
vt 0.344781 0.531896
vt 0.344675 0.589160
vt 0.300096 0.589239
vt 0.300096 0.531784
vt 0.276480 0.589200
vt 0.276450 0.531842
vt 0.255501 0.589148
vt 0.255424 0.531895
vt 0.237561 0.588927
vt 0.237435 0.532071
vt 0.362796 0.532080
vt 0.362591 0.588946
vt 0.346409 0.482261
vt 0.365425 0.482105
vt 0.324563 0.482208
vt 0.300107 0.482137
vt 0.275651 0.482207
vt 0.253807 0.482258
vt 0.234791 0.482104
vt 0.233119 0.349516
vt 0.238867 0.446853
vt 0.256325 0.446725
vt 0.252430 0.348754
vt 0.276895 0.446626
vt 0.274886 0.348464
vt 0.300107 0.446622
vt 0.300103 0.348443
vt 0.323320 0.446626
vt 0.325319 0.348463
vt 0.343890 0.446724
vt 0.347776 0.348750
vt 0.361347 0.446851
vt 0.367086 0.349510
vt 0.345998 0.641030
vt 0.346267 0.687286
vt 0.364839 0.688085
vt 0.364698 0.641204
vt 0.324360 0.625354
vt 0.324529 0.671374
vt 0.300088 0.613450
vt 0.300093 0.659356
vt 0.275816 0.625352
vt 0.275656 0.671375
vt 0.254177 0.641029
vt 0.253918 0.687291
vt 0.235477 0.641209
vt 0.235346 0.688096
vt 0.277125 0.702651
vt 0.300095 0.676480
vt 0.256951 0.727659
vt 0.239733 0.734203
vt 0.343248 0.727653
vt 0.360468 0.734191
vt 0.323069 0.702650
vt 0.323704 0.589207
vt 0.344675 0.589160
vt 0.344781 0.531896
vt 0.323749 0.531840
vt 0.300096 0.531784
vt 0.300096 0.589239
vt 0.276450 0.531842
vt 0.276480 0.589200
vt 0.255424 0.531895
vt 0.255501 0.589148
vt 0.237435 0.532071
vt 0.237561 0.588927
vt 0.362796 0.532080
vt 0.362591 0.588946
vt 0.346409 0.482261
vt 0.365425 0.482105
vt 0.324563 0.482208
vt 0.300107 0.482137
vt 0.275651 0.482207
vt 0.253807 0.482258
vt 0.234791 0.482104
vt 0.516851 0.678642
vt 0.520705 0.680100
vt 0.495035 0.705560
vt 0.492793 0.703001
vt 0.459349 0.715084
vt 0.459349 0.712112
vt 0.423663 0.705560
vt 0.425906 0.703001
vt 0.397994 0.680100
vt 0.401847 0.678642
vt 0.388790 0.646250
vt 0.393220 0.646250
vt 0.397994 0.612400
vt 0.401847 0.613858
vt 0.423663 0.586940
vt 0.425906 0.589498
vt 0.459349 0.577416
vt 0.459349 0.580387
vt 0.495035 0.586940
vt 0.492793 0.589498
vt 0.520705 0.612400
vt 0.516851 0.613857
vt 0.529909 0.646250
vt 0.525478 0.646250
vt 0.533337 0.688338
vt 0.502066 0.719148
vt 0.498658 0.714615
vt 0.527435 0.685721
vt 0.459349 0.730425
vt 0.459349 0.725192
vt 0.416632 0.719148
vt 0.420040 0.714615
vt 0.385361 0.688338
vt 0.391264 0.685721
vt 0.373915 0.646250
vt 0.380731 0.646250
vt 0.385361 0.604162
vt 0.391264 0.606779
vt 0.416632 0.573352
vt 0.420040 0.577884
vt 0.459349 0.562074
vt 0.459349 0.567308
vt 0.502066 0.573352
vt 0.498658 0.577884
vt 0.533337 0.604162
vt 0.527435 0.606779
vt 0.544783 0.646250
vt 0.537968 0.646250
vt 0.516851 0.678642
vt 0.520705 0.680100
vt 0.495035 0.705560
vt 0.492793 0.703001
vt 0.459349 0.715084
vt 0.459349 0.712112
vt 0.423663 0.705560
vt 0.425906 0.703001
vt 0.397994 0.680100
vt 0.401847 0.678642
vt 0.388790 0.646250
vt 0.393220 0.646250
vt 0.397994 0.612400
vt 0.401847 0.613858
vt 0.423663 0.586940
vt 0.425906 0.589498
vt 0.459349 0.577416
vt 0.459349 0.580387
vt 0.495035 0.586940
vt 0.492793 0.589498
vt 0.520705 0.612400
vt 0.516851 0.613857
vt 0.529909 0.646250
vt 0.525478 0.646250
vt 0.533337 0.688338
vt 0.502066 0.719148
vt 0.498658 0.714615
vt 0.527435 0.685721
vt 0.459349 0.730425
vt 0.459349 0.725192
vt 0.416632 0.719148
vt 0.420040 0.714615
vt 0.385361 0.688338
vt 0.391264 0.685721
vt 0.373915 0.646250
vt 0.380731 0.646250
vt 0.385361 0.604162
vt 0.391264 0.606779
vt 0.416632 0.573352
vt 0.420040 0.577884
vt 0.459349 0.562074
vt 0.459349 0.567308
vt 0.502066 0.573352
vt 0.498658 0.577884
vt 0.533337 0.604162
vt 0.527435 0.606779
vt 0.544783 0.646250
vt 0.537968 0.646250
vn 0.036678 -0.999327 0.000000
vn 0.036677 -0.999327 -0.000000
vn 0.036678 -0.999327 0.000000
vn 0.036677 -0.999327 -0.000000
vn -0.036677 0.999327 0.000000
vn -0.036678 0.999327 0.000000
vn -0.036677 0.999327 0.000000
vn -0.036678 0.999327 0.000000
vn -0.002288 0.062380 0.998050
vn -0.000515 0.014131 0.999900
vn 0.001245 -0.034038 0.999420
vn 0.001245 -0.034038 0.999420
vn -0.004053 0.110379 0.993881
vn -0.004053 0.110379 0.993881
vn -0.002288 0.062380 0.998050
vn -0.000515 0.014131 0.999900
vn -0.999590 -0.028641 0.000000
vn -0.999590 -0.028641 0.000000
vn -0.999590 -0.028641 0.000000
vn -0.999590 -0.028641 0.000000
vn -0.999590 -0.028641 0.000000
vn -0.999590 -0.028641 0.000000
vn -0.999590 -0.028641 0.000000
vn -0.999590 -0.028641 0.000000
vn 0.036678 -0.999327 0.000000
vn 0.036678 -0.999327 0.000000
vn 0.036677 -0.999327 -0.000000
vn 0.036677 -0.999327 -0.000000
vn -0.036677 0.999327 0.000000
vn -0.036677 0.999327 0.000000
vn -0.036678 0.999327 0.000000
vn -0.036678 0.999327 0.000000
vn 0.001245 -0.034038 -0.999420
vn -0.000515 0.014131 -0.999900
vn 0.001245 -0.034038 -0.999420
vn -0.002288 0.062380 -0.998050
vn -0.000515 0.014131 -0.999900
vn -0.004053 0.110379 -0.993881
vn -0.002288 0.062380 -0.998050
vn -0.004053 0.110379 -0.993881
vn -0.999590 -0.028641 0.000000
vn -0.999590 -0.028641 0.000000
vn -0.999590 -0.028641 0.000000
vn -0.999590 -0.028641 0.000000
vn -0.999590 -0.028641 0.000000
vn -0.999590 -0.028641 0.000000
vn -0.999590 -0.028641 0.000000
vn -0.999590 -0.028641 0.000000
vn -0.022841 0.797149 -0.603350
vn -0.021282 0.742763 -0.669217
vn -0.022841 0.797150 -0.603349
vn -0.021282 0.742763 -0.669217
vn -0.011215 0.391430 -0.920139
vn -0.011215 0.391431 -0.920139
vn -0.000000 -0.000000 -1.000000
vn -0.000000 0.000000 -1.000000
vn 0.026974 -0.941382 0.336261
vn 0.026973 -0.941383 0.336260
vn 0.021501 -0.750413 0.660620
vn 0.021501 -0.750413 0.660620
vn 0.011386 -0.397395 0.917577
vn 0.011386 -0.397395 0.917577
vn -0.000000 0.000000 1.000000
vn -0.000000 -0.000000 1.000000
vn -0.999590 -0.028640 0.000001
vn -0.999590 -0.028640 0.000001
vn -0.999590 -0.028639 0.000001
vn -0.999590 -0.028638 0.000001
vn 0.999590 0.028642 0.000000
vn 0.999590 0.028641 -0.000000
vn 0.999590 0.028642 0.000000
vn 0.999590 0.028641 -0.000000
vn -0.999590 -0.028641 0.000001
vn -0.999590 -0.028641 0.000001
vn 0.999590 0.028640 -0.000000
vn 0.999590 0.028640 -0.000000
vn -0.999590 -0.028641 0.000000
vn -0.999590 -0.028641 0.000000
vn 0.999590 0.028641 -0.000000
vn 0.999590 0.028641 0.000000
vn 0.006599 -0.230307 -0.973096
vn 0.006599 -0.230307 -0.973096
vn 0.022841 -0.797150 -0.603349
vn 0.022840 -0.797150 -0.603350
vn 0.021282 -0.742763 -0.669216
vn 0.021282 -0.742762 -0.669217
vn 0.011216 -0.391431 -0.920139
vn 0.011215 -0.391431 -0.920139
vn -0.026973 0.941383 0.336260
vn -0.021501 0.750413 0.660620
vn -0.026973 0.941383 0.336261
vn -0.021501 0.750412 0.660620
vn -0.011386 0.397395 0.917577
vn -0.011386 0.397395 0.917577
vn -0.999590 -0.028641 0.000000
vn -0.999590 -0.028639 0.000001
vn -0.999590 -0.028640 0.000001
vn -0.999590 -0.028639 0.000001
vn 0.999590 0.028640 -0.000000
vn 0.999590 0.028640 -0.000000
vn 0.999590 0.028640 0.000000
vn 0.999590 0.028639 0.000000
vn -0.999590 -0.028640 -0.000001
vn -0.999590 -0.028640 -0.000001
vn 0.999590 0.028640 -0.000001
vn 0.999590 0.028640 -0.000001
vn -0.006599 0.230307 -0.973096
vn -0.006599 0.230306 -0.973096
vn -0.022094 0.771110 0.636319
vn -0.012727 0.444194 0.895840
vn -0.022094 0.771110 0.636319
vn -0.012727 0.444194 0.895840
vn -0.005725 0.199796 0.979821
vn -0.005725 0.199796 0.979821
vn 0.021761 -0.759481 -0.650166
vn 0.021761 -0.759481 -0.650165
vn 0.012433 -0.433951 -0.900851
vn 0.012433 -0.433951 -0.900851
vn 0.005646 -0.197054 -0.980376
vn 0.005646 -0.197054 -0.980376
vn -0.999590 -0.028641 -0.000000
vn -0.999590 -0.028641 -0.000000
vn -0.999590 -0.028641 -0.000000
vn -0.999590 -0.028641 -0.000001
vn 0.999590 0.028641 0.000000
vn 0.999590 0.028640 -0.000000
vn 0.999590 0.028641 0.000000
vn 0.999590 0.028640 -0.000000
vn -0.999590 -0.028641 -0.000000
vn -0.999590 -0.028641 -0.000000
vn 0.999590 0.028641 -0.000000
vn 0.999590 0.028641 0.000000
vn -0.999590 -0.028641 0.000001
vn -0.999590 -0.028641 0.000000
vn -0.027068 0.944675 0.326889
vn -0.027068 0.944675 0.326890
vn 0.999590 0.028642 0.000000
vn 0.999590 0.028641 -0.000000
vn 0.026973 -0.941382 -0.336262
vn 0.026973 -0.941382 -0.336262
vn -0.005383 0.187873 -0.982179
vn -0.005383 0.187873 -0.982179
vn -0.005383 0.187873 -0.982179
vn -0.005383 0.187873 -0.982179
vn 0.028418 -0.991814 0.124490
vn 0.028418 -0.991814 0.124490
vn 0.028418 -0.991814 0.124489
vn 0.028419 -0.991814 0.124489
vn -0.022095 0.771110 -0.636319
vn -0.022095 0.771110 -0.636319
vn -0.012727 0.444194 -0.895840
vn -0.012727 0.444194 -0.895840
vn -0.005725 0.199796 -0.979821
vn -0.005725 0.199796 -0.979821
vn 0.021761 -0.759481 0.650166
vn 0.012434 -0.433951 0.900851
vn 0.021761 -0.759481 0.650166
vn 0.012434 -0.433951 0.900851
vn 0.005646 -0.197054 0.980376
vn 0.005646 -0.197054 0.980376
vn -0.999590 -0.028641 0.000001
vn -0.999590 -0.028641 0.000000
vn -0.999590 -0.028641 0.000000
vn -0.999590 -0.028641 0.000000
vn 0.999590 0.028641 -0.000000
vn 0.999590 0.028641 -0.000000
vn 0.999590 0.028641 0.000000
vn 0.999590 0.028640 0.000000
vn -0.999590 -0.028641 0.000000
vn -0.999590 -0.028641 0.000000
vn 0.999590 0.028641 -0.000000
vn 0.999590 0.028641 0.000000
vn -0.999590 -0.028641 -0.000000
vn -0.999590 -0.028641 -0.000001
vn -0.027068 0.944675 -0.326890
vn -0.027068 0.944675 -0.326890
vn 0.999590 0.028641 0.000000
vn 0.999590 0.028642 0.000000
vn 0.026973 -0.941382 0.336262
vn 0.026973 -0.941382 0.336262
vn -0.005383 0.187873 0.982179
vn -0.005383 0.187873 0.982179
vn -0.005383 0.187873 0.982179
vn -0.005383 0.187873 0.982179
vn 0.028418 -0.991814 -0.124490
vn 0.028418 -0.991814 -0.124490
vn 0.028418 -0.991814 -0.124490
vn 0.028419 -0.991814 -0.124489
vn 0.022095 -0.771110 -0.636319
vn 0.012727 -0.444194 -0.895840
vn 0.022095 -0.771110 -0.636319
vn 0.012727 -0.444194 -0.895840
vn 0.005725 -0.199796 -0.979821
vn 0.005725 -0.199796 -0.979821
vn -0.021761 0.759481 0.650166
vn -0.021761 0.759481 0.650166
vn -0.012434 0.433951 0.900851
vn -0.012434 0.433951 0.900850
vn -0.005646 0.197054 0.980376
vn -0.005646 0.197054 0.980376
vn -0.999590 -0.028641 -0.000000
vn -0.999590 -0.028641 -0.000000
vn -0.999590 -0.028640 0.000000
vn -0.999590 -0.028640 0.000000
vn 0.999590 0.028640 -0.000000
vn 0.999590 0.028641 -0.000000
vn 0.999590 0.028641 -0.000000
vn 0.999590 0.028641 -0.000000
vn -0.999590 -0.028641 0.000000
vn -0.999590 -0.028641 0.000000
vn 0.999590 0.028641 0.000000
vn 0.999590 0.028641 0.000000
vn -0.999590 -0.028641 -0.000000
vn -0.999590 -0.028641 -0.000000
vn 0.027068 -0.944675 -0.326890
vn 0.027068 -0.944675 -0.326890
vn 0.999590 0.028641 -0.000000
vn 0.999590 0.028640 -0.000000
vn -0.026973 0.941382 0.336262
vn -0.026973 0.941382 0.336262
vn 0.005383 -0.187873 0.982179
vn 0.005383 -0.187873 0.982179
vn 0.005383 -0.187873 0.982179
vn 0.005383 -0.187873 0.982179
vn -0.028418 0.991814 -0.124489
vn -0.028418 0.991814 -0.124490
vn -0.028418 0.991814 -0.124490
vn -0.028418 0.991814 -0.124490
vn 0.022095 -0.771110 0.636319
vn 0.022095 -0.771110 0.636319
vn 0.012727 -0.444194 0.895840
vn 0.012728 -0.444194 0.895840
vn 0.005725 -0.199796 0.979821
vn 0.005725 -0.199796 0.979821
vn -0.021761 0.759481 -0.650166
vn -0.012434 0.433951 -0.900851
vn -0.021761 0.759481 -0.650166
vn -0.012434 0.433951 -0.900850
vn -0.005646 0.197054 -0.980376
vn -0.005646 0.197054 -0.980376
vn -0.999590 -0.028640 -0.000000
vn -0.999590 -0.028641 0.000000
vn -0.999590 -0.028640 -0.000000
vn -0.999590 -0.028641 0.000000
vn 0.999590 0.028640 0.000000
vn 0.999590 0.028641 0.000000
vn 0.999590 0.028641 0.000000
vn 0.999590 0.028641 0.000000
vn -0.999590 -0.028641 -0.000000
vn -0.999590 -0.028641 -0.000000
vn 0.999590 0.028641 -0.000000
vn 0.999590 0.028641 -0.000000
vn -0.999590 -0.028641 0.000000
vn -0.999590 -0.028641 0.000000
vn 0.027068 -0.944675 0.326890
vn 0.027068 -0.944675 0.326890
vn 0.999590 0.028640 0.000000
vn 0.999590 0.028641 0.000000
vn -0.026973 0.941382 -0.336262
vn -0.026973 0.941382 -0.336262
vn 0.005383 -0.187873 -0.982179
vn 0.005383 -0.187873 -0.982179
vn 0.005383 -0.187873 -0.982179
vn 0.005383 -0.187873 -0.982179
vn -0.028418 0.991814 0.124489
vn -0.028418 0.991814 0.124490
vn -0.028418 0.991814 0.124490
vn -0.028418 0.991814 0.124490
vn -0.022841 0.797149 0.603350
vn -0.022841 0.797150 0.603349
vn -0.021282 0.742763 0.669217
vn -0.021282 0.742763 0.669216
vn -0.011215 0.391430 0.920139
vn -0.011215 0.391431 0.920139
vn -0.000000 -0.000000 1.000000
vn -0.000000 0.000000 1.000000
vn 0.026974 -0.941383 -0.336261
vn 0.021501 -0.750413 -0.660620
vn 0.026973 -0.941383 -0.336260
vn 0.021501 -0.750413 -0.660620
vn 0.011386 -0.397395 -0.917577
vn 0.011386 -0.397395 -0.917577
vn -0.000000 0.000000 -1.000000
vn -0.000000 -0.000000 -1.000000
vn -0.999590 -0.028638 -0.000001
vn -0.999590 -0.028640 -0.000001
vn -0.999590 -0.028639 -0.000001
vn -0.999590 -0.028640 -0.000001
vn 0.999590 0.028642 -0.000000
vn 0.999590 0.028642 -0.000000
vn 0.999590 0.028640 0.000000
vn 0.999590 0.028640 0.000000
vn -0.999590 -0.028641 -0.000001
vn -0.999590 -0.028641 -0.000001
vn 0.999590 0.028640 0.000000
vn 0.999590 0.028640 0.000000
vn -0.999590 -0.028641 -0.000000
vn -0.999590 -0.028641 0.000000
vn 0.999590 0.028641 0.000000
vn 0.999590 0.028641 0.000000
vn 0.006599 -0.230307 0.973096
vn 0.006599 -0.230307 0.973096
vn 0.022841 -0.797150 0.603349
vn 0.021282 -0.742763 0.669216
vn 0.022840 -0.797150 0.603349
vn 0.021282 -0.742763 0.669217
vn 0.011215 -0.391431 0.920139
vn 0.011215 -0.391431 0.920139
vn -0.026973 0.941383 -0.336260
vn -0.026973 0.941383 -0.336261
vn -0.021502 0.750413 -0.660620
vn -0.021501 0.750412 -0.660620
vn -0.011386 0.397395 -0.917577
vn -0.011386 0.397395 -0.917577
vn -0.999590 -0.028638 -0.000001
vn -0.999590 -0.028639 -0.000001
vn -0.999590 -0.028640 -0.000001
vn -0.999590 -0.028641 -0.000000
vn 0.999590 0.028641 0.000000
vn 0.999590 0.028639 -0.000000
vn 0.999590 0.028641 0.000000
vn 0.999590 0.028638 -0.000000
vn -0.999590 -0.028641 0.000001
vn -0.999590 -0.028641 0.000001
vn 0.999590 0.028640 0.000001
vn 0.999590 0.028640 0.000001
vn -0.006599 0.230307 0.973096
vn -0.006599 0.230306 0.973096
vn -0.022700 0.792255 0.609767
vn -0.011386 0.397395 0.917577
vn -0.022700 0.792255 0.609768
vn -0.011386 0.397395 0.917577
vn 0.000000 -0.000000 1.000000
vn 0.000000 0.000000 1.000000
vn 0.011386 -0.397395 0.917577
vn 0.011386 -0.397395 0.917577
vn 0.022700 -0.792255 0.609767
vn 0.022700 -0.792256 0.609767
vn 0.028641 -0.999590 -0.000000
vn 0.028641 -0.999590 -0.000000
vn 0.022700 -0.792256 -0.609767
vn 0.022700 -0.792256 -0.609767
vn 0.011387 -0.397395 -0.917577
vn 0.011386 -0.397395 -0.917577
vn 0.000000 0.000000 -1.000000
vn -0.000000 0.000000 -1.000000
vn -0.011386 0.397395 -0.917577
vn -0.011386 0.397395 -0.917577
vn -0.022700 0.792255 -0.609768
vn -0.022700 0.792255 -0.609768
vn -0.028641 0.999590 0.000000
vn -0.028641 0.999590 0.000000
vn -0.999590 -0.028641 0.000000
vn -0.999590 -0.028641 0.000000
vn -0.999590 -0.028641 0.000000
vn -0.999590 -0.028641 0.000000
vn -0.999590 -0.028641 0.000000
vn -0.999590 -0.028641 0.000000
vn -0.999590 -0.028641 0.000000
vn -0.999590 -0.028641 0.000000
vn -0.999590 -0.028642 0.000000
vn -0.999590 -0.028641 0.000000
vn -0.999590 -0.028642 0.000000
vn -0.999590 -0.028641 0.000000
vn -0.999590 -0.028641 0.000000
vn -0.999590 -0.028641 0.000000
vn -0.999590 -0.028641 0.000000
vn -0.999590 -0.028641 0.000000
vn -0.999590 -0.028640 0.000000
vn -0.999590 -0.028640 0.000000
vn -0.999590 -0.028640 0.000000
vn -0.999590 -0.028640 0.000000
vn -0.999590 -0.028640 0.000000
vn -0.999590 -0.028640 0.000000
vn -0.999590 -0.028641 0.000000
vn -0.999590 -0.028641 0.000000
vn -0.999590 -0.028641 0.000000
vn -0.999590 -0.028641 0.000000
vn -0.999590 -0.028642 0.000000
vn -0.999590 -0.028642 0.000000
vn -0.999590 -0.028642 0.000000
vn -0.999590 -0.028641 0.000000
vn -0.999590 -0.028640 0.000000
vn -0.999590 -0.028641 0.000000
vn -0.999590 -0.028641 0.000000
vn -0.999590 -0.028641 0.000000
vn -0.999590 -0.028641 0.000000
vn -0.999590 -0.028641 0.000000
vn -0.999590 -0.028641 0.000000
vn -0.999590 -0.028641 0.000000
vn -0.999590 -0.028640 0.000000
vn -0.999590 -0.028640 0.000000
vn -0.999590 -0.028640 0.000000
vn -0.999590 -0.028640 0.000000
vn -0.999590 -0.028640 0.000000
vn -0.999590 -0.028640 0.000000
vn 0.999590 0.028641 0.000000
vn 0.999590 0.028641 0.000000
vn 0.999590 0.028641 0.000000
vn 0.999590 0.028641 0.000000
vn 0.999590 0.028640 0.000000
vn 0.999590 0.028641 0.000000
vn 0.999590 0.028641 0.000000
vn 0.999590 0.028641 0.000000
vn 0.999590 0.028641 0.000000
vn 0.999590 0.028641 0.000000
vn 0.999590 0.028641 0.000000
vn 0.999590 0.028641 0.000000
vn 0.999590 0.028641 0.000000
vn 0.999590 0.028641 0.000000
vn 0.999590 0.028641 0.000000
vn 0.999590 0.028641 0.000000
vn 0.999590 0.028640 0.000000
vn 0.999590 0.028640 0.000000
vn 0.999590 0.028640 0.000000
vn 0.999590 0.028640 0.000000
vn 0.999590 0.028640 0.000000
vn 0.999590 0.028640 0.000000
vn 0.999590 0.028641 0.000000
vn 0.999590 0.028641 0.000000
vn 0.999590 0.028641 0.000000
vn 0.999590 0.028641 0.000000
vn 0.999590 0.028641 0.000000
vn 0.999590 0.028641 0.000000
vn 0.999590 0.028641 0.000000
vn 0.999590 0.028641 0.000000
vn 0.999590 0.028641 0.000000
vn 0.999590 0.028641 0.000000
vn 0.999590 0.028641 0.000000
vn 0.999590 0.028641 0.000000
vn 0.999590 0.028641 0.000000
vn 0.999590 0.028641 0.000000
vn 0.999590 0.028641 0.000000
vn 0.999590 0.028641 0.000000
vn 0.999590 0.028640 0.000000
vn 0.999590 0.028640 0.000000
vn 0.999590 0.028640 0.000000
vn 0.999590 0.028640 0.000000
vn 0.999590 0.028640 0.000000
vn 0.999590 0.028640 0.000000
vn -0.070386 0.062208 -0.995578
vn -0.101207 0.082094 -0.991473
vn -0.120621 0.134867 -0.983495
vn -0.104301 0.095552 -0.989945
vn 0.159928 -0.987129 0.000000
vn 0.159947 -0.987126 -0.000000
vn 0.205016 -0.978759 -0.000016
vn 0.205701 -0.978615 -0.000016
vn 0.005009 -0.044383 -0.999002
vn -0.022718 0.104563 -0.994259
vn -0.014017 0.099740 -0.994915
vn 0.005393 -0.041085 -0.999141
vn -0.040612 0.215942 -0.975561
vn -0.027873 0.195665 -0.980275
vn -0.004146 0.089300 -0.995996
vn -0.002136 0.087445 -0.996167
vn 0.001794 -0.035036 -0.999385
vn 0.001027 -0.035405 -0.999373
vn -0.008896 0.186443 -0.982426
vn -0.004854 0.184631 -0.982796
vn 0.051715 -0.998662 0.000000
vn 0.051715 -0.998662 0.000000
vn 0.029005 -0.999579 0.000000
vn 0.029005 -0.999579 0.000000
vn 0.121567 -0.992583 0.000000
vn 0.121567 -0.992583 0.000000
vn -0.100633 0.191950 -0.976232
vn 0.223407 -0.974725 -0.000018
vn -0.110879 0.080583 -0.990562
vn 0.068495 -0.997652 0.000000
vn 0.068495 -0.997652 0.000000
vn 0.091136 -0.995839 0.000000
vn 0.091136 -0.995839 0.000000
vn -0.009766 0.091949 -0.995716
vn -0.006437 0.089930 -0.995927
vn 0.003145 -0.033955 -0.999418
vn 0.002175 -0.033256 -0.999445
vn -0.021128 0.201023 -0.979359
vn -0.014129 0.197083 -0.980285
vn -0.070386 0.062208 0.995578
vn -0.120621 0.134867 0.983495
vn -0.101207 0.082094 0.991473
vn -0.104301 0.095552 0.989945
vn 0.205701 -0.978615 0.000016
vn 0.159946 -0.987126 0.000000
vn 0.205016 -0.978759 0.000016
vn 0.159928 -0.987129 0.000000
vn -0.022718 0.104563 0.994259
vn 0.005009 -0.044383 0.999002
vn -0.014017 0.099740 0.994915
vn 0.005393 -0.041085 0.999141
vn -0.040612 0.215942 0.975561
vn -0.027873 0.195665 0.980275
vn 0.001027 -0.035405 0.999373
vn -0.002136 0.087445 0.996167
vn 0.001794 -0.035036 0.999385
vn -0.004146 0.089300 0.995996
vn -0.004854 0.184631 0.982796
vn -0.008896 0.186443 0.982425
vn 0.051715 -0.998662 0.000000
vn 0.029005 -0.999579 0.000000
vn 0.051715 -0.998662 0.000000
vn 0.029005 -0.999579 0.000000
vn 0.121567 -0.992583 0.000000
vn 0.121567 -0.992583 0.000000
vn -0.100633 0.191950 0.976232
vn 0.223405 -0.974726 0.000018
vn -0.110879 0.080583 0.990562
vn 0.068495 -0.997652 0.000000
vn 0.091136 -0.995839 0.000000
vn 0.068495 -0.997652 0.000000
vn 0.091136 -0.995839 0.000000
vn 0.002175 -0.033256 0.999445
vn -0.006437 0.089930 0.995927
vn 0.003145 -0.033955 0.999418
vn -0.009766 0.091949 0.995716
vn -0.014129 0.197083 0.980285
vn -0.021128 0.201023 0.979359
vn -0.486096 -0.013928 0.873794
vn -0.000000 0.000000 1.000000
vn -0.283997 0.346813 0.893905
vn -0.153440 0.380071 0.912142
vn 0.178202 -0.000318 0.983994
vn -0.285674 0.278695 0.916908
vn 0.019557 -0.006102 0.999790
vn -0.191709 0.348213 0.917603
vn 0.572815 -0.105512 0.812865
vn 0.093136 0.433712 0.896225
vn 0.000000 0.000000 1.000000
vn -0.000000 0.000000 1.000000
vn -0.607823 -0.017416 0.793881
vn -0.456802 0.447019 0.769094
vn -0.286703 0.712418 0.640517
vn -0.342721 0.752249 0.562728
vn -0.567215 0.623327 0.538266
vn -0.615683 0.659464 0.431325
vn 0.184342 0.866720 0.463480
vn 0.553480 0.684680 0.474209
vn 0.568763 -0.822501 0.000000
vn 0.428943 -0.903332 0.000000
vn 0.437691 -0.899125 0.000000
vn 0.855781 -0.517338 0.000000
vn 0.859583 -0.510995 0.000000
vn 0.999590 0.028642 0.000000
vn 0.999590 0.028642 0.000000
vn -0.306174 0.928593 0.209698
vn -0.424552 0.882980 0.200252
vn -0.650389 0.740380 0.169799
vn -0.661120 0.730880 0.169514
vn 0.171852 0.959928 0.221369
vn 0.578977 0.784399 0.222494
vn 0.602127 -0.798397 -0.002106
vn 0.429864 -0.902893 0.000000
vn 0.856755 -0.515724 0.000000
vn 0.999590 0.028642 0.000000
vn -0.263673 -0.362505 0.893905
vn -0.131426 -0.388233 0.912142
vn -0.171456 -0.358619 0.917603
vn -0.269247 -0.294596 0.916908
vn 0.019175 0.007212 0.999790
vn 0.177891 0.010521 0.983994
vn 0.117817 -0.427667 0.896226
vn 0.565834 0.138136 0.812865
vn -0.430457 -0.472442 0.769094
vn -0.245441 -0.727665 0.640517
vn -0.299087 -0.770638 0.562729
vn -0.530594 -0.654783 0.538266
vn -0.576913 -0.693636 0.431324
vn 0.233666 -0.854743 0.463480
vn 0.591774 -0.651866 0.474209
vn 0.520736 0.853718 0.000000
vn 0.385491 0.922712 0.000000
vn 0.376516 0.926410 0.000000
vn 0.828915 0.559375 0.000000
vn 0.824755 0.565490 0.000000
vn -0.252503 -0.944600 0.209697
vn -0.373298 -0.905841 0.200252
vn -0.606929 -0.776406 0.169798
vn -0.618185 -0.767536 0.169514
vn 0.226534 -0.948514 0.221368
vn 0.622941 -0.749961 0.222494
vn 0.555425 0.831564 -0.002105
vn 0.377461 0.926025 0.000000
vn 0.825820 0.563934 0.000000
vn 0.645182 -0.729793 0.226147
vn 0.645548 -0.599379 0.473300
vn 0.339981 -0.902729 0.263618
vn 0.179240 -0.771700 0.610207
vn 0.070450 -0.110263 0.991403
vn 0.544034 -0.114776 0.831176
vn 0.518361 0.147154 0.842406
vn 0.068107 0.112739 0.991288
vn 0.610170 0.635359 0.473299
vn 0.134759 0.780698 0.610206
vn 0.287734 0.920714 0.263618
vn 0.602338 0.765537 0.226146
vn 0.907643 -0.396979 0.136351
vn 0.999590 0.028642 0.000002
vn 0.920589 -0.272687 0.279567
vn 0.832147 -0.034756 0.553465
vn 0.864416 0.097752 0.493183
vn 0.903466 0.324951 0.279566
vn 0.883424 0.448298 0.136349
vn 0.016153 -0.563748 0.825789
vn 0.027564 -0.961968 0.271770
vn 0.001701 -0.059379 0.998234
vn -0.001701 0.059379 0.998234
vn -0.016153 0.563750 0.825788
vn -0.027563 0.961968 0.271768
vn -0.486096 -0.013928 -0.873794
vn -0.283997 0.346813 -0.893905
vn -0.000000 0.000000 -1.000000
vn -0.153440 0.380071 -0.912142
vn -0.191709 0.348213 -0.917603
vn -0.285674 0.278695 -0.916908
vn 0.019557 -0.006102 -0.999790
vn 0.178202 -0.000318 -0.983994
vn 0.093136 0.433712 -0.896225
vn 0.572815 -0.105512 -0.812865
vn 0.000000 0.000000 -1.000000
vn -0.000000 0.000000 -1.000000
vn -0.607823 -0.017416 -0.793881
vn -0.456802 0.447019 -0.769094
vn -0.286703 0.712418 -0.640517
vn -0.342721 0.752249 -0.562728
vn -0.567215 0.623327 -0.538266
vn -0.615683 0.659464 -0.431325
vn 0.184342 0.866720 -0.463480
vn 0.553480 0.684680 -0.474209
vn 0.568763 -0.822502 0.000000
vn 0.437691 -0.899125 0.000000
vn 0.428943 -0.903332 0.000000
vn 0.859583 -0.510995 0.000000
vn 0.855781 -0.517338 0.000000
vn 0.999590 0.028642 0.000000
vn 0.999590 0.028642 0.000000
vn -0.306174 0.928593 -0.209697
vn -0.424552 0.882980 -0.200252
vn -0.650389 0.740380 -0.169799
vn -0.661120 0.730880 -0.169514
vn 0.171852 0.959928 -0.221369
vn 0.578977 0.784399 -0.222494
vn 0.602127 -0.798397 0.002106
vn 0.429864 -0.902893 0.000000
vn 0.856755 -0.515724 0.000000
vn 0.999590 0.028642 0.000000
vn -0.263673 -0.362505 -0.893905
vn -0.131426 -0.388233 -0.912142
vn 0.177891 0.010521 -0.983994
vn -0.269247 -0.294596 -0.916908
vn 0.019175 0.007212 -0.999790
vn -0.171456 -0.358619 -0.917603
vn 0.565834 0.138136 -0.812865
vn 0.117817 -0.427667 -0.896226
vn -0.430457 -0.472442 -0.769094
vn -0.245441 -0.727665 -0.640517
vn -0.299087 -0.770638 -0.562729
vn -0.530594 -0.654782 -0.538266
vn -0.576913 -0.693636 -0.431324
vn 0.233666 -0.854743 -0.463480
vn 0.591774 -0.651866 -0.474209
vn 0.520736 0.853718 0.000000
vn 0.376516 0.926410 0.000000
vn 0.385491 0.922712 0.000000
vn 0.824755 0.565490 0.000000
vn 0.828915 0.559375 0.000000
vn -0.252503 -0.944600 -0.209697
vn -0.373298 -0.905841 -0.200252
vn -0.606929 -0.776406 -0.169798
vn -0.618185 -0.767536 -0.169514
vn 0.226534 -0.948514 -0.221369
vn 0.622940 -0.749961 -0.222494
vn 0.555425 0.831564 0.002105
vn 0.377461 0.926025 0.000000
vn 0.825820 0.563934 0.000000
vn 0.179240 -0.771699 -0.610207
vn 0.645548 -0.599379 -0.473300
vn 0.339981 -0.902729 -0.263618
vn 0.645182 -0.729793 -0.226147
vn 0.070450 -0.110263 -0.991403
vn 0.544034 -0.114776 -0.831176
vn 0.518361 0.147154 -0.842406
vn 0.068107 0.112739 -0.991288
vn 0.134759 0.780698 -0.610206
vn 0.610170 0.635359 -0.473299
vn 0.287734 0.920714 -0.263618
vn 0.602338 0.765537 -0.226146
vn 0.907643 -0.396979 -0.136351
vn 0.920589 -0.272687 -0.279567
vn 0.999590 0.028642 -0.000002
vn 0.832147 -0.034757 -0.553465
vn 0.864416 0.097751 -0.493183
vn 0.903466 0.324950 -0.279566
vn 0.883424 0.448298 -0.136349
vn 0.027564 -0.961968 -0.271770
vn 0.016153 -0.563748 -0.825789
vn 0.001701 -0.059379 -0.998234
vn -0.001701 0.059379 -0.998234
vn -0.016153 0.563750 -0.825788
vn -0.027563 0.961968 -0.271769
vn 0.075002 -0.935821 -0.344403
vn 0.068895 -0.781911 -0.619571
vn 0.025374 -0.938332 -0.344804
vn 0.021365 -0.779742 -0.625736
vn 0.050940 -0.386521 -0.920873
vn 0.010280 -0.383478 -0.923493
vn 0.037434 0.001073 -0.999299
vn -0.000230 -0.000007 -1.000000
vn 0.028725 0.388805 -0.920872
vn -0.011694 0.383439 -0.923492
vn 0.024011 0.784574 -0.619571
vn -0.023317 0.779686 -0.625737
vn 0.021295 0.938580 -0.344403
vn -0.028395 0.938243 -0.344810
vn -0.021687 0.938426 -0.344800
vn 0.030407 0.938000 -0.345298
vn -0.017491 0.784356 -0.620065
vn 0.035082 0.788092 -0.614557
vn -0.006822 0.388110 -0.921588
vn 0.043449 0.392573 -0.918694
vn 0.003969 0.000114 -0.999992
vn 0.059873 0.001716 -0.998205
vn 0.015411 -0.387863 -0.921588
vn 0.065856 -0.389442 -0.918694
vn 0.027448 -0.784070 -0.620066
vn 0.080149 -0.784790 -0.614558
vn 0.032080 -0.938128 -0.344800
vn 0.084066 -0.934719 -0.345302
vn 0.037760 0.001082 -0.999286
vn 0.043024 -0.458201 -0.887807
vn 0.053690 -0.829271 -0.556261
vn 0.055610 -0.934075 -0.352720
vn 0.006120 0.830984 -0.556263
vn 0.002034 0.935726 -0.352723
vn 0.016718 0.459912 -0.887807
vn -0.030314 0.385902 -0.922042
vn 0.008168 0.387004 -0.922042
vn -0.044892 0.781638 -0.622115
vn 0.000063 0.782926 -0.622115
vn 0.017960 0.000515 -0.999839
vn -0.017960 -0.000515 -0.999839
vn 0.030314 -0.385902 -0.922042
vn -0.008168 -0.387004 -0.922042
vn 0.044892 -0.781639 -0.622113
vn -0.000063 -0.782928 -0.622113
vn 0.050338 -0.937357 -0.344714
vn 0.003417 -0.938702 -0.344713
vn -0.003417 0.938701 -0.344717
vn -0.050337 0.937356 -0.344716
vn -0.046829 0.937529 -0.344740
vn -0.041542 0.783744 -0.619693
vn -0.027619 0.387564 -0.921429
vn -0.015163 -0.000434 -0.999885
vn -0.005382 -0.388509 -0.921429
vn 0.003402 -0.784837 -0.619693
vn 0.006929 -0.938674 -0.344737
vn 0.075002 -0.935821 0.344403
vn 0.025374 -0.938332 0.344804
vn 0.068895 -0.781911 0.619571
vn 0.021365 -0.779742 0.625736
vn 0.050940 -0.386521 0.920873
vn 0.010280 -0.383478 0.923493
vn 0.037434 0.001073 0.999299
vn -0.000230 -0.000007 1.000000
vn -0.011694 0.383439 0.923492
vn 0.028725 0.388805 0.920872
vn -0.023317 0.779686 0.625737
vn 0.024011 0.784574 0.619571
vn -0.028395 0.938243 0.344810
vn 0.021295 0.938580 0.344403
vn 0.035082 0.788092 0.614557
vn 0.030407 0.938000 0.345298
vn -0.017491 0.784356 0.620065
vn -0.021687 0.938426 0.344800
vn 0.043449 0.392573 0.918694
vn -0.006822 0.388110 0.921588
vn 0.059873 0.001715 0.998205
vn 0.003969 0.000114 0.999992
vn 0.015411 -0.387863 0.921588
vn 0.065856 -0.389442 0.918694
vn 0.027448 -0.784070 0.620066
vn 0.080149 -0.784790 0.614558
vn 0.032080 -0.938128 0.344800
vn 0.084066 -0.934719 0.345302
vn 0.043024 -0.458201 0.887807
vn 0.037760 0.001082 0.999286
vn 0.053690 -0.829271 0.556261
vn 0.055610 -0.934075 0.352720
vn 0.006120 0.830984 0.556263
vn 0.002034 0.935726 0.352723
vn 0.016718 0.459912 0.887807
vn -0.030314 0.385902 0.922042
vn -0.044892 0.781638 0.622115
vn 0.008168 0.387004 0.922042
vn 0.000063 0.782926 0.622115
vn 0.017960 0.000515 0.999839
vn -0.017960 -0.000515 0.999839
vn 0.030314 -0.385902 0.922042
vn -0.008168 -0.387004 0.922042
vn 0.044892 -0.781639 0.622113
vn -0.000063 -0.782928 0.622113
vn 0.050338 -0.937357 0.344714
vn 0.003417 -0.938702 0.344713
vn -0.003417 0.938701 0.344717
vn -0.050337 0.937356 0.344716
vn -0.041542 0.783744 0.619693
vn -0.046829 0.937529 0.344740
vn -0.027619 0.387564 0.921429
vn -0.015163 -0.000434 0.999885
vn -0.005383 -0.388509 0.921429
vn 0.003402 -0.784837 0.619693
vn 0.006929 -0.938674 0.344737
vn 0.423998 -0.730292 -0.535630
vn 0.363946 -0.382841 -0.849103
vn 0.420216 -0.712943 -0.561365
vn 0.361008 -0.361862 -0.859493
vn 0.331560 0.009500 -0.943386
vn 0.331371 0.009494 -0.943453
vn 0.339703 0.381939 -0.859491
vn 0.341435 0.403056 -0.849099
vn 0.378709 0.735833 -0.561364
vn 0.381492 0.753371 -0.535628
vn 0.407123 0.913374 0.000000
vn 0.407372 0.913262 0.000000
vn 0.381491 0.753370 0.535628
vn 0.378709 0.735833 0.561364
vn 0.341437 0.403055 0.849098
vn 0.339705 0.381938 0.859490
vn 0.331559 0.009500 0.943387
vn 0.331369 0.009494 0.943453
vn 0.361010 -0.361861 0.859493
vn 0.363948 -0.382841 0.849102
vn 0.420216 -0.712943 0.561365
vn 0.423998 -0.730292 0.535630
vn 0.458746 -0.888568 0.000000
vn 0.458988 -0.888442 0.000001
vn 0.396844 0.752681 0.525344
vn 0.362770 0.404235 0.839638
vn 0.394798 0.737260 0.548253
vn 0.361501 0.385237 0.849064
vn 0.355281 0.010180 0.934704
vn 0.355165 0.010177 0.934748
vn 0.385310 -0.382798 0.839644
vn 0.382955 -0.363910 0.849067
vn 0.439306 -0.728717 0.525340
vn 0.436381 -0.713435 0.548253
vn 0.469799 -0.882773 -0.000000
vn 0.469666 -0.882844 -0.000000
vn 0.439306 -0.728718 -0.525339
vn 0.436380 -0.713436 -0.548252
vn 0.385309 -0.382797 -0.839645
vn 0.382954 -0.363909 -0.849068
vn 0.355279 0.010180 -0.934705
vn 0.355163 0.010176 -0.934749
vn 0.362768 0.404235 -0.839639
vn 0.361499 0.385237 -0.849065
vn 0.396844 0.752680 -0.525344
vn 0.394799 0.737259 -0.548254
vn 0.418504 0.908215 -0.000000
vn 0.418363 0.908280 -0.000000
vn 0.999590 0.028639 -0.000001
vn 0.999590 0.028646 0.000001
vn 0.999590 0.028639 -0.000001
vn 0.999590 0.028646 0.000001
vn 0.999590 0.028641 0.000000
vn 0.999590 0.028641 -0.000000
vn 0.999590 0.028640 -0.000000
vn 0.999590 0.028640 -0.000001
vn 0.999590 0.028642 0.000000
vn 0.999590 0.028642 0.000000
vn 0.999590 0.028639 0.000000
vn 0.999590 0.028640 0.000000
vn 0.999590 0.028643 -0.000000
vn 0.999590 0.028642 -0.000000
vn 0.999590 0.028640 0.000001
vn 0.999590 0.028640 0.000000
vn 0.999590 0.028641 0.000000
vn 0.999590 0.028641 0.000000
vn 0.999590 0.028640 0.000001
vn 0.999590 0.028639 0.000001
vn 0.999590 0.028643 -0.000001
vn 0.999590 0.028642 -0.000001
vn 0.999590 0.028640 -0.000000
vn 0.999590 0.028640 -0.000000
vn -0.423996 0.730291 -0.535633
vn -0.363945 0.382846 -0.849102
vn -0.420213 0.712943 -0.561368
vn -0.361008 0.361867 -0.859492
vn -0.331559 -0.009500 -0.943387
vn -0.331370 -0.009495 -0.943453
vn -0.339703 -0.381938 -0.859491
vn -0.341436 -0.403055 -0.849099
vn -0.378712 -0.735832 -0.561363
vn -0.381495 -0.753370 -0.535627
vn -0.407125 -0.913372 -0.000001
vn -0.407374 -0.913261 -0.000001
vn -0.381494 -0.753370 0.535627
vn -0.378711 -0.735832 0.561363
vn -0.341437 -0.403054 0.849098
vn -0.339705 -0.381938 0.859491
vn -0.331559 -0.009500 0.943387
vn -0.331369 -0.009495 0.943453
vn -0.361009 0.361865 0.859492
vn -0.363946 0.382844 0.849101
vn -0.420213 0.712943 0.561367
vn -0.423996 0.730291 0.535633
vn -0.458748 0.888566 -0.000001
vn -0.458991 0.888441 -0.000001
vn -0.396845 -0.752681 0.525343
vn -0.362771 -0.404232 0.839639
vn -0.394800 -0.737259 0.548253
vn -0.361502 -0.385234 0.849065
vn -0.355281 -0.010183 0.934704
vn -0.355165 -0.010180 0.934748
vn -0.385310 0.382798 0.839644
vn -0.382956 0.363910 0.849067
vn -0.439307 0.728718 0.525338
vn -0.436382 0.713437 0.548251
vn -0.469798 0.882774 0.000000
vn -0.469665 0.882845 -0.000000
vn -0.439308 0.728717 -0.525338
vn -0.436382 0.713436 -0.548252
vn -0.385309 0.382799 -0.839644
vn -0.382954 0.363911 -0.849067
vn -0.355279 -0.010182 -0.934705
vn -0.355163 -0.010179 -0.934749
vn -0.362769 -0.404233 -0.839639
vn -0.361500 -0.385235 -0.849065
vn -0.396846 -0.752681 -0.525343
vn -0.394800 -0.737260 -0.548253
vn -0.418506 -0.908214 0.000000
vn -0.418365 -0.908279 0.000000
vn -0.999590 -0.028641 0.000001
vn -0.999590 -0.028638 -0.000000
vn -0.999590 -0.028641 0.000001
vn -0.999590 -0.028638 -0.000000
vn -0.999590 -0.028641 0.000000
vn -0.999590 -0.028641 0.000000
vn -0.999590 -0.028640 -0.000001
vn -0.999590 -0.028640 -0.000001
vn -0.999590 -0.028641 0.000000
vn -0.999590 -0.028641 0.000000
vn -0.999590 -0.028646 0.000000
vn -0.999590 -0.028645 0.000000
vn -0.999590 -0.028639 -0.000000
vn -0.999590 -0.028640 -0.000000
vn -0.999590 -0.028641 0.000001
vn -0.999590 -0.028641 0.000001
vn -0.999590 -0.028639 0.000000
vn -0.999590 -0.028640 -0.000000
vn -0.999590 -0.028642 -0.000001
vn -0.999590 -0.028642 -0.000001
vn -0.999590 -0.028641 0.000000
vn -0.999590 -0.028641 0.000000
vn -0.999590 -0.028640 -0.000000
vn -0.999590 -0.028640 -0.000000
s 1
g blade
f 1666/2295/2847 1656/2296/2848 1665/2298/2849
f 1665/2298/2849 1656/2296/2848 1657/2297/2850
s 2
f 1658/2299/2851 1662/2300/2852 1659/2302/2853
f 1659/2302/2853 1662/2300/2852 1663/2301/2854
s 3
f 1660/2303/2855 1661/2304/2856 1656/2296/2857
f 1656/2296/2857 1661/2304/2856 1657/2297/2858
s 4
f 1658/2299/2859 1659/2302/2860 1660/2303/2861
f 1660/2303/2861 1659/2302/2860 1661/2304/2862
s 5
f 1661/2304/2863 1659/2302/2864 1664/2306/2865
f 1664/2306/2865 1659/2302/2864 1663/2305/2866
s 6
f 1661/2304/2867 1664/2306/2868 1657/2297/2869
f 1657/2297/2869 1664/2306/2868 1665/2307/2870
s 7
f 1677/2308/2871 1676/2309/2872 1667/2311/2873
f 1667/2311/2873 1676/2309/2872 1668/2310/2874
s 8
f 1669/2312/2875 1670/2313/2876 1673/2315/2877
f 1673/2315/2877 1670/2313/2876 1674/2314/2878
s 9
f 1668/2310/2879 1672/2316/2880 1667/2311/2881
f 1667/2311/2881 1672/2316/2880 1671/2317/2882
s 10
f 1672/2316/2883 1670/2313/2884 1671/2317/2885
f 1671/2317/2885 1670/2313/2884 1669/2312/2886
s 11
f 1672/2316/2887 1675/2318/2888 1670/2313/2889
f 1670/2313/2889 1675/2318/2888 1674/2319/2890
s 12
f 1672/2316/2891 1668/2310/2892 1675/2318/2893
f 1675/2318/2893 1668/2310/2892 1676/2320/2894
s 13
f 1686/2321/2895 1688/2324/2896 1687/2322/2897
f 1687/2322/2897 1688/2324/2896 1689/2323/2898
f 1688/2324/2896 1690/2326/2899 1689/2323/2898
f 1689/2323/2898 1690/2326/2899 1691/2325/2900
f 1690/2326/2899 1692/2328/2901 1691/2325/2900
f 1691/2325/2900 1692/2328/2901 1693/2327/2902
s 14
f 1678/2329/2903 1682/2332/2904 1679/2330/2905
f 1679/2330/2905 1682/2332/2904 1683/2331/2906
f 1679/2330/2905 1683/2331/2906 1680/2333/2907
f 1680/2333/2907 1683/2331/2906 1684/2334/2908
f 1680/2333/2907 1684/2334/2908 1681/2335/2909
f 1681/2335/2909 1684/2334/2908 1685/2336/2910
s 15
f 1679/2330/2911 1688/2338/2912 1678/2329/2913
f 1678/2329/2913 1688/2338/2912 1686/2337/2914
s 16
f 1683/2331/2915 1682/2332/2916 1689/2339/2917
f 1689/2339/2917 1682/2332/2916 1687/2340/2918
s 15
f 1679/2330/2911 1680/2333/2919 1688/2338/2912
f 1688/2338/2912 1680/2333/2919 1690/2341/2920
s 16
f 1683/2331/2915 1689/2339/2917 1684/2334/2921
f 1684/2334/2921 1689/2339/2917 1691/2342/2922
s 15
f 1680/2333/2919 1681/2335/2923 1690/2341/2920
f 1690/2341/2920 1681/2335/2923 1692/2343/2924
s 16
f 1684/2334/2921 1691/2342/2922 1685/2336/2925
f 1685/2336/2925 1691/2342/2922 1693/2344/2926
s 13
f 1682/2332/2927 1678/2329/2928 1687/2345/2897
f 1687/2345/2897 1678/2329/2928 1686/2346/2895
f 1700/2347/2929 1701/2350/2930 1702/2348/2931
f 1702/2348/2931 1701/2350/2930 1703/2349/2932
f 1702/2348/2931 1703/2349/2932 1704/2351/2933
f 1704/2351/2933 1703/2349/2932 1705/2352/2934
f 1704/2351/2933 1705/2352/2934 1692/2328/2901
f 1692/2328/2901 1705/2352/2934 1693/2327/2902
s 14
f 1694/2353/2935 1695/2356/2936 1697/2354/2937
f 1697/2354/2937 1695/2356/2936 1698/2355/2938
f 1695/2356/2936 1696/2358/2939 1698/2355/2938
f 1698/2355/2938 1696/2358/2939 1699/2357/2940
f 1696/2358/2939 1681/2335/2909 1699/2357/2940
f 1699/2357/2940 1681/2335/2909 1685/2336/2910
s 15
f 1700/2360/2941 1702/2359/2942 1694/2353/2943
f 1694/2353/2943 1702/2359/2942 1695/2356/2944
s 16
f 1698/2355/2945 1703/2362/2946 1697/2354/2947
f 1697/2354/2947 1703/2362/2946 1701/2361/2948
s 15
f 1695/2356/2944 1702/2359/2942 1696/2358/2949
f 1696/2358/2949 1702/2359/2942 1704/2363/2950
s 16
f 1705/2364/2951 1703/2362/2946 1699/2357/2952
f 1699/2357/2952 1703/2362/2946 1698/2355/2945
s 15
f 1696/2358/2949 1704/2363/2950 1681/2335/2923
f 1681/2335/2923 1704/2363/2950 1692/2343/2924
s 16
f 1693/2344/2926 1705/2364/2951 1685/2336/2925
f 1685/2336/2925 1705/2364/2951 1699/2357/2952
s 13
f 1697/2354/2953 1701/2366/2930 1694/2353/2954
f 1694/2353/2954 1701/2366/2930 1700/2365/2929
s 21
f 1710/2367/2955 1712/2368/2956 1711/2370/2957
f 1711/2370/2957 1712/2368/2956 1713/2369/2958
f 1712/2368/2956 1715/2371/2959 1713/2369/2958
f 1713/2369/2958 1715/2371/2959 1716/2372/2960
s 22
f 1706/2373/2961 1708/2374/2962 1707/2376/2963
f 1707/2376/2963 1708/2374/2962 1709/2375/2964
f 1707/2376/2963 1709/2375/2964 1714/2378/2965
f 1714/2378/2965 1709/2375/2964 1717/2377/2966
s 23
f 1707/2380/2967 1712/2368/2968 1706/2379/2969
f 1706/2379/2969 1712/2368/2968 1710/2367/2970
s 24
f 1709/2381/2971 1708/2382/2972 1713/2369/2973
f 1713/2369/2973 1708/2382/2972 1711/2370/2974
s 23
f 1714/2383/2975 1715/2371/2976 1707/2380/2967
f 1707/2380/2967 1715/2371/2976 1712/2368/2968
s 24
f 1717/2384/2977 1709/2381/2971 1716/2372/2978
f 1716/2372/2978 1709/2381/2971 1713/2369/2973
s 23
f 1718/2386/2979 1706/2379/2969 1719/2385/2980
f 1719/2385/2980 1706/2379/2969 1710/2367/2970
s 21
f 1720/2387/2981 1719/2385/2982 1711/2370/2957
f 1711/2370/2957 1719/2385/2982 1710/2367/2955
s 24
f 1721/2388/2983 1720/2387/2984 1708/2382/2972
f 1708/2382/2972 1720/2387/2984 1711/2370/2974
s 22
f 1718/2389/2985 1721/2390/2986 1706/2373/2961
f 1706/2373/2961 1721/2390/2986 1708/2374/2962
s 25
f 1720/2391/2987 1721/2390/2988 1719/2392/2989
f 1719/2392/2989 1721/2390/2988 1718/2389/2990
s 26
f 1715/2393/2991 1714/2378/2992 1716/2394/2993
f 1716/2394/2993 1714/2378/2992 1717/2377/2994
s 27
f 1726/2395/2995 1727/2396/2996 1728/2398/2997
f 1728/2398/2997 1727/2396/2996 1729/2397/2998
f 1728/2398/2997 1729/2397/2998 1731/2400/2999
f 1731/2400/2999 1729/2397/2998 1732/2399/3000
s 28
f 1722/2401/3001 1723/2402/3002 1724/2404/3003
f 1724/2404/3003 1723/2402/3002 1725/2403/3004
f 1723/2402/3002 1730/2405/3005 1725/2403/3004
f 1725/2403/3004 1730/2405/3005 1733/2406/3006
s 29
f 1726/2395/3007 1728/2398/3008 1722/2407/3009
f 1722/2407/3009 1728/2398/3008 1723/2408/3010
s 30
f 1725/2409/3011 1729/2397/3012 1724/2410/3013
f 1724/2410/3013 1729/2397/3012 1727/2396/3014
s 29
f 1728/2398/3008 1731/2400/3015 1723/2408/3010
f 1723/2408/3010 1731/2400/3015 1730/2411/3016
s 30
f 1729/2397/3012 1725/2409/3011 1732/2399/3017
f 1732/2399/3017 1725/2409/3011 1733/2412/3018
s 29
f 1726/2395/3007 1722/2407/3009 1735/2413/3019
f 1735/2413/3019 1722/2407/3009 1734/2414/3020
s 27
f 1736/2415/3021 1727/2396/2996 1735/2413/3022
f 1735/2413/3022 1727/2396/2996 1726/2395/2995
s 30
f 1727/2396/3014 1736/2415/3023 1724/2410/3013
f 1724/2410/3013 1736/2415/3023 1737/2416/3024
s 28
f 1734/2417/3025 1722/2401/3001 1737/2418/3026
f 1737/2418/3026 1722/2401/3001 1724/2404/3003
s 31
f 1736/2419/3027 1735/2420/3028 1737/2418/3029
f 1737/2418/3029 1735/2420/3028 1734/2417/3030
s 32
f 1731/2421/3031 1732/2422/3032 1730/2405/3033
f 1730/2405/3033 1732/2422/3032 1733/2406/3034
s 33
f 1742/2423/3035 1744/2424/3036 1743/2426/3037
f 1743/2426/3037 1744/2424/3036 1745/2425/3038
f 1744/2424/3036 1747/2427/3039 1745/2425/3038
f 1745/2425/3038 1747/2427/3039 1748/2428/3040
s 34
f 1738/2429/3041 1740/2430/3042 1739/2432/3043
f 1739/2432/3043 1740/2430/3042 1741/2431/3044
f 1739/2432/3043 1741/2431/3044 1746/2434/3045
f 1746/2434/3045 1741/2431/3044 1749/2433/3046
s 35
f 1739/2436/3047 1744/2424/3048 1738/2435/3049
f 1738/2435/3049 1744/2424/3048 1742/2423/3050
s 36
f 1741/2437/3051 1740/2438/3052 1745/2425/3053
f 1745/2425/3053 1740/2438/3052 1743/2426/3054
s 35
f 1746/2439/3055 1747/2427/3056 1739/2436/3047
f 1739/2436/3047 1747/2427/3056 1744/2424/3048
s 36
f 1749/2440/3057 1741/2437/3051 1748/2428/3058
f 1748/2428/3058 1741/2437/3051 1745/2425/3053
s 35
f 1750/2442/3059 1738/2435/3049 1751/2441/3060
f 1751/2441/3060 1738/2435/3049 1742/2423/3050
s 33
f 1752/2443/3061 1751/2441/3062 1743/2426/3037
f 1743/2426/3037 1751/2441/3062 1742/2423/3035
s 36
f 1753/2444/3063 1752/2443/3064 1740/2438/3052
f 1740/2438/3052 1752/2443/3064 1743/2426/3054
s 34
f 1750/2445/3065 1753/2446/3066 1738/2429/3041
f 1738/2429/3041 1753/2446/3066 1740/2430/3042
s 37
f 1752/2447/3067 1753/2446/3068 1751/2448/3069
f 1751/2448/3069 1753/2446/3068 1750/2445/3070
s 38
f 1747/2449/3071 1746/2434/3072 1748/2450/3073
f 1748/2450/3073 1746/2434/3072 1749/2433/3074
s 39
f 1758/2451/3075 1759/2452/3076 1760/2454/3077
f 1760/2454/3077 1759/2452/3076 1761/2453/3078
f 1760/2454/3077 1761/2453/3078 1763/2456/3079
f 1763/2456/3079 1761/2453/3078 1764/2455/3080
s 40
f 1754/2457/3081 1755/2458/3082 1756/2460/3083
f 1756/2460/3083 1755/2458/3082 1757/2459/3084
f 1755/2458/3082 1762/2461/3085 1757/2459/3084
f 1757/2459/3084 1762/2461/3085 1765/2462/3086
s 41
f 1758/2451/3087 1760/2454/3088 1754/2463/3089
f 1754/2463/3089 1760/2454/3088 1755/2464/3090
s 42
f 1757/2465/3091 1761/2453/3092 1756/2466/3093
f 1756/2466/3093 1761/2453/3092 1759/2452/3094
s 41
f 1760/2454/3088 1763/2456/3095 1755/2464/3090
f 1755/2464/3090 1763/2456/3095 1762/2467/3096
s 42
f 1761/2453/3092 1757/2465/3091 1764/2455/3097
f 1764/2455/3097 1757/2465/3091 1765/2468/3098
s 41
f 1758/2451/3087 1754/2463/3089 1767/2469/3099
f 1767/2469/3099 1754/2463/3089 1766/2470/3100
s 39
f 1768/2471/3101 1759/2452/3076 1767/2469/3102
f 1767/2469/3102 1759/2452/3076 1758/2451/3075
s 42
f 1759/2452/3094 1768/2471/3103 1756/2466/3093
f 1756/2466/3093 1768/2471/3103 1769/2472/3104
s 40
f 1766/2473/3105 1754/2457/3081 1769/2474/3106
f 1769/2474/3106 1754/2457/3081 1756/2460/3083
s 43
f 1768/2475/3107 1767/2476/3108 1769/2474/3109
f 1769/2474/3109 1767/2476/3108 1766/2473/3110
s 44
f 1763/2477/3111 1764/2478/3112 1762/2461/3113
f 1762/2461/3113 1764/2478/3112 1765/2462/3114
s 45
f 1778/2479/3115 1779/2480/3116 1780/2482/3117
f 1780/2482/3117 1779/2480/3116 1781/2481/3118
f 1780/2482/3117 1781/2481/3118 1782/2484/3119
f 1782/2484/3119 1781/2481/3118 1783/2483/3120
f 1782/2484/3119 1783/2483/3120 1784/2486/3121
f 1784/2486/3121 1783/2483/3120 1785/2485/3122
s 46
f 1770/2487/3123 1771/2488/3124 1774/2490/3125
f 1774/2490/3125 1771/2488/3124 1775/2489/3126
f 1771/2488/3124 1772/2491/3127 1775/2489/3126
f 1775/2489/3126 1772/2491/3127 1776/2492/3128
f 1772/2491/3127 1773/2493/3129 1776/2492/3128
f 1776/2492/3128 1773/2493/3129 1777/2494/3130
s 47
f 1778/2495/3131 1780/2496/3132 1770/2487/3133
f 1770/2487/3133 1780/2496/3132 1771/2488/3134
s 48
f 1775/2489/3135 1781/2497/3136 1774/2490/3137
f 1774/2490/3137 1781/2497/3136 1779/2498/3138
s 47
f 1771/2488/3134 1780/2496/3132 1772/2491/3139
f 1772/2491/3139 1780/2496/3132 1782/2499/3140
s 48
f 1783/2500/3141 1781/2497/3136 1776/2492/3142
f 1776/2492/3142 1781/2497/3136 1775/2489/3135
s 47
f 1772/2491/3139 1782/2499/3140 1773/2493/3143
f 1773/2493/3143 1782/2499/3140 1784/2501/3144
s 48
f 1785/2502/3145 1783/2500/3141 1777/2494/3146
f 1777/2494/3146 1783/2500/3141 1776/2492/3142
s 45
f 1774/2490/3147 1779/2503/3116 1770/2487/3148
f 1770/2487/3148 1779/2503/3116 1778/2504/3115
f 1792/2505/3149 1794/2506/3150 1793/2508/3151
f 1793/2508/3151 1794/2506/3150 1795/2507/3152
f 1794/2506/3150 1796/2509/3153 1795/2507/3152
f 1795/2507/3152 1796/2509/3153 1797/2510/3154
f 1796/2509/3153 1784/2486/3121 1797/2510/3154
f 1797/2510/3154 1784/2486/3121 1785/2485/3122
s 46
f 1786/2511/3155 1789/2512/3156 1787/2514/3157
f 1787/2514/3157 1789/2512/3156 1790/2513/3158
f 1787/2514/3157 1790/2513/3158 1788/2516/3159
f 1788/2516/3159 1790/2513/3158 1791/2515/3160
f 1788/2516/3159 1791/2515/3160 1773/2493/3129
f 1773/2493/3129 1791/2515/3160 1777/2494/3130
s 47
f 1787/2514/3161 1794/2517/3162 1786/2511/3163
f 1786/2511/3163 1794/2517/3162 1792/2518/3164
s 48
f 1790/2513/3165 1789/2512/3166 1795/2520/3167
f 1795/2520/3167 1789/2512/3166 1793/2519/3168
s 47
f 1787/2514/3161 1788/2516/3169 1794/2517/3162
f 1794/2517/3162 1788/2516/3169 1796/2521/3170
s 48
f 1790/2513/3165 1795/2520/3167 1791/2515/3171
f 1791/2515/3171 1795/2520/3167 1797/2522/3172
s 47
f 1788/2516/3169 1773/2493/3143 1796/2521/3170
f 1796/2521/3170 1773/2493/3143 1784/2501/3144
s 48
f 1791/2515/3171 1797/2522/3172 1777/2494/3146
f 1777/2494/3146 1797/2522/3172 1785/2502/3145
s 45
f 1789/2512/3173 1786/2511/3174 1793/2524/3151
f 1793/2524/3151 1786/2511/3174 1792/2523/3149
s 53
f 1798/2525/3175 1799/2526/3176 1810/2528/3177
f 1810/2528/3177 1799/2526/3176 1811/2527/3178
f 1799/2526/3176 1800/2529/3179 1811/2527/3178
f 1811/2527/3178 1800/2529/3179 1812/2530/3180
f 1800/2529/3179 1801/2531/3181 1812/2530/3180
f 1812/2530/3180 1801/2531/3181 1813/2532/3182
f 1801/2531/3181 1802/2533/3183 1813/2532/3182
f 1813/2532/3182 1802/2533/3183 1814/2534/3184
f 1802/2533/3183 1803/2535/3185 1814/2534/3184
f 1814/2534/3184 1803/2535/3185 1815/2536/3186
f 1803/2535/3185 1804/2537/3187 1815/2536/3186
f 1815/2536/3186 1804/2537/3187 1816/2538/3188
f 1804/2537/3187 1805/2539/3189 1816/2538/3188
f 1816/2538/3188 1805/2539/3189 1817/2540/3190
f 1805/2539/3189 1806/2541/3191 1817/2540/3190
f 1817/2540/3190 1806/2541/3191 1818/2542/3192
f 1806/2541/3191 1807/2543/3193 1818/2542/3192
f 1818/2542/3192 1807/2543/3193 1819/2544/3194
f 1807/2543/3193 1808/2545/3195 1819/2544/3194
f 1819/2544/3194 1808/2545/3195 1820/2546/3196
f 1808/2545/3195 1809/2547/3197 1820/2546/3196
f 1820/2546/3196 1809/2547/3197 1821/2548/3198
f 1809/2549/3197 1798/2525/3175 1821/2550/3198
f 1821/2550/3198 1798/2525/3175 1810/2528/3177
s 54
f 1799/2551/3199 1798/2552/3200 1823/2554/3201
f 1823/2554/3201 1798/2552/3200 1822/2553/3202
s 55
f 1800/2555/3203 1799/2551/3204 1824/2556/3205
f 1824/2556/3205 1799/2551/3204 1823/2554/3206
s 56
f 1800/2555/3207 1824/2556/3208 1801/2557/3209
f 1801/2557/3209 1824/2556/3208 1825/2558/3210
s 57
f 1801/2557/3211 1825/2558/3212 1802/2559/3213
f 1802/2559/3213 1825/2558/3212 1826/2560/3214
s off
f 1803/2561/3215 1802/2559/3216 1826/2560/3217
f 1804/2562/3218 1803/2561/3219 1826/2560/3220
s 58
f 1805/2563/3221 1804/2562/3222 1825/2558/3223
f 1825/2558/3223 1804/2562/3222 1826/2560/3224
s 59
f 1806/2564/3225 1805/2563/3226 1824/2556/3227
f 1824/2556/3227 1805/2563/3226 1825/2558/3228
s 60
f 1806/2564/3229 1824/2556/3230 1807/2565/3231
f 1807/2565/3231 1824/2556/3230 1823/2554/3232
s 61
f 1807/2565/3233 1823/2554/3234 1808/2566/3235
f 1808/2566/3235 1823/2554/3234 1822/2553/3236
s off
f 1809/2567/3237 1808/2566/3238 1822/2553/3239
f 1798/2552/3240 1809/2567/3241 1822/2553/3242
s 62
f 1811/2569/3243 1828/2570/3244 1810/2568/3245
f 1810/2568/3245 1828/2570/3244 1827/2571/3246
s 63
f 1812/2572/3247 1829/2573/3248 1811/2569/3249
f 1811/2569/3249 1829/2573/3248 1828/2570/3250
s 64
f 1812/2572/3251 1813/2574/3252 1829/2573/3253
f 1829/2573/3253 1813/2574/3252 1830/2575/3254
s 65
f 1813/2574/3255 1814/2576/3256 1830/2575/3257
f 1830/2575/3257 1814/2576/3256 1831/2577/3258
s off
f 1814/2576/3259 1815/2578/3260 1831/2577/3261
f 1815/2578/3262 1816/2579/3263 1831/2577/3264
s 66
f 1817/2580/3265 1830/2575/3266 1816/2579/3267
f 1816/2579/3267 1830/2575/3266 1831/2577/3268
s 67
f 1818/2581/3269 1829/2573/3270 1817/2580/3271
f 1817/2580/3271 1829/2573/3270 1830/2575/3272
s 68
f 1818/2581/3273 1819/2582/3274 1829/2573/3275
f 1829/2573/3275 1819/2582/3274 1828/2570/3276
s 69
f 1819/2582/3277 1820/2583/3278 1828/2570/3279
f 1828/2570/3279 1820/2583/3278 1827/2571/3280
s off
f 1820/2583/3281 1821/2584/3282 1827/2571/3283
f 1821/2584/3284 1810/2568/3285 1827/2571/3286
s 70
f 1853/2585/3287 1846/2586/3288 1852/2588/3289
f 1852/2588/3289 1846/2586/3288 1834/2587/3290
s 71
f 1835/2589/3291 1850/2590/3292 1846/2586/3293
f 1846/2586/3293 1850/2590/3292 1854/2591/3294
s 70
f 1846/2586/3288 1853/2585/3287 1835/2589/3295
f 1835/2589/3295 1853/2585/3287 1832/2592/3296
f 1832/2592/3296 1838/2593/3297 1835/2589/3295
f 1835/2589/3295 1838/2593/3297 1837/2594/3298
f 1832/2592/3296 1833/2595/3299 1838/2593/3297
f 1838/2593/3297 1833/2595/3299 1839/2596/3300
f 1843/2598/3301 1842/2599/3302 1840/2597/3303
f 1840/2597/3303 1842/2599/3302 1841/2600/3304
f 1845/2601/3305 1844/2602/3306 1843/2598/3301
f 1843/2598/3301 1844/2602/3306 1842/2599/3302
s 71
f 1848/2603/3307 1840/2597/3308 1847/2604/3309
f 1847/2604/3309 1840/2597/3308 1841/2600/3310
f 1835/2589/3291 1837/2594/3311 1850/2590/3292
f 1850/2590/3292 1837/2594/3311 1849/2605/3312
s 70
f 1853/2585/3287 1851/2606/3313 1832/2592/3296
f 1832/2592/3296 1851/2606/3313 1833/2595/3299
s 71
f 1836/2607/3314 1846/2586/3293 1854/2591/3294
s 70
f 1846/2586/3288 1836/2607/3315 1834/2587/3290
f 1853/2585/3287 1852/2588/3289 1851/2606/3313
s 71
f 1855/2608/3316 1861/2609/3317 1856/2611/3318
f 1856/2611/3318 1861/2609/3317 1862/2610/3319
s 70
f 1857/2612/3320 1858/2613/3321 1856/2611/3322
f 1856/2611/3322 1858/2613/3321 1855/2608/3323
f 1859/2614/3324 1860/2615/3325 1857/2612/3320
f 1857/2612/3320 1860/2615/3325 1858/2613/3321
f 1838/2593/3297 1857/2612/3320 1837/2594/3298
f 1837/2594/3298 1857/2612/3320 1856/2611/3322
f 1839/2596/3300 1859/2614/3324 1838/2593/3297
f 1838/2593/3297 1859/2614/3324 1857/2612/3320
f 1858/2613/3321 1843/2598/3301 1855/2608/3323
f 1855/2608/3323 1843/2598/3301 1840/2597/3303
f 1860/2615/3325 1845/2601/3305 1858/2613/3321
f 1858/2613/3321 1845/2601/3305 1843/2598/3301
s 71
f 1855/2608/3316 1840/2597/3308 1861/2609/3317
f 1861/2609/3317 1840/2597/3308 1848/2603/3307
f 1837/2594/3311 1856/2611/3318 1849/2605/3312
f 1849/2605/3312 1856/2611/3318 1862/2610/3319
s 76
f 1872/2616/3326 1852/2617/3327 1871/2619/3328
f 1871/2619/3328 1852/2617/3327 1834/2618/3329
s 77
f 1854/2620/3330 1850/2621/3331 1871/2619/3332
f 1871/2619/3332 1850/2621/3331 1864/2622/3333
s 76
f 1863/2623/3334 1872/2616/3326 1864/2622/3335
f 1864/2622/3335 1872/2616/3326 1871/2619/3328
f 1863/2623/3334 1864/2622/3335 1866/2625/3336
f 1866/2625/3336 1864/2622/3335 1865/2624/3337
f 1863/2623/3334 1866/2625/3336 1833/2627/3338
f 1833/2627/3338 1866/2625/3336 1839/2626/3339
f 1868/2629/3340 1869/2630/3341 1867/2628/3342
f 1867/2628/3342 1869/2630/3341 1870/2631/3343
f 1869/2630/3341 1844/2632/3344 1870/2631/3343
f 1870/2631/3343 1844/2632/3344 1845/2633/3345
s 77
f 1848/2634/3346 1847/2635/3347 1867/2628/3348
f 1867/2628/3348 1847/2635/3347 1868/2629/3349
f 1864/2622/3333 1850/2621/3331 1865/2624/3350
f 1865/2624/3350 1850/2621/3331 1849/2636/3351
s 76
f 1833/2627/3338 1851/2637/3352 1863/2623/3334
f 1863/2623/3334 1851/2637/3352 1872/2616/3326
s 77
f 1836/2638/3353 1854/2620/3330 1871/2619/3332
s 76
f 1871/2619/3328 1834/2618/3329 1836/2638/3354
f 1872/2616/3326 1851/2637/3352 1852/2617/3327
s 77
f 1873/2639/3355 1874/2640/3356 1861/2642/3357
f 1861/2642/3357 1874/2640/3356 1862/2641/3358
s 76
f 1873/2639/3359 1876/2643/3360 1874/2640/3361
f 1874/2640/3361 1876/2643/3360 1875/2644/3362
f 1876/2643/3360 1860/2645/3363 1875/2644/3362
f 1875/2644/3362 1860/2645/3363 1859/2646/3364
f 1866/2625/3336 1865/2624/3337 1875/2644/3362
f 1875/2644/3362 1865/2624/3337 1874/2640/3361
f 1839/2626/3339 1866/2625/3336 1859/2646/3364
f 1859/2646/3364 1866/2625/3336 1875/2644/3362
f 1876/2643/3360 1873/2639/3359 1870/2631/3343
f 1870/2631/3343 1873/2639/3359 1867/2628/3342
f 1860/2645/3363 1876/2643/3360 1845/2633/3345
f 1845/2633/3345 1876/2643/3360 1870/2631/3343
s 77
f 1873/2639/3355 1861/2642/3357 1867/2628/3348
f 1867/2628/3348 1861/2642/3357 1848/2634/3346
f 1865/2624/3350 1849/2636/3351 1874/2640/3356
f 1874/2640/3356 1849/2636/3351 1862/2641/3358
s 83
f 1877/2647/3365 1880/2648/3366 1878/2650/3367
f 1878/2650/3367 1880/2648/3366 1879/2649/3368
f 1884/2652/3369 1883/2653/3370 1882/2651/3371
f 1882/2651/3371 1883/2653/3370 1881/2654/3372
f 1886/2655/3373 1885/2656/3374 1884/2652/3369
f 1884/2652/3369 1885/2656/3374 1883/2653/3370
f 1880/2648/3366 1887/2657/3375 1879/2649/3368
f 1879/2649/3368 1887/2657/3375 1881/2654/3372
f 1888/2658/3376 1882/2651/3371 1887/2657/3375
f 1887/2657/3375 1882/2651/3371 1881/2654/3372
f 1889/2659/3377 1877/2647/3365 1890/2660/3378
f 1890/2660/3378 1877/2647/3365 1878/2650/3367
f 1890/2660/3378 1878/2650/3367 1891/2661/3379
f 1891/2661/3379 1878/2650/3367 1879/2649/3368
f 1891/2661/3379 1879/2649/3368 1892/2662/3380
f 1892/2662/3380 1879/2649/3368 1881/2654/3372
f 1892/2662/3380 1881/2654/3372 1893/2663/3381
f 1893/2663/3381 1881/2654/3372 1883/2653/3370
f 1894/2664/3382 1893/2663/3381 1885/2656/3374
f 1885/2656/3374 1893/2663/3381 1883/2653/3370
f 1895/2665/3383 1894/2664/3382 1885/2656/3374
f 1895/2665/3383 1885/2656/3374 1896/2666/3384
f 1896/2666/3384 1885/2656/3374 1886/2655/3373
f 1897/2667/3385 1896/2668/3384 1886/2669/3373
f 1897/2667/3385 1886/2669/3373 1898/2670/3386
f 1898/2670/3386 1886/2669/3373 1884/2671/3387
f 1898/2670/3386 1884/2671/3387 1899/2672/3388
f 1899/2672/3388 1884/2671/3387 1882/2673/3389
f 1900/2674/3390 1899/2672/3388 1888/2675/3391
f 1888/2675/3391 1899/2672/3388 1882/2673/3389
f 1891/2661/3379 1892/2662/3380 1901/2677/3392
f 1901/2677/3392 1892/2662/3380 1902/2676/3393
f 1892/2662/3380 1893/2663/3381 1902/2676/3393
f 1902/2676/3393 1893/2663/3381 1903/2678/3394
f 1893/2663/3381 1894/2664/3382 1903/2678/3394
f 1903/2678/3394 1894/2664/3382 1904/2679/3395
f 1894/2664/3382 1895/2665/3383 1904/2679/3395
f 1904/2679/3395 1895/2665/3383 1905/2680/3396
f 1896/2666/3384 1906/2681/3397 1895/2665/3383
f 1895/2665/3383 1906/2681/3397 1905/2682/3396
f 1897/2667/3385 1907/2683/3398 1896/2668/3384
f 1896/2668/3384 1907/2683/3398 1906/2684/3397
f 1898/2670/3386 1908/2685/3399 1897/2667/3385
f 1897/2667/3385 1908/2685/3399 1907/2683/3398
f 1899/2672/3388 1909/2686/3400 1898/2670/3386
f 1898/2670/3386 1909/2686/3400 1908/2685/3399
f 1899/2672/3388 1900/2674/3390 1909/2686/3400
f 1909/2686/3400 1900/2674/3390 1910/2687/3401
f 1877/2647/3365 1911/2688/3402 1880/2648/3366
f 1880/2648/3366 1911/2688/3402 1912/2689/3403
f 1913/2691/3404 1915/2692/3405 1914/2690/3406
f 1914/2690/3406 1915/2692/3405 1916/2693/3407
f 1915/2692/3405 1917/2694/3408 1916/2693/3407
f 1916/2693/3407 1917/2694/3408 1918/2695/3409
f 1880/2648/3366 1912/2689/3403 1887/2657/3375
f 1887/2657/3375 1912/2689/3403 1913/2691/3404
f 1913/2691/3404 1914/2690/3406 1887/2657/3375
f 1887/2657/3375 1914/2690/3406 1888/2658/3376
f 1889/2659/3377 1919/2696/3410 1877/2647/3365
f 1877/2647/3365 1919/2696/3410 1911/2688/3402
f 1912/2689/3403 1911/2688/3402 1920/2697/3411
f 1920/2697/3411 1911/2688/3402 1919/2696/3410
f 1913/2691/3404 1912/2689/3403 1921/2698/3412
f 1921/2698/3412 1912/2689/3403 1920/2697/3411
f 1915/2692/3405 1913/2691/3404 1922/2699/3413
f 1922/2699/3413 1913/2691/3404 1921/2698/3412
f 1923/2700/3414 1917/2694/3408 1922/2699/3413
f 1922/2699/3413 1917/2694/3408 1915/2692/3405
f 1924/2701/3415 1917/2694/3408 1923/2700/3414
f 1918/2695/3409 1917/2694/3408 1925/2702/3416
f 1925/2702/3416 1917/2694/3408 1924/2701/3415
f 1926/2703/3417 1918/2704/3409 1925/2705/3416
f 1916/2707/3418 1918/2704/3409 1927/2706/3419
f 1927/2706/3419 1918/2704/3409 1926/2703/3417
f 1914/2709/3420 1916/2707/3418 1928/2708/3421
f 1928/2708/3421 1916/2707/3418 1927/2706/3419
f 1900/2674/3390 1888/2675/3391 1928/2708/3421
f 1928/2708/3421 1888/2675/3391 1914/2709/3420
f 1920/2697/3411 1929/2710/3422 1921/2698/3412
f 1921/2698/3412 1929/2710/3422 1930/2711/3423
f 1921/2698/3412 1930/2711/3423 1922/2699/3413
f 1922/2699/3413 1930/2711/3423 1931/2712/3424
f 1922/2699/3413 1931/2712/3424 1923/2700/3414
f 1923/2700/3414 1931/2712/3424 1932/2713/3425
f 1923/2700/3414 1932/2713/3425 1924/2701/3415
f 1924/2701/3415 1932/2713/3425 1933/2714/3426
f 1933/2715/3426 1934/2716/3427 1924/2701/3415
f 1924/2701/3415 1934/2716/3427 1925/2702/3416
f 1934/2717/3427 1935/2718/3428 1925/2705/3416
f 1925/2705/3416 1935/2718/3428 1926/2703/3417
f 1935/2718/3428 1936/2719/3429 1926/2703/3417
f 1926/2703/3417 1936/2719/3429 1927/2706/3419
f 1936/2719/3429 1937/2720/3430 1927/2706/3419
f 1927/2706/3419 1937/2720/3430 1928/2708/3421
f 1928/2708/3421 1937/2720/3430 1900/2674/3390
f 1900/2674/3390 1937/2720/3430 1910/2687/3401
s 91
f 1953/2722/3431 1952/2723/3432 1938/2721/3433
f 1938/2721/3433 1952/2723/3432 1939/2724/3434
f 1939/2724/3434 1952/2723/3432 1940/2726/3435
f 1940/2726/3435 1952/2723/3432 1951/2725/3436
f 1951/2725/3436 1956/2727/3437 1940/2726/3435
f 1940/2726/3435 1956/2727/3437 1941/2728/3438
f 1956/2727/3437 1955/2729/3439 1941/2728/3438
f 1941/2728/3438 1955/2729/3439 1942/2730/3440
f 1942/2730/3440 1955/2729/3439 1943/2732/3441
f 1943/2732/3441 1955/2729/3439 1954/2731/3442
f 1944/2733/3443 1950/2734/3444 1945/2735/3445
f 1945/2735/3445 1950/2734/3444 1946/2736/3446
f 1950/2734/3444 1947/2737/3447 1946/2736/3446
f 1947/2737/3447 1950/2734/3444 1948/2738/3448
f 1948/2738/3448 1950/2734/3444 1949/2739/3449
f 1947/2740/3447 1956/2727/3437 1946/2741/3446
f 1946/2741/3446 1956/2727/3437 1951/2725/3436
f 1952/2723/3432 1945/2742/3445 1951/2725/3436
f 1951/2725/3436 1945/2742/3445 1946/2741/3446
f 1953/2722/3431 1944/2743/3443 1952/2723/3432
f 1952/2723/3432 1944/2743/3443 1945/2742/3445
f 1948/2744/3448 1949/2745/3449 1955/2729/3439
f 1955/2729/3439 1949/2745/3449 1954/2731/3442
f 1947/2740/3447 1948/2744/3448 1956/2727/3437
f 1956/2727/3437 1948/2744/3448 1955/2729/3439
f 1958/2746/3450 1957/2747/3451 1939/2724/3434
f 1939/2724/3434 1957/2747/3451 1938/2721/3433
f 1959/2748/3452 1958/2746/3450 1940/2726/3435
f 1940/2726/3435 1958/2746/3450 1939/2724/3434
f 1959/2748/3452 1940/2726/3435 1960/2749/3453
f 1960/2749/3453 1940/2726/3435 1941/2728/3438
f 1942/2730/3440 1961/2750/3454 1941/2728/3438
f 1941/2728/3438 1961/2750/3454 1960/2749/3453
f 1943/2732/3441 1962/2751/3455 1942/2730/3440
f 1942/2730/3440 1962/2751/3455 1961/2750/3454
s 93
f 1963/2752/3456 1964/2753/3457 1966/2755/3458
f 1966/2755/3458 1964/2753/3457 1965/2754/3459
f 1967/2757/3460 1969/2758/3461 1968/2756/3462
f 1968/2756/3462 1969/2758/3461 1970/2759/3463
f 1969/2758/3461 1971/2760/3464 1970/2759/3463
f 1970/2759/3463 1971/2760/3464 1972/2761/3465
f 1966/2755/3458 1965/2754/3459 1973/2762/3466
f 1973/2762/3466 1965/2754/3459 1967/2757/3460
f 1967/2757/3460 1968/2756/3462 1973/2762/3466
f 1973/2762/3466 1968/2756/3462 1974/2763/3467
f 1975/2764/3468 1976/2765/3469 1963/2752/3456
f 1963/2752/3456 1976/2765/3469 1964/2753/3457
f 1965/2754/3459 1964/2753/3457 1977/2766/3470
f 1977/2766/3470 1964/2753/3457 1976/2765/3469
f 1967/2757/3460 1965/2754/3459 1978/2767/3471
f 1978/2767/3471 1965/2754/3459 1977/2766/3470
f 1969/2758/3461 1967/2757/3460 1979/2768/3472
f 1979/2768/3472 1967/2757/3460 1978/2767/3471
f 1980/2769/3473 1971/2760/3464 1979/2768/3472
f 1979/2768/3472 1971/2760/3464 1969/2758/3461
f 1981/2770/3474 1971/2760/3464 1980/2769/3473
f 1972/2761/3465 1971/2760/3464 1982/2771/3475
f 1982/2771/3475 1971/2760/3464 1981/2770/3474
f 1983/2772/3476 1972/2773/3465 1982/2774/3475
f 1970/2776/3477 1972/2773/3465 1984/2775/3478
f 1984/2775/3478 1972/2773/3465 1983/2772/3476
f 1968/2778/3479 1970/2776/3477 1985/2777/3480
f 1985/2777/3480 1970/2776/3477 1984/2775/3478
f 1986/2779/3481 1974/2780/3482 1985/2777/3480
f 1985/2777/3480 1974/2780/3482 1968/2778/3479
f 1977/2766/3470 1901/2781/3483 1978/2767/3471
f 1978/2767/3471 1901/2781/3483 1902/2782/3484
f 1978/2767/3471 1902/2782/3484 1979/2768/3472
f 1979/2768/3472 1902/2782/3484 1903/2783/3485
f 1979/2768/3472 1903/2783/3485 1980/2769/3473
f 1980/2769/3473 1903/2783/3485 1904/2784/3486
f 1980/2769/3473 1904/2784/3486 1981/2770/3474
f 1981/2770/3474 1904/2784/3486 1905/2785/3487
f 1905/2786/3487 1906/2787/3488 1981/2770/3474
f 1981/2770/3474 1906/2787/3488 1982/2771/3475
f 1906/2788/3488 1907/2789/3489 1982/2774/3475
f 1982/2774/3475 1907/2789/3489 1983/2772/3476
f 1907/2789/3489 1908/2790/3490 1983/2772/3476
f 1983/2772/3476 1908/2790/3490 1984/2775/3478
f 1908/2790/3490 1909/2791/3491 1984/2775/3478
f 1984/2775/3478 1909/2791/3491 1985/2777/3480
f 1985/2777/3480 1909/2791/3491 1986/2779/3481
f 1986/2779/3481 1909/2791/3491 1910/2792/3492
f 1963/2752/3456 1966/2755/3458 1987/2794/3493
f 1987/2794/3493 1966/2755/3458 1988/2793/3494
f 1992/2796/3495 1991/2797/3496 1990/2795/3497
f 1990/2795/3497 1991/2797/3496 1989/2798/3498
f 1994/2799/3499 1993/2800/3500 1992/2796/3495
f 1992/2796/3495 1993/2800/3500 1991/2797/3496
f 1966/2755/3458 1973/2762/3466 1988/2793/3494
f 1988/2793/3494 1973/2762/3466 1989/2798/3498
f 1974/2763/3467 1990/2795/3497 1973/2762/3466
f 1973/2762/3466 1990/2795/3497 1989/2798/3498
f 1975/2764/3468 1963/2752/3456 1995/2801/3501
f 1995/2801/3501 1963/2752/3456 1987/2794/3493
f 1995/2801/3501 1987/2794/3493 1996/2802/3502
f 1996/2802/3502 1987/2794/3493 1988/2793/3494
f 1996/2802/3502 1988/2793/3494 1997/2803/3503
f 1997/2803/3503 1988/2793/3494 1989/2798/3498
f 1997/2803/3503 1989/2798/3498 1998/2804/3504
f 1998/2804/3504 1989/2798/3498 1991/2797/3496
f 1999/2805/3505 1998/2804/3504 1993/2800/3500
f 1993/2800/3500 1998/2804/3504 1991/2797/3496
f 2000/2806/3506 1999/2805/3505 1993/2800/3500
f 2000/2806/3506 1993/2800/3500 2001/2807/3507
f 2001/2807/3507 1993/2800/3500 1994/2799/3499
f 2002/2808/3508 2001/2809/3507 1994/2810/3499
f 2002/2808/3508 1994/2810/3499 2003/2811/3509
f 2003/2811/3509 1994/2810/3499 1992/2812/3510
f 2003/2811/3509 1992/2812/3510 2004/2813/3511
f 2004/2813/3511 1992/2812/3510 1990/2814/3512
f 1986/2779/3481 2004/2813/3511 1974/2780/3482
f 1974/2780/3482 2004/2813/3511 1990/2814/3512
f 1996/2802/3502 1997/2803/3503 1929/2816/3513
f 1929/2816/3513 1997/2803/3503 1930/2815/3514
f 1997/2803/3503 1998/2804/3504 1930/2815/3514
f 1930/2815/3514 1998/2804/3504 1931/2817/3515
f 1998/2804/3504 1999/2805/3505 1931/2817/3515
f 1931/2817/3515 1999/2805/3505 1932/2818/3516
f 1999/2805/3505 2000/2806/3506 1932/2818/3516
f 1932/2818/3516 2000/2806/3506 1933/2819/3517
f 2001/2807/3507 1934/2820/3518 2000/2806/3506
f 2000/2806/3506 1934/2820/3518 1933/2821/3517
f 2002/2808/3508 1935/2822/3519 2001/2809/3507
f 2001/2809/3507 1935/2822/3519 1934/2823/3518
f 2003/2811/3509 1936/2824/3520 2002/2808/3508
f 2002/2808/3508 1936/2824/3520 1935/2822/3519
f 2004/2813/3511 1937/2825/3521 2003/2811/3509
f 2003/2811/3509 1937/2825/3521 1936/2824/3520
f 2004/2813/3511 1986/2779/3481 1937/2825/3521
f 1937/2825/3521 1986/2779/3481 1910/2792/3492
s 100
f 2005/2827/3522 2014/2828/3523 1938/2826/3524
f 1938/2826/3524 2014/2828/3523 1953/2829/3525
f 2005/2827/3522 2006/2830/3526 2014/2828/3523
f 2014/2828/3523 2006/2830/3526 2013/2831/3527
f 2013/2831/3527 2006/2830/3526 2016/2833/3528
f 2016/2833/3528 2006/2830/3526 2007/2832/3529
f 2008/2834/3530 2015/2835/3531 2007/2832/3529
f 2007/2832/3529 2015/2835/3531 2016/2833/3528
f 2008/2834/3530 1943/2836/3532 2015/2835/3531
f 2015/2835/3531 1943/2836/3532 1954/2837/3533
f 1944/2838/3534 2009/2839/3535 1950/2840/3536
f 2009/2839/3535 2010/2841/3537 1950/2840/3536
f 1950/2840/3536 2010/2841/3537 2011/2842/3538
f 2011/2842/3538 2012/2843/3539 1950/2840/3536
f 2012/2843/3539 1949/2844/3540 1950/2840/3536
f 2011/2845/3538 2010/2846/3537 2016/2833/3528
f 2016/2833/3528 2010/2846/3537 2013/2831/3527
f 2014/2828/3523 2013/2831/3527 2009/2847/3535
f 2009/2847/3535 2013/2831/3527 2010/2846/3537
f 1953/2829/3525 2014/2828/3523 1944/2848/3534
f 1944/2848/3534 2014/2828/3523 2009/2847/3535
f 1954/2837/3533 1949/2849/3540 2015/2835/3531
f 2015/2835/3531 1949/2849/3540 2012/2850/3539
f 2015/2835/3531 2012/2850/3539 2016/2833/3528
f 2016/2833/3528 2012/2850/3539 2011/2845/3538
f 1938/2826/3524 1957/2851/3541 2005/2827/3522
f 2005/2827/3522 1957/2851/3541 2017/2852/3542
f 2005/2827/3522 2017/2852/3542 2006/2830/3526
f 2006/2830/3526 2017/2852/3542 2018/2853/3543
f 2018/2853/3543 2019/2854/3544 2006/2830/3526
f 2006/2830/3526 2019/2854/3544 2007/2832/3529
f 2008/2834/3530 2007/2832/3529 2020/2855/3545
f 2020/2855/3545 2007/2832/3529 2019/2854/3544
f 1943/2836/3532 2008/2834/3530 1962/2856/3546
f 1962/2856/3546 2008/2834/3530 2020/2855/3545
s 103
f 2021/2857/3547 2022/2858/3548 2076/2860/3549
f 2076/2860/3549 2022/2858/3548 2075/2859/3550
f 2022/2858/3548 2023/2861/3551 2075/2859/3550
f 2075/2859/3550 2023/2861/3551 2074/2862/3552
f 2023/2861/3551 2024/2863/3553 2074/2862/3552
f 2074/2862/3552 2024/2863/3553 2073/2864/3554
f 2025/2865/3555 2072/2866/3556 2024/2863/3553
f 2024/2863/3553 2072/2866/3556 2073/2864/3554
f 2026/2867/3557 2071/2868/3558 2025/2865/3555
f 2025/2865/3555 2071/2868/3558 2072/2866/3556
f 2027/2869/3559 2070/2870/3560 2026/2867/3557
f 2026/2867/3557 2070/2870/3560 2071/2868/3558
f 2035/2872/3561 2053/2873/3562 2036/2871/3563
f 2036/2871/3563 2053/2873/3562 2054/2874/3564
f 2036/2871/3563 2054/2874/3564 2037/2875/3565
f 2037/2875/3565 2054/2874/3564 2055/2876/3566
f 2037/2875/3565 2055/2876/3566 2038/2877/3567
f 2038/2877/3567 2055/2876/3566 2049/2878/3568
f 2039/2879/3569 2038/2877/3567 2050/2880/3570
f 2050/2880/3570 2038/2877/3567 2049/2878/3568
f 2040/2881/3571 2039/2879/3569 2051/2882/3572
f 2051/2882/3572 2039/2879/3569 2050/2880/3570
f 2041/2883/3573 2040/2881/3571 2052/2884/3574
f 2052/2884/3574 2040/2881/3571 2051/2882/3572
f 2049/2878/3568 2031/2885/3575 2050/2880/3570
f 2050/2880/3570 2031/2885/3575 2030/2886/3576
f 2050/2880/3570 2030/2886/3576 2051/2882/3572
f 2051/2882/3572 2030/2886/3576 2029/2887/3577
f 2051/2882/3572 2029/2887/3577 2052/2884/3574
f 2052/2884/3574 2029/2887/3577 2028/2888/3578
f 2054/2874/3564 2053/2873/3562 2033/2890/3579
f 2033/2890/3579 2053/2873/3562 2034/2889/3580
f 2055/2876/3566 2054/2874/3564 2032/2891/3581
f 2032/2891/3581 2054/2874/3564 2033/2890/3579
f 2049/2878/3568 2055/2876/3566 2031/2885/3575
f 2031/2885/3575 2055/2876/3566 2032/2891/3581
f 2056/2892/3582 2057/2893/3583 2069/2895/3584
f 2069/2895/3584 2057/2893/3583 2068/2894/3585
f 2057/2893/3583 2056/2892/3582 2058/2897/3586
f 2058/2897/3586 2056/2892/3582 2059/2896/3587
f 2058/2897/3586 2059/2896/3587 2060/2899/3588
f 2060/2899/3588 2059/2896/3587 2061/2898/3589
f 2060/2899/3588 2061/2898/3589 2062/2901/3590
f 2062/2901/3590 2061/2898/3589 2063/2900/3591
f 2062/2901/3590 2063/2900/3591 2064/2903/3592
f 2064/2903/3592 2063/2900/3591 2065/2902/3593
f 2066/2904/3594 2067/2905/3595 2068/2894/3585
f 2068/2894/3585 2067/2905/3595 2069/2895/3584
f 2042/2907/3596 2066/2904/3594 2043/2906/3597
f 2043/2906/3597 2066/2904/3594 2068/2894/3585
f 2043/2906/3597 2068/2894/3585 2044/2908/3598
f 2044/2908/3598 2068/2894/3585 2057/2893/3583
f 2044/2908/3598 2057/2893/3583 2045/2909/3599
f 2045/2909/3599 2057/2893/3583 2058/2897/3586
f 2046/2910/3600 2045/2909/3599 2060/2899/3588
f 2060/2899/3588 2045/2909/3599 2058/2897/3586
f 2047/2911/3601 2046/2910/3600 2062/2901/3590
f 2062/2901/3590 2046/2910/3600 2060/2899/3588
f 2048/2912/3602 2047/2911/3601 2064/2903/3592
f 2064/2903/3592 2047/2911/3601 2062/2901/3590
f 2059/2896/3587 2056/2892/3582 2038/2877/3567
f 2038/2877/3567 2056/2892/3582 2037/2875/3565
f 2059/2896/3587 2038/2877/3567 2061/2898/3589
f 2061/2898/3589 2038/2877/3567 2039/2879/3569
f 2061/2898/3589 2039/2879/3569 2063/2900/3591
f 2063/2900/3591 2039/2879/3569 2040/2881/3571
f 2063/2900/3591 2040/2881/3571 2065/2902/3593
f 2065/2902/3593 2040/2881/3571 2041/2883/3573
f 2069/2895/3584 2067/2905/3595 2036/2871/3563
f 2036/2871/3563 2067/2905/3595 2035/2872/3561
f 2056/2892/3582 2069/2895/3584 2037/2875/3565
f 2037/2875/3565 2069/2895/3584 2036/2871/3563
f 2071/2868/3558 2070/2870/3560 2043/2906/3597
f 2043/2906/3597 2070/2870/3560 2042/2907/3596
f 2072/2866/3556 2071/2868/3558 2044/2908/3598
f 2044/2908/3598 2071/2868/3558 2043/2906/3597
f 2073/2864/3554 2072/2866/3556 2045/2909/3599
f 2045/2909/3599 2072/2866/3556 2044/2908/3598
f 2073/2864/3554 2045/2909/3599 2074/2862/3552
f 2074/2862/3552 2045/2909/3599 2046/2910/3600
f 2074/2862/3552 2046/2910/3600 2075/2859/3550
f 2075/2859/3550 2046/2910/3600 2047/2911/3601
f 2075/2859/3550 2047/2911/3601 2076/2860/3549
f 2076/2860/3549 2047/2911/3601 2048/2912/3602
s 114
f 2021/2913/3603 2076/2914/3604 2077/2916/3605
f 2077/2916/3605 2076/2914/3604 2116/2915/3606
f 2077/2916/3605 2116/2915/3606 2078/2918/3607
f 2078/2918/3607 2116/2915/3606 2115/2917/3608
f 2078/2918/3607 2115/2917/3608 2079/2920/3609
f 2079/2920/3609 2115/2917/3608 2114/2919/3610
f 2114/2919/3610 2113/2921/3611 2079/2920/3609
f 2079/2920/3609 2113/2921/3611 2080/2922/3612
f 2113/2921/3611 2112/2923/3613 2080/2922/3612
f 2080/2922/3612 2112/2923/3613 2081/2924/3614
f 2112/2923/3613 2070/2925/3615 2081/2924/3614
f 2081/2924/3614 2070/2925/3615 2027/2926/3616
f 2100/2928/3617 2053/2929/3618 2087/2927/3619
f 2087/2927/3619 2053/2929/3618 2035/2930/3620
f 2101/2932/3621 2100/2928/3617 2088/2931/3622
f 2088/2931/3622 2100/2928/3617 2087/2927/3619
f 2097/2934/3623 2101/2932/3621 2089/2933/3624
f 2089/2933/3624 2101/2932/3621 2088/2931/3622
f 2090/2935/3625 2098/2936/3626 2089/2933/3624
f 2089/2933/3624 2098/2936/3626 2097/2934/3623
f 2091/2937/3627 2099/2938/3628 2090/2935/3625
f 2090/2935/3625 2099/2938/3628 2098/2936/3626
f 2041/2939/3629 2052/2940/3630 2091/2937/3627
f 2091/2937/3627 2052/2940/3630 2099/2938/3628
f 2083/2941/3631 2084/2942/3632 2098/2936/3626
f 2098/2936/3626 2084/2942/3632 2097/2934/3623
f 2082/2943/3633 2083/2941/3631 2099/2938/3628
f 2099/2938/3628 2083/2941/3631 2098/2936/3626
f 2028/2944/3634 2082/2943/3633 2052/2940/3630
f 2052/2940/3630 2082/2943/3633 2099/2938/3628
f 2100/2928/3617 2086/2945/3635 2053/2929/3618
f 2053/2929/3618 2086/2945/3635 2034/2946/3636
f 2101/2932/3621 2085/2947/3637 2100/2928/3617
f 2100/2928/3617 2085/2947/3637 2086/2945/3635
f 2097/2934/3623 2084/2942/3632 2101/2932/3621
f 2101/2932/3621 2084/2942/3632 2085/2947/3637
f 2102/2948/3638 2111/2949/3639 2103/2951/3640
f 2103/2951/3640 2111/2949/3639 2110/2950/3641
f 2103/2951/3640 2104/2952/3642 2102/2948/3638
f 2102/2948/3638 2104/2952/3642 2105/2953/3643
f 2104/2952/3642 2106/2954/3644 2105/2953/3643
f 2105/2953/3643 2106/2954/3644 2107/2955/3645
f 2106/2954/3644 2108/2956/3646 2107/2955/3645
f 2107/2955/3645 2108/2956/3646 2109/2957/3647
f 2108/2956/3646 2064/2958/3648 2109/2957/3647
f 2109/2957/3647 2064/2958/3648 2065/2959/3649
f 2066/2960/3650 2110/2950/3641 2067/2961/3651
f 2067/2961/3651 2110/2950/3641 2111/2949/3639
f 2110/2950/3641 2066/2960/3650 2092/2962/3652
f 2092/2962/3652 2066/2960/3650 2042/2963/3653
f 2103/2951/3640 2110/2950/3641 2093/2964/3654
f 2093/2964/3654 2110/2950/3641 2092/2962/3652
f 2104/2952/3642 2103/2951/3640 2094/2965/3655
f 2094/2965/3655 2103/2951/3640 2093/2964/3654
f 2095/2966/3656 2106/2954/3644 2094/2965/3655
f 2094/2965/3655 2106/2954/3644 2104/2952/3642
f 2096/2967/3657 2108/2956/3646 2095/2966/3656
f 2095/2966/3656 2108/2956/3646 2106/2954/3644
f 2048/2968/3658 2064/2958/3648 2096/2967/3657
f 2096/2967/3657 2064/2958/3648 2108/2956/3646
f 2105/2953/3643 2089/2933/3624 2102/2948/3638
f 2102/2948/3638 2089/2933/3624 2088/2931/3622
f 2090/2935/3625 2089/2933/3624 2107/2955/3645
f 2107/2955/3645 2089/2933/3624 2105/2953/3643
f 2091/2937/3627 2090/2935/3625 2109/2957/3647
f 2109/2957/3647 2090/2935/3625 2107/2955/3645
f 2041/2939/3629 2091/2937/3627 2065/2959/3649
f 2065/2959/3649 2091/2937/3627 2109/2957/3647
f 2111/2949/3639 2087/2927/3619 2067/2961/3651
f 2067/2961/3651 2087/2927/3619 2035/2930/3620
f 2102/2948/3638 2088/2931/3622 2111/2949/3639
f 2111/2949/3639 2088/2931/3622 2087/2927/3619
f 2112/2923/3613 2092/2962/3652 2070/2925/3615
f 2070/2925/3615 2092/2962/3652 2042/2963/3653
f 2113/2921/3611 2093/2964/3654 2112/2923/3613
f 2112/2923/3613 2093/2964/3654 2092/2962/3652
f 2114/2919/3610 2094/2965/3655 2113/2921/3611
f 2113/2921/3611 2094/2965/3655 2093/2964/3654
f 2095/2966/3656 2094/2965/3655 2115/2917/3608
f 2115/2917/3608 2094/2965/3655 2114/2919/3610
f 2096/2967/3657 2095/2966/3656 2116/2915/3606
f 2116/2915/3606 2095/2966/3656 2115/2917/3608
f 2048/2968/3658 2096/2967/3657 2076/2914/3604
f 2076/2914/3604 2096/2967/3657 2116/2915/3606
s 122
f 2144/2970/3659 2143/2971/3660 2141/2969/3661
f 2141/2969/3661 2143/2971/3660 2142/2972/3662
f 2143/2971/3660 2146/2973/3663 2142/2972/3662
f 2142/2972/3662 2146/2973/3663 2145/2974/3664
f 2145/2974/3664 2146/2973/3663 2147/2976/3665
f 2147/2976/3665 2146/2973/3663 2148/2975/3666
f 2147/2976/3665 2148/2975/3666 2149/2978/3667
f 2149/2978/3667 2148/2975/3666 2150/2977/3668
f 2149/2978/3667 2150/2977/3668 2151/2980/3669
f 2151/2980/3669 2150/2977/3668 2152/2979/3670
f 2152/2979/3670 2154/2981/3671 2151/2980/3669
f 2151/2980/3669 2154/2981/3671 2153/2982/3672
f 2154/2981/3671 2156/2983/3673 2153/2982/3672
f 2153/2982/3672 2156/2983/3673 2155/2984/3674
f 2156/2983/3673 2158/2985/3675 2155/2984/3674
f 2155/2984/3674 2158/2985/3675 2157/2986/3676
f 2157/2986/3676 2158/2985/3675 2159/2988/3677
f 2159/2988/3677 2158/2985/3675 2160/2987/3678
f 2159/2988/3677 2160/2987/3678 2161/2990/3679
f 2161/2990/3679 2160/2987/3678 2162/2989/3680
f 2161/2990/3679 2162/2989/3680 2163/2992/3681
f 2163/2992/3681 2162/2989/3680 2164/2991/3682
f 2164/2991/3682 2144/2970/3659 2163/2992/3681
f 2163/2992/3681 2144/2970/3659 2141/2969/3661
s 123
f 2117/2993/3683 2118/2994/3684 2129/2996/3685
f 2129/2996/3685 2118/2994/3684 2130/2995/3686
f 2118/2994/3684 2119/2997/3687 2130/2995/3686
f 2130/2995/3686 2119/2997/3687 2131/2998/3688
f 2120/2999/3689 2132/3000/3690 2119/2997/3687
f 2119/2997/3687 2132/3000/3690 2131/2998/3688
f 2121/3001/3691 2133/3002/3692 2120/2999/3689
f 2120/2999/3689 2133/3002/3692 2132/3000/3690
f 2122/3003/3693 2134/3004/3694 2121/3001/3691
f 2121/3001/3691 2134/3004/3694 2133/3002/3692
f 2122/3003/3693 2123/3005/3695 2134/3004/3694
f 2134/3004/3694 2123/3005/3695 2135/3006/3696
f 2123/3005/3695 2124/3007/3697 2135/3006/3696
f 2135/3006/3696 2124/3007/3697 2136/3008/3698
f 2124/3007/3697 2125/3009/3699 2136/3008/3698
f 2136/3008/3698 2125/3009/3699 2137/3010/3700
f 2126/3011/3701 2138/3012/3702 2125/3009/3699
f 2125/3009/3699 2138/3012/3702 2137/3010/3700
f 2127/3013/3703 2139/3014/3704 2126/3011/3701
f 2126/3011/3701 2139/3014/3704 2138/3012/3702
f 2128/3015/3705 2140/3016/3706 2127/3013/3703
f 2127/3013/3703 2140/3016/3706 2139/3014/3704
f 2128/3015/3705 2117/2993/3683 2140/3016/3706
f 2140/3016/3706 2117/2993/3683 2129/2996/3685
s 130
f 2143/2971/3707 2144/2970/3708 2130/2995/3709
f 2130/2995/3709 2144/2970/3708 2129/2996/3710
f 2146/2973/3711 2143/2971/3707 2131/2998/3712
f 2131/2998/3712 2143/2971/3707 2130/2995/3709
f 2132/3000/3713 2148/2975/3714 2131/2998/3712
f 2131/2998/3712 2148/2975/3714 2146/2973/3711
f 2133/3002/3715 2150/2977/3716 2132/3000/3713
f 2132/3000/3713 2150/2977/3716 2148/2975/3714
f 2134/3004/3717 2152/2979/3718 2133/3002/3715
f 2133/3002/3715 2152/2979/3718 2150/2977/3716
f 2154/2981/3719 2152/2979/3718 2135/3006/3720
f 2135/3006/3720 2152/2979/3718 2134/3004/3717
f 2156/2983/3721 2154/2981/3719 2136/3008/3722
f 2136/3008/3722 2154/2981/3719 2135/3006/3720
f 2158/2985/3723 2156/2983/3721 2137/3010/3724
f 2137/3010/3724 2156/2983/3721 2136/3008/3722
f 2138/3012/3725 2160/2987/3726 2137/3010/3724
f 2137/3010/3724 2160/2987/3726 2158/2985/3723
f 2139/3014/3727 2162/2989/3728 2138/3012/3725
f 2138/3012/3725 2162/2989/3728 2160/2987/3726
f 2140/3016/3729 2164/2991/3730 2139/3014/3727
f 2139/3014/3727 2164/2991/3730 2162/2989/3728
f 2144/2970/3708 2164/2991/3730 2129/2996/3710
f 2129/2996/3710 2164/2991/3730 2140/3016/3729
s 137
f 2192/3018/3731 2191/3019/3732 2189/3017/3733
f 2189/3017/3733 2191/3019/3732 2190/3020/3734
f 2191/3019/3732 2194/3021/3735 2190/3020/3734
f 2190/3020/3734 2194/3021/3735 2193/3022/3736
f 2193/3022/3736 2194/3021/3735 2195/3024/3737
f 2195/3024/3737 2194/3021/3735 2196/3023/3738
f 2195/3024/3737 2196/3023/3738 2197/3026/3739
f 2197/3026/3739 2196/3023/3738 2198/3025/3740
f 2197/3026/3739 2198/3025/3740 2199/3028/3741
f 2199/3028/3741 2198/3025/3740 2200/3027/3742
f 2200/3027/3742 2202/3029/3743 2199/3028/3741
f 2199/3028/3741 2202/3029/3743 2201/3030/3744
f 2202/3029/3743 2204/3031/3745 2201/3030/3744
f 2201/3030/3744 2204/3031/3745 2203/3032/3746
f 2204/3031/3745 2206/3033/3747 2203/3032/3746
f 2203/3032/3746 2206/3033/3747 2205/3034/3748
f 2205/3034/3748 2206/3033/3747 2207/3036/3749
f 2207/3036/3749 2206/3033/3747 2208/3035/3750
f 2207/3036/3749 2208/3035/3750 2209/3038/3751
f 2209/3038/3751 2208/3035/3750 2210/3037/3752
f 2209/3038/3751 2210/3037/3752 2211/3040/3753
f 2211/3040/3753 2210/3037/3752 2212/3039/3754
f 2212/3039/3754 2192/3018/3731 2211/3040/3753
f 2211/3040/3753 2192/3018/3731 2189/3017/3733
s 138
f 2165/3041/3755 2166/3042/3756 2177/3044/3757
f 2177/3044/3757 2166/3042/3756 2178/3043/3758
f 2166/3042/3756 2167/3045/3759 2178/3043/3758
f 2178/3043/3758 2167/3045/3759 2179/3046/3760
f 2168/3047/3761 2180/3048/3762 2167/3045/3759
f 2167/3045/3759 2180/3048/3762 2179/3046/3760
f 2169/3049/3763 2181/3050/3764 2168/3047/3761
f 2168/3047/3761 2181/3050/3764 2180/3048/3762
f 2170/3051/3765 2182/3052/3766 2169/3049/3763
f 2169/3049/3763 2182/3052/3766 2181/3050/3764
f 2170/3051/3765 2171/3053/3767 2182/3052/3766
f 2182/3052/3766 2171/3053/3767 2183/3054/3768
f 2171/3053/3767 2172/3055/3769 2183/3054/3768
f 2183/3054/3768 2172/3055/3769 2184/3056/3770
f 2172/3055/3769 2173/3057/3771 2184/3056/3770
f 2184/3056/3770 2173/3057/3771 2185/3058/3772
f 2174/3059/3773 2186/3060/3774 2173/3057/3771
f 2173/3057/3771 2186/3060/3774 2185/3058/3772
f 2175/3061/3775 2187/3062/3776 2174/3059/3773
f 2174/3059/3773 2187/3062/3776 2186/3060/3774
f 2176/3063/3777 2188/3064/3778 2175/3061/3775
f 2175/3061/3775 2188/3064/3778 2187/3062/3776
f 2176/3063/3777 2165/3041/3755 2188/3064/3778
f 2188/3064/3778 2165/3041/3755 2177/3044/3757
s 145
f 2191/3019/3779 2192/3018/3780 2178/3043/3781
f 2178/3043/3781 2192/3018/3780 2177/3044/3782
f 2194/3021/3783 2191/3019/3779 2179/3046/3784
f 2179/3046/3784 2191/3019/3779 2178/3043/3781
f 2180/3048/3785 2196/3023/3786 2179/3046/3784
f 2179/3046/3784 2196/3023/3786 2194/3021/3783
f 2181/3050/3787 2198/3025/3788 2180/3048/3785
f 2180/3048/3785 2198/3025/3788 2196/3023/3786
f 2182/3052/3789 2200/3027/3790 2181/3050/3787
f 2181/3050/3787 2200/3027/3790 2198/3025/3788
f 2202/3029/3791 2200/3027/3790 2183/3054/3792
f 2183/3054/3792 2200/3027/3790 2182/3052/3789
f 2204/3031/3793 2202/3029/3791 2184/3056/3794
f 2184/3056/3794 2202/3029/3791 2183/3054/3792
f 2206/3033/3795 2204/3031/3793 2185/3058/3796
f 2185/3058/3796 2204/3031/3793 2184/3056/3794
f 2186/3060/3797 2208/3035/3798 2185/3058/3796
f 2185/3058/3796 2208/3035/3798 2206/3033/3795
f 2187/3062/3799 2210/3037/3800 2186/3060/3797
f 2186/3060/3797 2210/3037/3800 2208/3035/3798
f 2188/3064/3801 2212/3039/3802 2187/3062/3799
f 2187/3062/3799 2212/3039/3802 2210/3037/3800
f 2192/3018/3780 2212/3039/3802 2177/3044/3782
f 2177/3044/3782 2212/3039/3802 2188/3064/3801
g default
v -43.979412 43.914230 18.732080
v -38.871689 38.211838 18.732080
v -51.387512 37.385284 18.273682
v -46.279785 31.682892 18.273682
v -47.891327 40.466553 18.971573
v -42.783604 34.764160 18.971573
v -51.387512 37.385284 17.392944
v -46.279785 31.682892 17.392944
v -42.783604 34.764160 17.392944
v -38.871689 38.211838 17.392944
v -43.979412 43.914230 17.392944
v -43.979412 43.914230 16.053808
v -38.871689 38.211838 16.053808
v -51.387512 37.385284 16.512207
v -46.279785 31.682892 16.512207
v -47.891327 40.466553 15.814317
v -42.783604 34.764160 15.814317
v -51.387512 37.385284 17.392944
v -46.279785 31.682892 17.392944
v -42.783604 34.764160 17.392944
v -38.871689 38.211838 17.392944
v -43.979412 43.914230 17.392944
v -40.091438 48.186279 18.888159
v -40.783863 47.576019 21.473110
v -43.769852 44.944397 24.459995
v -47.848789 41.349518 25.553268
v -42.991646 51.477020 18.888159
v -43.684071 50.866760 21.473110
v -46.670059 48.235138 24.459995
v -50.748993 44.640259 25.553268
v -40.658722 47.686310 18.709122
v -43.558929 50.977051 18.709122
v -41.281342 47.137573 20.984550
v -44.181549 50.428314 20.984550
v -44.027096 44.717682 23.694443
v -46.927303 48.008423 23.694443
v -47.848789 41.349518 24.710073
v -50.748993 44.640259 24.710073
v -55.606140 34.512756 18.888159
v -54.913712 35.123016 21.473110
v -51.927719 37.754639 24.459995
v -58.506348 37.803497 18.888159
v -57.813919 38.413757 21.473110
v -54.827927 41.045380 24.459995
v -55.038849 35.012726 18.709122
v -57.939056 38.303467 18.709122
v -54.416229 35.561462 20.984550
v -57.316437 38.852203 20.984550
v -51.670486 37.981354 23.694443
v -54.570694 41.272095 23.694443
v -58.919342 32.313889 23.579857
v -54.391571 36.304337 28.108986
v -61.104111 34.792847 23.579857
v -56.576340 38.783295 28.108986
v -60.472816 30.944778 25.105476
v -62.657585 33.423737 25.105476
v -55.194870 35.596375 30.499561
v -57.379639 38.075317 30.499561
v -50.062031 40.120071 29.269428
v -50.303020 39.907684 31.829720
v -52.487793 42.386642 31.829720
v -52.246796 42.599030 29.269428
v -60.079437 31.291473 19.249023
v -61.873772 29.710083 19.706709
v -64.058540 32.189026 19.706709
v -62.264206 33.770432 19.249023
v -58.919342 32.313889 11.206032
v -54.391571 36.304337 6.676902
v -61.104111 34.792847 11.206032
v -56.576340 38.783295 6.676902
v -60.472816 30.944778 9.680413
v -62.657585 33.423737 9.680413
v -55.194870 35.596375 4.286326
v -57.379639 38.075317 4.286326
v -50.062031 40.120071 5.516461
v -50.303020 39.907684 2.956168
v -52.487793 42.386642 2.956168
v -52.246796 42.599030 5.516461
v -60.079437 31.291473 15.536864
v -61.873772 29.710083 15.079179
v -64.058540 32.189026 15.079179
v -62.264206 33.770432 15.536864
v -37.493679 51.196899 11.206032
v -42.021450 47.206451 6.676902
v -39.678448 53.675842 11.206032
v -44.206219 49.685410 6.676902
v -35.940201 52.566010 9.680413
v -38.124969 55.044968 9.680413
v -41.218147 47.914413 4.286326
v -43.402916 50.393372 4.286326
v -46.350986 43.390717 5.516461
v -46.109993 43.603104 2.956168
v -48.294762 46.082062 2.956168
v -48.535755 45.869675 5.516461
v -36.333584 52.219315 15.536864
v -34.539246 53.800705 15.079179
v -36.724014 56.279663 15.079179
v -38.518353 54.698273 15.536864
v -37.493679 51.196899 23.579857
v -42.021450 47.206451 28.108986
v -39.678448 53.675842 23.579857
v -44.206219 49.685410 28.108986
v -35.940201 52.566010 25.105476
v -38.124969 55.044968 25.105476
v -41.218147 47.914413 30.499561
v -43.402916 50.393372 30.499561
v -46.350986 43.390717 29.269428
v -46.109993 43.603104 31.829720
v -48.294762 46.082062 31.829720
v -48.535755 45.869675 29.269428
v -36.333584 52.219315 19.249023
v -34.539246 53.800705 19.706709
v -36.724014 56.279663 19.706709
v -38.518353 54.698273 19.249023
v -40.091438 48.186279 15.897730
v -40.783863 47.576019 13.312778
v -43.769852 44.944397 10.325894
v -47.848789 41.349518 9.232620
v -42.991646 51.477020 15.897730
v -43.684071 50.866760 13.312778
v -46.670059 48.235138 10.325894
v -50.748993 44.640259 9.232620
v -40.658722 47.686310 16.076767
v -43.558929 50.977051 16.076767
v -41.281342 47.137573 13.801338
v -44.181549 50.428314 13.801338
v -44.027096 44.717682 11.091446
v -46.927303 48.008423 11.091446
v -47.848789 41.349518 10.075815
v -50.748993 44.640259 10.075815
v -55.606140 34.512756 15.897730
v -54.913712 35.123016 13.312778
v -51.927719 37.754639 10.325894
v -58.506348 37.803497 15.897730
v -57.813919 38.413757 13.312778
v -54.827927 41.045380 10.325894
v -55.038849 35.012726 16.076767
v -57.939056 38.303467 16.076767
v -54.416229 35.561462 13.801338
v -57.316437 38.852203 13.801338
v -51.670486 37.981354 11.091446
v -54.570694 41.272095 11.091446
v -53.094498 35.789612 20.690798
v -50.681023 37.916672 23.104996
v -47.384155 40.822296 23.988655
v -44.087284 43.727905 23.104996
v -41.673813 45.854965 20.690798
v -40.790417 46.633530 17.392942
v -41.673813 45.854965 14.095088
v -44.087284 43.727905 11.680889
v -47.384155 40.822296 10.797233
v -50.681023 37.916672 11.680889
v -53.094498 35.789612 14.095088
v -53.977890 35.011063 17.392942
v -56.924026 40.134811 20.690798
v -54.510551 42.261871 23.104996
v -51.213684 45.167496 23.988655
v -47.916813 48.073105 23.104996
v -45.503342 50.200165 20.690798
v -44.619946 50.978729 17.392942
v -45.503342 50.200165 14.095088
v -47.916813 48.073105 11.680889
v -51.213684 45.167496 10.797233
v -54.510551 42.261871 11.680889
v -56.924026 40.134811 14.095088
v -57.807419 39.356262 17.392942
v -53.094498 35.789612 17.392942
v -50.681023 37.916672 17.392942
v -47.384155 40.822296 17.392942
v -44.087284 43.727905 17.392942
v -41.673813 45.854965 17.392942
v -56.924026 40.134811 17.392942
v -54.510551 42.261871 17.392942
v -51.213684 45.167496 17.392942
v -47.916813 48.073105 17.392942
v -45.503342 50.200165 17.392942
v 60.543606 -66.460876 16.510803
v 57.851521 -69.262009 17.392942
v 70.157463 -73.595909 17.392942
v 62.644840 -64.274536 16.644768
v 74.089279 -73.338829 17.392942
v 40.936096 -45.031067 16.644768
v 39.014088 -47.618530 16.510803
v 36.283024 -51.047943 17.392942
v -32.983078 30.532440 16.644768
v -39.460243 37.876389 16.644768
v -42.295914 35.377258 16.510803
v -35.848381 28.007156 16.510803
v -45.827133 32.265137 17.392942
v -39.346001 24.924591 17.392942
v 68.929695 -69.402390 16.802816
v -39.460243 37.876389 17.392942
v -32.983078 30.532440 17.392942
v 40.936096 -45.031067 17.392942
v 62.644840 -64.274536 17.392942
v 62.045830 -71.520126 17.392942
v 65.602852 -72.642967 17.392942
v 64.645546 -68.615234 16.609034
v 68.929726 -69.402397 17.392942
v -9.728908 5.672348 16.644768
v 12.233594 -16.822327 16.644768
v 9.583211 -19.718918 16.510803
v -12.547496 2.795189 16.510803
v 6.701024 -22.872856 17.392942
v -15.616572 -0.334427 17.392942
v -9.728908 5.672348 17.392942
v 12.233594 -16.822327 17.392942
v 60.543606 -66.460876 18.275082
v 62.644840 -64.274536 18.141117
v 40.936096 -45.031067 18.141117
v 39.014088 -47.618530 18.275082
v -32.983078 30.532440 18.141117
v -39.460243 37.876389 18.141117
v -42.295914 35.377258 18.275082
v -35.848381 28.007156 18.275082
v 68.929695 -69.402390 17.983068
v 64.645546 -68.615234 18.176851
v -9.728908 5.672348 18.141117
v 12.233594 -16.822327 18.141117
v 9.583211 -19.718918 18.275082
v -12.547496 2.795189 18.275082
v -75.361694 72.567123 20.726986
v -76.504532 72.294632 20.726986
v -78.539108 73.181061 20.726986
v -77.055298 74.488785 20.726986
v -80.174576 74.203110 20.726986
v -79.940796 75.359955 20.726986
v -81.969223 74.523071 20.726986
v -81.995575 75.926056 20.610632
v -84.070465 74.120407 20.606773
v -85.363846 77.884415 19.783770
v -78.268967 75.865875 20.726986
v -78.748886 76.410416 20.726986
v -73.922668 70.934326 19.059965
v -76.680847 70.300949 19.059965
v -78.715408 71.187378 19.059965
v -80.350876 72.209427 19.059965
v -82.097137 72.762192 19.059965
v -83.900261 72.812439 19.059965
v -85.133469 73.160553 19.001789
v -86.355392 77.096985 18.581102
v -85.363846 77.884415 18.588358
v -81.995575 75.926056 19.001789
v -79.940796 75.359955 19.059965
v -78.748886 76.410416 19.059965
v -78.995300 70.940704 17.392944
v -80.630768 71.962753 17.392944
v -82.377029 72.515518 17.392944
v -84.180161 72.565765 17.392944
v -85.413361 72.913879 17.392944
v -86.635284 76.850311 17.392944
v -85.363846 77.884415 17.392944
v -81.995575 75.926056 17.392944
v -79.940796 75.359955 17.392944
v -78.748886 76.410416 17.392944
v -74.947754 73.666672 20.726986
v -75.571495 75.796509 20.726986
v -76.379929 77.547440 20.726986
v -77.556976 77.460876 20.726986
v -76.471848 79.368057 20.726986
v -77.860382 79.570496 20.610632
v -75.808327 81.402054 20.606773
v -79.379974 83.158157 19.783770
v -72.947739 73.591034 19.059965
v -73.571465 75.720871 19.059965
v -74.379898 77.471802 19.059965
v -74.708847 79.273682 19.059965
v -74.532120 81.068848 19.059965
v -74.722504 82.335999 19.001789
v -78.474197 84.042892 18.581102
v -79.379974 83.158157 18.588358
v -77.860382 79.570496 19.001789
v -77.556976 77.460876 19.059965
v -73.291573 75.967560 17.392944
v -74.100006 77.718491 17.392944
v -74.428955 79.520370 17.392944
v -74.252228 81.315521 17.392944
v -74.442612 82.582672 17.392944
v -78.194305 84.289581 17.392944
v -79.379974 83.158157 17.392944
v -77.860382 79.570496 17.392944
v -77.556976 77.460876 17.392944
v -79.298706 83.781372 17.392944
v -79.747101 83.386185 19.509375
v -80.972115 82.306549 20.349335
v -84.318909 79.356934 20.349335
v -85.543922 78.277298 19.509375
v -85.992310 77.882111 17.392944
v -82.581146 84.205551 17.392944
v -82.810211 84.003662 18.252846
v -83.436028 83.452118 18.814373
v -85.145798 81.945251 18.814373
v -85.771606 81.393707 18.252846
v -86.000671 81.191818 17.392944
v -84.290909 82.698685 17.392944
v -82.035980 83.027481 19.879406
v -80.987503 83.951538 19.084848
v -80.603729 84.289764 17.392944
v -86.332703 79.240662 17.392944
v -85.948936 79.578888 19.084850
v -84.900459 80.502945 19.879406
v -78.936676 83.370575 17.392944
v -77.781021 81.155350 19.509375
v -77.075493 77.885223 20.349335
v -80.422287 74.935608 20.349335
v -83.577843 76.046463 19.509375
v -85.630280 77.471344 17.392944
v -75.361694 72.567123 14.058904
v -76.504532 72.294632 14.058904
v -78.539108 73.181061 14.058904
v -77.055298 74.488785 14.058904
v -80.174576 74.203110 14.058904
v -79.940796 75.359955 14.058904
v -81.969223 74.523071 14.058904
v -81.995575 75.926056 14.175257
v -84.070465 74.120407 14.179116
v -85.363846 77.884415 15.002119
v -78.268967 75.865875 14.058904
v -78.748886 76.410416 14.058904
v -73.922668 70.934326 15.725924
v -76.680847 70.300949 15.725924
v -78.715408 71.187378 15.725924
v -80.350876 72.209427 15.725924
v -82.097137 72.762192 15.725924
v -83.900261 72.812439 15.725924
v -85.133469 73.160553 15.784101
v -86.355392 77.096985 16.204786
v -85.363846 77.884415 16.197531
v -81.995575 75.926056 15.784101
v -79.940796 75.359955 15.725924
v -78.748886 76.410416 15.725924
v -74.947754 73.666672 14.058904
v -75.571495 75.796509 14.058904
v -76.379929 77.547440 14.058904
v -77.556976 77.460876 14.058904
v -76.471848 79.368057 14.058904
v -77.860382 79.570496 14.175257
v -75.808327 81.402054 14.179116
v -79.379974 83.158157 15.002119
v -72.947739 73.591034 15.725924
v -73.571465 75.720871 15.725924
v -74.379898 77.471802 15.725924
v -74.708847 79.273682 15.725924
v -74.532120 81.068848 15.725924
v -74.722504 82.335999 15.784101
v -78.474197 84.042892 16.204786
v -79.379974 83.158157 16.197531
v -77.860382 79.570496 15.784101
v -77.556976 77.460876 15.725924
v -79.747101 83.386185 15.276514
v -80.972115 82.306549 14.436554
v -84.318909 79.356934 14.436554
v -85.543922 78.277298 15.276514
v -82.810211 84.003662 16.533043
v -83.436028 83.452118 15.971515
v -85.145798 81.945251 15.971515
v -85.771606 81.393707 16.533043
v -82.035980 83.027481 14.906483
v -80.987503 83.951538 15.701040
v -85.948936 79.578888 15.701039
v -84.900459 80.502945 14.906482
v -77.781021 81.155350 15.276514
v -77.075493 77.885223 14.436554
v -80.422287 74.935608 14.436554
v -83.577843 76.046463 15.276514
v -47.621571 48.181732 17.392944
v -48.092743 47.766464 15.683192
v -49.380024 46.631958 14.431568
v -51.138489 45.082184 13.973440
v -52.896942 43.532394 14.431568
v -54.184219 42.397888 15.683192
v -54.655396 41.982635 17.392944
v -73.906128 77.253479 17.392944
v -73.970840 76.477783 15.860191
v -74.564720 74.831787 14.738140
v -75.260284 72.452057 14.327439
v -77.708557 72.061035 14.738140
v -79.416122 71.678711 15.860191
v -80.193794 71.711975 17.392944
v -74.875320 64.925232 17.392944
v -74.404152 65.340485 15.683192
v -73.116875 66.475006 14.431568
v -71.358414 68.024780 13.973440
v -69.599960 69.574554 14.431568
v -68.312675 70.709076 15.683192
v -67.841507 71.124329 17.392944
v -63.264587 51.751068 17.392944
v -62.793404 52.166321 15.683192
v -61.506126 53.300842 14.431568
v -59.747665 54.850616 13.973440
v -57.989212 56.400391 14.431568
v -56.701927 57.534912 15.683192
v -56.230751 57.950165 17.392944
v -74.204163 71.253723 14.239403
v -72.582474 72.682953 14.661897
v -71.395325 73.729233 15.816174
v -70.960785 74.112198 17.392944
v -77.447540 68.395248 17.392944
v -77.013016 68.778214 15.816174
v -75.825851 69.824493 14.661897
v -69.806412 62.955124 14.628993
v -64.582108 57.027344 14.628993
v -62.940887 58.473801 14.201407
v -68.165176 64.401581 14.201407
v -61.299652 59.920258 14.628993
v -66.523941 65.848053 14.628993
v -60.098190 60.979141 15.797175
v -65.322487 66.906921 15.797175
v -59.658424 61.366714 17.392944
v -64.882721 67.294495 17.392944
v -66.223343 55.580887 17.392944
v -71.447639 61.508667 17.392944
v -65.783569 55.968460 15.797175
v -71.007866 61.896240 15.797175
v -60.652390 49.535522 17.392944
v -60.230949 49.906952 15.863667
v -59.079552 50.921707 14.744158
v -57.506714 52.307892 14.334388
v -55.933868 53.694077 14.744158
v -54.782455 54.708847 15.863667
v -54.361023 55.080261 17.392944
v -48.092743 47.766464 19.102695
v -49.380024 46.631958 20.354321
v -51.138489 45.082184 20.812449
v -52.896942 43.532394 20.354321
v -54.184219 42.397888 19.102695
v -73.970840 76.477783 18.925697
v -74.564720 74.831787 20.047749
v -75.260284 72.452057 20.458450
v -77.708557 72.061035 20.047749
v -79.416122 71.678711 18.925697
v -74.404152 65.340485 19.102695
v -73.116875 66.475006 20.354321
v -71.358414 68.024780 20.812449
v -69.599960 69.574554 20.354321
v -68.312675 70.709076 19.102695
v -62.793404 52.166321 19.102695
v -61.506126 53.300842 20.354321
v -59.747665 54.850616 20.812449
v -57.989212 56.400391 20.354321
v -56.701927 57.534912 19.102695
v -74.204163 71.253723 20.546486
v -72.582474 72.682953 20.123993
v -71.395325 73.729233 18.969715
v -77.013016 68.778214 18.969715
v -75.825851 69.824493 20.123993
v -69.806412 62.955124 20.156895
v -64.582108 57.027344 20.156895
v -62.940887 58.473801 20.584482
v -68.165176 64.401581 20.584482
v -61.299652 59.920258 20.156895
v -66.523941 65.848053 20.156895
v -60.098190 60.979141 18.988712
v -65.322487 66.906921 18.988712
v -65.783569 55.968460 18.988712
v -71.007866 61.896240 18.988712
v -60.230949 49.906952 18.922222
v -59.079552 50.921707 20.041731
v -57.506714 52.307892 20.451500
v -55.933868 53.694077 20.041731
v -54.782455 54.708847 18.922222
v -55.601044 41.300766 20.068998
v -53.746727 42.935013 22.028021
v -51.213699 45.167435 22.745071
v -48.680676 47.399857 22.028021
v -46.826363 49.034119 20.068998
v -46.147652 49.632278 17.392925
v -46.826363 49.034119 14.716850
v -48.680676 47.399857 12.757828
v -51.213699 45.167435 12.040777
v -53.746727 42.935013 12.757828
v -55.601044 41.300766 14.716850
v -56.279755 40.702591 17.392925
v -55.729065 41.691452 19.997202
v -53.926193 43.280365 21.903666
v -51.463470 45.450836 22.601479
v -49.000721 47.621323 21.903666
v -47.197868 49.210220 19.997202
v -46.537975 49.791809 17.392925
v -47.197868 49.210220 14.788647
v -49.000721 47.621323 12.882183
v -51.463470 45.450836 12.184369
v -53.926193 43.280365 12.882183
v -55.729065 41.691452 14.788647
v -56.388954 41.109879 17.392925
v -54.939102 41.884140 19.561300
v -53.380417 43.257843 21.191914
v -53.699203 43.480438 21.306185
v -55.307434 42.063049 19.626369
v -51.213699 45.167435 21.801815
v -51.463470 45.450836 21.934551
v -49.046982 47.077026 21.191914
v -49.227726 47.421265 21.306185
v -47.488304 48.450729 19.561300
v -47.619503 48.838623 19.626369
v -46.929401 48.943298 17.392925
v -47.042885 49.346817 17.392925
v -47.488304 48.450729 15.224548
v -47.619503 48.838623 15.159479
v -49.046982 47.077026 13.593935
v -49.227726 47.421265 13.479664
v -51.213699 45.167435 12.984034
v -51.463470 45.450836 12.851297
v -53.380417 43.257843 13.593935
v -53.699203 43.480438 13.479664
v -54.939102 41.884140 15.224548
v -55.307434 42.063049 15.159479
v -55.498009 41.391571 17.392925
v -55.884048 41.554871 17.392925
v -42.996784 44.688995 20.068998
v -44.851097 43.054749 22.028021
v -47.384121 40.822327 22.745071
v -49.917149 38.589905 22.028021
v -51.771461 36.955643 20.068998
v -52.450172 36.357483 17.392925
v -51.771461 36.955643 14.716850
v -49.917149 38.589905 12.757828
v -47.384121 40.822327 12.040777
v -44.851097 43.054749 12.757828
v -42.996784 44.688995 14.716850
v -42.318066 45.287170 17.392925
v -42.868748 44.298309 19.997202
v -44.671619 42.709381 21.903666
v -47.134350 40.538910 22.601479
v -49.597095 38.368439 21.903666
v -51.399948 36.779541 19.997202
v -52.059845 36.197952 17.392925
v -51.399948 36.779541 14.788647
v -49.597095 38.368439 12.882183
v -47.134350 40.538910 12.184369
v -44.671619 42.709381 12.882183
v -42.868748 44.298309 14.788647
v -42.208862 44.879883 17.392925
v -43.658718 44.105621 19.561300
v -45.217403 42.731903 21.191914
v -44.898617 42.509338 21.306185
v -43.290386 43.926712 19.626369
v -47.384121 40.822327 21.801815
v -47.134350 40.538910 21.934551
v -49.550842 38.912735 21.191914
v -49.370090 38.568497 21.306185
v -51.109520 37.539032 19.561300
v -50.978317 37.151123 19.626369
v -51.668427 37.046448 17.392925
v -51.554932 36.642944 17.392925
v -51.109520 37.539032 15.224548
v -50.978317 37.151123 15.159479
v -49.550842 38.912735 13.593935
v -49.370090 38.568497 13.479664
v -47.384121 40.822327 12.984034
v -47.134350 40.538910 12.851297
v -45.217403 42.731903 13.593935
v -44.898617 42.509338 13.479664
v -43.658718 44.105621 15.224548
v -43.290386 43.926712 15.159479
v -43.099815 44.598190 17.392925
v -42.713768 44.434891 17.392925
v 29.521950 25.602180 8.441721
v 30.575798 24.574127 10.265002
v 35.950508 19.331024 10.265003
v 37.004364 18.302963 8.441721
v 25.162788 20.925095 8.441721
v 26.212479 19.901115 10.265002
v 31.565887 14.678780 10.265003
v 32.615570 13.654778 8.441721
v 33.074448 13.221695 8.664299
v 37.463234 17.869873 8.664299
v 31.766823 14.489212 10.842327
v 36.151436 19.141472 10.842327
v 26.010475 20.089554 10.842312
v 30.373795 24.762558 10.842312
v 29.060432 26.032486 8.664284
v 24.701286 21.355392 8.664284
v 32.615570 13.654778 7.276209
v 33.074448 13.221695 7.276209
v 37.463234 17.869865 7.276209
v 37.004364 18.302963 7.276209
v 29.521950 25.602180 7.276209
v 29.060432 26.032486 7.276209
v 24.701286 21.355392 7.276209
v 25.162788 20.925095 7.276209
v 29.521950 25.602180 6.110697
v 30.575798 24.574127 4.287416
v 35.950508 19.331024 4.287416
v 37.004364 18.302963 6.110697
v 25.162788 20.925095 6.110697
v 26.212479 19.901115 4.287416
v 31.565887 14.678780 4.287416
v 32.615570 13.654778 6.110697
v 33.074448 13.221695 5.888120
v 37.463234 17.869873 5.888120
v 31.766823 14.489212 3.710091
v 36.151436 19.141472 3.710091
v 26.010475 20.089554 3.710107
v 30.373795 24.762558 3.710107
v 29.060432 26.032486 5.888135
v 24.701286 21.355392 5.888135
v 17.788177 -2.048943 8.441721
v 16.752594 -1.038712 10.265003
v 11.471096 4.113480 10.265002
v 10.435516 5.123703 8.441721
v 5.149090 -0.146805 8.441721
v 6.179554 -1.163803 10.265002
v 11.434952 -6.350540 10.265003
v 12.465416 -7.367546 8.441721
v 12.894783 -7.797295 8.653506
v 18.217571 -2.478661 8.653506
v 11.623528 -6.539314 10.817446
v 16.941181 -1.227478 10.817446
v 5.991142 -0.974876 10.817444
v 11.282703 4.302429 10.817444
v 10.006607 5.553894 8.653505
v 4.720173 0.283394 8.653505
v 17.788177 -2.048943 7.276209
v 18.217571 -2.478661 7.276209
v 12.894783 -7.797295 7.276209
v 12.465416 -7.367546 7.276209
v 5.149090 -0.146805 7.276209
v 4.720173 0.283394 7.276209
v 10.006607 5.553894 7.276209
v 10.435516 5.123703 7.276209
v 17.788177 -2.048943 6.110697
v 16.752594 -1.038712 4.287416
v 11.471096 4.113480 4.287416
v 10.435516 5.123703 6.110697
v 5.149090 -0.146805 6.110697
v 6.179554 -1.163803 4.287416
v 11.434952 -6.350540 4.287416
v 12.465416 -7.367546 6.110697
v 12.894783 -7.797295 5.898912
v 18.217571 -2.478661 5.898912
v 11.623528 -6.539314 3.734973
v 16.941181 -1.227478 3.734973
v 5.991142 -0.974876 3.734975
v 11.282703 4.302429 3.734975
v 10.006607 5.553894 5.898913
v 4.720173 0.283394 5.898913
v -16.294144 -36.104637 6.110697
v -17.296946 -35.051025 4.287416
v -22.411297 -29.677589 4.287416
v -23.414101 -28.623985 6.110697
v -22.166994 -41.348888 6.110697
v -23.144678 -40.288593 4.287416
v -28.130905 -34.881042 4.287416
v -29.108589 -33.820744 6.110697
v -21.763567 -41.800377 5.899525
v -15.890743 -36.556149 5.899525
v -22.967434 -40.486816 3.736683
v -17.119701 -35.249245 3.736683
v -28.309975 -34.684486 3.736661
v -22.590370 -29.481049 3.736661
v -23.822067 -28.176628 5.899503
v -29.516558 -33.373386 5.899503
v -16.294151 -36.104649 7.276209
v -15.890743 -36.556149 7.276209
v -21.763577 -41.800385 7.276209
v -22.166994 -41.348888 7.276209
v -23.414093 -28.623978 7.276209
v -23.822060 -28.176620 7.276209
v -29.516548 -33.373379 7.276209
v -29.108583 -33.820732 7.276209
v -16.294144 -36.104637 8.441721
v -17.296946 -35.051025 10.265003
v -22.411297 -29.677589 10.265002
v -23.414101 -28.623985 8.441721
v -22.166994 -41.348888 8.441721
v -23.144678 -40.288593 10.265003
v -28.130905 -34.881042 10.265002
v -29.108589 -33.820744 8.441721
v -21.763567 -41.800377 8.652894
v -15.890743 -36.556149 8.652894
v -22.967434 -40.486816 10.815736
v -17.119701 -35.249245 10.815736
v -28.309975 -34.684486 10.815758
v -22.590370 -29.481049 10.815758
v -23.822067 -28.176628 8.652916
v -29.516558 -33.373386 8.652916
v -68.347969 -70.253250 10.945810
v -63.780201 -75.524139 10.945810
v -69.828972 -68.544334 8.707206
v -62.299244 -77.233109 8.707206
v -49.321751 -66.238037 8.707232
v -50.838863 -64.489929 10.945837
v -55.492355 -59.133083 10.945837
v -56.991131 -57.406128 8.707232
v -65.548828 -77.056831 8.707213
v -70.116592 -71.785934 8.707217
v -51.936512 -58.669983 10.945827
v -49.878376 -61.039200 10.945827
v -49.321754 -66.238037 7.276209
v -62.299244 -77.233109 7.276209
v -65.548828 -77.056831 7.276209
v -70.116592 -71.785927 7.276209
v -69.828972 -68.544334 7.276209
v -56.991135 -57.406128 7.276209
v -50.838867 -64.489929 7.276209
v -49.878380 -61.039192 7.276209
v -55.492359 -59.133095 7.276209
v -51.936512 -58.669975 7.276209
v -68.347969 -70.253250 3.606608
v -63.780201 -75.524139 3.606608
v -69.828972 -68.544334 5.845212
v -62.299244 -77.233109 5.845213
v -49.321751 -66.238037 5.845186
v -50.838863 -64.489929 3.606581
v -55.492355 -59.133083 3.606581
v -56.991131 -57.406128 5.845186
v -65.548828 -77.056831 5.845205
v -70.116592 -71.785934 5.845201
v -51.936512 -58.669983 3.606591
v -49.878376 -61.039200 3.606591
v 17.181931 -3.429596 6.506089
v 17.950851 -5.399025 6.506084
v 16.552029 -4.075302 6.506087
v 17.019730 -4.531548 6.506085
v 17.924614 -4.154083 6.506087
v 16.984726 -5.117554 6.506084
v 17.181931 -3.429596 8.046333
v 17.950851 -5.399025 8.046338
v 16.552029 -4.075302 8.046335
v 17.019730 -4.531548 8.046337
v 17.924614 -4.154083 8.046335
v 16.984726 -5.117554 8.046338
v 13.812271 -6.883820 8.046333
v 15.800167 -7.603676 8.046338
v 14.442181 -6.238106 8.046335
v 14.909882 -6.694351 8.046337
v 14.554955 -7.608307 8.046335
v 15.494839 -6.644836 8.046338
v 13.812271 -6.883820 6.506089
v 15.800167 -7.603676 6.506084
v 14.442181 -6.238106 6.506087
v 14.909882 -6.694351 6.506085
v 14.554955 -7.608307 6.506087
v 15.494839 -6.644836 6.506084
v 36.987175 17.381859 6.506089
v 37.756088 15.412437 6.506084
v 36.357277 16.736153 6.506087
v 36.824974 16.279907 6.506085
v 37.729858 16.657372 6.506087
v 36.789970 15.693901 6.506084
v 36.987175 17.381859 8.046333
v 37.756088 15.412437 8.046338
v 36.357277 16.736153 8.046335
v 36.824974 16.279907 8.046337
v 37.729858 16.657372 8.046335
v 36.789970 15.693901 8.046338
v 33.617516 13.927635 8.046333
v 35.605415 13.207771 8.046338
v 34.247421 14.573341 8.046335
v 34.715126 14.117104 8.046337
v 34.360199 13.203148 8.046335
v 35.300079 14.166611 8.046338
v 33.617516 13.927635 6.506089
v 35.605415 13.207771 6.506084
v 34.247421 14.573341 6.506087
v 34.715126 14.117104 6.506085
v 34.360199 13.203148 6.506087
v 35.300079 14.166611 6.506084
v -55.932571 -59.404999 10.265002
v -51.268375 -64.787148 10.265003
v 59.837166 45.135742 4.287416
v 53.841980 50.400795 4.287416
v 53.841972 50.400795 10.265002
v 59.837166 45.135742 10.265003
v -56.847103 -58.349670 8.441721
v 52.666458 51.433159 6.110697
v 52.666458 51.433159 8.441721
v -50.353828 -65.842476 8.441721
v 61.012695 44.103394 8.441721
v 61.012695 44.103394 6.110697
v -32.920837 -50.951714 8.441721
v -33.852512 -49.879143 10.265003
v -38.604095 -44.409084 10.265002
v -39.535778 -43.336536 8.441721
v 29.521927 25.602150 8.441721
v 30.575790 24.574120 10.265002
v 35.950478 19.331001 10.265003
v 37.004349 18.302948 8.441721
v 17.788177 -2.048943 8.441721
v 16.752594 -1.038712 10.265003
v 11.471096 4.113480 10.265002
v 10.435509 5.123695 8.441721
v -16.294151 -36.104649 8.441721
v -17.296963 -35.051037 10.265003
v -22.411293 -29.677589 10.265002
v -23.414108 -28.623993 8.441721
v -56.847103 -58.349670 7.276209
v -39.535778 -43.336536 7.276209
v -23.414108 -28.623993 7.276209
v 10.435509 5.123695 7.276209
v 29.521927 25.602150 7.276209
v 52.666458 51.433159 7.276209
v 53.841980 50.400795 7.276209
v 59.837166 45.135742 7.276210
v 61.012695 44.103394 7.276209
v 37.004349 18.302948 7.276209
v 17.788177 -2.048943 7.276209
v -16.294151 -36.104649 7.276209
v -32.920837 -50.951714 7.276209
v -50.353828 -65.842476 7.276209
v -55.932571 -59.404999 4.287416
v -51.268375 -64.787148 4.287416
v -56.847103 -58.349670 6.110697
v -50.353828 -65.842476 6.110697
v -32.920837 -50.951714 6.110697
v -33.852512 -49.879143 4.287416
v -38.604095 -44.409084 4.287416
v -39.535778 -43.336536 6.110697
v 29.521927 25.602150 6.110697
v 30.575790 24.574120 4.287416
v 35.950478 19.331001 4.287416
v 37.004349 18.302948 6.110697
v 17.788177 -2.048943 6.110697
v 16.752594 -1.038712 4.287416
v 11.471096 4.113480 4.287416
v 10.435509 5.123695 6.110697
v -16.294151 -36.104649 6.110697
v -17.296963 -35.051037 4.287416
v -22.411293 -29.677589 4.287416
v -23.414108 -28.623993 6.110697
vt 0.514089 0.436454
vt 0.500008 0.436778
vt 0.498538 0.352552
vt 0.512605 0.352267
vt 0.394653 0.437798
vt 0.385390 0.437695
vt 0.385875 0.353962
vt 0.396450 0.354061
vt 0.444389 0.438030
vt 0.444389 0.355144
vt 0.396325 0.344655
vt 0.444210 0.338823
vt 0.498286 0.338157
vt 0.514089 0.436454
vt 0.512605 0.352267
vt 0.498538 0.352552
vt 0.500008 0.436778
vt 0.394653 0.437798
vt 0.396450 0.354061
vt 0.385875 0.353962
vt 0.385390 0.437695
vt 0.444389 0.355144
vt 0.444389 0.438030
vt 0.444210 0.338823
vt 0.396325 0.344655
vt 0.498286 0.338157
vt 0.868881 0.984365
vt 0.826025 0.984365
vt 0.826025 0.958422
vt 0.868881 0.958422
vt 0.826025 0.909644
vt 0.868881 0.909644
vt 0.826025 0.854007
vt 0.868881 0.854008
vt 0.759276 0.981218
vt 0.761046 0.952856
vt 0.807357 0.952795
vt 0.807567 0.982229
vt 0.760794 0.900188
vt 0.807861 0.900272
vt 0.760761 0.841489
vt 0.808068 0.841531
vt 0.751761 0.978992
vt 0.752551 0.951799
vt 0.814799 0.951978
vt 0.814764 0.980725
vt 0.752053 0.900127
vt 0.815563 0.900286
vt 0.752044 0.841481
vt 0.815743 0.841539
vt 0.807242 0.990595
vt 0.759146 0.989584
vt 0.868881 0.726930
vt 0.868881 0.749593
vt 0.826025 0.749593
vt 0.826025 0.726930
vt 0.868881 0.798370
vt 0.826025 0.798370
vt 0.759525 0.704526
vt 0.807461 0.704356
vt 0.807555 0.730266
vt 0.761244 0.730122
vt 0.807965 0.782790
vt 0.760898 0.782790
vt 0.752747 0.731164
vt 0.751781 0.706737
vt 0.816101 0.705816
vt 0.814995 0.731098
vt 0.752158 0.782836
vt 0.815667 0.782792
vt 0.759410 0.696160
vt 0.807151 0.695236
vt 0.679066 0.887188
vt 0.678554 0.796703
vt 0.713505 0.796514
vt 0.713505 0.887170
vt 0.677633 0.730168
vt 0.714777 0.730705
vt 0.918168 0.928001
vt 0.886125 0.928001
vt 0.886125 0.865111
vt 0.918168 0.865111
vt 0.886125 0.816050
vt 0.918168 0.816050
vt 0.652352 0.885749
vt 0.651665 0.798256
vt 0.740461 0.798153
vt 0.740241 0.885207
vt 0.649581 0.734571
vt 0.742791 0.735030
vt 0.678165 0.943292
vt 0.651640 0.939007
vt 0.715936 0.942214
vt 0.742258 0.937624
vt 0.918168 0.966328
vt 0.886125 0.966328
vt 0.886125 0.986624
vt 0.918168 0.986624
vt 0.918168 0.797589
vt 0.886125 0.797589
vt 0.679066 0.887188
vt 0.713505 0.887170
vt 0.713505 0.796514
vt 0.678554 0.796703
vt 0.714777 0.730705
vt 0.677633 0.730168
vt 0.918168 0.928001
vt 0.918168 0.865111
vt 0.886125 0.865111
vt 0.886125 0.928001
vt 0.918168 0.816050
vt 0.886125 0.816050
vt 0.652352 0.885749
vt 0.651665 0.798256
vt 0.740461 0.798153
vt 0.740241 0.885207
vt 0.649581 0.734571
vt 0.742791 0.735030
vt 0.678165 0.943292
vt 0.651640 0.939007
vt 0.715936 0.942214
vt 0.742258 0.937624
vt 0.918168 0.966328
vt 0.886125 0.966328
vt 0.886125 0.986624
vt 0.918168 0.986624
vt 0.918168 0.797589
vt 0.886125 0.797589
vt 0.679066 0.887188
vt 0.678554 0.796703
vt 0.713505 0.796514
vt 0.713505 0.887170
vt 0.677633 0.730168
vt 0.714777 0.730705
vt 0.918168 0.928001
vt 0.886125 0.928001
vt 0.886125 0.865111
vt 0.918168 0.865111
vt 0.886125 0.816050
vt 0.918168 0.816050
vt 0.652352 0.885749
vt 0.651665 0.798256
vt 0.740461 0.798153
vt 0.740241 0.885207
vt 0.649581 0.734571
vt 0.742791 0.735030
vt 0.678165 0.943292
vt 0.651640 0.939007
vt 0.715936 0.942214
vt 0.742258 0.937624
vt 0.918168 0.966328
vt 0.886125 0.966328
vt 0.886125 0.986624
vt 0.918168 0.986624
vt 0.918168 0.797589
vt 0.886125 0.797589
vt 0.679066 0.887188
vt 0.713505 0.887170
vt 0.713505 0.796514
vt 0.678554 0.796703
vt 0.714777 0.730705
vt 0.677633 0.730168
vt 0.918168 0.928001
vt 0.918168 0.865111
vt 0.886125 0.865111
vt 0.886125 0.928001
vt 0.918168 0.816050
vt 0.886125 0.816050
vt 0.652352 0.885749
vt 0.651665 0.798256
vt 0.740461 0.798153
vt 0.740241 0.885207
vt 0.649581 0.734571
vt 0.742791 0.735030
vt 0.678165 0.943292
vt 0.651640 0.939007
vt 0.715936 0.942214
vt 0.742258 0.937624
vt 0.918168 0.966328
vt 0.886125 0.966328
vt 0.886125 0.986624
vt 0.918168 0.986624
vt 0.918168 0.797589
vt 0.886125 0.797589
vt 0.868881 0.984365
vt 0.826025 0.984365
vt 0.826025 0.958422
vt 0.868881 0.958422
vt 0.826025 0.909644
vt 0.868881 0.909644
vt 0.826025 0.854007
vt 0.868881 0.854008
vt 0.759276 0.981218
vt 0.761046 0.952856
vt 0.807357 0.952795
vt 0.807567 0.982229
vt 0.760794 0.900188
vt 0.807861 0.900272
vt 0.760761 0.841489
vt 0.808068 0.841531
vt 0.751761 0.978992
vt 0.752551 0.951799
vt 0.814799 0.951978
vt 0.814764 0.980725
vt 0.752053 0.900127
vt 0.815563 0.900286
vt 0.752044 0.841481
vt 0.815743 0.841539
vt 0.807242 0.990595
vt 0.759146 0.989584
vt 0.868881 0.726930
vt 0.868881 0.749593
vt 0.826025 0.749593
vt 0.826025 0.726930
vt 0.868881 0.798370
vt 0.826025 0.798370
vt 0.759525 0.704526
vt 0.807461 0.704356
vt 0.807555 0.730266
vt 0.761244 0.730122
vt 0.807965 0.782790
vt 0.760898 0.782790
vt 0.752747 0.731164
vt 0.751781 0.706737
vt 0.816101 0.705816
vt 0.814995 0.731098
vt 0.752158 0.782836
vt 0.815667 0.782792
vt 0.759410 0.696160
vt 0.807151 0.695236
vt 0.991123 0.547926
vt 0.991123 0.587786
vt 0.933724 0.587786
vt 0.933724 0.547926
vt 0.991123 0.632209
vt 0.933724 0.632209
vt 0.991123 0.676631
vt 0.933724 0.676631
vt 0.991123 0.716491
vt 0.933724 0.716491
vt 0.991123 0.751195
vt 0.933724 0.751195
vt 0.991123 0.785898
vt 0.933724 0.785898
vt 0.991123 0.825758
vt 0.933724 0.825758
vt 0.991123 0.870181
vt 0.933724 0.870181
vt 0.991123 0.914603
vt 0.933724 0.914603
vt 0.991123 0.954463
vt 0.933724 0.954464
vt 0.991123 0.989167
vt 0.933724 0.989167
vt 0.991123 0.513223
vt 0.933724 0.513223
vt 0.612325 0.890287
vt 0.583193 0.929107
vt 0.543398 0.929107
vt 0.543398 0.890287
vt 0.622988 0.837259
vt 0.543398 0.837259
vt 0.612325 0.785201
vt 0.543398 0.785201
vt 0.583193 0.747741
vt 0.543398 0.747741
vt 0.543398 0.733532
vt 0.503603 0.747741
vt 0.474471 0.785201
vt 0.463808 0.837259
vt 0.474471 0.890287
vt 0.503603 0.929107
vt 0.543398 0.942458
vt 0.503598 0.929092
vt 0.474466 0.890273
vt 0.543393 0.890273
vt 0.543393 0.929092
vt 0.463803 0.837244
vt 0.543393 0.837244
vt 0.474466 0.785187
vt 0.543393 0.785187
vt 0.503598 0.747727
vt 0.543393 0.747727
vt 0.543393 0.733518
vt 0.583188 0.747727
vt 0.612320 0.785187
vt 0.622983 0.837244
vt 0.612320 0.890273
vt 0.583188 0.929092
vt 0.543393 0.942444
vt 0.043877 0.087625
vt 0.028795 0.066435
vt 0.040276 0.044402
vt 0.057424 0.066409
vt 0.033724 0.114154
vt 0.029161 0.114472
vt 0.025197 0.066669
vt 0.052289 0.113710
vt 0.064167 0.277100
vt 0.044704 0.280320
vt 0.076629 0.112982
vt 0.091291 0.273581
vt 0.058005 0.927139
vt 0.081370 0.927614
vt 0.080199 0.987476
vt 0.057101 0.987128
vt 0.110377 0.928207
vt 0.109455 0.987963
vt 0.053430 0.927134
vt 0.052529 0.987067
vt 0.040135 0.280549
vt 0.068114 0.086001
vt 0.023917 0.030510
vt 0.056755 0.718836
vt 0.052181 0.718895
vt 0.048295 0.526600
vt 0.052869 0.526474
vt 0.076824 0.524725
vt 0.081370 0.717703
vt 0.103427 0.522789
vt 0.108684 0.716480
vt 0.042423 0.075680
vt 0.055970 0.053740
vt 0.040024 0.030016
vt 0.027341 0.053767
vt 0.023743 0.054009
vt 0.027707 0.103443
vt 0.032270 0.103114
vt 0.050835 0.102654
vt 0.044704 0.280320
vt 0.064167 0.277100
vt 0.091291 0.273581
vt 0.075175 0.101902
vt 0.058005 0.927139
vt 0.057101 0.987128
vt 0.080199 0.987476
vt 0.081370 0.927614
vt 0.109455 0.987963
vt 0.110377 0.928207
vt 0.053430 0.927134
vt 0.052529 0.987067
vt 0.040135 0.280549
vt 0.066660 0.074001
vt 0.021662 0.014407
vt 0.056755 0.718836
vt 0.052869 0.526474
vt 0.048295 0.526600
vt 0.052181 0.718895
vt 0.081370 0.717703
vt 0.076824 0.524725
vt 0.108684 0.716480
vt 0.103427 0.522789
vt 0.336947 0.766565
vt 0.336947 0.793184
vt 0.358313 0.792549
vt 0.347632 0.772102
vt 0.354589 0.819708
vt 0.366537 0.839474
vt 0.376521 0.827236
vt 0.364954 0.811793
vt 0.385232 0.879752
vt 0.394734 0.838578
vt 0.336947 0.812566
vt 0.336947 0.820289
vt 0.336325 0.740059
vt 0.365205 0.753638
vt 0.378010 0.775201
vt 0.386885 0.792722
vt 0.397236 0.809821
vt 0.409633 0.825437
vt 0.416835 0.837995
vt 0.404567 0.881711
vt 0.416058 0.972074
vt 0.429620 0.972151
vt 0.416057 0.959270
vt 0.374325 0.967645
vt 0.374325 0.950413
vt 0.351496 0.967022
vt 0.351496 0.949167
vt 0.334479 0.967022
vt 0.334479 0.949167
vt 0.403131 0.785424
vt 0.394789 0.768858
vt 0.413401 0.801991
vt 0.425196 0.818256
vt 0.432207 0.830417
vt 0.417123 0.884824
vt 0.433398 0.843415
vt 0.416058 0.984878
vt 0.433612 0.984879
vt 0.374325 0.984878
vt 0.351496 0.984878
vt 0.334479 0.984878
vt 0.326261 0.772102
vt 0.315580 0.792549
vt 0.319304 0.819708
vt 0.308939 0.811793
vt 0.297372 0.827236
vt 0.307356 0.839474
vt 0.279159 0.838578
vt 0.288661 0.879752
vt 0.307445 0.753638
vt 0.294640 0.775201
vt 0.287008 0.792722
vt 0.276657 0.809821
vt 0.264260 0.825437
vt 0.257058 0.837995
vt 0.269327 0.881711
vt 0.252901 0.972074
vt 0.252901 0.959269
vt 0.239339 0.972151
vt 0.294633 0.967645
vt 0.294633 0.950413
vt 0.317462 0.967022
vt 0.317462 0.949167
vt 0.277860 0.768858
vt 0.269935 0.785424
vt 0.259666 0.801991
vt 0.247870 0.818256
vt 0.240860 0.830417
vt 0.239961 0.843601
vt 0.256315 0.884824
vt 0.235347 0.984879
vt 0.252901 0.984878
vt 0.294633 0.984878
vt 0.317462 0.984878
vt 0.382416 0.519521
vt 0.391903 0.533535
vt 0.407813 0.524785
vt 0.403413 0.510774
vt 0.424035 0.522483
vt 0.421162 0.508228
vt 0.463597 0.523319
vt 0.466916 0.509215
vt 0.479767 0.525928
vt 0.484548 0.511971
vt 0.495300 0.535197
vt 0.505256 0.521372
vt 0.250799 0.941863
vt 0.336447 0.941863
vt 0.262273 0.909699
vt 0.293622 0.888695
vt 0.379270 0.888696
vt 0.410620 0.909699
vt 0.422094 0.941863
vt 0.456638 0.540736
vt 0.430355 0.540736
vt 0.418375 0.543478
vt 0.409608 0.549043
vt 0.468466 0.544166
vt 0.476979 0.550089
vt 0.399495 0.479791
vt 0.380086 0.513730
vt 0.419434 0.448292
vt 0.469621 0.447758
vt 0.489063 0.480692
vt 0.507774 0.515609
vt 0.336947 0.766565
vt 0.347632 0.772102
vt 0.358313 0.792549
vt 0.336947 0.793184
vt 0.354589 0.819708
vt 0.364954 0.811793
vt 0.376521 0.827236
vt 0.366537 0.839474
vt 0.394734 0.838578
vt 0.385232 0.879752
vt 0.336947 0.812566
vt 0.336947 0.820289
vt 0.336325 0.740059
vt 0.365205 0.753638
vt 0.378010 0.775201
vt 0.386885 0.792722
vt 0.397236 0.809821
vt 0.409633 0.825437
vt 0.416835 0.837995
vt 0.404567 0.881711
vt 0.416058 0.972074
vt 0.416057 0.959270
vt 0.429620 0.972151
vt 0.374325 0.967645
vt 0.374325 0.950413
vt 0.351496 0.967022
vt 0.351496 0.949167
vt 0.334479 0.967022
vt 0.334479 0.949167
vt 0.394789 0.768858
vt 0.403131 0.785424
vt 0.413401 0.801991
vt 0.425196 0.818256
vt 0.432207 0.830417
vt 0.433398 0.843415
vt 0.417123 0.884824
vt 0.433612 0.984879
vt 0.416058 0.984878
vt 0.374325 0.984878
vt 0.351496 0.984878
vt 0.334479 0.984878
vt 0.315580 0.792549
vt 0.326261 0.772102
vt 0.319304 0.819708
vt 0.307356 0.839474
vt 0.297372 0.827236
vt 0.308939 0.811793
vt 0.288661 0.879752
vt 0.279159 0.838578
vt 0.307445 0.753638
vt 0.294640 0.775201
vt 0.287008 0.792722
vt 0.276657 0.809821
vt 0.264260 0.825437
vt 0.257058 0.837995
vt 0.269327 0.881711
vt 0.252901 0.972074
vt 0.239339 0.972151
vt 0.252901 0.959269
vt 0.294633 0.967645
vt 0.294633 0.950413
vt 0.317462 0.967022
vt 0.317462 0.949167
vt 0.269935 0.785424
vt 0.277860 0.768858
vt 0.259666 0.801991
vt 0.247870 0.818256
vt 0.240860 0.830417
vt 0.256315 0.884824
vt 0.239961 0.843601
vt 0.252901 0.984878
vt 0.235347 0.984879
vt 0.294633 0.984878
vt 0.317462 0.984878
vt 0.382416 0.519521
vt 0.403413 0.510774
vt 0.407813 0.524785
vt 0.391903 0.533535
vt 0.421162 0.508228
vt 0.424035 0.522483
vt 0.466916 0.509215
vt 0.463597 0.523319
vt 0.484548 0.511971
vt 0.479767 0.525928
vt 0.505256 0.521372
vt 0.495300 0.535197
vt 0.250799 0.941863
vt 0.262273 0.909699
vt 0.336447 0.941863
vt 0.293622 0.888695
vt 0.379270 0.888696
vt 0.410620 0.909699
vt 0.422094 0.941863
vt 0.456638 0.540736
vt 0.430355 0.540736
vt 0.418375 0.543478
vt 0.409608 0.549043
vt 0.476979 0.550089
vt 0.468466 0.544166
vt 0.380086 0.513730
vt 0.399495 0.479791
vt 0.419434 0.448292
vt 0.469621 0.447758
vt 0.489063 0.480692
vt 0.507774 0.515609
vt 0.233119 0.349516
vt 0.252430 0.348754
vt 0.256325 0.446725
vt 0.238867 0.446853
vt 0.274886 0.348464
vt 0.276895 0.446626
vt 0.300103 0.348443
vt 0.300107 0.446622
vt 0.325319 0.348463
vt 0.323320 0.446626
vt 0.347776 0.348750
vt 0.343890 0.446724
vt 0.367086 0.349510
vt 0.361347 0.446851
vt 0.345998 0.641030
vt 0.364698 0.641204
vt 0.364839 0.688085
vt 0.346267 0.687286
vt 0.324360 0.625354
vt 0.324529 0.671374
vt 0.300088 0.613450
vt 0.300093 0.659356
vt 0.275816 0.625352
vt 0.275656 0.671375
vt 0.254177 0.641029
vt 0.253918 0.687291
vt 0.235477 0.641209
vt 0.235346 0.688096
vt 0.300095 0.676480
vt 0.277125 0.702651
vt 0.256951 0.727659
vt 0.239733 0.734203
vt 0.360468 0.734191
vt 0.343248 0.727653
vt 0.323069 0.702650
vt 0.323704 0.589207
vt 0.323749 0.531840
vt 0.344781 0.531896
vt 0.344675 0.589160
vt 0.300096 0.589239
vt 0.300096 0.531784
vt 0.276480 0.589200
vt 0.276450 0.531842
vt 0.255501 0.589148
vt 0.255424 0.531895
vt 0.237561 0.588927
vt 0.237435 0.532071
vt 0.362796 0.532080
vt 0.362591 0.588946
vt 0.346409 0.482261
vt 0.365425 0.482105
vt 0.324563 0.482208
vt 0.300107 0.482137
vt 0.275651 0.482207
vt 0.253807 0.482258
vt 0.234791 0.482104
vt 0.233119 0.349516
vt 0.238867 0.446853
vt 0.256325 0.446725
vt 0.252430 0.348754
vt 0.276895 0.446626
vt 0.274886 0.348464
vt 0.300107 0.446622
vt 0.300103 0.348443
vt 0.323320 0.446626
vt 0.325319 0.348463
vt 0.343890 0.446724
vt 0.347776 0.348750
vt 0.361347 0.446851
vt 0.367086 0.349510
vt 0.345998 0.641030
vt 0.346267 0.687286
vt 0.364839 0.688085
vt 0.364698 0.641204
vt 0.324360 0.625354
vt 0.324529 0.671374
vt 0.300088 0.613450
vt 0.300093 0.659356
vt 0.275816 0.625352
vt 0.275656 0.671375
vt 0.254177 0.641029
vt 0.253918 0.687291
vt 0.235477 0.641209
vt 0.235346 0.688096
vt 0.277125 0.702651
vt 0.300095 0.676480
vt 0.256951 0.727659
vt 0.239733 0.734203
vt 0.343248 0.727653
vt 0.360468 0.734191
vt 0.323069 0.702650
vt 0.323704 0.589207
vt 0.344675 0.589160
vt 0.344781 0.531896
vt 0.323749 0.531840
vt 0.300096 0.531784
vt 0.300096 0.589239
vt 0.276450 0.531842
vt 0.276480 0.589200
vt 0.255424 0.531895
vt 0.255501 0.589148
vt 0.237435 0.532071
vt 0.237561 0.588927
vt 0.362796 0.532080
vt 0.362591 0.588946
vt 0.346409 0.482261
vt 0.365425 0.482105
vt 0.324563 0.482208
vt 0.300107 0.482137
vt 0.275651 0.482207
vt 0.253807 0.482258
vt 0.234791 0.482104
vt 0.516851 0.678642
vt 0.520705 0.680100
vt 0.495035 0.705560
vt 0.492793 0.703001
vt 0.459349 0.715084
vt 0.459349 0.712112
vt 0.423663 0.705560
vt 0.425906 0.703001
vt 0.397994 0.680100
vt 0.401847 0.678642
vt 0.388790 0.646250
vt 0.393220 0.646250
vt 0.397994 0.612400
vt 0.401847 0.613858
vt 0.423663 0.586940
vt 0.425906 0.589498
vt 0.459349 0.577416
vt 0.459349 0.580387
vt 0.495035 0.586940
vt 0.492793 0.589498
vt 0.520705 0.612400
vt 0.516851 0.613857
vt 0.529909 0.646250
vt 0.525478 0.646250
vt 0.533337 0.688338
vt 0.502066 0.719148
vt 0.498658 0.714615
vt 0.527435 0.685721
vt 0.459349 0.730425
vt 0.459349 0.725192
vt 0.416632 0.719148
vt 0.420040 0.714615
vt 0.385361 0.688338
vt 0.391264 0.685721
vt 0.373915 0.646250
vt 0.380731 0.646250
vt 0.385361 0.604162
vt 0.391264 0.606779
vt 0.416632 0.573352
vt 0.420040 0.577884
vt 0.459349 0.562074
vt 0.459349 0.567308
vt 0.502066 0.573352
vt 0.498658 0.577884
vt 0.533337 0.604162
vt 0.527435 0.606779
vt 0.544783 0.646250
vt 0.537968 0.646250
vt 0.516851 0.678642
vt 0.520705 0.680100
vt 0.495035 0.705560
vt 0.492793 0.703001
vt 0.459349 0.715084
vt 0.459349 0.712112
vt 0.423663 0.705560
vt 0.425906 0.703001
vt 0.397994 0.680100
vt 0.401847 0.678642
vt 0.388790 0.646250
vt 0.393220 0.646250
vt 0.397994 0.612400
vt 0.401847 0.613858
vt 0.423663 0.586940
vt 0.425906 0.589498
vt 0.459349 0.577416
vt 0.459349 0.580387
vt 0.495035 0.586940
vt 0.492793 0.589498
vt 0.520705 0.612400
vt 0.516851 0.613857
vt 0.529909 0.646250
vt 0.525478 0.646250
vt 0.533337 0.688338
vt 0.502066 0.719148
vt 0.498658 0.714615
vt 0.527435 0.685721
vt 0.459349 0.730425
vt 0.459349 0.725192
vt 0.416632 0.719148
vt 0.420040 0.714615
vt 0.385361 0.688338
vt 0.391264 0.685721
vt 0.373915 0.646250
vt 0.380731 0.646250
vt 0.385361 0.604162
vt 0.391264 0.606779
vt 0.416632 0.573352
vt 0.420040 0.577884
vt 0.459349 0.562074
vt 0.459349 0.567308
vt 0.502066 0.573352
vt 0.498658 0.577884
vt 0.533337 0.604162
vt 0.527435 0.606779
vt 0.544783 0.646250
vt 0.537968 0.646250
vt 0.604321 0.216971
vt 0.618047 0.215760
vt 0.616605 0.282030
vt 0.603389 0.280213
vt 0.577006 0.217275
vt 0.575789 0.279315
vt 0.497785 0.217272
vt 0.496293 0.279316
vt 0.468951 0.279565
vt 0.470215 0.216313
vt 0.457366 0.214444
vt 0.455224 0.280719
vt 0.602836 0.211093
vt 0.615819 0.209388
vt 0.614170 0.288306
vt 0.601583 0.286055
vt 0.575855 0.211638
vt 0.574631 0.284853
vt 0.498943 0.211735
vt 0.497446 0.284953
vt 0.470429 0.285441
vt 0.472029 0.210470
vt 0.459454 0.208177
vt 0.457435 0.287100
vt 0.604321 0.216971
vt 0.603389 0.280213
vt 0.616605 0.282030
vt 0.618047 0.215760
vt 0.577006 0.217275
vt 0.575789 0.279315
vt 0.497785 0.217272
vt 0.496293 0.279316
vt 0.470215 0.216313
vt 0.468951 0.279565
vt 0.457366 0.214444
vt 0.455224 0.280719
vt 0.602836 0.211093
vt 0.615819 0.209388
vt 0.614170 0.288306
vt 0.601583 0.286055
vt 0.575855 0.211638
vt 0.574631 0.284853
vt 0.498943 0.211735
vt 0.497446 0.284953
vt 0.470429 0.285441
vt 0.472029 0.210470
vt 0.459454 0.208177
vt 0.457435 0.287100
vt 0.547419 0.125551
vt 0.574928 0.124725
vt 0.575197 0.199623
vt 0.548217 0.198745
vt 0.469191 0.125972
vt 0.470163 0.198745
vt 0.442700 0.199628
vt 0.442168 0.125369
vt 0.546310 0.120151
vt 0.573331 0.119078
vt 0.573507 0.205268
vt 0.547022 0.204063
vt 0.470347 0.120646
vt 0.471253 0.204152
vt 0.444377 0.205281
vt 0.443720 0.119711
vt 0.586159 0.207257
vt 0.588406 0.201152
vt 0.588533 0.123284
vt 0.586268 0.117168
vt 0.430813 0.117867
vt 0.428569 0.123999
vt 0.429479 0.201187
vt 0.431693 0.207282
vt 0.547419 0.125551
vt 0.548217 0.198745
vt 0.575197 0.199623
vt 0.574928 0.124725
vt 0.469191 0.125972
vt 0.470163 0.198745
vt 0.442168 0.125369
vt 0.442700 0.199628
vt 0.546310 0.120151
vt 0.573331 0.119078
vt 0.573507 0.205268
vt 0.547022 0.204063
vt 0.470347 0.120646
vt 0.471253 0.204152
vt 0.444377 0.205281
vt 0.443720 0.119711
vt 0.586159 0.207257
vt 0.588406 0.201152
vt 0.588533 0.123284
vt 0.586268 0.117168
vt 0.430813 0.117867
vt 0.428569 0.123999
vt 0.429479 0.201187
vt 0.431693 0.207282
vt 0.546646 0.029577
vt 0.548723 0.105613
vt 0.575771 0.106293
vt 0.574113 0.028352
vt 0.468767 0.030693
vt 0.470218 0.105613
vt 0.441798 0.030124
vt 0.442674 0.106476
vt 0.428569 0.028726
vt 0.429087 0.108012
vt 0.545488 0.024230
vt 0.572437 0.022771
vt 0.574132 0.111893
vt 0.547545 0.110887
vt 0.469883 0.025401
vt 0.471316 0.110980
vt 0.444294 0.112075
vt 0.443413 0.024502
vt 0.430742 0.022650
vt 0.431383 0.114061
vt 0.586840 0.113685
vt 0.589007 0.107596
vt 0.587689 0.026693
vt 0.585332 0.020665
vt 0.546646 0.029577
vt 0.574113 0.028352
vt 0.575771 0.106293
vt 0.548723 0.105613
vt 0.468767 0.030693
vt 0.470218 0.105613
vt 0.442674 0.106476
vt 0.441798 0.030124
vt 0.428569 0.028726
vt 0.429087 0.108012
vt 0.545488 0.024230
vt 0.572437 0.022771
vt 0.574132 0.111893
vt 0.547545 0.110887
vt 0.469883 0.025401
vt 0.471316 0.110980
vt 0.444294 0.112075
vt 0.443413 0.024502
vt 0.430742 0.022650
vt 0.431383 0.114061
vt 0.586840 0.113685
vt 0.589007 0.107596
vt 0.587689 0.026693
vt 0.585332 0.020665
vt 0.300683 0.233855
vt 0.269047 0.233952
vt 0.268911 0.066559
vt 0.300688 0.065972
vt 0.369999 0.065972
vt 0.400859 0.066516
vt 0.403035 0.233869
vt 0.370936 0.233976
vt 0.391044 0.040225
vt 0.278835 0.040350
vt 0.351347 0.263639
vt 0.320827 0.263360
vt 0.301090 0.034873
vt 0.369626 0.035162
vt 0.415284 0.067398
vt 0.417232 0.233623
vt 0.404924 0.036473
vt 0.301100 0.020978
vt 0.369629 0.021268
vt 0.255793 0.066718
vt 0.265597 0.036405
vt 0.254851 0.233934
vt 0.580937 0.288801
vt 0.603876 0.310986
vt 0.603876 0.325168
vt 0.580937 0.325168
vt 0.545440 0.288801
vt 0.545440 0.325168
vt 0.456140 0.310986
vt 0.478801 0.288801
vt 0.478801 0.325168
vt 0.456140 0.325168
vt 0.514338 0.288801
vt 0.514338 0.325168
vt 0.300683 0.233855
vt 0.300688 0.065972
vt 0.268911 0.066559
vt 0.269047 0.233952
vt 0.369999 0.065972
vt 0.370936 0.233976
vt 0.403035 0.233869
vt 0.400859 0.066516
vt 0.391044 0.040225
vt 0.278835 0.040350
vt 0.351347 0.263639
vt 0.320827 0.263360
vt 0.369626 0.035162
vt 0.301090 0.034873
vt 0.417232 0.233623
vt 0.415284 0.067398
vt 0.404924 0.036473
vt 0.369629 0.021168
vt 0.301100 0.020878
vt 0.265597 0.036405
vt 0.255793 0.066718
vt 0.254851 0.233934
vt 0.580937 0.288801
vt 0.580937 0.325168
vt 0.603876 0.325168
vt 0.603876 0.310986
vt 0.545440 0.288801
vt 0.545440 0.325168
vt 0.456140 0.310986
vt 0.456140 0.325168
vt 0.478801 0.325168
vt 0.478801 0.288801
vt 0.514338 0.325168
vt 0.514338 0.288801
vt 0.635738 0.164922
vt 0.623222 0.162288
vt 0.622870 0.158406
vt 0.634957 0.156835
vt 0.628752 0.177391
vt 0.637830 0.172108
vt 0.601653 0.164229
vt 0.602168 0.156588
vt 0.614343 0.158406
vt 0.614640 0.162383
vt 0.607888 0.176638
vt 0.599371 0.171550
vt 0.602940 0.131834
vt 0.614367 0.130157
vt 0.638412 0.081416
vt 0.638412 0.096681
vt 0.631937 0.096681
vt 0.631937 0.081416
vt 0.626119 0.081416
vt 0.626119 0.096681
vt 0.604974 0.096681
vt 0.604975 0.081416
vt 0.622920 0.130259
vt 0.602224 0.123251
vt 0.614739 0.122258
vt 0.609076 0.110893
vt 0.599314 0.116123
vt 0.635243 0.123772
vt 0.634351 0.132125
vt 0.622854 0.122218
vt 0.628300 0.111578
vt 0.638391 0.116875
vt 0.592681 0.096681
vt 0.592681 0.081416
vt 0.599157 0.081416
vt 0.599157 0.096681
vt 0.635738 0.164922
vt 0.623222 0.162288
vt 0.622870 0.158406
vt 0.634957 0.156835
vt 0.628752 0.177391
vt 0.637830 0.172108
vt 0.601653 0.164229
vt 0.602168 0.156588
vt 0.614343 0.158406
vt 0.614640 0.162383
vt 0.607888 0.176638
vt 0.599371 0.171550
vt 0.602940 0.131834
vt 0.614367 0.130157
vt 0.638412 0.081416
vt 0.638412 0.096681
vt 0.631937 0.096681
vt 0.631937 0.081416
vt 0.626119 0.081416
vt 0.626119 0.096681
vt 0.604974 0.096681
vt 0.604975 0.081416
vt 0.622920 0.130259
vt 0.602224 0.123251
vt 0.614739 0.122258
vt 0.609076 0.110893
vt 0.599314 0.116123
vt 0.635243 0.123772
vt 0.634351 0.132125
vt 0.622854 0.122218
vt 0.628300 0.111578
vt 0.638391 0.116875
vt 0.592681 0.096681
vt 0.592681 0.081416
vt 0.599157 0.081416
vt 0.599157 0.096681
vt 0.151930 0.179687
vt 0.138269 0.179782
vt 0.138369 0.040421
vt 0.151930 0.040422
vt 0.193683 0.040403
vt 0.194543 0.179115
vt 0.207164 0.040359
vt 0.208072 0.178972
vt 0.196117 0.772764
vt 0.209871 0.772437
vt 0.212995 0.985901
vt 0.198873 0.985850
vt 0.151930 0.774163
vt 0.151930 0.985280
vt 0.137759 0.985160
vt 0.138085 0.774446
vt 0.151930 0.313020
vt 0.138160 0.313097
vt 0.195614 0.312678
vt 0.209274 0.312596
vt 0.195377 0.603903
vt 0.209028 0.603897
vt 0.151930 0.603905
vt 0.138181 0.603901
vt 0.685387 0.078557
vt 0.607432 0.078557
vt 0.607432 0.049216
vt 0.685387 0.049217
vt 0.592147 0.060658
vt 0.592147 0.049216
vt 0.700673 0.049216
vt 0.700673 0.060658
vt 0.134195 0.040416
vt 0.132185 0.179777
vt 0.131270 0.313095
vt 0.131291 0.603898
vt 0.131196 0.774438
vt 0.130884 0.985148
vt 0.592147 0.037775
vt 0.607432 0.019876
vt 0.685387 0.019876
vt 0.700673 0.037775
vt 0.216707 0.772362
vt 0.219843 0.985795
vt 0.215859 0.603889
vt 0.216096 0.312580
vt 0.214890 0.178915
vt 0.211688 0.040308
vt 0.151930 0.179687
vt 0.151930 0.040422
vt 0.138369 0.040421
vt 0.138269 0.179782
vt 0.194543 0.179115
vt 0.193683 0.040403
vt 0.208072 0.178972
vt 0.207164 0.040359
vt 0.196117 0.772764
vt 0.198873 0.985850
vt 0.212995 0.985901
vt 0.209871 0.772437
vt 0.151930 0.774163
vt 0.151930 0.985280
vt 0.137759 0.985160
vt 0.138085 0.774446
vt 0.151930 0.313020
vt 0.138160 0.313097
vt 0.195614 0.312678
vt 0.209274 0.312596
vt 0.195377 0.603903
vt 0.209028 0.603897
vt 0.151930 0.603905
vt 0.138181 0.603901
vt 0.134195 0.040416
vt 0.132185 0.179777
vt 0.131270 0.313095
vt 0.131291 0.603898
vt 0.131196 0.774438
vt 0.130884 0.985148
vt 0.219843 0.985795
vt 0.216707 0.772362
vt 0.215859 0.603889
vt 0.216096 0.312580
vt 0.214890 0.178915
vt 0.211688 0.040308
vn 0.744879 0.667200 0.000000
vn 0.744880 0.667199 -0.000000
vn 0.744879 0.667200 0.000000
vn 0.744880 0.667199 -0.000000
vn -0.744880 -0.667199 0.000000
vn -0.744878 -0.667200 0.000000
vn -0.744880 -0.667199 0.000000
vn -0.744878 -0.667200 0.000000
vn -0.046498 -0.041646 0.998050
vn -0.010535 -0.009432 0.999900
vn 0.025374 0.022723 0.999420
vn 0.025374 0.022723 0.999420
vn -0.082273 -0.073696 0.993881
vn -0.082273 -0.073696 0.993881
vn -0.046498 -0.041646 0.998050
vn -0.010535 -0.009432 0.999900
vn 0.661188 -0.750220 0.000000
vn 0.661188 -0.750220 0.000000
vn 0.661189 -0.750220 0.000000
vn 0.661187 -0.750221 0.000000
vn 0.661188 -0.750220 0.000000
vn 0.661188 -0.750220 0.000000
vn 0.661188 -0.750220 0.000000
vn 0.661189 -0.750220 0.000000
vn 0.744878 0.667201 0.000000
vn 0.744879 0.667200 0.000000
vn 0.744880 0.667199 -0.000000
vn 0.744880 0.667199 -0.000000
vn -0.744880 -0.667199 0.000000
vn -0.744880 -0.667199 0.000000
vn -0.744878 -0.667200 0.000000
vn -0.744878 -0.667200 0.000000
vn 0.025374 0.022723 -0.999420
vn -0.010535 -0.009432 -0.999900
vn 0.025374 0.022723 -0.999420
vn -0.046498 -0.041646 -0.998050
vn -0.010535 -0.009432 -0.999900
vn -0.082273 -0.073696 -0.993881
vn -0.046498 -0.041646 -0.998050
vn -0.082273 -0.073696 -0.993881
vn 0.661188 -0.750220 0.000000
vn 0.661188 -0.750220 0.000000
vn 0.661188 -0.750220 0.000000
vn 0.661186 -0.750222 0.000000
vn 0.661188 -0.750220 0.000000
vn 0.661188 -0.750220 0.000000
vn 0.661189 -0.750220 0.000000
vn 0.661188 -0.750220 0.000000
vn -0.598283 -0.527281 -0.603351
vn -0.557465 -0.491307 -0.669216
vn -0.598282 -0.527280 -0.603352
vn -0.557465 -0.491308 -0.669216
vn -0.293780 -0.258915 -0.920139
vn -0.293780 -0.258915 -0.920139
vn 0.000000 0.000000 -1.000000
vn -0.000001 -0.000000 -1.000000
vn 0.706534 0.622686 0.336262
vn 0.706534 0.622685 0.336263
vn 0.563206 0.496367 0.660620
vn 0.563206 0.496367 0.660620
vn 0.298256 0.262860 0.917577
vn 0.298257 0.262860 0.917577
vn -0.000000 -0.000000 1.000000
vn 0.000000 0.000000 1.000000
vn 0.661190 -0.750218 0.000006
vn 0.661190 -0.750219 0.000006
vn 0.661195 -0.750214 0.000000
vn 0.661195 -0.750214 0.000000
vn -0.661190 0.750219 -0.000005
vn -0.661192 0.750217 -0.000002
vn -0.661189 0.750219 -0.000005
vn -0.661191 0.750217 -0.000002
vn 0.661188 -0.750221 -0.000001
vn 0.661187 -0.750221 -0.000001
vn -0.661187 0.750221 -0.000001
vn -0.661187 0.750221 -0.000000
vn 0.661188 -0.750221 -0.000001
vn 0.661187 -0.750221 0.000000
vn -0.661189 0.750220 0.000000
vn -0.661189 0.750220 0.000000
vn 0.172849 0.152338 -0.973096
vn 0.172854 0.152339 -0.973095
vn 0.598281 0.527279 -0.603355
vn 0.598283 0.527281 -0.603352
vn 0.557466 0.491308 -0.669215
vn 0.557465 0.491307 -0.669216
vn 0.293780 0.258915 -0.920139
vn 0.293780 0.258915 -0.920139
vn -0.706535 -0.622685 0.336262
vn -0.563206 -0.496367 0.660620
vn -0.706534 -0.622685 0.336263
vn -0.563205 -0.496367 0.660621
vn -0.298257 -0.262860 0.917577
vn -0.298256 -0.262860 0.917577
vn 0.661191 -0.750218 -0.000002
vn 0.661188 -0.750220 -0.000002
vn 0.661190 -0.750219 -0.000001
vn 0.661187 -0.750221 -0.000002
vn -0.661190 0.750219 0.000001
vn -0.661190 0.750218 0.000001
vn -0.661192 0.750217 -0.000001
vn -0.661193 0.750216 -0.000002
vn 0.661191 -0.750218 -0.000007
vn 0.661191 -0.750218 -0.000006
vn -0.661189 0.750220 0.000007
vn -0.661189 0.750220 0.000007
vn -0.172846 -0.152338 -0.973097
vn -0.172854 -0.152337 -0.973096
vn -0.578739 -0.510059 0.636318
vn -0.333378 -0.293816 0.895841
vn -0.578739 -0.510059 0.636319
vn -0.333379 -0.293817 0.895841
vn -0.149952 -0.132157 0.979821
vn -0.149952 -0.132157 0.979821
vn 0.570012 0.502366 -0.650166
vn 0.570011 0.502366 -0.650165
vn 0.325692 0.287041 -0.900851
vn 0.325692 0.287041 -0.900851
vn 0.147895 0.130343 -0.980376
vn 0.147895 0.130343 -0.980376
vn 0.661188 -0.750220 0.000001
vn 0.661188 -0.750220 0.000001
vn 0.661187 -0.750221 0.000002
vn 0.661186 -0.750222 0.000002
vn -0.661190 0.750219 0.000002
vn -0.661187 0.750221 -0.000001
vn -0.661190 0.750219 0.000002
vn -0.661187 0.750221 -0.000001
vn 0.661187 -0.750221 0.000002
vn 0.661188 -0.750221 0.000002
vn -0.661187 0.750221 -0.000004
vn -0.661188 0.750220 -0.000002
vn 0.661187 -0.750221 -0.000001
vn 0.661187 -0.750221 -0.000000
vn -0.709003 -0.624866 0.326892
vn -0.709003 -0.624866 0.326891
vn -0.661193 0.750216 0.000002
vn -0.661191 0.750218 0.000001
vn 0.706535 0.622686 -0.336261
vn 0.706534 0.622687 -0.336261
vn -0.141002 -0.124271 -0.982179
vn -0.141003 -0.124270 -0.982179
vn -0.141004 -0.124270 -0.982179
vn -0.141005 -0.124270 -0.982178
vn 0.744385 0.656044 0.124487
vn 0.744384 0.656045 0.124489
vn 0.744384 0.656045 0.124489
vn 0.744384 0.656045 0.124490
vn -0.578740 -0.510057 -0.636319
vn -0.578739 -0.510058 -0.636319
vn -0.333379 -0.293817 -0.895840
vn -0.333379 -0.293818 -0.895840
vn -0.149953 -0.132157 -0.979821
vn -0.149953 -0.132157 -0.979821
vn 0.570011 0.502367 0.650165
vn 0.325692 0.287041 0.900851
vn 0.570011 0.502367 0.650165
vn 0.325693 0.287040 0.900851
vn 0.147894 0.130343 0.980377
vn 0.147894 0.130343 0.980376
vn 0.661187 -0.750221 -0.000002
vn 0.661188 -0.750221 -0.000001
vn 0.661187 -0.750222 -0.000002
vn 0.661187 -0.750221 -0.000001
vn -0.661190 0.750219 -0.000002
vn -0.661190 0.750219 -0.000002
vn -0.661188 0.750221 0.000001
vn -0.661187 0.750221 0.000001
vn 0.661188 -0.750221 -0.000002
vn 0.661187 -0.750221 -0.000002
vn -0.661188 0.750220 0.000002
vn -0.661188 0.750221 0.000004
vn 0.661187 -0.750221 0.000000
vn 0.661187 -0.750221 0.000001
vn -0.709003 -0.624866 -0.326891
vn -0.709004 -0.624865 -0.326891
vn -0.661191 0.750218 -0.000001
vn -0.661193 0.750216 -0.000002
vn 0.706534 0.622686 0.336262
vn 0.706534 0.622687 0.336261
vn -0.141003 -0.124271 0.982179
vn -0.141004 -0.124270 0.982179
vn -0.141003 -0.124270 0.982179
vn -0.141004 -0.124270 0.982179
vn 0.744384 0.656045 -0.124486
vn 0.744385 0.656044 -0.124489
vn 0.744384 0.656045 -0.124488
vn 0.744385 0.656043 -0.124491
vn 0.578740 0.510058 -0.636319
vn 0.333380 0.293816 -0.895840
vn 0.578740 0.510058 -0.636319
vn 0.333380 0.293816 -0.895840
vn 0.149953 0.132157 -0.979821
vn 0.149953 0.132157 -0.979821
vn -0.570011 -0.502367 0.650165
vn -0.570010 -0.502367 0.650166
vn -0.325692 -0.287041 0.900851
vn -0.325693 -0.287041 0.900850
vn -0.147894 -0.130343 0.980376
vn -0.147894 -0.130343 0.980376
vn 0.661187 -0.750221 0.000003
vn 0.661187 -0.750221 0.000003
vn 0.661187 -0.750221 0.000001
vn 0.661187 -0.750221 0.000001
vn -0.661187 0.750221 -0.000002
vn -0.661189 0.750220 -0.000000
vn -0.661188 0.750221 -0.000001
vn -0.661189 0.750219 0.000000
vn 0.661187 -0.750221 0.000002
vn 0.661187 -0.750221 0.000002
vn -0.661188 0.750220 -0.000003
vn -0.661188 0.750220 -0.000003
vn 0.661187 -0.750221 0.000000
vn 0.661186 -0.750222 0.000000
vn 0.709005 0.624864 -0.326889
vn 0.709005 0.624864 -0.326890
vn -0.661187 0.750221 -0.000001
vn -0.661188 0.750221 -0.000001
vn -0.706534 -0.622686 0.336261
vn -0.706533 -0.622687 0.336262
vn 0.141004 0.124270 0.982179
vn 0.141004 0.124270 0.982179
vn 0.141004 0.124270 0.982179
vn 0.141004 0.124271 0.982179
vn -0.744384 -0.656044 -0.124489
vn -0.744385 -0.656044 -0.124489
vn -0.744385 -0.656044 -0.124489
vn -0.744385 -0.656044 -0.124488
vn 0.578739 0.510059 0.636319
vn 0.578739 0.510058 0.636319
vn 0.333380 0.293816 0.895840
vn 0.333380 0.293816 0.895840
vn 0.149953 0.132157 0.979821
vn 0.149952 0.132157 0.979821
vn -0.570011 -0.502368 -0.650165
vn -0.325693 -0.287041 -0.900851
vn -0.570010 -0.502368 -0.650166
vn -0.325693 -0.287041 -0.900850
vn -0.147894 -0.130343 -0.980376
vn -0.147894 -0.130343 -0.980376
vn 0.661186 -0.750222 -0.000001
vn 0.661187 -0.750221 -0.000003
vn 0.661186 -0.750222 -0.000001
vn 0.661187 -0.750221 -0.000003
vn -0.661187 0.750221 0.000002
vn -0.661187 0.750221 0.000001
vn -0.661189 0.750219 -0.000000
vn -0.661189 0.750219 -0.000001
vn 0.661187 -0.750221 -0.000002
vn 0.661187 -0.750221 -0.000002
vn -0.661188 0.750220 0.000003
vn -0.661188 0.750220 0.000003
vn 0.661187 -0.750221 -0.000000
vn 0.661188 -0.750220 0.000000
vn 0.709006 0.624864 0.326889
vn 0.709005 0.624864 0.326890
vn -0.661188 0.750220 0.000001
vn -0.661188 0.750220 0.000001
vn -0.706535 -0.622685 -0.336261
vn -0.706533 -0.622687 -0.336262
vn 0.141003 0.124270 -0.982179
vn 0.141005 0.124270 -0.982179
vn 0.141004 0.124270 -0.982179
vn 0.141006 0.124271 -0.982178
vn -0.744384 -0.656045 0.124490
vn -0.744384 -0.656045 0.124489
vn -0.744384 -0.656045 0.124489
vn -0.744385 -0.656044 0.124489
vn -0.598284 -0.527282 0.603349
vn -0.598282 -0.527280 0.603353
vn -0.557465 -0.491307 0.669216
vn -0.557465 -0.491308 0.669216
vn -0.293780 -0.258915 0.920139
vn -0.293780 -0.258915 0.920139
vn 0.000000 0.000000 1.000000
vn -0.000000 -0.000000 1.000000
vn 0.706534 0.622686 -0.336261
vn 0.563206 0.496367 -0.660620
vn 0.706534 0.622685 -0.336262
vn 0.563206 0.496367 -0.660620
vn 0.298256 0.262860 -0.917577
vn 0.298256 0.262860 -0.917577
vn -0.000000 -0.000000 -1.000000
vn 0.000000 0.000000 -1.000000
vn 0.661194 -0.750215 0.000000
vn 0.661191 -0.750218 -0.000005
vn 0.661195 -0.750214 0.000000
vn 0.661191 -0.750217 -0.000005
vn -0.661190 0.750219 0.000005
vn -0.661190 0.750219 0.000005
vn -0.661193 0.750216 0.000002
vn -0.661192 0.750217 0.000002
vn 0.661188 -0.750221 0.000000
vn 0.661187 -0.750221 0.000001
vn -0.661187 0.750221 0.000000
vn -0.661187 0.750221 0.000001
vn 0.661189 -0.750220 0.000000
vn 0.661188 -0.750220 0.000000
vn -0.661190 0.750219 0.000000
vn -0.661190 0.750219 -0.000000
vn 0.172851 0.152338 0.973096
vn 0.172853 0.152339 0.973096
vn 0.598281 0.527279 0.603354
vn 0.557466 0.491308 0.669215
vn 0.598282 0.527281 0.603352
vn 0.557465 0.491307 0.669216
vn 0.293780 0.258915 0.920139
vn 0.293780 0.258915 0.920139
vn -0.706535 -0.622685 -0.336262
vn -0.706533 -0.622686 -0.336264
vn -0.563206 -0.496366 -0.660621
vn -0.563205 -0.496367 -0.660621
vn -0.298257 -0.262861 -0.917577
vn -0.298256 -0.262861 -0.917577
vn 0.661186 -0.750222 0.000002
vn 0.661187 -0.750222 0.000002
vn 0.661190 -0.750219 0.000001
vn 0.661190 -0.750218 0.000002
vn -0.661187 0.750221 -0.000001
vn -0.661193 0.750216 0.000001
vn -0.661187 0.750221 -0.000001
vn -0.661195 0.750214 0.000002
vn 0.661192 -0.750217 0.000006
vn 0.661192 -0.750217 0.000006
vn -0.661190 0.750218 -0.000007
vn -0.661191 0.750218 -0.000007
vn -0.172851 -0.152338 0.973096
vn -0.172850 -0.152337 0.973096
vn -0.594611 -0.524044 0.609767
vn -0.298256 -0.262860 0.917577
vn -0.594611 -0.524044 0.609767
vn -0.298256 -0.262860 0.917577
vn -0.000000 -0.000000 1.000000
vn -0.000000 0.000000 1.000000
vn 0.298257 0.262861 0.917577
vn 0.298257 0.262861 0.917577
vn 0.594610 0.524044 0.609768
vn 0.594610 0.524045 0.609767
vn 0.750221 0.661187 0.000000
vn 0.750221 0.661188 0.000000
vn 0.594610 0.524044 -0.609768
vn 0.594610 0.524045 -0.609767
vn 0.298256 0.262860 -0.917577
vn 0.298257 0.262861 -0.917577
vn -0.000000 -0.000000 -1.000000
vn 0.000000 0.000000 -1.000000
vn -0.298257 -0.262861 -0.917577
vn -0.298256 -0.262860 -0.917577
vn -0.594611 -0.524045 -0.609767
vn -0.594610 -0.524045 -0.609767
vn -0.750221 -0.661188 0.000001
vn -0.750221 -0.661187 -0.000000
vn 0.661189 -0.750220 0.000000
vn 0.661189 -0.750220 0.000000
vn 0.661189 -0.750220 0.000000
vn 0.661189 -0.750219 0.000000
vn 0.661191 -0.750218 0.000000
vn 0.661190 -0.750218 0.000000
vn 0.661190 -0.750219 0.000000
vn 0.661189 -0.750219 0.000000
vn 0.661186 -0.750222 0.000000
vn 0.661187 -0.750221 0.000000
vn 0.661187 -0.750222 0.000000
vn 0.661188 -0.750220 0.000000
vn 0.661188 -0.750220 0.000000
vn 0.661189 -0.750220 0.000000
vn 0.661188 -0.750220 0.000000
vn 0.661190 -0.750218 0.000000
vn 0.661192 -0.750217 0.000000
vn 0.661192 -0.750217 0.000000
vn 0.661192 -0.750217 0.000000
vn 0.661192 -0.750217 0.000000
vn 0.661192 -0.750217 0.000000
vn 0.661192 -0.750217 0.000000
vn 0.661189 -0.750220 0.000000
vn 0.661189 -0.750219 0.000000
vn 0.661189 -0.750219 0.000000
vn 0.661190 -0.750219 0.000000
vn 0.661187 -0.750222 0.000000
vn 0.661187 -0.750221 0.000000
vn 0.661188 -0.750221 0.000000
vn 0.661188 -0.750220 0.000000
vn 0.661190 -0.750219 0.000000
vn 0.661189 -0.750219 0.000000
vn 0.661190 -0.750219 0.000000
vn 0.661189 -0.750219 0.000000
vn 0.661189 -0.750220 0.000000
vn 0.661188 -0.750220 0.000000
vn 0.661188 -0.750220 0.000000
vn 0.661189 -0.750220 0.000000
vn 0.661185 -0.750223 0.000000
vn 0.661185 -0.750223 0.000000
vn 0.661185 -0.750223 0.000000
vn 0.661185 -0.750223 0.000000
vn 0.661185 -0.750223 0.000000
vn 0.661185 -0.750223 0.000000
vn -0.661189 0.750219 0.000000
vn -0.661189 0.750219 0.000000
vn -0.661189 0.750219 0.000000
vn -0.661189 0.750219 0.000000
vn -0.661189 0.750219 0.000000
vn -0.661189 0.750219 0.000000
vn -0.661189 0.750219 0.000000
vn -0.661189 0.750219 0.000000
vn -0.661187 0.750221 0.000000
vn -0.661187 0.750221 0.000000
vn -0.661188 0.750221 0.000000
vn -0.661188 0.750220 0.000000
vn -0.661187 0.750221 0.000000
vn -0.661188 0.750221 0.000000
vn -0.661188 0.750220 0.000000
vn -0.661190 0.750218 0.000000
vn -0.661192 0.750217 0.000000
vn -0.661192 0.750217 0.000000
vn -0.661192 0.750217 0.000000
vn -0.661192 0.750217 0.000000
vn -0.661192 0.750217 0.000000
vn -0.661192 0.750217 0.000000
vn -0.661188 0.750220 0.000000
vn -0.661189 0.750220 0.000000
vn -0.661189 0.750220 0.000000
vn -0.661190 0.750219 0.000000
vn -0.661187 0.750221 0.000000
vn -0.661188 0.750221 0.000000
vn -0.661187 0.750221 0.000000
vn -0.661188 0.750220 0.000000
vn -0.661190 0.750219 0.000000
vn -0.661189 0.750219 0.000000
vn -0.661189 0.750219 0.000000
vn -0.661189 0.750219 0.000000
vn -0.661189 0.750220 0.000000
vn -0.661189 0.750220 0.000000
vn -0.661189 0.750220 0.000000
vn -0.661189 0.750220 0.000000
vn -0.661185 0.750223 0.000000
vn -0.661185 0.750223 0.000000
vn -0.661185 0.750223 0.000000
vn -0.661185 0.750223 0.000000
vn -0.661185 0.750223 0.000000
vn -0.661185 0.750223 0.000000
vn -0.002821 -0.093894 -0.995578
vn 0.001598 -0.130306 -0.991473
vn -0.026563 -0.178978 -0.983494
vn -0.006771 -0.141291 -0.989945
vn 0.656691 0.754160 0.000000
vn 0.656677 0.754172 -0.000000
vn 0.621423 0.783475 -0.000016
vn 0.620875 0.783910 -0.000017
vn 0.030921 0.032231 -0.999002
vn -0.065867 -0.084327 -0.994259
vn -0.067722 -0.074554 -0.994915
vn 0.028140 0.030418 -0.999141
vn -0.140059 -0.169305 -0.975561
vn -0.132614 -0.146545 -0.980275
vn -0.066008 -0.060289 -0.995996
vn -0.065867 -0.057557 -0.996167
vn 0.025790 0.023782 -0.999384
vn 0.026564 0.023429 -0.999373
vn -0.137658 -0.126057 -0.982426
vn -0.138850 -0.121791 -0.982796
vn 0.734751 0.678337 0.000000
vn 0.734751 0.678337 0.000000
vn 0.749980 0.661460 0.000000
vn 0.749981 0.661460 0.000000
vn 0.685413 0.728154 0.000000
vn 0.685414 0.728154 0.000000
vn -0.083233 -0.200110 -0.976232
vn 0.606562 0.795036 -0.000016
vn 0.008944 -0.136776 -0.990562
vn 0.723246 0.690590 0.000000
vn 0.723246 0.690590 0.000000
vn 0.707375 0.706839 0.000000
vn 0.707375 0.706839 0.000000
vn -0.064450 -0.066304 -0.995716
vn -0.065027 -0.062453 -0.995927
vn 0.024095 0.024130 -0.999418
vn 0.024178 0.022937 -0.999445
vn -0.141046 -0.144785 -0.979359
vn -0.142493 -0.136884 -0.980285
vn -0.002820 -0.093894 0.995578
vn -0.026563 -0.178978 0.983494
vn 0.001598 -0.130306 0.991473
vn -0.006772 -0.141291 0.989945
vn 0.620875 0.783909 0.000017
vn 0.656677 0.754172 0.000000
vn 0.621424 0.783475 0.000016
vn 0.656691 0.754160 0.000000
vn -0.065867 -0.084327 0.994259
vn 0.030921 0.032231 0.999002
vn -0.067722 -0.074554 0.994915
vn 0.028140 0.030418 0.999141
vn -0.140059 -0.169305 0.975561
vn -0.132613 -0.146544 0.980275
vn 0.026564 0.023429 0.999373
vn -0.065867 -0.057557 0.996167
vn 0.025790 0.023782 0.999385
vn -0.066008 -0.060289 0.995996
vn -0.138850 -0.121791 0.982796
vn -0.137658 -0.126057 0.982425
vn 0.734752 0.678336 0.000000
vn 0.749980 0.661461 0.000000
vn 0.734752 0.678336 0.000000
vn 0.749980 0.661461 0.000000
vn 0.685414 0.728154 0.000000
vn 0.685413 0.728154 0.000000
vn -0.083233 -0.200111 0.976232
vn 0.606562 0.795036 0.000016
vn 0.008943 -0.136776 0.990562
vn 0.723246 0.690590 0.000000
vn 0.707373 0.706840 0.000000
vn 0.723246 0.690590 0.000000
vn 0.707373 0.706840 0.000000
vn 0.024178 0.022937 0.999445
vn -0.065027 -0.062453 0.995927
vn 0.024096 0.024130 0.999418
vn -0.064450 -0.066304 0.995716
vn -0.142493 -0.136884 0.980285
vn -0.141047 -0.144785 0.979359
vn 0.321532 -0.364828 0.873795
vn 0.000000 0.000000 1.000000
vn -0.085050 -0.440112 0.893906
vn -0.194103 -0.361000 0.912142
vn -0.113704 0.137215 0.983994
vn -0.031606 -0.397847 0.916907
vn -0.007814 0.018939 0.999790
vn -0.145139 -0.370053 0.917603
vn -0.285153 0.507876 0.812865
vn -0.393012 -0.205719 0.896226
vn 0.000000 0.000000 1.000000
vn 0.000001 0.000000 1.000000
vn 0.402048 -0.456187 0.793883
vn -0.051597 -0.637048 0.769096
vn -0.364416 -0.675972 0.640518
vn -0.359220 -0.744511 0.562730
vn -0.116550 -0.834676 0.538268
vn -0.113343 -0.895048 0.431326
vn -0.784250 -0.412477 0.463480
vn -0.880327 -0.012266 0.474209
vn 0.268692 0.963226 0.000000
vn 0.420248 0.907409 0.000000
vn 0.411420 0.911446 0.000000
vn -0.149457 0.988768 0.000000
vn -0.156765 0.987636 0.000000
vn -0.661188 0.750220 0.000000
vn -0.661188 0.750220 0.000000
vn -0.518174 -0.829171 0.209695
vn -0.407409 -0.891020 0.200252
vn -0.153363 -0.973473 0.169796
vn -0.139200 -0.975649 0.169510
vn -0.847929 -0.481677 0.221367
vn -0.973300 -0.056424 0.222495
vn 0.228826 0.973465 -0.002105
vn 0.419322 0.907838 0.000000
vn -0.151320 0.988485 0.000000
vn -0.661188 0.750220 0.000000
vn 0.447312 0.029072 0.893905
vn 0.382531 0.147201 0.912142
vn 0.385359 0.097489 0.917602
vn 0.398664 -0.018637 0.916908
vn -0.017806 0.010131 0.999790
vn -0.121840 0.130044 0.983994
vn 0.253474 0.364048 0.896225
vn -0.468021 0.346707 0.812866
vn 0.638485 -0.028864 0.769093
vn 0.716407 0.276585 0.640517
vn 0.783749 0.262819 0.562728
vn 0.842706 0.010743 0.538267
vn 0.902196 -0.000028 0.431326
vn 0.507755 0.726206 0.463476
vn 0.122787 0.871807 0.474210
vn -0.989354 -0.145529 0.000000
vn -0.955920 -0.293627 0.000000
vn -0.953025 -0.302893 0.000000
vn -0.960107 0.279633 0.000000
vn -0.962149 0.272523 0.000000
vn 0.887711 0.409872 0.209700
vn 0.935154 0.292210 0.200253
vn 0.985027 0.029820 0.169799
vn 0.985406 0.015495 0.169514
vn 0.584411 0.780679 0.221369
vn 0.178280 0.958493 0.222503
vn -0.994502 -0.104693 -0.002105
vn -0.953333 -0.301919 0.000000
vn -0.961634 0.274336 0.000000
vn 0.148548 0.962701 0.226145
vn 0.048045 0.879591 0.473299
vn 0.476670 0.838624 0.263622
vn 0.478711 0.631256 0.610207
vn 0.039729 0.124671 0.991403
vn -0.259627 0.491671 0.831176
vn -0.444594 0.304448 0.842406
vn -0.130228 -0.019725 0.991288
vn -0.878657 0.062859 0.473298
vn -0.686408 -0.395593 0.610206
vn -0.891873 -0.367516 0.263620
vn -0.973736 -0.026399 0.226145
vn -0.275160 0.951681 0.136350
vn -0.661188 0.750220 -0.000004
vn -0.379001 0.882157 0.279564
vn -0.505378 0.662021 0.553463
vn -0.627891 0.602100 0.493182
vn -0.827542 0.486847 0.279560
vn -0.909562 0.392565 0.136343
vn 0.423112 0.372898 0.825787
vn 0.721986 0.636300 0.271769
vn 0.044565 0.039277 0.998234
vn -0.044565 -0.039277 0.998234
vn -0.423109 -0.372896 0.825788
vn -0.721986 -0.636300 0.271770
vn 0.321532 -0.364827 -0.873795
vn -0.085050 -0.440112 -0.893906
vn 0.000000 0.000000 -1.000000
vn -0.194102 -0.361000 -0.912142
vn -0.145138 -0.370054 -0.917603
vn -0.031606 -0.397847 -0.916907
vn -0.007814 0.018939 -0.999790
vn -0.113704 0.137214 -0.983994
vn -0.393013 -0.205720 -0.896226
vn -0.285152 0.507876 -0.812865
vn 0.000000 0.000000 -1.000000
vn -0.000000 0.000000 -1.000000
vn 0.402048 -0.456187 -0.793884
vn -0.051597 -0.637047 -0.769096
vn -0.364416 -0.675971 -0.640518
vn -0.359220 -0.744510 -0.562730
vn -0.116551 -0.834676 -0.538268
vn -0.113343 -0.895047 -0.431328
vn -0.784251 -0.412477 -0.463480
vn -0.880327 -0.012264 -0.474210
vn 0.268691 0.963226 0.000000
vn 0.411420 0.911446 0.000000
vn 0.420248 0.907409 0.000000
vn -0.156765 0.987636 0.000000
vn -0.149457 0.988768 0.000000
vn -0.661188 0.750220 0.000000
vn -0.661188 0.750220 0.000000
vn -0.518173 -0.829171 -0.209697
vn -0.407409 -0.891020 -0.200253
vn -0.153363 -0.973473 -0.169796
vn -0.139199 -0.975649 -0.169510
vn -0.847928 -0.481679 -0.221367
vn -0.973300 -0.056422 -0.222496
vn 0.228826 0.973465 0.002105
vn 0.419322 0.907838 0.000000
vn -0.151320 0.988485 0.000000
vn -0.661189 0.750219 0.000000
vn 0.447312 0.029071 -0.893905
vn 0.382530 0.147200 -0.912142
vn -0.121839 0.130044 -0.983994
vn 0.398664 -0.018636 -0.916908
vn -0.017807 0.010131 -0.999790
vn 0.385358 0.097489 -0.917603
vn -0.468020 0.346707 -0.812866
vn 0.253475 0.364048 -0.896225
vn 0.638486 -0.028864 -0.769093
vn 0.716407 0.276585 -0.640517
vn 0.783749 0.262819 -0.562729
vn 0.842706 0.010743 -0.538267
vn 0.902196 -0.000028 -0.431327
vn 0.507755 0.726205 -0.463476
vn 0.122788 0.871807 -0.474210
vn -0.989354 -0.145529 0.000000
vn -0.953025 -0.302893 0.000000
vn -0.955920 -0.293627 0.000000
vn -0.962149 0.272524 0.000000
vn -0.960107 0.279634 0.000000
vn 0.887711 0.409872 -0.209700
vn 0.935153 0.292210 -0.200253
vn 0.985027 0.029820 -0.169799
vn 0.985406 0.015493 -0.169514
vn 0.584412 0.780678 -0.221369
vn 0.178280 0.958493 -0.222503
vn -0.994502 -0.104693 0.002105
vn -0.953333 -0.301920 0.000000
vn -0.961634 0.274336 0.000000
vn 0.478710 0.631256 -0.610207
vn 0.048046 0.879590 -0.473299
vn 0.476670 0.838624 -0.263622
vn 0.148548 0.962701 -0.226143
vn 0.039728 0.124671 -0.991402
vn -0.259627 0.491672 -0.831176
vn -0.444594 0.304447 -0.842406
vn -0.130229 -0.019725 -0.991288
vn -0.686407 -0.395592 -0.610206
vn -0.878656 0.062857 -0.473299
vn -0.891872 -0.367518 -0.263621
vn -0.973736 -0.026405 -0.226146
vn -0.275160 0.951681 -0.136349
vn -0.379002 0.882157 -0.279565
vn -0.661189 0.750220 0.000004
vn -0.505378 0.662022 -0.553462
vn -0.627891 0.602100 -0.493181
vn -0.827542 0.486848 -0.279560
vn -0.909562 0.392566 -0.136343
vn 0.721986 0.636300 -0.271769
vn 0.423111 0.372898 -0.825787
vn 0.044565 0.039277 -0.998234
vn -0.044565 -0.039277 -0.998234
vn -0.423110 -0.372897 -0.825788
vn -0.721986 -0.636300 -0.271770
vn 0.671543 0.656058 -0.344408
vn 0.557116 0.552948 -0.619572
vn 0.705212 0.619508 -0.344799
vn 0.585843 0.515018 -0.625736
vn 0.264604 0.286320 -0.920872
vn 0.288262 0.253111 -0.923493
vn -0.024761 0.028096 -0.999299
vn 0.000152 -0.000173 -1.000000
vn -0.317300 -0.226528 -0.920872
vn -0.287329 -0.254174 -0.923492
vn -0.618572 -0.483219 -0.619570
vn -0.584552 -0.516482 -0.625736
vn -0.735243 -0.583784 -0.344403
vn -0.703211 -0.621773 -0.344807
vn -0.707641 -0.616733 -0.344797
vn -0.740625 -0.576407 -0.345298
vn -0.591866 -0.514989 -0.620065
vn -0.628357 -0.476957 -0.614556
vn -0.294035 -0.253414 -0.921588
vn -0.329612 -0.217617 -0.918694
vn -0.002626 0.002979 -0.999992
vn -0.039603 0.044937 -0.998205
vn 0.288353 0.259861 -0.921588
vn 0.257313 0.299654 -0.918694
vn 0.585279 0.522462 -0.620066
vn 0.552136 0.563439 -0.614559
vn 0.700766 0.624534 -0.344795
vn 0.664904 0.662321 -0.345301
vn -0.024976 0.028340 -0.999286
vn 0.324778 0.326065 -0.887807
vn 0.603255 0.571538 -0.556263
vn 0.682605 0.640027 -0.352726
vn -0.642814 -0.526652 -0.556262
vn -0.720730 -0.596769 -0.352726
vn -0.364295 -0.281228 -0.887806
vn -0.277315 -0.270064 -0.922042
vn -0.302771 -0.241182 -0.922042
vn -0.572257 -0.534319 -0.622114
vn -0.601992 -0.500578 -0.622115
vn -0.011880 0.013479 -0.999839
vn 0.011880 -0.013479 -0.999839
vn 0.277316 0.270063 -0.922042
vn 0.302770 0.241183 -0.922042
vn 0.572258 0.534318 -0.622113
vn 0.601993 0.500581 -0.622112
vn 0.688501 0.638077 -0.344709
vn 0.719535 0.602862 -0.344713
vn -0.719535 -0.602861 -0.344714
vn -0.688499 -0.638077 -0.344713
vn -0.690874 -0.635490 -0.344739
vn -0.576016 -0.533089 -0.619694
vn -0.280317 -0.269054 -0.921429
vn 0.010030 -0.011380 -0.999885
vn 0.302147 0.244286 -0.921429
vn 0.601246 0.504464 -0.619693
vn 0.717268 0.605544 -0.344736
vn 0.671543 0.656059 0.344408
vn 0.705212 0.619508 0.344798
vn 0.557117 0.552948 0.619572
vn 0.585842 0.515018 0.625735
vn 0.264605 0.286320 0.920872
vn 0.288261 0.253111 0.923494
vn -0.024761 0.028095 0.999299
vn 0.000152 -0.000173 1.000000
vn -0.287329 -0.254174 0.923492
vn -0.317301 -0.226529 0.920872
vn -0.584552 -0.516482 0.625736
vn -0.618572 -0.483220 0.619570
vn -0.703211 -0.621773 0.344808
vn -0.735243 -0.583784 0.344403
vn -0.628358 -0.476956 0.614556
vn -0.740626 -0.576406 0.345297
vn -0.591866 -0.514989 0.620065
vn -0.707640 -0.616733 0.344797
vn -0.329613 -0.217617 0.918694
vn -0.294035 -0.253414 0.921588
vn -0.039603 0.044936 0.998205
vn -0.002626 0.002979 0.999992
vn 0.288353 0.259861 0.921588
vn 0.257312 0.299655 0.918693
vn 0.585280 0.522462 0.620065
vn 0.552135 0.563440 0.614558
vn 0.700767 0.624534 0.344794
vn 0.664904 0.662322 0.345301
vn 0.324777 0.326066 0.887807
vn -0.024975 0.028340 0.999286
vn 0.603255 0.571537 0.556263
vn 0.682606 0.640027 0.352725
vn -0.642815 -0.526652 0.556262
vn -0.720730 -0.596768 0.352726
vn -0.364294 -0.281228 0.887806
vn -0.277316 -0.270064 0.922042
vn -0.572257 -0.534319 0.622114
vn -0.302771 -0.241182 0.922042
vn -0.601993 -0.500577 0.622115
vn -0.011880 0.013479 0.999839
vn 0.011880 -0.013479 0.999839
vn 0.277316 0.270063 0.922042
vn 0.302771 0.241183 0.922042
vn 0.572258 0.534318 0.622113
vn 0.601994 0.500580 0.622112
vn 0.688500 0.638077 0.344710
vn 0.719536 0.602861 0.344713
vn -0.719536 -0.602860 0.344714
vn -0.688499 -0.638077 0.344713
vn -0.576016 -0.533089 0.619695
vn -0.690874 -0.635490 0.344740
vn -0.280317 -0.269055 0.921429
vn 0.010030 -0.011380 0.999885
vn 0.302147 0.244286 0.921429
vn 0.601246 0.504464 0.619693
vn 0.717269 0.605543 0.344737
vn 0.290365 0.792960 -0.535633
vn 0.061640 0.524608 -0.849110
vn 0.279446 0.778958 -0.561369
vn 0.047393 0.508939 -0.859497
vn -0.219315 0.248846 -0.943386
vn -0.219191 0.248704 -0.943452
vn -0.510869 0.016968 -0.859491
vn -0.528216 0.004795 -0.849096
vn -0.807908 -0.179335 -0.561358
vn -0.823172 -0.188408 -0.535621
vn -0.962583 -0.270987 -0.000000
vn -0.962658 -0.270722 -0.000000
vn -0.823171 -0.188409 0.535622
vn -0.807907 -0.179335 0.561360
vn -0.528216 0.004795 0.849096
vn -0.510869 0.016968 0.859491
vn -0.219312 0.248846 0.943386
vn -0.219188 0.248704 0.943453
vn 0.047398 0.508939 0.859497
vn 0.061645 0.524608 0.849109
vn 0.279449 0.778957 0.561369
vn 0.290368 0.792959 0.535633
vn 0.389841 0.920882 -0.000000
vn 0.389590 0.920989 0.000000
vn -0.832462 -0.176143 0.525338
vn -0.542774 0.020453 0.839629
vn -0.819296 -0.167852 0.548251
vn -0.527354 0.031626 0.849057
vn -0.235007 0.266650 0.934703
vn -0.234930 0.266563 0.934747
vn 0.047936 0.541017 0.839644
vn 0.034924 0.527133 0.849065
vn 0.279363 0.803728 0.525335
vn 0.269484 0.791709 0.548248
vn 0.378336 0.925668 0.000000
vn 0.378473 0.925612 -0.000000
vn 0.279362 0.803727 -0.525338
vn 0.269483 0.791707 -0.548250
vn 0.047938 0.541019 -0.839643
vn 0.034927 0.527135 -0.849063
vn -0.235002 0.266649 -0.934705
vn -0.234925 0.266561 -0.934749
vn -0.542770 0.020452 -0.839632
vn -0.527349 0.031625 -0.849060
vn -0.832463 -0.176143 -0.525337
vn -0.819297 -0.167853 -0.548250
vn -0.965884 -0.258976 0.000000
vn -0.965845 -0.259122 0.000000
vn -0.661198 0.750211 0.000019
vn -0.661191 0.750218 0.000005
vn -0.661198 0.750211 0.000019
vn -0.661191 0.750218 0.000004
vn -0.661185 0.750223 0.000000
vn -0.661186 0.750222 0.000003
vn -0.661184 0.750224 0.000009
vn -0.661184 0.750224 0.000008
vn -0.661193 0.750216 0.000001
vn -0.661193 0.750216 0.000001
vn -0.661188 0.750221 0.000000
vn -0.661188 0.750220 -0.000000
vn -0.661191 0.750218 -0.000001
vn -0.661191 0.750217 -0.000001
vn -0.661185 0.750223 -0.000008
vn -0.661186 0.750222 -0.000009
vn -0.661189 0.750220 0.000000
vn -0.661189 0.750219 -0.000003
vn -0.661197 0.750212 -0.000019
vn -0.661198 0.750212 -0.000019
vn -0.661192 0.750217 -0.000004
vn -0.661192 0.750217 -0.000005
vn -0.661194 0.750215 -0.000000
vn -0.661194 0.750215 0.000000
vn -0.290362 -0.792961 -0.535632
vn -0.061614 -0.524631 -0.849097
vn -0.279442 -0.778960 -0.561368
vn -0.047359 -0.508953 -0.859491
vn 0.219313 -0.248839 -0.943388
vn 0.219182 -0.248701 -0.943455
vn 0.510866 -0.016964 -0.859493
vn 0.528211 -0.004793 -0.849100
vn 0.807905 0.179334 -0.561363
vn 0.823169 0.188411 -0.535625
vn 0.962571 0.271030 -0.000000
vn 0.962644 0.270769 -0.000000
vn 0.823167 0.188417 0.535626
vn 0.807903 0.179341 0.561364
vn 0.528210 -0.004792 0.849101
vn 0.510865 -0.016964 0.859494
vn 0.219313 -0.248839 0.943388
vn 0.219182 -0.248700 0.943455
vn -0.047361 -0.508953 0.859490
vn -0.061617 -0.524632 0.849097
vn -0.279444 -0.778962 0.561363
vn -0.290364 -0.792963 0.535629
vn -0.389832 -0.920886 -0.000000
vn -0.389581 -0.920992 -0.000000
vn 0.832449 0.176176 0.525348
vn 0.542766 -0.020435 0.839635
vn 0.819285 0.167887 0.548257
vn 0.527345 -0.031610 0.849063
vn 0.235004 -0.266641 0.934706
vn 0.234923 -0.266558 0.934750
vn -0.047936 -0.541010 0.839649
vn -0.034923 -0.527123 0.849071
vn -0.279358 -0.803729 0.525336
vn -0.269479 -0.791709 0.548251
vn -0.378331 -0.925670 0.000001
vn -0.378468 -0.925614 0.000001
vn -0.279358 -0.803731 -0.525334
vn -0.269478 -0.791710 -0.548249
vn -0.047938 -0.541012 -0.839647
vn -0.034925 -0.527126 -0.849069
vn 0.234999 -0.266643 -0.934707
vn 0.234918 -0.266560 -0.934751
vn 0.542763 -0.020433 -0.839638
vn 0.527342 -0.031608 -0.849065
vn 0.832449 0.176184 -0.525346
vn 0.819285 0.167896 -0.548255
vn 0.965882 0.258982 0.000000
vn 0.965842 0.259132 0.000000
vn 0.661184 -0.750224 -0.000012
vn 0.661189 -0.750219 0.000000
vn 0.661184 -0.750224 -0.000012
vn 0.661189 -0.750219 0.000001
vn 0.661188 -0.750220 0.000000
vn 0.661188 -0.750221 -0.000001
vn 0.661185 -0.750223 0.000007
vn 0.661186 -0.750222 0.000006
vn 0.661181 -0.750227 0.000006
vn 0.661180 -0.750227 0.000006
vn 0.661190 -0.750219 0.000000
vn 0.661188 -0.750220 0.000000
vn 0.661178 -0.750229 -0.000006
vn 0.661180 -0.750227 -0.000006
vn 0.661186 -0.750222 -0.000006
vn 0.661186 -0.750222 -0.000007
vn 0.661190 -0.750219 0.000000
vn 0.661189 -0.750219 0.000001
vn 0.661185 -0.750223 0.000012
vn 0.661185 -0.750223 0.000012
vn 0.661190 -0.750219 -0.000001
vn 0.661190 -0.750218 -0.000000
vn 0.661188 -0.750220 -0.000000
vn 0.661188 -0.750220 0.000000
vn 0.647845 -0.611692 0.454015
vn 0.727103 -0.686528 0.000001
vn 0.647219 -0.610600 0.456372
vn 0.727103 -0.686528 0.000005
vn 0.158922 -0.149980 0.975833
vn 0.154901 -0.145990 0.977084
vn -0.155092 0.144814 0.977228
vn -0.159880 0.149084 0.975814
vn -0.651489 0.607201 0.454828
vn -0.650768 0.607029 0.456090
vn -0.731534 0.681805 0.000000
vn -0.731534 0.681805 0.000000
vn -0.686370 -0.727253 0.000000
vn -0.686370 -0.727252 0.000000
vn -0.688048 -0.725635 0.006601
vn -0.688467 -0.725245 0.005728
vn 0.686393 0.727231 0.000000
vn 0.688063 0.725621 -0.006617
vn 0.686390 0.727234 -0.000002
vn 0.688479 0.725233 -0.005738
vn -0.695977 -0.718037 0.006225
vn -0.696023 -0.717990 0.006491
vn 0.696583 0.717441 -0.007127
vn 0.696610 0.717425 -0.006007
vn -0.695962 -0.718016 -0.009509
vn -0.696025 -0.717969 -0.008307
vn 0.695400 0.718571 0.008646
vn 0.695471 0.718500 0.008833
vn 0.684249 0.729192 0.009056
vn 0.684837 0.728654 0.007829
vn -0.684244 -0.729198 -0.009016
vn -0.684833 -0.728658 -0.007802
vn -0.681946 -0.731402 0.000000
vn -0.681948 -0.731401 0.000000
vn 0.681943 0.731406 0.000000
vn 0.681942 0.731406 0.000000
vn 0.647845 -0.611692 -0.454015
vn 0.647219 -0.610600 -0.456372
vn 0.727104 -0.686528 -0.000001
vn 0.727103 -0.686528 -0.000005
vn 0.154901 -0.145990 -0.977084
vn 0.158922 -0.149980 -0.975833
vn -0.159880 0.149084 -0.975814
vn -0.155092 0.144814 -0.977228
vn -0.650768 0.607029 -0.456089
vn -0.651489 0.607201 -0.454828
vn -0.731534 0.681805 0.000000
vn -0.731534 0.681805 0.000000
vn -0.688466 -0.725246 -0.005728
vn -0.686370 -0.727252 0.000000
vn -0.688048 -0.725635 -0.006601
vn -0.686370 -0.727252 0.000000
vn 0.686388 0.727235 0.000000
vn 0.686387 0.727237 0.000002
vn 0.688065 0.725619 0.006618
vn 0.688481 0.725232 0.005739
vn -0.696023 -0.717990 -0.006492
vn -0.695977 -0.718037 -0.006226
vn 0.696583 0.717441 0.007126
vn 0.696610 0.717425 0.006006
vn -0.695961 -0.718016 0.009510
vn -0.696025 -0.717970 0.008308
vn 0.695401 0.718570 -0.008646
vn 0.695472 0.718499 -0.008833
vn 0.684836 0.728655 -0.007829
vn 0.684247 0.729194 -0.009056
vn -0.684242 -0.729199 0.009017
vn -0.684832 -0.728660 0.007802
vn -0.681947 -0.731402 0.000000
vn -0.681948 -0.731401 0.000000
vn 0.681943 0.731405 0.000000
vn 0.681943 0.731406 0.000000
vn 0.153383 -0.153551 0.976164
vn 0.630836 -0.631422 0.450947
vn 0.155451 -0.155583 0.975515
vn 0.631228 -0.631721 0.449978
vn -0.154423 0.154879 0.975790
vn -0.151895 0.152305 0.976592
vn -0.630071 0.631880 0.451373
vn -0.630360 0.632265 0.450431
vn -0.706732 -0.707475 -0.002782
vn -0.706567 -0.707642 -0.002430
vn -0.703381 -0.710808 -0.002711
vn -0.703360 -0.710828 -0.002804
vn 0.706117 0.708077 0.005059
vn 0.699590 0.714523 0.005520
vn 0.705816 0.708381 0.004417
vn 0.699568 0.714550 0.004749
vn -0.703253 -0.710932 0.003405
vn -0.703235 -0.710951 0.002959
vn 0.700093 0.714032 -0.005356
vn 0.700048 0.714075 -0.005504
vn 0.706795 0.707398 -0.005501
vn 0.706466 0.707731 -0.004798
vn -0.707370 -0.706837 0.003199
vn -0.707175 -0.707033 0.002784
vn 0.707372 0.706841 0.000000
vn 0.707372 0.706841 0.000000
vn 0.706831 -0.707383 0.000000
vn 0.706831 -0.707383 0.000000
vn -0.707422 -0.706792 0.000000
vn -0.707421 -0.706792 0.000000
vn -0.708160 -0.706052 0.000000
vn -0.708161 -0.706051 0.000000
vn -0.706039 0.708173 0.000000
vn -0.706039 0.708173 0.000000
vn 0.708161 0.706051 0.000000
vn 0.708161 0.706051 0.000000
vn 0.153383 -0.153551 -0.976164
vn 0.155451 -0.155583 -0.975515
vn 0.630835 -0.631422 -0.450947
vn 0.631228 -0.631721 -0.449978
vn -0.154423 0.154879 -0.975790
vn -0.151895 0.152305 -0.976592
vn -0.630071 0.631880 -0.451373
vn -0.630360 0.632265 -0.450431
vn -0.703360 -0.710828 0.002804
vn -0.706568 -0.707641 0.002430
vn -0.703381 -0.710808 0.002711
vn -0.706733 -0.707475 0.002782
vn 0.706117 0.708077 -0.005059
vn 0.705816 0.708381 -0.004417
vn 0.699592 0.714521 -0.005520
vn 0.699570 0.714548 -0.004750
vn -0.703253 -0.710931 -0.003405
vn -0.703235 -0.710951 -0.002960
vn 0.700092 0.714033 0.005356
vn 0.700047 0.714075 0.005504
vn 0.706466 0.707731 0.004798
vn 0.706795 0.707398 0.005501
vn -0.707370 -0.706837 -0.003199
vn -0.707175 -0.707033 -0.002784
vn 0.707375 0.706838 0.000000
vn 0.707375 0.706839 0.000000
vn 0.706831 -0.707383 0.000000
vn 0.706831 -0.707383 0.000000
vn -0.707421 -0.706793 0.000000
vn -0.707420 -0.706793 0.000000
vn -0.708161 -0.706051 0.000000
vn -0.708161 -0.706051 0.000000
vn -0.706038 0.708174 0.000000
vn -0.706039 0.708173 0.000000
vn 0.708161 0.706051 0.000000
vn 0.708161 0.706051 0.000000
vn 0.144537 -0.161376 -0.976252
vn 0.147924 -0.165546 -0.975045
vn 0.595106 -0.665480 -0.450538
vn 0.594646 -0.665923 -0.450493
vn -0.147490 0.161728 -0.975751
vn -0.143107 0.157302 -0.977127
vn -0.600538 0.659037 -0.452796
vn -0.602183 0.659858 -0.449403
vn -0.674089 0.738651 -0.000000
vn -0.674089 0.738650 -0.000000
vn -0.736876 -0.676000 0.006154
vn -0.743875 -0.668298 0.005382
vn -0.736932 -0.675940 0.006091
vn -0.744232 -0.667893 0.006180
vn 0.742739 0.669463 -0.012545
vn 0.742035 0.670272 -0.010920
vn 0.727354 0.686133 -0.013342
vn 0.727296 0.686223 -0.011745
vn -0.735722 -0.677278 -0.002571
vn -0.735726 -0.677276 -0.002019
vn 0.727205 0.686372 0.008167
vn 0.727149 0.686427 0.008530
vn 0.736394 0.676512 0.007416
vn 0.736862 0.675990 0.008486
vn -0.738376 -0.674386 -0.002167
vn -0.738263 -0.674510 -0.001914
vn -0.738882 -0.673834 0.000011
vn -0.738886 -0.673831 0.000010
vn 0.738888 0.673828 -0.000008
vn 0.738888 0.673828 -0.000008
vn 0.745705 0.666276 0.000014
vn 0.745710 0.666270 0.000009
vn 0.666060 -0.745898 -0.000002
vn 0.666061 -0.745898 0.000000
vn -0.745692 -0.666291 -0.000005
vn -0.745697 -0.666285 0.000000
vn 0.144538 -0.161376 0.976252
vn 0.595107 -0.665480 0.450538
vn 0.147923 -0.165547 0.975045
vn 0.594646 -0.665923 0.450493
vn -0.147490 0.161729 0.975751
vn -0.143107 0.157302 0.977127
vn -0.600538 0.659037 0.452796
vn -0.602183 0.659858 0.449402
vn -0.674088 0.738651 0.000000
vn -0.674089 0.738650 0.000000
vn -0.744232 -0.667892 -0.006180
vn -0.743875 -0.668297 -0.005382
vn -0.736932 -0.675940 -0.006088
vn -0.736876 -0.676000 -0.006151
vn 0.742739 0.669464 0.012546
vn 0.727354 0.686133 0.013344
vn 0.742035 0.670272 0.010921
vn 0.727296 0.686223 0.011747
vn -0.735722 -0.677278 0.002573
vn -0.735726 -0.677276 0.002021
vn 0.727204 0.686373 -0.008169
vn 0.727148 0.686427 -0.008533
vn 0.736863 0.675989 -0.008486
vn 0.736395 0.676511 -0.007416
vn -0.738378 -0.674383 0.002169
vn -0.738265 -0.674508 0.001915
vn -0.738887 -0.673829 -0.000011
vn -0.738889 -0.673827 -0.000010
vn 0.738888 0.673829 0.000008
vn 0.738888 0.673828 0.000008
vn 0.745705 0.666276 -0.000014
vn 0.745711 0.666270 -0.000009
vn 0.666060 -0.745898 0.000003
vn 0.666061 -0.745897 0.000000
vn -0.745694 -0.666288 0.000000
vn -0.745691 -0.666292 0.000005
vn -0.246365 0.284811 0.926384
vn -0.555872 0.641731 0.528382
vn -0.211955 0.096517 0.972502
vn -0.620102 0.590225 0.516825
vn 0.066092 -0.231878 0.970497
vn 0.490237 -0.700841 0.518160
vn 0.242143 -0.285591 0.927256
vn 0.547091 -0.645733 0.532654
vn -0.517904 -0.682373 0.515890
vn -0.749087 -0.415606 0.515888
vn -0.000002 0.000000 1.000000
vn -0.000000 -0.000001 1.000000
vn 0.554726 -0.832033 -0.000000
vn 0.646426 -0.762977 -0.000004
vn -0.571702 -0.820462 -0.000001
vn -0.893423 -0.449217 -0.000004
vn -0.738586 0.674160 0.000000
vn -0.655337 0.755337 0.000002
vn 0.755242 0.655447 -0.000001
vn 0.755243 0.655445 -0.000001
vn 0.755242 0.655446 -0.000001
vn 0.755246 0.655442 0.000000
vn 0.963378 -0.268148 -0.000002
vn 0.963377 -0.268149 -0.000001
vn 0.963377 -0.268149 -0.000001
vn 0.963377 -0.268151 -0.000001
vn 0.755238 0.655450 -0.000002
vn 0.755239 0.655450 -0.000002
vn 0.755239 0.655450 -0.000002
vn 0.755240 0.655449 -0.000001
vn -0.129146 0.991626 -0.000003
vn -0.129149 0.991625 -0.000000
vn -0.129149 0.991625 -0.000000
vn -0.129151 0.991625 0.000002
vn 0.754929 0.655807 0.000001
vn 0.754930 0.655806 0.000001
vn 0.754930 0.655806 0.000001
vn 0.754930 0.655805 0.000000
vn -0.246364 0.284810 -0.926384
vn -0.211955 0.096517 -0.972502
vn -0.555872 0.641731 -0.528382
vn -0.620102 0.590225 -0.516825
vn 0.066092 -0.231878 -0.970497
vn 0.242143 -0.285591 -0.927256
vn 0.490237 -0.700841 -0.518160
vn 0.547091 -0.645733 -0.532654
vn -0.517904 -0.682373 -0.515891
vn -0.749087 -0.415606 -0.515889
vn -0.000001 0.000000 -1.000000
vn -0.000000 -0.000001 -1.000000
vn 0.554727 -0.832033 0.000000
vn 0.646426 -0.762977 0.000005
vn -0.571702 -0.820462 0.000001
vn -0.893423 -0.449217 0.000004
vn -0.738586 0.674159 0.000000
vn -0.655336 0.755337 0.000000
vn 0.755241 0.655448 0.000002
vn 0.755242 0.655447 0.000002
vn 0.755242 0.655446 0.000002
vn 0.755246 0.655442 0.000001
vn 0.963378 -0.268148 0.000002
vn 0.963377 -0.268150 0.000001
vn 0.963377 -0.268150 0.000001
vn 0.963377 -0.268151 0.000001
vn 0.755239 0.655449 0.000001
vn 0.755239 0.655450 0.000002
vn 0.755239 0.655450 0.000002
vn 0.755239 0.655450 0.000002
vn -0.129146 0.991626 0.000002
vn -0.129149 0.991625 -0.000000
vn -0.129148 0.991625 0.000000
vn -0.129151 0.991625 -0.000002
vn 0.754929 0.655807 -0.000001
vn 0.754930 0.655806 -0.000001
vn 0.754930 0.655806 -0.000001
vn 0.754930 0.655805 -0.000001
vn 0.000000 0.000002 -1.000000
vn -0.000000 0.000001 -1.000000
vn 0.000000 0.000002 -1.000000
vn 0.000000 0.000000 -1.000000
vn 0.000000 0.000003 -1.000000
vn 0.000000 0.000003 -1.000000
vn 0.000000 0.000000 1.000000
vn 0.000000 0.000001 1.000000
vn 0.000000 0.000003 1.000000
vn -0.000000 0.000003 1.000000
vn 0.000000 0.000004 1.000000
vn 0.000000 0.000003 1.000000
vn -0.000001 -0.000000 1.000000
vn -0.000000 -0.000000 1.000000
vn 0.931520 0.363691 0.000000
vn 0.698283 0.715822 0.000000
vn 0.931520 0.363690 0.000000
vn 0.698283 0.715822 0.000000
vn -0.698286 -0.715819 0.000000
vn -0.698287 -0.715818 0.000000
vn -0.923572 -0.383424 0.000000
vn -0.923572 -0.383425 0.000000
vn 0.851480 -0.524387 0.000000
vn 0.851480 -0.524388 0.000000
vn -0.810929 0.585145 0.000000
vn -0.810929 0.585144 0.000000
vn -0.605063 0.796178 0.000000
vn -0.605063 0.796177 0.000000
vn 0.545327 -0.838224 0.000000
vn 0.545327 -0.838224 0.000000
vn -0.000003 -0.000001 1.000000
vn -0.000003 -0.000001 1.000000
vn -0.000004 -0.000000 1.000000
vn -0.000003 0.000001 1.000000
vn -0.000000 -0.000000 -1.000000
vn -0.000001 -0.000000 -1.000000
vn -0.000003 -0.000001 -1.000000
vn -0.000003 -0.000001 -1.000000
vn -0.000003 0.000000 -1.000000
vn -0.000003 -0.000000 -1.000000
vn -0.340482 -0.940251 0.000000
vn -0.698283 -0.715822 0.000000
vn -0.340482 -0.940251 0.000000
vn -0.698282 -0.715822 0.000000
vn 0.698286 0.715819 0.000000
vn 0.698285 0.715819 0.000000
vn 0.360415 0.932792 0.000000
vn 0.360415 0.932792 0.000000
vn 0.000000 0.000002 -1.000000
vn -0.000000 0.000001 -1.000000
vn 0.000000 0.000002 -1.000000
vn 0.000000 0.000000 -1.000000
vn 0.000000 0.000003 -1.000000
vn 0.000000 0.000003 -1.000000
vn 0.000000 0.000000 1.000000
vn -0.000000 0.000001 1.000000
vn -0.000000 0.000003 1.000000
vn -0.000001 0.000003 1.000000
vn 0.000000 0.000004 1.000000
vn 0.000000 0.000003 1.000000
vn -0.000000 -0.000000 1.000000
vn 0.000000 -0.000000 1.000000
vn 0.931521 0.363688 0.000000
vn 0.698284 0.715821 0.000000
vn 0.931520 0.363689 0.000000
vn 0.698283 0.715822 0.000000
vn -0.698287 -0.715818 0.000000
vn -0.698290 -0.715815 0.000000
vn -0.923572 -0.383425 0.000000
vn -0.923574 -0.383420 0.000000
vn 0.851480 -0.524387 0.000000
vn 0.851480 -0.524387 0.000000
vn -0.810930 0.585143 0.000000
vn -0.810929 0.585144 0.000000
vn -0.605063 0.796177 0.000000
vn -0.605062 0.796178 0.000000
vn 0.545329 -0.838222 0.000000
vn 0.545329 -0.838222 0.000000
vn -0.000002 -0.000001 1.000000
vn -0.000003 -0.000001 1.000000
vn -0.000004 -0.000000 1.000000
vn -0.000005 0.000001 1.000000
vn -0.000000 -0.000000 -1.000000
vn -0.000001 -0.000000 -1.000000
vn -0.000003 -0.000001 -1.000000
vn -0.000003 -0.000001 -1.000000
vn -0.000003 0.000000 -1.000000
vn -0.000003 -0.000000 -1.000000
vn -0.340485 -0.940250 0.000000
vn -0.698284 -0.715821 0.000000
vn -0.340485 -0.940250 0.000000
vn -0.698283 -0.715821 0.000000
vn 0.698276 0.715829 0.000000
vn 0.698277 0.715828 0.000000
vn 0.360414 0.932792 0.000000
vn 0.360416 0.932792 0.000000
vn -0.135344 0.152422 0.979004
vn -0.599783 0.674958 0.429758
vn -0.137164 0.158183 0.977836
vn -0.593578 0.684442 0.423326
vn 0.135099 -0.157825 0.978182
vn 0.137175 -0.156866 0.978047
vn 0.588618 -0.688267 0.424049
vn 0.594435 -0.680274 0.428806
vn 0.146504 -0.136689 0.979721
vn 0.655467 -0.612585 0.441704
vn 0.142855 -0.132903 0.980780
vn 0.649301 -0.604201 0.461897
vn -0.144135 0.131865 0.980733
vn -0.138085 0.123753 0.982658
vn -0.659621 0.591019 0.464323
vn -0.661898 0.604574 0.443149
vn -0.136713 0.141121 0.980507
vn -0.625397 0.645271 0.438753
vn 0.142877 -0.148188 0.978584
vn 0.624693 -0.647829 0.435978
vn 0.643247 -0.630142 0.434920
vn 0.146700 -0.143702 0.978687
vn -0.142627 0.139310 0.979924
vn -0.643593 0.628436 0.436872
vn 0.659871 0.751379 0.000000
vn 0.659871 0.751379 0.000000
vn 0.659871 0.751379 0.000000
vn 0.659871 0.751379 0.000001
vn 0.659873 0.751377 0.000000
vn 0.659873 0.751377 0.000001
vn 0.659874 0.751377 0.000000
vn 0.659874 0.751377 0.000000
vn 0.659865 0.751384 0.000000
vn 0.659867 0.751382 0.000000
vn 0.659866 0.751383 0.000000
vn 0.659867 0.751383 0.000000
vn -0.655179 0.755474 0.000000
vn -0.664457 0.747326 0.000000
vn -0.696170 0.717877 0.000000
vn -0.715568 0.698544 0.000000
vn -0.738895 0.673820 0.000000
vn -0.744774 0.667317 0.000000
vn 0.659873 0.751378 0.000002
vn 0.659872 0.751378 0.000002
vn 0.659871 0.751379 0.000001
vn 0.659871 0.751379 0.000003
vn 0.659866 0.751383 0.000000
vn 0.659867 0.751383 0.000000
vn 0.729879 -0.683577 0.000000
vn 0.732074 -0.681225 0.000000
vn 0.714350 -0.699788 0.000000
vn 0.694171 -0.719810 0.000000
vn 0.657698 -0.753282 0.000000
vn 0.649488 -0.760372 0.000000
vn -0.135344 0.152422 -0.979004
vn -0.137164 0.158183 -0.977837
vn -0.599783 0.674958 -0.429758
vn -0.593578 0.684442 -0.423326
vn 0.135099 -0.157825 -0.978182
vn 0.137175 -0.156866 -0.978047
vn 0.588618 -0.688267 -0.424049
vn 0.594435 -0.680274 -0.428807
vn 0.146504 -0.136689 -0.979721
vn 0.142855 -0.132903 -0.980780
vn 0.655467 -0.612585 -0.441704
vn 0.649301 -0.604201 -0.461897
vn -0.138085 0.123753 -0.982659
vn -0.144135 0.131865 -0.980733
vn -0.659621 0.591019 -0.464324
vn -0.661899 0.604574 -0.443149
vn -0.136713 0.141121 -0.980507
vn -0.625397 0.645271 -0.438753
vn 0.142877 -0.148188 -0.978584
vn 0.624692 -0.647829 -0.435978
vn 0.146700 -0.143702 -0.978687
vn 0.643247 -0.630142 -0.434920
vn -0.142627 0.139310 -0.979924
vn -0.643592 0.628436 -0.436872
vn -0.655179 0.755473 0.000000
vn -0.664457 0.747327 0.000000
vn -0.696170 0.717877 0.000000
vn -0.715568 0.698543 0.000000
vn -0.738895 0.673820 0.000000
vn -0.744775 0.667316 0.000000
vn 0.729879 -0.683577 0.000000
vn 0.732075 -0.681224 0.000000
vn 0.714350 -0.699788 0.000000
vn 0.694171 -0.719810 0.000000
vn 0.657698 -0.753282 0.000000
vn 0.649488 -0.760372 0.000000
s 1
g item_blade
f 2223/3065/3803 2213/3066/3804 2222/3068/3805
f 2222/3068/3805 2213/3066/3804 2214/3067/3806
s 2
f 2215/3069/3807 2219/3070/3808 2216/3072/3809
f 2216/3072/3809 2219/3070/3808 2220/3071/3810
s 3
f 2217/3073/3811 2218/3074/3812 2213/3066/3813
f 2213/3066/3813 2218/3074/3812 2214/3067/3814
s 4
f 2215/3069/3815 2216/3072/3816 2217/3073/3817
f 2217/3073/3817 2216/3072/3816 2218/3074/3818
s 5
f 2218/3074/3819 2216/3072/3820 2221/3076/3821
f 2221/3076/3821 2216/3072/3820 2220/3075/3822
s 6
f 2218/3074/3823 2221/3076/3824 2214/3067/3825
f 2214/3067/3825 2221/3076/3824 2222/3077/3826
s 7
f 2234/3078/3827 2233/3079/3828 2224/3081/3829
f 2224/3081/3829 2233/3079/3828 2225/3080/3830
s 8
f 2226/3082/3831 2227/3083/3832 2230/3085/3833
f 2230/3085/3833 2227/3083/3832 2231/3084/3834
s 9
f 2225/3080/3835 2229/3086/3836 2224/3081/3837
f 2224/3081/3837 2229/3086/3836 2228/3087/3838
s 10
f 2229/3086/3839 2227/3083/3840 2228/3087/3841
f 2228/3087/3841 2227/3083/3840 2226/3082/3842
s 11
f 2229/3086/3843 2232/3088/3844 2227/3083/3845
f 2227/3083/3845 2232/3088/3844 2231/3089/3846
s 12
f 2229/3086/3847 2225/3080/3848 2232/3088/3849
f 2232/3088/3849 2225/3080/3848 2233/3090/3850
s 13
f 2243/3091/3851 2245/3094/3852 2244/3092/3853
f 2244/3092/3853 2245/3094/3852 2246/3093/3854
f 2245/3094/3852 2247/3096/3855 2246/3093/3854
f 2246/3093/3854 2247/3096/3855 2248/3095/3856
f 2247/3096/3855 2249/3098/3857 2248/3095/3856
f 2248/3095/3856 2249/3098/3857 2250/3097/3858
s 14
f 2235/3099/3859 2239/3102/3860 2236/3100/3861
f 2236/3100/3861 2239/3102/3860 2240/3101/3862
f 2236/3100/3861 2240/3101/3862 2237/3103/3863
f 2237/3103/3863 2240/3101/3862 2241/3104/3864
f 2237/3103/3863 2241/3104/3864 2238/3105/3865
f 2238/3105/3865 2241/3104/3864 2242/3106/3866
s 15
f 2236/3100/3867 2245/3108/3868 2235/3099/3869
f 2235/3099/3869 2245/3108/3868 2243/3107/3870
s 16
f 2240/3101/3871 2239/3102/3872 2246/3109/3873
f 2246/3109/3873 2239/3102/3872 2244/3110/3874
s 15
f 2236/3100/3867 2237/3103/3875 2245/3108/3868
f 2245/3108/3868 2237/3103/3875 2247/3111/3876
s 16
f 2240/3101/3871 2246/3109/3873 2241/3104/3877
f 2241/3104/3877 2246/3109/3873 2248/3112/3878
s 15
f 2237/3103/3875 2238/3105/3879 2247/3111/3876
f 2247/3111/3876 2238/3105/3879 2249/3113/3880
s 16
f 2241/3104/3877 2248/3112/3878 2242/3106/3881
f 2242/3106/3881 2248/3112/3878 2250/3114/3882
s 13
f 2239/3102/3883 2235/3099/3884 2244/3115/3853
f 2244/3115/3853 2235/3099/3884 2243/3116/3851
f 2257/3117/3885 2258/3120/3886 2259/3118/3887
f 2259/3118/3887 2258/3120/3886 2260/3119/3888
f 2259/3118/3887 2260/3119/3888 2261/3121/3889
f 2261/3121/3889 2260/3119/3888 2262/3122/3890
f 2261/3121/3889 2262/3122/3890 2249/3098/3857
f 2249/3098/3857 2262/3122/3890 2250/3097/3858
s 14
f 2251/3123/3891 2252/3126/3892 2254/3124/3893
f 2254/3124/3893 2252/3126/3892 2255/3125/3894
f 2252/3126/3892 2253/3128/3895 2255/3125/3894
f 2255/3125/3894 2253/3128/3895 2256/3127/3896
f 2253/3128/3895 2238/3105/3865 2256/3127/3896
f 2256/3127/3896 2238/3105/3865 2242/3106/3866
s 15
f 2257/3130/3897 2259/3129/3898 2251/3123/3899
f 2251/3123/3899 2259/3129/3898 2252/3126/3900
s 16
f 2255/3125/3901 2260/3132/3902 2254/3124/3903
f 2254/3124/3903 2260/3132/3902 2258/3131/3904
s 15
f 2252/3126/3900 2259/3129/3898 2253/3128/3905
f 2253/3128/3905 2259/3129/3898 2261/3133/3906
s 16
f 2262/3134/3907 2260/3132/3902 2256/3127/3908
f 2256/3127/3908 2260/3132/3902 2255/3125/3901
s 15
f 2253/3128/3905 2261/3133/3906 2238/3105/3879
f 2238/3105/3879 2261/3133/3906 2249/3113/3880
s 16
f 2250/3114/3882 2262/3134/3907 2242/3106/3881
f 2242/3106/3881 2262/3134/3907 2256/3127/3908
s 13
f 2254/3124/3909 2258/3136/3886 2251/3123/3910
f 2251/3123/3910 2258/3136/3886 2257/3135/3885
s 21
f 2267/3137/3911 2269/3138/3912 2268/3140/3913
f 2268/3140/3913 2269/3138/3912 2270/3139/3914
f 2269/3138/3912 2272/3141/3915 2270/3139/3914
f 2270/3139/3914 2272/3141/3915 2273/3142/3916
s 22
f 2263/3143/3917 2265/3144/3918 2264/3146/3919
f 2264/3146/3919 2265/3144/3918 2266/3145/3920
f 2264/3146/3919 2266/3145/3920 2271/3148/3921
f 2271/3148/3921 2266/3145/3920 2274/3147/3922
s 23
f 2264/3150/3923 2269/3138/3924 2263/3149/3925
f 2263/3149/3925 2269/3138/3924 2267/3137/3926
s 24
f 2266/3151/3927 2265/3152/3928 2270/3139/3929
f 2270/3139/3929 2265/3152/3928 2268/3140/3930
s 23
f 2271/3153/3931 2272/3141/3932 2264/3150/3923
f 2264/3150/3923 2272/3141/3932 2269/3138/3924
s 24
f 2274/3154/3933 2266/3151/3927 2273/3142/3934
f 2273/3142/3934 2266/3151/3927 2270/3139/3929
s 23
f 2275/3156/3935 2263/3149/3925 2276/3155/3936
f 2276/3155/3936 2263/3149/3925 2267/3137/3926
s 21
f 2277/3157/3937 2276/3155/3938 2268/3140/3913
f 2268/3140/3913 2276/3155/3938 2267/3137/3911
s 24
f 2278/3158/3939 2277/3157/3940 2265/3152/3928
f 2265/3152/3928 2277/3157/3940 2268/3140/3930
s 22
f 2275/3159/3941 2278/3160/3942 2263/3143/3917
f 2263/3143/3917 2278/3160/3942 2265/3144/3918
s 25
f 2277/3161/3943 2278/3160/3944 2276/3162/3945
f 2276/3162/3945 2278/3160/3944 2275/3159/3946
s 26
f 2272/3163/3947 2271/3148/3948 2273/3164/3949
f 2273/3164/3949 2271/3148/3948 2274/3147/3950
s 27
f 2283/3165/3951 2284/3166/3952 2285/3168/3953
f 2285/3168/3953 2284/3166/3952 2286/3167/3954
f 2285/3168/3953 2286/3167/3954 2288/3170/3955
f 2288/3170/3955 2286/3167/3954 2289/3169/3956
s 28
f 2279/3171/3957 2280/3172/3958 2281/3174/3959
f 2281/3174/3959 2280/3172/3958 2282/3173/3960
f 2280/3172/3958 2287/3175/3961 2282/3173/3960
f 2282/3173/3960 2287/3175/3961 2290/3176/3962
s 29
f 2283/3165/3963 2285/3168/3964 2279/3177/3965
f 2279/3177/3965 2285/3168/3964 2280/3178/3966
s 30
f 2282/3179/3967 2286/3167/3968 2281/3180/3969
f 2281/3180/3969 2286/3167/3968 2284/3166/3970
s 29
f 2285/3168/3964 2288/3170/3971 2280/3178/3966
f 2280/3178/3966 2288/3170/3971 2287/3181/3972
s 30
f 2286/3167/3968 2282/3179/3967 2289/3169/3973
f 2289/3169/3973 2282/3179/3967 2290/3182/3974
s 29
f 2283/3165/3963 2279/3177/3965 2292/3183/3975
f 2292/3183/3975 2279/3177/3965 2291/3184/3976
s 27
f 2293/3185/3977 2284/3166/3952 2292/3183/3978
f 2292/3183/3978 2284/3166/3952 2283/3165/3951
s 30
f 2284/3166/3970 2293/3185/3979 2281/3180/3969
f 2281/3180/3969 2293/3185/3979 2294/3186/3980
s 28
f 2291/3187/3981 2279/3171/3957 2294/3188/3982
f 2294/3188/3982 2279/3171/3957 2281/3174/3959
s 31
f 2293/3189/3983 2292/3190/3984 2294/3188/3985
f 2294/3188/3985 2292/3190/3984 2291/3187/3986
s 32
f 2288/3191/3987 2289/3192/3988 2287/3175/3989
f 2287/3175/3989 2289/3192/3988 2290/3176/3990
s 33
f 2299/3193/3991 2301/3194/3992 2300/3196/3993
f 2300/3196/3993 2301/3194/3992 2302/3195/3994
f 2301/3194/3992 2304/3197/3995 2302/3195/3994
f 2302/3195/3994 2304/3197/3995 2305/3198/3996
s 34
f 2295/3199/3997 2297/3200/3998 2296/3202/3999
f 2296/3202/3999 2297/3200/3998 2298/3201/4000
f 2296/3202/3999 2298/3201/4000 2303/3204/4001
f 2303/3204/4001 2298/3201/4000 2306/3203/4002
s 35
f 2296/3206/4003 2301/3194/4004 2295/3205/4005
f 2295/3205/4005 2301/3194/4004 2299/3193/4006
s 36
f 2298/3207/4007 2297/3208/4008 2302/3195/4009
f 2302/3195/4009 2297/3208/4008 2300/3196/4010
s 35
f 2303/3209/4011 2304/3197/4012 2296/3206/4003
f 2296/3206/4003 2304/3197/4012 2301/3194/4004
s 36
f 2306/3210/4013 2298/3207/4007 2305/3198/4014
f 2305/3198/4014 2298/3207/4007 2302/3195/4009
s 35
f 2307/3212/4015 2295/3205/4005 2308/3211/4016
f 2308/3211/4016 2295/3205/4005 2299/3193/4006
s 33
f 2309/3213/4017 2308/3211/4018 2300/3196/3993
f 2300/3196/3993 2308/3211/4018 2299/3193/3991
s 36
f 2310/3214/4019 2309/3213/4020 2297/3208/4008
f 2297/3208/4008 2309/3213/4020 2300/3196/4010
s 34
f 2307/3215/4021 2310/3216/4022 2295/3199/3997
f 2295/3199/3997 2310/3216/4022 2297/3200/3998
s 37
f 2309/3217/4023 2310/3216/4024 2308/3218/4025
f 2308/3218/4025 2310/3216/4024 2307/3215/4026
s 38
f 2304/3219/4027 2303/3204/4028 2305/3220/4029
f 2305/3220/4029 2303/3204/4028 2306/3203/4030
s 39
f 2315/3221/4031 2316/3222/4032 2317/3224/4033
f 2317/3224/4033 2316/3222/4032 2318/3223/4034
f 2317/3224/4033 2318/3223/4034 2320/3226/4035
f 2320/3226/4035 2318/3223/4034 2321/3225/4036
s 40
f 2311/3227/4037 2312/3228/4038 2313/3230/4039
f 2313/3230/4039 2312/3228/4038 2314/3229/4040
f 2312/3228/4038 2319/3231/4041 2314/3229/4040
f 2314/3229/4040 2319/3231/4041 2322/3232/4042
s 41
f 2315/3221/4043 2317/3224/4044 2311/3233/4045
f 2311/3233/4045 2317/3224/4044 2312/3234/4046
s 42
f 2314/3235/4047 2318/3223/4048 2313/3236/4049
f 2313/3236/4049 2318/3223/4048 2316/3222/4050
s 41
f 2317/3224/4044 2320/3226/4051 2312/3234/4046
f 2312/3234/4046 2320/3226/4051 2319/3237/4052
s 42
f 2318/3223/4048 2314/3235/4047 2321/3225/4053
f 2321/3225/4053 2314/3235/4047 2322/3238/4054
s 41
f 2315/3221/4043 2311/3233/4045 2324/3239/4055
f 2324/3239/4055 2311/3233/4045 2323/3240/4056
s 39
f 2325/3241/4057 2316/3222/4032 2324/3239/4058
f 2324/3239/4058 2316/3222/4032 2315/3221/4031
s 42
f 2316/3222/4050 2325/3241/4059 2313/3236/4049
f 2313/3236/4049 2325/3241/4059 2326/3242/4060
s 40
f 2323/3243/4061 2311/3227/4037 2326/3244/4062
f 2326/3244/4062 2311/3227/4037 2313/3230/4039
s 43
f 2325/3245/4063 2324/3246/4064 2326/3244/4065
f 2326/3244/4065 2324/3246/4064 2323/3243/4066
s 44
f 2320/3247/4067 2321/3248/4068 2319/3231/4069
f 2319/3231/4069 2321/3248/4068 2322/3232/4070
s 45
f 2335/3249/4071 2336/3250/4072 2337/3252/4073
f 2337/3252/4073 2336/3250/4072 2338/3251/4074
f 2337/3252/4073 2338/3251/4074 2339/3254/4075
f 2339/3254/4075 2338/3251/4074 2340/3253/4076
f 2339/3254/4075 2340/3253/4076 2341/3256/4077
f 2341/3256/4077 2340/3253/4076 2342/3255/4078
s 46
f 2327/3257/4079 2328/3258/4080 2331/3260/4081
f 2331/3260/4081 2328/3258/4080 2332/3259/4082
f 2328/3258/4080 2329/3261/4083 2332/3259/4082
f 2332/3259/4082 2329/3261/4083 2333/3262/4084
f 2329/3261/4083 2330/3263/4085 2333/3262/4084
f 2333/3262/4084 2330/3263/4085 2334/3264/4086
s 47
f 2335/3265/4087 2337/3266/4088 2327/3257/4089
f 2327/3257/4089 2337/3266/4088 2328/3258/4090
s 48
f 2332/3259/4091 2338/3267/4092 2331/3260/4093
f 2331/3260/4093 2338/3267/4092 2336/3268/4094
s 47
f 2328/3258/4090 2337/3266/4088 2329/3261/4095
f 2329/3261/4095 2337/3266/4088 2339/3269/4096
s 48
f 2340/3270/4097 2338/3267/4092 2333/3262/4098
f 2333/3262/4098 2338/3267/4092 2332/3259/4091
s 47
f 2329/3261/4095 2339/3269/4096 2330/3263/4099
f 2330/3263/4099 2339/3269/4096 2341/3271/4100
s 48
f 2342/3272/4101 2340/3270/4097 2334/3264/4102
f 2334/3264/4102 2340/3270/4097 2333/3262/4098
s 45
f 2331/3260/4103 2336/3273/4072 2327/3257/4104
f 2327/3257/4104 2336/3273/4072 2335/3274/4071
f 2349/3275/4105 2351/3276/4106 2350/3278/4107
f 2350/3278/4107 2351/3276/4106 2352/3277/4108
f 2351/3276/4106 2353/3279/4109 2352/3277/4108
f 2352/3277/4108 2353/3279/4109 2354/3280/4110
f 2353/3279/4109 2341/3256/4077 2354/3280/4110
f 2354/3280/4110 2341/3256/4077 2342/3255/4078
s 46
f 2343/3281/4111 2346/3282/4112 2344/3284/4113
f 2344/3284/4113 2346/3282/4112 2347/3283/4114
f 2344/3284/4113 2347/3283/4114 2345/3286/4115
f 2345/3286/4115 2347/3283/4114 2348/3285/4116
f 2345/3286/4115 2348/3285/4116 2330/3263/4085
f 2330/3263/4085 2348/3285/4116 2334/3264/4086
s 47
f 2344/3284/4117 2351/3287/4118 2343/3281/4119
f 2343/3281/4119 2351/3287/4118 2349/3288/4120
s 48
f 2347/3283/4121 2346/3282/4122 2352/3290/4123
f 2352/3290/4123 2346/3282/4122 2350/3289/4124
s 47
f 2344/3284/4117 2345/3286/4125 2351/3287/4118
f 2351/3287/4118 2345/3286/4125 2353/3291/4126
s 48
f 2347/3283/4121 2352/3290/4123 2348/3285/4127
f 2348/3285/4127 2352/3290/4123 2354/3292/4128
s 47
f 2345/3286/4125 2330/3263/4099 2353/3291/4126
f 2353/3291/4126 2330/3263/4099 2341/3271/4100
s 48
f 2348/3285/4127 2354/3292/4128 2334/3264/4102
f 2334/3264/4102 2354/3292/4128 2342/3272/4101
s 45
f 2346/3282/4129 2343/3281/4130 2350/3294/4107
f 2350/3294/4107 2343/3281/4130 2349/3293/4105
s 53
f 2355/3295/4131 2356/3296/4132 2367/3298/4133
f 2367/3298/4133 2356/3296/4132 2368/3297/4134
f 2356/3296/4132 2357/3299/4135 2368/3297/4134
f 2368/3297/4134 2357/3299/4135 2369/3300/4136
f 2357/3299/4135 2358/3301/4137 2369/3300/4136
f 2369/3300/4136 2358/3301/4137 2370/3302/4138
f 2358/3301/4137 2359/3303/4139 2370/3302/4138
f 2370/3302/4138 2359/3303/4139 2371/3304/4140
f 2359/3303/4139 2360/3305/4141 2371/3304/4140
f 2371/3304/4140 2360/3305/4141 2372/3306/4142
f 2360/3305/4141 2361/3307/4143 2372/3306/4142
f 2372/3306/4142 2361/3307/4143 2373/3308/4144
f 2361/3307/4143 2362/3309/4145 2373/3308/4144
f 2373/3308/4144 2362/3309/4145 2374/3310/4146
f 2362/3309/4145 2363/3311/4147 2374/3310/4146
f 2374/3310/4146 2363/3311/4147 2375/3312/4148
f 2363/3311/4147 2364/3313/4149 2375/3312/4148
f 2375/3312/4148 2364/3313/4149 2376/3314/4150
f 2364/3313/4149 2365/3315/4151 2376/3314/4150
f 2376/3314/4150 2365/3315/4151 2377/3316/4152
f 2365/3315/4151 2366/3317/4153 2377/3316/4152
f 2377/3316/4152 2366/3317/4153 2378/3318/4154
f 2366/3319/4153 2355/3295/4131 2378/3320/4154
f 2378/3320/4154 2355/3295/4131 2367/3298/4133
s 54
f 2356/3321/4155 2355/3322/4156 2380/3324/4157
f 2380/3324/4157 2355/3322/4156 2379/3323/4158
s 55
f 2357/3325/4159 2356/3321/4160 2381/3326/4161
f 2381/3326/4161 2356/3321/4160 2380/3324/4162
s 56
f 2357/3325/4163 2381/3326/4164 2358/3327/4165
f 2358/3327/4165 2381/3326/4164 2382/3328/4166
s 57
f 2358/3327/4167 2382/3328/4168 2359/3329/4169
f 2359/3329/4169 2382/3328/4168 2383/3330/4170
s off
f 2360/3331/4171 2359/3329/4172 2383/3330/4173
f 2361/3332/4174 2360/3331/4175 2383/3330/4176
s 58
f 2362/3333/4177 2361/3332/4178 2382/3328/4179
f 2382/3328/4179 2361/3332/4178 2383/3330/4180
s 59
f 2363/3334/4181 2362/3333/4182 2381/3326/4183
f 2381/3326/4183 2362/3333/4182 2382/3328/4184
s 60
f 2363/3334/4185 2381/3326/4186 2364/3335/4187
f 2364/3335/4187 2381/3326/4186 2380/3324/4188
s 61
f 2364/3335/4189 2380/3324/4190 2365/3336/4191
f 2365/3336/4191 2380/3324/4190 2379/3323/4192
s off
f 2366/3337/4193 2365/3336/4194 2379/3323/4195
f 2355/3322/4196 2366/3337/4197 2379/3323/4198
s 62
f 2368/3339/4199 2385/3340/4200 2367/3338/4201
f 2367/3338/4201 2385/3340/4200 2384/3341/4202
s 63
f 2369/3342/4203 2386/3343/4204 2368/3339/4205
f 2368/3339/4205 2386/3343/4204 2385/3340/4206
s 64
f 2369/3342/4207 2370/3344/4208 2386/3343/4209
f 2386/3343/4209 2370/3344/4208 2387/3345/4210
s 65
f 2370/3344/4211 2371/3346/4212 2387/3345/4213
f 2387/3345/4213 2371/3346/4212 2388/3347/4214
s off
f 2371/3346/4215 2372/3348/4216 2388/3347/4217
f 2372/3348/4218 2373/3349/4219 2388/3347/4220
s 66
f 2374/3350/4221 2387/3345/4222 2373/3349/4223
f 2373/3349/4223 2387/3345/4222 2388/3347/4224
s 67
f 2375/3351/4225 2386/3343/4226 2374/3350/4227
f 2374/3350/4227 2386/3343/4226 2387/3345/4228
s 68
f 2375/3351/4229 2376/3352/4230 2386/3343/4231
f 2386/3343/4231 2376/3352/4230 2385/3340/4232
s 69
f 2376/3352/4233 2377/3353/4234 2385/3340/4235
f 2385/3340/4235 2377/3353/4234 2384/3341/4236
s off
f 2377/3353/4237 2378/3354/4238 2384/3341/4239
f 2378/3354/4240 2367/3338/4241 2384/3341/4242
s 70
f 2410/3355/4243 2403/3356/4244 2409/3358/4245
f 2409/3358/4245 2403/3356/4244 2391/3357/4246
s 71
f 2392/3359/4247 2407/3360/4248 2403/3356/4249
f 2403/3356/4249 2407/3360/4248 2411/3361/4250
s 70
f 2403/3356/4244 2410/3355/4243 2392/3359/4251
f 2392/3359/4251 2410/3355/4243 2389/3362/4252
f 2389/3362/4252 2395/3363/4253 2392/3359/4251
f 2392/3359/4251 2395/3363/4253 2394/3364/4254
f 2389/3362/4252 2390/3365/4255 2395/3363/4253
f 2395/3363/4253 2390/3365/4255 2396/3366/4256
f 2400/3368/4257 2399/3369/4258 2397/3367/4259
f 2397/3367/4259 2399/3369/4258 2398/3370/4260
f 2402/3371/4261 2401/3372/4262 2400/3368/4257
f 2400/3368/4257 2401/3372/4262 2399/3369/4258
s 71
f 2405/3373/4263 2397/3367/4264 2404/3374/4265
f 2404/3374/4265 2397/3367/4264 2398/3370/4266
f 2392/3359/4247 2394/3364/4267 2407/3360/4248
f 2407/3360/4248 2394/3364/4267 2406/3375/4268
s 70
f 2410/3355/4243 2408/3376/4269 2389/3362/4252
f 2389/3362/4252 2408/3376/4269 2390/3365/4255
s 71
f 2393/3377/4270 2403/3356/4249 2411/3361/4250
s 70
f 2403/3356/4244 2393/3377/4271 2391/3357/4246
f 2410/3355/4243 2409/3358/4245 2408/3376/4269
s 71
f 2412/3378/4272 2418/3379/4273 2413/3381/4274
f 2413/3381/4274 2418/3379/4273 2419/3380/4275
s 70
f 2414/3382/4276 2415/3383/4277 2413/3381/4278
f 2413/3381/4278 2415/3383/4277 2412/3378/4279
f 2416/3384/4280 2417/3385/4281 2414/3382/4276
f 2414/3382/4276 2417/3385/4281 2415/3383/4277
f 2395/3363/4253 2414/3382/4276 2394/3364/4254
f 2394/3364/4254 2414/3382/4276 2413/3381/4278
f 2396/3366/4256 2416/3384/4280 2395/3363/4253
f 2395/3363/4253 2416/3384/4280 2414/3382/4276
f 2415/3383/4277 2400/3368/4257 2412/3378/4279
f 2412/3378/4279 2400/3368/4257 2397/3367/4259
f 2417/3385/4281 2402/3371/4261 2415/3383/4277
f 2415/3383/4277 2402/3371/4261 2400/3368/4257
s 71
f 2412/3378/4272 2397/3367/4264 2418/3379/4273
f 2418/3379/4273 2397/3367/4264 2405/3373/4263
f 2394/3364/4267 2413/3381/4274 2406/3375/4268
f 2406/3375/4268 2413/3381/4274 2419/3380/4275
s 76
f 2429/3386/4282 2409/3387/4283 2428/3389/4284
f 2428/3389/4284 2409/3387/4283 2391/3388/4285
s 77
f 2411/3390/4286 2407/3391/4287 2428/3389/4288
f 2428/3389/4288 2407/3391/4287 2421/3392/4289
s 76
f 2420/3393/4290 2429/3386/4282 2421/3392/4291
f 2421/3392/4291 2429/3386/4282 2428/3389/4284
f 2420/3393/4290 2421/3392/4291 2423/3395/4292
f 2423/3395/4292 2421/3392/4291 2422/3394/4293
f 2420/3393/4290 2423/3395/4292 2390/3397/4294
f 2390/3397/4294 2423/3395/4292 2396/3396/4295
f 2425/3399/4296 2426/3400/4297 2424/3398/4298
f 2424/3398/4298 2426/3400/4297 2427/3401/4299
f 2426/3400/4297 2401/3402/4300 2427/3401/4299
f 2427/3401/4299 2401/3402/4300 2402/3403/4301
s 77
f 2405/3404/4302 2404/3405/4303 2424/3398/4304
f 2424/3398/4304 2404/3405/4303 2425/3399/4305
f 2421/3392/4289 2407/3391/4287 2422/3394/4306
f 2422/3394/4306 2407/3391/4287 2406/3406/4307
s 76
f 2390/3397/4294 2408/3407/4308 2420/3393/4290
f 2420/3393/4290 2408/3407/4308 2429/3386/4282
s 77
f 2393/3408/4309 2411/3390/4286 2428/3389/4288
s 76
f 2428/3389/4284 2391/3388/4285 2393/3408/4310
f 2429/3386/4282 2408/3407/4308 2409/3387/4283
s 77
f 2430/3409/4311 2431/3410/4312 2418/3412/4313
f 2418/3412/4313 2431/3410/4312 2419/3411/4314
s 76
f 2430/3409/4315 2433/3413/4316 2431/3410/4317
f 2431/3410/4317 2433/3413/4316 2432/3414/4318
f 2433/3413/4316 2417/3415/4319 2432/3414/4318
f 2432/3414/4318 2417/3415/4319 2416/3416/4320
f 2423/3395/4292 2422/3394/4293 2432/3414/4318
f 2432/3414/4318 2422/3394/4293 2431/3410/4317
f 2396/3396/4295 2423/3395/4292 2416/3416/4320
f 2416/3416/4320 2423/3395/4292 2432/3414/4318
f 2433/3413/4316 2430/3409/4315 2427/3401/4299
f 2427/3401/4299 2430/3409/4315 2424/3398/4298
f 2417/3415/4319 2433/3413/4316 2402/3403/4301
f 2402/3403/4301 2433/3413/4316 2427/3401/4299
s 77
f 2430/3409/4311 2418/3412/4313 2424/3398/4304
f 2424/3398/4304 2418/3412/4313 2405/3404/4302
f 2422/3394/4306 2406/3406/4307 2431/3410/4312
f 2431/3410/4312 2406/3406/4307 2419/3411/4314
s 83
f 2434/3417/4321 2437/3418/4322 2435/3420/4323
f 2435/3420/4323 2437/3418/4322 2436/3419/4324
f 2441/3422/4325 2440/3423/4326 2439/3421/4327
f 2439/3421/4327 2440/3423/4326 2438/3424/4328
f 2443/3425/4329 2442/3426/4330 2441/3422/4325
f 2441/3422/4325 2442/3426/4330 2440/3423/4326
f 2437/3418/4322 2444/3427/4331 2436/3419/4324
f 2436/3419/4324 2444/3427/4331 2438/3424/4328
f 2445/3428/4332 2439/3421/4327 2444/3427/4331
f 2444/3427/4331 2439/3421/4327 2438/3424/4328
f 2446/3429/4333 2434/3417/4321 2447/3430/4334
f 2447/3430/4334 2434/3417/4321 2435/3420/4323
f 2447/3430/4334 2435/3420/4323 2448/3431/4335
f 2448/3431/4335 2435/3420/4323 2436/3419/4324
f 2448/3431/4335 2436/3419/4324 2449/3432/4336
f 2449/3432/4336 2436/3419/4324 2438/3424/4328
f 2449/3432/4336 2438/3424/4328 2450/3433/4337
f 2450/3433/4337 2438/3424/4328 2440/3423/4326
f 2451/3434/4338 2450/3433/4337 2442/3426/4330
f 2442/3426/4330 2450/3433/4337 2440/3423/4326
f 2452/3435/4339 2451/3434/4338 2442/3426/4330
f 2452/3435/4339 2442/3426/4330 2453/3436/4340
f 2453/3436/4340 2442/3426/4330 2443/3425/4329
f 2454/3437/4341 2453/3438/4340 2443/3439/4329
f 2454/3437/4341 2443/3439/4329 2455/3440/4342
f 2455/3440/4342 2443/3439/4329 2441/3441/4343
f 2455/3440/4342 2441/3441/4343 2456/3442/4344
f 2456/3442/4344 2441/3441/4343 2439/3443/4345
f 2457/3444/4346 2456/3442/4344 2445/3445/4347
f 2445/3445/4347 2456/3442/4344 2439/3443/4345
f 2448/3431/4335 2449/3432/4336 2458/3447/4348
f 2458/3447/4348 2449/3432/4336 2459/3446/4349
f 2449/3432/4336 2450/3433/4337 2459/3446/4349
f 2459/3446/4349 2450/3433/4337 2460/3448/4350
f 2450/3433/4337 2451/3434/4338 2460/3448/4350
f 2460/3448/4350 2451/3434/4338 2461/3449/4351
f 2451/3434/4338 2452/3435/4339 2461/3449/4351
f 2461/3449/4351 2452/3435/4339 2462/3450/4352
f 2453/3436/4340 2463/3451/4353 2452/3435/4339
f 2452/3435/4339 2463/3451/4353 2462/3452/4352
f 2454/3437/4341 2464/3453/4354 2453/3438/4340
f 2453/3438/4340 2464/3453/4354 2463/3454/4353
f 2455/3440/4342 2465/3455/4355 2454/3437/4341
f 2454/3437/4341 2465/3455/4355 2464/3453/4354
f 2456/3442/4344 2466/3456/4356 2455/3440/4342
f 2455/3440/4342 2466/3456/4356 2465/3455/4355
f 2456/3442/4344 2457/3444/4346 2466/3456/4356
f 2466/3456/4356 2457/3444/4346 2467/3457/4357
f 2434/3417/4321 2468/3458/4358 2437/3418/4322
f 2437/3418/4322 2468/3458/4358 2469/3459/4359
f 2470/3461/4360 2472/3462/4361 2471/3460/4362
f 2471/3460/4362 2472/3462/4361 2473/3463/4363
f 2472/3462/4361 2474/3464/4364 2473/3463/4363
f 2473/3463/4363 2474/3464/4364 2475/3465/4365
f 2437/3418/4322 2469/3459/4359 2444/3427/4331
f 2444/3427/4331 2469/3459/4359 2470/3461/4360
f 2470/3461/4360 2471/3460/4362 2444/3427/4331
f 2444/3427/4331 2471/3460/4362 2445/3428/4332
f 2446/3429/4333 2476/3466/4366 2434/3417/4321
f 2434/3417/4321 2476/3466/4366 2468/3458/4358
f 2469/3459/4359 2468/3458/4358 2477/3467/4367
f 2477/3467/4367 2468/3458/4358 2476/3466/4366
f 2470/3461/4360 2469/3459/4359 2478/3468/4368
f 2478/3468/4368 2469/3459/4359 2477/3467/4367
f 2472/3462/4361 2470/3461/4360 2479/3469/4369
f 2479/3469/4369 2470/3461/4360 2478/3468/4368
f 2480/3470/4370 2474/3464/4364 2479/3469/4369
f 2479/3469/4369 2474/3464/4364 2472/3462/4361
f 2481/3471/4371 2474/3464/4364 2480/3470/4370
f 2475/3465/4365 2474/3464/4364 2482/3472/4372
f 2482/3472/4372 2474/3464/4364 2481/3471/4371
f 2483/3473/4373 2475/3474/4365 2482/3475/4372
f 2473/3477/4374 2475/3474/4365 2484/3476/4375
f 2484/3476/4375 2475/3474/4365 2483/3473/4373
f 2471/3479/4376 2473/3477/4374 2485/3478/4377
f 2485/3478/4377 2473/3477/4374 2484/3476/4375
f 2457/3444/4346 2445/3445/4347 2485/3478/4377
f 2485/3478/4377 2445/3445/4347 2471/3479/4376
f 2477/3467/4367 2486/3480/4378 2478/3468/4368
f 2478/3468/4368 2486/3480/4378 2487/3481/4379
f 2478/3468/4368 2487/3481/4379 2479/3469/4369
f 2479/3469/4369 2487/3481/4379 2488/3482/4380
f 2479/3469/4369 2488/3482/4380 2480/3470/4370
f 2480/3470/4370 2488/3482/4380 2489/3483/4381
f 2480/3470/4370 2489/3483/4381 2481/3471/4371
f 2481/3471/4371 2489/3483/4381 2490/3484/4382
f 2490/3485/4382 2491/3486/4383 2481/3471/4371
f 2481/3471/4371 2491/3486/4383 2482/3472/4372
f 2491/3487/4383 2492/3488/4384 2482/3475/4372
f 2482/3475/4372 2492/3488/4384 2483/3473/4373
f 2492/3488/4384 2493/3489/4385 2483/3473/4373
f 2483/3473/4373 2493/3489/4385 2484/3476/4375
f 2493/3489/4385 2494/3490/4386 2484/3476/4375
f 2484/3476/4375 2494/3490/4386 2485/3478/4377
f 2485/3478/4377 2494/3490/4386 2457/3444/4346
f 2457/3444/4346 2494/3490/4386 2467/3457/4357
s 91
f 2510/3492/4387 2509/3493/4388 2495/3491/4389
f 2495/3491/4389 2509/3493/4388 2496/3494/4390
f 2496/3494/4390 2509/3493/4388 2497/3496/4391
f 2497/3496/4391 2509/3493/4388 2508/3495/4392
f 2508/3495/4392 2513/3497/4393 2497/3496/4391
f 2497/3496/4391 2513/3497/4393 2498/3498/4394
f 2513/3497/4393 2512/3499/4395 2498/3498/4394
f 2498/3498/4394 2512/3499/4395 2499/3500/4396
f 2499/3500/4396 2512/3499/4395 2500/3502/4397
f 2500/3502/4397 2512/3499/4395 2511/3501/4398
f 2501/3503/4399 2507/3504/4400 2502/3505/4401
f 2502/3505/4401 2507/3504/4400 2503/3506/4402
f 2507/3504/4400 2504/3507/4403 2503/3506/4402
f 2504/3507/4403 2507/3504/4400 2505/3508/4404
f 2505/3508/4404 2507/3504/4400 2506/3509/4405
f 2504/3510/4403 2513/3497/4393 2503/3511/4402
f 2503/3511/4402 2513/3497/4393 2508/3495/4392
f 2509/3493/4388 2502/3512/4401 2508/3495/4392
f 2508/3495/4392 2502/3512/4401 2503/3511/4402
f 2510/3492/4387 2501/3513/4399 2509/3493/4388
f 2509/3493/4388 2501/3513/4399 2502/3512/4401
f 2505/3514/4404 2506/3515/4405 2512/3499/4395
f 2512/3499/4395 2506/3515/4405 2511/3501/4398
f 2504/3510/4403 2505/3514/4404 2513/3497/4393
f 2513/3497/4393 2505/3514/4404 2512/3499/4395
f 2515/3516/4406 2514/3517/4407 2496/3494/4390
f 2496/3494/4390 2514/3517/4407 2495/3491/4389
f 2516/3518/4408 2515/3516/4406 2497/3496/4391
f 2497/3496/4391 2515/3516/4406 2496/3494/4390
f 2516/3518/4408 2497/3496/4391 2517/3519/4409
f 2517/3519/4409 2497/3496/4391 2498/3498/4394
f 2499/3500/4396 2518/3520/4410 2498/3498/4394
f 2498/3498/4394 2518/3520/4410 2517/3519/4409
f 2500/3502/4397 2519/3521/4411 2499/3500/4396
f 2499/3500/4396 2519/3521/4411 2518/3520/4410
s 93
f 2520/3522/4412 2521/3523/4413 2523/3525/4414
f 2523/3525/4414 2521/3523/4413 2522/3524/4415
f 2524/3527/4416 2526/3528/4417 2525/3526/4418
f 2525/3526/4418 2526/3528/4417 2527/3529/4419
f 2526/3528/4417 2528/3530/4420 2527/3529/4419
f 2527/3529/4419 2528/3530/4420 2529/3531/4421
f 2523/3525/4414 2522/3524/4415 2530/3532/4422
f 2530/3532/4422 2522/3524/4415 2524/3527/4416
f 2524/3527/4416 2525/3526/4418 2530/3532/4422
f 2530/3532/4422 2525/3526/4418 2531/3533/4423
f 2532/3534/4424 2533/3535/4425 2520/3522/4412
f 2520/3522/4412 2533/3535/4425 2521/3523/4413
f 2522/3524/4415 2521/3523/4413 2534/3536/4426
f 2534/3536/4426 2521/3523/4413 2533/3535/4425
f 2524/3527/4416 2522/3524/4415 2535/3537/4427
f 2535/3537/4427 2522/3524/4415 2534/3536/4426
f 2526/3528/4417 2524/3527/4416 2536/3538/4428
f 2536/3538/4428 2524/3527/4416 2535/3537/4427
f 2537/3539/4429 2528/3530/4420 2536/3538/4428
f 2536/3538/4428 2528/3530/4420 2526/3528/4417
f 2538/3540/4430 2528/3530/4420 2537/3539/4429
f 2529/3531/4421 2528/3530/4420 2539/3541/4431
f 2539/3541/4431 2528/3530/4420 2538/3540/4430
f 2540/3542/4432 2529/3543/4421 2539/3544/4431
f 2527/3546/4433 2529/3543/4421 2541/3545/4434
f 2541/3545/4434 2529/3543/4421 2540/3542/4432
f 2525/3548/4435 2527/3546/4433 2542/3547/4436
f 2542/3547/4436 2527/3546/4433 2541/3545/4434
f 2543/3549/4437 2531/3550/4438 2542/3547/4436
f 2542/3547/4436 2531/3550/4438 2525/3548/4435
f 2534/3536/4426 2458/3551/4439 2535/3537/4427
f 2535/3537/4427 2458/3551/4439 2459/3552/4440
f 2535/3537/4427 2459/3552/4440 2536/3538/4428
f 2536/3538/4428 2459/3552/4440 2460/3553/4441
f 2536/3538/4428 2460/3553/4441 2537/3539/4429
f 2537/3539/4429 2460/3553/4441 2461/3554/4442
f 2537/3539/4429 2461/3554/4442 2538/3540/4430
f 2538/3540/4430 2461/3554/4442 2462/3555/4443
f 2462/3556/4443 2463/3557/4444 2538/3540/4430
f 2538/3540/4430 2463/3557/4444 2539/3541/4431
f 2463/3558/4444 2464/3559/4445 2539/3544/4431
f 2539/3544/4431 2464/3559/4445 2540/3542/4432
f 2464/3559/4445 2465/3560/4446 2540/3542/4432
f 2540/3542/4432 2465/3560/4446 2541/3545/4434
f 2465/3560/4446 2466/3561/4447 2541/3545/4434
f 2541/3545/4434 2466/3561/4447 2542/3547/4436
f 2542/3547/4436 2466/3561/4447 2543/3549/4437
f 2543/3549/4437 2466/3561/4447 2467/3562/4448
f 2520/3522/4412 2523/3525/4414 2544/3564/4449
f 2544/3564/4449 2523/3525/4414 2545/3563/4450
f 2549/3566/4451 2548/3567/4452 2547/3565/4453
f 2547/3565/4453 2548/3567/4452 2546/3568/4454
f 2551/3569/4455 2550/3570/4456 2549/3566/4451
f 2549/3566/4451 2550/3570/4456 2548/3567/4452
f 2523/3525/4414 2530/3532/4422 2545/3563/4450
f 2545/3563/4450 2530/3532/4422 2546/3568/4454
f 2531/3533/4423 2547/3565/4453 2530/3532/4422
f 2530/3532/4422 2547/3565/4453 2546/3568/4454
f 2532/3534/4424 2520/3522/4412 2552/3571/4457
f 2552/3571/4457 2520/3522/4412 2544/3564/4449
f 2552/3571/4457 2544/3564/4449 2553/3572/4458
f 2553/3572/4458 2544/3564/4449 2545/3563/4450
f 2553/3572/4458 2545/3563/4450 2554/3573/4459
f 2554/3573/4459 2545/3563/4450 2546/3568/4454
f 2554/3573/4459 2546/3568/4454 2555/3574/4460
f 2555/3574/4460 2546/3568/4454 2548/3567/4452
f 2556/3575/4461 2555/3574/4460 2550/3570/4456
f 2550/3570/4456 2555/3574/4460 2548/3567/4452
f 2557/3576/4462 2556/3575/4461 2550/3570/4456
f 2557/3576/4462 2550/3570/4456 2558/3577/4463
f 2558/3577/4463 2550/3570/4456 2551/3569/4455
f 2559/3578/4464 2558/3579/4463 2551/3580/4455
f 2559/3578/4464 2551/3580/4455 2560/3581/4465
f 2560/3581/4465 2551/3580/4455 2549/3582/4466
f 2560/3581/4465 2549/3582/4466 2561/3583/4467
f 2561/3583/4467 2549/3582/4466 2547/3584/4468
f 2543/3549/4437 2561/3583/4467 2531/3550/4438
f 2531/3550/4438 2561/3583/4467 2547/3584/4468
f 2553/3572/4458 2554/3573/4459 2486/3586/4469
f 2486/3586/4469 2554/3573/4459 2487/3585/4470
f 2554/3573/4459 2555/3574/4460 2487/3585/4470
f 2487/3585/4470 2555/3574/4460 2488/3587/4471
f 2555/3574/4460 2556/3575/4461 2488/3587/4471
f 2488/3587/4471 2556/3575/4461 2489/3588/4472
f 2556/3575/4461 2557/3576/4462 2489/3588/4472
f 2489/3588/4472 2557/3576/4462 2490/3589/4473
f 2558/3577/4463 2491/3590/4474 2557/3576/4462
f 2557/3576/4462 2491/3590/4474 2490/3591/4473
f 2559/3578/4464 2492/3592/4475 2558/3579/4463
f 2558/3579/4463 2492/3592/4475 2491/3593/4474
f 2560/3581/4465 2493/3594/4476 2559/3578/4464
f 2559/3578/4464 2493/3594/4476 2492/3592/4475
f 2561/3583/4467 2494/3595/4477 2560/3581/4465
f 2560/3581/4465 2494/3595/4477 2493/3594/4476
f 2561/3583/4467 2543/3549/4437 2494/3595/4477
f 2494/3595/4477 2543/3549/4437 2467/3562/4448
s 100
f 2562/3597/4478 2571/3598/4479 2495/3596/4480
f 2495/3596/4480 2571/3598/4479 2510/3599/4481
f 2562/3597/4478 2563/3600/4482 2571/3598/4479
f 2571/3598/4479 2563/3600/4482 2570/3601/4483
f 2570/3601/4483 2563/3600/4482 2573/3603/4484
f 2573/3603/4484 2563/3600/4482 2564/3602/4485
f 2565/3604/4486 2572/3605/4487 2564/3602/4485
f 2564/3602/4485 2572/3605/4487 2573/3603/4484
f 2565/3604/4486 2500/3606/4488 2572/3605/4487
f 2572/3605/4487 2500/3606/4488 2511/3607/4489
f 2501/3608/4490 2566/3609/4491 2507/3610/4492
f 2566/3609/4491 2567/3611/4493 2507/3610/4492
f 2507/3610/4492 2567/3611/4493 2568/3612/4494
f 2568/3612/4494 2569/3613/4495 2507/3610/4492
f 2569/3613/4495 2506/3614/4496 2507/3610/4492
f 2568/3615/4494 2567/3616/4493 2573/3603/4484
f 2573/3603/4484 2567/3616/4493 2570/3601/4483
f 2571/3598/4479 2570/3601/4483 2566/3617/4491
f 2566/3617/4491 2570/3601/4483 2567/3616/4493
f 2510/3599/4481 2571/3598/4479 2501/3618/4490
f 2501/3618/4490 2571/3598/4479 2566/3617/4491
f 2511/3607/4489 2506/3619/4496 2572/3605/4487
f 2572/3605/4487 2506/3619/4496 2569/3620/4495
f 2572/3605/4487 2569/3620/4495 2573/3603/4484
f 2573/3603/4484 2569/3620/4495 2568/3615/4494
f 2495/3596/4480 2514/3621/4497 2562/3597/4478
f 2562/3597/4478 2514/3621/4497 2574/3622/4498
f 2562/3597/4478 2574/3622/4498 2563/3600/4482
f 2563/3600/4482 2574/3622/4498 2575/3623/4499
f 2575/3623/4499 2576/3624/4500 2563/3600/4482
f 2563/3600/4482 2576/3624/4500 2564/3602/4485
f 2565/3604/4486 2564/3602/4485 2577/3625/4501
f 2577/3625/4501 2564/3602/4485 2576/3624/4500
f 2500/3606/4488 2565/3604/4486 2519/3626/4502
f 2519/3626/4502 2565/3604/4486 2577/3625/4501
s 103
f 2578/3627/4503 2579/3628/4504 2633/3630/4505
f 2633/3630/4505 2579/3628/4504 2632/3629/4506
f 2579/3628/4504 2580/3631/4507 2632/3629/4506
f 2632/3629/4506 2580/3631/4507 2631/3632/4508
f 2580/3631/4507 2581/3633/4509 2631/3632/4508
f 2631/3632/4508 2581/3633/4509 2630/3634/4510
f 2582/3635/4511 2629/3636/4512 2581/3633/4509
f 2581/3633/4509 2629/3636/4512 2630/3634/4510
f 2583/3637/4513 2628/3638/4514 2582/3635/4511
f 2582/3635/4511 2628/3638/4514 2629/3636/4512
f 2584/3639/4515 2627/3640/4516 2583/3637/4513
f 2583/3637/4513 2627/3640/4516 2628/3638/4514
f 2592/3642/4517 2610/3643/4518 2593/3641/4519
f 2593/3641/4519 2610/3643/4518 2611/3644/4520
f 2593/3641/4519 2611/3644/4520 2594/3645/4521
f 2594/3645/4521 2611/3644/4520 2612/3646/4522
f 2594/3645/4521 2612/3646/4522 2595/3647/4523
f 2595/3647/4523 2612/3646/4522 2606/3648/4524
f 2596/3649/4525 2595/3647/4523 2607/3650/4526
f 2607/3650/4526 2595/3647/4523 2606/3648/4524
f 2597/3651/4527 2596/3649/4525 2608/3652/4528
f 2608/3652/4528 2596/3649/4525 2607/3650/4526
f 2598/3653/4529 2597/3651/4527 2609/3654/4530
f 2609/3654/4530 2597/3651/4527 2608/3652/4528
f 2606/3648/4524 2588/3655/4531 2607/3650/4526
f 2607/3650/4526 2588/3655/4531 2587/3656/4532
f 2607/3650/4526 2587/3656/4532 2608/3652/4528
f 2608/3652/4528 2587/3656/4532 2586/3657/4533
f 2608/3652/4528 2586/3657/4533 2609/3654/4530
f 2609/3654/4530 2586/3657/4533 2585/3658/4534
f 2611/3644/4520 2610/3643/4518 2590/3660/4535
f 2590/3660/4535 2610/3643/4518 2591/3659/4536
f 2612/3646/4522 2611/3644/4520 2589/3661/4537
f 2589/3661/4537 2611/3644/4520 2590/3660/4535
f 2606/3648/4524 2612/3646/4522 2588/3655/4531
f 2588/3655/4531 2612/3646/4522 2589/3661/4537
f 2613/3662/4538 2614/3663/4539 2626/3665/4540
f 2626/3665/4540 2614/3663/4539 2625/3664/4541
f 2614/3663/4539 2613/3662/4538 2615/3667/4542
f 2615/3667/4542 2613/3662/4538 2616/3666/4543
f 2615/3667/4542 2616/3666/4543 2617/3669/4544
f 2617/3669/4544 2616/3666/4543 2618/3668/4545
f 2617/3669/4544 2618/3668/4545 2619/3671/4546
f 2619/3671/4546 2618/3668/4545 2620/3670/4547
f 2619/3671/4546 2620/3670/4547 2621/3673/4548
f 2621/3673/4548 2620/3670/4547 2622/3672/4549
f 2623/3674/4550 2624/3675/4551 2625/3664/4541
f 2625/3664/4541 2624/3675/4551 2626/3665/4540
f 2599/3677/4552 2623/3674/4550 2600/3676/4553
f 2600/3676/4553 2623/3674/4550 2625/3664/4541
f 2600/3676/4553 2625/3664/4541 2601/3678/4554
f 2601/3678/4554 2625/3664/4541 2614/3663/4539
f 2601/3678/4554 2614/3663/4539 2602/3679/4555
f 2602/3679/4555 2614/3663/4539 2615/3667/4542
f 2603/3680/4556 2602/3679/4555 2617/3669/4544
f 2617/3669/4544 2602/3679/4555 2615/3667/4542
f 2604/3681/4557 2603/3680/4556 2619/3671/4546
f 2619/3671/4546 2603/3680/4556 2617/3669/4544
f 2605/3682/4558 2604/3681/4557 2621/3673/4548
f 2621/3673/4548 2604/3681/4557 2619/3671/4546
f 2616/3666/4543 2613/3662/4538 2595/3647/4523
f 2595/3647/4523 2613/3662/4538 2594/3645/4521
f 2616/3666/4543 2595/3647/4523 2618/3668/4545
f 2618/3668/4545 2595/3647/4523 2596/3649/4525
f 2618/3668/4545 2596/3649/4525 2620/3670/4547
f 2620/3670/4547 2596/3649/4525 2597/3651/4527
f 2620/3670/4547 2597/3651/4527 2622/3672/4549
f 2622/3672/4549 2597/3651/4527 2598/3653/4529
f 2626/3665/4540 2624/3675/4551 2593/3641/4519
f 2593/3641/4519 2624/3675/4551 2592/3642/4517
f 2613/3662/4538 2626/3665/4540 2594/3645/4521
f 2594/3645/4521 2626/3665/4540 2593/3641/4519
f 2628/3638/4514 2627/3640/4516 2600/3676/4553
f 2600/3676/4553 2627/3640/4516 2599/3677/4552
f 2629/3636/4512 2628/3638/4514 2601/3678/4554
f 2601/3678/4554 2628/3638/4514 2600/3676/4553
f 2630/3634/4510 2629/3636/4512 2602/3679/4555
f 2602/3679/4555 2629/3636/4512 2601/3678/4554
f 2630/3634/4510 2602/3679/4555 2631/3632/4508
f 2631/3632/4508 2602/3679/4555 2603/3680/4556
f 2631/3632/4508 2603/3680/4556 2632/3629/4506
f 2632/3629/4506 2603/3680/4556 2604/3681/4557
f 2632/3629/4506 2604/3681/4557 2633/3630/4505
f 2633/3630/4505 2604/3681/4557 2605/3682/4558
s 114
f 2578/3683/4559 2633/3684/4560 2634/3686/4561
f 2634/3686/4561 2633/3684/4560 2673/3685/4562
f 2634/3686/4561 2673/3685/4562 2635/3688/4563
f 2635/3688/4563 2673/3685/4562 2672/3687/4564
f 2635/3688/4563 2672/3687/4564 2636/3690/4565
f 2636/3690/4565 2672/3687/4564 2671/3689/4566
f 2671/3689/4566 2670/3691/4567 2636/3690/4565
f 2636/3690/4565 2670/3691/4567 2637/3692/4568
f 2670/3691/4567 2669/3693/4569 2637/3692/4568
f 2637/3692/4568 2669/3693/4569 2638/3694/4570
f 2669/3693/4569 2627/3695/4571 2638/3694/4570
f 2638/3694/4570 2627/3695/4571 2584/3696/4572
f 2657/3698/4573 2610/3699/4574 2644/3697/4575
f 2644/3697/4575 2610/3699/4574 2592/3700/4576
f 2658/3702/4577 2657/3698/4573 2645/3701/4578
f 2645/3701/4578 2657/3698/4573 2644/3697/4575
f 2654/3704/4579 2658/3702/4577 2646/3703/4580
f 2646/3703/4580 2658/3702/4577 2645/3701/4578
f 2647/3705/4581 2655/3706/4582 2646/3703/4580
f 2646/3703/4580 2655/3706/4582 2654/3704/4579
f 2648/3707/4583 2656/3708/4584 2647/3705/4581
f 2647/3705/4581 2656/3708/4584 2655/3706/4582
f 2598/3709/4585 2609/3710/4586 2648/3707/4583
f 2648/3707/4583 2609/3710/4586 2656/3708/4584
f 2640/3711/4587 2641/3712/4588 2655/3706/4582
f 2655/3706/4582 2641/3712/4588 2654/3704/4579
f 2639/3713/4589 2640/3711/4587 2656/3708/4584
f 2656/3708/4584 2640/3711/4587 2655/3706/4582
f 2585/3714/4590 2639/3713/4589 2609/3710/4586
f 2609/3710/4586 2639/3713/4589 2656/3708/4584
f 2657/3698/4573 2643/3715/4591 2610/3699/4574
f 2610/3699/4574 2643/3715/4591 2591/3716/4592
f 2658/3702/4577 2642/3717/4593 2657/3698/4573
f 2657/3698/4573 2642/3717/4593 2643/3715/4591
f 2654/3704/4579 2641/3712/4588 2658/3702/4577
f 2658/3702/4577 2641/3712/4588 2642/3717/4593
f 2659/3718/4594 2668/3719/4595 2660/3721/4596
f 2660/3721/4596 2668/3719/4595 2667/3720/4597
f 2660/3721/4596 2661/3722/4598 2659/3718/4594
f 2659/3718/4594 2661/3722/4598 2662/3723/4599
f 2661/3722/4598 2663/3724/4600 2662/3723/4599
f 2662/3723/4599 2663/3724/4600 2664/3725/4601
f 2663/3724/4600 2665/3726/4602 2664/3725/4601
f 2664/3725/4601 2665/3726/4602 2666/3727/4603
f 2665/3726/4602 2621/3728/4604 2666/3727/4603
f 2666/3727/4603 2621/3728/4604 2622/3729/4605
f 2623/3730/4606 2667/3720/4597 2624/3731/4607
f 2624/3731/4607 2667/3720/4597 2668/3719/4595
f 2667/3720/4597 2623/3730/4606 2649/3732/4608
f 2649/3732/4608 2623/3730/4606 2599/3733/4609
f 2660/3721/4596 2667/3720/4597 2650/3734/4610
f 2650/3734/4610 2667/3720/4597 2649/3732/4608
f 2661/3722/4598 2660/3721/4596 2651/3735/4611
f 2651/3735/4611 2660/3721/4596 2650/3734/4610
f 2652/3736/4612 2663/3724/4600 2651/3735/4611
f 2651/3735/4611 2663/3724/4600 2661/3722/4598
f 2653/3737/4613 2665/3726/4602 2652/3736/4612
f 2652/3736/4612 2665/3726/4602 2663/3724/4600
f 2605/3738/4614 2621/3728/4604 2653/3737/4613
f 2653/3737/4613 2621/3728/4604 2665/3726/4602
f 2662/3723/4599 2646/3703/4580 2659/3718/4594
f 2659/3718/4594 2646/3703/4580 2645/3701/4578
f 2647/3705/4581 2646/3703/4580 2664/3725/4601
f 2664/3725/4601 2646/3703/4580 2662/3723/4599
f 2648/3707/4583 2647/3705/4581 2666/3727/4603
f 2666/3727/4603 2647/3705/4581 2664/3725/4601
f 2598/3709/4585 2648/3707/4583 2622/3729/4605
f 2622/3729/4605 2648/3707/4583 2666/3727/4603
f 2668/3719/4595 2644/3697/4575 2624/3731/4607
f 2624/3731/4607 2644/3697/4575 2592/3700/4576
f 2659/3718/4594 2645/3701/4578 2668/3719/4595
f 2668/3719/4595 2645/3701/4578 2644/3697/4575
f 2669/3693/4569 2649/3732/4608 2627/3695/4571
f 2627/3695/4571 2649/3732/4608 2599/3733/4609
f 2670/3691/4567 2650/3734/4610 2669/3693/4569
f 2669/3693/4569 2650/3734/4610 2649/3732/4608
f 2671/3689/4566 2651/3735/4611 2670/3691/4567
f 2670/3691/4567 2651/3735/4611 2650/3734/4610
f 2652/3736/4612 2651/3735/4611 2672/3687/4564
f 2672/3687/4564 2651/3735/4611 2671/3689/4566
f 2653/3737/4613 2652/3736/4612 2673/3685/4562
f 2673/3685/4562 2652/3736/4612 2672/3687/4564
f 2605/3738/4614 2653/3737/4613 2633/3684/4560
f 2633/3684/4560 2653/3737/4613 2673/3685/4562
s 122
f 2701/3740/4615 2700/3741/4616 2698/3739/4617
f 2698/3739/4617 2700/3741/4616 2699/3742/4618
f 2700/3741/4616 2703/3743/4619 2699/3742/4618
f 2699/3742/4618 2703/3743/4619 2702/3744/4620
f 2702/3744/4620 2703/3743/4619 2704/3746/4621
f 2704/3746/4621 2703/3743/4619 2705/3745/4622
f 2704/3746/4621 2705/3745/4622 2706/3748/4623
f 2706/3748/4623 2705/3745/4622 2707/3747/4624
f 2706/3748/4623 2707/3747/4624 2708/3750/4625
f 2708/3750/4625 2707/3747/4624 2709/3749/4626
f 2709/3749/4626 2711/3751/4627 2708/3750/4625
f 2708/3750/4625 2711/3751/4627 2710/3752/4628
f 2711/3751/4627 2713/3753/4629 2710/3752/4628
f 2710/3752/4628 2713/3753/4629 2712/3754/4630
f 2713/3753/4629 2715/3755/4631 2712/3754/4630
f 2712/3754/4630 2715/3755/4631 2714/3756/4632
f 2714/3756/4632 2715/3755/4631 2716/3758/4633
f 2716/3758/4633 2715/3755/4631 2717/3757/4634
f 2716/3758/4633 2717/3757/4634 2718/3760/4635
f 2718/3760/4635 2717/3757/4634 2719/3759/4636
f 2718/3760/4635 2719/3759/4636 2720/3762/4637
f 2720/3762/4637 2719/3759/4636 2721/3761/4638
f 2721/3761/4638 2701/3740/4615 2720/3762/4637
f 2720/3762/4637 2701/3740/4615 2698/3739/4617
s 123
f 2674/3763/4639 2675/3764/4640 2686/3766/4641
f 2686/3766/4641 2675/3764/4640 2687/3765/4642
f 2675/3764/4640 2676/3767/4643 2687/3765/4642
f 2687/3765/4642 2676/3767/4643 2688/3768/4644
f 2677/3769/4645 2689/3770/4646 2676/3767/4643
f 2676/3767/4643 2689/3770/4646 2688/3768/4644
f 2678/3771/4647 2690/3772/4648 2677/3769/4645
f 2677/3769/4645 2690/3772/4648 2689/3770/4646
f 2679/3773/4649 2691/3774/4650 2678/3771/4647
f 2678/3771/4647 2691/3774/4650 2690/3772/4648
f 2679/3773/4649 2680/3775/4651 2691/3774/4650
f 2691/3774/4650 2680/3775/4651 2692/3776/4652
f 2680/3775/4651 2681/3777/4653 2692/3776/4652
f 2692/3776/4652 2681/3777/4653 2693/3778/4654
f 2681/3777/4653 2682/3779/4655 2693/3778/4654
f 2693/3778/4654 2682/3779/4655 2694/3780/4656
f 2683/3781/4657 2695/3782/4658 2682/3779/4655
f 2682/3779/4655 2695/3782/4658 2694/3780/4656
f 2684/3783/4659 2696/3784/4660 2683/3781/4657
f 2683/3781/4657 2696/3784/4660 2695/3782/4658
f 2685/3785/4661 2697/3786/4662 2684/3783/4659
f 2684/3783/4659 2697/3786/4662 2696/3784/4660
f 2685/3785/4661 2674/3763/4639 2697/3786/4662
f 2697/3786/4662 2674/3763/4639 2686/3766/4641
s 130
f 2700/3741/4663 2701/3740/4664 2687/3765/4665
f 2687/3765/4665 2701/3740/4664 2686/3766/4666
f 2703/3743/4667 2700/3741/4663 2688/3768/4668
f 2688/3768/4668 2700/3741/4663 2687/3765/4665
f 2689/3770/4669 2705/3745/4670 2688/3768/4668
f 2688/3768/4668 2705/3745/4670 2703/3743/4667
f 2690/3772/4671 2707/3747/4672 2689/3770/4669
f 2689/3770/4669 2707/3747/4672 2705/3745/4670
f 2691/3774/4673 2709/3749/4674 2690/3772/4671
f 2690/3772/4671 2709/3749/4674 2707/3747/4672
f 2711/3751/4675 2709/3749/4674 2692/3776/4676
f 2692/3776/4676 2709/3749/4674 2691/3774/4673
f 2713/3753/4677 2711/3751/4675 2693/3778/4678
f 2693/3778/4678 2711/3751/4675 2692/3776/4676
f 2715/3755/4679 2713/3753/4677 2694/3780/4680
f 2694/3780/4680 2713/3753/4677 2693/3778/4678
f 2695/3782/4681 2717/3757/4682 2694/3780/4680
f 2694/3780/4680 2717/3757/4682 2715/3755/4679
f 2696/3784/4683 2719/3759/4684 2695/3782/4681
f 2695/3782/4681 2719/3759/4684 2717/3757/4682
f 2697/3786/4685 2721/3761/4686 2696/3784/4683
f 2696/3784/4683 2721/3761/4686 2719/3759/4684
f 2701/3740/4664 2721/3761/4686 2686/3766/4666
f 2686/3766/4666 2721/3761/4686 2697/3786/4685
s 137
f 2749/3788/4687 2748/3789/4688 2746/3787/4689
f 2746/3787/4689 2748/3789/4688 2747/3790/4690
f 2748/3789/4688 2751/3791/4691 2747/3790/4690
f 2747/3790/4690 2751/3791/4691 2750/3792/4692
f 2750/3792/4692 2751/3791/4691 2752/3794/4693
f 2752/3794/4693 2751/3791/4691 2753/3793/4694
f 2752/3794/4693 2753/3793/4694 2754/3796/4695
f 2754/3796/4695 2753/3793/4694 2755/3795/4696
f 2754/3796/4695 2755/3795/4696 2756/3798/4697
f 2756/3798/4697 2755/3795/4696 2757/3797/4698
f 2757/3797/4698 2759/3799/4699 2756/3798/4697
f 2756/3798/4697 2759/3799/4699 2758/3800/4700
f 2759/3799/4699 2761/3801/4701 2758/3800/4700
f 2758/3800/4700 2761/3801/4701 2760/3802/4702
f 2761/3801/4701 2763/3803/4703 2760/3802/4702
f 2760/3802/4702 2763/3803/4703 2762/3804/4704
f 2762/3804/4704 2763/3803/4703 2764/3806/4705
f 2764/3806/4705 2763/3803/4703 2765/3805/4706
f 2764/3806/4705 2765/3805/4706 2766/3808/4707
f 2766/3808/4707 2765/3805/4706 2767/3807/4708
f 2766/3808/4707 2767/3807/4708 2768/3810/4709
f 2768/3810/4709 2767/3807/4708 2769/3809/4710
f 2769/3809/4710 2749/3788/4687 2768/3810/4709
f 2768/3810/4709 2749/3788/4687 2746/3787/4689
s 138
f 2722/3811/4711 2723/3812/4712 2734/3814/4713
f 2734/3814/4713 2723/3812/4712 2735/3813/4714
f 2723/3812/4712 2724/3815/4715 2735/3813/4714
f 2735/3813/4714 2724/3815/4715 2736/3816/4716
f 2725/3817/4717 2737/3818/4718 2724/3815/4715
f 2724/3815/4715 2737/3818/4718 2736/3816/4716
f 2726/3819/4719 2738/3820/4720 2725/3817/4717
f 2725/3817/4717 2738/3820/4720 2737/3818/4718
f 2727/3821/4721 2739/3822/4722 2726/3819/4719
f 2726/3819/4719 2739/3822/4722 2738/3820/4720
f 2727/3821/4721 2728/3823/4723 2739/3822/4722
f 2739/3822/4722 2728/3823/4723 2740/3824/4724
f 2728/3823/4723 2729/3825/4725 2740/3824/4724
f 2740/3824/4724 2729/3825/4725 2741/3826/4726
f 2729/3825/4725 2730/3827/4727 2741/3826/4726
f 2741/3826/4726 2730/3827/4727 2742/3828/4728
f 2731/3829/4729 2743/3830/4730 2730/3827/4727
f 2730/3827/4727 2743/3830/4730 2742/3828/4728
f 2732/3831/4731 2744/3832/4732 2731/3829/4729
f 2731/3829/4729 2744/3832/4732 2743/3830/4730
f 2733/3833/4733 2745/3834/4734 2732/3831/4731
f 2732/3831/4731 2745/3834/4734 2744/3832/4732
f 2733/3833/4733 2722/3811/4711 2745/3834/4734
f 2745/3834/4734 2722/3811/4711 2734/3814/4713
s 145
f 2748/3789/4735 2749/3788/4736 2735/3813/4737
f 2735/3813/4737 2749/3788/4736 2734/3814/4738
f 2751/3791/4739 2748/3789/4735 2736/3816/4740
f 2736/3816/4740 2748/3789/4735 2735/3813/4737
f 2737/3818/4741 2753/3793/4742 2736/3816/4740
f 2736/3816/4740 2753/3793/4742 2751/3791/4739
f 2738/3820/4743 2755/3795/4744 2737/3818/4741
f 2737/3818/4741 2755/3795/4744 2753/3793/4742
f 2739/3822/4745 2757/3797/4746 2738/3820/4743
f 2738/3820/4743 2757/3797/4746 2755/3795/4744
f 2759/3799/4747 2757/3797/4746 2740/3824/4748
f 2740/3824/4748 2757/3797/4746 2739/3822/4745
f 2761/3801/4749 2759/3799/4747 2741/3826/4750
f 2741/3826/4750 2759/3799/4747 2740/3824/4748
f 2763/3803/4751 2761/3801/4749 2742/3828/4752
f 2742/3828/4752 2761/3801/4749 2741/3826/4750
f 2743/3830/4753 2765/3805/4754 2742/3828/4752
f 2742/3828/4752 2765/3805/4754 2763/3803/4751
f 2744/3832/4755 2767/3807/4756 2743/3830/4753
f 2743/3830/4753 2767/3807/4756 2765/3805/4754
f 2745/3834/4757 2769/3809/4758 2744/3832/4755
f 2744/3832/4755 2769/3809/4758 2767/3807/4756
f 2749/3788/4736 2769/3809/4758 2734/3814/4738
f 2734/3814/4738 2769/3809/4758 2745/3834/4757
s 152
f 2778/3835/4759 2787/3836/4760 2779/3838/4761
f 2779/3838/4761 2787/3836/4760 2788/3837/4762
f 2778/3835/4759 2779/3838/4761 2780/3839/4763
f 2780/3839/4763 2779/3838/4761 2781/3840/4764
f 2780/3839/4763 2781/3840/4764 2782/3841/4765
f 2782/3841/4765 2781/3840/4764 2783/3842/4766
f 2784/3843/4767 2785/3844/4768 2783/3842/4766
f 2783/3842/4766 2785/3844/4768 2782/3841/4765
f 2792/3845/4769 2785/3844/4768 2791/3846/4770
f 2791/3846/4770 2785/3844/4768 2784/3843/4767
s 154
f 2786/3848/4771 2787/3836/4772 2777/3847/4773
f 2777/3847/4773 2787/3836/4772 2778/3835/4774
s 155
f 2789/3849/4775 2773/3850/4776 2788/3837/4777
f 2788/3837/4777 2773/3850/4776 2779/3838/4778
s 154
f 2777/3847/4773 2778/3835/4774 2776/3851/4779
f 2776/3851/4779 2778/3835/4774 2780/3839/4780
s 155
f 2773/3850/4776 2772/3852/4781 2779/3838/4778
f 2779/3838/4778 2772/3852/4781 2781/3840/4782
s 154
f 2775/3853/4783 2776/3851/4779 2782/3841/4784
f 2782/3841/4784 2776/3851/4779 2780/3839/4780
s 155
f 2772/3852/4781 2771/3854/4785 2781/3840/4782
f 2781/3840/4782 2771/3854/4785 2783/3842/4786
f 2770/3855/4787 2784/3843/4788 2771/3854/4785
f 2771/3854/4785 2784/3843/4788 2783/3842/4786
s 154
f 2774/3856/4789 2775/3853/4783 2785/3844/4790
f 2785/3844/4790 2775/3853/4783 2782/3841/4784
f 2793/3857/4791 2774/3856/4789 2792/3845/4792
f 2792/3845/4792 2774/3856/4789 2785/3844/4790
s 155
f 2790/3858/4793 2791/3846/4794 2770/3855/4787
f 2770/3855/4787 2791/3846/4794 2784/3843/4788
s 157
f 2802/3859/4795 2803/3860/4796 2787/3862/4797
f 2787/3862/4797 2803/3860/4796 2788/3861/4798
f 2805/3864/4799 2803/3860/4796 2804/3863/4800
f 2804/3863/4800 2803/3860/4796 2802/3859/4795
f 2807/3866/4801 2805/3864/4799 2806/3865/4802
f 2806/3865/4802 2805/3864/4799 2804/3863/4800
f 2806/3865/4802 2809/3867/4803 2807/3866/4801
f 2807/3866/4801 2809/3867/4803 2808/3868/4804
f 2792/3869/4805 2791/3870/4806 2809/3867/4803
f 2809/3867/4803 2791/3870/4806 2808/3868/4804
s 158
f 2802/3859/4807 2787/3862/4808 2801/3871/4809
f 2801/3871/4809 2787/3862/4808 2786/3872/4810
s 159
f 2789/3873/4811 2788/3861/4812 2797/3874/4813
f 2797/3874/4813 2788/3861/4812 2803/3860/4814
s 158
f 2804/3863/4815 2802/3859/4807 2800/3875/4816
f 2800/3875/4816 2802/3859/4807 2801/3871/4809
s 159
f 2797/3874/4813 2803/3860/4814 2796/3876/4817
f 2796/3876/4817 2803/3860/4814 2805/3864/4818
s 158
f 2799/3877/4819 2806/3865/4820 2800/3875/4816
f 2800/3875/4816 2806/3865/4820 2804/3863/4815
s 159
f 2796/3876/4817 2805/3864/4818 2795/3878/4821
f 2795/3878/4821 2805/3864/4818 2807/3866/4822
f 2807/3866/4822 2808/3868/4823 2795/3878/4821
f 2795/3878/4821 2808/3868/4823 2794/3879/4824
s 158
f 2798/3880/4825 2809/3867/4826 2799/3877/4819
f 2799/3877/4819 2809/3867/4826 2806/3865/4820
f 2793/3881/4827 2792/3869/4828 2798/3880/4825
f 2798/3880/4825 2792/3869/4828 2809/3867/4826
s 159
f 2808/3868/4823 2791/3870/4829 2794/3879/4824
f 2794/3879/4824 2791/3870/4829 2790/3882/4830
s 162
f 2820/3883/4831 2818/3884/4832 2821/3886/4833
f 2821/3886/4833 2818/3884/4832 2819/3885/4834
f 2822/3887/4835 2820/3883/4831 2823/3888/4836
f 2823/3888/4836 2820/3883/4831 2821/3886/4833
f 2823/3888/4836 2824/3889/4837 2822/3887/4835
f 2822/3887/4835 2824/3889/4837 2825/3890/4838
s 163
f 2817/3892/4839 2818/3884/4840 2816/3891/4841
f 2816/3891/4841 2818/3884/4840 2820/3883/4842
s 164
f 2810/3893/4843 2811/3894/4844 2819/3885/4845
f 2819/3885/4845 2811/3894/4844 2821/3886/4846
s 163
f 2815/3895/4847 2816/3891/4841 2822/3887/4848
f 2822/3887/4848 2816/3891/4841 2820/3883/4842
s 164
f 2811/3894/4844 2812/3896/4849 2821/3886/4846
f 2821/3886/4846 2812/3896/4849 2823/3888/4850
f 2813/3897/4851 2824/3889/4852 2812/3896/4849
f 2812/3896/4849 2824/3889/4852 2823/3888/4850
s 163
f 2814/3898/4853 2815/3895/4847 2825/3890/4854
f 2825/3890/4854 2815/3895/4847 2822/3887/4848
s 164
f 2826/3899/4855 2810/3893/4843 2827/3900/4856
f 2827/3900/4856 2810/3893/4843 2819/3885/4845
s 162
f 2818/3884/4832 2828/3901/4857 2819/3885/4834
f 2819/3885/4834 2828/3901/4857 2827/3900/4858
s 163
f 2829/3902/4859 2828/3901/4860 2817/3892/4839
f 2817/3892/4839 2828/3901/4860 2818/3884/4840
f 2830/3903/4861 2814/3898/4853 2831/3904/4862
f 2831/3904/4862 2814/3898/4853 2825/3890/4854
s 162
f 2832/3905/4863 2831/3904/4864 2824/3889/4837
f 2824/3889/4837 2831/3904/4864 2825/3890/4838
s 164
f 2833/3906/4865 2832/3905/4866 2813/3897/4851
f 2813/3897/4851 2832/3905/4866 2824/3889/4852
s 166
f 2844/3907/4867 2845/3908/4868 2842/3910/4869
f 2842/3910/4869 2845/3908/4868 2843/3909/4870
f 2846/3911/4871 2847/3912/4872 2844/3907/4867
f 2844/3907/4867 2847/3912/4872 2845/3908/4868
f 2847/3912/4872 2846/3911/4871 2848/3914/4873
f 2848/3914/4873 2846/3911/4871 2849/3913/4874
s 168
f 2844/3907/4875 2842/3910/4876 2840/3915/4877
f 2840/3915/4877 2842/3910/4876 2841/3916/4878
s 169
f 2834/3917/4879 2843/3909/4880 2835/3918/4881
f 2835/3918/4881 2843/3909/4880 2845/3908/4882
s 168
f 2839/3919/4883 2846/3911/4884 2840/3915/4877
f 2840/3915/4877 2846/3911/4884 2844/3907/4875
s 169
f 2835/3918/4881 2845/3908/4882 2836/3920/4885
f 2836/3920/4885 2845/3908/4882 2847/3912/4886
f 2847/3912/4886 2848/3914/4887 2836/3920/4885
f 2836/3920/4885 2848/3914/4887 2837/3921/4888
s 168
f 2838/3922/4889 2849/3913/4890 2839/3919/4883
f 2839/3919/4883 2849/3913/4890 2846/3911/4884
s 169
f 2826/3923/4891 2827/3924/4892 2834/3917/4879
f 2834/3917/4879 2827/3924/4892 2843/3909/4880
s 166
f 2842/3910/4869 2843/3909/4870 2828/3925/4893
f 2828/3925/4893 2843/3909/4870 2827/3924/4894
s 168
f 2842/3910/4876 2828/3925/4895 2841/3916/4878
f 2841/3916/4878 2828/3925/4895 2829/3926/4896
f 2830/3927/4897 2831/3928/4898 2838/3922/4889
f 2838/3922/4889 2831/3928/4898 2849/3913/4890
s 166
f 2832/3929/4899 2848/3914/4873 2831/3928/4900
f 2831/3928/4900 2848/3914/4873 2849/3913/4874
s 169
f 2848/3914/4887 2832/3929/4901 2837/3921/4888
f 2837/3921/4888 2832/3929/4901 2833/3930/4902
s 172
f 2860/3931/4903 2861/3932/4904 2858/3934/4905
f 2858/3934/4905 2861/3932/4904 2859/3933/4906
f 2862/3935/4907 2863/3936/4908 2860/3931/4903
f 2860/3931/4903 2863/3936/4908 2861/3932/4904
f 2863/3936/4908 2862/3935/4907 2864/3938/4909
f 2864/3938/4909 2862/3935/4907 2865/3937/4910
f 2872/3939/4911 2871/3940/4912 2865/3937/4910
f 2865/3937/4910 2871/3940/4912 2864/3938/4909
s 174
f 2860/3931/4913 2858/3934/4914 2855/3941/4915
f 2855/3941/4915 2858/3934/4914 2854/3942/4916
s 175
f 2850/3943/4917 2859/3933/4918 2851/3944/4919
f 2851/3944/4919 2859/3933/4918 2861/3932/4920
s 174
f 2856/3945/4921 2862/3935/4922 2855/3941/4915
f 2855/3941/4915 2862/3935/4922 2860/3931/4913
s 175
f 2851/3944/4919 2861/3932/4920 2852/3946/4923
f 2852/3946/4923 2861/3932/4920 2863/3936/4924
f 2863/3936/4924 2864/3938/4925 2852/3946/4923
f 2852/3946/4923 2864/3938/4925 2853/3947/4926
s 174
f 2857/3948/4927 2865/3937/4928 2856/3945/4921
f 2856/3945/4921 2865/3937/4928 2862/3935/4922
f 2873/3949/4929 2872/3939/4930 2857/3948/4927
f 2857/3948/4927 2872/3939/4930 2865/3937/4928
s 175
f 2864/3938/4925 2871/3940/4931 2853/3947/4926
f 2853/3947/4926 2871/3940/4931 2870/3950/4932
f 2866/3951/4933 2867/3952/4934 2850/3943/4917
f 2850/3943/4917 2867/3952/4934 2859/3933/4918
s 172
f 2858/3934/4905 2859/3933/4906 2868/3953/4935
f 2868/3953/4935 2859/3933/4906 2867/3952/4936
s 174
f 2858/3934/4914 2868/3953/4937 2854/3942/4916
f 2854/3942/4916 2868/3953/4937 2869/3954/4938
s 178
f 2884/3955/4939 2882/3956/4940 2885/3958/4941
f 2885/3958/4941 2882/3956/4940 2883/3957/4942
f 2886/3959/4943 2884/3955/4939 2887/3960/4944
f 2887/3960/4944 2884/3955/4939 2885/3958/4941
f 2887/3960/4944 2888/3961/4945 2886/3959/4943
f 2886/3959/4943 2888/3961/4945 2889/3962/4946
f 2872/3963/4947 2889/3962/4946 2871/3964/4948
f 2871/3964/4948 2889/3962/4946 2888/3961/4945
s 179
f 2878/3966/4949 2882/3956/4950 2879/3965/4951
f 2879/3965/4951 2882/3956/4950 2884/3955/4952
s 180
f 2874/3967/4953 2875/3968/4954 2883/3957/4955
f 2883/3957/4955 2875/3968/4954 2885/3958/4956
s 179
f 2880/3969/4957 2879/3965/4951 2886/3959/4958
f 2886/3959/4958 2879/3965/4951 2884/3955/4952
s 180
f 2875/3968/4954 2876/3970/4959 2885/3958/4956
f 2885/3958/4956 2876/3970/4959 2887/3960/4960
f 2877/3971/4961 2888/3961/4962 2876/3970/4959
f 2876/3970/4959 2888/3961/4962 2887/3960/4960
s 179
f 2881/3972/4963 2880/3969/4957 2889/3962/4964
f 2889/3962/4964 2880/3969/4957 2886/3959/4958
f 2873/3973/4965 2881/3972/4963 2872/3963/4966
f 2872/3963/4966 2881/3972/4963 2889/3962/4964
s 180
f 2870/3974/4967 2871/3964/4968 2877/3971/4961
f 2877/3971/4961 2871/3964/4968 2888/3961/4962
f 2866/3975/4969 2874/3967/4953 2867/3976/4970
f 2867/3976/4970 2874/3967/4953 2883/3957/4955
s 178
f 2882/3956/4940 2868/3977/4971 2883/3957/4942
f 2883/3957/4942 2868/3977/4971 2867/3976/4972
s 179
f 2869/3978/4973 2868/3977/4974 2878/3966/4949
f 2878/3966/4949 2868/3977/4974 2882/3956/4950
s 182
f 2896/3979/4975 2897/3980/4976 2890/3982/4977
f 2890/3982/4977 2897/3980/4976 2892/3981/4978
f 2891/3983/4979 2893/3984/4980 2895/3986/4981
f 2895/3986/4981 2893/3984/4980 2894/3985/4982
f 2898/3987/4983 2893/3984/4980 2891/3983/4979
f 2890/3982/4977 2892/3981/4978 2899/3988/4984
f 2901/3989/4985 2900/3990/4986 2891/3983/4979
f 2891/3983/4979 2900/3990/4986 2890/3982/4977
f 2891/3983/4979 2890/3982/4977 2898/3992/4983
f 2898/3992/4983 2890/3982/4977 2899/3991/4984
f 2891/3983/4979 2895/3986/4981 2901/3989/4985
f 2890/3982/4977 2900/3990/4986 2896/3979/4975
f 2893/3984/4980 2903/3993/4987 2894/3985/4982
f 2894/3985/4982 2903/3993/4987 2902/3994/4988
f 2904/3995/4989 2903/3993/4987 2898/3987/4983
f 2898/3987/4983 2903/3993/4987 2893/3984/4980
f 2898/3992/4983 2899/3991/4984 2904/3997/4989
f 2904/3997/4989 2899/3991/4984 2905/3996/4990
f 2899/3988/4984 2892/3981/4978 2905/3999/4990
f 2905/3999/4990 2892/3981/4978 2906/3998/4991
f 2907/4000/4992 2906/3998/4991 2897/3980/4976
f 2897/3980/4976 2906/3998/4991 2892/3981/4978
s 185
f 2895/4001/4993 2894/4002/4994 2908/4004/4995
f 2908/4004/4995 2894/4002/4994 2902/4003/4996
s 186
f 2901/4005/4997 2895/4001/4998 2909/4006/4999
f 2909/4006/4999 2895/4001/4998 2908/4004/5000
s 187
f 2896/4008/5001 2910/4009/5002 2897/4007/5003
f 2897/4007/5003 2910/4009/5002 2907/4010/5004
s 188
f 2896/4008/5005 2900/4011/5006 2910/4009/5007
f 2910/4009/5007 2900/4011/5006 2911/4012/5008
s 189
f 2900/4011/5009 2901/4005/5010 2911/4012/5011
f 2911/4012/5011 2901/4005/5010 2909/4006/5012
s 190
f 2918/4013/5013 2912/4014/5014 2919/4016/5015
f 2919/4016/5015 2912/4014/5014 2914/4015/5016
f 2913/4017/5017 2917/4018/5018 2915/4020/5019
f 2915/4020/5019 2917/4018/5018 2916/4019/5020
f 2920/4021/5021 2913/4017/5017 2915/4020/5019
f 2912/4014/5014 2921/4022/5022 2914/4015/5016
f 2923/4023/5023 2913/4017/5017 2922/4024/5024
f 2922/4024/5024 2913/4017/5017 2912/4014/5014
f 2913/4017/5017 2920/4025/5021 2912/4014/5014
f 2912/4014/5014 2920/4025/5021 2921/4026/5022
f 2913/4017/5017 2923/4023/5023 2917/4018/5018
f 2912/4014/5014 2918/4013/5013 2922/4024/5024
f 2915/4020/5019 2916/4019/5020 2903/4028/5025
f 2903/4028/5025 2916/4019/5020 2902/4027/5026
f 2904/4029/5027 2920/4021/5021 2903/4028/5025
f 2903/4028/5025 2920/4021/5021 2915/4020/5019
f 2920/4025/5021 2904/4030/5027 2921/4026/5022
f 2921/4026/5022 2904/4030/5027 2905/4031/5028
f 2921/4022/5022 2905/4032/5028 2914/4015/5016
f 2914/4015/5016 2905/4032/5028 2906/4033/5029
f 2907/4034/5030 2919/4016/5015 2906/4033/5029
f 2906/4033/5029 2919/4016/5015 2914/4015/5016
s 192
f 2917/4035/5031 2908/4036/5032 2916/4038/5033
f 2916/4038/5033 2908/4036/5032 2902/4037/5034
s 193
f 2923/4039/5035 2909/4040/5036 2917/4035/5037
f 2917/4035/5037 2909/4040/5036 2908/4036/5038
s 194
f 2907/4042/5039 2910/4043/5040 2919/4041/5041
f 2919/4041/5041 2910/4043/5040 2918/4044/5042
s 195
f 2918/4044/5043 2910/4043/5044 2922/4046/5045
f 2922/4046/5045 2910/4043/5044 2911/4045/5046
s 196
f 2922/4046/5047 2911/4045/5048 2923/4039/5049
f 2923/4039/5049 2911/4045/5048 2909/4040/5050
s 197
f 2928/4048/5051 2925/4049/5052 2927/4047/5053
f 2927/4047/5053 2925/4049/5052 2929/4050/5054
f 2928/4048/5051 2927/4047/5053 2924/4051/5055
f 2924/4051/5055 2927/4047/5053 2926/4052/5056
s 198
f 2935/4054/5057 2931/4055/5058 2933/4053/5059
f 2933/4053/5059 2931/4055/5058 2934/4056/5060
f 2932/4058/5061 2933/4053/5059 2930/4057/5062
f 2930/4057/5062 2933/4053/5059 2934/4056/5060
f 2931/4055/5058 2935/4054/5057 2937/4060/5063
f 2937/4060/5063 2935/4054/5057 2941/4059/5064
s 199
f 2928/4048/5065 2924/4051/5066 2934/4056/5067
f 2934/4056/5067 2924/4051/5066 2930/4057/5068
s 200
f 2932/4061/5069 2926/4062/5070 2933/4064/5071
f 2933/4064/5071 2926/4062/5070 2927/4063/5072
s 199
f 2925/4049/5073 2928/4048/5065 2931/4055/5074
f 2931/4055/5074 2928/4048/5065 2934/4056/5067
s 200
f 2935/4065/5075 2929/4066/5076 2941/4068/5077
f 2941/4068/5077 2929/4066/5076 2947/4067/5078
s 199
f 2925/4049/5073 2931/4055/5074 2943/4069/5079
f 2943/4069/5079 2931/4055/5074 2937/4060/5080
s 200
f 2935/4065/5075 2933/4064/5071 2929/4066/5076
f 2929/4066/5076 2933/4064/5071 2927/4063/5072
s 198
f 2940/4071/5081 2937/4060/5063 2939/4070/5082
f 2939/4070/5082 2937/4060/5063 2941/4059/5064
f 2940/4071/5081 2939/4070/5082 2936/4072/5083
f 2936/4072/5083 2939/4070/5082 2938/4073/5084
s 197
f 2947/4075/5085 2943/4069/5086 2945/4074/5087
f 2945/4074/5087 2943/4069/5086 2946/4076/5088
f 2944/4078/5089 2945/4074/5087 2942/4077/5090
f 2942/4077/5090 2945/4074/5087 2946/4076/5088
f 2925/4049/5052 2943/4069/5086 2929/4050/5054
f 2929/4050/5054 2943/4069/5086 2947/4075/5085
s 199
f 2940/4071/5091 2936/4072/5092 2946/4076/5093
f 2946/4076/5093 2936/4072/5092 2942/4077/5094
s 200
f 2944/4079/5095 2938/4080/5096 2945/4082/5097
f 2945/4082/5097 2938/4080/5096 2939/4081/5098
s 199
f 2937/4060/5080 2940/4071/5091 2943/4069/5079
f 2943/4069/5079 2940/4071/5091 2946/4076/5093
s 200
f 2941/4068/5077 2947/4067/5078 2939/4081/5098
f 2939/4081/5098 2947/4067/5078 2945/4082/5097
s 205
f 2952/4084/5099 2949/4085/5100 2951/4083/5101
f 2951/4083/5101 2949/4085/5100 2953/4086/5102
f 2952/4084/5099 2951/4083/5101 2948/4087/5103
f 2948/4087/5103 2951/4083/5101 2950/4088/5104
s 206
f 2959/4090/5105 2955/4091/5106 2957/4089/5107
f 2957/4089/5107 2955/4091/5106 2958/4092/5108
f 2956/4094/5109 2957/4089/5107 2954/4093/5110
f 2954/4093/5110 2957/4089/5107 2958/4092/5108
f 2955/4091/5106 2959/4090/5105 2961/4096/5111
f 2961/4096/5111 2959/4090/5105 2965/4095/5112
s 207
f 2952/4084/5113 2948/4087/5114 2958/4092/5115
f 2958/4092/5115 2948/4087/5114 2954/4093/5116
s 208
f 2956/4097/5117 2950/4098/5118 2957/4100/5119
f 2957/4100/5119 2950/4098/5118 2951/4099/5120
s 207
f 2949/4085/5121 2952/4084/5113 2955/4091/5122
f 2955/4091/5122 2952/4084/5113 2958/4092/5115
s 208
f 2959/4101/5123 2953/4102/5124 2965/4104/5125
f 2965/4104/5125 2953/4102/5124 2971/4103/5126
s 207
f 2949/4085/5121 2955/4091/5122 2967/4105/5127
f 2967/4105/5127 2955/4091/5122 2961/4096/5128
s 208
f 2959/4101/5123 2957/4100/5119 2953/4102/5124
f 2953/4102/5124 2957/4100/5119 2951/4099/5120
s 206
f 2964/4107/5129 2961/4096/5111 2963/4106/5130
f 2963/4106/5130 2961/4096/5111 2965/4095/5112
f 2964/4107/5129 2963/4106/5130 2960/4108/5131
f 2960/4108/5131 2963/4106/5130 2962/4109/5132
s 205
f 2971/4111/5133 2967/4105/5134 2969/4110/5135
f 2969/4110/5135 2967/4105/5134 2970/4112/5136
f 2968/4114/5137 2969/4110/5135 2966/4113/5138
f 2966/4113/5138 2969/4110/5135 2970/4112/5136
f 2949/4085/5100 2967/4105/5134 2953/4086/5102
f 2953/4086/5102 2967/4105/5134 2971/4111/5133
s 207
f 2964/4107/5139 2960/4108/5140 2970/4112/5141
f 2970/4112/5141 2960/4108/5140 2966/4113/5142
s 208
f 2968/4115/5143 2962/4116/5144 2969/4118/5145
f 2969/4118/5145 2962/4116/5144 2963/4117/5146
s 207
f 2961/4096/5128 2964/4107/5139 2967/4105/5127
f 2967/4105/5127 2964/4107/5139 2970/4112/5141
s 208
f 2965/4104/5125 2971/4103/5126 2963/4117/5146
f 2963/4117/5146 2971/4103/5126 2969/4118/5145
s 213
f 2986/4119/5147 2987/4120/5148 2972/4122/5149
f 2972/4122/5149 2987/4120/5148 2978/4121/5150
f 2972/4122/5149 2973/4123/5151 2986/4119/5147
f 2986/4119/5147 2973/4123/5151 2985/4124/5152
f 2973/4123/5151 2981/4125/5153 2985/4124/5152
f 2985/4124/5152 2981/4125/5153 2984/4126/5154
f 2990/4127/5155 2991/4128/5156 2977/4130/5157
f 2977/4130/5157 2991/4128/5156 2982/4129/5158
f 2990/4127/5155 2977/4130/5157 2989/4131/5159
f 2989/4131/5159 2977/4130/5157 2976/4132/5160
f 2980/4133/5161 2988/4134/5162 2976/4132/5160
f 2976/4132/5160 2988/4134/5162 2989/4131/5159
f 2998/4135/5163 2999/4136/5164 2986/4119/5147
f 2986/4119/5147 2999/4136/5164 2987/4120/5148
f 2986/4119/5147 2985/4124/5152 2998/4135/5163
f 2998/4135/5163 2985/4124/5152 2997/4137/5165
f 2985/4124/5152 2984/4126/5154 2997/4137/5165
f 2997/4137/5165 2984/4126/5154 2996/4138/5166
f 2992/4140/5167 2991/4128/5156 2993/4139/5168
f 2993/4139/5168 2991/4128/5156 2990/4127/5155
f 2993/4139/5168 2990/4127/5155 2994/4141/5169
f 2994/4141/5169 2990/4127/5155 2989/4131/5159
f 2988/4134/5162 2995/4142/5170 2989/4131/5159
f 2989/4131/5159 2995/4142/5170 2994/4141/5169
f 2997/4137/5165 2996/4138/5166 2993/4139/5168
f 2993/4139/5168 2996/4138/5166 2992/4140/5167
f 2997/4137/5165 2993/4139/5168 2998/4135/5163
f 2998/4135/5163 2993/4139/5168 2994/4141/5169
f 2994/4141/5169 2995/4142/5170 2998/4135/5163
f 2998/4135/5163 2995/4142/5170 2999/4136/5164
s 218
f 2974/4143/5171 2975/4144/5172 3007/4146/5173
f 3007/4146/5173 2975/4144/5172 3006/4145/5174
s 219
f 3005/4148/5175 3006/4145/5176 2979/4147/5177
f 2979/4147/5177 3006/4145/5176 2975/4144/5178
s 220
f 3008/4149/5179 2983/4150/5180 3007/4146/5181
f 3007/4146/5181 2983/4150/5180 2974/4143/5182
s 213
f 3000/4151/5183 2978/4121/5150 3001/4152/5184
f 3001/4152/5184 2978/4121/5150 2987/4120/5148
f 3002/4153/5185 3001/4152/5184 2999/4136/5164
f 2999/4136/5164 3001/4152/5184 2987/4120/5148
f 3003/4154/5186 3002/4153/5185 2995/4142/5170
f 2995/4142/5170 3002/4153/5185 2999/4136/5164
f 3004/4155/5187 3003/4154/5186 2988/4134/5162
f 2988/4134/5162 3003/4154/5186 2995/4142/5170
f 3005/4156/5188 3004/4155/5187 2980/4133/5161
f 2980/4133/5161 3004/4155/5187 2988/4134/5162
s 219
f 3005/4148/5175 2980/4157/5189 3006/4145/5176
f 3006/4145/5176 2980/4157/5189 2976/4158/5190
s 218
f 3007/4146/5173 3006/4145/5174 2977/4159/5191
f 2977/4159/5191 3006/4145/5174 2976/4158/5192
s 220
f 3008/4149/5179 3007/4146/5181 2982/4160/5193
f 2982/4160/5193 3007/4146/5181 2977/4159/5194
s 213
f 2991/4128/5156 3009/4161/5195 2982/4129/5158
f 2982/4129/5158 3009/4161/5195 3008/4162/5196
f 2992/4140/5167 3010/4163/5197 2991/4128/5156
f 2991/4128/5156 3010/4163/5197 3009/4161/5195
f 2996/4138/5166 3011/4164/5198 2992/4140/5167
f 2992/4140/5167 3011/4164/5198 3010/4163/5197
f 2984/4126/5154 3012/4165/5199 2996/4138/5166
f 2996/4138/5166 3012/4165/5199 3011/4164/5198
f 2981/4125/5153 3013/4166/5200 2984/4126/5154
f 2984/4126/5154 3013/4166/5200 3012/4165/5199
s 221
f 3020/4167/5201 3014/4168/5202 3021/4170/5203
f 3021/4170/5203 3014/4168/5202 3016/4169/5204
f 3014/4168/5202 3020/4167/5201 3015/4172/5205
f 3015/4172/5205 3020/4167/5201 3019/4171/5206
f 3015/4172/5205 3019/4171/5206 3017/4174/5207
f 3017/4174/5207 3019/4171/5206 3018/4173/5208
f 3024/4175/5209 2974/4176/5210 3025/4178/5211
f 3025/4178/5211 2974/4176/5210 2983/4177/5212
f 2975/4180/5213 2974/4176/5210 3023/4179/5214
f 3023/4179/5214 2974/4176/5210 3024/4175/5209
f 2979/4181/5215 2975/4180/5213 3022/4182/5216
f 3022/4182/5216 2975/4180/5213 3023/4179/5214
f 3032/4183/5217 3020/4167/5201 3033/4184/5218
f 3033/4184/5218 3020/4167/5201 3021/4170/5203
f 3020/4167/5201 3032/4183/5217 3019/4171/5206
f 3019/4171/5206 3032/4183/5217 3031/4185/5219
f 3019/4171/5206 3031/4185/5219 3018/4173/5208
f 3018/4173/5208 3031/4185/5219 3030/4186/5220
f 3024/4175/5209 3025/4178/5211 3027/4187/5221
f 3027/4187/5221 3025/4178/5211 3026/4188/5222
f 3023/4179/5214 3024/4175/5209 3028/4189/5223
f 3028/4189/5223 3024/4175/5209 3027/4187/5221
f 3028/4189/5223 3029/4190/5224 3023/4179/5214
f 3023/4179/5214 3029/4190/5224 3022/4182/5216
f 3031/4185/5219 3027/4187/5221 3030/4186/5220
f 3030/4186/5220 3027/4187/5221 3026/4188/5222
f 3028/4189/5223 3027/4187/5221 3032/4183/5217
f 3032/4183/5217 3027/4187/5221 3031/4185/5219
f 3028/4189/5223 3032/4183/5217 3029/4190/5224
f 3029/4190/5224 3032/4183/5217 3033/4184/5218
f 3000/4191/5225 3001/4192/5226 3016/4169/5204
f 3016/4169/5204 3001/4192/5226 3021/4170/5203
f 3002/4193/5227 3033/4184/5218 3001/4192/5226
f 3001/4192/5226 3033/4184/5218 3021/4170/5203
f 3003/4194/5228 3029/4190/5224 3002/4193/5227
f 3002/4193/5227 3029/4190/5224 3033/4184/5218
f 3004/4195/5229 3022/4182/5216 3003/4194/5228
f 3003/4194/5228 3022/4182/5216 3029/4190/5224
f 3005/4196/5230 2979/4181/5215 3004/4195/5229
f 3004/4195/5229 2979/4181/5215 3022/4182/5216
f 3025/4178/5211 2983/4177/5212 3009/4198/5231
f 3009/4198/5231 2983/4177/5212 3008/4197/5232
f 3026/4188/5222 3025/4178/5211 3010/4199/5233
f 3010/4199/5233 3025/4178/5211 3009/4198/5231
f 3030/4186/5220 3026/4188/5222 3011/4200/5234
f 3011/4200/5234 3026/4188/5222 3010/4199/5233
f 3018/4173/5208 3030/4186/5220 3012/4201/5235
f 3012/4201/5235 3030/4186/5220 3011/4200/5234
f 3017/4174/5207 3018/4173/5208 3013/4202/5236
f 3013/4202/5236 3018/4173/5208 3012/4201/5235
g default
v -91.463745 -5.865021 -1.912515
v -91.659233 -3.457108 -4.904379
v -92.656166 8.823364 -4.904379
v -92.851654 11.231291 -1.912515
v -101.937271 -6.475563 -1.912515
v -102.131966 -4.077187 -4.904379
v -103.124969 8.154646 -4.904379
v -103.319702 10.553036 -1.912515
v -103.386429 11.586269 -2.277748
v -92.918396 12.264521 -2.277748
v -103.154083 8.606987 -5.851724
v -92.685287 9.275703 -5.851724
v -102.105392 -4.529705 -5.851699
v -91.632652 -3.909626 -5.851699
v -91.403282 -6.898666 -2.277723
v -101.876808 -7.509205 -2.277723
v -103.319702 10.553036 -0.000000
v -103.386429 11.586271 -0.000000
v -92.918396 12.264523 -0.000000
v -92.851654 11.231291 -0.000000
v -91.463745 -5.865021 -0.000000
v -91.403282 -6.898666 -0.000000
v -101.876808 -7.509205 -0.000000
v -101.937271 -6.475563 -0.000000
v -91.463745 -5.865021 1.912515
v -91.659233 -3.457108 4.904379
v -92.656166 8.823364 4.904379
v -92.851654 11.231291 1.912515
v -101.937271 -6.475563 1.912515
v -102.131966 -4.077187 4.904379
v -103.124969 8.154646 4.904379
v -103.319702 10.553036 1.912515
v -103.386429 11.586269 2.277748
v -92.918396 12.264521 2.277748
v -103.154083 8.606987 5.851724
v -92.685287 9.275703 5.851724
v -102.105392 -4.529705 5.851699
v -91.632652 -3.909626 5.851699
v -91.403282 -6.898666 2.277723
v -101.876808 -7.509205 2.277723
v -138.685608 8.261576 -1.912515
v -138.493515 5.895403 -4.904379
v -137.513855 -6.172112 -4.904379
v -137.321762 -8.538273 -1.912515
v -149.515930 -9.699053 -1.912515
v -149.721954 -7.332268 -4.904379
v -150.772583 4.738445 -4.904379
v -150.978607 7.105244 -1.912515
v -151.072006 8.097689 -2.260038
v -138.778946 9.254025 -2.260038
v -150.813644 5.174353 -5.810895
v -138.534546 6.331316 -5.810895
v -149.680511 -7.768137 -5.810893
v -137.472366 -6.607983 -5.810893
v -137.227310 -9.530621 -2.260036
v -149.421494 -10.691404 -2.260036
v -138.685608 8.261576 -0.000000
v -138.778946 9.254025 -0.000000
v -151.072006 8.097689 -0.000000
v -150.978607 7.105244 -0.000000
v -149.515930 -9.699053 -0.000000
v -149.421494 -10.691404 -0.000000
v -137.227310 -9.530621 -0.000000
v -137.321762 -8.538273 -0.000000
v -138.685608 8.261576 1.912515
v -138.493515 5.895403 4.904379
v -137.513855 -6.172112 4.904379
v -137.321762 -8.538273 1.912515
v -149.515930 -9.699053 1.912515
v -149.721954 -7.332268 4.904379
v -150.772583 4.738445 4.904379
v -150.978607 7.105244 1.912515
v -151.072006 8.097689 2.260038
v -138.778946 9.254025 2.260038
v -150.813644 5.174353 5.810895
v -138.534546 6.331316 5.810895
v -149.680511 -7.768137 5.810893
v -137.472366 -6.607983 5.810893
v -137.227310 -9.530621 2.260036
v -149.421494 -10.691404 2.260036
v -217.399200 0.857439 1.912515
v -217.117981 -1.512739 4.904379
v -215.683762 -13.600721 4.904379
v -215.402557 -15.970894 1.912515
v -230.174225 -1.071759 1.912515
v -229.858246 -3.417196 4.904379
v -228.246780 -15.379019 4.904379
v -227.930801 -17.724464 1.912515
v -230.322250 -0.089318 2.259033
v -217.547302 1.839871 2.259033
v -229.923126 -2.985708 5.808089
v -217.182846 -1.081251 5.808089
v -228.185928 -15.811069 5.808125
v -215.622940 -14.032764 5.808125
v -215.264496 -16.954742 2.259069
v -227.792755 -18.708317 2.259069
v -217.399231 0.857438 -0.000000
v -217.547302 1.839871 -0.000000
v -230.322281 -0.089321 -0.000000
v -230.174225 -1.071759 -0.000000
v -215.402542 -15.970890 -0.000000
v -215.264481 -16.954742 -0.000000
v -227.792725 -18.708313 -0.000000
v -227.930786 -17.724466 -0.000000
v -217.399200 0.857439 -1.912515
v -217.117981 -1.512739 -4.904379
v -215.683762 -13.600721 -4.904379
v -215.402557 -15.970894 -1.912515
v -230.174225 -1.071759 -1.912515
v -229.858246 -3.417196 -4.904379
v -228.246780 -15.379019 -4.904379
v -227.930801 -17.724464 -1.912515
v -230.322250 -0.089318 -2.259033
v -217.547302 1.839871 -2.259033
v -229.923126 -2.985708 -5.808089
v -217.182846 -1.081251 -5.808089
v -228.185928 -15.811069 -5.808125
v -215.622940 -14.032764 -5.808125
v -215.264496 -16.954742 -2.259069
v -227.792755 -18.708317 -2.259069
v -315.047058 -29.155739 -6.021531
v -316.923981 -17.865711 -6.021532
v -314.438568 -32.816231 -2.348155
v -317.532593 -14.205217 -2.348155
v -290.052826 -9.320897 -2.348198
v -289.432587 -13.068048 -6.021576
v -287.536835 -24.556381 -6.021575
v -286.924164 -28.258224 -2.348199
v -320.712311 -18.495520 -2.348166
v -318.835358 -29.785551 -2.348174
v -283.228607 -20.548595 -6.021559
v -284.067078 -15.467553 -6.021559
v -290.052826 -9.320902 0.000000
v -317.532593 -14.205217 0.000000
v -320.712311 -18.495520 0.000000
v -318.835358 -29.785551 0.000000
v -314.438568 -32.816231 0.000000
v -286.924164 -28.258224 0.000000
v -289.432587 -13.068053 0.000000
v -284.067047 -15.467563 0.000000
v -287.536835 -24.556377 0.000000
v -283.228607 -20.548599 0.000000
v -315.047058 -29.155739 6.021532
v -316.923981 -17.865711 6.021532
v -314.438568 -32.816231 2.348155
v -317.532593 -14.205217 2.348155
v -290.052826 -9.320897 2.348199
v -289.432587 -13.068048 6.021577
v -287.536835 -24.556381 6.021576
v -286.924164 -28.258224 2.348199
v -320.712311 -18.495520 2.348167
v -318.835358 -29.785551 2.348174
v -283.228607 -20.548595 6.021560
v -284.067078 -15.467553 6.021560
v -141.064774 8.941198 1.263708
v -142.748001 11.974764 1.263716
v -142.540146 8.821424 1.263711
v -142.626892 9.890055 1.263714
v -141.202515 10.638117 1.263711
v -143.403931 10.459402 1.263716
v -141.064774 8.941198 -1.263714
v -142.748001 11.974764 -1.263722
v -142.540146 8.821424 -1.263717
v -142.626892 9.890055 -1.263720
v -141.202515 10.638117 -1.263717
v -143.403931 10.459402 -1.263721
v -148.957230 8.300468 -1.263714
v -147.785339 11.565823 -1.263722
v -147.481857 8.420244 -1.263717
v -147.568604 9.488878 -1.263720
v -149.094971 9.997389 -1.263717
v -146.893570 10.176104 -1.263721
v -148.957230 8.300468 1.263708
v -147.785339 11.565823 1.263716
v -147.481857 8.420244 1.263711
v -147.568604 9.488878 1.263714
v -149.094971 9.997389 1.263711
v -146.893570 10.176104 1.263716
v -94.033432 12.174004 1.263708
v -95.716644 15.207567 1.263716
v -95.508797 12.054228 1.263711
v -95.595535 13.122858 1.263714
v -94.171173 13.870920 1.263711
v -96.372589 13.692205 1.263716
v -94.033432 12.174004 -1.263714
v -95.716644 15.207567 -1.263722
v -95.508797 12.054228 -1.263717
v -95.595535 13.122858 -1.263720
v -94.171173 13.870920 -1.263717
v -96.372589 13.692205 -1.263721
v -101.925880 11.533274 -1.263714
v -100.753990 14.798626 -1.263722
v -100.450508 11.653049 -1.263717
v -100.537262 12.721682 -1.263720
v -102.063629 13.230192 -1.263717
v -99.862236 13.408909 -1.263721
v -101.925880 11.533274 1.263708
v -100.753990 14.798626 1.263716
v -100.450508 11.653049 1.263711
v -100.537262 12.721682 1.263714
v -102.063629 13.230192 1.263711
v -99.862236 13.408909 1.263716
v -288.341278 -24.827871 -4.904379
v -290.257874 -13.299520 -4.904379
v -35.042622 11.984753 4.904379
v -34.667618 -1.102661 4.904379
v -34.667614 -1.102665 -4.904379
v -35.042625 11.984749 -4.904379
v -287.965485 -27.088322 -1.912515
v -34.594070 -3.668812 1.912516
v -34.594070 -3.668812 -1.912515
v -290.633667 -11.039058 -1.912515
v -35.116131 14.550900 -1.912515
v -35.116131 14.550900 1.912515
v -253.566727 -4.604319 -1.912515
v -253.187073 -6.904470 -4.904379
v -251.250946 -18.635283 -4.904379
v -250.871323 -20.935431 -1.912515
v -91.463799 -5.865025 -1.912515
v -91.659248 -3.457111 -4.904379
v -92.656219 8.823360 -4.904379
v -92.851692 11.231287 -1.912515
v -138.685608 8.261572 -1.912515
v -138.493515 5.895401 -4.904379
v -137.513855 -6.172112 -4.904379
v -137.321777 -8.538273 -1.912515
v -217.399231 0.857436 -1.912515
v -217.118011 -1.512741 -4.904379
v -215.683762 -13.600716 -4.904379
v -215.402573 -15.970894 -1.912515
v -287.965485 -27.088322 -0.000000
v -250.871323 -20.935431 -0.000000
v -215.402573 -15.970894 -0.000000
v -137.321777 -8.538273 -0.000000
v -91.463799 -5.865025 -0.000000
v -34.594070 -3.668812 -0.000000
v -34.667618 -1.102661 0.000000
v -35.042622 11.984753 -0.000001
v -35.116131 14.550900 -0.000000
v -92.851692 11.231287 -0.000000
v -138.685608 8.261572 -0.000000
v -217.399231 0.857436 -0.000000
v -253.566727 -4.604319 -0.000000
v -290.633667 -11.039058 -0.000000
v -288.341278 -24.827871 4.904379
v -290.257874 -13.299520 4.904379
v -287.965485 -27.088322 1.912515
v -290.633667 -11.039058 1.912515
v -253.566727 -4.604319 1.912515
v -253.187073 -6.904470 4.904379
v -251.250946 -18.635283 4.904379
v -250.871323 -20.935431 1.912515
v -91.463799 -5.865025 1.912515
v -91.659248 -3.457111 4.904379
v -92.656219 8.823360 4.904379
v -92.851692 11.231287 1.912515
v -138.685608 8.261572 1.912515
v -138.493515 5.895401 4.904379
v -137.513855 -6.172112 4.904379
v -137.321777 -8.538273 1.912515
v -217.399231 0.857436 1.912515
v -217.118011 -1.512741 4.904379
v -215.683762 -13.600716 4.904379
v -215.402573 -15.970894 1.912515
vt 0.604321 0.216971
vt 0.603389 0.280213
vt 0.577006 0.217275
vt 0.575789 0.279315
vt 0.497785 0.217272
vt 0.496293 0.279316
vt 0.468951 0.279565
vt 0.470215 0.216313
vt 0.602836 0.211093
vt 0.601583 0.286055
vt 0.575855 0.211638
vt 0.574631 0.284853
vt 0.498943 0.211735
vt 0.497446 0.284953
vt 0.470429 0.285441
vt 0.472029 0.210470
vt 0.615819 0.209388
vt 0.457435 0.287100
vt 0.457366 0.214444
vt 0.459454 0.208177
vt 0.455224 0.280719
vt 0.616605 0.282030
vt 0.614170 0.288306
vt 0.618047 0.215760
vt 0.604321 0.216971
vt 0.618047 0.215760
vt 0.616605 0.282030
vt 0.603389 0.280213
vt 0.577006 0.217275
vt 0.575789 0.279315
vt 0.497785 0.217272
vt 0.496293 0.279316
vt 0.468951 0.279565
vt 0.470215 0.216313
vt 0.457366 0.214444
vt 0.455224 0.280719
vt 0.602836 0.211093
vt 0.615819 0.209388
vt 0.614170 0.288306
vt 0.601583 0.286055
vt 0.575855 0.211638
vt 0.574631 0.284853
vt 0.498943 0.211735
vt 0.497446 0.284953
vt 0.470429 0.285441
vt 0.472029 0.210470
vt 0.459454 0.208177
vt 0.457435 0.287100
vt 0.547419 0.125551
vt 0.574928 0.124725
vt 0.575197 0.199623
vt 0.548217 0.198745
vt 0.469191 0.125972
vt 0.470163 0.198745
vt 0.442700 0.199628
vt 0.442168 0.125369
vt 0.546310 0.120151
vt 0.573331 0.119078
vt 0.573507 0.205268
vt 0.547022 0.204063
vt 0.470347 0.120646
vt 0.471253 0.204152
vt 0.444377 0.205281
vt 0.443720 0.119711
vt 0.586159 0.207257
vt 0.588406 0.201152
vt 0.588533 0.123284
vt 0.586268 0.117168
vt 0.430813 0.117867
vt 0.428569 0.123999
vt 0.429479 0.201187
vt 0.431693 0.207282
vt 0.547419 0.125551
vt 0.574928 0.124725
vt 0.575197 0.199623
vt 0.548217 0.198745
vt 0.469191 0.125972
vt 0.470163 0.198745
vt 0.442700 0.199628
vt 0.442168 0.125369
vt 0.546310 0.120151
vt 0.573331 0.119078
vt 0.573507 0.205268
vt 0.547022 0.204063
vt 0.470347 0.120646
vt 0.471253 0.204152
vt 0.444377 0.205281
vt 0.443720 0.119711
vt 0.586159 0.207257
vt 0.588406 0.201152
vt 0.588533 0.123284
vt 0.586268 0.117168
vt 0.430813 0.117867
vt 0.428569 0.123999
vt 0.429479 0.201187
vt 0.431693 0.207282
vt 0.546646 0.029577
vt 0.574113 0.028352
vt 0.575771 0.106293
vt 0.548723 0.105613
vt 0.468767 0.030693
vt 0.470218 0.105613
vt 0.442674 0.106476
vt 0.441798 0.030124
vt 0.428569 0.028726
vt 0.429087 0.108012
vt 0.545488 0.024230
vt 0.572437 0.022771
vt 0.574132 0.111893
vt 0.547545 0.110887
vt 0.469883 0.025401
vt 0.471316 0.110980
vt 0.444294 0.112075
vt 0.443413 0.024502
vt 0.430742 0.022650
vt 0.431383 0.114061
vt 0.586840 0.113685
vt 0.589007 0.107596
vt 0.587689 0.026693
vt 0.585332 0.020665
vt 0.546646 0.029577
vt 0.574113 0.028352
vt 0.575771 0.106293
vt 0.548723 0.105613
vt 0.468767 0.030693
vt 0.470218 0.105613
vt 0.442674 0.106476
vt 0.441798 0.030124
vt 0.428569 0.028726
vt 0.429087 0.108012
vt 0.545488 0.024230
vt 0.572437 0.022771
vt 0.574132 0.111893
vt 0.547545 0.110887
vt 0.469883 0.025401
vt 0.471316 0.110980
vt 0.444294 0.112075
vt 0.443413 0.024502
vt 0.430742 0.022650
vt 0.431383 0.114061
vt 0.586840 0.113685
vt 0.589007 0.107596
vt 0.587689 0.026693
vt 0.585332 0.020665
vt 0.300683 0.233855
vt 0.269047 0.233952
vt 0.268911 0.066559
vt 0.300688 0.065972
vt 0.369999 0.065972
vt 0.400859 0.066516
vt 0.403035 0.233869
vt 0.370936 0.233976
vt 0.391044 0.040225
vt 0.278835 0.040350
vt 0.351347 0.263639
vt 0.320827 0.263360
vt 0.301090 0.034873
vt 0.369626 0.035162
vt 0.415284 0.067398
vt 0.417232 0.233623
vt 0.404924 0.036473
vt 0.301100 0.020978
vt 0.369629 0.021268
vt 0.255793 0.066718
vt 0.265597 0.036405
vt 0.254851 0.233934
vt 0.580937 0.288801
vt 0.603876 0.310986
vt 0.603876 0.325168
vt 0.580937 0.325168
vt 0.545440 0.288801
vt 0.545440 0.325168
vt 0.456140 0.310986
vt 0.478801 0.288801
vt 0.478801 0.325168
vt 0.456140 0.325168
vt 0.514338 0.288801
vt 0.514338 0.325168
vt 0.300683 0.233855
vt 0.269047 0.233952
vt 0.268911 0.066559
vt 0.300688 0.065972
vt 0.369999 0.065972
vt 0.400859 0.066516
vt 0.403035 0.233869
vt 0.370936 0.233976
vt 0.391044 0.040225
vt 0.278835 0.040350
vt 0.351347 0.263639
vt 0.320827 0.263360
vt 0.301090 0.034873
vt 0.369626 0.035162
vt 0.415284 0.067398
vt 0.417232 0.233623
vt 0.404924 0.036473
vt 0.301100 0.020878
vt 0.369629 0.021168
vt 0.255793 0.066718
vt 0.265597 0.036405
vt 0.254851 0.233934
vt 0.580937 0.288801
vt 0.603876 0.310986
vt 0.603876 0.325168
vt 0.580937 0.325168
vt 0.545440 0.288801
vt 0.545440 0.325168
vt 0.456140 0.310986
vt 0.478801 0.288801
vt 0.478801 0.325168
vt 0.456140 0.325168
vt 0.514338 0.288801
vt 0.514338 0.325168
vt 0.635738 0.164922
vt 0.623222 0.162288
vt 0.622870 0.158406
vt 0.634957 0.156835
vt 0.628752 0.177391
vt 0.637830 0.172108
vt 0.601653 0.164229
vt 0.602168 0.156588
vt 0.614343 0.158406
vt 0.614640 0.162383
vt 0.607888 0.176638
vt 0.599371 0.171550
vt 0.602940 0.131834
vt 0.614367 0.130157
vt 0.638412 0.081416
vt 0.638412 0.096681
vt 0.631937 0.096681
vt 0.631937 0.081416
vt 0.626119 0.081416
vt 0.626119 0.096681
vt 0.604974 0.096681
vt 0.604975 0.081416
vt 0.622920 0.130259
vt 0.602224 0.123251
vt 0.614739 0.122258
vt 0.609076 0.110893
vt 0.599314 0.116123
vt 0.635243 0.123772
vt 0.634351 0.132125
vt 0.622854 0.122218
vt 0.628300 0.111578
vt 0.638391 0.116875
vt 0.592681 0.096681
vt 0.592681 0.081416
vt 0.599157 0.081416
vt 0.599157 0.096681
vt 0.635738 0.164922
vt 0.623222 0.162288
vt 0.622870 0.158406
vt 0.634957 0.156835
vt 0.628752 0.177391
vt 0.637830 0.172108
vt 0.601653 0.164229
vt 0.602168 0.156588
vt 0.614343 0.158406
vt 0.614640 0.162383
vt 0.607888 0.176638
vt 0.599371 0.171550
vt 0.602940 0.131834
vt 0.614367 0.130157
vt 0.638412 0.081416
vt 0.638412 0.096681
vt 0.631937 0.096681
vt 0.631937 0.081416
vt 0.626119 0.081416
vt 0.626119 0.096681
vt 0.604974 0.096681
vt 0.604975 0.081416
vt 0.622920 0.130259
vt 0.602224 0.123251
vt 0.614739 0.122258
vt 0.609076 0.110893
vt 0.599314 0.116123
vt 0.635243 0.123772
vt 0.634351 0.132125
vt 0.622854 0.122218
vt 0.628300 0.111578
vt 0.638391 0.116875
vt 0.592681 0.096681
vt 0.592681 0.081416
vt 0.599157 0.081416
vt 0.599157 0.096681
vt 0.151930 0.179687
vt 0.138269 0.179782
vt 0.138369 0.040421
vt 0.151930 0.040422
vt 0.193683 0.040403
vt 0.194543 0.179115
vt 0.207164 0.040359
vt 0.208072 0.178972
vt 0.196117 0.772764
vt 0.209871 0.772437
vt 0.212995 0.985901
vt 0.198873 0.985850
vt 0.151930 0.774163
vt 0.151930 0.985280
vt 0.137759 0.985160
vt 0.138085 0.774446
vt 0.151930 0.313020
vt 0.138160 0.313097
vt 0.195614 0.312678
vt 0.209274 0.312596
vt 0.195377 0.603903
vt 0.209028 0.603897
vt 0.151930 0.603905
vt 0.138181 0.603901
vt 0.348179 0.333503
vt 0.270223 0.333503
vt 0.270223 0.304163
vt 0.348179 0.304163
vt 0.254938 0.315604
vt 0.254938 0.304163
vt 0.363464 0.304163
vt 0.363464 0.315604
vt 0.134195 0.040416
vt 0.132185 0.179777
vt 0.131270 0.313095
vt 0.131291 0.603898
vt 0.131196 0.774438
vt 0.130884 0.985148
vt 0.254938 0.292721
vt 0.270223 0.274822
vt 0.348179 0.274822
vt 0.363464 0.292721
vt 0.216707 0.772362
vt 0.219843 0.985795
vt 0.215859 0.603889
vt 0.216096 0.312580
vt 0.214890 0.178915
vt 0.211688 0.040308
vt 0.151930 0.179687
vt 0.151930 0.040422
vt 0.138369 0.040421
vt 0.138269 0.179782
vt 0.194543 0.179115
vt 0.193683 0.040403
vt 0.208072 0.178972
vt 0.207164 0.040359
vt 0.196117 0.772764
vt 0.198873 0.985850
vt 0.212995 0.985901
vt 0.209871 0.772437
vt 0.151930 0.774163
vt 0.151930 0.985280
vt 0.137759 0.985160
vt 0.138085 0.774446
vt 0.151930 0.313020
vt 0.138160 0.313097
vt 0.195614 0.312678
vt 0.209274 0.312596
vt 0.195377 0.603903
vt 0.209028 0.603897
vt 0.151930 0.603905
vt 0.138181 0.603901
vt 0.134195 0.040416
vt 0.132185 0.179777
vt 0.131270 0.313095
vt 0.131291 0.603898
vt 0.131196 0.774438
vt 0.130884 0.985148
vt 0.219843 0.985795
vt 0.216707 0.772362
vt 0.215859 0.603889
vt 0.216096 0.312580
vt 0.214890 0.178915
vt 0.211688 0.040308
vn -0.057609 0.889129 -0.454016
vn -0.064657 0.997908 -0.000001
vn -0.057167 0.887952 -0.456370
vn -0.064657 0.997908 -0.000001
vn -0.014076 0.218065 -0.975833
vn -0.013569 0.212422 -0.977084
vn 0.012542 -0.211819 -0.977228
vn 0.012774 -0.218230 -0.975814
vn 0.051827 -0.889070 -0.454828
vn 0.052154 -0.888404 -0.456090
vn 0.058195 -0.998305 0.000000
vn 0.058195 -0.998305 0.000000
vn -0.997921 -0.064450 0.000000
vn -0.997921 -0.064448 0.000000
vn -0.997746 -0.066776 -0.006600
vn -0.997713 -0.067343 -0.005728
vn 0.997921 0.064451 0.000000
vn 0.997745 0.066787 0.006615
vn 0.997921 0.064457 -0.000000
vn 0.997712 0.067359 0.005736
vn -0.996956 -0.077715 -0.006234
vn -0.996949 -0.077781 -0.006501
vn 0.996883 0.078568 0.007121
vn 0.996888 0.078600 0.006002
vn -0.996930 -0.077715 0.009513
vn -0.996935 -0.077793 0.008311
vn 0.996999 0.076936 -0.008638
vn 0.996989 0.077035 -0.008825
vn 0.998061 0.061586 -0.009052
vn 0.998022 0.062382 -0.007825
vn -0.998062 -0.061577 0.009014
vn -0.998022 -0.062373 0.007801
vn -0.998295 -0.058377 0.000000
vn -0.998294 -0.058389 0.000000
vn 0.998294 0.058392 0.000000
vn 0.998294 0.058396 0.000000
vn -0.057609 0.889129 0.454016
vn -0.057167 0.887952 0.456370
vn -0.064657 0.997908 0.000001
vn -0.064657 0.997908 0.000001
vn -0.013569 0.212422 0.977084
vn -0.014076 0.218065 0.975833
vn 0.012774 -0.218230 0.975814
vn 0.012542 -0.211819 0.977228
vn 0.052154 -0.888404 0.456090
vn 0.051827 -0.889070 0.454828
vn 0.058195 -0.998305 0.000000
vn 0.058195 -0.998305 0.000000
vn -0.997713 -0.067343 0.005728
vn -0.997921 -0.064448 -0.000000
vn -0.997746 -0.066776 0.006600
vn -0.997921 -0.064450 0.000000
vn 0.997921 0.064451 0.000000
vn 0.997921 0.064456 0.000000
vn 0.997746 0.066785 -0.006615
vn 0.997713 0.067356 -0.005736
vn -0.996949 -0.077781 0.006501
vn -0.996956 -0.077715 0.006234
vn 0.996883 0.078567 -0.007121
vn 0.996888 0.078599 -0.006002
vn -0.996930 -0.077717 -0.009513
vn -0.996935 -0.077795 -0.008311
vn 0.996999 0.076935 0.008638
vn 0.996989 0.077035 0.008825
vn 0.998022 0.062382 0.007825
vn 0.998061 0.061586 0.009052
vn -0.998061 -0.061582 -0.009014
vn -0.998022 -0.062378 -0.007801
vn -0.998295 -0.058377 0.000000
vn -0.998294 -0.058389 0.000000
vn 0.998294 0.058396 0.000000
vn 0.998294 0.058392 0.000000
vn -0.020359 0.216078 -0.976164
vn -0.083654 0.888622 -0.450947
vn -0.020605 0.218967 -0.975515
vn -0.083634 0.889115 -0.449977
vn 0.020718 -0.217726 -0.975790
vn 0.020350 -0.214137 -0.976592
vn 0.084494 -0.888326 -0.451373
vn 0.084606 -0.888794 -0.450430
vn -0.995686 -0.092742 0.002777
vn -0.995709 -0.092509 0.002426
vn -0.996115 -0.088026 0.002710
vn -0.996117 -0.087996 0.002803
vn 0.995758 0.091875 -0.005058
vn 0.996556 0.082736 -0.005510
vn 0.995800 0.091451 -0.004415
vn 0.996563 0.082701 -0.004739
vn -0.996127 -0.087861 -0.003420
vn -0.996130 -0.087837 -0.002974
vn 0.996498 0.083444 0.005367
vn 0.996502 0.083382 0.005515
vn 0.995665 0.092853 0.005502
vn 0.995712 0.092386 0.004800
vn -0.995602 -0.093631 -0.003191
vn -0.995628 -0.093364 -0.002780
vn 0.995609 0.093612 0.000000
vn 0.995607 0.093628 0.000000
vn -0.093651 0.995605 0.000000
vn -0.093651 0.995605 0.000000
vn -0.995603 -0.093676 0.000000
vn -0.995602 -0.093689 0.000000
vn -0.995506 -0.094700 0.000000
vn -0.995505 -0.094714 0.000000
vn 0.094763 -0.995500 0.000000
vn 0.094763 -0.995500 0.000000
vn 0.995503 0.094732 0.000000
vn 0.995502 0.094739 0.000000
vn -0.020359 0.216078 0.976164
vn -0.020605 0.218967 0.975515
vn -0.083654 0.888622 0.450947
vn -0.083634 0.889115 0.449977
vn 0.020718 -0.217726 0.975790
vn 0.020350 -0.214137 0.976592
vn 0.084494 -0.888326 0.451373
vn 0.084606 -0.888794 0.450429
vn -0.996117 -0.087997 -0.002803
vn -0.995709 -0.092509 -0.002426
vn -0.996115 -0.088027 -0.002710
vn -0.995686 -0.092742 -0.002777
vn 0.995758 0.091870 0.005058
vn 0.995800 0.091447 0.004415
vn 0.996556 0.082736 0.005510
vn 0.996563 0.082702 0.004739
vn -0.996127 -0.087860 0.003420
vn -0.996131 -0.087835 0.002974
vn 0.996498 0.083444 -0.005367
vn 0.996502 0.083382 -0.005515
vn 0.995712 0.092386 -0.004800
vn 0.995665 0.092853 -0.005502
vn -0.995601 -0.093637 0.003191
vn -0.995628 -0.093370 0.002780
vn 0.995609 0.093612 0.000000
vn 0.995607 0.093625 0.000000
vn -0.093651 0.995605 0.000000
vn -0.093651 0.995605 0.000000
vn -0.995602 -0.093689 0.000000
vn -0.995603 -0.093676 0.000000
vn -0.995506 -0.094700 0.000000
vn -0.995504 -0.094718 0.000000
vn 0.094763 -0.995500 0.000000
vn 0.094763 -0.995500 0.000000
vn 0.995502 0.094739 0.000000
vn 0.995503 0.094732 0.000000
vn -0.032028 0.214260 0.976252
vn -0.033079 0.219528 0.975045
vn -0.132675 0.882844 0.450537
vn -0.133310 0.882771 0.450493
vn 0.030416 -0.216759 0.975751
vn 0.029805 -0.210559 0.977127
vn 0.124249 -0.882915 0.452796
vn 0.123832 -0.884705 0.449403
vn 0.138618 -0.990346 0.000000
vn 0.138618 -0.990346 0.000001
vn -0.990685 -0.136037 -0.006173
vn -0.989224 -0.146313 -0.005376
vn -0.990674 -0.136116 -0.006108
vn -0.989141 -0.146842 -0.006170
vn 0.989393 0.144720 0.012550
vn 0.989566 0.143663 0.010925
vn 0.992411 0.122236 0.013348
vn 0.992444 0.122133 0.011752
vn -0.990934 -0.134328 0.002581
vn -0.990934 -0.134334 0.002028
vn 0.992502 0.121960 -0.008162
vn 0.992508 0.121881 -0.008525
vn 0.990773 0.135327 -0.007418
vn 0.990669 0.136025 -0.008489
vn -0.990403 -0.138193 0.002163
vn -0.990426 -0.138029 0.001911
vn -0.990298 -0.138963 -0.000008
vn -0.990298 -0.138960 -0.000010
vn 0.990298 0.138964 0.000008
vn 0.990298 0.138962 0.000008
vn 0.988831 0.149043 -0.000016
vn 0.988829 0.149053 -0.000010
vn -0.149320 0.988789 0.000001
vn -0.149321 0.988789 0.000000
vn -0.988833 -0.149025 0.000005
vn -0.988831 -0.149042 0.000000
vn -0.032028 0.214260 -0.976252
vn -0.132675 0.882844 -0.450537
vn -0.033079 0.219528 -0.975045
vn -0.133310 0.882771 -0.450493
vn 0.030416 -0.216759 -0.975751
vn 0.029805 -0.210559 -0.977127
vn 0.124249 -0.882915 -0.452796
vn 0.123832 -0.884705 -0.449402
vn 0.138618 -0.990346 0.000000
vn 0.138618 -0.990346 -0.000001
vn -0.989141 -0.146842 0.006170
vn -0.989224 -0.146313 0.005376
vn -0.990674 -0.136116 0.006108
vn -0.990685 -0.136037 0.006173
vn 0.989392 0.144725 -0.012550
vn 0.992411 0.122238 -0.013348
vn 0.989566 0.143668 -0.010925
vn 0.992444 0.122135 -0.011751
vn -0.990934 -0.134327 -0.002581
vn -0.990934 -0.134332 -0.002028
vn 0.992502 0.121959 0.008162
vn 0.992508 0.121880 0.008525
vn 0.990669 0.136025 0.008489
vn 0.990773 0.135327 0.007418
vn -0.990402 -0.138202 -0.002163
vn -0.990425 -0.138037 -0.001911
vn -0.990298 -0.138963 0.000008
vn -0.990297 -0.138964 0.000010
vn 0.990298 0.138962 -0.000008
vn 0.990298 0.138964 -0.000008
vn 0.988831 0.149043 0.000016
vn 0.988829 0.149055 0.000010
vn -0.149320 0.988789 -0.000001
vn -0.149321 0.988789 0.000000
vn -0.988831 -0.149042 0.000000
vn -0.988833 -0.149025 -0.000005
vn 0.062096 -0.371425 -0.926384
vn 0.139424 -0.837481 -0.528382
vn -0.060929 -0.224785 -0.972502
vn 0.058782 -0.854071 -0.516824
vn -0.136368 0.198845 -0.970497
vn -0.226818 0.824659 -0.518161
vn -0.065390 0.368672 -0.927257
vn -0.148108 0.833272 -0.532655
vn -0.855871 0.036637 -0.515890
vn -0.797980 -0.311587 -0.515889
vn -0.000001 -0.000001 -1.000000
vn -0.000001 0.000001 -1.000000
vn -0.286683 0.958026 0.000000
vn -0.174999 0.984569 0.000001
vn -0.996522 0.083328 0.000000
vn -0.915959 -0.401271 0.000000
vn 0.047807 -0.998857 0.000000
vn 0.163432 -0.986555 0.000000
vn 0.986576 0.163303 0.000000
vn 0.986576 0.163302 0.000000
vn 0.986576 0.163302 0.000000
vn 0.986577 0.163298 0.000000
vn 0.408246 0.912872 -0.000001
vn 0.408245 0.912873 0.000000
vn 0.408245 0.912873 0.000000
vn 0.408243 0.912873 0.000001
vn 0.986580 0.163281 0.000000
vn 0.986579 0.163283 0.000000
vn 0.986579 0.163283 0.000000
vn 0.986578 0.163288 0.000000
vn 0.681115 -0.732176 0.000001
vn 0.681114 -0.732177 0.000000
vn 0.681114 -0.732177 -0.000000
vn 0.681113 -0.732178 -0.000001
vn 0.986657 0.162815 0.000000
vn 0.986656 0.162819 -0.000002
vn 0.986656 0.162819 -0.000003
vn 0.986655 0.162823 -0.000005
vn 0.062096 -0.371424 0.926385
vn -0.060929 -0.224785 0.972502
vn 0.139424 -0.837480 0.528382
vn 0.058782 -0.854071 0.516825
vn -0.136368 0.198845 0.970497
vn -0.065390 0.368672 0.927257
vn -0.226818 0.824659 0.518161
vn -0.148109 0.833272 0.532656
vn -0.855871 0.036637 0.515890
vn -0.797980 -0.311587 0.515889
vn -0.000001 -0.000001 1.000000
vn -0.000001 0.000001 1.000000
vn -0.286682 0.958026 -0.000000
vn -0.174999 0.984569 -0.000001
vn -0.996522 0.083329 0.000000
vn -0.915959 -0.401271 0.000000
vn 0.047807 -0.998857 0.000000
vn 0.163432 -0.986555 0.000000
vn 0.986578 0.163292 -0.000000
vn 0.986578 0.163293 -0.000000
vn 0.986578 0.163294 -0.000000
vn 0.986577 0.163298 -0.000000
vn 0.408247 0.912872 0.000001
vn 0.408245 0.912872 -0.000000
vn 0.408245 0.912872 0.000000
vn 0.408243 0.912873 -0.000001
vn 0.986579 0.163288 0.000000
vn 0.986578 0.163291 0.000000
vn 0.986578 0.163291 0.000000
vn 0.986578 0.163292 0.000000
vn 0.681115 -0.732177 -0.000001
vn 0.681116 -0.732176 0.000000
vn 0.681116 -0.732176 -0.000000
vn 0.681117 -0.732175 0.000001
vn 0.986658 0.162807 -0.000000
vn 0.986656 0.162816 0.000003
vn 0.986657 0.162814 0.000002
vn 0.986655 0.162823 0.000005
vn 0.000003 -0.000001 1.000000
vn 0.000001 -0.000000 1.000000
vn 0.000002 -0.000001 1.000000
vn 0.000000 -0.000000 1.000000
vn 0.000003 -0.000002 1.000000
vn 0.000002 -0.000003 1.000000
vn 0.000000 -0.000000 -1.000000
vn 0.000001 -0.000000 -1.000000
vn 0.000002 -0.000001 -1.000000
vn 0.000003 -0.000001 -1.000000
vn 0.000002 -0.000003 -1.000000
vn 0.000003 -0.000002 -1.000000
vn -0.000001 -0.000000 -1.000000
vn -0.000000 -0.000000 -1.000000
vn 0.874408 0.485192 0.000000
vn 0.996721 0.080911 0.000000
vn 0.874415 0.485179 0.000000
vn 0.996723 0.080891 0.000000
vn -0.996721 -0.080918 0.000000
vn -0.996722 -0.080909 0.000000
vn -0.884542 -0.466460 0.000000
vn -0.884539 -0.466466 0.000000
vn 0.139549 0.990215 0.000000
vn 0.139549 0.990215 0.000000
vn -0.066893 -0.997760 0.000000
vn -0.066891 -0.997760 0.000000
vn 0.226958 -0.973905 0.000000
vn 0.226954 -0.973906 0.000000
vn -0.297445 0.954739 0.000000
vn -0.297445 0.954739 0.000000
vn -0.000002 -0.000001 -1.000000
vn -0.000002 -0.000002 -1.000000
vn -0.000002 -0.000002 -1.000000
vn -0.000002 -0.000003 -1.000000
vn -0.000000 -0.000000 1.000000
vn -0.000001 -0.000000 1.000000
vn -0.000002 -0.000002 1.000000
vn -0.000002 -0.000001 1.000000
vn -0.000002 -0.000003 1.000000
vn -0.000002 -0.000002 1.000000
vn -0.941224 0.337782 0.000000
vn -0.996721 -0.080912 0.000000
vn -0.941219 0.337796 0.000000
vn -0.996723 -0.080895 0.000000
vn 0.996722 0.080907 0.000000
vn 0.996722 0.080906 0.000000
vn 0.948191 -0.317701 0.000000
vn 0.948197 -0.317682 0.000000
vn 0.000003 -0.000001 1.000000
vn 0.000001 -0.000000 1.000000
vn 0.000002 -0.000001 1.000000
vn 0.000000 -0.000000 1.000000
vn 0.000003 -0.000002 1.000000
vn 0.000002 -0.000003 1.000000
vn 0.000000 -0.000000 -1.000000
vn 0.000001 -0.000000 -1.000000
vn 0.000002 -0.000001 -1.000000
vn 0.000003 -0.000001 -1.000000
vn 0.000002 -0.000003 -1.000000
vn 0.000003 -0.000002 -1.000000
vn -0.000001 -0.000000 -1.000000
vn -0.000000 -0.000000 -1.000000
vn 0.874414 0.485180 0.000000
vn 0.996722 0.080902 0.000000
vn 0.874415 0.485180 0.000000
vn 0.996722 0.080904 0.000000
vn -0.996722 -0.080902 0.000000
vn -0.996722 -0.080905 0.000000
vn -0.884539 -0.466467 0.000000
vn -0.884539 -0.466467 0.000000
vn 0.139549 0.990215 0.000000
vn 0.139549 0.990215 0.000000
vn -0.066892 -0.997760 0.000000
vn -0.066893 -0.997760 0.000000
vn 0.226956 -0.973905 0.000000
vn 0.226956 -0.973905 0.000000
vn -0.297444 0.954739 0.000000
vn -0.297445 0.954739 0.000000
vn -0.000002 -0.000001 -1.000000
vn -0.000002 -0.000002 -1.000000
vn -0.000002 -0.000002 -1.000000
vn -0.000002 -0.000003 -1.000000
vn -0.000000 -0.000000 1.000000
vn -0.000001 -0.000000 1.000000
vn -0.000002 -0.000002 1.000000
vn -0.000002 -0.000001 1.000000
vn -0.000002 -0.000003 1.000000
vn -0.000002 -0.000002 1.000000
vn -0.941221 0.337793 0.000000
vn -0.996721 -0.080911 0.000000
vn -0.941221 0.337791 0.000000
vn -0.996721 -0.080915 0.000000
vn 0.996722 0.080902 0.000000
vn 0.996721 0.080922 0.000000
vn 0.948199 -0.317677 0.000000
vn 0.948200 -0.317675 0.000000
vn 0.031001 -0.201468 -0.979004
vn 0.136989 -0.892493 -0.429757
vn 0.034275 -0.206546 -0.977836
vn 0.148251 -0.893767 -0.423323
vn -0.035317 0.204727 -0.978182
vn -0.033254 0.205714 -0.978047
vn -0.154361 0.892387 -0.424050
vn -0.144495 0.891766 -0.428805
vn -0.011766 0.200022 -0.979721
vn -0.053433 0.895569 -0.441702
vn -0.011179 0.194796 -0.980780
vn -0.050912 0.885471 -0.461898
vn 0.009563 -0.195120 -0.980733
vn 0.007177 -0.185286 -0.982659
vn 0.034177 -0.885006 -0.464323
vn 0.043160 -0.895408 -0.443150
vn 0.021426 -0.195312 -0.980507
vn 0.097788 -0.893271 -0.438753
vn -0.022934 0.204567 -0.978584
vn -0.100207 0.894362 -0.435977
vn -0.074749 0.897362 -0.434920
vn -0.017040 0.204648 -0.978687
vn 0.016257 -0.198709 -0.979924
vn 0.073215 -0.896539 -0.436872
vn 0.999590 0.028642 0.000000
vn 0.999590 0.028642 0.000000
vn 0.999590 0.028642 -0.000000
vn 0.999590 0.028642 0.000000
vn 0.999590 0.028649 0.000000
vn 0.999590 0.028649 0.000000
vn 0.999590 0.028648 0.000000
vn 0.999590 0.028647 0.000000
vn 0.999590 0.028634 0.000000
vn 0.999590 0.028635 0.000000
vn 0.999590 0.028634 -0.000000
vn 0.999590 0.028635 0.000000
vn 0.163636 -0.986521 0.000000
vn 0.151444 -0.988466 0.000000
vn 0.108533 -0.994093 0.000000
vn 0.081269 -0.996692 0.000000
vn 0.047348 -0.998879 0.000000
vn 0.038590 -0.999255 0.000000
vn 0.999590 0.028650 0.000001
vn 0.999590 0.028650 0.000001
vn 0.999590 0.028642 -0.000000
vn 0.999590 0.028642 0.000001
vn 0.999590 0.028632 -0.000001
vn 0.999590 0.028632 -0.000001
vn -0.060614 0.998161 0.000000
vn -0.057402 0.998351 0.000000
vn -0.083005 0.996549 0.000000
vn -0.111297 0.993787 0.000000
vn -0.160342 0.987062 0.000000
vn -0.171040 0.985264 0.000000
vn 0.031001 -0.201468 0.979004
vn 0.034275 -0.206546 0.977836
vn 0.136989 -0.892493 0.429757
vn 0.148251 -0.893767 0.423323
vn -0.035317 0.204727 0.978182
vn -0.033254 0.205714 0.978047
vn -0.154361 0.892387 0.424049
vn -0.144495 0.891766 0.428805
vn -0.011766 0.200022 0.979721
vn -0.011179 0.194797 0.980780
vn -0.053433 0.895569 0.441702
vn -0.050912 0.885471 0.461897
vn 0.007177 -0.185286 0.982659
vn 0.009563 -0.195120 0.980733
vn 0.034177 -0.885006 0.464324
vn 0.043160 -0.895408 0.443150
vn 0.021426 -0.195312 0.980507
vn 0.097788 -0.893271 0.438753
vn -0.022934 0.204567 0.978584
vn -0.100207 0.894362 0.435977
vn -0.017040 0.204648 0.978687
vn -0.074749 0.897362 0.434920
vn 0.016257 -0.198709 0.979924
vn 0.073215 -0.896539 0.436872
vn 0.163636 -0.986521 0.000000
vn 0.151444 -0.988466 0.000000
vn 0.108533 -0.994093 0.000000
vn 0.081269 -0.996692 0.000000
vn 0.047348 -0.998879 0.000000
vn 0.038590 -0.999255 0.000000
vn -0.060614 0.998161 0.000000
vn -0.057402 0.998351 0.000000
vn -0.083005 0.996549 0.000000
vn -0.111297 0.993787 0.000000
vn -0.160342 0.987062 0.000000
vn -0.171040 0.985264 0.000000
s 1
g sheath
f 3042/4203/5237 3051/4226/5238 3043/4204/5239
f 3043/4204/5239 3051/4226/5238 3052/4224/5240
f 3042/4203/5237 3043/4204/5239 3044/4205/5241
f 3044/4205/5241 3043/4204/5239 3045/4206/5242
f 3044/4205/5241 3045/4206/5242 3046/4207/5243
f 3046/4207/5243 3045/4206/5242 3047/4208/5244
f 3048/4209/5245 3049/4210/5246 3047/4208/5244
f 3047/4208/5244 3049/4210/5246 3046/4207/5243
f 3056/4221/5247 3049/4210/5246 3055/4223/5248
f 3055/4223/5248 3049/4210/5246 3048/4209/5245
s 3
f 3050/4219/5249 3051/4226/5250 3041/4211/5251
f 3041/4211/5251 3051/4226/5250 3042/4203/5252
s 4
f 3053/4225/5253 3037/4212/5254 3052/4224/5255
f 3052/4224/5255 3037/4212/5254 3043/4204/5256
s 3
f 3041/4211/5251 3042/4203/5252 3040/4213/5257
f 3040/4213/5257 3042/4203/5252 3044/4205/5258
s 4
f 3037/4212/5254 3036/4214/5259 3043/4204/5256
f 3043/4204/5256 3036/4214/5259 3045/4206/5260
s 3
f 3039/4215/5261 3040/4213/5257 3046/4207/5262
f 3046/4207/5262 3040/4213/5257 3044/4205/5258
s 4
f 3036/4214/5259 3035/4216/5263 3045/4206/5260
f 3045/4206/5260 3035/4216/5263 3047/4208/5264
f 3034/4217/5265 3048/4209/5266 3035/4216/5263
f 3035/4216/5263 3048/4209/5266 3047/4208/5264
s 3
f 3038/4218/5267 3039/4215/5261 3049/4210/5268
f 3049/4210/5268 3039/4215/5261 3046/4207/5262
f 3057/4222/5269 3038/4218/5267 3056/4221/5270
f 3056/4221/5270 3038/4218/5267 3049/4210/5268
s 4
f 3054/4220/5271 3055/4223/5272 3034/4217/5265
f 3034/4217/5265 3055/4223/5272 3048/4209/5266
s 6
f 3066/4227/5273 3067/4230/5274 3051/4228/5275
f 3051/4228/5275 3067/4230/5274 3052/4229/5276
f 3069/4232/5277 3067/4230/5274 3068/4231/5278
f 3068/4231/5278 3067/4230/5274 3066/4227/5273
f 3071/4234/5279 3069/4232/5277 3070/4233/5280
f 3070/4233/5280 3069/4232/5277 3068/4231/5278
f 3070/4233/5280 3073/4236/5281 3071/4234/5279
f 3071/4234/5279 3073/4236/5281 3072/4235/5282
f 3056/4237/5283 3055/4238/5284 3073/4236/5281
f 3073/4236/5281 3055/4238/5284 3072/4235/5282
s 7
f 3066/4227/5285 3051/4228/5286 3065/4239/5287
f 3065/4239/5287 3051/4228/5286 3050/4240/5288
s 8
f 3053/4241/5289 3052/4229/5290 3061/4242/5291
f 3061/4242/5291 3052/4229/5290 3067/4230/5292
s 7
f 3068/4231/5293 3066/4227/5285 3064/4243/5294
f 3064/4243/5294 3066/4227/5285 3065/4239/5287
s 8
f 3061/4242/5291 3067/4230/5292 3060/4244/5295
f 3060/4244/5295 3067/4230/5292 3069/4232/5296
s 7
f 3063/4245/5297 3070/4233/5298 3064/4243/5294
f 3064/4243/5294 3070/4233/5298 3068/4231/5293
s 8
f 3060/4244/5295 3069/4232/5296 3059/4246/5299
f 3059/4246/5299 3069/4232/5296 3071/4234/5300
f 3071/4234/5300 3072/4235/5301 3059/4246/5299
f 3059/4246/5299 3072/4235/5301 3058/4247/5302
s 7
f 3062/4248/5303 3073/4236/5304 3063/4245/5297
f 3063/4245/5297 3073/4236/5304 3070/4233/5298
f 3057/4249/5305 3056/4237/5306 3062/4248/5303
f 3062/4248/5303 3056/4237/5306 3073/4236/5304
s 8
f 3072/4235/5301 3055/4238/5307 3058/4247/5302
f 3058/4247/5302 3055/4238/5307 3054/4250/5308
s 11
f 3084/4251/5309 3082/4252/5310 3085/4254/5311
f 3085/4254/5311 3082/4252/5310 3083/4253/5312
f 3086/4255/5313 3084/4251/5309 3087/4256/5314
f 3087/4256/5314 3084/4251/5309 3085/4254/5311
f 3087/4256/5314 3088/4257/5315 3086/4255/5313
f 3086/4255/5313 3088/4257/5315 3089/4258/5316
s 12
f 3081/4260/5317 3082/4252/5318 3080/4259/5319
f 3080/4259/5319 3082/4252/5318 3084/4251/5320
s 13
f 3074/4261/5321 3075/4262/5322 3083/4253/5323
f 3083/4253/5323 3075/4262/5322 3085/4254/5324
s 12
f 3079/4263/5325 3080/4259/5319 3086/4255/5326
f 3086/4255/5326 3080/4259/5319 3084/4251/5320
s 13
f 3075/4262/5322 3076/4264/5327 3085/4254/5324
f 3085/4254/5324 3076/4264/5327 3087/4256/5328
f 3077/4265/5329 3088/4257/5330 3076/4264/5327
f 3076/4264/5327 3088/4257/5330 3087/4256/5328
s 12
f 3078/4266/5331 3079/4263/5325 3089/4258/5332
f 3089/4258/5332 3079/4263/5325 3086/4255/5326
s 13
f 3090/4267/5333 3074/4261/5321 3091/4268/5334
f 3091/4268/5334 3074/4261/5321 3083/4253/5323
s 11
f 3082/4252/5310 3092/4269/5335 3083/4253/5312
f 3083/4253/5312 3092/4269/5335 3091/4268/5336
s 12
f 3093/4270/5337 3092/4269/5338 3081/4260/5317
f 3081/4260/5317 3092/4269/5338 3082/4252/5318
f 3094/4271/5339 3078/4266/5331 3095/4272/5340
f 3095/4272/5340 3078/4266/5331 3089/4258/5332
s 11
f 3096/4273/5341 3095/4272/5342 3088/4257/5315
f 3088/4257/5315 3095/4272/5342 3089/4258/5316
s 13
f 3097/4274/5343 3096/4273/5344 3077/4265/5329
f 3077/4265/5329 3096/4273/5344 3088/4257/5330
s 15
f 3108/4275/5345 3109/4278/5346 3106/4276/5347
f 3106/4276/5347 3109/4278/5346 3107/4277/5348
f 3110/4279/5349 3111/4280/5350 3108/4275/5345
f 3108/4275/5345 3111/4280/5350 3109/4278/5346
f 3111/4280/5350 3110/4279/5349 3112/4281/5351
f 3112/4281/5351 3110/4279/5349 3113/4282/5352
s 17
f 3108/4275/5353 3106/4276/5354 3104/4283/5355
f 3104/4283/5355 3106/4276/5354 3105/4284/5356
s 18
f 3098/4285/5357 3107/4277/5358 3099/4286/5359
f 3099/4286/5359 3107/4277/5358 3109/4278/5360
s 17
f 3103/4287/5361 3110/4279/5362 3104/4283/5355
f 3104/4283/5355 3110/4279/5362 3108/4275/5353
s 18
f 3099/4286/5359 3109/4278/5360 3100/4288/5363
f 3100/4288/5363 3109/4278/5360 3111/4280/5364
f 3111/4280/5364 3112/4281/5365 3100/4288/5363
f 3100/4288/5363 3112/4281/5365 3101/4289/5366
s 17
f 3102/4290/5367 3113/4282/5368 3103/4287/5361
f 3103/4287/5361 3113/4282/5368 3110/4279/5362
s 18
f 3090/4291/5369 3091/4292/5370 3098/4285/5357
f 3098/4285/5357 3091/4292/5370 3107/4277/5358
s 15
f 3106/4276/5347 3107/4277/5348 3092/4293/5371
f 3092/4293/5371 3107/4277/5348 3091/4292/5372
s 17
f 3106/4276/5354 3092/4293/5373 3105/4284/5356
f 3105/4284/5356 3092/4293/5373 3093/4294/5374
f 3094/4295/5375 3095/4296/5376 3102/4290/5367
f 3102/4290/5367 3095/4296/5376 3113/4282/5368
s 15
f 3096/4297/5377 3112/4281/5351 3095/4296/5378
f 3095/4296/5378 3112/4281/5351 3113/4282/5352
s 18
f 3112/4281/5365 3096/4297/5379 3101/4289/5366
f 3101/4289/5366 3096/4297/5379 3097/4298/5380
s 21
f 3124/4299/5381 3125/4302/5382 3122/4300/5383
f 3122/4300/5383 3125/4302/5382 3123/4301/5384
f 3126/4303/5385 3127/4304/5386 3124/4299/5381
f 3124/4299/5381 3127/4304/5386 3125/4302/5382
f 3127/4304/5386 3126/4303/5385 3128/4305/5387
f 3128/4305/5387 3126/4303/5385 3129/4306/5388
f 3136/4307/5389 3135/4308/5390 3129/4306/5388
f 3129/4306/5388 3135/4308/5390 3128/4305/5387
s 23
f 3124/4299/5391 3122/4300/5392 3119/4309/5393
f 3119/4309/5393 3122/4300/5392 3118/4310/5394
s 24
f 3114/4311/5395 3123/4301/5396 3115/4312/5397
f 3115/4312/5397 3123/4301/5396 3125/4302/5398
s 23
f 3120/4313/5399 3126/4303/5400 3119/4309/5393
f 3119/4309/5393 3126/4303/5400 3124/4299/5391
s 24
f 3115/4312/5397 3125/4302/5398 3116/4314/5401
f 3116/4314/5401 3125/4302/5398 3127/4304/5402
f 3127/4304/5402 3128/4305/5403 3116/4314/5401
f 3116/4314/5401 3128/4305/5403 3117/4315/5404
s 23
f 3121/4316/5405 3129/4306/5406 3120/4313/5399
f 3120/4313/5399 3129/4306/5406 3126/4303/5400
f 3137/4317/5407 3136/4307/5408 3121/4316/5405
f 3121/4316/5405 3136/4307/5408 3129/4306/5406
s 24
f 3128/4305/5403 3135/4308/5409 3117/4315/5404
f 3117/4315/5404 3135/4308/5409 3134/4318/5410
f 3130/4319/5411 3131/4320/5412 3114/4311/5395
f 3114/4311/5395 3131/4320/5412 3123/4301/5396
s 21
f 3122/4300/5383 3123/4301/5384 3132/4321/5413
f 3132/4321/5413 3123/4301/5384 3131/4320/5414
s 23
f 3122/4300/5392 3132/4321/5415 3118/4310/5394
f 3118/4310/5394 3132/4321/5415 3133/4322/5416
s 27
f 3148/4323/5417 3146/4324/5418 3149/4326/5419
f 3149/4326/5419 3146/4324/5418 3147/4325/5420
f 3150/4327/5421 3148/4323/5417 3151/4328/5422
f 3151/4328/5422 3148/4323/5417 3149/4326/5419
f 3151/4328/5422 3152/4329/5423 3150/4327/5421
f 3150/4327/5421 3152/4329/5423 3153/4330/5424
f 3136/4331/5425 3153/4330/5424 3135/4332/5426
f 3135/4332/5426 3153/4330/5424 3152/4329/5423
s 28
f 3142/4334/5427 3146/4324/5428 3143/4333/5429
f 3143/4333/5429 3146/4324/5428 3148/4323/5430
s 29
f 3138/4335/5431 3139/4336/5432 3147/4325/5433
f 3147/4325/5433 3139/4336/5432 3149/4326/5434
s 28
f 3144/4337/5435 3143/4333/5429 3150/4327/5436
f 3150/4327/5436 3143/4333/5429 3148/4323/5430
s 29
f 3139/4336/5432 3140/4338/5437 3149/4326/5434
f 3149/4326/5434 3140/4338/5437 3151/4328/5438
f 3141/4339/5439 3152/4329/5440 3140/4338/5437
f 3140/4338/5437 3152/4329/5440 3151/4328/5438
s 28
f 3145/4340/5441 3144/4337/5435 3153/4330/5442
f 3153/4330/5442 3144/4337/5435 3150/4327/5436
f 3137/4341/5443 3145/4340/5441 3136/4331/5444
f 3136/4331/5444 3145/4340/5441 3153/4330/5442
s 29
f 3134/4342/5445 3135/4332/5446 3141/4339/5439
f 3141/4339/5439 3135/4332/5446 3152/4329/5440
f 3130/4343/5447 3138/4335/5431 3131/4344/5448
f 3131/4344/5448 3138/4335/5431 3147/4325/5433
s 27
f 3146/4324/5418 3132/4345/5449 3147/4325/5420
f 3147/4325/5420 3132/4345/5449 3131/4344/5450
s 28
f 3133/4346/5451 3132/4345/5452 3142/4334/5427
f 3142/4334/5427 3132/4345/5452 3146/4324/5428
s 31
f 3160/4347/5453 3161/4348/5454 3154/4350/5455
f 3154/4350/5455 3161/4348/5454 3156/4349/5456
f 3155/4351/5457 3157/4352/5458 3159/4354/5459
f 3159/4354/5459 3157/4352/5458 3158/4353/5460
f 3162/4355/5461 3157/4352/5458 3155/4351/5457
f 3154/4350/5455 3156/4349/5456 3163/4356/5462
f 3165/4357/5463 3164/4358/5464 3155/4351/5457
f 3155/4351/5457 3164/4358/5464 3154/4350/5455
f 3155/4351/5457 3154/4350/5455 3162/4360/5461
f 3162/4360/5461 3154/4350/5455 3163/4359/5462
f 3155/4351/5457 3159/4354/5459 3165/4357/5463
f 3154/4350/5455 3164/4358/5464 3160/4347/5453
f 3157/4352/5458 3167/4361/5465 3158/4353/5460
f 3158/4353/5460 3167/4361/5465 3166/4362/5466
f 3168/4363/5467 3167/4361/5465 3162/4355/5461
f 3162/4355/5461 3167/4361/5465 3157/4352/5458
f 3162/4360/5461 3163/4359/5462 3168/4365/5467
f 3168/4365/5467 3163/4359/5462 3169/4364/5468
f 3163/4356/5462 3156/4349/5456 3169/4367/5468
f 3169/4367/5468 3156/4349/5456 3170/4366/5469
f 3171/4368/5470 3170/4366/5469 3161/4348/5454
f 3161/4348/5454 3170/4366/5469 3156/4349/5456
s 34
f 3159/4369/5471 3158/4370/5472 3172/4372/5473
f 3172/4372/5473 3158/4370/5472 3166/4371/5474
s 35
f 3165/4373/5475 3159/4369/5476 3173/4374/5477
f 3173/4374/5477 3159/4369/5476 3172/4372/5478
s 36
f 3160/4376/5479 3174/4377/5480 3161/4375/5481
f 3161/4375/5481 3174/4377/5480 3171/4378/5482
s 37
f 3160/4376/5483 3164/4379/5484 3174/4377/5485
f 3174/4377/5485 3164/4379/5484 3175/4380/5486
s 38
f 3164/4379/5487 3165/4373/5488 3175/4380/5489
f 3175/4380/5489 3165/4373/5488 3173/4374/5490
s 39
f 3182/4381/5491 3176/4384/5492 3183/4382/5493
f 3183/4382/5493 3176/4384/5492 3178/4383/5494
f 3177/4385/5495 3181/4388/5496 3179/4386/5497
f 3179/4386/5497 3181/4388/5496 3180/4387/5498
f 3184/4389/5499 3177/4385/5495 3179/4386/5497
f 3176/4384/5492 3185/4390/5500 3178/4383/5494
f 3187/4391/5501 3177/4385/5495 3186/4392/5502
f 3186/4392/5502 3177/4385/5495 3176/4384/5492
f 3177/4385/5495 3184/4394/5499 3176/4384/5492
f 3176/4384/5492 3184/4394/5499 3185/4393/5500
f 3177/4385/5495 3187/4391/5501 3181/4388/5496
f 3176/4384/5492 3182/4381/5491 3186/4392/5502
f 3179/4386/5497 3180/4387/5498 3167/4395/5503
f 3167/4395/5503 3180/4387/5498 3166/4396/5504
f 3168/4397/5505 3184/4389/5499 3167/4395/5503
f 3167/4395/5503 3184/4389/5499 3179/4386/5497
f 3184/4394/5499 3168/4399/5505 3185/4393/5500
f 3185/4393/5500 3168/4399/5505 3169/4398/5506
f 3185/4390/5500 3169/4401/5506 3178/4383/5494
f 3178/4383/5494 3169/4401/5506 3170/4400/5507
f 3171/4402/5508 3183/4382/5493 3170/4400/5507
f 3170/4400/5507 3183/4382/5493 3178/4383/5494
s 41
f 3181/4403/5509 3172/4406/5510 3180/4404/5511
f 3180/4404/5511 3172/4406/5510 3166/4405/5512
s 42
f 3187/4407/5513 3173/4408/5514 3181/4403/5515
f 3181/4403/5515 3173/4408/5514 3172/4406/5516
s 43
f 3171/4412/5517 3174/4411/5518 3183/4409/5519
f 3183/4409/5519 3174/4411/5518 3182/4410/5520
s 44
f 3182/4410/5521 3174/4411/5522 3186/4413/5523
f 3186/4413/5523 3174/4411/5522 3175/4414/5524
s 45
f 3186/4413/5525 3175/4414/5526 3187/4407/5527
f 3187/4407/5527 3175/4414/5526 3173/4408/5528
s 46
f 3192/4416/5529 3189/4417/5530 3191/4415/5531
f 3191/4415/5531 3189/4417/5530 3193/4418/5532
f 3192/4416/5529 3191/4415/5531 3188/4419/5533
f 3188/4419/5533 3191/4415/5531 3190/4420/5534
s 47
f 3199/4422/5535 3195/4423/5536 3197/4421/5537
f 3197/4421/5537 3195/4423/5536 3198/4424/5538
f 3196/4426/5539 3197/4421/5537 3194/4425/5540
f 3194/4425/5540 3197/4421/5537 3198/4424/5538
f 3195/4423/5536 3199/4422/5535 3201/4428/5541
f 3201/4428/5541 3199/4422/5535 3205/4427/5542
s 48
f 3192/4416/5543 3188/4419/5544 3198/4424/5545
f 3198/4424/5545 3188/4419/5544 3194/4425/5546
s 49
f 3196/4429/5547 3190/4430/5548 3197/4432/5549
f 3197/4432/5549 3190/4430/5548 3191/4431/5550
s 48
f 3189/4417/5551 3192/4416/5543 3195/4423/5552
f 3195/4423/5552 3192/4416/5543 3198/4424/5545
s 49
f 3199/4433/5553 3193/4434/5554 3205/4436/5555
f 3205/4436/5555 3193/4434/5554 3211/4435/5556
s 48
f 3189/4417/5551 3195/4423/5552 3207/4437/5557
f 3207/4437/5557 3195/4423/5552 3201/4428/5558
s 49
f 3199/4433/5553 3197/4432/5549 3193/4434/5554
f 3193/4434/5554 3197/4432/5549 3191/4431/5550
s 47
f 3204/4439/5559 3201/4428/5541 3203/4438/5560
f 3203/4438/5560 3201/4428/5541 3205/4427/5542
f 3204/4439/5559 3203/4438/5560 3200/4440/5561
f 3200/4440/5561 3203/4438/5560 3202/4441/5562
s 46
f 3211/4443/5563 3207/4437/5564 3209/4442/5565
f 3209/4442/5565 3207/4437/5564 3210/4444/5566
f 3208/4446/5567 3209/4442/5565 3206/4445/5568
f 3206/4445/5568 3209/4442/5565 3210/4444/5566
f 3189/4417/5530 3207/4437/5564 3193/4418/5532
f 3193/4418/5532 3207/4437/5564 3211/4443/5563
s 48
f 3204/4439/5569 3200/4440/5570 3210/4444/5571
f 3210/4444/5571 3200/4440/5570 3206/4445/5572
s 49
f 3208/4447/5573 3202/4448/5574 3209/4450/5575
f 3209/4450/5575 3202/4448/5574 3203/4449/5576
s 48
f 3201/4428/5558 3204/4439/5569 3207/4437/5557
f 3207/4437/5557 3204/4439/5569 3210/4444/5571
s 49
f 3205/4436/5555 3211/4435/5556 3203/4449/5576
f 3203/4449/5576 3211/4435/5556 3209/4450/5575
s 54
f 3216/4452/5577 3213/4453/5578 3215/4451/5579
f 3215/4451/5579 3213/4453/5578 3217/4454/5580
f 3216/4452/5577 3215/4451/5579 3212/4455/5581
f 3212/4455/5581 3215/4451/5579 3214/4456/5582
s 55
f 3223/4458/5583 3219/4459/5584 3221/4457/5585
f 3221/4457/5585 3219/4459/5584 3222/4460/5586
f 3220/4462/5587 3221/4457/5585 3218/4461/5588
f 3218/4461/5588 3221/4457/5585 3222/4460/5586
f 3219/4459/5584 3223/4458/5583 3225/4464/5589
f 3225/4464/5589 3223/4458/5583 3229/4463/5590
s 56
f 3216/4452/5591 3212/4455/5592 3222/4460/5593
f 3222/4460/5593 3212/4455/5592 3218/4461/5594
s 57
f 3220/4465/5595 3214/4466/5596 3221/4468/5597
f 3221/4468/5597 3214/4466/5596 3215/4467/5598
s 56
f 3213/4453/5599 3216/4452/5591 3219/4459/5600
f 3219/4459/5600 3216/4452/5591 3222/4460/5593
s 57
f 3223/4469/5601 3217/4470/5602 3229/4472/5603
f 3229/4472/5603 3217/4470/5602 3235/4471/5604
s 56
f 3213/4453/5599 3219/4459/5600 3231/4473/5605
f 3231/4473/5605 3219/4459/5600 3225/4464/5606
s 57
f 3223/4469/5601 3221/4468/5597 3217/4470/5602
f 3217/4470/5602 3221/4468/5597 3215/4467/5598
s 55
f 3228/4475/5607 3225/4464/5589 3227/4474/5608
f 3227/4474/5608 3225/4464/5589 3229/4463/5590
f 3228/4475/5607 3227/4474/5608 3224/4476/5609
f 3224/4476/5609 3227/4474/5608 3226/4477/5610
s 54
f 3235/4479/5611 3231/4473/5612 3233/4478/5613
f 3233/4478/5613 3231/4473/5612 3234/4480/5614
f 3232/4482/5615 3233/4478/5613 3230/4481/5616
f 3230/4481/5616 3233/4478/5613 3234/4480/5614
f 3213/4453/5578 3231/4473/5612 3217/4454/5580
f 3217/4454/5580 3231/4473/5612 3235/4479/5611
s 56
f 3228/4475/5617 3224/4476/5618 3234/4480/5619
f 3234/4480/5619 3224/4476/5618 3230/4481/5620
s 57
f 3232/4483/5621 3226/4484/5622 3233/4486/5623
f 3233/4486/5623 3226/4484/5622 3227/4485/5624
s 56
f 3225/4464/5606 3228/4475/5617 3231/4473/5605
f 3231/4473/5605 3228/4475/5617 3234/4480/5619
s 57
f 3229/4472/5603 3235/4471/5604 3227/4485/5624
f 3227/4485/5624 3235/4471/5604 3233/4486/5623
s 62
f 3250/4487/5625 3251/4488/5626 3236/4490/5627
f 3236/4490/5627 3251/4488/5626 3242/4489/5628
f 3236/4490/5627 3237/4491/5629 3250/4487/5625
f 3250/4487/5625 3237/4491/5629 3249/4492/5630
f 3237/4491/5629 3245/4493/5631 3249/4492/5630
f 3249/4492/5630 3245/4493/5631 3248/4494/5632
f 3254/4495/5633 3255/4496/5634 3241/4498/5635
f 3241/4498/5635 3255/4496/5634 3246/4497/5636
f 3254/4495/5633 3241/4498/5635 3253/4499/5637
f 3253/4499/5637 3241/4498/5635 3240/4500/5638
f 3244/4501/5639 3252/4502/5640 3240/4500/5638
f 3240/4500/5638 3252/4502/5640 3253/4499/5637
f 3262/4503/5641 3263/4504/5642 3250/4487/5625
f 3250/4487/5625 3263/4504/5642 3251/4488/5626
f 3250/4487/5625 3249/4492/5630 3262/4503/5641
f 3262/4503/5641 3249/4492/5630 3261/4505/5643
f 3249/4492/5630 3248/4494/5632 3261/4505/5643
f 3261/4505/5643 3248/4494/5632 3260/4506/5644
f 3256/4508/5645 3255/4496/5634 3257/4507/5646
f 3257/4507/5646 3255/4496/5634 3254/4495/5633
f 3257/4507/5646 3254/4495/5633 3258/4509/5647
f 3258/4509/5647 3254/4495/5633 3253/4499/5637
f 3252/4502/5640 3259/4510/5648 3253/4499/5637
f 3253/4499/5637 3259/4510/5648 3258/4509/5647
f 3261/4505/5643 3260/4506/5644 3257/4507/5646
f 3257/4507/5646 3260/4506/5644 3256/4508/5645
f 3261/4505/5643 3257/4507/5646 3262/4503/5641
f 3262/4503/5641 3257/4507/5646 3258/4509/5647
f 3258/4509/5647 3259/4510/5648 3262/4503/5641
f 3262/4503/5641 3259/4510/5648 3263/4504/5642
s 67
f 3238/4511/5649 3239/4512/5650 3271/4514/5651
f 3271/4514/5651 3239/4512/5650 3270/4513/5652
s 68
f 3269/4516/5653 3270/4513/5654 3243/4515/5655
f 3243/4515/5655 3270/4513/5654 3239/4512/5656
s 69
f 3272/4517/5657 3247/4518/5658 3271/4514/5659
f 3271/4514/5659 3247/4518/5658 3238/4511/5660
s 62
f 3264/4519/5661 3242/4489/5628 3265/4520/5662
f 3265/4520/5662 3242/4489/5628 3251/4488/5626
f 3266/4521/5663 3265/4520/5662 3263/4504/5642
f 3263/4504/5642 3265/4520/5662 3251/4488/5626
f 3267/4522/5664 3266/4521/5663 3259/4510/5648
f 3259/4510/5648 3266/4521/5663 3263/4504/5642
f 3268/4523/5665 3267/4522/5664 3252/4502/5640
f 3252/4502/5640 3267/4522/5664 3259/4510/5648
f 3269/4524/5666 3268/4523/5665 3244/4501/5639
f 3244/4501/5639 3268/4523/5665 3252/4502/5640
s 68
f 3269/4516/5653 3244/4525/5667 3270/4513/5654
f 3270/4513/5654 3244/4525/5667 3240/4526/5668
s 67
f 3271/4514/5651 3270/4513/5652 3241/4527/5669
f 3241/4527/5669 3270/4513/5652 3240/4526/5670
s 69
f 3272/4517/5657 3271/4514/5659 3246/4528/5671
f 3246/4528/5671 3271/4514/5659 3241/4527/5672
s 62
f 3255/4496/5634 3273/4529/5673 3246/4497/5636
f 3246/4497/5636 3273/4529/5673 3272/4530/5674
f 3256/4508/5645 3274/4531/5675 3255/4496/5634
f 3255/4496/5634 3274/4531/5675 3273/4529/5673
f 3260/4506/5644 3275/4532/5676 3256/4508/5645
f 3256/4508/5645 3275/4532/5676 3274/4531/5675
f 3248/4494/5632 3276/4533/5677 3260/4506/5644
f 3260/4506/5644 3276/4533/5677 3275/4532/5676
f 3245/4493/5631 3277/4534/5678 3248/4494/5632
f 3248/4494/5632 3277/4534/5678 3276/4533/5677
s 70
f 3284/4535/5679 3278/4536/5680 3285/4538/5681
f 3285/4538/5681 3278/4536/5680 3280/4537/5682
f 3278/4536/5680 3284/4535/5679 3279/4540/5683
f 3279/4540/5683 3284/4535/5679 3283/4539/5684
f 3279/4540/5683 3283/4539/5684 3281/4542/5685
f 3281/4542/5685 3283/4539/5684 3282/4541/5686
f 3288/4543/5687 3238/4544/5688 3289/4546/5689
f 3289/4546/5689 3238/4544/5688 3247/4545/5690
f 3239/4548/5691 3238/4544/5688 3287/4547/5692
f 3287/4547/5692 3238/4544/5688 3288/4543/5687
f 3243/4549/5693 3239/4548/5691 3286/4550/5694
f 3286/4550/5694 3239/4548/5691 3287/4547/5692
f 3296/4551/5695 3284/4535/5679 3297/4552/5696
f 3297/4552/5696 3284/4535/5679 3285/4538/5681
f 3284/4535/5679 3296/4551/5695 3283/4539/5684
f 3283/4539/5684 3296/4551/5695 3295/4553/5697
f 3283/4539/5684 3295/4553/5697 3282/4541/5686
f 3282/4541/5686 3295/4553/5697 3294/4554/5698
f 3288/4543/5687 3289/4546/5689 3291/4555/5699
f 3291/4555/5699 3289/4546/5689 3290/4556/5700
f 3287/4547/5692 3288/4543/5687 3292/4557/5701
f 3292/4557/5701 3288/4543/5687 3291/4555/5699
f 3292/4557/5701 3293/4558/5702 3287/4547/5692
f 3287/4547/5692 3293/4558/5702 3286/4550/5694
f 3295/4553/5697 3291/4555/5699 3294/4554/5698
f 3294/4554/5698 3291/4555/5699 3290/4556/5700
f 3292/4557/5701 3291/4555/5699 3296/4551/5695
f 3296/4551/5695 3291/4555/5699 3295/4553/5697
f 3292/4557/5701 3296/4551/5695 3293/4558/5702
f 3293/4558/5702 3296/4551/5695 3297/4552/5696
f 3264/4559/5703 3265/4560/5704 3280/4537/5682
f 3280/4537/5682 3265/4560/5704 3285/4538/5681
f 3266/4561/5705 3297/4552/5696 3265/4560/5704
f 3265/4560/5704 3297/4552/5696 3285/4538/5681
f 3267/4562/5706 3293/4558/5702 3266/4561/5705
f 3266/4561/5705 3293/4558/5702 3297/4552/5696
f 3268/4563/5707 3286/4550/5694 3267/4562/5706
f 3267/4562/5706 3286/4550/5694 3293/4558/5702
f 3269/4564/5708 3243/4549/5693 3268/4563/5707
f 3268/4563/5707 3243/4549/5693 3286/4550/5694
f 3289/4546/5689 3247/4545/5690 3273/4566/5709
f 3273/4566/5709 3247/4545/5690 3272/4565/5710
f 3290/4556/5700 3289/4546/5689 3274/4567/5711
f 3274/4567/5711 3289/4546/5689 3273/4566/5709
f 3294/4554/5698 3290/4556/5700 3275/4568/5712
f 3275/4568/5712 3290/4556/5700 3274/4567/5711
f 3282/4541/5686 3294/4554/5698 3276/4569/5713
f 3276/4569/5713 3294/4554/5698 3275/4568/5712
f 3281/4542/5685 3282/4541/5686 3277/4570/5714
f 3277/4570/5714 3282/4541/5686 3276/4569/5713
g default
v -33.183868 -18.158920 2.053722
v -33.434052 -16.024483 9.420999
v -33.719574 -7.167313 16.083532
v -34.071045 4.645409 18.458618
v -21.414246 -17.821693 2.053725
v -21.286682 -15.676430 9.421011
v -21.508789 -6.817444 16.083515
v -21.834259 4.996025 18.458614
v -33.342163 -13.849106 0.867169
v -21.503021 -13.509880 0.867172
v -33.898834 -11.882545 6.352071
v -21.059814 -11.514679 6.352068
v -34.047943 -5.046555 11.312027
v -21.302368 -4.681358 11.312014
v -34.309723 4.638565 13.217418
v -21.595551 5.002861 13.217418
v -34.491058 27.463127 2.053721
v -34.618622 25.317879 9.420999
v -34.396515 16.458885 16.083532
v -22.721436 27.800354 2.053728
v -22.471252 25.665932 9.421011
v -22.185730 16.808754 16.083515
v -34.402313 23.151314 0.867171
v -22.563171 23.490540 0.867174
v -34.845490 21.156113 6.352071
v -22.006470 21.523987 6.352068
v -34.602936 14.322792 11.312027
v -21.857361 14.687988 11.312014
v -34.061920 32.391556 11.628686
v -33.682800 20.738785 20.276522
v -23.432098 32.696129 11.628690
v -23.143372 21.040764 20.276522
v -33.928589 39.430107 16.783169
v -23.968292 39.715492 16.783169
v -33.528076 24.369606 28.342903
v -23.505768 24.656769 28.342903
v -32.864349 8.039772 22.928129
v -32.875275 9.154358 30.996517
v -23.286285 9.429108 30.996460
v -23.233398 8.315720 22.928129
v -33.670868 35.804195 1.995859
v -33.849365 43.458649 3.664415
v -24.278015 43.732891 3.664405
v -24.017914 36.080776 1.995857
v -34.061920 32.391556 -11.628675
v -33.682800 20.738785 -20.276522
v -23.432098 32.696129 -11.628690
v -23.143372 21.040764 -20.276522
v -33.928589 39.430107 -16.783169
v -23.968292 39.715492 -16.783169
v -33.528076 24.369606 -28.342903
v -23.505768 24.656769 -28.342903
v -32.864349 8.039772 -22.928129
v -32.875275 9.154358 -30.996517
v -23.286285 9.429108 -30.996460
v -23.233398 8.315720 -22.928129
v -33.670868 35.804195 -1.995859
v -33.849365 43.458649 -3.664413
v -24.278015 43.732891 -3.664413
v -24.017914 36.080776 -1.995857
v -32.473236 -23.054794 -11.628690
v -32.761963 -11.399284 -20.276522
v -21.843414 -22.750221 -11.628690
v -22.222534 -11.097305 -20.276522
v -31.937103 -30.073898 -16.783169
v -21.976807 -29.788506 -16.783169
v -32.399597 -15.015297 -28.342903
v -22.377289 -14.728134 -28.342903
v -32.671967 1.325752 -22.928129
v -32.619049 0.212372 -30.996517
v -23.030060 0.487122 -30.996460
v -23.041016 1.601700 -22.928129
v -31.887421 -26.439301 -1.995861
v -31.627350 -34.091415 -3.664415
v -22.056000 -33.817169 -3.664413
v -22.234467 -26.162720 -1.995859
v -32.473236 -23.054794 11.628690
v -32.761963 -11.399284 20.276522
v -21.843414 -22.750221 11.628690
v -22.222534 -11.097305 20.276522
v -31.937103 -30.073898 16.783169
v -21.976807 -29.788506 16.783169
v -32.399597 -15.015297 28.342903
v -22.377289 -14.728134 28.342903
v -32.671967 1.325752 22.928129
v -32.619049 0.212372 30.996517
v -23.030060 0.487122 30.996460
v -23.041016 1.601700 22.928129
v -31.887421 -26.439301 1.995861
v -31.627350 -34.091415 3.664413
v -22.056000 -33.817169 3.664413
v -22.234467 -26.162720 1.995861
v -33.183868 -18.158920 -2.053721
v -33.434052 -16.024483 -9.420999
v -33.719574 -7.167313 -16.083532
v -34.071045 4.645409 -18.458618
v -21.414246 -17.821693 -2.053728
v -21.286682 -15.676430 -9.420997
v -21.508789 -6.817444 -16.083515
v -21.834259 4.996025 -18.458614
v -33.342163 -13.849106 -0.867171
v -21.503021 -13.509880 -0.867174
v -33.898834 -11.882545 -6.352071
v -21.059814 -11.514679 -6.352068
v -34.047943 -5.046555 -11.312027
v -21.302368 -4.681358 -11.312014
v -34.309723 4.638565 -13.217418
v -21.595551 5.002861 -13.217418
v -34.491058 27.463127 -2.053722
v -34.618622 25.317879 -9.420999
v -34.396515 16.458885 -16.083532
v -22.721436 27.800354 -2.053725
v -22.471252 25.665932 -9.421011
v -22.185730 16.808754 -16.083515
v -34.402313 23.151314 -0.867171
v -22.563171 23.490540 -0.867172
v -34.845490 21.156113 -6.352071
v -22.006470 21.523987 -6.352068
v -34.602936 14.322792 -11.312027
v -21.857361 14.687988 -11.312014
v -318.709839 -30.665207 -7.364262
v -321.225800 -15.563679 -7.365591
v -34.186646 13.509022 7.026553
v -33.700592 -3.064900 7.024102
v -33.700592 -3.064904 -7.024097
v -34.186646 13.509018 -7.026554
v -318.120758 -34.210526 -2.823770
v -33.572113 -6.783516 2.715388
v -33.572113 -6.783516 -2.715388
v -321.821960 -12.017056 -2.824513
v -34.284790 17.232943 -2.718566
v -34.284790 17.232944 2.718562
v -278.213013 -4.447476 -2.826605
v -277.622681 -8.038748 -7.364125
v -275.102753 -23.375198 -7.368746
v -274.519440 -26.976219 -2.829327
v -87.229828 -9.264507 -2.847495
v -87.503876 -5.517801 -7.376396
v -88.759827 10.445414 -7.373969
v -89.045486 14.187008 -2.845745
v -142.977097 10.696154 -2.835276
v -142.679718 7.014297 -7.367629
v -141.407532 -8.714510 -7.373927
v -141.111816 -12.408283 -2.839107
v -235.615173 1.983335 -2.830729
v -235.175629 -1.693308 -7.363858
v -233.304108 -17.448313 -7.373545
v -232.866730 -21.143333 -2.836488
v -318.105530 -34.304668 -0.000000
v -274.505219 -27.072449 -0.000000
v -232.855347 -21.242447 -0.000000
v -141.104355 -12.508669 -0.000000
v -87.225494 -9.368067 -0.000000
v -33.446564 -6.745686 -0.000000
v -33.054230 -2.461958 0.000002
v -33.495209 12.928766 -0.000001
v -34.157410 17.206528 -0.000003
v -89.052399 14.289808 -0.000000
v -142.985123 10.795171 -0.000000
v -235.627319 2.080337 -0.000000
v -278.228882 -4.352446 -0.000000
v -321.838684 -11.922907 -0.000000
v -318.709839 -30.665207 7.364262
v -321.225800 -15.563679 7.365591
v -318.120758 -34.210526 2.823770
v -321.821960 -12.017056 2.824513
v -278.213013 -4.447476 2.826605
v -277.622681 -8.038748 7.364125
v -275.102753 -23.375198 7.368746
v -274.519440 -26.976219 2.829327
v -87.229828 -9.264507 2.847495
v -87.503876 -5.517801 7.376396
v -88.759827 10.445414 7.373969
v -89.045486 14.187007 2.845745
v -142.977097 10.696154 2.835276
v -142.679718 7.014297 7.367629
v -141.407532 -8.714510 7.373930
v -141.111816 -12.408283 2.839107
v -235.615173 1.983335 2.830729
v -235.175629 -1.693308 7.363858
v -233.304108 -17.448313 7.373545
v -232.866730 -21.143333 2.836488
vt 0.868881 0.984365
vt 0.826025 0.984365
vt 0.826025 0.958422
vt 0.868881 0.958422
vt 0.826025 0.909644
vt 0.868881 0.909644
vt 0.826025 0.854007
vt 0.868881 0.854008
vt 0.759276 0.981218
vt 0.761046 0.952856
vt 0.807357 0.952795
vt 0.807567 0.982229
vt 0.760794 0.900188
vt 0.807861 0.900272
vt 0.760761 0.841489
vt 0.808068 0.841531
vt 0.751761 0.978992
vt 0.752551 0.951799
vt 0.814799 0.951978
vt 0.814764 0.980725
vt 0.752053 0.900127
vt 0.815563 0.900286
vt 0.752044 0.841481
vt 0.815743 0.841539
vt 0.807242 0.990595
vt 0.759146 0.989584
vt 0.868881 0.726930
vt 0.868881 0.749593
vt 0.826025 0.749593
vt 0.826025 0.726930
vt 0.868881 0.798370
vt 0.826025 0.798370
vt 0.759525 0.704526
vt 0.807461 0.704356
vt 0.807555 0.730266
vt 0.761244 0.730122
vt 0.807965 0.782790
vt 0.760898 0.782790
vt 0.752747 0.731164
vt 0.751781 0.706737
vt 0.816101 0.705816
vt 0.814995 0.731098
vt 0.752158 0.782836
vt 0.815667 0.782792
vt 0.759410 0.696160
vt 0.807151 0.695236
vt 0.679066 0.887188
vt 0.678554 0.796703
vt 0.713505 0.796514
vt 0.713505 0.887170
vt 0.677633 0.730168
vt 0.714777 0.730705
vt 0.918168 0.928001
vt 0.886125 0.928001
vt 0.886125 0.865111
vt 0.918168 0.865111
vt 0.886125 0.816050
vt 0.918168 0.816050
vt 0.652352 0.885749
vt 0.651665 0.798256
vt 0.740461 0.798153
vt 0.740241 0.885207
vt 0.649581 0.734571
vt 0.742791 0.735030
vt 0.678165 0.943292
vt 0.651640 0.939007
vt 0.715936 0.942214
vt 0.742258 0.937624
vt 0.918168 0.966328
vt 0.886125 0.966328
vt 0.886125 0.986624
vt 0.918168 0.986624
vt 0.918168 0.797589
vt 0.886125 0.797589
vt 0.679066 0.887188
vt 0.713505 0.887170
vt 0.713505 0.796514
vt 0.678554 0.796703
vt 0.714777 0.730705
vt 0.677633 0.730168
vt 0.918168 0.928001
vt 0.918168 0.865111
vt 0.886125 0.865111
vt 0.886125 0.928001
vt 0.918168 0.816050
vt 0.886125 0.816050
vt 0.652352 0.885749
vt 0.651665 0.798256
vt 0.740461 0.798153
vt 0.740241 0.885207
vt 0.649581 0.734571
vt 0.742791 0.735030
vt 0.678165 0.943292
vt 0.651640 0.939007
vt 0.715936 0.942214
vt 0.742258 0.937624
vt 0.918168 0.966328
vt 0.886125 0.966328
vt 0.886125 0.986624
vt 0.918168 0.986624
vt 0.918168 0.797589
vt 0.886125 0.797589
vt 0.679066 0.887188
vt 0.678554 0.796703
vt 0.713505 0.796514
vt 0.713505 0.887170
vt 0.677633 0.730168
vt 0.714777 0.730705
vt 0.918168 0.928001
vt 0.886125 0.928001
vt 0.886125 0.865111
vt 0.918168 0.865111
vt 0.886125 0.816050
vt 0.918168 0.816050
vt 0.652352 0.885749
vt 0.651665 0.798256
vt 0.740461 0.798153
vt 0.740241 0.885207
vt 0.649581 0.734571
vt 0.742791 0.735030
vt 0.678165 0.943292
vt 0.651640 0.939007
vt 0.715936 0.942214
vt 0.742258 0.937624
vt 0.918168 0.966328
vt 0.886125 0.966328
vt 0.886125 0.986624
vt 0.918168 0.986624
vt 0.918168 0.797589
vt 0.886125 0.797589
vt 0.679066 0.887188
vt 0.713505 0.887170
vt 0.713505 0.796514
vt 0.678554 0.796703
vt 0.714777 0.730705
vt 0.677633 0.730168
vt 0.918168 0.928001
vt 0.918168 0.865111
vt 0.886125 0.865111
vt 0.886125 0.928001
vt 0.918168 0.816050
vt 0.886125 0.816050
vt 0.652352 0.885749
vt 0.651665 0.798256
vt 0.740461 0.798153
vt 0.740241 0.885207
vt 0.649581 0.734571
vt 0.742791 0.735030
vt 0.678165 0.943292
vt 0.651640 0.939007
vt 0.715936 0.942214
vt 0.742258 0.937624
vt 0.918168 0.966328
vt 0.886125 0.966328
vt 0.886125 0.986624
vt 0.918168 0.986624
vt 0.918168 0.797589
vt 0.886125 0.797589
vt 0.868881 0.984365
vt 0.826025 0.984365
vt 0.826025 0.958422
vt 0.868881 0.958422
vt 0.826025 0.909644
vt 0.868881 0.909644
vt 0.826025 0.854007
vt 0.868881 0.854008
vt 0.759276 0.981218
vt 0.761046 0.952856
vt 0.807357 0.952795
vt 0.807567 0.982229
vt 0.760794 0.900188
vt 0.807861 0.900272
vt 0.760761 0.841489
vt 0.808068 0.841531
vt 0.751761 0.978992
vt 0.752551 0.951799
vt 0.814799 0.951978
vt 0.814764 0.980725
vt 0.752053 0.900127
vt 0.815563 0.900286
vt 0.752044 0.841481
vt 0.815743 0.841539
vt 0.807242 0.990595
vt 0.759146 0.989584
vt 0.868881 0.726930
vt 0.868881 0.749593
vt 0.826025 0.749593
vt 0.826025 0.726930
vt 0.868881 0.798370
vt 0.826025 0.798370
vt 0.759525 0.704526
vt 0.807461 0.704356
vt 0.807555 0.730266
vt 0.761244 0.730122
vt 0.807965 0.782790
vt 0.760898 0.782790
vt 0.752747 0.731164
vt 0.751781 0.706737
vt 0.816101 0.705816
vt 0.814995 0.731098
vt 0.752158 0.782836
vt 0.815667 0.782792
vt 0.759410 0.696160
vt 0.807151 0.695236
vt 0.151930 0.179687
vt 0.138269 0.179782
vt 0.138369 0.040421
vt 0.151930 0.040422
vt 0.193683 0.040403
vt 0.194543 0.179115
vt 0.207164 0.040359
vt 0.208072 0.178972
vt 0.196117 0.772764
vt 0.209871 0.772437
vt 0.212995 0.985901
vt 0.198873 0.985850
vt 0.151930 0.774163
vt 0.151930 0.985280
vt 0.137759 0.985160
vt 0.138085 0.774446
vt 0.151930 0.313020
vt 0.138160 0.313097
vt 0.195614 0.312678
vt 0.209274 0.312596
vt 0.195377 0.603903
vt 0.209028 0.603897
vt 0.151930 0.603905
vt 0.138181 0.603901
vt 0.685387 0.078557
vt 0.607432 0.078557
vt 0.607432 0.049216
vt 0.685387 0.049217
vt 0.592147 0.060658
vt 0.592147 0.049216
vt 0.700673 0.049216
vt 0.700673 0.060658
vt 0.134195 0.040416
vt 0.132185 0.179777
vt 0.131270 0.313095
vt 0.131291 0.603898
vt 0.131196 0.774438
vt 0.130884 0.985148
vt 0.592147 0.037775
vt 0.607432 0.019876
vt 0.685387 0.019876
vt 0.700673 0.037775
vt 0.216707 0.772362
vt 0.219843 0.985795
vt 0.215859 0.603889
vt 0.216096 0.312580
vt 0.214890 0.178915
vt 0.211688 0.040308
vt 0.151930 0.179687
vt 0.151930 0.040422
vt 0.138369 0.040421
vt 0.138269 0.179782
vt 0.194543 0.179115
vt 0.193683 0.040403
vt 0.208072 0.178972
vt 0.207164 0.040359
vt 0.196117 0.772764
vt 0.198873 0.985850
vt 0.212995 0.985901
vt 0.209871 0.772437
vt 0.151930 0.774163
vt 0.151930 0.985280
vt 0.137759 0.985160
vt 0.138085 0.774446
vt 0.151930 0.313020
vt 0.138160 0.313097
vt 0.195614 0.312678
vt 0.209274 0.312596
vt 0.195377 0.603903
vt 0.209028 0.603897
vt 0.151930 0.603905
vt 0.138181 0.603901
vt 0.134195 0.040416
vt 0.132185 0.179777
vt 0.131270 0.313095
vt 0.131291 0.603898
vt 0.131196 0.774438
vt 0.130884 0.985148
vt 0.219843 0.985795
vt 0.216707 0.772362
vt 0.215859 0.603889
vt 0.216096 0.312580
vt 0.214890 0.178915
vt 0.211688 0.040308
vn -0.016756 0.584795 -0.811008
vn -0.021587 0.753390 -0.657219
vn -0.017404 0.607425 -0.794186
vn -0.021753 0.759180 -0.650517
vn -0.011015 0.384403 -0.923100
vn -0.011006 0.384082 -0.923234
vn -0.000001 -0.000000 -1.000000
vn -0.000000 0.000000 -1.000000
vn 0.027503 -0.959888 0.279032
vn 0.027503 -0.959888 0.279031
vn 0.022430 -0.782860 0.621793
vn 0.022479 -0.784548 0.619660
vn 0.011455 -0.399746 0.916554
vn 0.011460 -0.399920 0.916478
vn 0.000001 -0.000000 1.000000
vn 0.000000 0.000000 1.000000
vn -0.995605 -0.088033 0.031969
vn -0.996526 -0.080069 0.022919
vn -0.995454 -0.087263 -0.038160
vn -0.995073 -0.058572 -0.079992
vn 0.999012 -0.030883 0.031971
vn 0.998818 -0.030120 -0.038165
vn 0.999475 -0.022879 0.022919
vn 0.996794 -0.001494 -0.080003
vn -0.997543 -0.049332 0.049741
vn -0.997834 -0.045413 0.047597
vn 0.998731 0.007864 0.049745
vn 0.998797 0.011793 0.047601
vn -0.998463 -0.028609 0.047471
vn -0.998554 -0.028611 0.045510
vn 0.998463 0.028609 0.047475
vn 0.998554 0.028612 0.045516
vn 0.007598 -0.265171 -0.964172
vn 0.007598 -0.265171 -0.964172
vn 0.016756 -0.584795 -0.811008
vn 0.017405 -0.607424 -0.794187
vn 0.021587 -0.753390 -0.657220
vn 0.021752 -0.759180 -0.650518
vn 0.011013 -0.384403 -0.923100
vn 0.011004 -0.384082 -0.923234
vn -0.027503 0.959889 0.279029
vn -0.022431 0.782860 0.621793
vn -0.027503 0.959889 0.279030
vn -0.022479 0.784548 0.619660
vn -0.011453 0.399746 0.916554
vn -0.011458 0.399920 0.916479
vn -0.996794 0.001497 -0.079996
vn -0.999476 0.022879 0.022920
vn -0.998818 0.030122 -0.038162
vn -0.999012 0.030883 0.031971
vn 0.995604 0.088034 0.031969
vn 0.996526 0.080069 0.022918
vn 0.995454 0.087261 -0.038163
vn 0.995073 0.058566 -0.079999
vn -0.998731 -0.007865 0.049745
vn -0.998797 -0.011794 0.047601
vn 0.997834 0.045414 0.047598
vn 0.997543 0.049333 0.049741
vn -0.007597 0.265172 -0.964171
vn -0.007598 0.265170 -0.964172
vn -0.022626 0.789680 0.613101
vn -0.012184 0.425247 0.904996
vn -0.022579 0.788046 0.615202
vn -0.012238 0.427148 0.904099
vn -0.004913 0.171602 0.985154
vn -0.004911 0.171601 0.985154
vn 0.021907 -0.764560 -0.644180
vn 0.022038 -0.769130 -0.638712
vn 0.012125 -0.423157 -0.905975
vn 0.012216 -0.426347 -0.904477
vn 0.005846 -0.204031 -0.978947
vn 0.005846 -0.204031 -0.978947
vn -0.999234 -0.028473 0.026859
vn -0.999248 -0.022736 0.031415
vn -0.999918 0.001067 0.012770
vn -0.999822 0.005790 0.017957
vn 0.999225 0.028791 0.026862
vn 0.998216 0.058324 0.012774
vn 0.998910 0.034519 0.031418
vn 0.997850 0.063034 0.017962
vn -0.998000 -0.062792 0.007323
vn -0.998478 -0.051610 0.019442
vn 0.999958 -0.005549 0.007320
vn 0.999795 0.005644 0.019442
vn -0.998883 -0.013418 -0.045304
vn -0.999759 0.003604 -0.021673
vn -0.027381 0.955631 0.293292
vn -0.027381 0.955631 0.293292
vn 0.998013 0.043802 -0.045303
vn 0.997912 0.060848 -0.021670
vn 0.027008 -0.942597 -0.332839
vn 0.027008 -0.942597 -0.332839
vn -0.006099 0.212843 -0.977067
vn -0.006099 0.212843 -0.977067
vn -0.006099 0.212843 -0.977067
vn -0.006099 0.212844 -0.977067
vn 0.028372 -0.990189 0.136825
vn 0.028372 -0.990189 0.136826
vn 0.028372 -0.990189 0.136826
vn 0.028371 -0.990189 0.136827
vn -0.022626 0.789680 -0.613101
vn -0.022579 0.788046 -0.615202
vn -0.012184 0.425247 -0.904996
vn -0.012238 0.427148 -0.904099
vn -0.004913 0.171602 -0.985154
vn -0.004911 0.171601 -0.985154
vn 0.021907 -0.764561 0.644179
vn 0.012125 -0.423157 0.905975
vn 0.022038 -0.769130 0.638712
vn 0.012216 -0.426347 0.904477
vn 0.005846 -0.204031 0.978947
vn 0.005846 -0.204031 0.978947
vn -0.999822 0.005790 -0.017957
vn -0.999248 -0.022736 -0.031415
vn -0.999918 0.001068 -0.012770
vn -0.999234 -0.028472 -0.026859
vn 0.999225 0.028791 -0.026862
vn 0.998910 0.034519 -0.031418
vn 0.998216 0.058324 -0.012774
vn 0.997850 0.063034 -0.017962
vn -0.998478 -0.051610 -0.019442
vn -0.998000 -0.062792 -0.007323
vn 0.999795 0.005644 -0.019442
vn 0.999958 -0.005549 -0.007320
vn -0.999759 0.003605 0.021673
vn -0.998883 -0.013418 0.045304
vn -0.027381 0.955631 -0.293293
vn -0.027381 0.955631 -0.293292
vn 0.997912 0.060848 0.021670
vn 0.998013 0.043802 0.045303
vn 0.027008 -0.942597 0.332839
vn 0.027008 -0.942597 0.332839
vn -0.006099 0.212844 0.977067
vn -0.006099 0.212844 0.977067
vn -0.006099 0.212844 0.977067
vn -0.006099 0.212843 0.977067
vn 0.028372 -0.990189 -0.136825
vn 0.028372 -0.990189 -0.136826
vn 0.028372 -0.990189 -0.136826
vn 0.028371 -0.990189 -0.136827
vn 0.022627 -0.789680 -0.613101
vn 0.012184 -0.425248 -0.904995
vn 0.022580 -0.788046 -0.615202
vn 0.012240 -0.427149 -0.904098
vn 0.004920 -0.171602 -0.985154
vn 0.004923 -0.171601 -0.985154
vn -0.021907 0.764560 0.644180
vn -0.022038 0.769130 0.638712
vn -0.012124 0.423155 0.905976
vn -0.012216 0.426345 0.904478
vn -0.005846 0.204032 0.978947
vn -0.005846 0.204032 0.978947
vn -0.999225 -0.028788 -0.026860
vn -0.998910 -0.034516 -0.031415
vn -0.998216 -0.058321 -0.012770
vn -0.997850 -0.063030 -0.017959
vn 0.999234 0.028470 -0.026861
vn 0.999918 -0.001072 -0.012773
vn 0.999248 0.022733 -0.031418
vn 0.999822 -0.005795 -0.017962
vn -0.999958 0.005546 -0.007324
vn -0.999795 -0.005645 -0.019443
vn 0.998000 0.062795 -0.007320
vn 0.998478 0.051611 -0.019442
vn -0.998013 -0.043798 0.045305
vn -0.997912 -0.060843 0.021673
vn 0.027381 -0.955628 -0.293300
vn 0.027382 -0.955628 -0.293300
vn 0.998883 0.013414 0.045302
vn 0.999759 -0.003609 0.021671
vn -0.027008 0.942601 0.332827
vn -0.027008 0.942601 0.332827
vn 0.006098 -0.212844 0.977067
vn 0.006098 -0.212844 0.977067
vn 0.006098 -0.212844 0.977067
vn 0.006098 -0.212843 0.977067
vn -0.028371 0.990189 -0.136825
vn -0.028371 0.990189 -0.136825
vn -0.028371 0.990189 -0.136825
vn -0.028371 0.990189 -0.136826
vn 0.022627 -0.789680 0.613101
vn 0.022580 -0.788046 0.615202
vn 0.012184 -0.425248 0.904995
vn 0.012240 -0.427149 0.904098
vn 0.004920 -0.171602 0.985154
vn 0.004923 -0.171601 0.985154
vn -0.021907 0.764560 -0.644180
vn -0.012124 0.423155 -0.905976
vn -0.022038 0.769130 -0.638712
vn -0.012216 0.426345 -0.904478
vn -0.005846 0.204032 -0.978947
vn -0.005846 0.204032 -0.978947
vn -0.997850 -0.063030 0.017959
vn -0.998910 -0.034516 0.031415
vn -0.998216 -0.058321 0.012770
vn -0.999225 -0.028788 0.026860
vn 0.999234 0.028470 0.026861
vn 0.999248 0.022733 0.031418
vn 0.999918 -0.001072 0.012773
vn 0.999822 -0.005795 0.017962
vn -0.999795 -0.005645 0.019443
vn -0.999958 0.005546 0.007324
vn 0.998478 0.051611 0.019442
vn 0.998000 0.062795 0.007320
vn -0.997912 -0.060843 -0.021673
vn -0.998013 -0.043798 -0.045305
vn 0.027381 -0.955628 0.293300
vn 0.027382 -0.955628 0.293300
vn 0.999759 -0.003609 -0.021671
vn 0.998883 0.013414 -0.045303
vn -0.027008 0.942601 -0.332827
vn -0.027008 0.942601 -0.332827
vn 0.006099 -0.212843 -0.977067
vn 0.006099 -0.212843 -0.977067
vn 0.006099 -0.212843 -0.977067
vn 0.006098 -0.212843 -0.977067
vn -0.028371 0.990189 0.136825
vn -0.028371 0.990189 0.136825
vn -0.028371 0.990189 0.136825
vn -0.028371 0.990189 0.136826
vn -0.016756 0.584795 0.811008
vn -0.017404 0.607425 0.794187
vn -0.021587 0.753390 0.657219
vn -0.021753 0.759180 0.650518
vn -0.011015 0.384403 0.923100
vn -0.011006 0.384082 0.923234
vn -0.000001 -0.000000 1.000000
vn -0.000000 0.000000 1.000000
vn 0.027503 -0.959888 -0.279032
vn 0.022431 -0.782860 -0.621794
vn 0.027503 -0.959888 -0.279032
vn 0.022480 -0.784548 -0.619660
vn 0.011455 -0.399746 -0.916554
vn 0.011460 -0.399921 -0.916478
vn 0.000001 -0.000000 -1.000000
vn 0.000000 0.000000 -1.000000
vn -0.995073 -0.058572 0.079992
vn -0.996526 -0.080069 -0.022919
vn -0.995454 -0.087262 0.038160
vn -0.995604 -0.088032 -0.031969
vn 0.999012 -0.030883 -0.031971
vn 0.999475 -0.022879 -0.022919
vn 0.998818 -0.030120 0.038165
vn 0.996794 -0.001493 0.080003
vn -0.997543 -0.049332 -0.049741
vn -0.997834 -0.045413 -0.047597
vn 0.998797 0.011793 -0.047601
vn 0.998731 0.007864 -0.049745
vn -0.998463 -0.028609 -0.047471
vn -0.998554 -0.028612 -0.045510
vn 0.998554 0.028612 -0.045516
vn 0.998463 0.028609 -0.047475
vn 0.007598 -0.265171 0.964171
vn 0.007598 -0.265170 0.964172
vn 0.016756 -0.584795 0.811008
vn 0.021587 -0.753390 0.657220
vn 0.017405 -0.607425 0.794187
vn 0.021752 -0.759180 0.650517
vn 0.011013 -0.384403 0.923100
vn 0.011004 -0.384082 0.923234
vn -0.027503 0.959889 -0.279030
vn -0.027503 0.959889 -0.279030
vn -0.022431 0.782860 -0.621793
vn -0.022479 0.784548 -0.619660
vn -0.011453 0.399746 -0.916554
vn -0.011458 0.399920 -0.916479
vn -0.999012 0.030883 -0.031971
vn -0.999476 0.022880 -0.022920
vn -0.998818 0.030122 0.038162
vn -0.996794 0.001497 0.079996
vn 0.995604 0.088033 -0.031969
vn 0.995454 0.087261 0.038163
vn 0.996526 0.080069 -0.022918
vn 0.995073 0.058566 0.079999
vn -0.998731 -0.007865 -0.049745
vn -0.998797 -0.011794 -0.047601
vn 0.997543 0.049333 -0.049741
vn 0.997834 0.045414 -0.047598
vn -0.007598 0.265171 0.964171
vn -0.007598 0.265170 0.964172
vn 0.034597 -0.225049 -0.973733
vn 0.135252 -0.880908 -0.453550
vn 0.038166 -0.230507 -0.972322
vn 0.146278 -0.882041 -0.447892
vn -0.039524 0.228720 -0.972690
vn -0.037243 0.230270 -0.972414
vn -0.152346 0.880611 -0.448681
vn -0.142685 0.880606 -0.451857
vn -0.010341 0.224004 -0.974533
vn -0.051740 0.884812 -0.463066
vn -0.006450 0.216973 -0.976156
vn -0.047436 0.887422 -0.458510
vn 0.014594 -0.219622 -0.975476
vn 0.015236 -0.205727 -0.978491
vn 0.042982 -0.886417 -0.460888
vn 0.047459 -0.884266 -0.464565
vn 0.023958 -0.218563 -0.975529
vn 0.096569 -0.882010 -0.461229
vn -0.025766 0.229707 -0.972919
vn -0.099040 0.883956 -0.456960
vn -0.073860 0.886423 -0.456946
vn -0.019165 0.229587 -0.973099
vn 0.018166 -0.222400 -0.974786
vn 0.072292 -0.885000 -0.459944
vn 0.995002 0.029166 0.095503
vn 0.995115 0.028706 0.094459
vn 0.999575 0.029143 0.000000
vn 0.999590 0.028641 0.000000
vn 0.995832 -0.091206 -0.000000
vn 0.997511 -0.070516 0.000000
vn 0.994520 -0.070906 0.076830
vn 0.994171 -0.065171 0.085890
vn 0.988229 0.152979 -0.000000
vn 0.988172 0.132334 0.077488
vn 0.991237 0.132093 -0.000000
vn 0.988168 0.126454 0.086797
vn 0.163546 -0.985958 -0.033756
vn 0.151408 -0.987874 -0.034364
vn 0.108467 -0.993478 -0.035154
vn 0.081235 -0.996065 -0.035444
vn 0.052259 -0.997998 -0.035639
vn 0.048701 -0.998745 0.011663
vn 0.994520 -0.070905 -0.076830
vn 0.994171 -0.065171 -0.085890
vn 0.995115 0.028706 -0.094459
vn 0.995002 0.029166 -0.095503
vn 0.988172 0.132333 -0.077488
vn 0.988168 0.126453 -0.086797
vn -0.059953 0.997572 -0.035447
vn -0.053054 0.998517 0.012188
vn -0.082938 0.995939 -0.035030
vn -0.111231 0.993195 -0.034519
vn -0.160223 0.986493 -0.034075
vn -0.170925 0.984703 -0.033844
vn 0.034597 -0.225049 0.973733
vn 0.038166 -0.230507 0.972322
vn 0.135252 -0.880908 0.453550
vn 0.146278 -0.882041 0.447892
vn -0.039524 0.228720 0.972690
vn -0.037243 0.230270 0.972414
vn -0.152346 0.880611 0.448681
vn -0.142685 0.880606 0.451857
vn -0.010341 0.224004 0.974533
vn -0.006451 0.216973 0.976156
vn -0.051740 0.884812 0.463066
vn -0.047436 0.887423 0.458510
vn 0.015236 -0.205727 0.978491
vn 0.014594 -0.219622 0.975476
vn 0.042982 -0.886417 0.460888
vn 0.047459 -0.884266 0.464565
vn 0.023958 -0.218563 0.975529
vn 0.096569 -0.882010 0.461229
vn -0.025766 0.229707 0.972919
vn -0.099040 0.883956 0.456960
vn -0.019165 0.229587 0.973099
vn -0.073860 0.886423 0.456946
vn 0.018166 -0.222400 0.974786
vn 0.072292 -0.885000 0.459944
vn 0.163546 -0.985958 0.033755
vn 0.151408 -0.987874 0.034364
vn 0.108467 -0.993478 0.035154
vn 0.081235 -0.996065 0.035444
vn 0.052259 -0.997998 0.035639
vn 0.048701 -0.998745 -0.011663
vn -0.059953 0.997572 0.035446
vn -0.053054 0.998517 -0.012189
vn -0.082938 0.995939 0.035031
vn -0.111231 0.993195 0.034519
vn -0.160223 0.986493 0.034075
vn -0.170925 0.984703 0.033843
s 1
g effect
f 3306/4571/5715 3308/4574/5716 3307/4572/5717
f 3307/4572/5717 3308/4574/5716 3309/4573/5718
f 3308/4574/5716 3310/4576/5719 3309/4573/5718
f 3309/4573/5718 3310/4576/5719 3311/4575/5720
f 3310/4576/5719 3312/4578/5721 3311/4575/5720
f 3311/4575/5720 3312/4578/5721 3313/4577/5722
s 2
f 3298/4579/5723 3302/4582/5724 3299/4580/5725
f 3299/4580/5725 3302/4582/5724 3303/4581/5726
f 3299/4580/5725 3303/4581/5726 3300/4583/5727
f 3300/4583/5727 3303/4581/5726 3304/4584/5728
f 3300/4583/5727 3304/4584/5728 3301/4585/5729
f 3301/4585/5729 3304/4584/5728 3305/4586/5730
s 3
f 3299/4580/5731 3308/4588/5732 3298/4579/5733
f 3298/4579/5733 3308/4588/5732 3306/4587/5734
s 4
f 3303/4581/5735 3302/4582/5736 3309/4589/5737
f 3309/4589/5737 3302/4582/5736 3307/4590/5738
s 3
f 3299/4580/5731 3300/4583/5739 3308/4588/5732
f 3308/4588/5732 3300/4583/5739 3310/4591/5740
s 4
f 3303/4581/5735 3309/4589/5737 3304/4584/5741
f 3304/4584/5741 3309/4589/5737 3311/4592/5742
s 3
f 3300/4583/5739 3301/4585/5743 3310/4591/5740
f 3310/4591/5740 3301/4585/5743 3312/4593/5744
s 4
f 3304/4584/5741 3311/4592/5742 3305/4586/5745
f 3305/4586/5745 3311/4592/5742 3313/4594/5746
s 1
f 3302/4582/5747 3298/4579/5748 3307/4595/5717
f 3307/4595/5717 3298/4579/5748 3306/4596/5715
f 3320/4597/5749 3321/4600/5750 3322/4598/5751
f 3322/4598/5751 3321/4600/5750 3323/4599/5752
f 3322/4598/5751 3323/4599/5752 3324/4601/5753
f 3324/4601/5753 3323/4599/5752 3325/4602/5754
f 3324/4601/5753 3325/4602/5754 3312/4578/5721
f 3312/4578/5721 3325/4602/5754 3313/4577/5722
s 2
f 3314/4603/5755 3315/4606/5756 3317/4604/5757
f 3317/4604/5757 3315/4606/5756 3318/4605/5758
f 3315/4606/5756 3316/4608/5759 3318/4605/5758
f 3318/4605/5758 3316/4608/5759 3319/4607/5760
f 3316/4608/5759 3301/4585/5729 3319/4607/5760
f 3319/4607/5760 3301/4585/5729 3305/4586/5730
s 3
f 3320/4610/5761 3322/4609/5762 3314/4603/5763
f 3314/4603/5763 3322/4609/5762 3315/4606/5764
s 4
f 3318/4605/5765 3323/4612/5766 3317/4604/5767
f 3317/4604/5767 3323/4612/5766 3321/4611/5768
s 3
f 3315/4606/5764 3322/4609/5762 3316/4608/5769
f 3316/4608/5769 3322/4609/5762 3324/4613/5770
s 4
f 3325/4614/5771 3323/4612/5766 3319/4607/5772
f 3319/4607/5772 3323/4612/5766 3318/4605/5765
s 3
f 3316/4608/5769 3324/4613/5770 3301/4585/5743
f 3301/4585/5743 3324/4613/5770 3312/4593/5744
s 4
f 3313/4594/5746 3325/4614/5771 3305/4586/5745
f 3305/4586/5745 3325/4614/5771 3319/4607/5772
s 1
f 3317/4604/5773 3321/4616/5750 3314/4603/5774
f 3314/4603/5774 3321/4616/5750 3320/4615/5749
s 9
f 3330/4617/5775 3332/4618/5776 3331/4620/5777
f 3331/4620/5777 3332/4618/5776 3333/4619/5778
f 3332/4618/5776 3335/4621/5779 3333/4619/5778
f 3333/4619/5778 3335/4621/5779 3336/4622/5780
s 10
f 3326/4623/5781 3328/4624/5782 3327/4626/5783
f 3327/4626/5783 3328/4624/5782 3329/4625/5784
f 3327/4626/5783 3329/4625/5784 3334/4628/5785
f 3334/4628/5785 3329/4625/5784 3337/4627/5786
s 11
f 3327/4630/5787 3332/4618/5788 3326/4629/5789
f 3326/4629/5789 3332/4618/5788 3330/4617/5790
s 12
f 3329/4631/5791 3328/4632/5792 3333/4619/5793
f 3333/4619/5793 3328/4632/5792 3331/4620/5794
s 11
f 3334/4633/5795 3335/4621/5796 3327/4630/5787
f 3327/4630/5787 3335/4621/5796 3332/4618/5788
s 12
f 3337/4634/5797 3329/4631/5791 3336/4622/5798
f 3336/4622/5798 3329/4631/5791 3333/4619/5793
s 11
f 3338/4636/5799 3326/4629/5789 3339/4635/5800
f 3339/4635/5800 3326/4629/5789 3330/4617/5790
s 9
f 3340/4637/5801 3339/4635/5802 3331/4620/5777
f 3331/4620/5777 3339/4635/5802 3330/4617/5775
s 12
f 3341/4638/5803 3340/4637/5804 3328/4632/5792
f 3328/4632/5792 3340/4637/5804 3331/4620/5794
s 10
f 3338/4639/5805 3341/4640/5806 3326/4623/5781
f 3326/4623/5781 3341/4640/5806 3328/4624/5782
s 13
f 3340/4641/5807 3341/4640/5808 3339/4642/5809
f 3339/4642/5809 3341/4640/5808 3338/4639/5810
s 14
f 3335/4643/5811 3334/4628/5812 3336/4644/5813
f 3336/4644/5813 3334/4628/5812 3337/4627/5814
s 15
f 3346/4645/5815 3347/4646/5816 3348/4648/5817
f 3348/4648/5817 3347/4646/5816 3349/4647/5818
f 3348/4648/5817 3349/4647/5818 3351/4650/5819
f 3351/4650/5819 3349/4647/5818 3352/4649/5820
s 16
f 3342/4651/5821 3343/4652/5822 3344/4654/5823
f 3344/4654/5823 3343/4652/5822 3345/4653/5824
f 3343/4652/5822 3350/4655/5825 3345/4653/5824
f 3345/4653/5824 3350/4655/5825 3353/4656/5826
s 17
f 3346/4645/5827 3348/4648/5828 3342/4657/5829
f 3342/4657/5829 3348/4648/5828 3343/4658/5830
s 18
f 3345/4659/5831 3349/4647/5832 3344/4660/5833
f 3344/4660/5833 3349/4647/5832 3347/4646/5834
s 17
f 3348/4648/5828 3351/4650/5835 3343/4658/5830
f 3343/4658/5830 3351/4650/5835 3350/4661/5836
s 18
f 3349/4647/5832 3345/4659/5831 3352/4649/5837
f 3352/4649/5837 3345/4659/5831 3353/4662/5838
s 17
f 3346/4645/5827 3342/4657/5829 3355/4663/5839
f 3355/4663/5839 3342/4657/5829 3354/4664/5840
s 15
f 3356/4665/5841 3347/4646/5816 3355/4663/5842
f 3355/4663/5842 3347/4646/5816 3346/4645/5815
s 18
f 3347/4646/5834 3356/4665/5843 3344/4660/5833
f 3344/4660/5833 3356/4665/5843 3357/4666/5844
s 16
f 3354/4667/5845 3342/4651/5821 3357/4668/5846
f 3357/4668/5846 3342/4651/5821 3344/4654/5823
s 19
f 3356/4669/5847 3355/4670/5848 3357/4668/5849
f 3357/4668/5849 3355/4670/5848 3354/4667/5850
s 20
f 3351/4671/5851 3352/4672/5852 3350/4655/5853
f 3350/4655/5853 3352/4672/5852 3353/4656/5854
s 21
f 3362/4673/5855 3364/4674/5856 3363/4676/5857
f 3363/4676/5857 3364/4674/5856 3365/4675/5858
f 3364/4674/5856 3367/4677/5859 3365/4675/5858
f 3365/4675/5858 3367/4677/5859 3368/4678/5860
s 22
f 3358/4679/5861 3360/4680/5862 3359/4682/5863
f 3359/4682/5863 3360/4680/5862 3361/4681/5864
f 3359/4682/5863 3361/4681/5864 3366/4684/5865
f 3366/4684/5865 3361/4681/5864 3369/4683/5866
s 23
f 3359/4686/5867 3364/4674/5868 3358/4685/5869
f 3358/4685/5869 3364/4674/5868 3362/4673/5870
s 24
f 3361/4687/5871 3360/4688/5872 3365/4675/5873
f 3365/4675/5873 3360/4688/5872 3363/4676/5874
s 23
f 3366/4689/5875 3367/4677/5876 3359/4686/5867
f 3359/4686/5867 3367/4677/5876 3364/4674/5868
s 24
f 3369/4690/5877 3361/4687/5871 3368/4678/5878
f 3368/4678/5878 3361/4687/5871 3365/4675/5873
s 23
f 3370/4692/5879 3358/4685/5869 3371/4691/5880
f 3371/4691/5880 3358/4685/5869 3362/4673/5870
s 21
f 3372/4693/5881 3371/4691/5882 3363/4676/5857
f 3363/4676/5857 3371/4691/5882 3362/4673/5855
s 24
f 3373/4694/5883 3372/4693/5884 3360/4688/5872
f 3360/4688/5872 3372/4693/5884 3363/4676/5874
s 22
f 3370/4695/5885 3373/4696/5886 3358/4679/5861
f 3358/4679/5861 3373/4696/5886 3360/4680/5862
s 25
f 3372/4697/5887 3373/4696/5888 3371/4698/5889
f 3371/4698/5889 3373/4696/5888 3370/4695/5890
s 26
f 3367/4699/5891 3366/4684/5892 3368/4700/5893
f 3368/4700/5893 3366/4684/5892 3369/4683/5894
s 27
f 3378/4701/5895 3379/4702/5896 3380/4704/5897
f 3380/4704/5897 3379/4702/5896 3381/4703/5898
f 3380/4704/5897 3381/4703/5898 3383/4706/5899
f 3383/4706/5899 3381/4703/5898 3384/4705/5900
s 28
f 3374/4707/5901 3375/4708/5902 3376/4710/5903
f 3376/4710/5903 3375/4708/5902 3377/4709/5904
f 3375/4708/5902 3382/4711/5905 3377/4709/5904
f 3377/4709/5904 3382/4711/5905 3385/4712/5906
s 29
f 3378/4701/5907 3380/4704/5908 3374/4713/5909
f 3374/4713/5909 3380/4704/5908 3375/4714/5910
s 30
f 3377/4715/5911 3381/4703/5912 3376/4716/5913
f 3376/4716/5913 3381/4703/5912 3379/4702/5914
s 29
f 3380/4704/5908 3383/4706/5915 3375/4714/5910
f 3375/4714/5910 3383/4706/5915 3382/4717/5916
s 30
f 3381/4703/5912 3377/4715/5911 3384/4705/5917
f 3384/4705/5917 3377/4715/5911 3385/4718/5918
s 29
f 3378/4701/5907 3374/4713/5909 3387/4719/5919
f 3387/4719/5919 3374/4713/5909 3386/4720/5920
s 27
f 3388/4721/5921 3379/4702/5896 3387/4719/5922
f 3387/4719/5922 3379/4702/5896 3378/4701/5895
s 30
f 3379/4702/5914 3388/4721/5923 3376/4716/5913
f 3376/4716/5913 3388/4721/5923 3389/4722/5924
s 28
f 3386/4723/5925 3374/4707/5901 3389/4724/5926
f 3389/4724/5926 3374/4707/5901 3376/4710/5903
s 31
f 3388/4725/5927 3387/4726/5928 3389/4724/5929
f 3389/4724/5929 3387/4726/5928 3386/4723/5930
s 32
f 3383/4727/5931 3384/4728/5932 3382/4711/5933
f 3382/4711/5933 3384/4728/5932 3385/4712/5934
s 33
f 3398/4729/5935 3399/4730/5936 3400/4732/5937
f 3400/4732/5937 3399/4730/5936 3401/4731/5938
f 3400/4732/5937 3401/4731/5938 3402/4734/5939
f 3402/4734/5939 3401/4731/5938 3403/4733/5940
f 3402/4734/5939 3403/4733/5940 3404/4736/5941
f 3404/4736/5941 3403/4733/5940 3405/4735/5942
s 34
f 3390/4737/5943 3391/4738/5944 3394/4740/5945
f 3394/4740/5945 3391/4738/5944 3395/4739/5946
f 3391/4738/5944 3392/4741/5947 3395/4739/5946
f 3395/4739/5946 3392/4741/5947 3396/4742/5948
f 3392/4741/5947 3393/4743/5949 3396/4742/5948
f 3396/4742/5948 3393/4743/5949 3397/4744/5950
s 35
f 3398/4745/5951 3400/4746/5952 3390/4737/5953
f 3390/4737/5953 3400/4746/5952 3391/4738/5954
s 36
f 3395/4739/5955 3401/4747/5956 3394/4740/5957
f 3394/4740/5957 3401/4747/5956 3399/4748/5958
s 35
f 3391/4738/5954 3400/4746/5952 3392/4741/5959
f 3392/4741/5959 3400/4746/5952 3402/4749/5960
s 36
f 3403/4750/5961 3401/4747/5956 3396/4742/5962
f 3396/4742/5962 3401/4747/5956 3395/4739/5955
s 35
f 3392/4741/5959 3402/4749/5960 3393/4743/5963
f 3393/4743/5963 3402/4749/5960 3404/4751/5964
s 36
f 3405/4752/5965 3403/4750/5961 3397/4744/5966
f 3397/4744/5966 3403/4750/5961 3396/4742/5962
s 33
f 3394/4740/5967 3399/4753/5936 3390/4737/5968
f 3390/4737/5968 3399/4753/5936 3398/4754/5935
f 3412/4755/5969 3414/4756/5970 3413/4758/5971
f 3413/4758/5971 3414/4756/5970 3415/4757/5972
f 3414/4756/5970 3416/4759/5973 3415/4757/5972
f 3415/4757/5972 3416/4759/5973 3417/4760/5974
f 3416/4759/5973 3404/4736/5941 3417/4760/5974
f 3417/4760/5974 3404/4736/5941 3405/4735/5942
s 34
f 3406/4761/5975 3409/4762/5976 3407/4764/5977
f 3407/4764/5977 3409/4762/5976 3410/4763/5978
f 3407/4764/5977 3410/4763/5978 3408/4766/5979
f 3408/4766/5979 3410/4763/5978 3411/4765/5980
f 3408/4766/5979 3411/4765/5980 3393/4743/5949
f 3393/4743/5949 3411/4765/5980 3397/4744/5950
s 35
f 3407/4764/5981 3414/4767/5982 3406/4761/5983
f 3406/4761/5983 3414/4767/5982 3412/4768/5984
s 36
f 3410/4763/5985 3409/4762/5986 3415/4770/5987
f 3415/4770/5987 3409/4762/5986 3413/4769/5988
s 35
f 3407/4764/5981 3408/4766/5989 3414/4767/5982
f 3414/4767/5982 3408/4766/5989 3416/4771/5990
s 36
f 3410/4763/5985 3415/4770/5987 3411/4765/5991
f 3411/4765/5991 3415/4770/5987 3417/4772/5992
s 35
f 3408/4766/5989 3393/4743/5963 3416/4771/5990
f 3416/4771/5990 3393/4743/5963 3404/4751/5964
s 36
f 3411/4765/5991 3417/4772/5992 3397/4744/5966
f 3397/4744/5966 3417/4772/5992 3405/4752/5965
s 33
f 3409/4762/5993 3406/4761/5994 3413/4774/5971
f 3413/4774/5971 3406/4761/5994 3412/4773/5969
s 41
f 3432/4775/5995 3433/4776/5996 3418/4778/5997
f 3418/4778/5997 3433/4776/5996 3424/4777/5998
f 3418/4778/5997 3419/4779/5999 3432/4775/5995
f 3432/4775/5995 3419/4779/5999 3431/4780/6000
f 3419/4779/5999 3427/4781/6001 3431/4780/6000
f 3431/4780/6000 3427/4781/6001 3430/4782/6002
f 3436/4783/6003 3437/4784/6004 3423/4786/6005
f 3423/4786/6005 3437/4784/6004 3428/4785/6006
f 3436/4783/6003 3423/4786/6005 3435/4787/6007
f 3435/4787/6007 3423/4786/6005 3422/4788/6008
f 3426/4789/6009 3434/4790/6010 3422/4788/6008
f 3422/4788/6008 3434/4790/6010 3435/4787/6007
f 3444/4791/6011 3445/4792/6012 3432/4775/5995
f 3432/4775/5995 3445/4792/6012 3433/4776/5996
f 3432/4775/5995 3431/4780/6000 3444/4791/6011
f 3444/4791/6011 3431/4780/6000 3443/4793/6013
f 3431/4780/6000 3430/4782/6002 3443/4793/6013
f 3443/4793/6013 3430/4782/6002 3442/4794/6014
f 3438/4796/6015 3437/4784/6004 3439/4795/6016
f 3439/4795/6016 3437/4784/6004 3436/4783/6003
f 3439/4795/6016 3436/4783/6003 3440/4797/6017
f 3440/4797/6017 3436/4783/6003 3435/4787/6007
f 3434/4790/6010 3441/4798/6018 3435/4787/6007
f 3435/4787/6007 3441/4798/6018 3440/4797/6017
f 3443/4793/6013 3442/4794/6014 3439/4795/6016
f 3439/4795/6016 3442/4794/6014 3438/4796/6015
f 3443/4793/6013 3439/4795/6016 3444/4791/6011
f 3444/4791/6011 3439/4795/6016 3440/4797/6017
f 3440/4797/6017 3441/4798/6018 3444/4791/6011
f 3444/4791/6011 3441/4798/6018 3445/4792/6012
s 46
f 3420/4799/6019 3421/4800/6020 3453/4802/6021
f 3453/4802/6021 3421/4800/6020 3452/4801/6022
s 47
f 3451/4804/6023 3452/4801/6024 3425/4803/6025
f 3425/4803/6025 3452/4801/6024 3421/4800/6026
s 48
f 3454/4805/6027 3429/4806/6028 3453/4802/6029
f 3453/4802/6029 3429/4806/6028 3420/4799/6030
s 41
f 3446/4807/6031 3424/4777/5998 3447/4808/6032
f 3447/4808/6032 3424/4777/5998 3433/4776/5996
f 3448/4809/6033 3447/4808/6032 3445/4792/6012
f 3445/4792/6012 3447/4808/6032 3433/4776/5996
f 3449/4810/6034 3448/4809/6033 3441/4798/6018
f 3441/4798/6018 3448/4809/6033 3445/4792/6012
f 3450/4811/6035 3449/4810/6034 3434/4790/6010
f 3434/4790/6010 3449/4810/6034 3441/4798/6018
f 3451/4812/6036 3450/4811/6035 3426/4789/6009
f 3426/4789/6009 3450/4811/6035 3434/4790/6010
s 47
f 3451/4804/6023 3426/4813/6037 3452/4801/6024
f 3452/4801/6024 3426/4813/6037 3422/4814/6038
s 46
f 3452/4801/6022 3422/4814/6039 3453/4802/6021
f 3453/4802/6021 3422/4814/6039 3423/4815/6040
s 48
f 3454/4805/6027 3453/4802/6029 3428/4816/6041
f 3428/4816/6041 3453/4802/6029 3423/4815/6042
s 41
f 3437/4784/6004 3455/4817/6043 3428/4785/6006
f 3428/4785/6006 3455/4817/6043 3454/4818/6044
f 3438/4796/6015 3456/4819/6045 3437/4784/6004
f 3437/4784/6004 3456/4819/6045 3455/4817/6043
f 3442/4794/6014 3457/4820/6046 3438/4796/6015
f 3438/4796/6015 3457/4820/6046 3456/4819/6045
f 3430/4782/6002 3458/4821/6047 3442/4794/6014
f 3442/4794/6014 3458/4821/6047 3457/4820/6046
f 3427/4781/6001 3459/4822/6048 3430/4782/6002
f 3430/4782/6002 3459/4822/6048 3458/4821/6047
s 49
f 3466/4823/6049 3460/4824/6050 3467/4826/6051
f 3467/4826/6051 3460/4824/6050 3462/4825/6052
f 3460/4824/6050 3466/4823/6049 3461/4828/6053
f 3461/4828/6053 3466/4823/6049 3465/4827/6054
f 3461/4828/6053 3465/4827/6054 3463/4830/6055
f 3463/4830/6055 3465/4827/6054 3464/4829/6056
f 3470/4831/6057 3420/4832/6058 3471/4834/6059
f 3471/4834/6059 3420/4832/6058 3429/4833/6060
f 3421/4836/6061 3420/4832/6058 3469/4835/6062
f 3469/4835/6062 3420/4832/6058 3470/4831/6057
f 3425/4837/6063 3421/4836/6061 3468/4838/6064
f 3468/4838/6064 3421/4836/6061 3469/4835/6062
f 3478/4839/6065 3466/4823/6049 3479/4840/6066
f 3479/4840/6066 3466/4823/6049 3467/4826/6051
f 3466/4823/6049 3478/4839/6065 3465/4827/6054
f 3465/4827/6054 3478/4839/6065 3477/4841/6067
f 3465/4827/6054 3477/4841/6067 3464/4829/6056
f 3464/4829/6056 3477/4841/6067 3476/4842/6068
f 3470/4831/6057 3471/4834/6059 3473/4843/6069
f 3473/4843/6069 3471/4834/6059 3472/4844/6070
f 3469/4835/6062 3470/4831/6057 3474/4845/6071
f 3474/4845/6071 3470/4831/6057 3473/4843/6069
f 3474/4845/6071 3475/4846/6072 3469/4835/6062
f 3469/4835/6062 3475/4846/6072 3468/4838/6064
f 3477/4841/6067 3473/4843/6069 3476/4842/6068
f 3476/4842/6068 3473/4843/6069 3472/4844/6070
f 3474/4845/6071 3473/4843/6069 3478/4839/6065
f 3478/4839/6065 3473/4843/6069 3477/4841/6067
f 3474/4845/6071 3478/4839/6065 3475/4846/6072
f 3475/4846/6072 3478/4839/6065 3479/4840/6066
f 3446/4847/6073 3447/4848/6074 3462/4825/6052
f 3462/4825/6052 3447/4848/6074 3467/4826/6051
f 3448/4849/6075 3479/4840/6066 3447/4848/6074
f 3447/4848/6074 3479/4840/6066 3467/4826/6051
f 3449/4850/6076 3475/4846/6072 3448/4849/6075
f 3448/4849/6075 3475/4846/6072 3479/4840/6066
f 3450/4851/6077 3468/4838/6064 3449/4850/6076
f 3449/4850/6076 3468/4838/6064 3475/4846/6072
f 3451/4852/6078 3425/4837/6063 3450/4851/6077
f 3450/4851/6077 3425/4837/6063 3468/4838/6064
f 3471/4834/6059 3429/4833/6060 3455/4854/6079
f 3455/4854/6079 3429/4833/6060 3454/4853/6080
f 3472/4844/6070 3471/4834/6059 3456/4855/6081
f 3456/4855/6081 3471/4834/6059 3455/4854/6079
f 3476/4842/6068 3472/4844/6070 3457/4856/6082
f 3457/4856/6082 3472/4844/6070 3456/4855/6081
f 3464/4829/6056 3476/4842/6068 3458/4857/6083
f 3458/4857/6083 3476/4842/6068 3457/4856/6082
f 3463/4830/6055 3464/4829/6056 3459/4858/6084
f 3459/4858/6084 3464/4829/6056 3458/4857/6083
g default
v -91.347328 -5.857716 -1.913074
v -91.542908 -3.448524 -4.905019
v -92.539841 8.832165 -4.904048
v -92.735245 11.239168 -1.912103
v -102.053688 -6.482868 -1.911958
v -102.248291 -4.085762 -4.903744
v -103.241295 8.145849 -4.904712
v -103.436111 10.545158 -1.912926
v -103.466286 11.665508 -2.308604
v -92.849808 12.353809 -2.308272
v -103.229248 8.640333 -5.934488
v -92.615387 9.319378 -5.934300
v -102.175461 -4.573204 -5.934206
v -91.557663 -3.943172 -5.934534
v -91.323860 -6.978321 -2.308642
v -101.945900 -7.598133 -2.308181
v -103.436127 10.545517 -0.000000
v -103.474052 11.663261 0.000000
v -92.841431 12.352161 0.000000
v -92.735237 11.238810 -0.000000
v -91.347305 -5.858208 -0.000000
v -91.316147 -6.976204 -0.000000
v -101.954346 -7.596355 -0.000000
v -102.053703 -6.482376 -0.000000
v -91.347328 -5.857716 1.913074
v -91.542908 -3.448524 4.905017
v -92.539841 8.832165 4.904048
v -92.735245 11.239168 1.912103
v -102.053688 -6.482868 1.911958
v -102.248291 -4.085762 4.903744
v -103.241295 8.145849 4.904712
v -103.436111 10.545158 1.912926
v -103.466286 11.665508 2.308604
v -92.849808 12.353809 2.308272
v -103.229248 8.640333 5.934488
v -92.615387 9.319378 5.934300
v -102.175461 -4.573204 5.934206
v -91.557663 -3.943172 5.934534
v -91.323860 -6.978321 2.308642
v -101.945900 -7.598133 2.308181
v -138.569443 8.272224 -1.912832
v -138.377289 5.905336 -4.904681
v -137.397614 -6.162136 -4.904020
v -137.205612 -8.527515 -1.912171
v -149.632080 -9.709936 -1.912714
v -149.838135 -7.342691 -4.904589
v -150.888779 4.728058 -4.904216
v -151.094772 7.094463 -1.912341
v -151.153976 8.174946 -2.290359
v -138.712585 9.344969 -2.290560
v -150.889572 5.206484 -5.893437
v -138.465759 6.376467 -5.893560
v -149.749222 -7.813484 -5.893531
v -137.396469 -6.640259 -5.893385
v -137.145294 -9.607880 -2.290286
v -149.487686 -10.782480 -2.290510
v -138.569458 8.272499 -0.000000
v -138.704544 9.343872 -0.000000
v -151.161865 8.172085 -0.000000
v -151.094757 7.094313 -0.000000
v -149.632065 -9.710106 -0.000000
v -149.495789 -10.781340 -0.000000
v -137.137375 -9.604919 -0.000000
v -137.205627 -8.527218 -0.000000
v -138.569443 8.272224 1.912832
v -138.377289 5.905336 4.904681
v -137.397614 -6.162136 4.904017
v -137.205612 -8.527515 1.912171
v -149.632080 -9.709936 1.912714
v -149.838135 -7.342691 4.904590
v -150.888779 4.728058 4.904216
v -151.094772 7.094463 1.912341
v -151.153976 8.174946 2.290359
v -138.712585 9.344969 2.290560
v -150.889572 5.206484 5.893437
v -138.465759 6.376467 5.893560
v -149.749222 -7.813484 5.893531
v -137.396469 -6.640259 5.893385
v -137.145294 -9.607880 2.290286
v -149.487686 -10.782480 2.290510
v -217.283752 0.874146 1.913294
v -217.002274 -1.497803 4.905290
v -215.568024 -13.586143 4.903976
v -215.286957 -15.955141 1.911981
v -230.289627 -1.088804 1.912133
v -229.973785 -3.433361 4.903865
v -228.362366 -15.394820 4.904389
v -228.046356 -17.740562 1.912656
v -230.408356 -0.016650 2.289270
v -217.485886 1.934175 2.289759
v -230.000656 -2.957524 5.890554
v -217.116379 -1.032951 5.890906
v -228.252502 -15.859565 5.890727
v -215.545715 -14.061790 5.890595
v -215.179245 -17.028412 2.289259
v -227.854843 -18.802259 2.289524
v -217.283875 0.874825 -0.000000
v -217.478043 1.933741 -0.000000
v -230.416153 -0.020062 0.000000
v -230.289581 -1.089143 0.000000
v -215.287018 -15.954683 -0.000000
v -215.171326 -17.024979 -0.000000
v -227.862976 -18.801449 0.000000
v -228.046326 -17.740675 0.000000
v -217.283752 0.874146 -1.913294
v -217.002274 -1.497803 -4.905290
v -215.568024 -13.586143 -4.903976
v -215.286957 -15.955141 -1.911981
v -230.289627 -1.088804 -1.912133
v -229.973785 -3.433361 -4.903865
v -228.362366 -15.394820 -4.904389
v -228.046356 -17.740562 -1.912656
v -230.408356 -0.016650 -2.289270
v -217.485886 1.934175 -2.289759
v -230.000656 -2.957524 -5.890554
v -217.116379 -1.032951 -5.890906
v -228.252502 -15.859565 -5.890727
v -215.545715 -14.061790 -5.890595
v -215.179245 -17.028412 -2.289259
v -227.854843 -18.802259 -2.289524
v -315.078827 -29.201244 -6.124132
v -316.968933 -17.833204 -6.124156
v -314.460297 -32.923523 -2.388441
v -317.588379 -14.111040 -2.388532
v -289.994629 -9.226111 -2.383424
v -289.401794 -13.002229 -6.112824
v -287.486298 -24.608654 -6.112808
v -286.838074 -28.328726 -2.383219
v -320.819092 -18.472206 -2.388948
v -318.928864 -29.842157 -2.388955
v -283.141510 -20.578325 -6.093249
v -283.994202 -15.411351 -6.093235
v -289.985474 -9.225652 0.000000
v -317.594025 -14.106037 0.000000
v -320.825745 -18.468182 0.000000
v -318.933807 -29.848110 0.000000
v -314.463989 -32.930073 0.000000
v -286.829315 -28.326128 0.000000
v -289.340240 -12.996798 0.000000
v -283.974701 -15.396326 0.000000
v -287.426422 -24.594042 0.000000
v -283.118225 -20.586290 0.000000
v -315.078827 -29.201244 6.124133
v -316.968933 -17.833204 6.124156
v -314.460297 -32.923523 2.388441
v -317.588379 -14.111040 2.388533
v -289.994629 -9.226111 2.383425
v -289.401794 -13.002229 6.112825
v -287.486298 -24.608654 6.112809
v -286.838074 -28.328726 2.383220
v -320.819092 -18.472206 2.388948
v -318.928864 -29.842157 2.388955
v -283.141510 -20.578325 6.093250
v -283.994202 -15.411351 6.093236
v -140.982544 8.947874 1.346194
v -142.719833 12.060909 1.337154
v -142.622360 8.814749 1.346197
v -142.686081 9.856964 1.358629
v -141.121811 10.679050 1.337317
v -143.423187 10.391275 1.356426
v -140.982544 8.947874 -1.346200
v -142.719833 12.060909 -1.337160
v -142.622360 8.814749 -1.346203
v -142.686081 9.856964 -1.358635
v -141.121811 10.679050 -1.337323
v -143.423187 10.391275 -1.356432
v -149.039459 8.293795 -1.346200
v -147.827042 11.646296 -1.337160
v -147.399628 8.426918 -1.346203
v -147.504837 9.465769 -1.358635
v -149.181229 10.024767 -1.337323
v -146.863586 10.111979 -1.356432
v -149.039459 8.293795 1.346194
v -147.827042 11.646296 1.337154
v -147.399628 8.426918 1.346197
v -147.504837 9.465769 1.358629
v -149.181229 10.024767 1.337317
v -146.863586 10.111979 1.356426
v -93.951202 12.180677 1.346194
v -95.688454 15.293715 1.337154
v -95.591019 12.047554 1.346197
v -95.654739 13.089769 1.358629
v -94.090485 13.911854 1.337317
v -96.391853 13.624079 1.356426
v -93.951202 12.180677 -1.346200
v -95.688454 15.293715 -1.337160
v -95.591019 12.047554 -1.346203
v -95.654739 13.089769 -1.358635
v -94.090485 13.911854 -1.337323
v -96.391853 13.624079 -1.356432
v -102.008110 11.526600 -1.346200
v -100.795670 14.879101 -1.337160
v -100.368286 11.659723 -1.346203
v -100.473503 12.698572 -1.358635
v -102.149887 13.257572 -1.337323
v -99.832237 13.344782 -1.356432
v -102.008110 11.526600 1.346194
v -100.795670 14.879101 1.337154
v -100.368286 11.659723 1.346197
v -100.473503 12.698572 1.358629
v -102.149887 13.257572 1.337317
v -99.832237 13.344782 1.356426
v -288.332855 -24.878614 -5.009077
v -290.266602 -13.249009 -5.009165
v -34.971333 12.026142 4.986934
v -34.593380 -1.138855 4.986773
v -34.593380 -1.138859 -4.986773
v -34.971333 12.026138 -4.986935
v -287.947388 -27.197226 -1.950196
v -34.517075 -3.750961 1.943090
v -34.517075 -3.750961 -1.943089
v -290.652496 -10.930300 -1.950245
v -35.045612 14.638592 -1.943298
v -35.045612 14.638592 1.943297
v -253.584366 -4.495402 -1.950382
v -253.195297 -6.853671 -5.009068
v -251.243225 -18.685532 -5.009371
v -250.854614 -21.044430 -1.950560
v -91.458435 -5.974751 -1.951751
v -91.656769 -3.506840 -5.009872
v -92.659210 8.873394 -5.009715
v -92.858330 11.340982 -1.951637
v -138.694305 8.371367 -1.950951
v -138.497528 5.946230 -5.009298
v -137.510025 -6.222092 -5.009710
v -137.313354 -8.648003 -1.951202
v -217.412613 0.966865 -1.950652
v -217.124252 -1.461628 -5.009050
v -215.677902 -13.650553 -5.009686
v -215.389694 -16.080252 -1.951030
v -287.946411 -27.203403 -0.000000
v -250.853699 -21.050741 -0.000000
v -215.388947 -16.086748 -0.000000
v -137.312836 -8.654583 -0.000000
v -91.458122 -5.981541 -0.000000
v -34.508869 -3.748474 -0.000000
v -34.551029 -1.099319 0.000000
v -34.926033 11.988094 -0.000001
v -35.037289 14.636856 -0.000000
v -92.858803 11.347723 -0.000000
v -138.694824 8.377859 -0.000000
v -217.413406 0.973225 -0.000000
v -253.585419 -4.489174 -0.000000
v -290.653595 -10.924126 -0.000000
v -288.332855 -24.878614 5.009077
v -290.266602 -13.249009 5.009165
v -287.947388 -27.197226 1.950196
v -290.652496 -10.930300 1.950245
v -253.584366 -4.495402 1.950382
v -253.195297 -6.853671 5.009068
v -251.243225 -18.685532 5.009371
v -250.854614 -21.044430 1.950560
v -91.458435 -5.974751 1.951751
v -91.656769 -3.506840 5.009872
v -92.659210 8.873394 5.009715
v -92.858330 11.340982 1.951637
v -138.694305 8.371367 1.950951
v -138.497528 5.946230 5.009298
v -137.510025 -6.222092 5.009710
v -137.313354 -8.648003 1.951202
v -217.412613 0.966865 1.950652
v -217.124252 -1.461628 5.009050
v -215.677902 -13.650553 5.009686
v -215.389694 -16.080252 1.951030
vt 0.604321 0.216971
vt 0.603389 0.280213
vt 0.577006 0.217275
vt 0.575789 0.279315
vt 0.497785 0.217272
vt 0.496293 0.279316
vt 0.468951 0.279565
vt 0.470215 0.216313
vt 0.602836 0.211093
vt 0.601583 0.286055
vt 0.575855 0.211638
vt 0.574631 0.284853
vt 0.498943 0.211735
vt 0.497446 0.284953
vt 0.470429 0.285441
vt 0.472029 0.210470
vt 0.615819 0.209388
vt 0.457435 0.287100
vt 0.457366 0.214444
vt 0.459454 0.208177
vt 0.455224 0.280719
vt 0.616605 0.282030
vt 0.614170 0.288306
vt 0.618047 0.215760
vt 0.604321 0.216971
vt 0.618047 0.215760
vt 0.616605 0.282030
vt 0.603389 0.280213
vt 0.577006 0.217275
vt 0.575789 0.279315
vt 0.497785 0.217272
vt 0.496293 0.279316
vt 0.468951 0.279565
vt 0.470215 0.216313
vt 0.457366 0.214444
vt 0.455224 0.280719
vt 0.602836 0.211093
vt 0.615819 0.209388
vt 0.614170 0.288306
vt 0.601583 0.286055
vt 0.575855 0.211638
vt 0.574631 0.284853
vt 0.498943 0.211735
vt 0.497446 0.284953
vt 0.470429 0.285441
vt 0.472029 0.210470
vt 0.459454 0.208177
vt 0.457435 0.287100
vt 0.547419 0.125551
vt 0.574928 0.124725
vt 0.575197 0.199623
vt 0.548217 0.198745
vt 0.469191 0.125972
vt 0.470163 0.198745
vt 0.442700 0.199628
vt 0.442168 0.125369
vt 0.546310 0.120151
vt 0.573331 0.119078
vt 0.573507 0.205268
vt 0.547022 0.204063
vt 0.470347 0.120646
vt 0.471253 0.204152
vt 0.444377 0.205281
vt 0.443720 0.119711
vt 0.586159 0.207257
vt 0.588406 0.201152
vt 0.588533 0.123284
vt 0.586268 0.117168
vt 0.430813 0.117867
vt 0.428569 0.123999
vt 0.429479 0.201187
vt 0.431693 0.207282
vt 0.547419 0.125551
vt 0.574928 0.124725
vt 0.575197 0.199623
vt 0.548217 0.198745
vt 0.469191 0.125972
vt 0.470163 0.198745
vt 0.442700 0.199628
vt 0.442168 0.125369
vt 0.546310 0.120151
vt 0.573331 0.119078
vt 0.573507 0.205268
vt 0.547022 0.204063
vt 0.470347 0.120646
vt 0.471253 0.204152
vt 0.444377 0.205281
vt 0.443720 0.119711
vt 0.586159 0.207257
vt 0.588406 0.201152
vt 0.588533 0.123284
vt 0.586268 0.117168
vt 0.430813 0.117867
vt 0.428569 0.123999
vt 0.429479 0.201187
vt 0.431693 0.207282
vt 0.546646 0.029577
vt 0.574113 0.028352
vt 0.575771 0.106293
vt 0.548723 0.105613
vt 0.468767 0.030693
vt 0.470218 0.105613
vt 0.442674 0.106476
vt 0.441798 0.030124
vt 0.428569 0.028726
vt 0.429087 0.108012
vt 0.545488 0.024230
vt 0.572437 0.022771
vt 0.574132 0.111893
vt 0.547545 0.110887
vt 0.469883 0.025401
vt 0.471316 0.110980
vt 0.444294 0.112075
vt 0.443413 0.024502
vt 0.430742 0.022650
vt 0.431383 0.114061
vt 0.586840 0.113685
vt 0.589007 0.107596
vt 0.587689 0.026693
vt 0.585332 0.020665
vt 0.546646 0.029577
vt 0.574113 0.028352
vt 0.575771 0.106293
vt 0.548723 0.105613
vt 0.468767 0.030693
vt 0.470218 0.105613
vt 0.442674 0.106476
vt 0.441798 0.030124
vt 0.428569 0.028726
vt 0.429087 0.108012
vt 0.545488 0.024230
vt 0.572437 0.022771
vt 0.574132 0.111893
vt 0.547545 0.110887
vt 0.469883 0.025401
vt 0.471316 0.110980
vt 0.444294 0.112075
vt 0.443413 0.024502
vt 0.430742 0.022650
vt 0.431383 0.114061
vt 0.586840 0.113685
vt 0.589007 0.107596
vt 0.587689 0.026693
vt 0.585332 0.020665
vt 0.300683 0.233855
vt 0.269047 0.233952
vt 0.268911 0.066559
vt 0.300688 0.065972
vt 0.369999 0.065972
vt 0.400859 0.066516
vt 0.403035 0.233869
vt 0.370936 0.233976
vt 0.391044 0.040225
vt 0.278835 0.040350
vt 0.351347 0.263639
vt 0.320827 0.263360
vt 0.301090 0.034873
vt 0.369626 0.035162
vt 0.415284 0.067398
vt 0.417232 0.233623
vt 0.404924 0.036473
vt 0.301100 0.020978
vt 0.369629 0.021268
vt 0.255793 0.066718
vt 0.265597 0.036405
vt 0.254851 0.233934
vt 0.580937 0.288801
vt 0.603876 0.310986
vt 0.603876 0.325168
vt 0.580937 0.325168
vt 0.545440 0.288801
vt 0.545440 0.325168
vt 0.456140 0.310986
vt 0.478801 0.288801
vt 0.478801 0.325168
vt 0.456140 0.325168
vt 0.514338 0.288801
vt 0.514338 0.325168
vt 0.300683 0.233855
vt 0.269047 0.233952
vt 0.268911 0.066559
vt 0.300688 0.065972
vt 0.369999 0.065972
vt 0.400859 0.066516
vt 0.403035 0.233869
vt 0.370936 0.233976
vt 0.391044 0.040225
vt 0.278835 0.040350
vt 0.351347 0.263639
vt 0.320827 0.263360
vt 0.301090 0.034873
vt 0.369626 0.035162
vt 0.415284 0.067398
vt 0.417232 0.233623
vt 0.404924 0.036473
vt 0.301100 0.020878
vt 0.369629 0.021168
vt 0.255793 0.066718
vt 0.265597 0.036405
vt 0.254851 0.233934
vt 0.580937 0.288801
vt 0.603876 0.310986
vt 0.603876 0.325168
vt 0.580937 0.325168
vt 0.545440 0.288801
vt 0.545440 0.325168
vt 0.456140 0.310986
vt 0.478801 0.288801
vt 0.478801 0.325168
vt 0.456140 0.325168
vt 0.514338 0.288801
vt 0.514338 0.325168
vt 0.635738 0.164922
vt 0.623222 0.162288
vt 0.622870 0.158406
vt 0.634957 0.156835
vt 0.628752 0.177391
vt 0.637830 0.172108
vt 0.601653 0.164229
vt 0.602168 0.156588
vt 0.614343 0.158406
vt 0.614640 0.162383
vt 0.607888 0.176638
vt 0.599371 0.171550
vt 0.602940 0.131834
vt 0.614367 0.130157
vt 0.638412 0.081416
vt 0.638412 0.096681
vt 0.631937 0.096681
vt 0.631937 0.081416
vt 0.626119 0.081416
vt 0.626119 0.096681
vt 0.604974 0.096681
vt 0.604975 0.081416
vt 0.622920 0.130259
vt 0.602224 0.123251
vt 0.614739 0.122258
vt 0.609076 0.110893
vt 0.599314 0.116123
vt 0.635243 0.123772
vt 0.634351 0.132125
vt 0.622854 0.122218
vt 0.628300 0.111578
vt 0.638391 0.116875
vt 0.592681 0.096681
vt 0.592681 0.081416
vt 0.599157 0.081416
vt 0.599157 0.096681
vt 0.635738 0.164922
vt 0.623222 0.162288
vt 0.622870 0.158406
vt 0.634957 0.156835
vt 0.628752 0.177391
vt 0.637830 0.172108
vt 0.601653 0.164229
vt 0.602168 0.156588
vt 0.614343 0.158406
vt 0.614640 0.162383
vt 0.607888 0.176638
vt 0.599371 0.171550
vt 0.602940 0.131834
vt 0.614367 0.130157
vt 0.638412 0.081416
vt 0.638412 0.096681
vt 0.631937 0.096681
vt 0.631937 0.081416
vt 0.626119 0.081416
vt 0.626119 0.096681
vt 0.604974 0.096681
vt 0.604975 0.081416
vt 0.622920 0.130259
vt 0.602224 0.123251
vt 0.614739 0.122258
vt 0.609076 0.110893
vt 0.599314 0.116123
vt 0.635243 0.123772
vt 0.634351 0.132125
vt 0.622854 0.122218
vt 0.628300 0.111578
vt 0.638391 0.116875
vt 0.592681 0.096681
vt 0.592681 0.081416
vt 0.599157 0.081416
vt 0.599157 0.096681
vt 0.151930 0.179687
vt 0.138269 0.179782
vt 0.138369 0.040421
vt 0.151930 0.040422
vt 0.193683 0.040403
vt 0.194543 0.179115
vt 0.207164 0.040359
vt 0.208072 0.178972
vt 0.196117 0.772764
vt 0.209871 0.772437
vt 0.212995 0.985901
vt 0.198873 0.985850
vt 0.151930 0.774163
vt 0.151930 0.985280
vt 0.137759 0.985160
vt 0.138085 0.774446
vt 0.151930 0.313020
vt 0.138160 0.313097
vt 0.195614 0.312678
vt 0.209274 0.312596
vt 0.195377 0.603903
vt 0.209028 0.603897
vt 0.151930 0.603905
vt 0.138181 0.603901
vt 0.348179 0.333503
vt 0.270223 0.333503
vt 0.270223 0.304163
vt 0.348179 0.304163
vt 0.254938 0.315604
vt 0.254938 0.304163
vt 0.363464 0.304163
vt 0.363464 0.315604
vt 0.134195 0.040416
vt 0.132185 0.179777
vt 0.131270 0.313095
vt 0.131291 0.603898
vt 0.131196 0.774438
vt 0.130884 0.985148
vt 0.254938 0.292721
vt 0.270223 0.274822
vt 0.348179 0.274822
vt 0.363464 0.292721
vt 0.216707 0.772362
vt 0.219843 0.985795
vt 0.215859 0.603889
vt 0.216096 0.312580
vt 0.214890 0.178915
vt 0.211688 0.040308
vt 0.151930 0.179687
vt 0.151930 0.040422
vt 0.138369 0.040421
vt 0.138269 0.179782
vt 0.194543 0.179115
vt 0.193683 0.040403
vt 0.208072 0.178972
vt 0.207164 0.040359
vt 0.196117 0.772764
vt 0.198873 0.985850
vt 0.212995 0.985901
vt 0.209871 0.772437
vt 0.151930 0.774163
vt 0.151930 0.985280
vt 0.137759 0.985160
vt 0.138085 0.774446
vt 0.151930 0.313020
vt 0.138160 0.313097
vt 0.195614 0.312678
vt 0.209274 0.312596
vt 0.195377 0.603903
vt 0.209028 0.603897
vt 0.151930 0.603905
vt 0.138181 0.603901
vt 0.134195 0.040416
vt 0.132185 0.179777
vt 0.131270 0.313095
vt 0.131291 0.603898
vt 0.131196 0.774438
vt 0.130884 0.985148
vt 0.219843 0.985795
vt 0.216707 0.772362
vt 0.215859 0.603889
vt 0.216096 0.312580
vt 0.214890 0.178915
vt 0.211688 0.040308
vn 0.057633 -0.889164 0.453944
vn 0.057219 -0.888167 0.455945
vn 0.064692 -0.997905 -0.000780
vn 0.064656 -0.997907 -0.000947
vn 0.013684 -0.213904 0.976759
vn 0.014163 -0.219510 0.975507
vn -0.012843 0.219665 0.975491
vn -0.012644 0.213314 0.976902
vn -0.052214 0.888627 0.455650
vn -0.051860 0.889095 0.454775
vn -0.058196 0.998305 -0.000982
vn -0.058245 0.998302 -0.000757
vn 0.999137 0.035135 0.022177
vn 0.999496 0.031706 0.001292
vn 0.999118 0.035462 0.022479
vn 0.999425 0.033907 0.000002
vn -0.995483 -0.094942 -0.000014
vn -0.995259 -0.097248 0.001339
vn -0.995117 -0.098242 0.009533
vn -0.994946 -0.099797 0.011130
vn 0.996603 0.069081 0.044831
vn 0.996604 0.069271 0.044525
vn -0.995695 -0.087236 0.031335
vn -0.995632 -0.087507 0.032558
vn 0.995838 0.086418 0.028969
vn 0.995772 0.086722 0.030292
vn -0.996547 -0.068507 0.046906
vn -0.996549 -0.068337 0.047117
vn -0.999248 -0.030254 0.024235
vn -0.999229 -0.030337 0.024939
vn 0.995636 0.093058 0.007092
vn 0.995449 0.094863 0.009076
vn 0.996046 0.088841 -0.000015
vn 0.995835 0.091167 0.001350
vn -0.999670 -0.025674 0.001283
vn -0.999612 -0.027856 0.000005
vn 0.057633 -0.889164 -0.453944
vn 0.064692 -0.997905 0.000779
vn 0.057219 -0.888167 -0.455945
vn 0.064656 -0.997907 0.000947
vn 0.014163 -0.219510 -0.975507
vn 0.013684 -0.213904 -0.976759
vn -0.012644 0.213314 -0.976902
vn -0.012843 0.219665 -0.975491
vn -0.051860 0.889095 -0.454775
vn -0.052214 0.888627 -0.455650
vn -0.058196 0.998305 0.000981
vn -0.058245 0.998302 0.000757
vn 0.999425 0.033907 -0.000002
vn 0.999496 0.031706 -0.001292
vn 0.999118 0.035462 -0.022479
vn 0.999137 0.035135 -0.022177
vn -0.995483 -0.094942 0.000014
vn -0.995117 -0.098240 -0.009533
vn -0.995259 -0.097247 -0.001339
vn -0.994946 -0.099796 -0.011130
vn 0.996604 0.069271 -0.044525
vn 0.996603 0.069082 -0.044831
vn -0.995695 -0.087236 -0.031335
vn -0.995632 -0.087507 -0.032558
vn 0.995838 0.086417 -0.028969
vn 0.995772 0.086721 -0.030292
vn -0.996547 -0.068507 -0.046906
vn -0.996549 -0.068337 -0.047117
vn -0.999229 -0.030337 -0.024939
vn -0.999249 -0.030254 -0.024235
vn 0.995636 0.093058 -0.007092
vn 0.995449 0.094862 -0.009076
vn 0.996046 0.088841 0.000015
vn 0.995835 0.091167 -0.001350
vn -0.999612 -0.027856 -0.000005
vn -0.999670 -0.025674 -0.001283
vn 0.020489 -0.217556 0.975833
vn 0.020748 -0.220439 0.975180
vn 0.083636 -0.888711 0.450775
vn 0.083639 -0.889226 0.449756
vn -0.020864 0.219207 0.975455
vn -0.020483 0.215631 0.976260
vn -0.084491 0.888509 0.451013
vn -0.084597 0.888835 0.450351
vn 0.996174 0.078989 0.037403
vn 0.998157 0.058872 0.014703
vn 0.996148 0.079282 0.037467
vn 0.998098 0.060120 0.013657
vn -0.992025 -0.124223 0.021351
vn -0.991960 -0.124744 0.021311
vn -0.994742 -0.091876 0.045255
vn -0.994755 -0.092110 0.044481
vn 0.994349 0.096971 0.043195
vn 0.994345 0.097211 0.042765
vn -0.996593 -0.074719 0.034914
vn -0.996621 -0.074397 0.034798
vn -0.998200 -0.058687 0.012380
vn -0.998128 -0.060182 0.010939
vn 0.991835 0.126027 0.019533
vn 0.991743 0.126710 0.019741
vn -0.992147 -0.125080 0.000010
vn -0.991865 -0.127286 0.001267
vn 0.093632 -0.995607 -0.000908
vn 0.093651 -0.995605 -0.000806
vn 0.998205 0.059880 0.001293
vn 0.998065 0.062186 -0.000003
vn 0.992004 0.126208 0.000003
vn 0.991717 0.128435 0.001271
vn -0.094763 0.995499 -0.000959
vn -0.094743 0.995501 -0.000846
vn -0.998142 -0.060925 0.001302
vn -0.997999 -0.063226 0.000002
vn 0.020489 -0.217556 -0.975833
vn 0.083636 -0.888711 -0.450775
vn 0.020748 -0.220439 -0.975180
vn 0.083639 -0.889226 -0.449756
vn -0.020864 0.219207 -0.975455
vn -0.020483 0.215631 -0.976260
vn -0.084491 0.888509 -0.451013
vn -0.084597 0.888835 -0.450351
vn 0.998098 0.060110 -0.013657
vn 0.998158 0.058867 -0.014703
vn 0.996148 0.079282 -0.037467
vn 0.996174 0.078989 -0.037403
vn -0.992024 -0.124230 -0.021351
vn -0.994742 -0.091875 -0.045255
vn -0.991959 -0.124752 -0.021311
vn -0.994755 -0.092109 -0.044481
vn 0.994350 0.096970 -0.043196
vn 0.994345 0.097209 -0.042765
vn -0.996593 -0.074720 -0.034914
vn -0.996621 -0.074397 -0.034798
vn -0.998126 -0.060201 -0.010939
vn -0.998199 -0.058704 -0.012380
vn 0.991835 0.126027 -0.019533
vn 0.991743 0.126710 -0.019741
vn -0.992147 -0.125080 -0.000010
vn -0.991864 -0.127293 -0.001267
vn 0.093632 -0.995607 0.000907
vn 0.093651 -0.995605 0.000806
vn 0.998066 0.062157 0.000003
vn 0.998206 0.059864 -0.001293
vn 0.992004 0.126208 -0.000003
vn 0.991717 0.128435 -0.001271
vn -0.094763 0.995499 0.000959
vn -0.094743 0.995502 0.000846
vn -0.998001 -0.063197 -0.000002
vn -0.998143 -0.060910 -0.001302
vn 0.032239 -0.215747 -0.975917
vn 0.132636 -0.882946 -0.450348
vn 0.033307 -0.220946 -0.974717
vn 0.133309 -0.882843 -0.450351
vn -0.030627 0.218234 -0.975416
vn -0.029997 0.212060 -0.976796
vn -0.124229 0.883042 -0.452553
vn -0.123843 0.884826 -0.449161
vn -0.138620 0.990345 0.000844
vn -0.138595 0.990349 0.000987
vn 0.993398 0.114261 -0.010287
vn 0.993560 0.112689 -0.011842
vn 0.991265 0.127350 -0.034279
vn 0.991308 0.127023 -0.034261
vn -0.983833 -0.176749 -0.028839
vn -0.989930 -0.131246 -0.053045
vn -0.983898 -0.176572 -0.027698
vn -0.989992 -0.131440 -0.051377
vn 0.988753 0.143404 -0.042469
vn 0.988738 0.143658 -0.041937
vn -0.993032 -0.113312 -0.032361
vn -0.993084 -0.112963 -0.032007
vn -0.994613 -0.103340 -0.008168
vn -0.994777 -0.101585 -0.009984
vn 0.985181 0.170520 -0.018501
vn 0.985035 0.171314 -0.018902
vn 0.985391 0.170307 0.000006
vn 0.985004 0.172529 -0.001260
vn -0.994209 -0.107463 0.000006
vn -0.994460 -0.105112 -0.001318
vn -0.983599 -0.180370 -0.000001
vn -0.983206 -0.182498 -0.001226
vn 0.149277 -0.988795 0.000936
vn 0.149319 -0.988789 0.000699
vn 0.993065 0.117564 0.000003
vn 0.993335 0.115256 -0.001305
vn 0.032239 -0.215747 0.975917
vn 0.033307 -0.220946 0.974717
vn 0.132636 -0.882946 0.450348
vn 0.133309 -0.882843 0.450351
vn -0.030627 0.218234 0.975416
vn -0.029997 0.212060 0.976796
vn -0.124229 0.883042 0.452552
vn -0.123843 0.884827 0.449160
vn -0.138620 0.990345 -0.000844
vn -0.138595 0.990349 -0.000987
vn 0.991308 0.127022 0.034261
vn 0.993560 0.112689 0.011842
vn 0.991265 0.127350 0.034279
vn 0.993398 0.114261 0.010287
vn -0.983832 -0.176757 0.028839
vn -0.983896 -0.176581 0.027698
vn -0.989929 -0.131249 0.053045
vn -0.989991 -0.131444 0.051377
vn 0.988753 0.143400 0.042469
vn 0.988739 0.143654 0.041938
vn -0.993032 -0.113312 0.032361
vn -0.993084 -0.112963 0.032007
vn -0.994775 -0.101604 0.009984
vn -0.994610 -0.103362 0.008168
vn 0.985180 0.170522 0.018501
vn 0.985036 0.171307 0.018902
vn 0.985382 0.170359 -0.000006
vn 0.984999 0.172556 0.001260
vn -0.994459 -0.105116 0.001318
vn -0.994209 -0.107463 -0.000006
vn -0.983599 -0.180367 0.000001
vn -0.983205 -0.182501 0.001226
vn 0.149278 -0.988795 -0.000936
vn 0.149319 -0.988789 -0.000699
vn 0.993335 0.115256 0.001305
vn 0.993065 0.117564 -0.000003
vn 0.060998 0.226106 0.972191
vn -0.058541 0.853919 0.517102
vn -0.062333 0.372866 0.925789
vn -0.139885 0.839859 0.524470
vn 0.137137 -0.200006 0.970150
vn 0.065126 -0.370012 0.926741
vn 0.227637 -0.824573 0.517939
vn 0.147842 -0.836133 0.528228
vn 0.855763 -0.037870 0.515981
vn 0.797525 0.312691 0.515925
vn -0.000980 0.000576 0.999999
vn -0.000772 -0.000726 1.000000
vn 0.287422 -0.957801 0.002550
vn 0.174072 -0.984733 -0.000478
vn 0.996364 -0.085153 0.002916
vn 0.915282 0.402804 0.002890
vn -0.046980 0.998893 0.002527
vn -0.164335 0.986404 -0.000470
vn -0.986278 -0.164787 0.010078
vn -0.986174 -0.165468 0.008973
vn -0.986143 -0.165671 0.008644
vn -0.985670 -0.168643 0.003819
vn -0.408240 -0.912868 0.003558
vn -0.407609 -0.913147 0.004225
vn -0.407581 -0.913159 0.004254
vn -0.406960 -0.913433 0.004909
vn -0.987434 -0.157989 0.003801
vn -0.986885 -0.161177 0.008935
vn -0.986918 -0.160991 0.008636
vn -0.986761 -0.161870 0.010052
vn -0.680079 0.733123 0.004908
vn -0.680603 0.732640 0.004226
vn -0.680581 0.732660 0.004254
vn -0.681114 0.732169 0.003560
vn -0.986649 -0.162822 0.003558
vn -0.986650 -0.162819 0.003558
vn -0.986650 -0.162819 0.003558
vn -0.986650 -0.162816 0.003559
vn -0.139884 0.839860 -0.524469
vn -0.058541 0.853919 -0.517102
vn -0.062333 0.372867 -0.925789
vn 0.060998 0.226106 -0.972191
vn 0.137137 -0.200006 -0.970150
vn 0.227637 -0.824573 -0.517939
vn 0.065126 -0.370012 -0.926741
vn 0.147842 -0.836133 -0.528228
vn 0.855763 -0.037870 -0.515981
vn 0.797525 0.312690 -0.515926
vn -0.000980 0.000576 -0.999999
vn -0.000772 -0.000726 -1.000000
vn 0.287422 -0.957801 -0.002550
vn 0.174072 -0.984733 0.000478
vn 0.996364 -0.085153 -0.002916
vn 0.915281 0.402805 -0.002890
vn -0.046980 0.998893 -0.002527
vn -0.164335 0.986405 0.000470
vn -0.986279 -0.164777 -0.010078
vn -0.986145 -0.165663 -0.008644
vn -0.986176 -0.165460 -0.008973
vn -0.985670 -0.168643 -0.003818
vn -0.406957 -0.913434 -0.004909
vn -0.407607 -0.913148 -0.004225
vn -0.407579 -0.913160 -0.004254
vn -0.408240 -0.912868 -0.003558
vn -0.986759 -0.161880 -0.010052
vn -0.986883 -0.161187 -0.008935
vn -0.986916 -0.161002 -0.008636
vn -0.987432 -0.158002 -0.003801
vn -0.680083 0.733119 -0.004909
vn -0.680583 0.732658 -0.004254
vn -0.680605 0.732638 -0.004226
vn -0.681114 0.732169 -0.003560
vn -0.986651 -0.162813 -0.003558
vn -0.986650 -0.162814 -0.003558
vn -0.986650 -0.162815 -0.003558
vn -0.986650 -0.162816 -0.003559
vn 0.000188 -0.011621 -0.999932
vn -0.001488 -0.011353 -0.999934
vn -0.007022 -0.004895 -0.999963
vn -0.009341 -0.008148 -0.999923
vn -0.000965 0.011869 -0.999929
vn -0.008031 -0.001371 -0.999967
vn -0.009341 -0.008148 0.999923
vn -0.001488 -0.011353 0.999934
vn -0.007022 -0.004895 0.999963
vn 0.000188 -0.011621 0.999933
vn -0.008031 -0.001371 0.999967
vn -0.000966 0.011869 0.999929
vn 0.003732 -0.010782 0.999935
vn 0.001918 -0.011355 0.999934
vn -0.873558 -0.486721 0.000000
vn -0.873963 -0.485992 0.000000
vn -0.996781 -0.080178 0.000000
vn -0.996779 -0.080196 0.000000
vn 0.998137 0.061007 0.000000
vn 0.890311 0.455353 0.000000
vn 0.998136 0.061028 0.000000
vn 0.890927 0.454147 0.000000
vn -0.142782 -0.989754 0.000000
vn -0.142794 -0.989752 0.000000
vn 0.061109 0.998131 0.000000
vn -0.221312 0.975203 0.000000
vn 0.061262 0.998122 0.000000
vn -0.221455 0.975171 0.000000
vn 0.300574 -0.953759 0.000000
vn 0.300564 -0.953762 0.000000
vn 0.007720 -0.003698 0.999963
vn 0.010533 -0.006535 0.999923
vn -0.000961 0.011869 0.999929
vn 0.008147 -0.000057 0.999967
vn 0.010533 -0.006535 -0.999923
vn 0.003732 -0.010782 -0.999935
vn 0.007720 -0.003698 -0.999963
vn 0.001918 -0.011355 -0.999934
vn 0.008147 -0.000057 -0.999967
vn -0.000961 0.011869 -0.999929
vn 0.940624 -0.339451 0.000000
vn 0.940907 -0.338664 0.000000
vn 0.996663 0.081621 0.000000
vn 0.996663 0.081631 0.000000
vn -0.994909 -0.100780 0.000000
vn -0.952004 0.306087 0.000000
vn -0.994911 -0.100760 0.000000
vn -0.952607 0.304203 0.000000
vn 0.000188 -0.011621 -0.999932
vn -0.001488 -0.011353 -0.999934
vn -0.007022 -0.004895 -0.999963
vn -0.009342 -0.008148 -0.999923
vn -0.000965 0.011869 -0.999929
vn -0.008031 -0.001371 -0.999967
vn -0.009342 -0.008148 0.999923
vn -0.001488 -0.011353 0.999934
vn -0.007022 -0.004895 0.999963
vn 0.000188 -0.011621 0.999932
vn -0.008031 -0.001371 0.999967
vn -0.000965 0.011869 0.999929
vn 0.003732 -0.010782 0.999935
vn 0.001918 -0.011355 0.999934
vn -0.873562 -0.486713 0.000000
vn -0.873970 -0.485980 0.000000
vn -0.996779 -0.080193 0.000000
vn -0.996779 -0.080202 0.000000
vn 0.998135 0.061050 0.000000
vn 0.890303 0.455369 0.000000
vn 0.998136 0.061028 0.000000
vn 0.890921 0.454159 0.000000
vn -0.142783 -0.989754 0.000000
vn -0.142796 -0.989752 0.000000
vn 0.061111 0.998131 0.000000
vn -0.221310 0.975203 0.000000
vn 0.061260 0.998122 0.000000
vn -0.221456 0.975170 0.000000
vn 0.300572 -0.953759 0.000000
vn 0.300562 -0.953762 0.000000
vn 0.007720 -0.003698 0.999963
vn 0.010533 -0.006535 0.999923
vn -0.000961 0.011869 0.999929
vn 0.008147 -0.000057 0.999967
vn 0.010533 -0.006535 -0.999923
vn 0.003732 -0.010782 -0.999935
vn 0.007720 -0.003698 -0.999963
vn 0.001918 -0.011355 -0.999934
vn 0.008147 -0.000057 -0.999967
vn -0.000962 0.011869 -0.999929
vn 0.940624 -0.339450 0.000000
vn 0.940907 -0.338666 0.000000
vn 0.996662 0.081635 0.000000
vn 0.996663 0.081631 0.000000
vn -0.994911 -0.100759 0.000000
vn -0.952006 0.306080 0.000000
vn -0.994911 -0.100762 0.000000
vn -0.952603 0.304215 0.000000
vn -0.031318 0.203547 0.978564
vn -0.034619 0.208662 0.977375
vn -0.136824 0.891390 0.432092
vn -0.148064 0.892652 0.425735
vn 0.035688 -0.206844 0.977723
vn 0.033605 -0.207877 0.977578
vn 0.154169 -0.891267 0.426468
vn 0.144322 -0.890704 0.431066
vn 0.011655 -0.202192 0.979277
vn 0.010837 -0.196539 0.980436
vn 0.053115 -0.894561 0.443779
vn 0.050397 -0.885644 0.461622
vn -0.007683 0.187032 0.982324
vn -0.009903 0.197223 0.980309
vn -0.034693 0.885154 0.464002
vn -0.043347 0.894348 0.445267
vn -0.021648 0.197355 0.980093
vn -0.097671 0.892196 0.440960
vn 0.023183 -0.206776 0.978114
vn 0.100095 -0.893370 0.438031
vn 0.017226 -0.206839 0.978223
vn 0.074663 -0.896319 0.437079
vn -0.016425 0.200790 0.979497
vn -0.073127 0.895439 0.439137
vn -0.999549 -0.028696 -0.008861
vn -0.999589 -0.028663 -0.000003
vn -0.999551 -0.028654 -0.008750
vn -0.999589 -0.028663 0.000037
vn -0.999780 -0.019134 -0.008642
vn -0.999830 -0.018458 0.000000
vn -0.999799 -0.018499 -0.007775
vn -0.999873 -0.015912 0.000000
vn -0.999119 -0.041966 -0.000000
vn -0.999226 -0.039341 0.000000
vn -0.999197 -0.039298 -0.007886
vn -0.999215 -0.038642 -0.008782
vn -0.163636 0.986516 0.003207
vn -0.151448 0.988460 0.003270
vn -0.108533 0.994087 0.003352
vn -0.081270 0.996686 0.003384
vn -0.047585 0.998861 0.003427
vn -0.039181 0.999232 -0.001113
vn -0.999780 -0.019136 0.008642
vn -0.999799 -0.018500 0.007775
vn -0.999551 -0.028654 0.008827
vn -0.999550 -0.028696 0.008716
vn -0.999215 -0.038640 0.008782
vn -0.999196 -0.039297 0.007886
vn 0.060356 -0.998171 0.003408
vn 0.056792 -0.998385 -0.001136
vn 0.083003 -0.996544 0.003340
vn 0.111297 -0.993782 0.003286
vn 0.160339 -0.987057 0.003240
vn 0.171038 -0.985259 0.003216
vn -0.031318 0.203547 -0.978564
vn -0.136824 0.891390 -0.432093
vn -0.034619 0.208662 -0.977375
vn -0.148064 0.892652 -0.425735
vn 0.035688 -0.206844 -0.977723
vn 0.033605 -0.207877 -0.977578
vn 0.154169 -0.891267 -0.426468
vn 0.144322 -0.890704 -0.431066
vn 0.011655 -0.202192 -0.979277
vn 0.053115 -0.894561 -0.443779
vn 0.010837 -0.196539 -0.980436
vn 0.050397 -0.885644 -0.461622
vn -0.009903 0.197223 -0.980309
vn -0.007683 0.187032 -0.982324
vn -0.034693 0.885154 -0.464003
vn -0.043347 0.894348 -0.445267
vn -0.021648 0.197355 -0.980093
vn -0.097671 0.892196 -0.440960
vn 0.023183 -0.206776 -0.978114
vn 0.100095 -0.893370 -0.438032
vn 0.074663 -0.896319 -0.437079
vn 0.017226 -0.206839 -0.978223
vn -0.016425 0.200790 -0.979497
vn -0.073127 0.895439 -0.439137
vn -0.163636 0.986516 -0.003206
vn -0.151448 0.988460 -0.003271
vn -0.108533 0.994087 -0.003352
vn -0.081270 0.996686 -0.003384
vn -0.047585 0.998861 -0.003427
vn -0.039181 0.999232 0.001113
vn 0.060356 -0.998171 -0.003407
vn 0.056792 -0.998385 0.001136
vn 0.083003 -0.996544 -0.003340
vn 0.111297 -0.993782 -0.003286
vn 0.160339 -0.987057 -0.003240
vn 0.171038 -0.985259 -0.003216
s 1
g sheath_luminous
f 3488/4859/6085 3489/4860/6086 3497/4882/6087
f 3497/4882/6087 3489/4860/6086 3498/4880/6088
f 3491/4862/6089 3489/4860/6086 3490/4861/6090
f 3490/4861/6090 3489/4860/6086 3488/4859/6085
f 3493/4864/6091 3491/4862/6089 3492/4863/6092
f 3492/4863/6092 3491/4862/6089 3490/4861/6090
f 3492/4863/6092 3495/4866/6093 3493/4864/6091
f 3493/4864/6091 3495/4866/6093 3494/4865/6094
f 3502/4877/6095 3501/4879/6096 3495/4866/6093
f 3495/4866/6093 3501/4879/6096 3494/4865/6094
s 2
f 3488/4859/6097 3497/4882/6098 3487/4867/6099
f 3487/4867/6099 3497/4882/6098 3496/4875/6100
s 3
f 3499/4881/6101 3498/4880/6102 3483/4868/6103
f 3483/4868/6103 3498/4880/6102 3489/4860/6104
s 2
f 3490/4861/6105 3488/4859/6097 3486/4869/6106
f 3486/4869/6106 3488/4859/6097 3487/4867/6099
s 3
f 3483/4868/6103 3489/4860/6104 3482/4870/6107
f 3482/4870/6107 3489/4860/6104 3491/4862/6108
s 2
f 3485/4871/6109 3492/4863/6110 3486/4869/6106
f 3486/4869/6106 3492/4863/6110 3490/4861/6105
s 3
f 3482/4870/6107 3491/4862/6108 3481/4872/6111
f 3481/4872/6111 3491/4862/6108 3493/4864/6112
f 3493/4864/6112 3494/4865/6113 3481/4872/6111
f 3481/4872/6111 3494/4865/6113 3480/4873/6114
s 2
f 3484/4874/6115 3495/4866/6116 3485/4871/6109
f 3485/4871/6109 3495/4866/6116 3492/4863/6110
f 3503/4878/6117 3502/4877/6118 3484/4874/6115
f 3484/4874/6115 3502/4877/6118 3495/4866/6116
s 3
f 3494/4865/6113 3501/4879/6119 3480/4873/6114
f 3480/4873/6114 3501/4879/6119 3500/4876/6120
s 6
f 3512/4883/6121 3497/4884/6122 3513/4886/6123
f 3513/4886/6123 3497/4884/6122 3498/4885/6124
f 3512/4883/6121 3513/4886/6123 3514/4887/6125
f 3514/4887/6125 3513/4886/6123 3515/4888/6126
f 3514/4887/6125 3515/4888/6126 3516/4889/6127
f 3516/4889/6127 3515/4888/6126 3517/4890/6128
f 3518/4891/6129 3519/4892/6130 3517/4890/6128
f 3517/4890/6128 3519/4892/6130 3516/4889/6127
f 3502/4893/6131 3519/4892/6130 3501/4894/6132
f 3501/4894/6132 3519/4892/6130 3518/4891/6129
s 8
f 3496/4896/6133 3497/4884/6134 3511/4895/6135
f 3511/4895/6135 3497/4884/6134 3512/4883/6136
s 9
f 3499/4897/6137 3507/4898/6138 3498/4885/6139
f 3498/4885/6139 3507/4898/6138 3513/4886/6140
s 8
f 3511/4895/6135 3512/4883/6136 3510/4899/6141
f 3510/4899/6141 3512/4883/6136 3514/4887/6142
s 9
f 3507/4898/6138 3506/4900/6143 3513/4886/6140
f 3513/4886/6140 3506/4900/6143 3515/4888/6144
s 8
f 3509/4901/6145 3510/4899/6141 3516/4889/6146
f 3516/4889/6146 3510/4899/6141 3514/4887/6142
s 9
f 3506/4900/6143 3505/4902/6147 3515/4888/6144
f 3515/4888/6144 3505/4902/6147 3517/4890/6148
f 3504/4903/6149 3518/4891/6150 3505/4902/6147
f 3505/4902/6147 3518/4891/6150 3517/4890/6148
s 8
f 3508/4904/6151 3509/4901/6145 3519/4892/6152
f 3519/4892/6152 3509/4901/6145 3516/4889/6146
f 3503/4905/6153 3508/4904/6151 3502/4893/6154
f 3502/4893/6154 3508/4904/6151 3519/4892/6152
s 9
f 3500/4906/6155 3501/4894/6156 3504/4903/6149
f 3504/4903/6149 3501/4894/6156 3518/4891/6150
s 11
f 3530/4907/6157 3531/4910/6158 3528/4908/6159
f 3528/4908/6159 3531/4910/6158 3529/4909/6160
f 3532/4911/6161 3533/4912/6162 3530/4907/6157
f 3530/4907/6157 3533/4912/6162 3531/4910/6158
f 3533/4912/6162 3532/4911/6161 3534/4913/6163
f 3534/4913/6163 3532/4911/6161 3535/4914/6164
s 13
f 3530/4907/6165 3528/4908/6166 3526/4915/6167
f 3526/4915/6167 3528/4908/6166 3527/4916/6168
s 14
f 3520/4917/6169 3529/4909/6170 3521/4918/6171
f 3521/4918/6171 3529/4909/6170 3531/4910/6172
s 13
f 3525/4919/6173 3532/4911/6174 3526/4915/6167
f 3526/4915/6167 3532/4911/6174 3530/4907/6165
s 14
f 3521/4918/6171 3531/4910/6172 3522/4920/6175
f 3522/4920/6175 3531/4910/6172 3533/4912/6176
f 3533/4912/6176 3534/4913/6177 3522/4920/6175
f 3522/4920/6175 3534/4913/6177 3523/4921/6178
s 13
f 3524/4922/6179 3535/4914/6180 3525/4919/6173
f 3525/4919/6173 3535/4914/6180 3532/4911/6174
s 14
f 3536/4923/6181 3537/4924/6182 3520/4917/6169
f 3520/4917/6169 3537/4924/6182 3529/4909/6170
s 11
f 3528/4908/6159 3529/4909/6160 3538/4925/6183
f 3538/4925/6183 3529/4909/6160 3537/4924/6184
s 13
f 3528/4908/6166 3538/4925/6185 3527/4916/6168
f 3527/4916/6168 3538/4925/6185 3539/4926/6186
f 3540/4927/6187 3541/4928/6188 3524/4922/6179
f 3524/4922/6179 3541/4928/6188 3535/4914/6180
s 11
f 3542/4929/6189 3534/4913/6163 3541/4928/6190
f 3541/4928/6190 3534/4913/6163 3535/4914/6164
s 14
f 3534/4913/6177 3542/4929/6191 3523/4921/6178
f 3523/4921/6178 3542/4929/6191 3543/4930/6192
s 17
f 3554/4931/6193 3552/4932/6194 3555/4934/6195
f 3555/4934/6195 3552/4932/6194 3553/4933/6196
f 3556/4935/6197 3554/4931/6193 3557/4936/6198
f 3557/4936/6198 3554/4931/6193 3555/4934/6195
f 3557/4936/6198 3558/4937/6199 3556/4935/6197
f 3556/4935/6197 3558/4937/6199 3559/4938/6200
s 18
f 3551/4940/6201 3552/4932/6202 3550/4939/6203
f 3550/4939/6203 3552/4932/6202 3554/4931/6204
s 19
f 3544/4941/6205 3545/4942/6206 3553/4933/6207
f 3553/4933/6207 3545/4942/6206 3555/4934/6208
s 18
f 3549/4943/6209 3550/4939/6203 3556/4935/6210
f 3556/4935/6210 3550/4939/6203 3554/4931/6204
s 19
f 3545/4942/6206 3546/4944/6211 3555/4934/6208
f 3555/4934/6208 3546/4944/6211 3557/4936/6212
f 3547/4945/6213 3558/4937/6214 3546/4944/6211
f 3546/4944/6211 3558/4937/6214 3557/4936/6212
s 18
f 3548/4946/6215 3549/4943/6209 3559/4938/6216
f 3559/4938/6216 3549/4943/6209 3556/4935/6210
s 19
f 3536/4947/6217 3544/4941/6205 3537/4948/6218
f 3537/4948/6218 3544/4941/6205 3553/4933/6207
s 17
f 3552/4932/6194 3538/4949/6219 3553/4933/6196
f 3553/4933/6196 3538/4949/6219 3537/4948/6220
s 18
f 3539/4950/6221 3538/4949/6222 3551/4940/6201
f 3551/4940/6201 3538/4949/6222 3552/4932/6202
f 3540/4951/6223 3548/4946/6215 3541/4952/6224
f 3541/4952/6224 3548/4946/6215 3559/4938/6216
s 17
f 3542/4953/6225 3541/4952/6226 3558/4937/6199
f 3558/4937/6199 3541/4952/6226 3559/4938/6200
s 19
f 3543/4954/6227 3542/4953/6228 3547/4945/6213
f 3547/4945/6213 3542/4953/6228 3558/4937/6214
s 21
f 3570/4955/6229 3568/4956/6230 3571/4958/6231
f 3571/4958/6231 3568/4956/6230 3569/4957/6232
f 3572/4959/6233 3570/4955/6229 3573/4960/6234
f 3573/4960/6234 3570/4955/6229 3571/4958/6231
f 3573/4960/6234 3574/4961/6235 3572/4959/6233
f 3572/4959/6233 3574/4961/6235 3575/4962/6236
f 3582/4963/6237 3575/4962/6236 3581/4964/6238
f 3581/4964/6238 3575/4962/6236 3574/4961/6235
s 22
f 3564/4966/6239 3568/4956/6240 3565/4965/6241
f 3565/4965/6241 3568/4956/6240 3570/4955/6242
s 23
f 3560/4967/6243 3561/4968/6244 3569/4957/6245
f 3569/4957/6245 3561/4968/6244 3571/4958/6246
s 22
f 3566/4969/6247 3565/4965/6241 3572/4959/6248
f 3572/4959/6248 3565/4965/6241 3570/4955/6242
s 23
f 3561/4968/6244 3562/4970/6249 3571/4958/6246
f 3571/4958/6246 3562/4970/6249 3573/4960/6250
f 3563/4971/6251 3574/4961/6252 3562/4970/6249
f 3562/4970/6249 3574/4961/6252 3573/4960/6250
s 22
f 3567/4972/6253 3566/4969/6247 3575/4962/6254
f 3575/4962/6254 3566/4969/6247 3572/4959/6248
f 3583/4973/6255 3567/4972/6253 3582/4963/6256
f 3582/4963/6256 3567/4972/6253 3575/4962/6254
s 23
f 3580/4974/6257 3581/4964/6258 3563/4971/6251
f 3563/4971/6251 3581/4964/6258 3574/4961/6252
f 3576/4975/6259 3560/4967/6243 3577/4976/6260
f 3577/4976/6260 3560/4967/6243 3569/4957/6245
s 21
f 3568/4956/6230 3578/4977/6261 3569/4957/6232
f 3569/4957/6232 3578/4977/6261 3577/4976/6262
s 22
f 3579/4978/6263 3578/4977/6264 3564/4966/6239
f 3564/4966/6239 3578/4977/6264 3568/4956/6240
s 25
f 3594/4979/6265 3595/4982/6266 3592/4980/6267
f 3592/4980/6267 3595/4982/6266 3593/4981/6268
f 3596/4983/6269 3597/4984/6270 3594/4979/6265
f 3594/4979/6265 3597/4984/6270 3595/4982/6266
f 3597/4984/6270 3596/4983/6269 3598/4985/6271
f 3598/4985/6271 3596/4983/6269 3599/4986/6272
f 3582/4987/6273 3581/4988/6274 3599/4986/6272
f 3599/4986/6272 3581/4988/6274 3598/4985/6271
s 27
f 3594/4979/6275 3592/4980/6276 3589/4989/6277
f 3589/4989/6277 3592/4980/6276 3588/4990/6278
s 28
f 3584/4991/6279 3593/4981/6280 3585/4992/6281
f 3585/4992/6281 3593/4981/6280 3595/4982/6282
s 27
f 3590/4993/6283 3596/4983/6284 3589/4989/6277
f 3589/4989/6277 3596/4983/6284 3594/4979/6275
s 28
f 3585/4992/6281 3595/4982/6282 3586/4994/6285
f 3586/4994/6285 3595/4982/6282 3597/4984/6286
f 3597/4984/6286 3598/4985/6287 3586/4994/6285
f 3586/4994/6285 3598/4985/6287 3587/4995/6288
s 27
f 3591/4996/6289 3599/4986/6290 3590/4993/6283
f 3590/4993/6283 3599/4986/6290 3596/4983/6284
f 3583/4997/6291 3582/4987/6292 3591/4996/6289
f 3591/4996/6289 3582/4987/6292 3599/4986/6290
s 28
f 3598/4985/6287 3581/4988/6293 3587/4995/6288
f 3587/4995/6288 3581/4988/6293 3580/4998/6294
f 3576/4999/6295 3577/5000/6296 3584/4991/6279
f 3584/4991/6279 3577/5000/6296 3593/4981/6280
s 25
f 3592/4980/6267 3593/4981/6268 3578/5001/6297
f 3578/5001/6297 3593/4981/6268 3577/5000/6298
s 27
f 3592/4980/6276 3578/5001/6299 3588/4990/6278
f 3588/4990/6278 3578/5001/6299 3579/5002/6300
s 31
f 3600/5006/6301 3602/5005/6302 3606/5003/6303
f 3606/5003/6303 3602/5005/6302 3607/5004/6304
f 3601/5007/6305 3605/5010/6306 3603/5008/6307
f 3603/5008/6307 3605/5010/6306 3604/5009/6308
f 3608/5011/6309 3601/5007/6305 3603/5008/6307
f 3600/5006/6301 3609/5012/6310 3602/5005/6302
f 3611/5013/6311 3601/5007/6305 3610/5014/6312
f 3610/5014/6312 3601/5007/6305 3600/5006/6301
f 3601/5007/6305 3608/5016/6309 3600/5006/6301
f 3600/5006/6301 3608/5016/6309 3609/5015/6310
f 3601/5007/6305 3611/5013/6311 3605/5010/6306
f 3600/5006/6301 3606/5003/6303 3610/5014/6312
f 3603/5008/6307 3604/5009/6308 3613/5017/6313
f 3613/5017/6313 3604/5009/6308 3612/5018/6314
f 3614/5019/6315 3608/5011/6309 3613/5017/6313
f 3613/5017/6313 3608/5011/6309 3603/5008/6307
f 3608/5016/6309 3614/5021/6315 3609/5015/6310
f 3609/5015/6310 3614/5021/6315 3615/5020/6316
f 3609/5012/6310 3615/5023/6316 3602/5005/6302
f 3602/5005/6302 3615/5023/6316 3616/5022/6317
f 3617/5024/6318 3607/5004/6304 3616/5022/6317
f 3616/5022/6317 3607/5004/6304 3602/5005/6302
s 33
f 3605/5025/6319 3618/5028/6320 3604/5026/6321
f 3604/5026/6321 3618/5028/6320 3612/5027/6322
s 34
f 3619/5030/6323 3618/5028/6324 3611/5029/6325
f 3611/5029/6325 3618/5028/6324 3605/5025/6326
s 35
f 3617/5034/6327 3620/5033/6328 3607/5031/6329
f 3607/5031/6329 3620/5033/6328 3606/5032/6330
s 36
f 3606/5032/6331 3620/5033/6332 3610/5035/6333
f 3610/5035/6333 3620/5033/6332 3621/5036/6334
s 37
f 3610/5035/6335 3621/5036/6336 3611/5029/6337
f 3611/5029/6337 3621/5036/6336 3619/5030/6338
s 38
f 3629/5038/6339 3624/5039/6340 3628/5037/6341
f 3628/5037/6341 3624/5039/6340 3622/5040/6342
f 3623/5041/6343 3625/5042/6344 3627/5044/6345
f 3627/5044/6345 3625/5042/6344 3626/5043/6346
f 3630/5045/6347 3625/5042/6344 3623/5041/6343
f 3622/5040/6342 3624/5039/6340 3631/5046/6348
f 3633/5047/6349 3632/5048/6350 3623/5041/6343
f 3623/5041/6343 3632/5048/6350 3622/5040/6342
f 3623/5041/6343 3622/5040/6342 3630/5050/6347
f 3630/5050/6347 3622/5040/6342 3631/5049/6348
f 3623/5041/6343 3627/5044/6345 3633/5047/6349
f 3622/5040/6342 3632/5048/6350 3628/5037/6341
f 3625/5042/6344 3613/5051/6351 3626/5043/6346
f 3626/5043/6346 3613/5051/6351 3612/5052/6352
f 3614/5053/6353 3613/5051/6351 3630/5045/6347
f 3630/5045/6347 3613/5051/6351 3625/5042/6344
f 3630/5050/6347 3631/5049/6348 3614/5055/6353
f 3614/5055/6353 3631/5049/6348 3615/5054/6354
f 3631/5046/6348 3624/5039/6340 3615/5057/6354
f 3615/5057/6354 3624/5039/6340 3616/5056/6355
f 3617/5058/6356 3616/5056/6355 3629/5038/6339
f 3629/5038/6339 3616/5056/6355 3624/5039/6340
s 41
f 3627/5059/6357 3626/5060/6358 3618/5062/6359
f 3618/5062/6359 3626/5060/6358 3612/5061/6360
s 42
f 3627/5059/6361 3618/5062/6362 3633/5063/6363
f 3633/5063/6363 3618/5062/6362 3619/5064/6364
s 43
f 3628/5066/6365 3620/5067/6366 3629/5065/6367
f 3629/5065/6367 3620/5067/6366 3617/5068/6368
s 44
f 3628/5066/6369 3632/5069/6370 3620/5067/6371
f 3620/5067/6371 3632/5069/6370 3621/5070/6372
s 45
f 3632/5069/6373 3633/5063/6374 3621/5070/6375
f 3621/5070/6375 3633/5063/6374 3619/5064/6376
s 46
f 3639/5074/6377 3635/5073/6378 3637/5071/6379
f 3637/5071/6379 3635/5073/6378 3638/5072/6380
f 3636/5076/6381 3637/5071/6379 3634/5075/6382
f 3634/5075/6382 3637/5071/6379 3638/5072/6380
s 47
f 3644/5080/6383 3641/5079/6384 3643/5077/6385
f 3643/5077/6385 3641/5079/6384 3645/5078/6386
f 3644/5080/6383 3643/5077/6385 3640/5081/6387
f 3640/5081/6387 3643/5077/6385 3642/5082/6388
f 3641/5079/6384 3647/5084/6389 3645/5078/6386
f 3645/5078/6386 3647/5084/6389 3651/5083/6390
s 48
f 3638/5072/6391 3644/5080/6392 3634/5075/6393
f 3634/5075/6393 3644/5080/6392 3640/5081/6394
s 49
f 3642/5085/6395 3643/5088/6396 3636/5086/6397
f 3636/5086/6397 3643/5088/6396 3637/5087/6398
s 48
f 3635/5073/6399 3641/5079/6400 3638/5072/6391
f 3638/5072/6391 3641/5079/6400 3644/5080/6392
s 49
f 3645/5089/6401 3651/5092/6402 3639/5090/6403
f 3639/5090/6403 3651/5092/6402 3657/5091/6404
s 48
f 3635/5073/6399 3653/5093/6405 3641/5079/6400
f 3641/5079/6400 3653/5093/6405 3647/5084/6406
s 49
f 3645/5089/6401 3639/5090/6403 3643/5088/6396
f 3643/5088/6396 3639/5090/6403 3637/5087/6398
s 47
f 3651/5083/6390 3647/5084/6389 3649/5094/6407
f 3649/5094/6407 3647/5084/6389 3650/5095/6408
f 3648/5097/6409 3649/5094/6407 3646/5096/6410
f 3646/5096/6410 3649/5094/6407 3650/5095/6408
s 46
f 3656/5100/6411 3653/5093/6412 3655/5098/6413
f 3655/5098/6413 3653/5093/6412 3657/5099/6414
f 3656/5100/6411 3655/5098/6413 3652/5101/6415
f 3652/5101/6415 3655/5098/6413 3654/5102/6416
f 3635/5073/6378 3639/5074/6377 3653/5093/6412
f 3653/5093/6412 3639/5074/6377 3657/5099/6414
s 48
f 3650/5095/6417 3656/5100/6418 3646/5096/6419
f 3646/5096/6419 3656/5100/6418 3652/5101/6420
s 49
f 3654/5103/6421 3655/5106/6422 3648/5104/6423
f 3648/5104/6423 3655/5106/6422 3649/5105/6424
s 48
f 3647/5084/6406 3653/5093/6405 3650/5095/6417
f 3650/5095/6417 3653/5093/6405 3656/5100/6418
s 49
f 3651/5092/6402 3649/5105/6424 3657/5091/6404
f 3657/5091/6404 3649/5105/6424 3655/5106/6422
s 55
f 3663/5110/6425 3659/5109/6426 3661/5107/6427
f 3661/5107/6427 3659/5109/6426 3662/5108/6428
f 3660/5112/6429 3661/5107/6427 3658/5111/6430
f 3658/5111/6430 3661/5107/6427 3662/5108/6428
s 56
f 3668/5116/6431 3665/5115/6432 3667/5113/6433
f 3667/5113/6433 3665/5115/6432 3669/5114/6434
f 3668/5116/6431 3667/5113/6433 3664/5117/6435
f 3664/5117/6435 3667/5113/6433 3666/5118/6436
f 3665/5115/6432 3671/5120/6437 3669/5114/6434
f 3669/5114/6434 3671/5120/6437 3675/5119/6438
s 57
f 3662/5108/6439 3668/5116/6440 3658/5111/6441
f 3658/5111/6441 3668/5116/6440 3664/5117/6442
s 58
f 3666/5121/6443 3667/5124/6444 3660/5122/6445
f 3660/5122/6445 3667/5124/6444 3661/5123/6446
s 57
f 3659/5109/6447 3665/5115/6448 3662/5108/6439
f 3662/5108/6439 3665/5115/6448 3668/5116/6440
s 58
f 3669/5125/6449 3675/5128/6450 3663/5126/6451
f 3663/5126/6451 3675/5128/6450 3681/5127/6452
s 57
f 3659/5109/6447 3677/5129/6453 3665/5115/6448
f 3665/5115/6448 3677/5129/6453 3671/5120/6454
s 58
f 3669/5125/6449 3663/5126/6451 3667/5124/6444
f 3667/5124/6444 3663/5126/6451 3661/5123/6446
s 56
f 3675/5119/6438 3671/5120/6437 3673/5130/6455
f 3673/5130/6455 3671/5120/6437 3674/5131/6456
f 3672/5133/6457 3673/5130/6455 3670/5132/6458
f 3670/5132/6458 3673/5130/6455 3674/5131/6456
s 55
f 3680/5136/6459 3677/5129/6460 3679/5134/6461
f 3679/5134/6461 3677/5129/6460 3681/5135/6462
f 3680/5136/6459 3679/5134/6461 3676/5137/6463
f 3676/5137/6463 3679/5134/6461 3678/5138/6464
f 3659/5109/6426 3663/5110/6425 3677/5129/6460
f 3677/5129/6460 3663/5110/6425 3681/5135/6462
s 57
f 3674/5131/6465 3680/5136/6466 3670/5132/6467
f 3670/5132/6467 3680/5136/6466 3676/5137/6468
s 58
f 3678/5139/6469 3679/5142/6470 3672/5140/6471
f 3672/5140/6471 3679/5142/6470 3673/5141/6472
s 57
f 3671/5120/6454 3677/5129/6453 3674/5131/6465
f 3674/5131/6465 3677/5129/6453 3680/5136/6466
s 58
f 3675/5128/6450 3673/5141/6472 3681/5127/6452
f 3681/5127/6452 3673/5141/6472 3679/5142/6470
s 64
f 3696/5143/6473 3682/5146/6474 3697/5144/6475
f 3697/5144/6475 3682/5146/6474 3688/5145/6476
f 3682/5146/6474 3696/5143/6473 3683/5147/6477
f 3683/5147/6477 3696/5143/6473 3695/5148/6478
f 3683/5147/6477 3695/5148/6478 3691/5149/6479
f 3691/5149/6479 3695/5148/6478 3694/5150/6480
f 3700/5151/6481 3687/5154/6482 3701/5152/6483
f 3701/5152/6483 3687/5154/6482 3692/5153/6484
f 3686/5156/6485 3687/5154/6482 3699/5155/6486
f 3699/5155/6486 3687/5154/6482 3700/5151/6481
f 3690/5157/6487 3686/5156/6485 3698/5158/6488
f 3698/5158/6488 3686/5156/6485 3699/5155/6486
f 3708/5159/6489 3696/5143/6473 3709/5160/6490
f 3709/5160/6490 3696/5143/6473 3697/5144/6475
f 3696/5143/6473 3708/5159/6489 3695/5148/6478
f 3695/5148/6478 3708/5159/6489 3707/5161/6491
f 3695/5148/6478 3707/5161/6491 3694/5150/6480
f 3694/5150/6480 3707/5161/6491 3706/5162/6492
f 3700/5151/6481 3701/5152/6483 3703/5163/6493
f 3703/5163/6493 3701/5152/6483 3702/5164/6494
f 3699/5155/6486 3700/5151/6481 3704/5165/6495
f 3704/5165/6495 3700/5151/6481 3703/5163/6493
f 3704/5165/6495 3705/5166/6496 3699/5155/6486
f 3699/5155/6486 3705/5166/6496 3698/5158/6488
f 3707/5161/6491 3703/5163/6493 3706/5162/6492
f 3706/5162/6492 3703/5163/6493 3702/5164/6494
f 3704/5165/6495 3703/5163/6493 3708/5159/6489
f 3708/5159/6489 3703/5163/6493 3707/5161/6491
f 3704/5165/6495 3708/5159/6489 3705/5166/6496
f 3705/5166/6496 3708/5159/6489 3709/5160/6490
s 66
f 3684/5167/6497 3717/5170/6498 3685/5168/6499
f 3685/5168/6499 3717/5170/6498 3716/5169/6500
s 67
f 3685/5168/6501 3716/5169/6502 3689/5171/6503
f 3689/5171/6503 3716/5169/6502 3715/5172/6504
s 68
f 3718/5173/6505 3717/5170/6506 3693/5174/6507
f 3693/5174/6507 3717/5170/6506 3684/5167/6508
s 64
f 3710/5175/6509 3711/5176/6510 3688/5145/6476
f 3688/5145/6476 3711/5176/6510 3697/5144/6475
f 3712/5177/6511 3709/5160/6490 3711/5176/6510
f 3711/5176/6510 3709/5160/6490 3697/5144/6475
f 3713/5178/6512 3705/5166/6496 3712/5177/6511
f 3712/5177/6511 3705/5166/6496 3709/5160/6490
f 3714/5179/6513 3698/5158/6488 3713/5178/6512
f 3713/5178/6512 3698/5158/6488 3705/5166/6496
f 3715/5180/6514 3690/5157/6487 3714/5179/6513
f 3714/5179/6513 3690/5157/6487 3698/5158/6488
s 67
f 3686/5182/6515 3690/5181/6516 3716/5169/6502
f 3716/5169/6502 3690/5181/6516 3715/5172/6504
s 66
f 3717/5170/6498 3687/5183/6517 3716/5169/6500
f 3716/5169/6500 3687/5183/6517 3686/5182/6518
s 68
f 3687/5183/6519 3717/5170/6506 3692/5184/6520
f 3692/5184/6520 3717/5170/6506 3718/5173/6505
s 64
f 3701/5152/6483 3692/5153/6484 3719/5185/6521
f 3719/5185/6521 3692/5153/6484 3718/5186/6522
f 3702/5164/6494 3701/5152/6483 3720/5187/6523
f 3720/5187/6523 3701/5152/6483 3719/5185/6521
f 3706/5162/6492 3702/5164/6494 3721/5188/6524
f 3721/5188/6524 3702/5164/6494 3720/5187/6523
f 3694/5150/6480 3706/5162/6492 3722/5189/6525
f 3722/5189/6525 3706/5162/6492 3721/5188/6524
f 3691/5149/6479 3694/5150/6480 3723/5190/6526
f 3723/5190/6526 3694/5150/6480 3722/5189/6525
s 69
f 3730/5191/6527 3731/5194/6528 3724/5192/6529
f 3724/5192/6529 3731/5194/6528 3726/5193/6530
f 3724/5192/6529 3725/5196/6531 3730/5191/6527
f 3730/5191/6527 3725/5196/6531 3729/5195/6532
f 3725/5196/6531 3727/5198/6533 3729/5195/6532
f 3729/5195/6532 3727/5198/6533 3728/5197/6534
f 3734/5199/6535 3735/5202/6536 3684/5200/6537
f 3684/5200/6537 3735/5202/6536 3693/5201/6538
f 3734/5199/6535 3684/5200/6537 3733/5203/6539
f 3733/5203/6539 3684/5200/6537 3685/5204/6540
f 3689/5205/6541 3732/5206/6542 3685/5204/6540
f 3685/5204/6540 3732/5206/6542 3733/5203/6539
f 3742/5207/6543 3743/5208/6544 3730/5191/6527
f 3730/5191/6527 3743/5208/6544 3731/5194/6528
f 3730/5191/6527 3729/5195/6532 3742/5207/6543
f 3742/5207/6543 3729/5195/6532 3741/5209/6545
f 3729/5195/6532 3728/5197/6534 3741/5209/6545
f 3741/5209/6545 3728/5197/6534 3740/5210/6546
f 3736/5212/6547 3735/5202/6536 3737/5211/6548
f 3737/5211/6548 3735/5202/6536 3734/5199/6535
f 3737/5211/6548 3734/5199/6535 3738/5213/6549
f 3738/5213/6549 3734/5199/6535 3733/5203/6539
f 3732/5206/6542 3739/5214/6550 3733/5203/6539
f 3733/5203/6539 3739/5214/6550 3738/5213/6549
f 3741/5209/6545 3740/5210/6546 3737/5211/6548
f 3737/5211/6548 3740/5210/6546 3736/5212/6547
f 3741/5209/6545 3737/5211/6548 3742/5207/6543
f 3742/5207/6543 3737/5211/6548 3738/5213/6549
f 3738/5213/6549 3739/5214/6550 3742/5207/6543
f 3742/5207/6543 3739/5214/6550 3743/5208/6544
f 3710/5215/6551 3726/5193/6530 3711/5216/6552
f 3711/5216/6552 3726/5193/6530 3731/5194/6528
f 3712/5217/6553 3711/5216/6552 3743/5208/6544
f 3743/5208/6544 3711/5216/6552 3731/5194/6528
f 3713/5218/6554 3712/5217/6553 3739/5214/6550
f 3739/5214/6550 3712/5217/6553 3743/5208/6544
f 3714/5219/6555 3713/5218/6554 3732/5206/6542
f 3732/5206/6542 3713/5218/6554 3739/5214/6550
f 3715/5220/6556 3714/5219/6555 3689/5205/6541
f 3689/5205/6541 3714/5219/6555 3732/5206/6542
f 3735/5202/6536 3719/5222/6557 3693/5201/6538
f 3693/5201/6538 3719/5222/6557 3718/5221/6558
f 3736/5212/6547 3720/5223/6559 3735/5202/6536
f 3735/5202/6536 3720/5223/6559 3719/5222/6557
f 3740/5210/6546 3721/5224/6560 3736/5212/6547
f 3736/5212/6547 3721/5224/6560 3720/5223/6559
f 3728/5197/6534 3722/5225/6561 3740/5210/6546
f 3740/5210/6546 3722/5225/6561 3721/5224/6560
f 3727/5198/6533 3723/5226/6562 3728/5197/6534
f 3728/5197/6534 3723/5226/6562 3722/5225/6561
