# This file uses centimeters as units for non-parametric coordinates.

g default
v -283.603943 -18.410086 -2.437351
v -285.018890 -8.883796 -0.000003
v -305.025146 -20.851885 -0.000003
v -282.612427 -25.857056 -2.336795
v -311.109924 -30.335909 -0.037569
v -235.798309 -19.219883 -2.337186
v -237.131012 -11.077560 -2.443607
v -239.024170 -0.703921 -0.000003
v -62.920319 -5.225991 -2.337641
v -38.624962 -9.914895 -2.337618
v -39.261101 6.040843 -2.445639
v -59.393650 5.168451 -2.445004
v -40.026299 19.668022 -0.000003
v -54.154861 20.194790 -0.000003
v -295.861206 -28.487934 -2.187194
v -292.970276 -12.081458 -0.000003
v -298.697021 -15.776190 -0.000003
v -290.803986 -21.448992 -2.350196
v -118.681412 -8.472391 -2.337764
v -170.102051 -12.580362 -2.337720
v -171.035126 -3.198976 -2.442311
v -119.394554 1.088944 -2.443070
v -172.290115 7.073100 -0.000003
v -120.334663 11.590003 -0.000003
v -283.603943 -18.410086 2.437345
v -282.612427 -25.857056 2.336789
v -235.798309 -19.219883 2.337181
v -237.131012 -11.077560 2.443601
v -62.920319 -5.225991 2.337635
v -38.624962 -9.914895 2.337612
v -39.261101 6.040843 2.445633
v -59.393650 5.168451 2.444998
v -295.861206 -28.487934 2.115758
v -290.803986 -21.448992 2.350191
v -118.681412 -8.472391 2.337758
v -170.102051 -12.580362 2.337714
v -171.035126 -3.198976 2.442306
v -119.394554 1.088944 2.443064
v -24.785339 40.712563 -0.000001
v -24.735321 38.970833 8.759789
v -24.589935 33.908981 16.672985
v -24.363373 26.012093 22.962894
v -24.077759 16.050323 27.005592
v -23.761078 5.001907 28.399279
v -23.444611 -6.046524 27.005596
v -23.159363 -16.008331 22.962896
v -22.933411 -23.905212 16.672989
v -22.788696 -28.967102 8.759789
v -22.738922 -30.708801 -0.000001
v -22.788696 -28.967102 -8.759791
v -22.933411 -23.905212 -16.672991
v -23.159363 -16.008331 -22.962900
v -23.444611 -6.046524 -27.005608
v -23.761078 5.001907 -28.399294
v -24.077759 16.050323 -27.005608
v -24.363373 26.012093 -22.962906
v -24.589935 33.909012 -16.672995
v -24.735321 38.970848 -8.759797
v -37.496918 40.626503 -0.000004
v -37.446472 38.871147 8.828168
v -37.299988 33.769821 16.803047
v -37.071655 25.811447 23.141903
v -36.783783 15.772217 27.216032
v -36.464691 4.637909 28.620590
v -36.145752 -6.496399 27.216038
v -35.858307 -16.535645 23.141905
v -35.630585 -24.494049 16.803049
v -35.484711 -29.595383 8.828170
v -35.434570 -31.350769 -0.000004
v -35.484711 -29.595383 -8.828176
v -35.630585 -24.494049 -16.803057
v -35.858307 -16.535645 -23.141916
v -36.145752 -6.496399 -27.216057
v -36.464691 4.637909 -28.620609
v -36.783783 15.772217 -27.216057
v -37.071655 25.811447 -23.141920
v -37.299988 33.769836 -16.803061
v -37.446472 38.871155 -8.828178
v -30.834686 35.648178 -0.000002
v -30.791473 34.139565 7.584153
v -30.666016 29.761398 14.425920
v -30.470642 22.942223 19.855577
v -30.224426 14.349564 23.341619
v -29.951508 4.824539 24.542822
v -29.678619 -4.700516 23.341621
v -29.432404 -13.293167 19.855577
v -29.237030 -20.112335 14.425922
v -29.111572 -24.490509 7.584155
v -29.068329 -25.999115 -0.000002
v -29.111572 -24.490509 -7.584158
v -29.237030 -20.112335 -14.425922
v -29.432404 -13.293167 -19.855585
v -29.678619 -4.700516 -23.341633
v -29.951508 4.824539 -24.542835
v -30.224426 14.349564 -23.341633
v -30.470642 22.942223 -19.855589
v -30.666016 29.761406 -14.425926
v -30.791473 34.139580 -7.584163
v -31.104889 45.077507 -0.000003
v -31.048431 43.107391 9.904234
v -30.884613 37.389877 18.838980
v -30.629456 28.484642 25.929632
v -30.307922 17.263382 30.482107
v -29.951508 4.824539 32.050793
v -29.595123 -7.614319 30.482113
v -29.273590 -18.835587 25.929634
v -29.018433 -27.740829 18.838980
v -28.854614 -33.458344 9.904236
v -28.798157 -35.428467 -0.000003
v -28.854614 -33.458344 -9.904243
v -29.018433 -27.740845 -18.838989
v -29.273590 -18.835587 -25.929646
v -29.595123 -7.614319 -30.482130
v -29.951508 4.824539 -32.050804
v -30.307922 17.263382 -30.482130
v -30.629456 28.484657 -25.929651
v -30.884613 37.389893 -18.838993
v -31.048431 43.107414 -9.904245
v -24.786499 40.885132 -0.000001
v -24.736176 39.128929 8.829048
v -24.590149 34.032097 16.793854
v -24.362671 26.093597 23.114752
v -24.076050 16.090485 27.173016
v -23.758331 5.001984 28.571375
v -23.440643 -6.086548 27.173019
v -23.154022 -16.089645 23.114754
v -22.926544 -24.028137 16.793856
v -22.780518 -29.124969 8.829050
v -22.730194 -30.881180 -0.000001
v -22.780518 -29.124969 -8.829052
v -22.926544 -24.028137 -16.793858
v -23.154022 -16.089645 -23.114758
v -23.440643 -6.086548 -27.173031
v -23.758331 5.001984 -28.571390
v -24.076050 16.090485 -27.173031
v -24.362671 26.093597 -23.114763
v -24.590149 34.032120 -16.793861
v -24.736176 39.128944 -8.829057
v -37.498077 40.799072 -0.000004
v -37.447357 39.029228 8.897428
v -37.300201 33.892914 16.923918
v -37.070984 25.892937 23.293762
v -36.782135 15.812363 27.383453
v -36.461945 4.637985 28.792686
v -36.141785 -6.536392 27.383459
v -35.852936 -16.616989 23.293764
v -35.623718 -24.616959 16.923920
v -35.476562 -29.753250 8.897429
v -35.425842 -31.523117 -0.000004
v -35.476562 -29.753250 -8.897436
v -35.623718 -24.616959 -16.923925
v -35.852936 -16.616989 -23.293776
v -36.141785 -6.536392 -27.383478
v -36.461945 4.637985 -28.792706
v -36.782135 15.812363 -27.383478
v -37.070984 25.892952 -23.293779
v -37.300201 33.892944 -16.923931
v -37.447357 39.029243 -8.897439
v -30.981415 35.643974 -0.000002
v -30.938202 34.135361 7.584153
v -30.812744 29.757195 14.425920
v -30.617371 22.938019 19.855577
v -30.371155 14.345352 23.341619
v -30.098236 4.820328 24.542822
v -29.825348 -4.704727 23.341621
v -29.579132 -13.297379 19.855577
v -29.383759 -20.116547 14.425922
v -29.258301 -24.494720 7.584155
v -29.215057 -26.003326 -0.000002
v -29.258301 -24.494720 -7.584158
v -29.383759 -20.116547 -14.425922
v -29.579132 -13.297379 -19.855585
v -29.825348 -4.704727 -23.341633
v -30.098236 4.820328 -24.542835
v -30.371155 14.345352 -23.341633
v -30.617371 22.938019 -19.855589
v -30.812744 29.757202 -14.425926
v -30.938202 34.135376 -7.584163
v -31.251617 45.073303 -0.000003
v -31.195160 43.103188 9.904234
v -31.031342 37.385674 18.838980
v -30.776184 28.480438 25.929632
v -30.454651 17.259171 30.482107
v -30.098236 4.820328 32.050793
v -29.741852 -7.618530 30.482113
v -29.420319 -18.839798 25.929634
v -29.165161 -27.745041 18.838980
v -29.001343 -33.462555 9.904236
v -28.944885 -35.432678 -0.000003
v -29.001343 -33.462555 -9.904243
v -29.165161 -27.745056 -18.838989
v -29.420319 -18.839798 -25.929646
v -29.741852 -7.618530 -30.482130
v -30.098236 4.820328 -32.050804
v -30.454651 17.259171 -30.482130
v -30.776184 28.480453 -25.929651
v -31.031342 37.385689 -18.838993
v -31.195160 43.103210 -9.904245
v -26.736938 27.562233 -0.000003
v -26.705261 26.458641 5.313256
v -26.613129 23.251343 10.113013
v -26.469574 18.247711 13.928164
v -26.288605 11.935730 16.380266
v -26.087982 4.935219 17.225609
v -25.887451 -2.065292 16.380270
v -25.706726 -8.377289 13.928164
v -25.563538 -13.380928 10.113015
v -25.471832 -16.588234 5.313257
v -25.440277 -17.691818 -0.000003
v -25.471832 -16.588234 -5.313262
v -25.563538 -13.380928 -10.113021
v -25.706726 -8.377289 -13.928172
v -25.887451 -2.065292 -16.380281
v -26.087982 4.935219 -17.225622
v -26.288605 11.935730 -16.380281
v -26.469574 18.247711 -13.928175
v -26.613129 23.251366 -10.113023
v -26.705261 26.458649 -5.313266
v -34.791260 27.507698 -0.000005
v -34.759308 26.395477 5.354732
v -34.666504 23.163162 10.191902
v -34.521820 18.120575 14.036742
v -34.339417 11.759514 16.507908
v -34.137238 4.704590 17.359846
v -33.935150 -2.350334 16.507912
v -33.752991 -8.711418 14.036743
v -33.608734 -13.754021 10.191904
v -33.516296 -16.986328 5.354733
v -33.484528 -18.098579 -0.000005
v -33.516296 -16.986328 -5.354742
v -33.608734 -13.754028 -10.191913
v -33.752991 -8.711418 -14.036755
v -33.935150 -2.350334 -16.507929
v -34.137238 4.704590 -17.359861
v -34.339417 11.759514 -16.507929
v -34.521820 18.120575 -14.036757
v -34.666504 23.163170 -10.191916
v -34.759308 26.395485 -5.354743
v -30.569946 24.353333 -0.000003
v -30.542572 23.397446 4.600173
v -30.463074 20.623344 8.750053
v -30.339294 16.302582 12.043418
v -30.183289 10.858086 14.157881
v -30.010376 4.822830 14.886471
v -29.837433 -1.212440 14.157882
v -29.681427 -6.656921 12.043418
v -29.557648 -10.977692 8.750055
v -29.478149 -13.751785 4.600174
v -29.450775 -14.707672 -0.000003
v -29.478149 -13.751785 -4.600181
v -29.557648 -10.977692 -8.750060
v -29.681427 -6.656921 -12.043427
v -29.837433 -1.212440 -14.157893
v -30.010376 4.822830 -14.886483
v -30.183289 10.858086 -14.157893
v -30.339294 16.302582 -12.043429
v -30.463074 20.623352 -8.750062
v -30.542572 23.397453 -4.600184
v -30.741150 30.327953 -0.000004
v -30.705383 29.079643 6.007421
v -30.601593 25.456909 11.426800
v -30.439911 19.814369 15.727641
v -30.236176 12.704346 18.488951
v -30.010376 4.822830 19.440437
v -29.784546 -3.058685 18.488953
v -29.580811 -10.168709 15.727642
v -29.419128 -15.811256 11.426800
v -29.315338 -19.433990 6.007421
v -29.279572 -20.682304 -0.000004
v -29.315338 -19.433990 -6.007430
v -29.419128 -15.811264 -11.426809
v -29.580811 -10.168709 -15.727654
v -29.784546 -3.058685 -18.488968
v -30.010376 4.822830 -19.440449
v -30.236176 12.704346 -18.488968
v -30.439911 19.814377 -15.727657
v -30.601593 25.456917 -11.426812
v -30.705383 29.079659 -6.007432
v -26.737671 27.671577 -0.000003
v -26.705811 26.558815 5.355266
v -26.613281 23.329353 10.186327
v -26.469147 18.299355 14.020274
v -26.287537 11.961174 16.481817
v -26.086243 4.935272 17.329994
v -25.884918 -2.090645 16.481819
v -25.703308 -8.428818 14.020275
v -25.559204 -13.458809 10.186328
v -25.466644 -16.688271 5.355267
v -25.434784 -17.801033 -0.000003
v -25.466644 -16.688271 -5.355272
v -25.559204 -13.458809 -10.186334
v -25.703308 -8.428818 -14.020282
v -25.884918 -2.090645 -16.481831
v -26.086243 4.935272 -17.330008
v -26.287537 11.961174 -16.481831
v -26.469147 18.299355 -14.020286
v -26.613281 23.329369 -10.186336
v -26.705811 26.558823 -5.355275
v -34.791992 27.617043 -0.000005
v -34.759857 26.495636 5.396741
v -34.666595 23.241165 10.265217
v -34.521362 18.172211 14.128852
v -34.338348 11.784958 16.609459
v -34.135498 4.704636 17.464230
v -33.932617 -2.375694 16.609463
v -33.749603 -8.762955 14.128853
v -33.604370 -13.831902 10.265218
v -33.511108 -17.086365 5.396742
v -33.478973 -18.207787 -0.000005
v -33.511108 -17.086365 -5.396751
v -33.604370 -13.831902 -10.265225
v -33.749603 -8.762955 -14.128865
v -33.932617 -2.375694 -16.609478
v -34.135498 4.704636 -17.464247
v -34.338348 11.784958 -16.609478
v -34.521362 18.172218 -14.128867
v -34.666595 23.241180 -10.265229
v -34.759857 26.495644 -5.396753
v -30.662903 24.350670 -0.000003
v -30.635529 23.394783 4.600173
v -30.556030 20.620682 8.750053
v -30.432251 16.299919 12.043418
v -30.276245 10.855423 14.157881
v -30.103333 4.820168 14.886471
v -29.930389 -1.215103 14.157882
v -29.774384 -6.659584 12.043418
v -29.650604 -10.980354 8.750055
v -29.571106 -13.754448 4.600174
v -29.543732 -14.710335 -0.000003
v -29.571106 -13.754448 -4.600181
v -29.650604 -10.980354 -8.750060
v -29.774384 -6.659584 -12.043427
v -29.930389 -1.215103 -14.157893
v -30.103333 4.820168 -14.886483
v -30.276245 10.855423 -14.157893
v -30.432251 16.299919 -12.043429
v -30.556030 20.620689 -8.750062
v -30.635529 23.394791 -4.600184
v -30.834106 30.325291 -0.000004
v -30.798340 29.076981 6.007421
v -30.694550 25.454247 11.426800
v -30.532867 19.811707 15.727641
v -30.329132 12.701683 18.488951
v -30.103333 4.820168 19.440437
v -29.877502 -3.061348 18.488953
v -29.673767 -10.171371 15.727642
v -29.512085 -15.813919 11.426800
v -29.408295 -19.436653 6.007421
v -29.372528 -20.684967 -0.000004
v -29.408295 -19.436653 -6.007430
v -29.512085 -15.813927 -11.426809
v -29.673767 -10.171371 -15.727654
v -29.877502 -3.061348 -18.488968
v -30.103333 4.820168 -19.440449
v -30.329132 12.701683 -18.488968
v -30.532867 19.811714 -15.727657
v -30.694550 25.454254 -11.426812
v -30.798340 29.076996 -6.007432
v -34.500397 -2.980156 2.317569
v -47.155823 -3.421314 2.294999
v -34.973904 13.473320 1.558179
v -47.627655 12.984112 1.537067
v -34.750408 5.706772 2.763689
v -47.422798 5.240025 2.716487
v -34.975471 13.515076 0.000000
v -47.649277 12.999561 0.000000
v -47.477074 5.232063 0.000000
v -47.177208 -3.442440 0.000000
v -34.498642 -3.028461 0.000000
v -34.500397 -2.980156 -2.317569
v -47.155823 -3.421314 -2.294999
v -34.973904 13.473320 -1.558179
v -47.627655 12.984112 -1.537067
v -34.750408 5.706772 -2.763689
v -47.422798 5.240025 -2.716487
v -34.975471 13.515076 0.000000
v -47.649277 12.999561 0.000000
v -47.477074 5.232063 0.000000
v -47.177208 -3.442440 0.000000
v -34.498642 -3.028461 0.000000
v -33.290348 -12.370575 2.385572
v -33.347427 -10.838417 6.773656
v -33.538300 -4.256886 11.715368
v -33.796165 4.714348 13.520004
v -25.897326 -12.158752 2.385572
v -25.928066 -10.625839 6.773654
v -26.114353 -4.044170 11.715363
v -26.370588 4.927109 13.520000
v -33.333454 -10.938499 2.035727
v -25.936289 -10.726547 2.035727
v -33.406784 -9.557701 5.828302
v -25.942141 -9.343819 5.828300
v -33.574417 -3.596024 10.237122
v -26.116137 -3.382324 10.237122
v -33.811481 4.713909 11.892840
v -26.355274 4.927547 11.892840
v -34.269428 21.800205 2.385571
v -34.238686 20.267292 6.773656
v -34.052402 13.685623 11.715368
v -26.876408 22.012032 2.385572
v -26.819326 20.479874 6.773654
v -26.628452 13.898338 11.715363
v -34.230469 20.368004 2.035727
v -26.833302 20.579952 2.035727
v -34.224613 18.985271 5.828302
v -26.759972 19.199154 5.828300
v -34.050617 13.023781 10.237122
v -26.592339 13.237480 10.237122
v -33.596886 28.073589 10.087584
v -33.311329 18.216015 17.481342
v -27.907089 28.236616 10.087584
v -27.627750 18.378864 17.481342
v -33.677147 31.665600 12.732999
v -28.032631 31.827330 12.732999
v -33.347130 20.072929 21.625582
v -27.698328 20.234779 21.625582
v -33.007141 8.682510 19.405922
v -33.021740 9.241150 23.805132
v -27.402977 9.402142 23.805132
v -27.385567 8.843586 19.405922
v -33.636703 30.628887 2.923610
v -33.751976 34.745140 3.725343
v -28.134251 34.906101 3.725342
v -28.013647 30.790001 2.923610
v -33.596886 28.073589 -10.087584
v -33.311329 18.216015 -17.481342
v -27.907089 28.236616 -10.087584
v -27.627750 18.378864 -17.481342
v -33.677147 31.665600 -12.732999
v -28.032631 31.827330 -12.732999
v -33.347130 20.072929 -21.625582
v -27.698328 20.234779 -21.625582
v -33.007141 8.682510 -19.405922
v -33.021740 9.241150 -23.805132
v -27.402977 9.402142 -23.805132
v -27.385567 8.843586 -19.405922
v -33.636703 30.628887 -2.923610
v -33.751976 34.745140 -3.725342
v -28.134251 34.906101 -3.725342
v -28.013647 30.790001 -2.923610
v -32.259705 -18.595142 -10.087584
v -32.539043 -8.737373 -17.481342
v -26.569908 -18.432117 -10.087584
v -26.855465 -8.574524 -17.481342
v -32.134159 -22.185841 -12.732999
v -26.489649 -22.024113 -12.732999
v -32.468464 -10.593288 -21.625582
v -26.819660 -10.431438 -21.625582
v -32.781227 0.797905 -19.405922
v -32.763817 0.239349 -23.805132
v -27.145052 0.400341 -23.805132
v -27.159651 0.958981 -19.405922
v -32.153145 -21.148510 -2.923610
v -32.032543 -25.264614 -3.725343
v -26.414814 -25.103649 -3.725342
v -26.530090 -20.987392 -2.923610
v -32.259705 -18.595142 10.087584
v -32.539043 -8.737373 17.481342
v -26.569908 -18.432117 10.087584
v -26.855465 -8.574524 17.481342
v -32.134159 -22.185841 12.732999
v -26.489649 -22.024113 12.732999
v -32.468464 -10.593288 21.625582
v -26.819660 -10.431438 21.625582
v -32.781227 0.797905 19.405922
v -32.763817 0.239349 23.805132
v -27.145052 0.400341 23.805132
v -27.159651 0.958981 19.405922
v -32.153145 -21.148510 2.923610
v -32.032543 -25.264614 3.725342
v -26.414814 -25.103649 3.725342
v -26.530090 -20.987392 2.923610
v -33.290348 -12.370575 -2.385571
v -33.347427 -10.838417 -6.773656
v -33.538300 -4.256886 -11.715368
v -33.796165 4.714348 -13.520004
v -25.897326 -12.158752 -2.385572
v -25.928066 -10.625839 -6.773654
v -26.114353 -4.044170 -11.715363
v -26.370588 4.927109 -13.520000
v -33.333454 -10.938499 -2.035727
v -25.936289 -10.726547 -2.035727
v -33.406784 -9.557701 -5.828302
v -25.942141 -9.343819 -5.828300
v -33.574417 -3.596024 -10.237122
v -26.116137 -3.382324 -10.237122
v -33.811481 4.713909 -11.892840
v -26.355274 4.927547 -11.892840
v -34.269428 21.800205 -2.385572
v -34.238686 20.267292 -6.773656
v -34.052402 13.685623 -11.715368
v -26.876408 22.012032 -2.385572
v -26.819326 20.479874 -6.773654
v -26.628452 13.898338 -11.715363
v -34.230469 20.368004 -2.035727
v -26.833302 20.579952 -2.035727
v -34.224613 18.985271 -5.828302
v -26.759972 19.199154 -5.828300
v -34.050617 13.023781 -10.237122
v -26.592339 13.237480 -10.237122
v -35.306507 17.272697 5.489940
v -35.156082 11.942738 9.491919
v -34.948841 4.681347 10.952593
v -34.739971 -2.580006 9.491919
v -34.584961 -7.909813 5.489940
v -34.527290 -9.868271 -0.000002
v -34.584961 -7.909813 -5.489944
v -34.739971 -2.580006 -9.491923
v -34.948841 4.681347 -10.952597
v -35.156082 11.942738 -9.491923
v -35.306507 17.272697 -5.489944
v -35.361069 19.231232 -0.000002
v -25.581720 17.551338 5.489940
v -25.426712 12.221508 9.491919
v -25.217840 4.960167 10.952593
v -25.010597 -2.301235 9.491919
v -24.860176 -7.631172 5.489940
v -24.805614 -9.589714 -0.000002
v -24.860176 -7.631172 -5.489944
v -25.010597 -2.301235 -9.491923
v -25.217840 4.960167 -10.952597
v -25.426712 12.221508 -9.491923
v -25.581720 17.551338 -5.489944
v -25.639389 19.509781 -0.000002
v -35.364571 17.164547 -0.000002
v -35.213379 11.887817 -0.000002
v -35.006851 4.679684 -0.000002
v -34.800316 -2.528458 -0.000002
v -34.649124 -7.805168 -0.000002
v -25.517557 17.446690 -0.000002
v -25.366365 12.169960 -0.000002
v -25.159834 4.961826 -0.000002
v -24.953300 -2.246315 -0.000002
v -24.802109 -7.523026 -0.000003
v -283.434204 -18.896740 -1.620268
v -284.186798 -12.410086 -0.000003
v -302.651489 -23.444654 -0.000003
v -282.854126 -23.979639 -1.348629
v -306.473145 -28.863024 -0.000003
v -235.802795 -16.783154 -1.348903
v -237.068237 -11.505768 -1.620426
v -238.552002 -4.304565 -0.000003
v -62.920311 -2.811516 -1.348811
v -46.860661 -2.346096 -1.348227
v -47.042229 3.991482 -1.620550
v -63.105865 3.590805 -1.620508
v -47.267780 11.872375 -0.000003
v -63.331642 11.397663 -0.000003
v -295.925232 -26.519461 -1.098632
v -46.859192 -2.394745 -0.000003
v -62.918159 -2.860733 -0.000003
v -235.796616 -16.832111 -0.000003
v -282.844696 -24.027836 -0.000003
v -291.468414 -15.345402 -0.000003
v -296.649567 -18.677006 -0.000003
v -290.460938 -21.814838 -1.459112
v -295.902313 -26.575331 -0.000003
v -118.680748 -6.064793 -1.348706
v -170.102173 -10.170427 -1.348588
v -170.988358 -3.648901 -1.620426
v -119.362816 0.648392 -1.620449
v -171.959366 3.454733 -0.000003
v -120.102310 7.962971 -0.000003
v -118.677345 -6.113865 -0.000003
v -170.097809 -10.219286 -0.000003
v -283.434204 -18.896740 1.620262
v -282.854126 -23.979639 1.348623
v -235.802795 -16.783154 1.348897
v -237.068237 -11.505768 1.620420
v -62.920311 -2.811516 1.348805
v -46.860661 -2.346096 1.348221
v -47.042229 3.991482 1.620544
v -63.105865 3.590805 1.620502
v -295.925232 -26.519461 1.098625
v -290.460938 -21.814838 1.459106
v -118.680748 -6.064793 1.348700
v -170.102173 -10.170427 1.348582
v -170.988358 -3.648901 1.620420
v -119.362816 0.648392 1.620443
v 34.501854 6.671280 5.629560
v 35.378551 8.449955 5.630045
v 38.656670 10.098328 5.631752
v 38.773575 6.793678 5.644419
v 41.661751 11.076942 5.635812
v 42.987862 9.477409 5.614561
v 43.944077 12.998291 5.637017
v 45.840229 11.420666 5.405258
v 45.659805 16.111446 5.426908
v 51.908131 13.669071 4.025831
v 41.784412 6.879944 5.644419
v 43.097641 6.917572 5.593597
v 30.896629 6.567982 2.873018
v 33.018703 10.793732 2.868877
v 36.299965 12.482513 2.838233
v 39.291664 13.478260 2.823287
v 41.783455 15.078754 2.819342
v 43.733978 17.303349 2.809499
v 45.561939 18.533302 2.718315
v 51.961037 15.880100 2.002548
v 51.916569 13.612221 1.961214
v 45.850582 11.364426 2.639989
v 43.055229 9.441872 2.735452
v 43.148399 6.919029 2.735452
v 36.278481 13.128853 0.000000
v 39.262569 14.111126 0.000000
v 41.753273 15.708332 0.000000
v 43.709904 17.931583 0.000000
v 45.540176 19.163639 -0.000000
v 51.941685 16.508804 0.000000
v 51.916714 13.612446 0.000000
v 45.850582 11.364426 -0.000000
v 43.055229 9.441872 -0.000000
v 43.148399 6.919029 -0.000000
v 35.478954 4.945724 5.630045
v 38.846085 3.487755 5.631752
v 41.902264 2.682808 5.635812
v 43.134613 4.355652 5.614561
v 44.290855 0.895294 5.637017
v 46.093571 2.578903 5.405258
v 46.182022 -2.114510 5.426908
v 52.280254 0.681625 4.025830
v 33.257179 2.470673 2.868877
v 36.629753 0.972542 2.838232
v 39.673561 0.149727 2.823287
v 42.252907 -1.305466 2.819342
v 44.327606 -3.414726 2.809499
v 46.222992 -4.537994 2.718315
v 52.459671 -1.522751 2.002548
v 52.285427 0.738869 1.961214
v 46.100681 2.635643 2.639989
v 43.199837 4.394989 2.735452
v 36.645317 0.326027 -0.000000
v 39.680752 -0.483765 -0.000000
v 42.258820 -1.935738 -0.000000
v 44.339542 -4.043312 0.000000
v 46.237354 -5.168549 0.000000
v 52.476353 -2.151527 -0.000000
v 52.285580 0.738647 -0.000000
v 46.100681 2.635643 -0.000000
v 43.199837 4.394989 -0.000000
v 52.896454 -0.293816 0.000000
v 52.866985 0.724167 3.579291
v 52.782818 3.491180 5.015774
v 52.570744 10.892899 5.015774
v 52.496338 13.660183 3.579291
v 52.467468 14.678188 0.000000
v 56.992104 3.506767 -0.000001
v 56.977028 4.022675 1.454716
v 56.932800 5.426483 2.407751
v 56.824726 9.198383 2.407752
v 56.788498 10.602421 1.454716
v 56.774010 11.118343 0.000000
v 56.896816 7.312958 -0.000000
v 54.869583 4.084366 4.219683
v 54.947632 1.721916 2.861556
v 54.973686 0.854004 0.000000
v 54.607010 13.651199 -0.000000
v 54.630699 12.783218 2.861557
v 54.688042 10.420174 4.219683
v 51.958076 -0.325447 -0.000000
v 47.948734 0.609612 3.611230
v 43.080410 3.234062 5.023405
v 42.869526 10.594051 5.023405
v 47.579597 13.492943 3.611228
v 51.528816 14.656033 -0.000000
v 34.501854 6.671280 -5.629560
v 35.378551 8.449955 -5.630045
v 38.656670 10.098328 -5.631752
v 38.773575 6.793678 -5.644419
v 41.661751 11.076942 -5.635812
v 42.987862 9.477409 -5.614561
v 43.944077 12.998291 -5.637017
v 45.840229 11.420666 -5.405258
v 45.659805 16.111446 -5.426908
v 51.908131 13.669071 -4.025830
v 41.784412 6.879944 -5.644419
v 43.097641 6.917572 -5.593597
v 30.896629 6.567982 -2.873018
v 33.018703 10.793732 -2.868877
v 36.299965 12.482513 -2.838232
v 39.291664 13.478260 -2.823287
v 41.783455 15.078754 -2.819342
v 43.733978 17.303349 -2.809499
v 45.561939 18.533302 -2.718315
v 51.961037 15.880100 -2.002548
v 51.916569 13.612221 -1.961214
v 45.850582 11.364426 -2.639989
v 43.055229 9.441872 -2.735452
v 43.148399 6.919029 -2.735452
v 35.478954 4.945724 -5.630045
v 38.846085 3.487755 -5.631752
v 41.902264 2.682808 -5.635812
v 43.134613 4.355652 -5.614561
v 44.290855 0.895294 -5.637017
v 46.093571 2.578903 -5.405258
v 46.182022 -2.114510 -5.426908
v 52.280254 0.681625 -4.025830
v 33.257179 2.470673 -2.868877
v 36.629753 0.972542 -2.838233
v 39.673561 0.149727 -2.823287
v 42.252907 -1.305466 -2.819342
v 44.327606 -3.414726 -2.809499
v 46.222992 -4.537994 -2.718315
v 52.459671 -1.522751 -2.002548
v 52.285427 0.738869 -1.961214
v 46.100681 2.635643 -2.639989
v 43.199837 4.394989 -2.735452
v 52.866985 0.724167 -3.579291
v 52.782818 3.491180 -5.015774
v 52.570744 10.892899 -5.015774
v 52.496338 13.660183 -3.579291
v 56.977028 4.022675 -1.454717
v 56.932800 5.426483 -2.407752
v 56.824726 9.198383 -2.407752
v 56.788498 10.602421 -1.454716
v 54.869583 4.084366 -4.219683
v 54.947632 1.721916 -2.861556
v 54.630699 12.783218 -2.861557
v 54.688042 10.420174 -4.219683
v 47.948734 0.609612 -3.611230
v 43.080410 3.234062 -5.023405
v 42.869526 10.594051 -5.023405
v 47.579597 13.492943 -3.611228
v -25.285650 -2.910686 0.000000
v -25.316900 -1.845894 -2.909656
v -25.400702 1.037525 -5.018184
v -25.513298 4.951691 -5.784537
v -25.625004 8.865871 -5.018184
v -25.706438 11.749352 -2.909657
v -25.736208 12.814186 -0.000000
v 38.967865 -0.253448 -0.000000
v 38.056206 0.670448 -2.610225
v 36.601261 3.212662 -4.510641
v 34.327389 6.666283 -5.203640
v 36.399780 10.244415 -4.510641
v 37.706772 12.865765 -2.610225
v 38.564041 13.840359 0.000000
v 24.417309 14.251434 -0.000000
v 24.447819 13.186623 -2.909634
v 24.530140 10.303131 -5.018262
v 24.642151 6.388775 -5.784653
v 24.754454 2.474419 -5.018262
v 24.837372 -0.409065 -2.909634
v 24.867878 -1.473877 -0.000000
v -4.394593 13.425808 -0.000000
v -4.363569 12.361137 -2.909404
v -4.280063 9.477718 -5.018133
v -4.167534 5.563301 -5.784583
v -4.055746 1.648857 -5.018133
v -3.974014 -1.234623 -2.909404
v -3.944027 -2.299313 0.000000
v 31.709324 6.591267 -5.348014
v 31.812880 2.977119 -4.640589
v 31.889973 0.312263 -2.692202
v 31.918945 -0.673027 -0.000000
v 31.502663 13.855629 0.000000
v 31.530151 12.870312 -2.692202
v 31.605768 10.205402 -4.640589
v 16.610094 9.819168 -4.694467
v 3.658663 9.448074 -4.694467
v 3.763165 5.790539 -5.410533
v 16.715187 6.161648 -5.410533
v 3.868259 2.132999 -4.694467
v 16.819689 2.504093 -4.694467
v 3.946243 -0.562824 -2.723180
v 16.896193 -0.191772 -2.723180
v 3.975315 -1.559406 0.000000
v 16.924303 -1.188385 -0.000000
v 3.554123 13.140572 -0.000000
v 16.503111 13.511593 -0.000000
v 3.582161 12.143951 -2.723180
v 16.532108 12.514999 -2.723180
v -9.932092 12.454762 -0.000000
v -9.903937 11.497986 -2.614423
v -9.828721 8.911655 -4.505565
v -9.727774 5.403988 -5.192266
v -9.627713 1.896282 -4.505565
v -9.554716 -0.690128 -2.614423
v -9.528042 -1.646927 0.000000
v -25.316900 -1.845894 2.909656
v -25.400702 1.037525 5.018184
v -25.513298 4.951691 5.784537
v -25.625004 8.865871 5.018184
v -25.706438 11.749352 2.909657
v 38.056206 0.670448 2.610225
v 36.601261 3.212662 4.510641
v 34.327389 6.666283 5.203640
v 36.399780 10.244415 4.510641
v 37.706772 12.865765 2.610225
v 24.447819 13.186623 2.909634
v 24.530140 10.303131 5.018262
v 24.642151 6.388775 5.784653
v 24.754454 2.474419 5.018262
v 24.837372 -0.409065 2.909634
v -4.363569 12.361137 2.909404
v -4.280063 9.477718 5.018133
v -4.167534 5.563301 5.784583
v -4.055746 1.648857 5.018133
v -3.974014 -1.234623 2.909404
v 31.709324 6.591267 5.348014
v 31.812880 2.977119 4.640589
v 31.889973 0.312263 2.692202
v 31.530151 12.870312 2.692202
v 31.605768 10.205402 4.640589
v 16.610094 9.819168 4.694467
v 3.658663 9.448074 4.694467
v 3.763165 5.790539 5.410533
v 16.715187 6.161648 5.410533
v 3.868259 2.132999 4.694467
v 16.819689 2.504093 4.694467
v 3.946243 -0.562824 2.723180
v 16.896193 -0.191772 2.723180
v 3.582161 12.143951 2.723180
v 16.532108 12.514999 2.723180
v -9.903937 11.497986 2.614423
v -9.828721 8.911655 4.505565
v -9.727774 5.403988 5.192266
v -9.627713 1.896282 4.505565
v -9.554716 -0.690128 2.614423
v -25.539232 14.681301 4.480124
v -25.428896 10.566853 7.750604
v -25.271540 4.958702 8.944572
v -25.107525 -0.649269 7.750604
v -24.982094 -4.763287 4.480123
v -24.934557 -6.272522 -0.000033
v -24.982094 -4.763287 -4.480188
v -25.107525 -0.649269 -7.750668
v -25.271540 4.958702 -8.944638
v -25.428896 10.566853 -7.750668
v -25.539232 14.681301 -4.480190
v -25.578190 16.190800 -0.000033
v -24.844904 14.389244 4.335006
v -24.731913 10.406982 7.498223
v -24.576895 4.978603 8.653419
v -24.420839 -0.449772 7.498225
v -24.305630 -4.431931 4.335006
v -24.263075 -5.893845 -0.000033
v -24.305630 -4.431931 -4.335071
v -24.420839 -0.449772 -7.498289
v -24.576895 4.978603 -8.653485
v -24.731913 10.406982 -7.498291
v -24.844904 14.389244 -4.335072
v -24.886126 15.851173 -0.000033
v -25.493490 12.976318 3.463506
v -25.406031 9.629276 6.085729
v -24.703133 9.828979 6.342031
v -24.799356 13.316475 3.618770
v -25.275610 4.958584 7.070976
v -24.565796 4.978924 7.361794
v -25.138382 0.288078 6.085729
v -24.425201 0.128941 6.342031
v -25.034052 -3.058464 3.463506
v -24.321581 -3.358322 3.618771
v -24.994463 -4.251530 -0.000032
v -24.283449 -4.609035 -0.000032
v -25.034052 -3.058464 -3.463572
v -24.321581 -3.358322 -3.618836
v -25.138382 0.288078 -6.085794
v -24.425201 0.128941 -6.342096
v -25.275610 4.958584 -7.071042
v -24.565796 4.978924 -7.361859
v -25.406031 9.629276 -6.085794
v -24.703133 9.828979 -6.342096
v -25.493490 12.976318 -3.463572
v -24.799356 13.316475 -3.618836
v -25.522278 14.169697 -0.000032
v -24.832901 14.567314 -0.000032
v -34.627506 -5.039791 4.480124
v -34.737843 -0.925339 7.750604
v -34.895199 4.682812 8.944572
v -35.059212 10.290779 7.750601
v -35.184643 14.404797 4.480122
v -35.232182 15.914032 -0.000032
v -35.184643 14.404797 -4.480187
v -35.059212 10.290779 -7.750668
v -34.895199 4.682812 -8.944638
v -34.737843 -0.925339 -7.750666
v -34.627506 -5.039791 -4.480190
v -34.588547 -6.549290 -0.000033
v -35.321835 -4.747730 4.335006
v -35.434826 -0.765472 7.498225
v -35.589844 4.662907 8.653419
v -35.745899 10.091282 7.498223
v -35.861107 14.073441 4.335005
v -35.903664 15.535355 -0.000032
v -35.861107 14.073441 -4.335071
v -35.745899 10.091282 -7.498289
v -35.589844 4.662907 -8.653485
v -35.434826 -0.765472 -7.498291
v -35.321835 -4.747730 -4.335073
v -35.280613 -6.209663 -0.000033
v -34.673248 -3.334808 3.463506
v -34.760708 0.012234 6.085729
v -35.463604 -0.187466 6.342033
v -35.367382 -3.674965 3.618770
v -34.891129 4.682926 7.070976
v -35.600941 4.662590 7.361794
v -35.028358 9.353432 6.085729
v -35.741535 9.512569 6.342031
v -35.132683 12.699974 3.463505
v -35.845158 12.999836 3.618770
v -35.172276 13.893040 -0.000033
v -35.883289 14.250546 -0.000033
v -35.132683 12.699974 -3.463570
v -35.845158 12.999836 -3.618836
v -35.028358 9.353432 -6.085794
v -35.741535 9.512569 -6.342096
v -34.891129 4.682926 -7.071042
v -35.600941 4.662590 -7.361859
v -34.760708 0.012234 -6.085794
v -35.463604 -0.187466 -6.342099
v -34.673248 -3.334808 -3.463572
v -35.367382 -3.674965 -3.618836
v -34.644459 -4.528187 -0.000033
v -35.333836 -4.925804 -0.000033
v -25.937586 -14.762494 -7.402937
v -8.978837 -14.446696 -16.757233
v 7.979914 -14.130898 -26.111526
v -30.745289 4.708857 -15.461655
v -13.786539 5.024654 -24.815950
v 3.172211 5.340451 -34.170242
v -26.285803 23.970285 -6.726627
v -9.327052 24.286083 -16.080921
v 7.631697 24.601881 -25.435217
v -25.837671 -14.661443 -7.218387
v -8.878922 -14.345647 -16.572681
v 8.079828 -14.029849 -25.926975
v -30.602716 4.705627 -15.203287
v -13.643967 5.021424 -24.557583
v 3.314784 5.337222 -33.911877
v -26.184031 23.864668 -6.545686
v -9.225280 24.180464 -15.899981
v 7.733469 24.496262 -25.254276
v 10.547142 33.128220 -20.189114
v -6.471676 22.181194 -20.264591
v -23.490501 11.234161 -20.340069
v 4.897280 41.772438 0.021721
v -12.121538 30.825413 -0.053761
v -29.140362 19.878387 -0.129242
v 10.367649 33.128220 20.281876
v -6.651169 22.181194 20.206394
v -23.669994 11.234161 20.130917
v 10.681215 32.918915 -20.062115
v -6.337603 21.971886 -20.137600
v -23.356430 11.024857 -20.213078
v 5.089389 41.473770 0.022572
v -11.929430 30.526745 -0.052910
v -28.948254 19.579712 -0.128391
v 10.502844 32.918915 20.156071
v -6.515974 21.971886 20.080589
v -23.534801 11.024857 20.005108
v 10.735380 -24.090378 20.122936
v -6.283438 -13.143200 20.172153
v -23.302263 -2.196030 20.221371
v 5.085518 -32.783066 -0.067097
v -11.933300 -21.835888 -0.017879
v -28.952124 -10.888710 0.031334
v 10.555887 -24.187481 -20.347931
v -6.462931 -13.240303 -20.298717
v -23.481756 -2.293129 -20.249500
v 10.869453 -23.881374 19.995441
v -6.149364 -12.934196 20.044659
v -23.168192 -1.987015 20.093876
v 5.277627 -32.484402 -0.068665
v -11.741192 -21.537224 -0.019451
v -28.760015 -10.590042 0.029766
v 10.691082 -23.977867 -20.222630
v -6.327736 -13.030689 -20.173416
v -23.346563 -2.083511 -20.124199
v -25.937586 -14.762494 7.402937
v -8.978837 -14.446696 16.757233
v 7.979914 -14.130898 26.111526
v -30.745289 4.708857 15.461655
v -13.786539 5.024654 24.815950
v 3.172211 5.340451 34.170242
v -26.285803 23.970285 6.726627
v -9.327052 24.286083 16.080921
v 7.631697 24.601881 25.435217
v -25.837671 -14.661443 7.218387
v -8.878922 -14.345647 16.572681
v 8.079828 -14.029849 25.926975
v -30.602716 4.705627 15.203287
v -13.643967 5.021424 24.557583
v 3.314784 5.337222 33.911877
v -26.184031 23.864668 6.545686
v -9.225280 24.180464 15.899981
v 7.733469 24.496262 25.254276
v -283.603943 -18.410086 -2.437351
v -285.018890 -8.883796 -0.000003
v -305.025146 -20.851885 -0.000003
v -282.612427 -25.857056 -2.336795
v -311.109924 -30.335909 -0.037569
v -235.798309 -19.219883 -2.337186
v -237.131012 -11.077560 -2.443607
v -239.024170 -0.703921 -0.000003
v -62.920319 -5.225991 -2.337641
v -38.624962 -9.914895 -2.337618
v -39.261101 6.040843 -2.445639
v -59.393650 5.168451 -2.445004
v -40.026299 19.668022 -0.000003
v -54.154861 20.194790 -0.000003
v -295.861206 -28.487934 -2.187194
v -292.970276 -12.081458 -0.000003
v -298.697021 -15.776190 -0.000003
v -290.803986 -21.448992 -2.350196
v -118.681412 -8.472391 -2.337764
v -170.102051 -12.580362 -2.337720
v -171.035126 -3.198976 -2.442311
v -119.394554 1.088944 -2.443070
v -172.290115 7.073100 -0.000003
v -120.334663 11.590003 -0.000003
v -283.603943 -18.410086 2.437345
v -282.612427 -25.857056 2.336789
v -235.798309 -19.219883 2.337181
v -237.131012 -11.077560 2.443601
v -62.920319 -5.225991 2.337635
v -38.624962 -9.914895 2.337612
v -39.261101 6.040843 2.445633
v -59.393650 5.168451 2.444998
v -295.861206 -28.487934 2.115758
v -290.803986 -21.448992 2.350191
v -118.681412 -8.472391 2.337758
v -170.102051 -12.580362 2.337714
v -171.035126 -3.198976 2.442306
v -119.394554 1.088944 2.443064
vt 0.695217 0.073724
vt 0.679261 0.054101
vt 0.689029 0.032006
vt 0.707040 0.052293
vt 0.683792 0.101510
vt 0.705004 0.098512
vt 0.716150 0.207042
vt 0.695851 0.208876
vt 0.730392 0.096088
vt 0.741248 0.204231
vt 0.678682 0.652495
vt 0.715466 0.653269
vt 0.713515 0.694279
vt 0.681136 0.693598
vt 0.750175 0.654232
vt 0.748397 0.695174
vt 0.718635 0.070638
vt 0.672290 0.019544
vt 0.693344 0.509661
vt 0.703623 0.377759
vt 0.720077 0.377020
vt 0.719492 0.509385
vt 0.754903 0.375743
vt 0.749733 0.509530
vt 0.693062 0.062223
vt 0.704840 0.040090
vt 0.687889 0.018061
vt 0.677061 0.041899
vt 0.681694 0.090887
vt 0.702904 0.087874
vt 0.695851 0.208876
vt 0.716150 0.207042
vt 0.741248 0.204231
vt 0.728291 0.085426
vt 0.678682 0.652495
vt 0.681136 0.693598
vt 0.713515 0.694279
vt 0.715466 0.653269
vt 0.748397 0.695174
vt 0.750175 0.654232
vt 0.716476 0.059084
vt 0.669098 0.004059
vt 0.693344 0.509661
vt 0.703623 0.377759
vt 0.719492 0.509385
vt 0.720077 0.377020
vt 0.749733 0.509530
vt 0.754903 0.375743
vt 0.927400 0.193934
vt 0.947731 0.218397
vt 0.946697 0.172750
vt 0.976163 0.192024
vt 0.902502 0.208119
vt 0.916429 0.238741
vt 0.874653 0.210370
vt 0.877450 0.247084
vt 0.846602 0.209143
vt 0.838757 0.245825
vt 0.820606 0.198000
vt 0.804137 0.226355
vt 0.774939 0.201182
vt 0.799422 0.178704
vt 0.752251 0.166838
vt 0.784479 0.154753
vt 0.748860 0.129163
vt 0.784627 0.126690
vt 0.754574 0.091369
vt 0.783802 0.099049
vt 0.770241 0.056720
vt 0.797937 0.077227
vt 0.815744 0.054833
vt 0.795848 0.028608
vt 0.838964 0.039529
vt 0.827150 0.007830
vt 0.865348 0.033174
vt 0.866129 0.002094
vt 0.893549 0.039411
vt 0.903924 0.006287
vt 0.916730 0.050297
vt 0.938572 0.021954
vt 0.966684 0.047561
vt 0.937914 0.069594
vt 0.987028 0.080385
vt 0.948173 0.091352
vt 0.996023 0.115886
vt 0.955204 0.117052
vt 0.994283 0.157251
vt 0.952045 0.145533
vt 0.927400 0.193934
vt 0.946697 0.172750
vt 0.947731 0.218397
vt 0.976163 0.192024
vt 0.902502 0.208119
vt 0.916429 0.238741
vt 0.874653 0.210370
vt 0.877450 0.247084
vt 0.846602 0.209143
vt 0.838757 0.245825
vt 0.820606 0.198000
vt 0.804137 0.226355
vt 0.799422 0.178704
vt 0.774939 0.201182
vt 0.784479 0.154753
vt 0.752251 0.166838
vt 0.784627 0.126690
vt 0.748860 0.129163
vt 0.783802 0.099049
vt 0.754574 0.091369
vt 0.797937 0.077227
vt 0.770241 0.056720
vt 0.815744 0.054833
vt 0.795848 0.028608
vt 0.838964 0.039529
vt 0.827150 0.007830
vt 0.865348 0.033174
vt 0.866129 0.002094
vt 0.893549 0.039411
vt 0.903924 0.006287
vt 0.916730 0.050297
vt 0.938572 0.021954
vt 0.937914 0.069594
vt 0.966684 0.047561
vt 0.948173 0.091352
vt 0.987028 0.080385
vt 0.955204 0.117052
vt 0.996023 0.115886
vt 0.952045 0.145533
vt 0.994283 0.157251
vt 0.927400 0.193934
vt 0.946697 0.172750
vt 0.947731 0.218397
vt 0.976163 0.192024
vt 0.902502 0.208119
vt 0.916429 0.238741
vt 0.874653 0.210370
vt 0.877450 0.247084
vt 0.846602 0.209143
vt 0.838757 0.245825
vt 0.820606 0.198000
vt 0.804137 0.226355
vt 0.799422 0.178704
vt 0.774939 0.201182
vt 0.784479 0.154753
vt 0.752251 0.166838
vt 0.784627 0.126690
vt 0.748860 0.129163
vt 0.783802 0.099049
vt 0.754574 0.091369
vt 0.797937 0.077227
vt 0.770241 0.056720
vt 0.815744 0.054833
vt 0.795848 0.028608
vt 0.838964 0.039529
vt 0.827150 0.007830
vt 0.865348 0.033174
vt 0.866129 0.002094
vt 0.893549 0.039411
vt 0.903924 0.006287
vt 0.916730 0.050297
vt 0.938572 0.021954
vt 0.937914 0.069594
vt 0.966684 0.047561
vt 0.948173 0.091352
vt 0.987028 0.080385
vt 0.955204 0.117052
vt 0.996023 0.115886
vt 0.952045 0.145533
vt 0.994283 0.157251
vt 0.927400 0.193934
vt 0.947731 0.218397
vt 0.946697 0.172750
vt 0.976163 0.192024
vt 0.902502 0.208119
vt 0.916429 0.238741
vt 0.874653 0.210370
vt 0.877450 0.247084
vt 0.846602 0.209143
vt 0.838757 0.245825
vt 0.820606 0.198000
vt 0.804137 0.226355
vt 0.774939 0.201182
vt 0.799422 0.178704
vt 0.752251 0.166838
vt 0.784479 0.154753
vt 0.748860 0.129163
vt 0.784627 0.126690
vt 0.754574 0.091369
vt 0.783802 0.099049
vt 0.770241 0.056720
vt 0.797937 0.077227
vt 0.815744 0.054833
vt 0.795848 0.028608
vt 0.838964 0.039529
vt 0.827150 0.007830
vt 0.865348 0.033174
vt 0.866129 0.002094
vt 0.893549 0.039411
vt 0.903924 0.006287
vt 0.916730 0.050297
vt 0.938572 0.021954
vt 0.966684 0.047561
vt 0.937914 0.069594
vt 0.987028 0.080385
vt 0.948173 0.091352
vt 0.996023 0.115886
vt 0.955204 0.117052
vt 0.994283 0.157251
vt 0.952045 0.145533
vt 0.927400 0.193934
vt 0.947731 0.218397
vt 0.946697 0.172750
vt 0.976163 0.192024
vt 0.902502 0.208119
vt 0.916429 0.238741
vt 0.874653 0.210370
vt 0.877450 0.247084
vt 0.846602 0.209143
vt 0.838757 0.245825
vt 0.820606 0.198000
vt 0.804137 0.226355
vt 0.774939 0.201182
vt 0.799422 0.178704
vt 0.752251 0.166838
vt 0.784479 0.154753
vt 0.748860 0.129163
vt 0.784627 0.126690
vt 0.754574 0.091369
vt 0.783802 0.099049
vt 0.770241 0.056720
vt 0.797937 0.077227
vt 0.815744 0.054833
vt 0.795848 0.028608
vt 0.838964 0.039529
vt 0.827150 0.007830
vt 0.865348 0.033174
vt 0.866129 0.002094
vt 0.893549 0.039411
vt 0.903924 0.006287
vt 0.916730 0.050297
vt 0.938572 0.021954
vt 0.966684 0.047561
vt 0.937914 0.069594
vt 0.987028 0.080385
vt 0.948173 0.091352
vt 0.996023 0.115886
vt 0.955204 0.117052
vt 0.994283 0.157251
vt 0.952045 0.145533
vt 0.927400 0.193934
vt 0.946697 0.172750
vt 0.947731 0.218397
vt 0.976163 0.192024
vt 0.902502 0.208119
vt 0.916429 0.238741
vt 0.874653 0.210370
vt 0.877450 0.247084
vt 0.846602 0.209143
vt 0.838757 0.245825
vt 0.820606 0.198000
vt 0.804137 0.226355
vt 0.799422 0.178704
vt 0.774939 0.201182
vt 0.784479 0.154753
vt 0.752251 0.166838
vt 0.784627 0.126690
vt 0.748860 0.129163
vt 0.783802 0.099049
vt 0.754574 0.091369
vt 0.797937 0.077227
vt 0.770241 0.056720
vt 0.815744 0.054833
vt 0.795848 0.028608
vt 0.838964 0.039529
vt 0.827150 0.007830
vt 0.865348 0.033174
vt 0.866129 0.002094
vt 0.893549 0.039411
vt 0.903924 0.006287
vt 0.916730 0.050297
vt 0.938572 0.021954
vt 0.937914 0.069594
vt 0.966684 0.047561
vt 0.948173 0.091352
vt 0.987028 0.080385
vt 0.955204 0.117052
vt 0.996023 0.115886
vt 0.952045 0.145533
vt 0.994283 0.157251
vt 0.927400 0.193934
vt 0.946697 0.172750
vt 0.947731 0.218397
vt 0.976163 0.192024
vt 0.902502 0.208119
vt 0.916429 0.238741
vt 0.874653 0.210370
vt 0.877450 0.247084
vt 0.846602 0.209143
vt 0.838757 0.245825
vt 0.820606 0.198000
vt 0.804137 0.226355
vt 0.799422 0.178704
vt 0.774939 0.201182
vt 0.784479 0.154753
vt 0.752251 0.166838
vt 0.784627 0.126690
vt 0.748860 0.129163
vt 0.783802 0.099049
vt 0.754574 0.091369
vt 0.797937 0.077227
vt 0.770241 0.056720
vt 0.815744 0.054833
vt 0.795848 0.028608
vt 0.838964 0.039529
vt 0.827150 0.007830
vt 0.865348 0.033174
vt 0.866129 0.002094
vt 0.893549 0.039411
vt 0.903924 0.006287
vt 0.916730 0.050297
vt 0.938572 0.021954
vt 0.937914 0.069594
vt 0.966684 0.047561
vt 0.948173 0.091352
vt 0.987028 0.080385
vt 0.955204 0.117052
vt 0.996023 0.115886
vt 0.952045 0.145533
vt 0.994283 0.157251
vt 0.927400 0.193934
vt 0.947731 0.218397
vt 0.946697 0.172750
vt 0.976163 0.192024
vt 0.902502 0.208119
vt 0.916429 0.238741
vt 0.874653 0.210370
vt 0.877450 0.247084
vt 0.846602 0.209143
vt 0.838757 0.245825
vt 0.820606 0.198000
vt 0.804137 0.226355
vt 0.774939 0.201182
vt 0.799422 0.178704
vt 0.752251 0.166838
vt 0.784479 0.154753
vt 0.748860 0.129163
vt 0.784627 0.126690
vt 0.754574 0.091369
vt 0.783802 0.099049
vt 0.770241 0.056720
vt 0.797937 0.077227
vt 0.815744 0.054833
vt 0.795848 0.028608
vt 0.838964 0.039529
vt 0.827150 0.007830
vt 0.865348 0.033174
vt 0.866129 0.002094
vt 0.893549 0.039411
vt 0.903924 0.006287
vt 0.916730 0.050297
vt 0.938572 0.021954
vt 0.966684 0.047561
vt 0.937914 0.069594
vt 0.987028 0.080385
vt 0.948173 0.091352
vt 0.996023 0.115886
vt 0.955204 0.117052
vt 0.994283 0.157251
vt 0.952045 0.145533
vt 0.512605 0.352267
vt 0.498538 0.352552
vt 0.514089 0.436454
vt 0.500008 0.436778
vt 0.394653 0.437798
vt 0.396450 0.354061
vt 0.385390 0.437695
vt 0.385875 0.353962
vt 0.444389 0.355144
vt 0.444389 0.438030
vt 0.444210 0.338823
vt 0.396325 0.344655
vt 0.498286 0.338157
vt 0.500008 0.436778
vt 0.498538 0.352552
vt 0.514089 0.436454
vt 0.512605 0.352267
vt 0.394653 0.437798
vt 0.385390 0.437695
vt 0.396450 0.354061
vt 0.385875 0.353962
vt 0.444389 0.438030
vt 0.444389 0.355144
vt 0.444210 0.338823
vt 0.396325 0.344655
vt 0.498286 0.338157
vt 0.868881 0.984365
vt 0.826025 0.984365
vt 0.868881 0.958422
vt 0.826025 0.958422
vt 0.868881 0.909644
vt 0.826025 0.909644
vt 0.868881 0.854008
vt 0.826025 0.854007
vt 0.759276 0.981218
vt 0.761046 0.952856
vt 0.807567 0.982229
vt 0.807357 0.952795
vt 0.760794 0.900188
vt 0.807861 0.900272
vt 0.760761 0.841489
vt 0.808068 0.841531
vt 0.751761 0.978992
vt 0.752551 0.951799
vt 0.814799 0.951978
vt 0.814764 0.980725
vt 0.752053 0.900127
vt 0.815563 0.900286
vt 0.752044 0.841481
vt 0.815743 0.841539
vt 0.807242 0.990595
vt 0.759146 0.989584
vt 0.868881 0.726930
vt 0.868881 0.749593
vt 0.826025 0.726930
vt 0.826025 0.749593
vt 0.868881 0.798370
vt 0.826025 0.798370
vt 0.759525 0.704526
vt 0.807461 0.704356
vt 0.761244 0.730122
vt 0.807555 0.730266
vt 0.760898 0.782790
vt 0.807965 0.782790
vt 0.752747 0.731164
vt 0.751781 0.706737
vt 0.814995 0.731098
vt 0.816101 0.705816
vt 0.752158 0.782836
vt 0.815667 0.782792
vt 0.807151 0.695236
vt 0.759410 0.696160
vt 0.679066 0.887188
vt 0.713505 0.887170
vt 0.678554 0.796703
vt 0.713505 0.796514
vt 0.677633 0.730168
vt 0.714777 0.730705
vt 0.918168 0.928001
vt 0.918168 0.865111
vt 0.886125 0.928001
vt 0.886125 0.865111
vt 0.918168 0.816050
vt 0.886125 0.816050
vt 0.652352 0.885749
vt 0.651665 0.798256
vt 0.740461 0.798153
vt 0.740241 0.885207
vt 0.649581 0.734571
vt 0.742791 0.735030
vt 0.678165 0.943292
vt 0.651640 0.939007
vt 0.715936 0.942214
vt 0.742258 0.937624
vt 0.918168 0.966328
vt 0.886125 0.966328
vt 0.886125 0.986624
vt 0.918168 0.986624
vt 0.918168 0.797589
vt 0.886125 0.797589
vt 0.679066 0.887188
vt 0.678554 0.796703
vt 0.713505 0.887170
vt 0.713505 0.796514
vt 0.677633 0.730168
vt 0.714777 0.730705
vt 0.918168 0.928001
vt 0.886125 0.928001
vt 0.918168 0.865111
vt 0.886125 0.865111
vt 0.918168 0.816050
vt 0.886125 0.816050
vt 0.651665 0.798256
vt 0.652352 0.885749
vt 0.740461 0.798153
vt 0.740241 0.885207
vt 0.649581 0.734571
vt 0.742791 0.735030
vt 0.651640 0.939007
vt 0.678165 0.943292
vt 0.715936 0.942214
vt 0.742258 0.937624
vt 0.918168 0.966328
vt 0.886125 0.966328
vt 0.886125 0.986624
vt 0.918168 0.986624
vt 0.918168 0.797589
vt 0.886125 0.797589
vt 0.679066 0.887188
vt 0.713505 0.887170
vt 0.678554 0.796703
vt 0.713505 0.796514
vt 0.677633 0.730168
vt 0.714777 0.730705
vt 0.918168 0.928001
vt 0.918168 0.865111
vt 0.886125 0.928001
vt 0.886125 0.865111
vt 0.918168 0.816050
vt 0.886125 0.816050
vt 0.652352 0.885749
vt 0.651665 0.798256
vt 0.740461 0.798153
vt 0.740241 0.885207
vt 0.649581 0.734571
vt 0.742791 0.735030
vt 0.678165 0.943292
vt 0.651640 0.939007
vt 0.715936 0.942214
vt 0.742258 0.937624
vt 0.918168 0.966328
vt 0.886125 0.966328
vt 0.886125 0.986624
vt 0.918168 0.986624
vt 0.918168 0.797589
vt 0.886125 0.797589
vt 0.679066 0.887188
vt 0.678554 0.796703
vt 0.713505 0.887170
vt 0.713505 0.796514
vt 0.677633 0.730168
vt 0.714777 0.730705
vt 0.918168 0.928001
vt 0.886125 0.928001
vt 0.918168 0.865111
vt 0.886125 0.865111
vt 0.918168 0.816050
vt 0.886125 0.816050
vt 0.651665 0.798256
vt 0.652352 0.885749
vt 0.740461 0.798153
vt 0.740241 0.885207
vt 0.649581 0.734571
vt 0.742791 0.735030
vt 0.651640 0.939007
vt 0.678165 0.943292
vt 0.715936 0.942214
vt 0.742258 0.937624
vt 0.918168 0.966328
vt 0.886125 0.966328
vt 0.886125 0.986624
vt 0.918168 0.986624
vt 0.918168 0.797589
vt 0.886125 0.797589
vt 0.868881 0.984365
vt 0.868881 0.958422
vt 0.826025 0.984365
vt 0.826025 0.958422
vt 0.868881 0.909644
vt 0.826025 0.909644
vt 0.868881 0.854008
vt 0.826025 0.854007
vt 0.759276 0.981218
vt 0.807567 0.982229
vt 0.761046 0.952856
vt 0.807357 0.952795
vt 0.760794 0.900188
vt 0.807861 0.900272
vt 0.760761 0.841489
vt 0.808068 0.841531
vt 0.752551 0.951799
vt 0.751761 0.978992
vt 0.814799 0.951978
vt 0.814764 0.980725
vt 0.752053 0.900127
vt 0.815563 0.900286
vt 0.752044 0.841481
vt 0.815743 0.841539
vt 0.807242 0.990595
vt 0.759146 0.989584
vt 0.868881 0.726930
vt 0.826025 0.726930
vt 0.868881 0.749593
vt 0.826025 0.749593
vt 0.868881 0.798370
vt 0.826025 0.798370
vt 0.759525 0.704526
vt 0.761244 0.730122
vt 0.807461 0.704356
vt 0.807555 0.730266
vt 0.760898 0.782790
vt 0.807965 0.782790
vt 0.751781 0.706737
vt 0.752747 0.731164
vt 0.814995 0.731098
vt 0.816101 0.705816
vt 0.752158 0.782836
vt 0.815667 0.782792
vt 0.807151 0.695236
vt 0.759410 0.696160
vt 0.991123 0.547926
vt 0.933724 0.547926
vt 0.991123 0.587786
vt 0.933724 0.587786
vt 0.991123 0.632209
vt 0.933724 0.632209
vt 0.991123 0.676631
vt 0.933724 0.676631
vt 0.991123 0.716491
vt 0.933724 0.716491
vt 0.991123 0.751195
vt 0.933724 0.751195
vt 0.991123 0.785898
vt 0.933724 0.785898
vt 0.991123 0.825758
vt 0.933724 0.825758
vt 0.991123 0.870181
vt 0.933724 0.870181
vt 0.991123 0.914603
vt 0.933724 0.914603
vt 0.991123 0.954463
vt 0.933724 0.954464
vt 0.991123 0.989167
vt 0.933724 0.989167
vt 0.991123 0.513223
vt 0.933724 0.513223
vt 0.612325 0.890287
vt 0.543398 0.890287
vt 0.583193 0.929107
vt 0.543398 0.929107
vt 0.622988 0.837259
vt 0.543398 0.837259
vt 0.543398 0.785201
vt 0.612325 0.785201
vt 0.543398 0.747741
vt 0.583193 0.747741
vt 0.543398 0.733532
vt 0.503603 0.747741
vt 0.474471 0.785201
vt 0.463808 0.837259
vt 0.474471 0.890287
vt 0.503603 0.929107
vt 0.543398 0.942458
vt 0.543393 0.929092
vt 0.543393 0.890273
vt 0.503598 0.929092
vt 0.474466 0.890273
vt 0.543393 0.837244
vt 0.463803 0.837244
vt 0.474466 0.785187
vt 0.543393 0.785187
vt 0.503598 0.747727
vt 0.543393 0.747727
vt 0.543393 0.733518
vt 0.583188 0.747727
vt 0.612320 0.785187
vt 0.622983 0.837244
vt 0.612320 0.890273
vt 0.583188 0.929092
vt 0.543393 0.942444
vt 0.043877 0.087625
vt 0.057424 0.066409
vt 0.028795 0.066435
vt 0.040276 0.044402
vt 0.025197 0.066669
vt 0.029161 0.114472
vt 0.033724 0.114154
vt 0.052289 0.113710
vt 0.064167 0.277100
vt 0.044704 0.280320
vt 0.076629 0.112982
vt 0.091291 0.273581
vt 0.057101 0.987128
vt 0.080199 0.987476
vt 0.058005 0.927139
vt 0.081370 0.927614
vt 0.109455 0.987963
vt 0.110377 0.928207
vt 0.053430 0.927134
vt 0.052529 0.987067
vt 0.040135 0.280549
vt 0.068114 0.086001
vt 0.023917 0.030510
vt 0.056755 0.718836
vt 0.052869 0.526474
vt 0.052181 0.718895
vt 0.048295 0.526600
vt 0.081370 0.717703
vt 0.076824 0.524725
vt 0.108684 0.716480
vt 0.103427 0.522789
vt 0.042423 0.075680
vt 0.027341 0.053767
vt 0.055970 0.053740
vt 0.040024 0.030016
vt 0.032270 0.103114
vt 0.027707 0.103443
vt 0.023743 0.054009
vt 0.050835 0.102654
vt 0.064167 0.277100
vt 0.044704 0.280320
vt 0.075175 0.101902
vt 0.091291 0.273581
vt 0.081370 0.927614
vt 0.080199 0.987476
vt 0.058005 0.927139
vt 0.057101 0.987128
vt 0.110377 0.928207
vt 0.109455 0.987963
vt 0.053430 0.927134
vt 0.052529 0.987067
vt 0.040135 0.280549
vt 0.066660 0.074001
vt 0.021662 0.014407
vt 0.056755 0.718836
vt 0.052181 0.718895
vt 0.052869 0.526474
vt 0.048295 0.526600
vt 0.076824 0.524725
vt 0.081370 0.717703
vt 0.103427 0.522789
vt 0.108684 0.716480
vt 0.336947 0.766565
vt 0.347632 0.772102
vt 0.336947 0.793184
vt 0.358313 0.792549
vt 0.364954 0.811793
vt 0.376521 0.827236
vt 0.354589 0.819708
vt 0.366537 0.839474
vt 0.394734 0.838578
vt 0.385232 0.879752
vt 0.336947 0.812566
vt 0.336947 0.820289
vt 0.336325 0.740059
vt 0.365205 0.753638
vt 0.378010 0.775201
vt 0.386885 0.792722
vt 0.397236 0.809821
vt 0.409633 0.825437
vt 0.416835 0.837995
vt 0.404567 0.881711
vt 0.416058 0.972074
vt 0.416057 0.959270
vt 0.429620 0.972151
vt 0.374325 0.950413
vt 0.374325 0.967645
vt 0.351496 0.949167
vt 0.351496 0.967022
vt 0.334479 0.967022
vt 0.334479 0.949167
vt 0.394789 0.768858
vt 0.403131 0.785424
vt 0.413401 0.801991
vt 0.425196 0.818256
vt 0.432207 0.830417
vt 0.433398 0.843415
vt 0.417123 0.884824
vt 0.433612 0.984879
vt 0.416058 0.984878
vt 0.374325 0.984878
vt 0.351496 0.984878
vt 0.334479 0.984878
vt 0.326261 0.772102
vt 0.315580 0.792549
vt 0.307356 0.839474
vt 0.297372 0.827236
vt 0.319304 0.819708
vt 0.308939 0.811793
vt 0.288661 0.879752
vt 0.279159 0.838578
vt 0.307445 0.753638
vt 0.294640 0.775201
vt 0.287008 0.792722
vt 0.276657 0.809821
vt 0.264260 0.825437
vt 0.257058 0.837995
vt 0.269327 0.881711
vt 0.252901 0.972074
vt 0.239339 0.972151
vt 0.252901 0.959269
vt 0.294633 0.967645
vt 0.294633 0.950413
vt 0.317462 0.967022
vt 0.317462 0.949167
vt 0.277860 0.768858
vt 0.269935 0.785424
vt 0.259666 0.801991
vt 0.247870 0.818256
vt 0.240860 0.830417
vt 0.256315 0.884824
vt 0.239961 0.843601
vt 0.252901 0.984878
vt 0.235347 0.984879
vt 0.294633 0.984878
vt 0.317462 0.984878
vt 0.403413 0.510774
vt 0.407813 0.524785
vt 0.382416 0.519521
vt 0.391903 0.533535
vt 0.421162 0.508228
vt 0.424035 0.522483
vt 0.463597 0.523319
vt 0.466916 0.509215
vt 0.484548 0.511971
vt 0.479767 0.525928
vt 0.505256 0.521372
vt 0.495300 0.535197
vt 0.250799 0.941863
vt 0.262273 0.909699
vt 0.336447 0.941863
vt 0.293622 0.888695
vt 0.379270 0.888696
vt 0.410620 0.909699
vt 0.422094 0.941863
vt 0.456638 0.540736
vt 0.430355 0.540736
vt 0.418375 0.543478
vt 0.409608 0.549043
vt 0.476979 0.550089
vt 0.468466 0.544166
vt 0.380086 0.513730
vt 0.399495 0.479791
vt 0.419434 0.448292
vt 0.469621 0.447758
vt 0.489063 0.480692
vt 0.507774 0.515609
vt 0.336947 0.766565
vt 0.336947 0.793184
vt 0.347632 0.772102
vt 0.358313 0.792549
vt 0.366537 0.839474
vt 0.376521 0.827236
vt 0.354589 0.819708
vt 0.364954 0.811793
vt 0.385232 0.879752
vt 0.394734 0.838578
vt 0.336947 0.812566
vt 0.336947 0.820289
vt 0.336325 0.740059
vt 0.365205 0.753638
vt 0.378010 0.775201
vt 0.386885 0.792722
vt 0.397236 0.809821
vt 0.409633 0.825437
vt 0.416835 0.837995
vt 0.404567 0.881711
vt 0.416058 0.972074
vt 0.429620 0.972151
vt 0.416057 0.959270
vt 0.374325 0.967645
vt 0.374325 0.950413
vt 0.351496 0.967022
vt 0.351496 0.949167
vt 0.334479 0.967022
vt 0.334479 0.949167
vt 0.394789 0.768858
vt 0.403131 0.785424
vt 0.413401 0.801991
vt 0.425196 0.818256
vt 0.432207 0.830417
vt 0.417123 0.884824
vt 0.433398 0.843415
vt 0.416058 0.984878
vt 0.433612 0.984879
vt 0.374325 0.984878
vt 0.351496 0.984878
vt 0.334479 0.984878
vt 0.326261 0.772102
vt 0.315580 0.792549
vt 0.308939 0.811793
vt 0.297372 0.827236
vt 0.319304 0.819708
vt 0.307356 0.839474
vt 0.279159 0.838578
vt 0.288661 0.879752
vt 0.307445 0.753638
vt 0.294640 0.775201
vt 0.287008 0.792722
vt 0.276657 0.809821
vt 0.264260 0.825437
vt 0.257058 0.837995
vt 0.269327 0.881711
vt 0.252901 0.972074
vt 0.252901 0.959269
vt 0.239339 0.972151
vt 0.294633 0.950413
vt 0.294633 0.967645
vt 0.317462 0.949167
vt 0.317462 0.967022
vt 0.277860 0.768858
vt 0.269935 0.785424
vt 0.259666 0.801991
vt 0.247870 0.818256
vt 0.240860 0.830417
vt 0.239961 0.843601
vt 0.256315 0.884824
vt 0.235347 0.984879
vt 0.252901 0.984878
vt 0.294633 0.984878
vt 0.317462 0.984878
vt 0.391903 0.533535
vt 0.407813 0.524785
vt 0.382416 0.519521
vt 0.403413 0.510774
vt 0.421162 0.508228
vt 0.424035 0.522483
vt 0.463597 0.523319
vt 0.466916 0.509215
vt 0.479767 0.525928
vt 0.484548 0.511971
vt 0.505256 0.521372
vt 0.495300 0.535197
vt 0.250799 0.941863
vt 0.336447 0.941863
vt 0.262273 0.909699
vt 0.293622 0.888695
vt 0.379270 0.888696
vt 0.410620 0.909699
vt 0.422094 0.941863
vt 0.456638 0.540736
vt 0.430355 0.540736
vt 0.418375 0.543478
vt 0.409608 0.549043
vt 0.468466 0.544166
vt 0.476979 0.550089
vt 0.399495 0.479791
vt 0.380086 0.513730
vt 0.419434 0.448292
vt 0.469621 0.447758
vt 0.489063 0.480692
vt 0.507774 0.515609
vt 0.233119 0.349516
vt 0.238867 0.446853
vt 0.252430 0.348754
vt 0.256325 0.446725
vt 0.274886 0.348464
vt 0.276895 0.446626
vt 0.300103 0.348443
vt 0.300107 0.446622
vt 0.323320 0.446626
vt 0.325319 0.348463
vt 0.343890 0.446724
vt 0.347776 0.348750
vt 0.361347 0.446851
vt 0.367086 0.349510
vt 0.346267 0.687286
vt 0.364839 0.688085
vt 0.345998 0.641030
vt 0.364698 0.641204
vt 0.324529 0.671374
vt 0.324360 0.625354
vt 0.300093 0.659356
vt 0.300088 0.613450
vt 0.275816 0.625352
vt 0.275656 0.671375
vt 0.254177 0.641029
vt 0.253918 0.687291
vt 0.235477 0.641209
vt 0.235346 0.688096
vt 0.277125 0.702651
vt 0.300095 0.676480
vt 0.256951 0.727659
vt 0.239733 0.734203
vt 0.343248 0.727653
vt 0.360468 0.734191
vt 0.323069 0.702650
vt 0.323704 0.589207
vt 0.344675 0.589160
vt 0.323749 0.531840
vt 0.344781 0.531896
vt 0.300096 0.531784
vt 0.300096 0.589239
vt 0.276450 0.531842
vt 0.276480 0.589200
vt 0.255424 0.531895
vt 0.255501 0.589148
vt 0.237435 0.532071
vt 0.237561 0.588927
vt 0.362796 0.532080
vt 0.362591 0.588946
vt 0.346409 0.482261
vt 0.365425 0.482105
vt 0.324563 0.482208
vt 0.300107 0.482137
vt 0.275651 0.482207
vt 0.253807 0.482258
vt 0.234791 0.482104
vt 0.233119 0.349516
vt 0.252430 0.348754
vt 0.238867 0.446853
vt 0.256325 0.446725
vt 0.274886 0.348464
vt 0.276895 0.446626
vt 0.300103 0.348443
vt 0.300107 0.446622
vt 0.325319 0.348463
vt 0.323320 0.446626
vt 0.347776 0.348750
vt 0.343890 0.446724
vt 0.367086 0.349510
vt 0.361347 0.446851
vt 0.364698 0.641204
vt 0.364839 0.688085
vt 0.345998 0.641030
vt 0.346267 0.687286
vt 0.324360 0.625354
vt 0.324529 0.671374
vt 0.300088 0.613450
vt 0.300093 0.659356
vt 0.275816 0.625352
vt 0.275656 0.671375
vt 0.254177 0.641029
vt 0.253918 0.687291
vt 0.235477 0.641209
vt 0.235346 0.688096
vt 0.300095 0.676480
vt 0.277125 0.702651
vt 0.256951 0.727659
vt 0.239733 0.734203
vt 0.343248 0.727653
vt 0.360468 0.734191
vt 0.323069 0.702650
vt 0.323704 0.589207
vt 0.323749 0.531840
vt 0.344675 0.589160
vt 0.344781 0.531896
vt 0.300096 0.531784
vt 0.300096 0.589239
vt 0.276450 0.531842
vt 0.276480 0.589200
vt 0.255424 0.531895
vt 0.255501 0.589148
vt 0.237435 0.532071
vt 0.237561 0.588927
vt 0.362796 0.532080
vt 0.362591 0.588946
vt 0.365425 0.482105
vt 0.346409 0.482261
vt 0.324563 0.482208
vt 0.300107 0.482137
vt 0.275651 0.482207
vt 0.253807 0.482258
vt 0.234791 0.482104
vt 0.492793 0.703001
vt 0.495035 0.705560
vt 0.516851 0.678642
vt 0.520705 0.680100
vt 0.459349 0.712112
vt 0.459349 0.715084
vt 0.425906 0.703001
vt 0.423663 0.705560
vt 0.401847 0.678642
vt 0.397994 0.680100
vt 0.393220 0.646250
vt 0.388790 0.646250
vt 0.401847 0.613858
vt 0.397994 0.612400
vt 0.425906 0.589498
vt 0.423663 0.586940
vt 0.459349 0.580387
vt 0.459349 0.577416
vt 0.492793 0.589498
vt 0.495035 0.586940
vt 0.516851 0.613857
vt 0.520705 0.612400
vt 0.525478 0.646250
vt 0.529909 0.646250
vt 0.533337 0.688338
vt 0.527435 0.685721
vt 0.502066 0.719148
vt 0.498658 0.714615
vt 0.459349 0.730425
vt 0.459349 0.725192
vt 0.420040 0.714615
vt 0.416632 0.719148
vt 0.391264 0.685721
vt 0.385361 0.688338
vt 0.380731 0.646250
vt 0.373915 0.646250
vt 0.385361 0.604162
vt 0.391264 0.606779
vt 0.416632 0.573352
vt 0.420040 0.577884
vt 0.459349 0.562074
vt 0.459349 0.567308
vt 0.498658 0.577884
vt 0.502066 0.573352
vt 0.527435 0.606779
vt 0.533337 0.604162
vt 0.537968 0.646250
vt 0.544783 0.646250
vt 0.492793 0.703001
vt 0.495035 0.705560
vt 0.516851 0.678642
vt 0.520705 0.680100
vt 0.459349 0.712112
vt 0.459349 0.715084
vt 0.425906 0.703001
vt 0.423663 0.705560
vt 0.401847 0.678642
vt 0.397994 0.680100
vt 0.393220 0.646250
vt 0.388790 0.646250
vt 0.401847 0.613858
vt 0.397994 0.612400
vt 0.425906 0.589498
vt 0.423663 0.586940
vt 0.459349 0.580387
vt 0.459349 0.577416
vt 0.492793 0.589498
vt 0.495035 0.586940
vt 0.516851 0.613857
vt 0.520705 0.612400
vt 0.525478 0.646250
vt 0.529909 0.646250
vt 0.533337 0.688338
vt 0.527435 0.685721
vt 0.502066 0.719148
vt 0.498658 0.714615
vt 0.459349 0.730425
vt 0.459349 0.725192
vt 0.420040 0.714615
vt 0.416632 0.719148
vt 0.391264 0.685721
vt 0.385361 0.688338
vt 0.380731 0.646250
vt 0.373915 0.646250
vt 0.385361 0.604162
vt 0.391264 0.606779
vt 0.416632 0.573352
vt 0.420040 0.577884
vt 0.459349 0.562074
vt 0.459349 0.567308
vt 0.498658 0.577884
vt 0.502066 0.573352
vt 0.527435 0.606779
vt 0.533337 0.604162
vt 0.537968 0.646250
vt 0.544783 0.646250
vt 0.836649 0.145495
vt 0.836649 0.167433
vt 0.872772 0.145495
vt 0.872772 0.167433
vt 0.908895 0.145495
vt 0.908895 0.167433
vt 0.836649 0.189371
vt 0.872772 0.189371
vt 0.908895 0.189371
vt 0.836649 0.145495
vt 0.872772 0.145495
vt 0.836649 0.167433
vt 0.872772 0.167433
vt 0.908895 0.145495
vt 0.908895 0.167433
vt 0.836649 0.189371
vt 0.872772 0.189371
vt 0.908895 0.189371
vt 0.833815 0.071692
vt 0.873102 0.071692
vt 0.833815 0.095552
vt 0.873102 0.095552
vt 0.912389 0.071692
vt 0.912389 0.095552
vt 0.833815 0.119412
vt 0.873102 0.119412
vt 0.912389 0.119412
vt 0.833815 0.071692
vt 0.833815 0.095552
vt 0.873102 0.071692
vt 0.873102 0.095552
vt 0.912389 0.071692
vt 0.912389 0.095552
vt 0.833815 0.119412
vt 0.873102 0.119412
vt 0.912389 0.119412
vt 0.833815 0.071692
vt 0.873102 0.071692
vt 0.833815 0.095552
vt 0.873102 0.095552
vt 0.912389 0.071692
vt 0.912389 0.095552
vt 0.833815 0.119412
vt 0.873102 0.119412
vt 0.912389 0.119412
vt 0.833815 0.071692
vt 0.833815 0.095552
vt 0.873102 0.071692
vt 0.873102 0.095552
vt 0.912389 0.071692
vt 0.912389 0.095552
vt 0.833815 0.119412
vt 0.873102 0.119412
vt 0.912389 0.119412
vt 0.836649 0.145495
vt 0.872772 0.145495
vt 0.836649 0.167433
vt 0.872772 0.167433
vt 0.908895 0.145495
vt 0.908895 0.167433
vt 0.836649 0.189371
vt 0.872772 0.189371
vt 0.908895 0.189371
vt 0.836649 0.145495
vt 0.836649 0.167433
vt 0.872772 0.145495
vt 0.872772 0.167433
vt 0.908895 0.145495
vt 0.908895 0.167433
vt 0.836649 0.189371
vt 0.872772 0.189371
vt 0.908895 0.189371
vt 0.695217 0.073724
vt 0.679261 0.054101
vt 0.707040 0.052293
vt 0.689029 0.032006
vt 0.683792 0.101510
vt 0.705004 0.098512
vt 0.716150 0.207042
vt 0.695851 0.208876
vt 0.730392 0.096088
vt 0.741248 0.204231
vt 0.715466 0.653269
vt 0.713515 0.694279
vt 0.678682 0.652495
vt 0.681136 0.693598
vt 0.750175 0.654232
vt 0.748397 0.695174
vt 0.718635 0.070638
vt 0.672290 0.019544
vt 0.720077 0.377020
vt 0.719492 0.509385
vt 0.703623 0.377759
vt 0.693344 0.509661
vt 0.754903 0.375743
vt 0.749733 0.509530
vt 0.693062 0.062223
vt 0.704840 0.040090
vt 0.677061 0.041899
vt 0.687889 0.018061
vt 0.702904 0.087874
vt 0.681694 0.090887
vt 0.716150 0.207042
vt 0.695851 0.208876
vt 0.728291 0.085426
vt 0.741248 0.204231
vt 0.681136 0.693598
vt 0.713515 0.694279
vt 0.678682 0.652495
vt 0.715466 0.653269
vt 0.748397 0.695174
vt 0.750175 0.654232
vt 0.716476 0.059084
vt 0.669098 0.004059
vt 0.693344 0.509661
vt 0.719492 0.509385
vt 0.703623 0.377759
vt 0.720077 0.377020
vt 0.749733 0.509530
vt 0.754903 0.375743
vn -0.097807 0.098745 -0.990295
vn -0.128276 0.091778 -0.987483
vn -0.143573 0.159445 -0.976711
vn -0.136469 0.117956 -0.983597
vn 0.000489 -0.013636 -0.999907
vn -0.027792 0.134046 -0.990585
vn -0.017503 0.124701 -0.992040
vn 0.001624 -0.012695 -0.999918
vn -0.045672 0.238605 -0.970042
vn -0.031805 0.223665 -0.974147
vn -0.006310 0.105288 -0.994422
vn -0.004045 0.075621 -0.997128
vn 0.000284 -0.009933 -0.999951
vn -0.001316 -0.006822 -0.999976
vn -0.007644 0.167722 -0.985805
vn -0.002862 0.169993 -0.985441
vn -0.112029 0.221883 -0.968616
vn -0.150833 0.100666 -0.983420
vn -0.012463 0.118655 -0.992857
vn -0.012426 0.116684 -0.993091
vn 0.001016 -0.011041 -0.999939
vn 0.000781 -0.010931 -0.999940
vn -0.023971 0.228265 -0.973304
vn -0.024695 0.224656 -0.974125
vn -0.100272 0.094759 0.990438
vn -0.143221 0.155848 0.977343
vn -0.129237 0.084889 0.987974
vn -0.134647 0.111228 0.984631
vn -0.027792 0.134046 0.990585
vn 0.000163 -0.014241 0.999899
vn -0.017503 0.124701 0.992040
vn 0.001624 -0.012695 0.999918
vn -0.045672 0.238605 0.970042
vn -0.031805 0.223665 0.974147
vn -0.001316 -0.006822 0.999976
vn -0.004045 0.075621 0.997128
vn 0.000284 -0.009933 0.999951
vn -0.006310 0.105288 0.994422
vn -0.002862 0.169993 0.985441
vn -0.007644 0.167722 0.985805
vn -0.112029 0.221884 0.968616
vn -0.150206 0.092470 0.984321
vn 0.000781 -0.010931 0.999940
vn -0.012426 0.116684 0.993091
vn 0.001016 -0.011041 0.999939
vn -0.012463 0.118655 0.992857
vn -0.024695 0.224656 0.974125
vn -0.023971 0.228265 0.973304
vn 0.005224 -0.925609 -0.378445
vn 0.005228 -0.925864 -0.377820
vn 0.006772 -0.999977 -0.000001
vn 0.006770 -0.999977 -0.000000
vn 0.001180 -0.738224 -0.674555
vn 0.001193 -0.738836 -0.673884
vn -0.004296 -0.500350 -0.865813
vn -0.004281 -0.500994 -0.865440
vn -0.010555 -0.250355 -0.968097
vn -0.010544 -0.250742 -0.967997
vn -0.017404 -0.000499 -0.999848
vn -0.017403 -0.000499 -0.999849
vn -0.024884 0.249727 -0.967997
vn -0.024873 0.249340 -0.968097
vn -0.032959 0.499927 -0.865440
vn -0.032937 0.499283 -0.865812
vn -0.041113 0.737692 -0.673885
vn -0.041091 0.737080 -0.674555
vn -0.047794 0.924645 -0.377820
vn -0.047783 0.924390 -0.378443
vn -0.050501 0.998724 0.000000
vn -0.050497 0.998724 -0.000000
vn -0.047783 0.924390 0.378443
vn -0.047795 0.924645 0.377820
vn -0.041091 0.737080 0.674555
vn -0.041114 0.737692 0.673885
vn -0.032938 0.499284 0.865812
vn -0.032960 0.499927 0.865440
vn -0.024873 0.249340 0.968097
vn -0.024884 0.249727 0.967997
vn -0.017405 -0.000499 0.999848
vn -0.017403 -0.000498 0.999848
vn -0.010545 -0.250742 0.967996
vn -0.010556 -0.250355 0.968097
vn -0.004281 -0.500994 0.865440
vn -0.004296 -0.500350 0.865813
vn 0.001194 -0.738836 0.673884
vn 0.001181 -0.738223 0.674555
vn 0.005228 -0.925865 0.377819
vn 0.005224 -0.925610 0.378443
vn 0.999590 0.028642 0.000001
vn 0.999590 0.028643 0.000000
vn 0.999590 0.028642 0.000001
vn 0.999590 0.028644 0.000000
vn 0.999590 0.028643 0.000001
vn 0.999590 0.028643 0.000001
vn 0.999590 0.028641 0.000001
vn 0.999590 0.028642 0.000001
vn 0.999590 0.028642 0.000000
vn 0.999590 0.028642 0.000000
vn 0.999590 0.028640 0.000000
vn 0.999590 0.028640 -0.000000
vn 0.999590 0.028640 -0.000001
vn 0.999590 0.028641 -0.000001
vn 0.999590 0.028642 -0.000001
vn 0.999590 0.028642 -0.000001
vn 0.999590 0.028643 -0.000001
vn 0.999590 0.028642 -0.000001
vn 0.999590 0.028642 0.000001
vn 0.999590 0.028641 0.000000
vn 0.999590 0.028641 -0.000000
vn 0.999590 0.028641 -0.000000
vn 0.999590 0.028643 -0.000001
vn 0.999590 0.028642 -0.000000
vn 0.999590 0.028642 0.000001
vn 0.999590 0.028642 0.000001
vn 0.999590 0.028642 0.000001
vn 0.999590 0.028642 0.000001
vn 0.999590 0.028640 0.000001
vn 0.999590 0.028641 0.000001
vn 0.999590 0.028640 0.000000
vn 0.999590 0.028640 0.000000
vn 0.999590 0.028642 -0.000000
vn 0.999590 0.028642 -0.000000
vn 0.999590 0.028641 -0.000001
vn 0.999590 0.028642 -0.000001
vn 0.999590 0.028642 -0.000001
vn 0.999590 0.028643 -0.000001
vn 0.999590 0.028642 -0.000001
vn 0.999590 0.028642 -0.000001
vn -0.005224 0.925608 0.378448
vn -0.006772 0.999977 0.000001
vn -0.005229 0.925861 0.377829
vn -0.006770 0.999977 0.000001
vn -0.001181 0.738195 0.674587
vn -0.001194 0.738803 0.673921
vn 0.004297 0.500300 0.865841
vn 0.004282 0.500940 0.865471
vn 0.010555 0.250321 0.968105
vn 0.010545 0.250706 0.968006
vn 0.017404 0.000499 0.999848
vn 0.017402 0.000499 0.999848
vn 0.024871 -0.249306 0.968105
vn 0.024882 -0.249690 0.968006
vn 0.032937 -0.499233 0.865841
vn 0.032958 -0.499873 0.865471
vn 0.041090 -0.737051 0.674587
vn 0.041111 -0.737660 0.673920
vn 0.047783 -0.924389 0.378448
vn 0.047793 -0.924641 0.377829
vn 0.050496 -0.998724 0.000000
vn 0.050499 -0.998724 0.000000
vn 0.047783 -0.924389 -0.378448
vn 0.047793 -0.924641 -0.377829
vn 0.041091 -0.737051 -0.674586
vn 0.041112 -0.737660 -0.673920
vn 0.032937 -0.499234 -0.865841
vn 0.032959 -0.499873 -0.865471
vn 0.024872 -0.249306 -0.968105
vn 0.024883 -0.249691 -0.968006
vn 0.017405 0.000499 -0.999848
vn 0.017403 0.000499 -0.999849
vn 0.010556 0.250321 -0.968105
vn 0.010545 0.250706 -0.968006
vn 0.004298 0.500300 -0.865842
vn 0.004282 0.500940 -0.865472
vn -0.001180 0.738194 -0.674587
vn -0.001193 0.738803 -0.673921
vn -0.005224 0.925608 -0.378447
vn -0.005228 0.925861 -0.377828
vn -0.999590 -0.028642 -0.000001
vn -0.999590 -0.028642 -0.000001
vn -0.999590 -0.028643 -0.000000
vn -0.999590 -0.028644 -0.000000
vn -0.999590 -0.028643 -0.000001
vn -0.999590 -0.028642 -0.000001
vn -0.999590 -0.028641 -0.000001
vn -0.999590 -0.028642 -0.000001
vn -0.999590 -0.028642 -0.000000
vn -0.999590 -0.028642 -0.000000
vn -0.999590 -0.028640 0.000000
vn -0.999590 -0.028640 0.000000
vn -0.999590 -0.028641 0.000001
vn -0.999590 -0.028641 0.000001
vn -0.999590 -0.028642 0.000001
vn -0.999590 -0.028642 0.000001
vn -0.999590 -0.028642 0.000001
vn -0.999590 -0.028642 0.000001
vn -0.999590 -0.028641 -0.000000
vn -0.999590 -0.028642 -0.000001
vn -0.999590 -0.028640 0.000000
vn -0.999590 -0.028641 -0.000000
vn -0.999590 -0.028642 0.000001
vn -0.999590 -0.028641 0.000000
vn -0.999590 -0.028643 -0.000001
vn -0.999590 -0.028642 -0.000001
vn -0.999590 -0.028642 -0.000001
vn -0.999590 -0.028642 -0.000001
vn -0.999590 -0.028641 -0.000001
vn -0.999590 -0.028641 -0.000001
vn -0.999590 -0.028640 0.000000
vn -0.999590 -0.028640 -0.000000
vn -0.999590 -0.028642 0.000000
vn -0.999590 -0.028642 0.000000
vn -0.999590 -0.028642 0.000001
vn -0.999590 -0.028641 0.000001
vn -0.999590 -0.028642 0.000001
vn -0.999590 -0.028643 0.000001
vn -0.999590 -0.028642 0.000001
vn -0.999590 -0.028642 0.000001
vn 0.005190 -0.919598 -0.392827
vn 0.005195 -0.919921 -0.392070
vn 0.006772 -0.999977 -0.000001
vn 0.006771 -0.999977 -0.000001
vn 0.001156 -0.723309 -0.690524
vn 0.001171 -0.724044 -0.689753
vn -0.004157 -0.484020 -0.875047
vn -0.004141 -0.484756 -0.874640
vn -0.010131 -0.240264 -0.970655
vn -0.010119 -0.240693 -0.970549
vn -0.016661 -0.000478 -0.999861
vn -0.016659 -0.000477 -0.999861
vn -0.023885 0.239718 -0.970549
vn -0.023872 0.239290 -0.970655
vn -0.031890 0.483723 -0.874640
vn -0.031864 0.482987 -0.875047
vn -0.040289 0.722924 -0.689752
vn -0.040262 0.722189 -0.690523
vn -0.047487 0.918709 -0.392069
vn -0.047473 0.918387 -0.392825
vn -0.050501 0.998724 -0.000000
vn -0.050497 0.998724 -0.000000
vn -0.047474 0.918387 0.392825
vn -0.047487 0.918709 0.392069
vn -0.040263 0.722189 0.690523
vn -0.040290 0.722924 0.689752
vn -0.031865 0.482988 0.875047
vn -0.031891 0.483724 0.874640
vn -0.023872 0.239290 0.970655
vn -0.023885 0.239718 0.970549
vn -0.016661 -0.000477 0.999861
vn -0.016660 -0.000477 0.999861
vn -0.010120 -0.240693 0.970549
vn -0.010132 -0.240264 0.970655
vn -0.004140 -0.484756 0.874640
vn -0.004158 -0.484020 0.875047
vn 0.001172 -0.724044 0.689753
vn 0.001157 -0.723309 0.690524
vn 0.005195 -0.919921 0.392069
vn 0.005190 -0.919598 0.392826
vn 0.999590 0.028642 0.000002
vn 0.999590 0.028642 0.000000
vn 0.999590 0.028642 0.000002
vn 0.999590 0.028644 0.000000
vn 0.999590 0.028643 0.000002
vn 0.999590 0.028644 0.000002
vn 0.999590 0.028639 -0.000001
vn 0.999590 0.028641 0.000000
vn 0.999590 0.028639 -0.000002
vn 0.999590 0.028640 -0.000002
vn 0.999590 0.028641 0.000000
vn 0.999590 0.028640 0.000000
vn 0.999590 0.028642 0.000003
vn 0.999590 0.028641 0.000003
vn 0.999590 0.028640 0.000001
vn 0.999590 0.028641 -0.000000
vn 0.999590 0.028644 -0.000002
vn 0.999590 0.028643 -0.000002
vn 0.999590 0.028642 -0.000002
vn 0.999590 0.028641 -0.000002
vn 0.999590 0.028642 0.000000
vn 0.999590 0.028643 0.000000
vn 0.999590 0.028642 0.000002
vn 0.999590 0.028642 0.000002
vn 0.999590 0.028643 0.000002
vn 0.999590 0.028643 0.000002
vn 0.999590 0.028640 -0.000001
vn 0.999590 0.028642 0.000000
vn 0.999590 0.028641 -0.000003
vn 0.999590 0.028641 -0.000003
vn 0.999590 0.028641 0.000000
vn 0.999590 0.028640 -0.000000
vn 0.999590 0.028639 0.000002
vn 0.999590 0.028639 0.000002
vn 0.999590 0.028640 0.000001
vn 0.999590 0.028642 -0.000000
vn 0.999590 0.028643 -0.000002
vn 0.999590 0.028644 -0.000002
vn 0.999590 0.028642 -0.000002
vn 0.999590 0.028642 -0.000002
vn -0.005191 0.919597 0.392830
vn -0.006773 0.999977 0.000001
vn -0.005196 0.919917 0.392078
vn -0.006771 0.999977 0.000001
vn -0.001156 0.723279 0.690555
vn -0.001171 0.724011 0.689788
vn 0.004158 0.483970 0.875075
vn 0.004141 0.484703 0.874669
vn 0.010132 0.240231 0.970663
vn 0.010120 0.240657 0.970557
vn 0.016661 0.000478 0.999861
vn 0.016659 0.000477 0.999861
vn 0.023871 -0.239256 0.970663
vn 0.023883 -0.239683 0.970558
vn 0.031863 -0.482938 0.875074
vn 0.031888 -0.483671 0.874669
vn 0.040261 -0.722159 0.690555
vn 0.040287 -0.722890 0.689788
vn 0.047474 -0.918385 0.392829
vn 0.047487 -0.918705 0.392079
vn 0.050497 -0.998724 0.000000
vn 0.050500 -0.998724 0.000000
vn 0.047474 -0.918385 -0.392829
vn 0.047487 -0.918705 -0.392079
vn 0.040262 -0.722159 -0.690555
vn 0.040288 -0.722890 -0.689787
vn 0.031864 -0.482939 -0.875074
vn 0.031889 -0.483671 -0.874669
vn 0.023871 -0.239257 -0.970663
vn 0.023884 -0.239683 -0.970557
vn 0.016661 0.000477 -0.999861
vn 0.016660 0.000477 -0.999861
vn 0.010133 0.240231 -0.970663
vn 0.010121 0.240657 -0.970557
vn 0.004159 0.483970 -0.875075
vn 0.004142 0.484703 -0.874669
vn -0.001155 0.723279 -0.690555
vn -0.001171 0.724011 -0.689788
vn -0.005191 0.919597 -0.392828
vn -0.005196 0.919918 -0.392077
vn -0.999590 -0.028642 -0.000002
vn -0.999590 -0.028642 -0.000002
vn -0.999590 -0.028642 -0.000000
vn -0.999590 -0.028644 -0.000000
vn -0.999590 -0.028643 -0.000002
vn -0.999590 -0.028644 -0.000002
vn -0.999590 -0.028640 0.000001
vn -0.999590 -0.028641 -0.000000
vn -0.999590 -0.028639 0.000002
vn -0.999590 -0.028639 0.000002
vn -0.999590 -0.028641 0.000000
vn -0.999590 -0.028640 -0.000000
vn -0.999590 -0.028641 -0.000003
vn -0.999590 -0.028641 -0.000003
vn -0.999590 -0.028642 0.000000
vn -0.999590 -0.028640 -0.000001
vn -0.999590 -0.028644 0.000002
vn -0.999590 -0.028644 0.000002
vn -0.999590 -0.028641 0.000002
vn -0.999590 -0.028642 0.000002
vn -0.999590 -0.028644 -0.000000
vn -0.999590 -0.028642 0.000000
vn -0.999590 -0.028641 -0.000002
vn -0.999590 -0.028641 -0.000002
vn -0.999590 -0.028643 -0.000002
vn -0.999590 -0.028643 -0.000002
vn -0.999590 -0.028640 0.000001
vn -0.999590 -0.028642 -0.000000
vn -0.999590 -0.028641 0.000003
vn -0.999590 -0.028641 0.000003
vn -0.999590 -0.028641 0.000000
vn -0.999590 -0.028640 0.000000
vn -0.999590 -0.028640 -0.000002
vn -0.999590 -0.028639 -0.000002
vn -0.999590 -0.028642 0.000000
vn -0.999590 -0.028640 -0.000001
vn -0.999590 -0.028644 0.000002
vn -0.999590 -0.028644 0.000002
vn -0.999590 -0.028642 0.000002
vn -0.999590 -0.028642 0.000002
vn -0.032633 0.999428 -0.008896
vn 0.036677 -0.999327 -0.000000
vn -0.034549 0.999213 -0.019498
vn 0.036677 -0.999327 -0.000000
vn -0.036677 0.999327 0.000000
vn -0.036677 0.999327 0.000000
vn 0.038814 -0.998919 -0.025576
vn 0.040640 -0.999118 -0.010615
vn 0.001245 -0.034038 0.999420
vn -0.000515 0.014131 0.999900
vn 0.001245 -0.034038 0.999420
vn -0.002288 0.062380 0.998050
vn -0.000515 0.014131 0.999900
vn -0.004053 0.110379 0.993881
vn -0.002288 0.062380 0.998050
vn -0.004053 0.110379 0.993881
vn -0.999590 -0.028641 0.000000
vn 0.999537 0.023297 -0.019575
vn -0.999590 -0.028641 0.000000
vn 0.999659 0.022163 -0.013839
vn -0.999590 -0.028641 0.000000
vn -0.999590 -0.028641 0.000000
vn 0.999310 0.032174 -0.018568
vn 0.999357 0.034547 -0.009630
vn 0.036677 -0.999327 -0.000000
vn 0.036677 -0.999327 -0.000000
vn -0.034549 0.999213 0.019498
vn -0.032633 0.999428 0.008896
vn -0.036677 0.999327 0.000000
vn 0.038814 -0.998919 0.025576
vn -0.036677 0.999327 0.000000
vn 0.040640 -0.999118 0.010614
vn -0.002288 0.062380 -0.998050
vn -0.000515 0.014131 -0.999900
vn 0.001245 -0.034038 -0.999420
vn 0.001245 -0.034038 -0.999420
vn -0.004053 0.110379 -0.993881
vn -0.004053 0.110379 -0.993881
vn -0.002288 0.062380 -0.998050
vn -0.000515 0.014131 -0.999900
vn -0.999590 -0.028641 0.000000
vn -0.999590 -0.028641 0.000000
vn 0.999537 0.023296 0.019575
vn 0.999659 0.022163 0.013839
vn -0.999590 -0.028641 0.000000
vn 0.999310 0.032174 0.018568
vn -0.999590 -0.028641 0.000000
vn 0.999357 0.034547 0.009630
vn 0.022206 -0.775000 0.631571
vn 0.022242 -0.776258 0.630022
vn 0.021305 -0.743541 0.668351
vn 0.021322 -0.744141 0.667682
vn 0.011200 -0.390878 0.920374
vn 0.011199 -0.390847 0.920387
vn 0.000000 0.000000 1.000000
vn 0.000000 -0.000000 1.000000
vn -0.027037 0.943650 -0.329840
vn -0.021596 0.753722 -0.656839
vn -0.027037 0.943650 -0.329840
vn -0.021601 0.753904 -0.656629
vn -0.011392 0.397589 -0.917493
vn -0.011393 0.397609 -0.917484
vn -0.000001 -0.000000 -1.000000
vn -0.000001 -0.000000 -1.000000
vn 0.999460 0.031961 0.007688
vn 0.999202 0.039209 -0.007676
vn 0.999363 0.035341 0.004924
vn 0.999159 0.040131 -0.008367
vn -0.999818 -0.017145 -0.008366
vn -0.999807 -0.018068 -0.007675
vn -0.999747 -0.021938 0.004924
vn -0.999650 -0.025317 0.007688
vn 0.999412 0.032796 -0.010038
vn 0.999422 0.032556 -0.009791
vn -0.999646 -0.024724 -0.009790
vn -0.999650 -0.024484 -0.010037
vn 0.999544 0.028640 -0.009581
vn 0.999545 0.028640 -0.009416
vn -0.999546 -0.028640 -0.009415
vn -0.999544 -0.028640 -0.009580
vn -0.006794 0.237114 0.971458
vn -0.006794 0.237115 0.971458
vn -0.022206 0.775000 0.631572
vn -0.021304 0.743541 0.668351
vn -0.022242 0.776259 0.630022
vn -0.021322 0.744141 0.667682
vn -0.011200 0.390878 0.920374
vn -0.011199 0.390847 0.920387
vn 0.027038 -0.943650 -0.329840
vn 0.027038 -0.943650 -0.329839
vn 0.021596 -0.753722 -0.656839
vn 0.021601 -0.753904 -0.656629
vn 0.011391 -0.397589 -0.917493
vn 0.011392 -0.397609 -0.917484
vn 0.999818 0.017148 -0.008367
vn 0.999807 0.018071 -0.007675
vn 0.999747 0.021940 0.004922
vn 0.999650 0.025319 0.007686
vn -0.999160 -0.040129 -0.008366
vn -0.999363 -0.035341 0.004924
vn -0.999202 -0.039206 -0.007675
vn -0.999460 -0.031961 0.007688
vn 0.999650 0.024484 -0.010036
vn 0.999646 0.024724 -0.009789
vn -0.999412 -0.032793 -0.010036
vn -0.999422 -0.032553 -0.009789
vn 0.006794 -0.237115 0.971458
vn 0.006794 -0.237113 0.971458
vn 0.022145 -0.772869 -0.634179
vn 0.022140 -0.772706 -0.634378
vn 0.012677 -0.442454 -0.896702
vn 0.012682 -0.442634 -0.896613
vn 0.005647 -0.197098 -0.980368
vn 0.005647 -0.197098 -0.980367
vn -0.021771 0.759838 0.649748
vn -0.012408 0.433043 0.901288
vn -0.021785 0.760302 0.649204
vn -0.012418 0.433378 0.901127
vn -0.005665 0.197707 0.980245
vn -0.005665 0.197707 0.980245
vn 0.999701 0.024324 -0.002697
vn 0.999612 0.027578 -0.003908
vn 0.999690 0.024800 -0.002262
vn 0.999602 0.027993 -0.003433
vn -0.999565 -0.029287 -0.003433
vn -0.999551 -0.029702 -0.003907
vn -0.999470 -0.032481 -0.002262
vn -0.999453 -0.032957 -0.002697
vn 0.999519 0.030955 -0.001839
vn 0.999496 0.031747 -0.000715
vn -0.999652 -0.026327 -0.001839
vn -0.999674 -0.025535 -0.000714
vn 0.999674 0.025439 0.002307
vn 0.999622 0.027188 0.004141
vn 0.027100 -0.945813 -0.323580
vn 0.027100 -0.945813 -0.323580
vn -0.999490 -0.031842 0.002307
vn -0.999539 -0.030094 0.004141
vn -0.026976 0.941487 0.335967
vn -0.026976 0.941487 0.335967
vn 0.005474 -0.191029 0.981569
vn 0.005473 -0.191029 0.981569
vn 0.005474 -0.191029 0.981569
vn 0.005473 -0.191029 0.981569
vn -0.028412 0.991621 -0.126017
vn -0.028413 0.991621 -0.126016
vn -0.028413 0.991621 -0.126016
vn -0.028413 0.991621 -0.126016
vn 0.022145 -0.772869 0.634179
vn 0.012677 -0.442454 0.896702
vn 0.022140 -0.772706 0.634378
vn 0.012682 -0.442634 0.896613
vn 0.005647 -0.197098 0.980368
vn 0.005647 -0.197098 0.980367
vn -0.021771 0.759838 -0.649748
vn -0.021785 0.760302 -0.649204
vn -0.012408 0.433043 -0.901288
vn -0.012418 0.433378 -0.901127
vn -0.005665 0.197707 -0.980245
vn -0.005665 0.197707 -0.980245
vn 0.999602 0.027993 0.003433
vn 0.999612 0.027578 0.003908
vn 0.999690 0.024800 0.002262
vn 0.999701 0.024324 0.002697
vn -0.999565 -0.029287 0.003433
vn -0.999470 -0.032481 0.002262
vn -0.999551 -0.029702 0.003907
vn -0.999453 -0.032957 0.002697
vn 0.999496 0.031747 0.000715
vn 0.999519 0.030955 0.001839
vn -0.999674 -0.025535 0.000714
vn -0.999652 -0.026327 0.001839
vn 0.999622 0.027188 -0.004141
vn 0.999674 0.025439 -0.002307
vn 0.027100 -0.945813 0.323580
vn 0.027100 -0.945813 0.323580
vn -0.999539 -0.030094 -0.004141
vn -0.999490 -0.031842 -0.002307
vn -0.026976 0.941488 -0.335967
vn -0.026976 0.941487 -0.335967
vn 0.005473 -0.191029 -0.981569
vn 0.005473 -0.191029 -0.981569
vn 0.005473 -0.191029 -0.981569
vn 0.005473 -0.191029 -0.981569
vn -0.028412 0.991621 0.126017
vn -0.028413 0.991621 0.126016
vn -0.028413 0.991621 0.126016
vn -0.028413 0.991621 0.126016
vn -0.022144 0.772869 0.634179
vn -0.022140 0.772706 0.634378
vn -0.012677 0.442454 0.896702
vn -0.012683 0.442634 0.896613
vn -0.005647 0.197098 0.980368
vn -0.005647 0.197098 0.980368
vn 0.021771 -0.759838 -0.649748
vn 0.012408 -0.433042 -0.901288
vn 0.021784 -0.760302 -0.649204
vn 0.012417 -0.433377 -0.901127
vn 0.005665 -0.197707 -0.980245
vn 0.005665 -0.197707 -0.980245
vn 0.999453 0.032957 0.002698
vn 0.999551 0.029703 0.003908
vn 0.999470 0.032481 0.002263
vn 0.999565 0.029288 0.003433
vn -0.999602 -0.027995 0.003433
vn -0.999612 -0.027579 0.003907
vn -0.999690 -0.024800 0.002262
vn -0.999700 -0.024323 0.002697
vn 0.999652 0.026327 0.001839
vn 0.999674 0.025535 0.000714
vn -0.999519 -0.030955 0.001839
vn -0.999496 -0.031747 0.000715
vn 0.999490 0.031842 -0.002307
vn 0.999539 0.030092 -0.004142
vn -0.027101 0.945813 0.323579
vn -0.027100 0.945813 0.323580
vn -0.999674 -0.025439 -0.002307
vn -0.999622 -0.027187 -0.004142
vn 0.026977 -0.941488 -0.335965
vn 0.026976 -0.941488 -0.335964
vn -0.005473 0.191029 -0.981569
vn -0.005473 0.191029 -0.981569
vn -0.005473 0.191029 -0.981569
vn -0.005474 0.191029 -0.981569
vn 0.028412 -0.991621 0.126016
vn 0.028413 -0.991621 0.126016
vn 0.028413 -0.991621 0.126016
vn 0.028413 -0.991621 0.126017
vn -0.022144 0.772869 -0.634179
vn -0.012677 0.442454 -0.896702
vn -0.022140 0.772706 -0.634378
vn -0.012683 0.442634 -0.896613
vn -0.005647 0.197098 -0.980368
vn -0.005647 0.197098 -0.980368
vn 0.021771 -0.759838 0.649748
vn 0.021784 -0.760302 0.649204
vn 0.012407 -0.433042 0.901288
vn 0.012417 -0.433377 0.901127
vn 0.005665 -0.197707 0.980245
vn 0.005665 -0.197707 0.980245
vn 0.999565 0.029288 -0.003433
vn 0.999551 0.029703 -0.003908
vn 0.999470 0.032481 -0.002263
vn 0.999453 0.032957 -0.002698
vn -0.999602 -0.027995 -0.003433
vn -0.999690 -0.024800 -0.002262
vn -0.999612 -0.027579 -0.003907
vn -0.999700 -0.024323 -0.002697
vn 0.999674 0.025535 -0.000714
vn 0.999652 0.026327 -0.001839
vn -0.999496 -0.031747 -0.000715
vn -0.999519 -0.030955 -0.001839
vn 0.999539 0.030092 0.004142
vn 0.999490 0.031842 0.002307
vn -0.027100 0.945813 -0.323580
vn -0.027100 0.945813 -0.323580
vn -0.999622 -0.027187 0.004142
vn -0.999674 -0.025439 0.002307
vn 0.026977 -0.941488 0.335965
vn 0.026976 -0.941488 0.335964
vn -0.005474 0.191029 0.981569
vn -0.005474 0.191029 0.981569
vn -0.005474 0.191029 0.981569
vn -0.005474 0.191029 0.981569
vn 0.028412 -0.991621 -0.126016
vn 0.028413 -0.991621 -0.126016
vn 0.028413 -0.991621 -0.126016
vn 0.028413 -0.991621 -0.126017
vn 0.022206 -0.775000 -0.631571
vn 0.021305 -0.743541 -0.668351
vn 0.022242 -0.776258 -0.630022
vn 0.021322 -0.744141 -0.667682
vn 0.011200 -0.390878 -0.920374
vn 0.011199 -0.390847 -0.920387
vn -0.000000 0.000000 -1.000000
vn -0.000000 -0.000000 -1.000000
vn -0.027037 0.943650 0.329840
vn -0.027037 0.943650 0.329840
vn -0.021596 0.753722 0.656839
vn -0.021601 0.753904 0.656629
vn -0.011392 0.397589 0.917493
vn -0.011393 0.397609 0.917484
vn -0.000001 -0.000000 1.000000
vn -0.000001 -0.000000 1.000000
vn 0.999159 0.040130 0.008367
vn 0.999202 0.039208 0.007676
vn 0.999363 0.035341 -0.004924
vn 0.999460 0.031962 -0.007688
vn -0.999818 -0.017145 0.008366
vn -0.999747 -0.021937 -0.004924
vn -0.999807 -0.018069 0.007675
vn -0.999650 -0.025316 -0.007688
vn 0.999412 0.032796 0.010038
vn 0.999422 0.032556 0.009791
vn -0.999650 -0.024484 0.010037
vn -0.999646 -0.024724 0.009790
vn 0.999544 0.028640 0.009581
vn 0.999546 0.028640 0.009416
vn -0.999544 -0.028640 0.009580
vn -0.999546 -0.028640 0.009415
vn -0.006794 0.237114 -0.971458
vn -0.006794 0.237115 -0.971458
vn -0.022206 0.774999 -0.631572
vn -0.022242 0.776259 -0.630022
vn -0.021304 0.743541 -0.668351
vn -0.021322 0.744141 -0.667682
vn -0.011200 0.390878 -0.920374
vn -0.011199 0.390847 -0.920387
vn 0.027038 -0.943650 0.329840
vn 0.021595 -0.753722 0.656839
vn 0.027038 -0.943650 0.329839
vn 0.021601 -0.753904 0.656629
vn 0.011391 -0.397589 0.917493
vn 0.011392 -0.397609 0.917484
vn 0.999650 0.025319 -0.007686
vn 0.999807 0.018070 0.007675
vn 0.999747 0.021941 -0.004922
vn 0.999818 0.017147 0.008367
vn -0.999160 -0.040128 0.008366
vn -0.999202 -0.039206 0.007675
vn -0.999363 -0.035340 -0.004924
vn -0.999460 -0.031960 -0.007688
vn 0.999650 0.024484 0.010036
vn 0.999646 0.024724 0.009789
vn -0.999422 -0.032553 0.009789
vn -0.999412 -0.032793 0.010036
vn 0.006794 -0.237115 -0.971458
vn 0.006794 -0.237114 -0.971458
vn 0.022712 -0.792652 -0.609251
vn 0.022711 -0.792645 -0.609261
vn 0.011393 -0.397642 -0.917470
vn 0.011394 -0.397661 -0.917461
vn -0.000000 0.000010 -1.000000
vn 0.000000 -0.000010 -1.000000
vn -0.011394 0.397662 -0.917461
vn -0.011393 0.397642 -0.917470
vn -0.022711 0.792645 -0.609261
vn -0.022712 0.792652 -0.609251
vn -0.028641 0.999590 -0.000037
vn -0.028641 0.999590 0.000038
vn -0.022712 0.792652 0.609251
vn -0.022711 0.792645 0.609260
vn -0.011394 0.397642 0.917470
vn -0.011394 0.397662 0.917461
vn 0.000000 -0.000010 1.000000
vn -0.000000 0.000010 1.000000
vn 0.011394 -0.397662 0.917461
vn 0.011393 -0.397642 0.917470
vn 0.022711 -0.792645 0.609261
vn 0.022711 -0.792652 0.609251
vn 0.028641 -0.999590 0.000037
vn 0.028641 -0.999590 -0.000038
vn 0.999703 0.023579 -0.006171
vn 0.999644 0.025455 -0.008011
vn 0.999667 0.024747 -0.007316
vn 0.999528 0.028641 -0.011136
vn 0.999609 0.027463 -0.005299
vn 0.999588 0.028107 -0.005792
vn 0.999596 0.027855 -0.005599
vn 0.999571 0.028640 -0.006199
vn 0.999571 0.028641 -0.006199
vn 0.999558 0.029173 -0.005791
vn 0.999551 0.029425 -0.005598
vn 0.999541 0.029816 -0.005299
vn 0.999528 0.028639 -0.011136
vn 0.999461 0.031825 -0.008011
vn 0.999444 0.032533 -0.007316
vn 0.999413 0.033700 -0.006171
vn 0.998205 0.058950 -0.010543
vn 0.998205 0.058950 -0.010543
vn 0.998205 0.058950 -0.010543
vn 0.998205 0.058947 0.010543
vn 0.998205 0.058947 0.010543
vn 0.998205 0.058947 0.010543
vn 0.999413 0.033700 0.006171
vn 0.999461 0.031825 0.008011
vn 0.999444 0.032533 0.007316
vn 0.999528 0.028639 0.011136
vn 0.999541 0.029816 0.005299
vn 0.999558 0.029173 0.005791
vn 0.999551 0.029425 0.005598
vn 0.999571 0.028641 0.006199
vn 0.999571 0.028639 0.006199
vn 0.999588 0.028107 0.005792
vn 0.999596 0.027856 0.005599
vn 0.999609 0.027464 0.005299
vn 0.999528 0.028639 0.011136
vn 0.999644 0.025455 0.008011
vn 0.999667 0.024747 0.007316
vn 0.999703 0.023580 0.006171
vn 0.999943 -0.001697 0.010542
vn 0.999943 -0.001697 0.010542
vn 0.999943 -0.001697 0.010542
vn 0.999943 -0.001697 -0.010542
vn 0.999943 -0.001697 -0.010542
vn 0.999943 -0.001697 -0.010542
vn -0.999528 -0.028639 -0.011136
vn -0.999461 -0.031825 -0.008011
vn -0.999444 -0.032533 -0.007316
vn -0.999413 -0.033700 -0.006171
vn -0.999571 -0.028640 -0.006199
vn -0.999558 -0.029173 -0.005791
vn -0.999551 -0.029426 -0.005598
vn -0.999541 -0.029818 -0.005298
vn -0.999609 -0.027463 -0.005298
vn -0.999588 -0.028107 -0.005791
vn -0.999596 -0.027855 -0.005598
vn -0.999571 -0.028641 -0.006199
vn -0.999703 -0.023580 -0.006171
vn -0.999644 -0.025455 -0.008011
vn -0.999667 -0.024747 -0.007316
vn -0.999528 -0.028640 -0.011136
vn -0.999943 0.001697 -0.010543
vn -0.999943 0.001697 -0.010543
vn -0.999943 0.001697 -0.010543
vn -0.999943 0.001697 0.010543
vn -0.999943 0.001697 0.010543
vn -0.999943 0.001697 0.010543
vn -0.999528 -0.028640 0.011136
vn -0.999644 -0.025455 0.008011
vn -0.999667 -0.024747 0.007316
vn -0.999703 -0.023580 0.006171
vn -0.999571 -0.028641 0.006199
vn -0.999588 -0.028107 0.005791
vn -0.999596 -0.027855 0.005598
vn -0.999609 -0.027463 0.005298
vn -0.999541 -0.029818 0.005298
vn -0.999558 -0.029173 0.005791
vn -0.999551 -0.029426 0.005598
vn -0.999571 -0.028639 0.006199
vn -0.999413 -0.033700 0.006171
vn -0.999461 -0.031825 0.008011
vn -0.999444 -0.032533 0.007316
vn -0.999528 -0.028639 0.011136
vn -0.998206 -0.058945 0.010543
vn -0.998206 -0.058945 0.010543
vn -0.998206 -0.058945 0.010543
vn -0.998205 -0.058947 -0.010543
vn -0.998205 -0.058947 -0.010543
vn -0.998205 -0.058947 -0.010543
vn 0.076458 -0.066354 0.994862
vn 0.132617 -0.146766 0.980241
vn 0.110951 -0.086511 0.990053
vn 0.114241 -0.103135 0.988085
vn -0.200123 0.978286 0.053924
vn -0.159546 0.986514 0.036537
vn -0.199740 0.978407 0.053148
vn -0.159532 0.986523 0.036371
vn 0.024266 -0.112134 0.993397
vn -0.006674 0.053235 0.998560
vn 0.015056 -0.107014 0.994144
vn -0.006487 0.049428 0.998757
vn 0.044226 -0.234790 0.971039
vn 0.030406 -0.213463 0.976478
vn -0.001279 0.042893 0.999079
vn 0.002275 -0.093966 0.995573
vn -0.002169 0.042364 0.999100
vn 0.004451 -0.096046 0.995367
vn 0.005308 -0.201799 0.979413
vn 0.009723 -0.203736 0.978978
vn -0.051681 0.997997 0.036499
vn -0.028953 0.998929 0.036099
vn -0.051681 0.997997 0.036493
vn -0.028951 0.998930 0.036076
vn -0.121481 0.991920 0.036556
vn -0.121482 0.991920 0.036556
vn 0.109518 -0.210459 0.971449
vn -0.211209 0.975946 0.054035
vn 0.122124 -0.086135 0.988770
vn -0.068451 0.996988 0.036448
vn -0.091074 0.995180 0.036352
vn -0.068451 0.996988 0.036448
vn -0.091075 0.995180 0.036350
vn -0.002631 0.040254 0.999186
vn 0.006932 -0.096700 0.995290
vn -0.003808 0.041090 0.999148
vn 0.010517 -0.098806 0.995051
vn 0.015414 -0.215013 0.976490
vn 0.023032 -0.219159 0.975417
vn 0.076458 -0.066354 -0.994862
vn 0.110951 -0.086511 -0.990054
vn 0.132617 -0.146766 -0.980241
vn 0.114241 -0.103135 -0.988085
vn -0.159532 0.986523 -0.036371
vn -0.159546 0.986514 -0.036537
vn -0.199740 0.978406 -0.053149
vn -0.200124 0.978286 -0.053924
vn -0.006674 0.053235 -0.998560
vn 0.024266 -0.112134 -0.993397
vn 0.015056 -0.107014 -0.994144
vn -0.006487 0.049428 -0.998757
vn 0.044226 -0.234790 -0.971039
vn 0.030406 -0.213463 -0.976478
vn 0.004451 -0.096046 -0.995367
vn 0.002275 -0.093966 -0.995573
vn -0.002169 0.042364 -0.999100
vn -0.001279 0.042893 -0.999079
vn 0.009723 -0.203736 -0.978978
vn 0.005308 -0.201799 -0.979413
vn -0.051681 0.997997 -0.036499
vn -0.051681 0.997997 -0.036493
vn -0.028953 0.998929 -0.036099
vn -0.028951 0.998930 -0.036076
vn -0.121481 0.991920 -0.036556
vn -0.121482 0.991920 -0.036556
vn 0.109518 -0.210459 -0.971449
vn -0.211210 0.975946 -0.054036
vn 0.122124 -0.086135 -0.988770
vn -0.068451 0.996989 -0.036448
vn -0.068451 0.996989 -0.036448
vn -0.091074 0.995180 -0.036352
vn -0.091075 0.995180 -0.036349
vn 0.010517 -0.098806 -0.995051
vn 0.006932 -0.096700 -0.995290
vn -0.003808 0.041090 -0.999148
vn -0.002631 0.040254 -0.999186
vn 0.023032 -0.219159 -0.975417
vn 0.015414 -0.215013 -0.976490
vn 0.484689 0.013887 -0.874577
vn 0.284573 -0.345475 -0.894240
vn 0.001278 0.000037 -0.999999
vn 0.154121 -0.381962 -0.911236
vn 0.187915 -0.344482 -0.919794
vn 0.274952 -0.272691 -0.921977
vn -0.035617 0.009005 -0.999325
vn -0.183468 0.003466 -0.983020
vn -0.096829 -0.433064 -0.896147
vn -0.573670 0.109921 -0.811677
vn -0.007265 -0.000208 -0.999974
vn -0.038639 -0.001107 -0.999253
vn 0.606989 0.017392 -0.794520
vn 0.455323 -0.446688 -0.770163
vn 0.286071 -0.711927 -0.641345
vn 0.341847 -0.752185 -0.563346
vn 0.566274 -0.621658 -0.541179
vn 0.610784 -0.661630 -0.434959
vn -0.182433 -0.866596 -0.464468
vn -0.562014 -0.675095 -0.477898
vn -0.585400 0.810664 -0.011427
vn -0.438052 0.898710 -0.020729
vn -0.428982 0.903249 -0.010769
vn -0.858966 0.511350 -0.026410
vn -0.855230 0.518101 -0.012372
vn -0.999549 -0.028640 -0.009077
vn -0.999379 -0.028635 -0.020546
vn 0.306645 -0.927813 -0.212445
vn 0.423437 -0.883075 -0.202189
vn 0.650797 -0.739571 -0.171748
vn 0.655564 -0.735341 -0.171783
vn -0.169199 -0.960405 -0.221348
vn -0.586804 -0.779155 -0.220405
vn -0.620956 0.783842 0.002220
vn -0.428348 0.903614 0.000008
vn -0.856566 0.516038 0.000000
vn -0.999590 -0.028641 0.000000
vn 0.264325 0.361202 -0.894240
vn 0.131998 0.390160 -0.911236
vn -0.182968 -0.013965 -0.983020
vn 0.258887 0.287987 -0.921977
vn -0.035043 -0.011029 -0.999325
vn 0.167882 0.354677 -0.919793
vn -0.566435 -0.142588 -0.811678
vn -0.121467 0.426809 -0.896147
vn 0.428999 0.472027 -0.770163
vn 0.244838 0.727139 -0.641345
vn 0.298218 0.770524 -0.563346
vn 0.529750 0.653063 -0.541179
vn 0.571898 0.695517 -0.434959
vn -0.231754 0.854728 -0.464468
vn -0.599746 0.641808 -0.477898
vn -0.538023 -0.842853 -0.011426
vn -0.376559 -0.926330 -0.010768
vn -0.385875 -0.922318 -0.020729
vn -0.824162 -0.566220 -0.012372
vn -0.828278 -0.559695 -0.026411
vn 0.253016 0.943848 -0.212445
vn 0.372178 0.905871 -0.202188
vn 0.607383 0.775621 -0.171748
vn 0.612384 0.771671 -0.171783
vn -0.223913 0.949140 -0.221350
vn -0.630455 0.744277 -0.220405
vn -0.575057 -0.818111 0.002224
vn -0.375906 -0.926658 0.000008
vn -0.825613 -0.564236 0.000000
vn -0.181213 0.772004 -0.609239
vn -0.644908 0.599431 -0.474107
vn -0.339208 0.902544 -0.265238
vn -0.644550 0.730000 -0.227278
vn -0.073253 0.113047 -0.990886
vn -0.545927 0.116704 -0.829665
vn -0.520177 -0.149272 -0.840912
vn -0.070682 -0.115442 -0.990796
vn -0.136711 -0.781114 -0.609239
vn -0.609528 -0.635373 -0.474106
vn -0.286969 -0.920488 -0.265239
vn -0.601695 -0.765708 -0.227277
vn -0.906620 0.398927 -0.137466
vn -0.919626 0.274281 -0.281171
vn -0.999572 -0.028642 -0.005959
vn -0.833260 0.036138 -0.551698
vn -0.864706 -0.099371 -0.492351
vn -0.902413 -0.326486 -0.281171
vn -0.882291 -0.450183 -0.137466
vn -0.025752 0.961020 -0.275277
vn -0.015762 0.565274 -0.824753
vn -0.002405 0.061116 -0.998128
vn 0.001095 -0.061027 -0.998136
vn 0.016631 -0.565250 -0.824752
vn 0.029318 -0.960918 -0.275277
vn 0.484689 0.013887 0.874577
vn 0.001278 0.000037 0.999999
vn 0.284573 -0.345475 0.894240
vn 0.154121 -0.381962 0.911236
vn -0.183468 0.003466 0.983020
vn 0.274952 -0.272691 0.921977
vn -0.035617 0.009005 0.999325
vn 0.187914 -0.344482 0.919794
vn -0.573670 0.109921 0.811677
vn -0.096829 -0.433064 0.896147
vn -0.007265 -0.000208 0.999974
vn -0.038639 -0.001107 0.999253
vn 0.606989 0.017392 0.794520
vn 0.455323 -0.446688 0.770163
vn 0.286071 -0.711927 0.641345
vn 0.341847 -0.752185 0.563346
vn 0.566274 -0.621658 0.541179
vn 0.610784 -0.661630 0.434959
vn -0.182433 -0.866595 0.464468
vn -0.562014 -0.675095 0.477898
vn -0.585400 0.810664 0.011427
vn -0.428981 0.903249 0.010769
vn -0.438052 0.898711 0.020729
vn -0.855230 0.518101 0.012372
vn -0.858966 0.511351 0.026410
vn -0.999549 -0.028640 0.009077
vn -0.999379 -0.028636 0.020546
vn 0.306645 -0.927812 0.212445
vn 0.423437 -0.883075 0.202189
vn 0.650797 -0.739571 0.171748
vn 0.655564 -0.735342 0.171783
vn -0.169199 -0.960404 0.221349
vn -0.586805 -0.779155 0.220405
vn -0.620956 0.783842 -0.002220
vn -0.428348 0.903614 -0.000008
vn -0.856566 0.516038 0.000000
vn -0.999590 -0.028641 0.000000
vn 0.264325 0.361202 0.894240
vn 0.131998 0.390160 0.911236
vn 0.167882 0.354677 0.919793
vn 0.258887 0.287987 0.921977
vn -0.035043 -0.011029 0.999325
vn -0.182968 -0.013965 0.983020
vn -0.121467 0.426809 0.896147
vn -0.566435 -0.142588 0.811677
vn 0.428999 0.472026 0.770163
vn 0.244838 0.727139 0.641345
vn 0.298217 0.770524 0.563346
vn 0.529750 0.653063 0.541179
vn 0.571898 0.695516 0.434959
vn -0.231754 0.854728 0.464469
vn -0.599746 0.641809 0.477898
vn -0.538023 -0.842853 0.011426
vn -0.385875 -0.922318 0.020729
vn -0.376559 -0.926330 0.010768
vn -0.828278 -0.559695 0.026411
vn -0.824161 -0.566220 0.012372
vn 0.253016 0.943848 0.212445
vn 0.372178 0.905872 0.202188
vn 0.607384 0.775621 0.171748
vn 0.612385 0.771670 0.171784
vn -0.223912 0.949140 0.221350
vn -0.630454 0.744278 0.220405
vn -0.575057 -0.818111 -0.002224
vn -0.375906 -0.926658 -0.000008
vn -0.825613 -0.564236 0.000000
vn -0.644551 0.729999 0.227278
vn -0.644908 0.599430 0.474107
vn -0.339208 0.902545 0.265237
vn -0.181213 0.772004 0.609239
vn -0.073253 0.113047 0.990886
vn -0.545927 0.116704 0.829665
vn -0.520177 -0.149273 0.840913
vn -0.070682 -0.115442 0.990796
vn -0.609528 -0.635373 0.474106
vn -0.136711 -0.781114 0.609239
vn -0.286969 -0.920487 0.265239
vn -0.601695 -0.765708 0.227277
vn -0.906621 0.398926 0.137466
vn -0.999572 -0.028639 0.005959
vn -0.919627 0.274279 0.281171
vn -0.833260 0.036139 0.551699
vn -0.864706 -0.099370 0.492351
vn -0.902414 -0.326485 0.281171
vn -0.882292 -0.450183 0.137466
vn -0.015762 0.565274 0.824753
vn -0.025752 0.961020 0.275276
vn -0.002405 0.061116 0.998128
vn 0.001095 -0.061027 0.998136
vn 0.016631 -0.565250 0.824752
vn 0.029318 -0.960918 0.275277
vn -0.075082 0.936182 0.343403
vn -0.025405 0.938701 0.343795
vn -0.069020 0.783528 0.617511
vn -0.021423 0.781554 0.623470
vn -0.051020 0.387725 0.920362
vn -0.010315 0.384776 0.922953
vn -0.037461 -0.001073 0.999298
vn 0.000237 0.000007 1.000000
vn 0.011734 -0.384737 0.922952
vn -0.028736 -0.390010 0.920362
vn 0.023363 -0.781498 0.623471
vn -0.024044 -0.786195 0.617511
vn 0.028385 -0.938614 0.343800
vn -0.021354 -0.938945 0.343404
vn -0.034923 -0.789767 0.612412
vn -0.030219 -0.938424 0.344163
vn 0.017528 -0.786046 0.617920
vn 0.021687 -0.938796 0.343789
vn -0.043374 -0.393637 0.918242
vn 0.006856 -0.389383 0.921050
vn -0.059851 -0.001715 0.998206
vn -0.003968 -0.000114 0.999992
vn -0.015451 0.389136 0.921051
vn -0.065841 0.390508 0.918242
vn -0.027508 0.785759 0.617921
vn -0.080086 0.786471 0.612414
vn -0.032101 0.938498 0.343790
vn -0.083901 0.935153 0.344166
vn -0.043576 0.459209 0.887259
vn -0.038346 -0.001099 0.999264
vn -0.053960 0.830418 0.554522
vn -0.055652 0.934957 0.350368
vn -0.006324 -0.832144 0.554523
vn -0.002025 -0.936608 0.350372
vn -0.017212 -0.460951 0.887259
vn 0.030365 -0.387191 0.921499
vn 0.044965 -0.783395 0.619895
vn -0.008138 -0.388292 0.921501
vn -0.000028 -0.784688 0.619891
vn -0.017960 -0.000512 0.999839
vn 0.017966 0.000512 0.999839
vn -0.030357 0.387192 0.921499
vn 0.008146 0.388291 0.921501
vn -0.044957 0.783399 0.619891
vn 0.000036 0.784687 0.619892
vn -0.050349 0.937727 0.343706
vn -0.003416 0.939070 0.343709
vn 0.003425 -0.939070 0.343709
vn 0.050358 -0.937725 0.343710
vn 0.041597 -0.785447 0.617529
vn 0.046847 -0.937904 0.343717
vn 0.027648 -0.388856 0.920884
vn 0.015150 0.000434 0.999885
vn 0.005337 0.389800 0.920884
vn -0.003445 0.786540 0.617529
vn -0.006933 0.939049 0.343714
vn -0.075082 0.936182 -0.343403
vn -0.069020 0.783528 -0.617511
vn -0.025405 0.938701 -0.343794
vn -0.021423 0.781554 -0.623470
vn -0.051020 0.387725 -0.920362
vn -0.010315 0.384776 -0.922953
vn -0.037461 -0.001073 -0.999298
vn 0.000237 0.000007 -1.000000
vn -0.028736 -0.390010 -0.920362
vn 0.011734 -0.384737 -0.922952
vn -0.024044 -0.786195 -0.617511
vn 0.023363 -0.781498 -0.623471
vn -0.021354 -0.938945 -0.343404
vn 0.028385 -0.938614 -0.343800
vn 0.021687 -0.938796 -0.343790
vn -0.030218 -0.938424 -0.344163
vn 0.017528 -0.786046 -0.617920
vn -0.034923 -0.789767 -0.612412
vn 0.006856 -0.389383 -0.921050
vn -0.043374 -0.393637 -0.918242
vn -0.003968 -0.000114 -0.999992
vn -0.059851 -0.001715 -0.998206
vn -0.015451 0.389136 -0.921051
vn -0.065841 0.390508 -0.918242
vn -0.027508 0.785759 -0.617921
vn -0.080086 0.786471 -0.612414
vn -0.032101 0.938498 -0.343790
vn -0.083902 0.935153 -0.344166
vn -0.038346 -0.001099 -0.999264
vn -0.043576 0.459209 -0.887259
vn -0.053960 0.830418 -0.554521
vn -0.055652 0.934957 -0.350368
vn -0.006324 -0.832144 -0.554523
vn -0.002025 -0.936608 -0.350372
vn -0.017212 -0.460951 -0.887259
vn 0.030365 -0.387191 -0.921499
vn -0.008139 -0.388292 -0.921501
vn 0.044965 -0.783395 -0.619895
vn -0.000028 -0.784688 -0.619891
vn -0.017960 -0.000512 -0.999839
vn 0.017966 0.000512 -0.999839
vn -0.030357 0.387192 -0.921499
vn 0.008146 0.388291 -0.921501
vn -0.044957 0.783399 -0.619891
vn 0.000036 0.784687 -0.619892
vn -0.050349 0.937727 -0.343706
vn -0.003416 0.939070 -0.343709
vn 0.003425 -0.939070 -0.343709
vn 0.050358 -0.937725 -0.343710
vn 0.046847 -0.937904 -0.343717
vn 0.041597 -0.785447 -0.617529
vn 0.027648 -0.388856 -0.920884
vn 0.015150 0.000434 -0.999885
vn 0.005337 0.389800 -0.920884
vn -0.003445 0.786540 -0.617529
vn -0.006933 0.939049 -0.343714
vn -0.407254 0.353594 0.842090
vn -0.409886 0.370423 0.833535
vn -0.463031 0.695571 0.549348
vn -0.466343 0.709456 0.528390
vn -0.378834 -0.010854 0.925401
vn -0.379314 -0.010868 0.925204
vn -0.386342 -0.376330 0.842090
vn -0.388006 -0.393285 0.833533
vn -0.422450 -0.720941 0.549345
vn -0.424962 -0.734993 0.528386
vn -0.448546 -0.893760 0.000000
vn -0.449223 -0.893420 -0.000000
vn -0.422449 -0.720941 -0.549345
vn -0.424961 -0.734993 -0.528387
vn -0.386342 -0.376332 -0.842089
vn -0.388006 -0.393287 -0.833533
vn -0.378834 -0.010855 -0.925401
vn -0.379314 -0.010868 -0.925204
vn -0.407254 0.353592 -0.842091
vn -0.409886 0.370422 -0.833535
vn -0.463030 0.695573 -0.549346
vn -0.466342 0.709458 -0.528388
vn -0.498971 0.866619 0.000000
vn -0.499627 0.866241 -0.000000
vn -0.421317 -0.743568 -0.519229
vn -0.419633 -0.729163 -0.540583
vn -0.391785 -0.399115 -0.828982
vn -0.390819 -0.381789 -0.837555
vn -0.386328 -0.011069 -0.922295
vn -0.386265 -0.011067 -0.922322
vn -0.412028 0.358791 -0.837557
vn -0.413985 0.376028 -0.828987
vn -0.460713 0.703929 -0.540581
vn -0.463219 0.718217 -0.519223
vn -0.491181 0.871058 0.000000
vn -0.491217 0.871037 0.000000
vn -0.463220 0.718216 0.519224
vn -0.460714 0.703928 0.540582
vn -0.413987 0.376027 0.828986
vn -0.412030 0.358790 0.837556
vn -0.386328 -0.011070 0.922295
vn -0.386265 -0.011067 0.922322
vn -0.390816 -0.381789 0.837556
vn -0.391782 -0.399116 0.828983
vn -0.419634 -0.729163 0.540583
vn -0.421318 -0.743568 0.519229
vn -0.440513 -0.897746 0.000000
vn -0.440554 -0.897726 0.000000
vn -0.999259 -0.037791 -0.007271
vn -0.999276 -0.037338 -0.007262
vn -0.999439 -0.032274 -0.009003
vn -0.999450 -0.031975 -0.008812
vn -0.999551 -0.028640 -0.008783
vn -0.999553 -0.028640 -0.008596
vn -0.999647 -0.025005 -0.009003
vn -0.999641 -0.025304 -0.008812
vn -0.999784 -0.019487 -0.007271
vn -0.999775 -0.019939 -0.007263
vn -0.999874 -0.015857 0.000000
vn -0.999870 -0.016117 -0.000000
vn -0.999784 -0.019487 0.007271
vn -0.999775 -0.019940 0.007263
vn -0.999647 -0.025003 0.009003
vn -0.999641 -0.025302 0.008812
vn -0.999551 -0.028640 0.008783
vn -0.999553 -0.028640 0.008596
vn -0.999439 -0.032274 0.009003
vn -0.999450 -0.031974 0.008812
vn -0.999259 -0.037791 0.007271
vn -0.999276 -0.037337 0.007262
vn -0.999142 -0.041422 0.000000
vn -0.999152 -0.041163 -0.000000
vn 0.407255 -0.353594 0.842090
vn 0.409887 -0.370422 0.833535
vn 0.463032 -0.695570 0.549349
vn 0.466344 -0.709455 0.528391
vn 0.378835 0.010855 0.925401
vn 0.379315 0.010869 0.925204
vn 0.386345 0.376332 0.842088
vn 0.388009 0.393287 0.833531
vn 0.422452 0.720939 0.549346
vn 0.424965 0.734991 0.528388
vn 0.448546 0.893760 0.000000
vn 0.449223 0.893420 0.000000
vn 0.422452 0.720940 -0.549345
vn 0.424964 0.734992 -0.528387
vn 0.386344 0.376332 -0.842088
vn 0.388009 0.393287 -0.833531
vn 0.378835 0.010857 -0.925401
vn 0.379315 0.010871 -0.925204
vn 0.407256 -0.353593 -0.842089
vn 0.409888 -0.370422 -0.833534
vn 0.463032 -0.695571 -0.549347
vn 0.466344 -0.709456 -0.528390
vn 0.498972 -0.866618 0.000000
vn 0.499628 -0.866240 -0.000000
vn 0.421322 0.743564 -0.519230
vn 0.419638 0.729158 -0.540585
vn 0.391781 0.399116 -0.828984
vn 0.390815 0.381790 -0.837556
vn 0.386328 0.011070 -0.922295
vn 0.386265 0.011069 -0.922322
vn 0.412028 -0.358793 -0.837556
vn 0.413985 -0.376030 -0.828986
vn 0.460711 -0.703931 -0.540580
vn 0.463217 -0.718219 -0.519222
vn 0.491181 -0.871058 0.000000
vn 0.491217 -0.871037 -0.000000
vn 0.463216 -0.718220 0.519221
vn 0.460710 -0.703932 0.540579
vn 0.413986 -0.376029 0.828986
vn 0.412029 -0.358792 0.837556
vn 0.386328 0.011069 0.922295
vn 0.386265 0.011068 0.922322
vn 0.390813 0.381790 0.837557
vn 0.391779 0.399115 0.828985
vn 0.419637 0.729159 0.540585
vn 0.421322 0.743564 0.519230
vn 0.440511 0.897747 -0.000000
vn 0.440550 0.897728 -0.000000
vn 0.999259 0.037790 -0.007271
vn 0.999276 0.037336 -0.007262
vn 0.999439 0.032274 -0.009002
vn 0.999450 0.031974 -0.008810
vn 0.999551 0.028639 -0.008781
vn 0.999553 0.028639 -0.008595
vn 0.999647 0.025003 -0.009002
vn 0.999641 0.025303 -0.008811
vn 0.999784 0.019491 -0.007272
vn 0.999775 0.019945 -0.007263
vn 0.999874 0.015855 -0.000000
vn 0.999870 0.016115 -0.000000
vn 0.999784 0.019489 0.007272
vn 0.999775 0.019942 0.007263
vn 0.999647 0.025004 0.009002
vn 0.999641 0.025303 0.008811
vn 0.999551 0.028639 0.008781
vn 0.999553 0.028639 0.008595
vn 0.999439 0.032275 0.009002
vn 0.999450 0.031976 0.008810
vn 0.999259 0.037793 0.007271
vn 0.999276 0.037340 0.007262
vn 0.999142 0.041424 0.000000
vn 0.999152 0.041164 -0.000000
vn -0.428960 -0.433839 -0.792324
vn -0.483115 0.010944 -0.875488
vn -0.428960 -0.433839 -0.792324
vn -0.483115 0.010944 -0.875488
vn -0.428960 -0.433839 -0.792324
vn -0.483115 0.010944 -0.875488
vn -0.436937 0.453453 -0.776831
vn -0.436937 0.453453 -0.776831
vn -0.436937 0.453453 -0.776831
vn 0.429286 0.432516 0.792871
vn 0.429286 0.432516 0.792871
vn 0.483115 -0.010944 0.875488
vn 0.483115 -0.010943 0.875488
vn 0.429286 0.432516 0.792871
vn 0.483115 -0.010944 0.875488
vn 0.437239 -0.452144 0.777424
vn 0.437240 -0.452144 0.777424
vn 0.437239 -0.452144 0.777424
vn -0.480314 0.749858 -0.454986
vn -0.480314 0.749858 -0.454986
vn -0.540971 0.841038 -0.002399
vn -0.540971 0.841038 -0.002399
vn -0.480314 0.749858 -0.454986
vn -0.540971 0.841038 -0.002399
vn -0.484331 0.749858 0.450708
vn -0.484330 0.749858 0.450707
vn -0.484331 0.749858 0.450708
vn 0.480727 -0.750490 0.453504
vn 0.540971 -0.841038 0.002399
vn 0.480727 -0.750490 0.453504
vn 0.540971 -0.841038 0.002399
vn 0.480727 -0.750490 0.453504
vn 0.540971 -0.841038 0.002399
vn 0.484731 -0.750490 -0.449222
vn 0.484731 -0.750490 -0.449222
vn 0.484731 -0.750491 -0.449222
vn -0.480314 -0.748764 0.456784
vn -0.480313 -0.748764 0.456784
vn -0.540971 -0.841030 0.004417
vn -0.540971 -0.841030 0.004417
vn -0.480314 -0.748764 0.456784
vn -0.540971 -0.841030 0.004417
vn -0.484331 -0.750937 -0.448907
vn -0.484331 -0.750937 -0.448907
vn -0.484330 -0.750937 -0.448907
vn 0.480727 0.749400 -0.455303
vn 0.540971 0.841030 -0.004417
vn 0.480727 0.749400 -0.455303
vn 0.540971 0.841030 -0.004417
vn 0.480727 0.749400 -0.455303
vn 0.540971 0.841030 -0.004417
vn 0.484731 0.751566 0.447420
vn 0.484731 0.751566 0.447420
vn 0.484731 0.751566 0.447420
vn -0.428960 -0.433839 0.792324
vn -0.428960 -0.433839 0.792324
vn -0.483115 0.010944 0.875488
vn -0.483115 0.010944 0.875488
vn -0.428960 -0.433839 0.792324
vn -0.483115 0.010944 0.875488
vn -0.436937 0.453453 0.776831
vn -0.436937 0.453453 0.776831
vn -0.436937 0.453453 0.776831
vn 0.429286 0.432516 -0.792870
vn 0.483115 -0.010943 -0.875488
vn 0.429286 0.432516 -0.792871
vn 0.483115 -0.010943 -0.875488
vn 0.429286 0.432516 -0.792871
vn 0.483115 -0.010944 -0.875488
vn 0.437239 -0.452144 -0.777424
vn 0.437240 -0.452144 -0.777424
vn 0.437239 -0.452144 -0.777424
vn -0.097807 0.098745 -0.990295
vn -0.128276 0.091778 -0.987483
vn -0.143573 0.159445 -0.976711
vn -0.136469 0.117956 -0.983597
vn 0.000489 -0.013636 -0.999907
vn -0.027792 0.134046 -0.990585
vn -0.017503 0.124701 -0.992040
vn 0.001624 -0.012695 -0.999918
vn -0.045672 0.238605 -0.970042
vn -0.031805 0.223665 -0.974147
vn -0.006310 0.105288 -0.994422
vn -0.004045 0.075621 -0.997128
vn 0.000284 -0.009933 -0.999951
vn -0.001316 -0.006822 -0.999976
vn -0.007644 0.167722 -0.985805
vn -0.002862 0.169993 -0.985441
vn -0.112029 0.221883 -0.968616
vn -0.150833 0.100666 -0.983420
vn -0.012463 0.118655 -0.992857
vn -0.012426 0.116684 -0.993091
vn 0.001016 -0.011041 -0.999939
vn 0.000781 -0.010931 -0.999940
vn -0.023971 0.228265 -0.973304
vn -0.024695 0.224656 -0.974125
vn -0.100272 0.094759 0.990438
vn -0.143221 0.155848 0.977343
vn -0.129237 0.084889 0.987974
vn -0.134647 0.111228 0.984631
vn -0.027792 0.134046 0.990585
vn 0.000163 -0.014241 0.999899
vn -0.017503 0.124701 0.992040
vn 0.001624 -0.012695 0.999918
vn -0.045672 0.238605 0.970042
vn -0.031805 0.223665 0.974147
vn -0.001316 -0.006822 0.999976
vn -0.004045 0.075621 0.997128
vn 0.000284 -0.009933 0.999951
vn -0.006310 0.105288 0.994422
vn -0.002862 0.169993 0.985441
vn -0.007644 0.167722 0.985805
vn -0.112029 0.221884 0.968616
vn -0.150206 0.092470 0.984321
vn 0.000781 -0.010931 0.999940
vn -0.012426 0.116684 0.993091
vn 0.001016 -0.011041 0.999939
vn -0.012463 0.118655 0.992857
vn -0.024695 0.224656 0.974125
vn -0.023971 0.228265 0.973304
s 1
g blade_luminous
f 18/1/1 15/2/2 17/4/3
f 17/4/3 15/2/2 3/3/4
f 15/2/2 18/1/1 4/5/5
f 4/5/5 18/1/1 1/6/6
f 1/6/6 7/7/7 4/5/5
f 4/5/5 7/7/7 6/8/8
f 1/6/6 2/9/9 7/7/7
f 7/7/7 2/9/9 8/10/10
f 12/12/11 11/13/12 9/11/13
f 9/11/13 11/13/12 10/14/14
f 14/15/15 13/16/16 12/12/11
f 12/12/11 13/16/16 11/13/12
f 18/1/1 16/17/17 1/6/6
f 1/6/6 16/17/17 2/9/9
f 15/2/2 5/18/18 3/3/4
f 18/1/1 17/4/3 16/17/17
f 21/21/19 22/22/20 20/20/21
f 20/20/21 22/22/20 19/19/22
f 23/23/23 24/24/24 21/21/19
f 21/21/19 24/24/24 22/22/20
f 7/7/7 21/21/19 6/8/8
f 6/8/8 21/21/19 20/20/21
f 8/10/10 23/23/23 7/7/7
f 7/7/7 23/23/23 21/21/19
f 22/22/20 12/12/11 19/19/22
f 19/19/22 12/12/11 9/11/13
f 24/24/24 14/15/15 22/22/20
f 22/22/20 14/15/15 12/12/11
s 4
f 34/25/25 17/26/26 33/28/27
f 33/28/27 17/26/26 3/27/28
f 25/30/29 34/25/25 26/29/30
f 26/29/30 34/25/25 33/28/27
f 25/30/29 26/29/30 28/32/31
f 28/32/31 26/29/30 27/31/32
f 25/30/29 28/32/31 2/34/33
f 2/34/33 28/32/31 8/33/34
f 30/36/35 31/37/36 29/35/37
f 29/35/37 31/37/36 32/38/38
f 31/37/36 13/39/39 32/38/38
f 32/38/38 13/39/39 14/40/40
f 2/34/33 16/41/41 25/30/29
f 25/30/29 16/41/41 34/25/25
f 33/28/27 3/27/28 5/42/42
f 34/25/25 16/41/41 17/26/26
f 35/43/43 38/45/44 36/44/45
f 36/44/45 38/45/44 37/46/46
f 38/45/44 24/47/47 37/46/46
f 37/46/46 24/47/47 23/48/48
f 28/32/31 27/31/32 37/46/46
f 37/46/46 27/31/32 36/44/45
f 8/33/34 28/32/31 23/48/48
f 23/48/48 28/32/31 37/46/46
f 38/45/44 35/43/43 32/38/38
f 32/38/38 35/43/43 29/35/37
f 24/47/47 38/45/44 14/40/40
f 14/40/40 38/45/44 32/38/38
s 8
f 40/49/49 60/50/50 39/51/51
f 39/51/51 60/50/50 59/52/52
f 41/53/53 61/54/54 40/49/49
f 40/49/49 61/54/54 60/50/50
f 42/55/55 62/56/56 41/53/53
f 41/53/53 62/56/56 61/54/54
f 43/57/57 63/58/58 42/55/55
f 42/55/55 63/58/58 62/56/56
f 44/59/59 64/60/60 43/57/57
f 43/57/57 64/60/60 63/58/58
f 65/61/61 64/60/60 45/62/62
f 45/62/62 64/60/60 44/59/59
f 66/63/63 65/61/61 46/64/64
f 46/64/64 65/61/61 45/62/62
f 67/65/65 66/63/63 47/66/66
f 47/66/66 66/63/63 46/64/64
f 68/67/67 67/65/65 48/68/68
f 48/68/68 67/65/65 47/66/66
f 69/69/69 68/67/67 49/70/70
f 49/70/70 68/67/67 48/68/68
f 50/71/71 70/72/72 49/70/70
f 49/70/70 70/72/72 69/69/69
f 51/73/73 71/74/74 50/71/71
f 50/71/71 71/74/74 70/72/72
f 52/75/75 72/76/76 51/73/73
f 51/73/73 72/76/76 71/74/74
f 53/77/77 73/78/78 52/75/75
f 52/75/75 73/78/78 72/76/76
f 54/79/79 74/80/80 53/77/77
f 53/77/77 74/80/80 73/78/78
f 75/81/81 74/80/80 55/82/82
f 55/82/82 74/80/80 54/79/79
f 76/83/83 75/81/81 56/84/84
f 56/84/84 75/81/81 55/82/82
f 77/85/85 76/83/83 57/86/86
f 57/86/86 76/83/83 56/84/84
f 78/87/87 77/85/85 58/88/88
f 58/88/88 77/85/85 57/86/86
f 59/52/52 78/87/87 39/51/51
f 39/51/51 78/87/87 58/88/88
s 18
f 80/89/89 79/90/90 100/91/91
f 100/91/91 79/90/90 99/92/92
f 81/93/93 80/89/89 101/94/94
f 101/94/94 80/89/89 100/91/91
f 82/95/95 81/93/93 102/96/96
f 102/96/96 81/93/93 101/94/94
f 83/97/97 82/95/95 103/98/98
f 103/98/98 82/95/95 102/96/96
f 84/99/99 83/97/97 104/100/100
f 104/100/100 83/97/97 103/98/98
f 84/99/99 104/100/100 85/101/101
f 85/101/101 104/100/100 105/102/102
f 85/101/101 105/102/102 86/103/103
f 86/103/103 105/102/102 106/104/104
f 86/103/103 106/104/104 87/105/105
f 87/105/105 106/104/104 107/106/106
f 87/105/105 107/106/106 88/107/107
f 88/107/107 107/106/106 108/108/108
f 88/107/107 108/108/108 89/109/109
f 89/109/109 108/108/108 109/110/110
f 90/111/111 89/109/109 110/112/112
f 110/112/112 89/109/109 109/110/110
f 91/113/113 90/111/111 111/114/114
f 111/114/114 90/111/111 110/112/112
f 92/115/115 91/113/113 112/116/116
f 112/116/116 91/113/113 111/114/114
f 93/117/117 92/115/115 113/118/118
f 113/118/118 92/115/115 112/116/116
f 94/119/119 93/117/117 114/120/120
f 114/120/120 93/117/117 113/118/118
f 94/119/119 114/120/120 95/121/121
f 95/121/121 114/120/120 115/122/122
f 95/121/121 115/122/122 96/123/123
f 96/123/123 115/122/122 116/124/124
f 96/123/123 116/124/124 97/125/125
f 97/125/125 116/124/124 117/126/126
f 97/125/125 117/126/126 98/127/127
f 98/127/127 117/126/126 118/128/128
f 98/127/127 118/128/128 79/90/90
f 79/90/90 118/128/128 99/92/92
s 19
f 120/129/129 119/130/130 140/131/131
f 140/131/131 119/130/130 139/132/132
f 121/133/133 120/129/129 141/134/134
f 141/134/134 120/129/129 140/131/131
f 122/135/135 121/133/133 142/136/136
f 142/136/136 121/133/133 141/134/134
f 123/137/137 122/135/135 143/138/138
f 143/138/138 122/135/135 142/136/136
f 124/139/139 123/137/137 144/140/140
f 144/140/140 123/137/137 143/138/138
f 124/139/139 144/140/140 125/141/141
f 125/141/141 144/140/140 145/142/142
f 125/141/141 145/142/142 126/143/143
f 126/143/143 145/142/142 146/144/144
f 126/143/143 146/144/144 127/145/145
f 127/145/145 146/144/144 147/146/146
f 127/145/145 147/146/146 128/147/147
f 128/147/147 147/146/146 148/148/148
f 128/147/147 148/148/148 129/149/149
f 129/149/149 148/148/148 149/150/150
f 130/151/151 129/149/149 150/152/152
f 150/152/152 129/149/149 149/150/150
f 131/153/153 130/151/151 151/154/154
f 151/154/154 130/151/151 150/152/152
f 132/155/155 131/153/153 152/156/156
f 152/156/156 131/153/153 151/154/154
f 133/157/157 132/155/155 153/158/158
f 153/158/158 132/155/155 152/156/156
f 134/159/159 133/157/157 154/160/160
f 154/160/160 133/157/157 153/158/158
f 134/159/159 154/160/160 135/161/161
f 135/161/161 154/160/160 155/162/162
f 135/161/161 155/162/162 136/163/163
f 136/163/163 155/162/162 156/164/164
f 136/163/163 156/164/164 137/165/165
f 137/165/165 156/164/164 157/166/166
f 137/165/165 157/166/166 138/167/167
f 138/167/167 157/166/166 158/168/168
f 138/167/167 158/168/168 119/130/130
f 119/130/130 158/168/168 139/132/132
s 20
f 160/169/169 180/170/170 159/171/171
f 159/171/171 180/170/170 179/172/172
f 161/173/173 181/174/174 160/169/169
f 160/169/169 181/174/174 180/170/170
f 162/175/175 182/176/176 161/173/173
f 161/173/173 182/176/176 181/174/174
f 163/177/177 183/178/178 162/175/175
f 162/175/175 183/178/178 182/176/176
f 164/179/179 184/180/180 163/177/177
f 163/177/177 184/180/180 183/178/178
f 185/181/181 184/180/180 165/182/182
f 165/182/182 184/180/180 164/179/179
f 186/183/183 185/181/181 166/184/184
f 166/184/184 185/181/181 165/182/182
f 187/185/185 186/183/183 167/186/186
f 167/186/186 186/183/183 166/184/184
f 188/187/187 187/185/185 168/188/188
f 168/188/188 187/185/185 167/186/186
f 189/189/189 188/187/187 169/190/190
f 169/190/190 188/187/187 168/188/188
f 170/191/191 190/192/192 169/190/190
f 169/190/190 190/192/192 189/189/189
f 171/193/193 191/194/194 170/191/191
f 170/191/191 191/194/194 190/192/192
f 172/195/195 192/196/196 171/193/193
f 171/193/193 192/196/196 191/194/194
f 173/197/197 193/198/198 172/195/195
f 172/195/195 193/198/198 192/196/196
f 174/199/199 194/200/200 173/197/197
f 173/197/197 194/200/200 193/198/198
f 195/201/201 194/200/200 175/202/202
f 175/202/202 194/200/200 174/199/199
f 196/203/203 195/201/201 176/204/204
f 176/204/204 195/201/201 175/202/202
f 197/205/205 196/203/203 177/206/206
f 177/206/206 196/203/203 176/204/204
f 198/207/207 197/205/205 178/208/208
f 178/208/208 197/205/205 177/206/206
f 179/172/172 198/207/207 159/171/171
f 159/171/171 198/207/207 178/208/208
s 30
f 200/209/209 220/210/210 199/211/211
f 199/211/211 220/210/210 219/212/212
f 201/213/213 221/214/214 200/209/209
f 200/209/209 221/214/214 220/210/210
f 202/215/215 222/216/216 201/213/213
f 201/213/213 222/216/216 221/214/214
f 203/217/217 223/218/218 202/215/215
f 202/215/215 223/218/218 222/216/216
f 204/219/219 224/220/220 203/217/217
f 203/217/217 224/220/220 223/218/218
f 225/221/221 224/220/220 205/222/222
f 205/222/222 224/220/220 204/219/219
f 226/223/223 225/221/221 206/224/224
f 206/224/224 225/221/221 205/222/222
f 227/225/225 226/223/223 207/226/226
f 207/226/226 226/223/223 206/224/224
f 228/227/227 227/225/225 208/228/228
f 208/228/228 227/225/225 207/226/226
f 229/229/229 228/227/227 209/230/230
f 209/230/230 228/227/227 208/228/228
f 210/231/231 230/232/232 209/230/230
f 209/230/230 230/232/232 229/229/229
f 211/233/233 231/234/234 210/231/231
f 210/231/231 231/234/234 230/232/232
f 212/235/235 232/236/236 211/233/233
f 211/233/233 232/236/236 231/234/234
f 213/237/237 233/238/238 212/235/235
f 212/235/235 233/238/238 232/236/236
f 214/239/239 234/240/240 213/237/237
f 213/237/237 234/240/240 233/238/238
f 235/241/241 234/240/240 215/242/242
f 215/242/242 234/240/240 214/239/239
f 236/243/243 235/241/241 216/244/244
f 216/244/244 235/241/241 215/242/242
f 237/245/245 236/243/243 217/246/246
f 217/246/246 236/243/243 216/244/244
f 238/247/247 237/245/245 218/248/248
f 218/248/248 237/245/245 217/246/246
f 219/212/212 238/247/247 199/211/211
f 199/211/211 238/247/247 218/248/248
s 40
f 240/249/249 239/250/250 260/251/251
f 260/251/251 239/250/250 259/252/252
f 241/253/253 240/249/249 261/254/254
f 261/254/254 240/249/249 260/251/251
f 242/255/255 241/253/253 262/256/256
f 262/256/256 241/253/253 261/254/254
f 243/257/257 242/255/255 263/258/258
f 263/258/258 242/255/255 262/256/256
f 244/259/259 243/257/257 264/260/260
f 264/260/260 243/257/257 263/258/258
f 244/259/259 264/260/260 245/261/261
f 245/261/261 264/260/260 265/262/262
f 245/261/261 265/262/262 246/263/263
f 246/263/263 265/262/262 266/264/264
f 246/263/263 266/264/264 247/265/265
f 247/265/265 266/264/264 267/266/266
f 247/265/265 267/266/266 248/267/267
f 248/267/267 267/266/266 268/268/268
f 248/267/267 268/268/268 249/269/269
f 249/269/269 268/268/268 269/270/270
f 250/271/271 249/269/269 270/272/272
f 270/272/272 249/269/269 269/270/270
f 251/273/273 250/271/271 271/274/274
f 271/274/274 250/271/271 270/272/272
f 252/275/275 251/273/273 272/276/276
f 272/276/276 251/273/273 271/274/274
f 253/277/277 252/275/275 273/278/278
f 273/278/278 252/275/275 272/276/276
f 254/279/279 253/277/277 274/280/280
f 274/280/280 253/277/277 273/278/278
f 254/279/279 274/280/280 255/281/281
f 255/281/281 274/280/280 275/282/282
f 255/281/281 275/282/282 256/283/283
f 256/283/283 275/282/282 276/284/284
f 256/283/283 276/284/284 257/285/285
f 257/285/285 276/284/284 277/286/286
f 257/285/285 277/286/286 258/287/287
f 258/287/287 277/286/286 278/288/288
f 258/287/287 278/288/288 239/250/250
f 239/250/250 278/288/288 259/252/252
s 41
f 280/289/289 279/290/290 300/291/291
f 300/291/291 279/290/290 299/292/292
f 281/293/293 280/289/289 301/294/294
f 301/294/294 280/289/289 300/291/291
f 282/295/295 281/293/293 302/296/296
f 302/296/296 281/293/293 301/294/294
f 283/297/297 282/295/295 303/298/298
f 303/298/298 282/295/295 302/296/296
f 284/299/299 283/297/297 304/300/300
f 304/300/300 283/297/297 303/298/298
f 284/299/299 304/300/300 285/301/301
f 285/301/301 304/300/300 305/302/302
f 285/301/301 305/302/302 286/303/303
f 286/303/303 305/302/302 306/304/304
f 286/303/303 306/304/304 287/305/305
f 287/305/305 306/304/304 307/306/306
f 287/305/305 307/306/306 288/307/307
f 288/307/307 307/306/306 308/308/308
f 288/307/307 308/308/308 289/309/309
f 289/309/309 308/308/308 309/310/310
f 290/311/311 289/309/309 310/312/312
f 310/312/312 289/309/309 309/310/310
f 291/313/313 290/311/311 311/314/314
f 311/314/314 290/311/311 310/312/312
f 292/315/315 291/313/313 312/316/316
f 312/316/316 291/313/313 311/314/314
f 293/317/317 292/315/315 313/318/318
f 313/318/318 292/315/315 312/316/316
f 294/319/319 293/317/317 314/320/320
f 314/320/320 293/317/317 313/318/318
f 294/319/319 314/320/320 295/321/321
f 295/321/321 314/320/320 315/322/322
f 295/321/321 315/322/322 296/323/323
f 296/323/323 315/322/322 316/324/324
f 296/323/323 316/324/324 297/325/325
f 297/325/325 316/324/324 317/326/326
f 297/325/325 317/326/326 298/327/327
f 298/327/327 317/326/326 318/328/328
f 298/327/327 318/328/328 279/290/290
f 279/290/290 318/328/328 299/292/292
s 42
f 320/329/329 340/330/330 319/331/331
f 319/331/331 340/330/330 339/332/332
f 321/333/333 341/334/334 320/329/329
f 320/329/329 341/334/334 340/330/330
f 322/335/335 342/336/336 321/333/333
f 321/333/333 342/336/336 341/334/334
f 323/337/337 343/338/338 322/335/335
f 322/335/335 343/338/338 342/336/336
f 324/339/339 344/340/340 323/337/337
f 323/337/337 344/340/340 343/338/338
f 345/341/341 344/340/340 325/342/342
f 325/342/342 344/340/340 324/339/339
f 346/343/343 345/341/341 326/344/344
f 326/344/344 345/341/341 325/342/342
f 347/345/345 346/343/343 327/346/346
f 327/346/346 346/343/343 326/344/344
f 348/347/347 347/345/345 328/348/348
f 328/348/348 347/345/345 327/346/346
f 349/349/349 348/347/347 329/350/350
f 329/350/350 348/347/347 328/348/348
f 330/351/351 350/352/352 329/350/350
f 329/350/350 350/352/352 349/349/349
f 331/353/353 351/354/354 330/351/351
f 330/351/351 351/354/354 350/352/352
f 332/355/355 352/356/356 331/353/353
f 331/353/353 352/356/356 351/354/354
f 333/357/357 353/358/358 332/355/355
f 332/355/355 353/358/358 352/356/356
f 334/359/359 354/360/360 333/357/357
f 333/357/357 354/360/360 353/358/358
f 355/361/361 354/360/360 335/362/362
f 335/362/362 354/360/360 334/359/359
f 356/363/363 355/361/361 336/364/364
f 336/364/364 355/361/361 335/362/362
f 357/365/365 356/363/363 337/366/366
f 337/366/366 356/363/363 336/364/364
f 358/367/367 357/365/365 338/368/368
f 338/368/368 357/365/365 337/366/366
f 339/332/332 358/367/367 319/331/331
f 319/331/331 358/367/367 338/368/368
s 52
f 368/369/369 360/370/370 369/371/371
f 369/371/371 360/370/370 359/372/372
s 53
f 361/373/373 362/374/374 365/375/375
f 365/375/375 362/374/374 366/376/376
s 54
f 360/370/377 364/377/378 359/372/379
f 359/372/379 364/377/378 363/378/380
s 55
f 364/377/381 362/374/382 363/378/383
f 363/378/383 362/374/382 361/373/384
s 56
f 364/377/385 367/379/386 362/374/387
f 362/374/387 367/379/386 366/380/388
s 57
f 364/377/389 360/370/390 367/379/391
f 367/379/391 360/370/390 368/381/392
s 58
f 370/382/393 371/383/394 380/384/395
f 380/384/395 371/383/394 379/385/396
s 59
f 372/386/397 376/387/398 373/388/399
f 373/388/399 376/387/398 377/389/400
s 60
f 374/390/401 375/391/402 370/382/403
f 370/382/403 375/391/402 371/383/404
s 61
f 372/386/405 373/388/406 374/390/407
f 374/390/407 373/388/406 375/391/408
s 62
f 375/391/409 373/388/410 378/392/411
f 378/392/411 373/388/410 377/393/412
s 63
f 375/391/413 378/392/414 371/383/415
f 371/383/415 378/392/414 379/394/416
s 64
f 389/395/417 390/396/418 391/397/419
f 391/397/419 390/396/418 392/398/420
f 391/397/419 392/398/420 393/399/421
f 393/399/421 392/398/420 394/400/422
f 393/399/421 394/400/422 395/401/423
f 395/401/423 394/400/422 396/402/424
s 65
f 381/403/425 382/404/426 385/405/427
f 385/405/427 382/404/426 386/406/428
f 382/404/426 383/407/429 386/406/428
f 386/406/428 383/407/429 387/408/430
f 383/407/429 384/409/431 387/408/430
f 387/408/430 384/409/431 388/410/432
s 66
f 389/411/433 391/412/434 381/403/435
f 381/403/435 391/412/434 382/404/436
s 67
f 386/406/437 392/413/438 385/405/439
f 385/405/439 392/413/438 390/414/440
s 66
f 382/404/436 391/412/434 383/407/441
f 383/407/441 391/412/434 393/415/442
s 67
f 394/416/443 392/413/438 387/408/444
f 387/408/444 392/413/438 386/406/437
s 66
f 383/407/441 393/415/442 384/409/445
f 384/409/445 393/415/442 395/417/446
s 67
f 396/418/447 394/416/443 388/410/448
f 388/410/448 394/416/443 387/408/444
s 64
f 385/405/449 390/419/418 381/403/450
f 381/403/450 390/419/418 389/420/417
f 403/421/451 405/422/452 404/423/453
f 404/423/453 405/422/452 406/424/454
f 405/422/452 407/425/455 406/424/454
f 406/424/454 407/425/455 408/426/456
f 407/425/455 395/401/423 408/426/456
f 408/426/456 395/401/423 396/402/424
s 65
f 397/427/457 400/428/458 398/429/459
f 398/429/459 400/428/458 401/430/460
f 398/429/459 401/430/460 399/431/461
f 399/431/461 401/430/460 402/432/462
f 399/431/461 402/432/462 384/409/431
f 384/409/431 402/432/462 388/410/432
s 66
f 398/429/463 405/433/464 397/427/465
f 397/427/465 405/433/464 403/434/466
s 67
f 401/430/467 400/428/468 406/435/469
f 406/435/469 400/428/468 404/436/470
s 66
f 398/429/463 399/431/471 405/433/464
f 405/433/464 399/431/471 407/437/472
s 67
f 401/430/467 406/435/469 402/432/473
f 402/432/473 406/435/469 408/438/474
s 66
f 399/431/471 384/409/445 407/437/472
f 407/437/472 384/409/445 395/417/446
s 67
f 402/432/473 408/438/474 388/410/448
f 388/410/448 408/438/474 396/418/447
s 64
f 400/428/475 397/427/476 404/439/453
f 404/439/453 397/427/476 403/440/451
s 72
f 413/441/477 414/442/478 415/443/479
f 415/443/479 414/442/478 416/444/480
f 415/443/479 416/444/480 418/445/481
f 418/445/481 416/444/480 419/446/482
s 73
f 409/447/483 410/448/484 411/449/485
f 411/449/485 410/448/484 412/450/486
f 410/448/484 417/451/487 412/450/486
f 412/450/486 417/451/487 420/452/488
s 74
f 413/441/489 415/443/490 409/453/491
f 409/453/491 415/443/490 410/454/492
s 75
f 412/455/493 416/444/494 411/456/495
f 411/456/495 416/444/494 414/442/496
s 74
f 415/443/490 418/445/497 410/454/492
f 410/454/492 418/445/497 417/457/498
s 75
f 416/444/494 412/455/493 419/446/499
f 419/446/499 412/455/493 420/458/500
s 74
f 413/441/489 409/453/491 422/459/501
f 422/459/501 409/453/491 421/460/502
s 72
f 423/461/503 414/442/478 422/459/504
f 422/459/504 414/442/478 413/441/477
s 75
f 414/442/496 423/461/505 411/456/495
f 411/456/495 423/461/505 424/462/506
s 73
f 421/463/507 409/447/483 424/464/508
f 424/464/508 409/447/483 411/449/485
s 76
f 423/465/509 422/466/510 424/464/511
f 424/464/511 422/466/510 421/463/512
s 77
f 418/467/513 419/468/514 417/451/515
f 417/451/515 419/468/514 420/452/516
s 78
f 429/469/517 431/470/518 430/471/519
f 430/471/519 431/470/518 432/472/520
f 431/470/518 434/473/521 432/472/520
f 432/472/520 434/473/521 435/474/522
s 79
f 425/475/523 427/476/524 426/477/525
f 426/477/525 427/476/524 428/478/526
f 426/477/525 428/478/526 433/479/527
f 433/479/527 428/478/526 436/480/528
s 80
f 426/481/529 431/470/530 425/482/531
f 425/482/531 431/470/530 429/469/532
s 81
f 428/483/533 427/484/534 432/472/535
f 432/472/535 427/484/534 430/471/536
s 80
f 433/485/537 434/473/538 426/481/529
f 426/481/529 434/473/538 431/470/530
s 81
f 436/486/539 428/483/533 435/474/540
f 435/474/540 428/483/533 432/472/535
s 80
f 437/487/541 425/482/531 438/488/542
f 438/488/542 425/482/531 429/469/532
s 78
f 439/489/543 438/488/544 430/471/519
f 430/471/519 438/488/544 429/469/517
s 81
f 440/490/545 439/489/546 427/484/534
f 427/484/534 439/489/546 430/471/536
s 79
f 437/491/547 440/492/548 425/475/523
f 425/475/523 440/492/548 427/476/524
s 82
f 439/493/549 440/492/550 438/494/551
f 438/494/551 440/492/550 437/491/552
s 83
f 434/495/553 433/479/554 435/496/555
f 435/496/555 433/479/554 436/480/556
s 84
f 445/497/557 446/498/558 447/499/559
f 447/499/559 446/498/558 448/500/560
f 447/499/559 448/500/560 450/501/561
f 450/501/561 448/500/560 451/502/562
s 85
f 441/503/563 442/504/564 443/505/565
f 443/505/565 442/504/564 444/506/566
f 442/504/564 449/507/567 444/506/566
f 444/506/566 449/507/567 452/508/568
s 86
f 445/497/569 447/499/570 441/509/571
f 441/509/571 447/499/570 442/510/572
s 87
f 444/511/573 448/500/574 443/512/575
f 443/512/575 448/500/574 446/498/576
s 86
f 447/499/570 450/501/577 442/510/572
f 442/510/572 450/501/577 449/513/578
s 87
f 448/500/574 444/511/573 451/502/579
f 451/502/579 444/511/573 452/514/580
s 86
f 445/497/569 441/509/571 454/515/581
f 454/515/581 441/509/571 453/516/582
s 84
f 455/517/583 446/498/558 454/515/584
f 454/515/584 446/498/558 445/497/557
s 87
f 446/498/576 455/517/585 443/512/575
f 443/512/575 455/517/585 456/518/586
s 85
f 453/519/587 441/503/563 456/520/588
f 456/520/588 441/503/563 443/505/565
s 88
f 455/521/589 454/522/590 456/520/591
f 456/520/591 454/522/590 453/519/592
s 89
f 450/523/593 451/524/594 449/507/595
f 449/507/595 451/524/594 452/508/596
s 90
f 461/525/597 463/526/598 462/527/599
f 462/527/599 463/526/598 464/528/600
f 463/526/598 466/529/601 464/528/600
f 464/528/600 466/529/601 467/530/602
s 91
f 457/531/603 459/532/604 458/533/605
f 458/533/605 459/532/604 460/534/606
f 458/533/605 460/534/606 465/535/607
f 465/535/607 460/534/606 468/536/608
s 92
f 458/537/609 463/526/610 457/538/611
f 457/538/611 463/526/610 461/525/612
s 93
f 460/539/613 459/540/614 464/528/615
f 464/528/615 459/540/614 462/527/616
s 92
f 465/541/617 466/529/618 458/537/609
f 458/537/609 466/529/618 463/526/610
s 93
f 468/542/619 460/539/613 467/530/620
f 467/530/620 460/539/613 464/528/615
s 92
f 469/543/621 457/538/611 470/544/622
f 470/544/622 457/538/611 461/525/612
s 90
f 471/545/623 470/544/624 462/527/599
f 462/527/599 470/544/624 461/525/597
s 93
f 472/546/625 471/545/626 459/540/614
f 459/540/614 471/545/626 462/527/616
s 91
f 469/547/627 472/548/628 457/531/603
f 457/531/603 472/548/628 459/532/604
s 94
f 471/549/629 472/548/630 470/550/631
f 470/550/631 472/548/630 469/547/632
s 95
f 466/551/633 465/535/634 467/552/635
f 467/552/635 465/535/634 468/536/636
s 96
f 481/553/637 483/554/638 482/555/639
f 482/555/639 483/554/638 484/556/640
f 483/554/638 485/557/641 484/556/640
f 484/556/640 485/557/641 486/558/642
f 485/557/641 487/559/643 486/558/642
f 486/558/642 487/559/643 488/560/644
s 97
f 473/561/645 477/562/646 474/563/647
f 474/563/647 477/562/646 478/564/648
f 474/563/647 478/564/648 475/565/649
f 475/565/649 478/564/648 479/566/650
f 475/565/649 479/566/650 476/567/651
f 476/567/651 479/566/650 480/568/652
s 98
f 474/563/653 483/569/654 473/561/655
f 473/561/655 483/569/654 481/570/656
s 99
f 478/564/657 477/562/658 484/571/659
f 484/571/659 477/562/658 482/572/660
s 98
f 474/563/653 475/565/661 483/569/654
f 483/569/654 475/565/661 485/573/662
s 99
f 478/564/657 484/571/659 479/566/663
f 479/566/663 484/571/659 486/574/664
s 98
f 475/565/661 476/567/665 485/573/662
f 485/573/662 476/567/665 487/575/666
s 99
f 479/566/663 486/574/664 480/568/667
f 480/568/667 486/574/664 488/576/668
s 96
f 477/562/669 473/561/670 482/577/639
f 482/577/639 473/561/670 481/578/637
f 495/579/671 496/580/672 497/581/673
f 497/581/673 496/580/672 498/582/674
f 497/581/673 498/582/674 499/583/675
f 499/583/675 498/582/674 500/584/676
f 499/583/675 500/584/676 487/559/643
f 487/559/643 500/584/676 488/560/644
s 97
f 489/585/677 490/586/678 492/587/679
f 492/587/679 490/586/678 493/588/680
f 490/586/678 491/589/681 493/588/680
f 493/588/680 491/589/681 494/590/682
f 491/589/681 476/567/651 494/590/682
f 494/590/682 476/567/651 480/568/652
s 98
f 495/591/683 497/592/684 489/585/685
f 489/585/685 497/592/684 490/586/686
s 99
f 493/588/687 498/593/688 492/587/689
f 492/587/689 498/593/688 496/594/690
s 98
f 490/586/686 497/592/684 491/589/691
f 491/589/691 497/592/684 499/595/692
s 99
f 500/596/693 498/593/688 494/590/694
f 494/590/694 498/593/688 493/588/687
s 98
f 491/589/691 499/595/692 476/567/665
f 476/567/665 499/595/692 487/575/666
s 99
f 488/576/668 500/596/693 480/568/667
f 480/568/667 500/596/693 494/590/694
s 96
f 492/587/695 496/597/672 489/585/696
f 489/585/696 496/597/672 495/598/671
s 104
f 501/599/697 513/600/698 502/601/699
f 502/601/699 513/600/698 514/602/700
f 502/601/699 514/602/700 503/603/701
f 503/603/701 514/602/700 515/604/702
f 503/603/701 515/604/702 504/605/703
f 504/605/703 515/604/702 516/606/704
f 504/605/703 516/606/704 505/607/705
f 505/607/705 516/606/704 517/608/706
f 505/607/705 517/608/706 506/609/707
f 506/609/707 517/608/706 518/610/708
f 506/609/707 518/610/708 507/611/709
f 507/611/709 518/610/708 519/612/710
f 507/611/709 519/612/710 508/613/711
f 508/613/711 519/612/710 520/614/712
f 508/613/711 520/614/712 509/615/713
f 509/615/713 520/614/712 521/616/714
f 509/615/713 521/616/714 510/617/715
f 510/617/715 521/616/714 522/618/716
f 510/617/715 522/618/716 511/619/717
f 511/619/717 522/618/716 523/620/718
f 511/619/717 523/620/718 512/621/719
f 512/621/719 523/620/718 524/622/720
f 512/623/719 524/624/720 501/599/697
f 501/599/697 524/624/720 513/600/698
s 105
f 502/625/721 526/626/722 501/627/723
f 501/627/723 526/626/722 525/628/724
s 106
f 503/629/725 527/630/726 502/625/727
f 502/625/727 527/630/726 526/626/728
s 107
f 528/631/729 527/630/730 504/632/731
f 504/632/731 527/630/730 503/629/732
s 108
f 529/633/733 528/631/734 505/634/735
f 505/634/735 528/631/734 504/632/736
s off
f 506/635/737 529/633/738 505/634/739
f 507/636/740 529/633/741 506/635/742
s 109
f 508/637/743 528/631/744 507/636/745
f 507/636/745 528/631/744 529/633/746
s 110
f 509/638/747 527/630/748 508/637/749
f 508/637/749 527/630/748 528/631/750
s 111
f 526/626/751 527/630/752 510/639/753
f 510/639/753 527/630/752 509/638/754
s 112
f 525/628/755 526/626/756 511/640/757
f 511/640/757 526/626/756 510/639/758
s off
f 512/641/759 525/628/760 511/640/761
f 501/627/762 525/628/763 512/641/764
s 113
f 530/642/765 531/643/766 513/644/767
f 513/644/767 531/643/766 514/645/768
s 114
f 531/643/769 532/646/770 514/645/771
f 514/645/771 532/646/770 515/647/772
s 115
f 515/647/773 532/646/774 516/648/775
f 516/648/775 532/646/774 533/649/776
s 116
f 516/648/777 533/649/778 517/650/779
f 517/650/779 533/649/778 534/651/780
s off
f 517/650/781 534/651/782 518/652/783
f 518/652/784 534/651/785 519/653/786
s 117
f 534/651/787 533/649/788 519/653/789
f 519/653/789 533/649/788 520/654/790
s 118
f 533/649/791 532/646/792 520/654/793
f 520/654/793 532/646/792 521/655/794
s 119
f 521/655/795 532/646/796 522/656/797
f 522/656/797 532/646/796 531/643/798
s 120
f 522/656/799 531/643/800 523/657/801
f 523/657/801 531/643/800 530/642/802
s off
f 523/657/803 530/642/804 524/658/805
f 524/658/806 530/642/807 513/644/808
s 121
f 556/659/809 555/660/810 549/661/811
f 549/661/811 555/660/810 537/662/812
s 122
f 557/663/813 553/664/814 549/661/815
f 549/661/815 553/664/814 538/665/816
s 121
f 535/666/817 556/659/809 538/665/818
f 538/665/818 556/659/809 549/661/811
f 535/666/817 538/665/818 541/667/819
f 541/667/819 538/665/818 540/668/820
f 535/666/817 541/667/819 536/669/821
f 536/669/821 541/667/819 542/670/822
f 544/671/823 545/672/824 543/673/825
f 543/673/825 545/672/824 546/674/826
f 545/672/824 547/675/827 546/674/826
f 546/674/826 547/675/827 548/676/828
s 122
f 551/677/829 550/678/830 543/673/831
f 543/673/831 550/678/830 544/671/832
f 538/665/816 553/664/814 540/668/833
f 540/668/833 553/664/814 552/679/834
s 121
f 536/669/821 554/680/835 535/666/817
f 535/666/817 554/680/835 556/659/809
s 122
f 539/681/836 557/663/813 549/661/815
s 121
f 549/661/811 537/662/812 539/681/837
f 556/659/809 554/680/835 555/660/810
s 122
f 558/682/838 559/683/839 564/684/840
f 564/684/840 559/683/839 565/685/841
s 121
f 558/682/842 561/686/843 559/683/844
f 559/683/844 561/686/843 560/687/845
f 561/686/843 563/688/846 560/687/845
f 560/687/845 563/688/846 562/689/847
f 541/667/819 540/668/820 560/687/845
f 560/687/845 540/668/820 559/683/844
f 542/670/822 541/667/819 562/689/847
f 562/689/847 541/667/819 560/687/845
f 561/686/843 558/682/842 546/674/826
f 546/674/826 558/682/842 543/673/825
f 563/688/846 561/686/843 548/676/828
f 548/676/828 561/686/843 546/674/826
s 122
f 558/682/838 564/684/840 543/673/831
f 543/673/831 564/684/840 551/677/829
f 540/668/833 552/679/834 559/683/839
f 559/683/839 552/679/834 565/685/841
s 128
f 575/690/848 574/691/849 555/692/850
f 555/692/850 574/691/849 537/693/851
s 129
f 567/694/852 553/695/853 574/691/854
f 574/691/854 553/695/853 557/696/855
s 128
f 574/691/849 575/690/848 567/694/856
f 567/694/856 575/690/848 566/697/857
f 566/697/857 569/698/858 567/694/856
f 567/694/856 569/698/858 568/699/859
f 566/697/857 536/700/860 569/698/858
f 569/698/858 536/700/860 542/701/861
f 573/702/862 572/703/863 570/704/864
f 570/704/864 572/703/863 571/705/865
f 548/706/866 547/707/867 573/702/862
f 573/702/862 547/707/867 572/703/863
s 129
f 551/708/868 570/704/869 550/709/870
f 550/709/870 570/704/869 571/705/871
f 567/694/852 568/699/872 553/695/853
f 553/695/853 568/699/872 552/710/873
s 128
f 575/690/848 554/711/874 566/697/857
f 566/697/857 554/711/874 536/700/860
s 129
f 539/712/875 574/691/854 557/696/855
s 128
f 574/691/849 539/712/876 537/693/851
f 575/690/848 555/692/850 554/711/874
s 129
f 576/713/877 564/714/878 577/715/879
f 577/715/879 564/714/878 565/716/880
s 128
f 578/717/881 579/718/882 577/715/883
f 577/715/883 579/718/882 576/713/884
f 562/719/885 563/720/886 578/717/881
f 578/717/881 563/720/886 579/718/882
f 569/698/858 578/717/881 568/699/859
f 568/699/859 578/717/881 577/715/883
f 542/701/861 562/719/885 569/698/858
f 569/698/858 562/719/885 578/717/881
f 579/718/882 573/702/862 576/713/884
f 576/713/884 573/702/862 570/704/864
f 563/720/886 548/706/866 579/718/882
f 579/718/882 548/706/866 573/702/862
s 129
f 576/713/877 570/704/869 564/714/878
f 564/714/878 570/704/869 551/708/868
f 568/699/872 577/715/879 552/710/873
f 552/710/873 577/715/879 565/716/880
s 134
f 580/721/887 581/722/888 583/723/889
f 583/723/889 581/722/888 582/724/890
f 584/725/891 586/726/892 585/727/893
f 585/727/893 586/726/892 587/728/894
f 586/726/892 588/729/895 587/728/894
f 587/728/894 588/729/895 589/730/896
f 583/723/889 582/724/890 590/731/897
f 590/731/897 582/724/890 584/725/891
f 584/725/891 585/727/893 590/731/897
f 590/731/897 585/727/893 591/732/898
f 592/733/899 593/734/900 580/721/887
f 580/721/887 593/734/900 581/722/888
f 582/724/890 581/722/888 594/735/901
f 594/735/901 581/722/888 593/734/900
f 584/725/891 582/724/890 595/736/902
f 595/736/902 582/724/890 594/735/901
f 586/726/892 584/725/891 596/737/903
f 596/737/903 584/725/891 595/736/902
f 597/738/904 588/729/895 596/737/903
f 596/737/903 588/729/895 586/726/892
f 598/739/905 588/729/895 597/738/904
f 589/730/896 588/729/895 599/740/906
f 599/740/906 588/729/895 598/739/905
f 600/741/907 589/742/896 599/743/906
f 587/744/908 589/742/896 601/745/909
f 601/745/909 589/742/896 600/741/907
f 585/746/910 587/744/908 602/747/911
f 602/747/911 587/744/908 601/745/909
f 603/748/912 591/749/913 602/747/911
f 602/747/911 591/749/913 585/746/910
f 594/735/901 604/750/914 595/736/902
f 595/736/902 604/750/914 605/751/915
f 595/736/902 605/751/915 596/737/903
f 596/737/903 605/751/915 606/752/916
f 596/737/903 606/752/916 597/738/904
f 597/738/904 606/752/916 607/753/917
f 597/738/904 607/753/917 598/739/905
f 598/739/905 607/753/917 608/754/918
f 608/755/918 609/756/919 598/739/905
f 598/739/905 609/756/919 599/740/906
f 609/757/919 610/758/920 599/743/906
f 599/743/906 610/758/920 600/741/907
f 610/758/920 611/759/921 600/741/907
f 600/741/907 611/759/921 601/745/909
f 611/759/921 612/760/922 601/745/909
f 601/745/909 612/760/922 602/747/911
f 602/747/911 612/760/922 603/748/912
f 603/748/912 612/760/922 613/761/923
f 580/721/887 583/723/889 614/762/924
f 614/762/924 583/723/889 615/763/925
f 619/764/926 618/765/927 617/766/928
f 617/766/928 618/765/927 616/767/929
f 621/768/930 620/769/931 619/764/926
f 619/764/926 620/769/931 618/765/927
f 583/723/889 590/731/897 615/763/925
f 615/763/925 590/731/897 616/767/929
f 591/732/898 617/766/928 590/731/897
f 590/731/897 617/766/928 616/767/929
f 592/733/899 580/721/887 622/770/932
f 622/770/932 580/721/887 614/762/924
f 622/770/932 614/762/924 623/771/933
f 623/771/933 614/762/924 615/763/925
f 623/771/933 615/763/925 624/772/934
f 624/772/934 615/763/925 616/767/929
f 624/772/934 616/767/929 625/773/935
f 625/773/935 616/767/929 618/765/927
f 626/774/936 625/773/935 620/769/931
f 620/769/931 625/773/935 618/765/927
f 627/775/937 626/774/936 620/769/931
f 627/775/937 620/769/931 628/776/938
f 628/776/938 620/769/931 621/768/930
f 629/777/939 628/778/938 621/779/930
f 629/777/939 621/779/930 630/780/940
f 630/780/940 621/779/930 619/781/941
f 630/780/940 619/781/941 631/782/942
f 631/782/942 619/781/941 617/783/943
f 603/748/912 631/782/942 591/749/913
f 591/749/913 631/782/942 617/783/943
f 623/771/933 624/772/934 632/784/944
f 632/784/944 624/772/934 633/785/945
f 624/772/934 625/773/935 633/785/945
f 633/785/945 625/773/935 634/786/946
f 625/773/935 626/774/936 634/786/946
f 634/786/946 626/774/936 635/787/947
f 626/774/936 627/775/937 635/787/947
f 635/787/947 627/775/937 636/788/948
f 628/776/938 637/789/949 627/775/937
f 627/775/937 637/789/949 636/790/948
f 629/777/939 638/791/950 628/778/938
f 628/778/938 638/791/950 637/792/949
f 630/780/940 639/793/951 629/777/939
f 629/777/939 639/793/951 638/791/950
f 631/782/942 640/794/952 630/780/940
f 630/780/940 640/794/952 639/793/951
f 631/782/942 603/748/912 640/794/952
f 640/794/952 603/748/912 613/761/923
s 141
f 642/795/953 655/796/954 641/797/955
f 641/797/955 655/796/954 656/798/956
f 642/795/953 643/799/957 655/796/954
f 655/796/954 643/799/957 654/800/958
f 654/800/958 643/799/957 659/801/959
f 659/801/959 643/799/957 644/802/960
f 645/803/961 658/804/962 644/802/960
f 644/802/960 658/804/962 659/801/959
f 645/803/961 646/805/963 658/804/962
f 658/804/962 646/805/963 657/806/964
f 647/807/965 648/808/966 653/809/967
f 648/808/966 649/810/968 653/809/967
f 653/809/967 649/810/968 650/811/969
f 650/811/969 651/812/970 653/809/967
f 651/812/970 652/813/971 653/809/967
f 650/814/969 649/815/968 659/801/959
f 659/801/959 649/815/968 654/800/958
f 655/796/954 654/800/958 648/816/966
f 648/816/966 654/800/958 649/815/968
f 656/798/956 655/796/954 647/817/965
f 647/817/965 655/796/954 648/816/966
f 657/806/964 652/818/971 658/804/962
f 658/804/962 652/818/971 651/819/970
f 658/804/962 651/819/970 659/801/959
f 659/801/959 651/819/970 650/814/969
f 641/797/955 660/820/972 642/795/953
f 642/795/953 660/820/972 661/821/973
f 642/795/953 661/821/973 643/799/957
f 643/799/957 661/821/973 662/822/974
f 662/822/974 663/823/975 643/799/957
f 643/799/957 663/823/975 644/802/960
f 645/803/961 644/802/960 664/824/976
f 664/824/976 644/802/960 663/823/975
f 646/805/963 645/803/961 665/825/977
f 665/825/977 645/803/961 664/824/976
s 144
f 666/826/978 669/827/979 667/828/980
f 667/828/980 669/827/979 668/829/981
f 673/830/982 672/831/983 671/832/984
f 671/832/984 672/831/983 670/833/985
f 675/834/986 674/835/987 673/830/982
f 673/830/982 674/835/987 672/831/983
f 669/827/979 676/836/988 668/829/981
f 668/829/981 676/836/988 670/833/985
f 677/837/989 671/832/984 676/836/988
f 676/836/988 671/832/984 670/833/985
f 678/838/990 666/826/978 679/839/991
f 679/839/991 666/826/978 667/828/980
f 679/839/991 667/828/980 680/840/992
f 680/840/992 667/828/980 668/829/981
f 680/840/992 668/829/981 681/841/993
f 681/841/993 668/829/981 670/833/985
f 681/841/993 670/833/985 682/842/994
f 682/842/994 670/833/985 672/831/983
f 683/843/995 682/842/994 674/835/987
f 674/835/987 682/842/994 672/831/983
f 684/844/996 683/843/995 674/835/987
f 684/844/996 674/835/987 685/845/997
f 685/845/997 674/835/987 675/834/986
f 686/846/998 685/847/997 675/848/986
f 686/846/998 675/848/986 687/849/999
f 687/849/999 675/848/986 673/850/1000
f 687/849/999 673/850/1000 688/851/1001
f 688/851/1001 673/850/1000 671/852/1002
f 689/853/1003 688/851/1001 677/854/1004
f 677/854/1004 688/851/1001 671/852/1002
f 680/840/992 681/841/993 604/855/1005
f 604/855/1005 681/841/993 605/856/1006
f 681/841/993 682/842/994 605/856/1006
f 605/856/1006 682/842/994 606/857/1007
f 682/842/994 683/843/995 606/857/1007
f 606/857/1007 683/843/995 607/858/1008
f 683/843/995 684/844/996 607/858/1008
f 607/858/1008 684/844/996 608/859/1009
f 685/845/997 609/860/1010 684/844/996
f 684/844/996 609/860/1010 608/861/1009
f 686/846/998 610/862/1011 685/847/997
f 685/847/997 610/862/1011 609/863/1010
f 687/849/999 611/864/1012 686/846/998
f 686/846/998 611/864/1012 610/862/1011
f 688/851/1001 612/865/1013 687/849/999
f 687/849/999 612/865/1013 611/864/1012
f 688/851/1001 689/853/1003 612/865/1013
f 612/865/1013 689/853/1003 613/866/1014
f 666/826/978 690/867/1015 669/827/979
f 669/827/979 690/867/1015 691/868/1016
f 692/869/1017 694/870/1018 693/871/1019
f 693/871/1019 694/870/1018 695/872/1020
f 694/870/1018 696/873/1021 695/872/1020
f 695/872/1020 696/873/1021 697/874/1022
f 669/827/979 691/868/1016 676/836/988
f 676/836/988 691/868/1016 692/869/1017
f 692/869/1017 693/871/1019 676/836/988
f 676/836/988 693/871/1019 677/837/989
f 678/838/990 698/875/1023 666/826/978
f 666/826/978 698/875/1023 690/867/1015
f 691/868/1016 690/867/1015 699/876/1024
f 699/876/1024 690/867/1015 698/875/1023
f 692/869/1017 691/868/1016 700/877/1025
f 700/877/1025 691/868/1016 699/876/1024
f 694/870/1018 692/869/1017 701/878/1026
f 701/878/1026 692/869/1017 700/877/1025
f 702/879/1027 696/873/1021 701/878/1026
f 701/878/1026 696/873/1021 694/870/1018
f 703/880/1028 696/873/1021 702/879/1027
f 697/874/1022 696/873/1021 704/881/1029
f 704/881/1029 696/873/1021 703/880/1028
f 705/882/1030 697/883/1022 704/884/1029
f 695/885/1031 697/883/1022 706/886/1032
f 706/886/1032 697/883/1022 705/882/1030
f 693/887/1033 695/885/1031 707/888/1034
f 707/888/1034 695/885/1031 706/886/1032
f 689/853/1003 677/854/1004 707/888/1034
f 707/888/1034 677/854/1004 693/887/1033
f 699/876/1024 632/889/1035 700/877/1025
f 700/877/1025 632/889/1035 633/890/1036
f 700/877/1025 633/890/1036 701/878/1026
f 701/878/1026 633/890/1036 634/891/1037
f 701/878/1026 634/891/1037 702/879/1027
f 702/879/1027 634/891/1037 635/892/1038
f 702/879/1027 635/892/1038 703/880/1028
f 703/880/1028 635/892/1038 636/893/1039
f 636/894/1039 637/895/1040 703/880/1028
f 703/880/1028 637/895/1040 704/881/1029
f 637/896/1040 638/897/1041 704/884/1029
f 704/884/1029 638/897/1041 705/882/1030
f 638/897/1041 639/898/1042 705/882/1030
f 705/882/1030 639/898/1042 706/886/1032
f 639/898/1042 640/899/1043 706/886/1032
f 706/886/1032 640/899/1043 707/888/1034
f 707/888/1034 640/899/1043 689/853/1003
f 689/853/1003 640/899/1043 613/866/1014
s 152
f 656/900/1044 717/901/1045 641/902/1046
f 641/902/1046 717/901/1045 708/903/1047
f 708/903/1047 717/901/1045 709/904/1048
f 709/904/1048 717/901/1045 716/905/1049
f 716/905/1049 719/906/1050 709/904/1048
f 709/904/1048 719/906/1050 710/907/1051
f 719/906/1050 718/908/1052 710/907/1051
f 710/907/1051 718/908/1052 711/909/1053
f 711/909/1053 718/908/1052 646/910/1054
f 646/910/1054 718/908/1052 657/911/1055
f 647/912/1056 653/913/1057 712/914/1058
f 712/914/1058 653/913/1057 713/915/1059
f 653/913/1057 714/916/1060 713/915/1059
f 714/916/1060 653/913/1057 715/917/1061
f 715/917/1061 653/913/1057 652/918/1062
f 714/919/1060 719/906/1050 713/920/1059
f 713/920/1059 719/906/1050 716/905/1049
f 717/901/1045 712/921/1058 716/905/1049
f 716/905/1049 712/921/1058 713/920/1059
f 656/900/1044 647/922/1056 717/901/1045
f 717/901/1045 647/922/1056 712/921/1058
f 715/923/1061 652/924/1062 718/908/1052
f 718/908/1052 652/924/1062 657/911/1055
f 714/919/1060 715/923/1061 719/906/1050
f 719/906/1050 715/923/1061 718/908/1052
f 720/925/1063 660/926/1064 708/903/1047
f 708/903/1047 660/926/1064 641/902/1046
f 721/927/1065 720/925/1063 709/904/1048
f 709/904/1048 720/925/1063 708/903/1047
f 721/927/1065 709/904/1048 722/928/1066
f 722/928/1066 709/904/1048 710/907/1051
f 711/909/1053 723/929/1067 710/907/1051
f 710/907/1051 723/929/1067 722/928/1066
f 646/910/1054 665/930/1068 711/909/1053
f 711/909/1053 665/930/1068 723/929/1067
s 154
f 724/931/1069 779/932/1070 725/933/1071
f 725/933/1071 779/932/1070 778/934/1072
f 725/933/1071 778/934/1072 726/935/1073
f 726/935/1073 778/934/1072 777/936/1074
f 726/935/1073 777/936/1074 727/937/1075
f 727/937/1075 777/936/1074 776/938/1076
f 776/938/1076 775/939/1077 727/937/1075
f 727/937/1075 775/939/1077 728/940/1078
f 775/939/1077 774/941/1079 728/940/1078
f 728/940/1078 774/941/1079 729/942/1080
f 774/941/1079 773/943/1081 729/942/1080
f 729/942/1080 773/943/1081 730/944/1082
f 757/945/1083 756/946/1084 739/947/1085
f 739/947/1085 756/946/1084 738/948/1086
f 758/949/1087 757/945/1083 740/950/1088
f 740/950/1088 757/945/1083 739/947/1085
f 752/951/1089 758/949/1087 741/952/1090
f 741/952/1090 758/949/1087 740/950/1088
f 742/953/1091 753/954/1092 741/952/1090
f 741/952/1090 753/954/1092 752/951/1089
f 743/955/1093 754/956/1094 742/953/1091
f 742/953/1091 754/956/1094 753/954/1092
f 744/957/1095 755/958/1096 743/955/1093
f 743/955/1093 755/958/1096 754/956/1094
f 733/959/1097 734/960/1098 753/954/1092
f 753/954/1092 734/960/1098 752/951/1089
f 732/961/1099 733/959/1097 754/956/1094
f 754/956/1094 733/959/1097 753/954/1092
f 731/962/1100 732/961/1099 755/958/1096
f 755/958/1096 732/961/1099 754/956/1094
f 757/945/1083 736/963/1101 756/946/1084
f 756/946/1084 736/963/1101 737/964/1102
f 758/949/1087 735/965/1103 757/945/1083
f 757/945/1083 735/965/1103 736/963/1101
f 752/951/1089 734/960/1098 758/949/1087
f 758/949/1087 734/960/1098 735/965/1103
f 759/966/1104 772/967/1105 760/968/1106
f 760/968/1106 772/967/1105 771/969/1107
f 760/968/1106 761/970/1108 759/966/1104
f 759/966/1104 761/970/1108 762/971/1109
f 761/970/1108 763/972/1110 762/971/1109
f 762/971/1109 763/972/1110 764/973/1111
f 763/972/1110 765/974/1112 764/973/1111
f 764/973/1111 765/974/1112 766/975/1113
f 765/974/1112 767/976/1114 766/975/1113
f 766/975/1113 767/976/1114 768/977/1115
f 769/978/1116 771/969/1107 770/979/1117
f 770/979/1117 771/969/1107 772/967/1105
f 771/969/1107 769/978/1116 746/980/1118
f 746/980/1118 769/978/1116 745/981/1119
f 760/968/1106 771/969/1107 747/982/1120
f 747/982/1120 771/969/1107 746/980/1118
f 761/970/1108 760/968/1106 748/983/1121
f 748/983/1121 760/968/1106 747/982/1120
f 749/984/1122 763/972/1110 748/983/1121
f 748/983/1121 763/972/1110 761/970/1108
f 750/985/1123 765/974/1112 749/984/1122
f 749/984/1122 765/974/1112 763/972/1110
f 751/986/1124 767/976/1114 750/985/1123
f 750/985/1123 767/976/1114 765/974/1112
f 762/971/1109 741/952/1090 759/966/1104
f 759/966/1104 741/952/1090 740/950/1088
f 742/953/1091 741/952/1090 764/973/1111
f 764/973/1111 741/952/1090 762/971/1109
f 743/955/1093 742/953/1091 766/975/1113
f 766/975/1113 742/953/1091 764/973/1111
f 744/957/1095 743/955/1093 768/977/1115
f 768/977/1115 743/955/1093 766/975/1113
f 772/967/1105 739/947/1085 770/979/1117
f 770/979/1117 739/947/1085 738/948/1086
f 759/966/1104 740/950/1088 772/967/1105
f 772/967/1105 740/950/1088 739/947/1085
f 774/941/1079 746/980/1118 773/943/1081
f 773/943/1081 746/980/1118 745/981/1119
f 775/939/1077 747/982/1120 774/941/1079
f 774/941/1079 747/982/1120 746/980/1118
f 776/938/1076 748/983/1121 775/939/1077
f 775/939/1077 748/983/1121 747/982/1120
f 749/984/1122 748/983/1121 777/936/1074
f 777/936/1074 748/983/1121 776/938/1076
f 750/985/1123 749/984/1122 778/934/1072
f 778/934/1072 749/984/1122 777/936/1074
f 751/986/1124 750/985/1123 779/932/1070
f 779/932/1070 750/985/1123 778/934/1072
s 162
f 724/987/1125 780/988/1126 779/989/1127
f 779/989/1127 780/988/1126 819/990/1128
f 780/988/1126 781/991/1129 819/990/1128
f 819/990/1128 781/991/1129 818/992/1130
f 781/991/1129 782/993/1131 818/992/1130
f 818/992/1130 782/993/1131 817/994/1132
f 783/995/1133 816/996/1134 782/993/1131
f 782/993/1131 816/996/1134 817/994/1132
f 784/997/1135 815/998/1136 783/995/1133
f 783/995/1133 815/998/1136 816/996/1134
f 730/999/1137 773/1000/1138 784/997/1135
f 784/997/1135 773/1000/1138 815/998/1136
f 738/1001/1139 756/1002/1140 790/1003/1141
f 790/1003/1141 756/1002/1140 803/1004/1142
f 790/1003/1141 803/1004/1142 791/1005/1143
f 791/1005/1143 803/1004/1142 804/1006/1144
f 791/1005/1143 804/1006/1144 792/1007/1145
f 792/1007/1145 804/1006/1144 800/1008/1146
f 793/1009/1147 792/1007/1145 801/1010/1148
f 801/1010/1148 792/1007/1145 800/1008/1146
f 794/1011/1149 793/1009/1147 802/1012/1150
f 802/1012/1150 793/1009/1147 801/1010/1148
f 744/1013/1151 794/1011/1149 755/1014/1152
f 755/1014/1152 794/1011/1149 802/1012/1150
f 800/1008/1146 787/1015/1153 801/1010/1148
f 801/1010/1148 787/1015/1153 786/1016/1154
f 801/1010/1148 786/1016/1154 802/1012/1150
f 802/1012/1150 786/1016/1154 785/1017/1155
f 802/1012/1150 785/1017/1155 755/1014/1152
f 755/1014/1152 785/1017/1155 731/1018/1156
f 803/1004/1142 756/1002/1140 789/1019/1157
f 789/1019/1157 756/1002/1140 737/1020/1158
f 804/1006/1144 803/1004/1142 788/1021/1159
f 788/1021/1159 803/1004/1142 789/1019/1157
f 800/1008/1146 804/1006/1144 787/1015/1153
f 787/1015/1153 804/1006/1144 788/1021/1159
f 805/1022/1160 806/1023/1161 814/1024/1162
f 814/1024/1162 806/1023/1161 813/1025/1163
f 806/1023/1161 805/1022/1160 807/1026/1164
f 807/1026/1164 805/1022/1160 808/1027/1165
f 807/1026/1164 808/1027/1165 809/1028/1166
f 809/1028/1166 808/1027/1165 810/1029/1167
f 809/1028/1166 810/1029/1167 811/1030/1168
f 811/1030/1168 810/1029/1167 812/1031/1169
f 811/1030/1168 812/1031/1169 767/1032/1170
f 767/1032/1170 812/1031/1169 768/1033/1171
f 769/1034/1172 770/1035/1173 813/1025/1163
f 813/1025/1163 770/1035/1173 814/1024/1162
f 745/1036/1174 769/1034/1172 795/1037/1175
f 795/1037/1175 769/1034/1172 813/1025/1163
f 795/1037/1175 813/1025/1163 796/1038/1176
f 796/1038/1176 813/1025/1163 806/1023/1161
f 796/1038/1176 806/1023/1161 797/1039/1177
f 797/1039/1177 806/1023/1161 807/1026/1164
f 798/1040/1178 797/1039/1177 809/1028/1166
f 809/1028/1166 797/1039/1177 807/1026/1164
f 799/1041/1179 798/1040/1178 811/1030/1168
f 811/1030/1168 798/1040/1178 809/1028/1166
f 751/1042/1180 799/1041/1179 767/1032/1170
f 767/1032/1170 799/1041/1179 811/1030/1168
f 808/1027/1165 805/1022/1160 792/1007/1145
f 792/1007/1145 805/1022/1160 791/1005/1143
f 808/1027/1165 792/1007/1145 810/1029/1167
f 810/1029/1167 792/1007/1145 793/1009/1147
f 810/1029/1167 793/1009/1147 812/1031/1169
f 812/1031/1169 793/1009/1147 794/1011/1149
f 812/1031/1169 794/1011/1149 768/1033/1171
f 768/1033/1171 794/1011/1149 744/1013/1151
f 814/1024/1162 770/1035/1173 790/1003/1141
f 790/1003/1141 770/1035/1173 738/1001/1139
f 805/1022/1160 814/1024/1162 791/1005/1143
f 791/1005/1143 814/1024/1162 790/1003/1141
f 815/998/1136 773/1000/1138 795/1037/1175
f 795/1037/1175 773/1000/1138 745/1036/1174
f 816/996/1134 815/998/1136 796/1038/1176
f 796/1038/1176 815/998/1136 795/1037/1175
f 817/994/1132 816/996/1134 797/1039/1177
f 797/1039/1177 816/996/1134 796/1038/1176
f 817/994/1132 797/1039/1177 818/992/1130
f 818/992/1130 797/1039/1177 798/1040/1178
f 818/992/1130 798/1040/1178 819/990/1128
f 819/990/1128 798/1040/1178 799/1041/1179
f 819/990/1128 799/1041/1179 779/989/1127
f 779/989/1127 799/1041/1179 751/1042/1180
s 173
f 845/1043/1181 846/1044/1182 844/1045/1183
f 844/1045/1183 846/1044/1182 847/1046/1184
f 848/1047/1185 849/1048/1186 845/1043/1181
f 845/1043/1181 849/1048/1186 846/1044/1182
f 848/1047/1185 850/1049/1187 849/1048/1186
f 849/1048/1186 850/1049/1187 851/1050/1188
f 850/1049/1187 852/1051/1189 851/1050/1188
f 851/1050/1188 852/1051/1189 853/1052/1190
f 852/1051/1189 854/1053/1191 853/1052/1190
f 853/1052/1190 854/1053/1191 855/1054/1192
f 856/1055/1193 857/1056/1194 854/1053/1191
f 854/1053/1191 857/1056/1194 855/1054/1192
f 858/1057/1195 859/1058/1196 856/1055/1193
f 856/1055/1193 859/1058/1196 857/1056/1194
f 860/1059/1197 861/1060/1198 858/1057/1195
f 858/1057/1195 861/1060/1198 859/1058/1196
f 860/1059/1197 862/1061/1199 861/1060/1198
f 861/1060/1198 862/1061/1199 863/1062/1200
f 862/1061/1199 864/1063/1201 863/1062/1200
f 863/1062/1200 864/1063/1201 865/1064/1202
f 864/1063/1201 866/1065/1203 865/1064/1202
f 865/1064/1202 866/1065/1203 867/1066/1204
f 844/1045/1183 847/1046/1184 866/1065/1203
f 866/1065/1203 847/1046/1184 867/1066/1204
s 178
f 820/1067/1205 832/1068/1206 821/1069/1207
f 821/1069/1207 832/1068/1206 833/1070/1208
f 821/1069/1207 833/1070/1208 822/1071/1209
f 822/1071/1209 833/1070/1208 834/1072/1210
f 834/1072/1210 835/1073/1211 822/1071/1209
f 822/1071/1209 835/1073/1211 823/1074/1212
f 835/1073/1211 836/1075/1213 823/1074/1212
f 823/1074/1212 836/1075/1213 824/1076/1214
f 836/1075/1213 837/1077/1215 824/1076/1214
f 824/1076/1214 837/1077/1215 825/1078/1216
f 825/1078/1216 837/1077/1215 826/1079/1217
f 826/1079/1217 837/1077/1215 838/1080/1218
f 826/1079/1217 838/1080/1218 827/1081/1219
f 827/1081/1219 838/1080/1218 839/1082/1220
f 827/1081/1219 839/1082/1220 828/1083/1221
f 828/1083/1221 839/1082/1220 840/1084/1222
f 840/1084/1222 841/1085/1223 828/1083/1221
f 828/1083/1221 841/1085/1223 829/1086/1224
f 841/1085/1223 842/1087/1225 829/1086/1224
f 829/1086/1224 842/1087/1225 830/1088/1226
f 842/1087/1225 843/1089/1227 830/1088/1226
f 830/1088/1226 843/1089/1227 831/1090/1228
f 831/1090/1228 843/1089/1227 820/1067/1205
f 820/1067/1205 843/1089/1227 832/1068/1206
s 179
f 832/1068/1229 847/1046/1230 833/1070/1231
f 833/1070/1231 847/1046/1230 846/1044/1232
f 833/1070/1231 846/1044/1232 834/1072/1233
f 834/1072/1233 846/1044/1232 849/1048/1234
f 835/1073/1235 834/1072/1233 851/1050/1236
f 851/1050/1236 834/1072/1233 849/1048/1234
f 836/1075/1237 835/1073/1235 853/1052/1238
f 853/1052/1238 835/1073/1235 851/1050/1236
f 837/1077/1239 836/1075/1237 855/1054/1240
f 855/1054/1240 836/1075/1237 853/1052/1238
f 837/1077/1239 855/1054/1240 838/1080/1241
f 838/1080/1241 855/1054/1240 857/1056/1242
f 838/1080/1241 857/1056/1242 839/1082/1243
f 839/1082/1243 857/1056/1242 859/1058/1244
f 839/1082/1243 859/1058/1244 840/1084/1245
f 840/1084/1245 859/1058/1244 861/1060/1246
f 841/1085/1247 840/1084/1245 863/1062/1248
f 863/1062/1248 840/1084/1245 861/1060/1246
f 842/1087/1249 841/1085/1247 865/1064/1250
f 865/1064/1250 841/1085/1247 863/1062/1248
f 843/1089/1251 842/1087/1249 867/1066/1252
f 867/1066/1252 842/1087/1249 865/1064/1250
f 843/1089/1251 867/1066/1252 832/1068/1229
f 832/1068/1229 867/1066/1252 847/1046/1230
s 180
f 893/1091/1253 894/1092/1254 892/1093/1255
f 892/1093/1255 894/1092/1254 895/1094/1256
f 896/1095/1257 897/1096/1258 893/1091/1253
f 893/1091/1253 897/1096/1258 894/1092/1254
f 896/1095/1257 898/1097/1259 897/1096/1258
f 897/1096/1258 898/1097/1259 899/1098/1260
f 898/1097/1259 900/1099/1261 899/1098/1260
f 899/1098/1260 900/1099/1261 901/1100/1262
f 900/1099/1261 902/1101/1263 901/1100/1262
f 901/1100/1262 902/1101/1263 903/1102/1264
f 904/1103/1265 905/1104/1266 902/1101/1263
f 902/1101/1263 905/1104/1266 903/1102/1264
f 906/1105/1267 907/1106/1268 904/1103/1265
f 904/1103/1265 907/1106/1268 905/1104/1266
f 908/1107/1269 909/1108/1270 906/1105/1267
f 906/1105/1267 909/1108/1270 907/1106/1268
f 908/1107/1269 910/1109/1271 909/1108/1270
f 909/1108/1270 910/1109/1271 911/1110/1272
f 910/1109/1271 912/1111/1273 911/1110/1272
f 911/1110/1272 912/1111/1273 913/1112/1274
f 912/1111/1273 914/1113/1275 913/1112/1274
f 913/1112/1274 914/1113/1275 915/1114/1276
f 892/1093/1255 895/1094/1256 914/1113/1275
f 914/1113/1275 895/1094/1256 915/1114/1276
s 185
f 868/1115/1277 880/1116/1278 869/1117/1279
f 869/1117/1279 880/1116/1278 881/1118/1280
f 869/1117/1279 881/1118/1280 870/1119/1281
f 870/1119/1281 881/1118/1280 882/1120/1282
f 882/1120/1282 883/1121/1283 870/1119/1281
f 870/1119/1281 883/1121/1283 871/1122/1284
f 883/1121/1283 884/1123/1285 871/1122/1284
f 871/1122/1284 884/1123/1285 872/1124/1286
f 884/1123/1285 885/1125/1287 872/1124/1286
f 872/1124/1286 885/1125/1287 873/1126/1288
f 873/1126/1288 885/1125/1287 874/1127/1289
f 874/1127/1289 885/1125/1287 886/1128/1290
f 874/1127/1289 886/1128/1290 875/1129/1291
f 875/1129/1291 886/1128/1290 887/1130/1292
f 875/1129/1291 887/1130/1292 876/1131/1293
f 876/1131/1293 887/1130/1292 888/1132/1294
f 888/1132/1294 889/1133/1295 876/1131/1293
f 876/1131/1293 889/1133/1295 877/1134/1296
f 889/1133/1295 890/1135/1297 877/1134/1296
f 877/1134/1296 890/1135/1297 878/1136/1298
f 890/1135/1297 891/1137/1299 878/1136/1298
f 878/1136/1298 891/1137/1299 879/1138/1300
f 879/1138/1300 891/1137/1299 868/1115/1277
f 868/1115/1277 891/1137/1299 880/1116/1278
s 186
f 880/1116/1301 895/1094/1302 881/1118/1303
f 881/1118/1303 895/1094/1302 894/1092/1304
f 881/1118/1303 894/1092/1304 882/1120/1305
f 882/1120/1305 894/1092/1304 897/1096/1306
f 883/1121/1307 882/1120/1305 899/1098/1308
f 899/1098/1308 882/1120/1305 897/1096/1306
f 884/1123/1309 883/1121/1307 901/1100/1310
f 901/1100/1310 883/1121/1307 899/1098/1308
f 885/1125/1311 884/1123/1309 903/1102/1312
f 903/1102/1312 884/1123/1309 901/1100/1310
f 885/1125/1311 903/1102/1312 886/1128/1313
f 886/1128/1313 903/1102/1312 905/1104/1314
f 886/1128/1313 905/1104/1314 887/1130/1315
f 887/1130/1315 905/1104/1314 907/1106/1316
f 887/1130/1315 907/1106/1316 888/1132/1317
f 888/1132/1317 907/1106/1316 909/1108/1318
f 889/1133/1319 888/1132/1317 911/1110/1320
f 911/1110/1320 888/1132/1317 909/1108/1318
f 890/1135/1321 889/1133/1319 913/1112/1322
f 913/1112/1322 889/1133/1319 911/1110/1320
f 891/1137/1323 890/1135/1321 915/1114/1324
f 915/1114/1324 890/1135/1321 913/1112/1322
f 891/1137/1323 915/1114/1324 880/1116/1301
f 880/1116/1301 915/1114/1324 895/1094/1302
s 187
f 916/1139/1325 919/1140/1326 917/1141/1327
f 917/1141/1327 919/1140/1326 920/1142/1328
f 917/1141/1327 920/1142/1328 918/1143/1329
f 918/1143/1329 920/1142/1328 921/1144/1330
f 919/1140/1326 922/1145/1331 920/1142/1328
f 920/1142/1328 922/1145/1331 923/1146/1332
f 920/1142/1328 923/1146/1332 921/1144/1330
f 921/1144/1330 923/1146/1332 924/1147/1333
s 188
f 925/1148/1334 926/1149/1335 928/1150/1336
f 928/1150/1336 926/1149/1335 929/1151/1337
f 926/1149/1335 927/1152/1338 929/1151/1337
f 929/1151/1337 927/1152/1338 930/1153/1339
f 928/1150/1336 929/1151/1337 931/1154/1340
f 931/1154/1340 929/1151/1337 932/1155/1341
f 929/1151/1337 930/1153/1339 932/1155/1341
f 932/1155/1341 930/1153/1339 933/1156/1342
s 189
f 934/1157/1343 935/1158/1344 937/1159/1345
f 937/1159/1345 935/1158/1344 938/1160/1346
f 935/1158/1344 936/1161/1347 938/1160/1346
f 938/1160/1346 936/1161/1347 939/1162/1348
f 937/1159/1345 938/1160/1346 940/1163/1349
f 940/1163/1349 938/1160/1346 941/1164/1350
f 938/1160/1346 939/1162/1348 941/1164/1350
f 941/1164/1350 939/1162/1348 942/1165/1351
s 190
f 943/1166/1352 946/1167/1353 944/1168/1354
f 944/1168/1354 946/1167/1353 947/1169/1355
f 944/1168/1354 947/1169/1355 945/1170/1356
f 945/1170/1356 947/1169/1355 948/1171/1357
f 946/1167/1353 949/1172/1358 947/1169/1355
f 947/1169/1355 949/1172/1358 950/1173/1359
f 947/1169/1355 950/1173/1359 948/1171/1357
f 948/1171/1357 950/1173/1359 951/1174/1360
s 191
f 952/1175/1361 953/1176/1362 955/1177/1363
f 955/1177/1363 953/1176/1362 956/1178/1364
f 953/1176/1362 954/1179/1365 956/1178/1364
f 956/1178/1364 954/1179/1365 957/1180/1366
f 955/1177/1363 956/1178/1364 958/1181/1367
f 958/1181/1367 956/1178/1364 959/1182/1368
f 956/1178/1364 957/1180/1366 959/1182/1368
f 959/1182/1368 957/1180/1366 960/1183/1369
s 192
f 961/1184/1370 964/1185/1371 962/1186/1372
f 962/1186/1372 964/1185/1371 965/1187/1373
f 962/1186/1372 965/1187/1373 963/1188/1374
f 963/1188/1374 965/1187/1373 966/1189/1375
f 964/1185/1371 967/1190/1376 965/1187/1373
f 965/1187/1373 967/1190/1376 968/1191/1377
f 965/1187/1373 968/1191/1377 966/1189/1375
f 966/1189/1375 968/1191/1377 969/1192/1378
s 193
f 970/1193/1379 971/1194/1380 973/1195/1381
f 973/1195/1381 971/1194/1380 974/1196/1382
f 971/1194/1380 972/1197/1383 974/1196/1382
f 974/1196/1382 972/1197/1383 975/1198/1384
f 973/1195/1381 974/1196/1382 976/1199/1385
f 976/1199/1385 974/1196/1382 977/1200/1386
f 974/1196/1382 975/1198/1384 977/1200/1386
f 977/1200/1386 975/1198/1384 978/1201/1387
s 194
f 979/1202/1388 982/1203/1389 980/1204/1390
f 980/1204/1390 982/1203/1389 983/1205/1391
f 980/1204/1390 983/1205/1391 981/1206/1392
f 981/1206/1392 983/1205/1391 984/1207/1393
f 982/1203/1389 985/1208/1394 983/1205/1391
f 983/1205/1391 985/1208/1394 986/1209/1395
f 983/1205/1391 986/1209/1395 984/1207/1393
f 984/1207/1393 986/1209/1395 987/1210/1396
s 195
f 1005/1211/1397 1002/1212/1398 1004/1213/1399
f 1004/1213/1399 1002/1212/1398 990/1214/1400
f 1002/1212/1398 1005/1211/1397 991/1215/1401
f 991/1215/1401 1005/1211/1397 988/1216/1402
f 988/1216/1402 994/1217/1403 991/1215/1401
f 991/1215/1401 994/1217/1403 993/1218/1404
f 988/1216/1402 989/1219/1405 994/1217/1403
f 994/1217/1403 989/1219/1405 995/1220/1406
f 999/1221/1407 998/1222/1408 996/1223/1409
f 996/1223/1409 998/1222/1408 997/1224/1410
f 1001/1225/1411 1000/1226/1412 999/1221/1407
f 999/1221/1407 1000/1226/1412 998/1222/1408
f 1005/1211/1397 1003/1227/1413 988/1216/1402
f 988/1216/1402 1003/1227/1413 989/1219/1405
f 1002/1212/1398 992/1228/1414 990/1214/1400
f 1005/1211/1397 1004/1213/1399 1003/1227/1413
f 1008/1229/1415 1009/1230/1416 1007/1231/1417
f 1007/1231/1417 1009/1230/1416 1006/1232/1418
f 1010/1233/1419 1011/1234/1420 1008/1229/1415
f 1008/1229/1415 1011/1234/1420 1009/1230/1416
f 994/1217/1403 1008/1229/1415 993/1218/1404
f 993/1218/1404 1008/1229/1415 1007/1231/1417
f 995/1220/1406 1010/1233/1419 994/1217/1403
f 994/1217/1403 1010/1233/1419 1008/1229/1415
f 1009/1230/1416 999/1221/1407 1006/1232/1418
f 1006/1232/1418 999/1221/1407 996/1223/1409
f 1011/1234/1420 1001/1225/1411 1009/1230/1416
f 1009/1230/1416 1001/1225/1411 999/1221/1407
s 198
f 1021/1235/1421 1004/1236/1422 1020/1237/1423
f 1020/1237/1423 1004/1236/1422 990/1238/1424
f 1012/1239/1425 1021/1235/1421 1013/1240/1426
f 1013/1240/1426 1021/1235/1421 1020/1237/1423
f 1012/1239/1425 1013/1240/1426 1015/1241/1427
f 1015/1241/1427 1013/1240/1426 1014/1242/1428
f 1012/1239/1425 1015/1241/1427 989/1243/1429
f 989/1243/1429 1015/1241/1427 995/1244/1430
f 1017/1245/1431 1018/1246/1432 1016/1247/1433
f 1016/1247/1433 1018/1246/1432 1019/1248/1434
f 1018/1246/1432 1000/1249/1435 1019/1248/1434
f 1019/1248/1434 1000/1249/1435 1001/1250/1436
f 989/1243/1429 1003/1251/1437 1012/1239/1425
f 1012/1239/1425 1003/1251/1437 1021/1235/1421
f 1020/1237/1423 990/1238/1424 992/1252/1438
f 1021/1235/1421 1003/1251/1437 1004/1236/1422
f 1022/1253/1439 1025/1254/1440 1023/1255/1441
f 1023/1255/1441 1025/1254/1440 1024/1256/1442
f 1025/1254/1440 1011/1257/1443 1024/1256/1442
f 1024/1256/1442 1011/1257/1443 1010/1258/1444
f 1015/1241/1427 1014/1242/1428 1024/1256/1442
f 1024/1256/1442 1014/1242/1428 1023/1255/1441
f 995/1244/1430 1015/1241/1427 1010/1258/1444
f 1010/1258/1444 1015/1241/1427 1024/1256/1442
f 1025/1254/1440 1022/1253/1439 1019/1248/1434
f 1019/1248/1434 1022/1253/1439 1016/1247/1433
f 1011/1257/1443 1025/1254/1440 1001/1250/1436
f 1001/1250/1436 1025/1254/1440 1019/1248/1434
g default
v -43.979412 43.914230 18.732080
v -38.871689 38.211838 18.732080
v -51.387512 37.385284 18.273682
v -46.279785 31.682892 18.273682
v -47.891327 40.466553 18.971573
v -42.783604 34.764160 18.971573
v -51.387512 37.385284 17.392944
v -46.279785 31.682892 17.392944
v -42.783604 34.764160 17.392944
v -38.871689 38.211838 17.392944
v -43.979412 43.914230 17.392944
v -43.979412 43.914230 16.053808
v -38.871689 38.211838 16.053808
v -51.387512 37.385284 16.512207
v -46.279785 31.682892 16.512207
v -47.891327 40.466553 15.814317
v -42.783604 34.764160 15.814317
v -51.387512 37.385284 17.392944
v -46.279785 31.682892 17.392944
v -42.783604 34.764160 17.392944
v -38.871689 38.211838 17.392944
v -43.979412 43.914230 17.392944
v -40.091438 48.186279 18.888159
v -40.783863 47.576019 21.473110
v -43.769852 44.944397 24.459995
v -47.848789 41.349518 25.553268
v -42.991646 51.477020 18.888159
v -43.684071 50.866760 21.473110
v -46.670059 48.235138 24.459995
v -50.748993 44.640259 25.553268
v -40.658722 47.686310 18.709122
v -43.558929 50.977051 18.709122
v -41.281342 47.137573 20.984550
v -44.181549 50.428314 20.984550
v -44.027096 44.717682 23.694443
v -46.927303 48.008423 23.694443
v -47.848789 41.349518 24.710073
v -50.748993 44.640259 24.710073
v -55.606140 34.512756 18.888159
v -54.913712 35.123016 21.473110
v -51.927719 37.754639 24.459995
v -58.506348 37.803497 18.888159
v -57.813919 38.413757 21.473110
v -54.827927 41.045380 24.459995
v -55.038849 35.012726 18.709122
v -57.939056 38.303467 18.709122
v -54.416229 35.561462 20.984550
v -57.316437 38.852203 20.984550
v -51.670486 37.981354 23.694443
v -54.570694 41.272095 23.694443
v -58.919342 32.313889 23.579857
v -54.391571 36.304337 28.108986
v -61.104111 34.792847 23.579857
v -56.576340 38.783295 28.108986
v -60.472816 30.944778 25.105476
v -62.657585 33.423737 25.105476
v -55.194870 35.596375 30.499561
v -57.379639 38.075317 30.499561
v -50.062031 40.120071 29.269428
v -50.303020 39.907684 31.829720
v -52.487793 42.386642 31.829720
v -52.246796 42.599030 29.269428
v -60.079437 31.291473 19.249023
v -61.873772 29.710083 19.706709
v -64.058540 32.189026 19.706709
v -62.264206 33.770432 19.249023
v -58.919342 32.313889 11.206032
v -54.391571 36.304337 6.676902
v -61.104111 34.792847 11.206032
v -56.576340 38.783295 6.676902
v -60.472816 30.944778 9.680413
v -62.657585 33.423737 9.680413
v -55.194870 35.596375 4.286326
v -57.379639 38.075317 4.286326
v -50.062031 40.120071 5.516461
v -50.303020 39.907684 2.956168
v -52.487793 42.386642 2.956168
v -52.246796 42.599030 5.516461
v -60.079437 31.291473 15.536864
v -61.873772 29.710083 15.079179
v -64.058540 32.189026 15.079179
v -62.264206 33.770432 15.536864
v -37.493679 51.196899 11.206032
v -42.021450 47.206451 6.676902
v -39.678448 53.675842 11.206032
v -44.206219 49.685410 6.676902
v -35.940201 52.566010 9.680413
v -38.124969 55.044968 9.680413
v -41.218147 47.914413 4.286326
v -43.402916 50.393372 4.286326
v -46.350986 43.390717 5.516461
v -46.109993 43.603104 2.956168
v -48.294762 46.082062 2.956168
v -48.535755 45.869675 5.516461
v -36.333584 52.219315 15.536864
v -34.539246 53.800705 15.079179
v -36.724014 56.279663 15.079179
v -38.518353 54.698273 15.536864
v -37.493679 51.196899 23.579857
v -42.021450 47.206451 28.108986
v -39.678448 53.675842 23.579857
v -44.206219 49.685410 28.108986
v -35.940201 52.566010 25.105476
v -38.124969 55.044968 25.105476
v -41.218147 47.914413 30.499561
v -43.402916 50.393372 30.499561
v -46.350986 43.390717 29.269428
v -46.109993 43.603104 31.829720
v -48.294762 46.082062 31.829720
v -48.535755 45.869675 29.269428
v -36.333584 52.219315 19.249023
v -34.539246 53.800705 19.706709
v -36.724014 56.279663 19.706709
v -38.518353 54.698273 19.249023
v -40.091438 48.186279 15.897730
v -40.783863 47.576019 13.312778
v -43.769852 44.944397 10.325894
v -47.848789 41.349518 9.232620
v -42.991646 51.477020 15.897730
v -43.684071 50.866760 13.312778
v -46.670059 48.235138 10.325894
v -50.748993 44.640259 9.232620
v -40.658722 47.686310 16.076767
v -43.558929 50.977051 16.076767
v -41.281342 47.137573 13.801338
v -44.181549 50.428314 13.801338
v -44.027096 44.717682 11.091446
v -46.927303 48.008423 11.091446
v -47.848789 41.349518 10.075815
v -50.748993 44.640259 10.075815
v -55.606140 34.512756 15.897730
v -54.913712 35.123016 13.312778
v -51.927719 37.754639 10.325894
v -58.506348 37.803497 15.897730
v -57.813919 38.413757 13.312778
v -54.827927 41.045380 10.325894
v -55.038849 35.012726 16.076767
v -57.939056 38.303467 16.076767
v -54.416229 35.561462 13.801338
v -57.316437 38.852203 13.801338
v -51.670486 37.981354 11.091446
v -54.570694 41.272095 11.091446
v -53.094498 35.789612 20.690798
v -50.681023 37.916672 23.104996
v -47.384155 40.822296 23.988655
v -44.087284 43.727905 23.104996
v -41.673813 45.854965 20.690798
v -40.790417 46.633530 17.392942
v -41.673813 45.854965 14.095088
v -44.087284 43.727905 11.680889
v -47.384155 40.822296 10.797233
v -50.681023 37.916672 11.680889
v -53.094498 35.789612 14.095088
v -53.977890 35.011063 17.392942
v -56.924026 40.134811 20.690798
v -54.510551 42.261871 23.104996
v -51.213684 45.167496 23.988655
v -47.916813 48.073105 23.104996
v -45.503342 50.200165 20.690798
v -44.619946 50.978729 17.392942
v -45.503342 50.200165 14.095088
v -47.916813 48.073105 11.680889
v -51.213684 45.167496 10.797233
v -54.510551 42.261871 11.680889
v -56.924026 40.134811 14.095088
v -57.807419 39.356262 17.392942
v -53.094498 35.789612 17.392942
v -50.681023 37.916672 17.392942
v -47.384155 40.822296 17.392942
v -44.087284 43.727905 17.392942
v -41.673813 45.854965 17.392942
v -56.924026 40.134811 17.392942
v -54.510551 42.261871 17.392942
v -51.213684 45.167496 17.392942
v -47.916813 48.073105 17.392942
v -45.503342 50.200165 17.392942
v 60.543606 -66.460876 16.510803
v 57.851521 -69.262009 17.392942
v 70.157463 -73.595909 17.392942
v 62.644840 -64.274536 16.644768
v 74.089279 -73.338829 17.392942
v 40.936096 -45.031067 16.644768
v 39.014088 -47.618530 16.510803
v 36.283024 -51.047943 17.392942
v -32.983078 30.532440 16.644768
v -39.460243 37.876389 16.644768
v -42.295914 35.377258 16.510803
v -35.848381 28.007156 16.510803
v -45.827133 32.265137 17.392942
v -39.346001 24.924591 17.392942
v 68.929695 -69.402390 16.802816
v -39.460243 37.876389 17.392942
v -32.983078 30.532440 17.392942
v 40.936096 -45.031067 17.392942
v 62.644840 -64.274536 17.392942
v 62.045830 -71.520126 17.392942
v 65.602852 -72.642967 17.392942
v 64.645546 -68.615234 16.609034
v 68.929726 -69.402397 17.392942
v -9.728908 5.672348 16.644768
v 12.233594 -16.822327 16.644768
v 9.583211 -19.718918 16.510803
v -12.547496 2.795189 16.510803
v 6.701024 -22.872856 17.392942
v -15.616572 -0.334427 17.392942
v -9.728908 5.672348 17.392942
v 12.233594 -16.822327 17.392942
v 60.543606 -66.460876 18.275082
v 62.644840 -64.274536 18.141117
v 40.936096 -45.031067 18.141117
v 39.014088 -47.618530 18.275082
v -32.983078 30.532440 18.141117
v -39.460243 37.876389 18.141117
v -42.295914 35.377258 18.275082
v -35.848381 28.007156 18.275082
v 68.929695 -69.402390 17.983068
v 64.645546 -68.615234 18.176851
v -9.728908 5.672348 18.141117
v 12.233594 -16.822327 18.141117
v 9.583211 -19.718918 18.275082
v -12.547496 2.795189 18.275082
v -75.361694 72.567123 20.726986
v -76.504532 72.294632 20.726986
v -78.539108 73.181061 20.726986
v -77.055298 74.488785 20.726986
v -80.174576 74.203110 20.726986
v -79.940796 75.359955 20.726986
v -81.969223 74.523071 20.726986
v -81.995575 75.926056 20.610632
v -84.070465 74.120407 20.606773
v -85.363846 77.884415 19.783770
v -78.268967 75.865875 20.726986
v -78.748886 76.410416 20.726986
v -73.922668 70.934326 19.059965
v -76.680847 70.300949 19.059965
v -78.715408 71.187378 19.059965
v -80.350876 72.209427 19.059965
v -82.097137 72.762192 19.059965
v -83.900261 72.812439 19.059965
v -85.133469 73.160553 19.001789
v -86.355392 77.096985 18.581102
v -85.363846 77.884415 18.588358
v -81.995575 75.926056 19.001789
v -79.940796 75.359955 19.059965
v -78.748886 76.410416 19.059965
v -78.995300 70.940704 17.392944
v -80.630768 71.962753 17.392944
v -82.377029 72.515518 17.392944
v -84.180161 72.565765 17.392944
v -85.413361 72.913879 17.392944
v -86.635284 76.850311 17.392944
v -85.363846 77.884415 17.392944
v -81.995575 75.926056 17.392944
v -79.940796 75.359955 17.392944
v -78.748886 76.410416 17.392944
v -74.947754 73.666672 20.726986
v -75.571495 75.796509 20.726986
v -76.379929 77.547440 20.726986
v -77.556976 77.460876 20.726986
v -76.471848 79.368057 20.726986
v -77.860382 79.570496 20.610632
v -75.808327 81.402054 20.606773
v -79.379974 83.158157 19.783770
v -72.947739 73.591034 19.059965
v -73.571465 75.720871 19.059965
v -74.379898 77.471802 19.059965
v -74.708847 79.273682 19.059965
v -74.532120 81.068848 19.059965
v -74.722504 82.335999 19.001789
v -78.474197 84.042892 18.581102
v -79.379974 83.158157 18.588358
v -77.860382 79.570496 19.001789
v -77.556976 77.460876 19.059965
v -73.291573 75.967560 17.392944
v -74.100006 77.718491 17.392944
v -74.428955 79.520370 17.392944
v -74.252228 81.315521 17.392944
v -74.442612 82.582672 17.392944
v -78.194305 84.289581 17.392944
v -79.379974 83.158157 17.392944
v -77.860382 79.570496 17.392944
v -77.556976 77.460876 17.392944
v -79.298706 83.781372 17.392944
v -79.747101 83.386185 19.509375
v -80.972115 82.306549 20.349335
v -84.318909 79.356934 20.349335
v -85.543922 78.277298 19.509375
v -85.992310 77.882111 17.392944
v -82.581146 84.205551 17.392944
v -82.810211 84.003662 18.252846
v -83.436028 83.452118 18.814373
v -85.145798 81.945251 18.814373
v -85.771606 81.393707 18.252846
v -86.000671 81.191818 17.392944
v -84.290909 82.698685 17.392944
v -82.035980 83.027481 19.879406
v -80.987503 83.951538 19.084848
v -80.603729 84.289764 17.392944
v -86.332703 79.240662 17.392944
v -85.948936 79.578888 19.084850
v -84.900459 80.502945 19.879406
v -78.936676 83.370575 17.392944
v -77.781021 81.155350 19.509375
v -77.075493 77.885223 20.349335
v -80.422287 74.935608 20.349335
v -83.577843 76.046463 19.509375
v -85.630280 77.471344 17.392944
v -75.361694 72.567123 14.058904
v -76.504532 72.294632 14.058904
v -78.539108 73.181061 14.058904
v -77.055298 74.488785 14.058904
v -80.174576 74.203110 14.058904
v -79.940796 75.359955 14.058904
v -81.969223 74.523071 14.058904
v -81.995575 75.926056 14.175257
v -84.070465 74.120407 14.179116
v -85.363846 77.884415 15.002119
v -78.268967 75.865875 14.058904
v -78.748886 76.410416 14.058904
v -73.922668 70.934326 15.725924
v -76.680847 70.300949 15.725924
v -78.715408 71.187378 15.725924
v -80.350876 72.209427 15.725924
v -82.097137 72.762192 15.725924
v -83.900261 72.812439 15.725924
v -85.133469 73.160553 15.784101
v -86.355392 77.096985 16.204786
v -85.363846 77.884415 16.197531
v -81.995575 75.926056 15.784101
v -79.940796 75.359955 15.725924
v -78.748886 76.410416 15.725924
v -74.947754 73.666672 14.058904
v -75.571495 75.796509 14.058904
v -76.379929 77.547440 14.058904
v -77.556976 77.460876 14.058904
v -76.471848 79.368057 14.058904
v -77.860382 79.570496 14.175257
v -75.808327 81.402054 14.179116
v -79.379974 83.158157 15.002119
v -72.947739 73.591034 15.725924
v -73.571465 75.720871 15.725924
v -74.379898 77.471802 15.725924
v -74.708847 79.273682 15.725924
v -74.532120 81.068848 15.725924
v -74.722504 82.335999 15.784101
v -78.474197 84.042892 16.204786
v -79.379974 83.158157 16.197531
v -77.860382 79.570496 15.784101
v -77.556976 77.460876 15.725924
v -79.747101 83.386185 15.276514
v -80.972115 82.306549 14.436554
v -84.318909 79.356934 14.436554
v -85.543922 78.277298 15.276514
v -82.810211 84.003662 16.533043
v -83.436028 83.452118 15.971515
v -85.145798 81.945251 15.971515
v -85.771606 81.393707 16.533043
v -82.035980 83.027481 14.906483
v -80.987503 83.951538 15.701040
v -85.948936 79.578888 15.701039
v -84.900459 80.502945 14.906482
v -77.781021 81.155350 15.276514
v -77.075493 77.885223 14.436554
v -80.422287 74.935608 14.436554
v -83.577843 76.046463 15.276514
v -47.621571 48.181732 17.392944
v -48.092743 47.766464 15.683192
v -49.380024 46.631958 14.431568
v -51.138489 45.082184 13.973440
v -52.896942 43.532394 14.431568
v -54.184219 42.397888 15.683192
v -54.655396 41.982635 17.392944
v -73.906128 77.253479 17.392944
v -73.970840 76.477783 15.860191
v -74.564720 74.831787 14.738140
v -75.260284 72.452057 14.327439
v -77.708557 72.061035 14.738140
v -79.416122 71.678711 15.860191
v -80.193794 71.711975 17.392944
v -74.875320 64.925232 17.392944
v -74.404152 65.340485 15.683192
v -73.116875 66.475006 14.431568
v -71.358414 68.024780 13.973440
v -69.599960 69.574554 14.431568
v -68.312675 70.709076 15.683192
v -67.841507 71.124329 17.392944
v -63.264587 51.751068 17.392944
v -62.793404 52.166321 15.683192
v -61.506126 53.300842 14.431568
v -59.747665 54.850616 13.973440
v -57.989212 56.400391 14.431568
v -56.701927 57.534912 15.683192
v -56.230751 57.950165 17.392944
v -74.204163 71.253723 14.239403
v -72.582474 72.682953 14.661897
v -71.395325 73.729233 15.816174
v -70.960785 74.112198 17.392944
v -77.447540 68.395248 17.392944
v -77.013016 68.778214 15.816174
v -75.825851 69.824493 14.661897
v -69.806412 62.955124 14.628993
v -64.582108 57.027344 14.628993
v -62.940887 58.473801 14.201407
v -68.165176 64.401581 14.201407
v -61.299652 59.920258 14.628993
v -66.523941 65.848053 14.628993
v -60.098190 60.979141 15.797175
v -65.322487 66.906921 15.797175
v -59.658424 61.366714 17.392944
v -64.882721 67.294495 17.392944
v -66.223343 55.580887 17.392944
v -71.447639 61.508667 17.392944
v -65.783569 55.968460 15.797175
v -71.007866 61.896240 15.797175
v -60.652390 49.535522 17.392944
v -60.230949 49.906952 15.863667
v -59.079552 50.921707 14.744158
v -57.506714 52.307892 14.334388
v -55.933868 53.694077 14.744158
v -54.782455 54.708847 15.863667
v -54.361023 55.080261 17.392944
v -48.092743 47.766464 19.102695
v -49.380024 46.631958 20.354321
v -51.138489 45.082184 20.812449
v -52.896942 43.532394 20.354321
v -54.184219 42.397888 19.102695
v -73.970840 76.477783 18.925697
v -74.564720 74.831787 20.047749
v -75.260284 72.452057 20.458450
v -77.708557 72.061035 20.047749
v -79.416122 71.678711 18.925697
v -74.404152 65.340485 19.102695
v -73.116875 66.475006 20.354321
v -71.358414 68.024780 20.812449
v -69.599960 69.574554 20.354321
v -68.312675 70.709076 19.102695
v -62.793404 52.166321 19.102695
v -61.506126 53.300842 20.354321
v -59.747665 54.850616 20.812449
v -57.989212 56.400391 20.354321
v -56.701927 57.534912 19.102695
v -74.204163 71.253723 20.546486
v -72.582474 72.682953 20.123993
v -71.395325 73.729233 18.969715
v -77.013016 68.778214 18.969715
v -75.825851 69.824493 20.123993
v -69.806412 62.955124 20.156895
v -64.582108 57.027344 20.156895
v -62.940887 58.473801 20.584482
v -68.165176 64.401581 20.584482
v -61.299652 59.920258 20.156895
v -66.523941 65.848053 20.156895
v -60.098190 60.979141 18.988712
v -65.322487 66.906921 18.988712
v -65.783569 55.968460 18.988712
v -71.007866 61.896240 18.988712
v -60.230949 49.906952 18.922222
v -59.079552 50.921707 20.041731
v -57.506714 52.307892 20.451500
v -55.933868 53.694077 20.041731
v -54.782455 54.708847 18.922222
v -55.601044 41.300766 20.068998
v -53.746727 42.935013 22.028021
v -51.213699 45.167435 22.745071
v -48.680676 47.399857 22.028021
v -46.826363 49.034119 20.068998
v -46.147652 49.632278 17.392925
v -46.826363 49.034119 14.716850
v -48.680676 47.399857 12.757828
v -51.213699 45.167435 12.040777
v -53.746727 42.935013 12.757828
v -55.601044 41.300766 14.716850
v -56.279755 40.702591 17.392925
v -55.729065 41.691452 19.997202
v -53.926193 43.280365 21.903666
v -51.463470 45.450836 22.601479
v -49.000721 47.621323 21.903666
v -47.197868 49.210220 19.997202
v -46.537975 49.791809 17.392925
v -47.197868 49.210220 14.788647
v -49.000721 47.621323 12.882183
v -51.463470 45.450836 12.184369
v -53.926193 43.280365 12.882183
v -55.729065 41.691452 14.788647
v -56.388954 41.109879 17.392925
v -54.939102 41.884140 19.561300
v -53.380417 43.257843 21.191914
v -53.699203 43.480438 21.306185
v -55.307434 42.063049 19.626369
v -51.213699 45.167435 21.801815
v -51.463470 45.450836 21.934551
v -49.046982 47.077026 21.191914
v -49.227726 47.421265 21.306185
v -47.488304 48.450729 19.561300
v -47.619503 48.838623 19.626369
v -46.929401 48.943298 17.392925
v -47.042885 49.346817 17.392925
v -47.488304 48.450729 15.224548
v -47.619503 48.838623 15.159479
v -49.046982 47.077026 13.593935
v -49.227726 47.421265 13.479664
v -51.213699 45.167435 12.984034
v -51.463470 45.450836 12.851297
v -53.380417 43.257843 13.593935
v -53.699203 43.480438 13.479664
v -54.939102 41.884140 15.224548
v -55.307434 42.063049 15.159479
v -55.498009 41.391571 17.392925
v -55.884048 41.554871 17.392925
v -42.996784 44.688995 20.068998
v -44.851097 43.054749 22.028021
v -47.384121 40.822327 22.745071
v -49.917149 38.589905 22.028021
v -51.771461 36.955643 20.068998
v -52.450172 36.357483 17.392925
v -51.771461 36.955643 14.716850
v -49.917149 38.589905 12.757828
v -47.384121 40.822327 12.040777
v -44.851097 43.054749 12.757828
v -42.996784 44.688995 14.716850
v -42.318066 45.287170 17.392925
v -42.868748 44.298309 19.997202
v -44.671619 42.709381 21.903666
v -47.134350 40.538910 22.601479
v -49.597095 38.368439 21.903666
v -51.399948 36.779541 19.997202
v -52.059845 36.197952 17.392925
v -51.399948 36.779541 14.788647
v -49.597095 38.368439 12.882183
v -47.134350 40.538910 12.184369
v -44.671619 42.709381 12.882183
v -42.868748 44.298309 14.788647
v -42.208862 44.879883 17.392925
v -43.658718 44.105621 19.561300
v -45.217403 42.731903 21.191914
v -44.898617 42.509338 21.306185
v -43.290386 43.926712 19.626369
v -47.384121 40.822327 21.801815
v -47.134350 40.538910 21.934551
v -49.550842 38.912735 21.191914
v -49.370090 38.568497 21.306185
v -51.109520 37.539032 19.561300
v -50.978317 37.151123 19.626369
v -51.668427 37.046448 17.392925
v -51.554932 36.642944 17.392925
v -51.109520 37.539032 15.224548
v -50.978317 37.151123 15.159479
v -49.550842 38.912735 13.593935
v -49.370090 38.568497 13.479664
v -47.384121 40.822327 12.984034
v -47.134350 40.538910 12.851297
v -45.217403 42.731903 13.593935
v -44.898617 42.509338 13.479664
v -43.658718 44.105621 15.224548
v -43.290386 43.926712 15.159479
v -43.099815 44.598190 17.392925
v -42.713768 44.434891 17.392925
v 29.521950 25.602180 8.441721
v 30.575798 24.574127 10.265002
v 35.950508 19.331024 10.265003
v 37.004364 18.302963 8.441721
v 25.162788 20.925095 8.441721
v 26.212479 19.901115 10.265002
v 31.565887 14.678780 10.265003
v 32.615570 13.654778 8.441721
v 33.074448 13.221695 8.664299
v 37.463234 17.869873 8.664299
v 31.766823 14.489212 10.842327
v 36.151436 19.141472 10.842327
v 26.010475 20.089554 10.842312
v 30.373795 24.762558 10.842312
v 29.060432 26.032486 8.664284
v 24.701286 21.355392 8.664284
v 32.615570 13.654778 7.276209
v 33.074448 13.221695 7.276209
v 37.463234 17.869865 7.276209
v 37.004364 18.302963 7.276209
v 29.521950 25.602180 7.276209
v 29.060432 26.032486 7.276209
v 24.701286 21.355392 7.276209
v 25.162788 20.925095 7.276209
v 29.521950 25.602180 6.110697
v 30.575798 24.574127 4.287416
v 35.950508 19.331024 4.287416
v 37.004364 18.302963 6.110697
v 25.162788 20.925095 6.110697
v 26.212479 19.901115 4.287416
v 31.565887 14.678780 4.287416
v 32.615570 13.654778 6.110697
v 33.074448 13.221695 5.888120
v 37.463234 17.869873 5.888120
v 31.766823 14.489212 3.710091
v 36.151436 19.141472 3.710091
v 26.010475 20.089554 3.710107
v 30.373795 24.762558 3.710107
v 29.060432 26.032486 5.888135
v 24.701286 21.355392 5.888135
v 17.788177 -2.048943 8.441721
v 16.752594 -1.038712 10.265003
v 11.471096 4.113480 10.265002
v 10.435516 5.123703 8.441721
v 5.149090 -0.146805 8.441721
v 6.179554 -1.163803 10.265002
v 11.434952 -6.350540 10.265003
v 12.465416 -7.367546 8.441721
v 12.894783 -7.797295 8.653506
v 18.217571 -2.478661 8.653506
v 11.623528 -6.539314 10.817446
v 16.941181 -1.227478 10.817446
v 5.991142 -0.974876 10.817444
v 11.282703 4.302429 10.817444
v 10.006607 5.553894 8.653505
v 4.720173 0.283394 8.653505
v 17.788177 -2.048943 7.276209
v 18.217571 -2.478661 7.276209
v 12.894783 -7.797295 7.276209
v 12.465416 -7.367546 7.276209
v 5.149090 -0.146805 7.276209
v 4.720173 0.283394 7.276209
v 10.006607 5.553894 7.276209
v 10.435516 5.123703 7.276209
v 17.788177 -2.048943 6.110697
v 16.752594 -1.038712 4.287416
v 11.471096 4.113480 4.287416
v 10.435516 5.123703 6.110697
v 5.149090 -0.146805 6.110697
v 6.179554 -1.163803 4.287416
v 11.434952 -6.350540 4.287416
v 12.465416 -7.367546 6.110697
v 12.894783 -7.797295 5.898912
v 18.217571 -2.478661 5.898912
v 11.623528 -6.539314 3.734973
v 16.941181 -1.227478 3.734973
v 5.991142 -0.974876 3.734975
v 11.282703 4.302429 3.734975
v 10.006607 5.553894 5.898913
v 4.720173 0.283394 5.898913
v -16.294144 -36.104637 6.110697
v -17.296946 -35.051025 4.287416
v -22.411297 -29.677589 4.287416
v -23.414101 -28.623985 6.110697
v -22.166994 -41.348888 6.110697
v -23.144678 -40.288593 4.287416
v -28.130905 -34.881042 4.287416
v -29.108589 -33.820744 6.110697
v -21.763567 -41.800377 5.899525
v -15.890743 -36.556149 5.899525
v -22.967434 -40.486816 3.736683
v -17.119701 -35.249245 3.736683
v -28.309975 -34.684486 3.736661
v -22.590370 -29.481049 3.736661
v -23.822067 -28.176628 5.899503
v -29.516558 -33.373386 5.899503
v -16.294151 -36.104649 7.276209
v -15.890743 -36.556149 7.276209
v -21.763577 -41.800385 7.276209
v -22.166994 -41.348888 7.276209
v -23.414093 -28.623978 7.276209
v -23.822060 -28.176620 7.276209
v -29.516548 -33.373379 7.276209
v -29.108583 -33.820732 7.276209
v -16.294144 -36.104637 8.441721
v -17.296946 -35.051025 10.265003
v -22.411297 -29.677589 10.265002
v -23.414101 -28.623985 8.441721
v -22.166994 -41.348888 8.441721
v -23.144678 -40.288593 10.265003
v -28.130905 -34.881042 10.265002
v -29.108589 -33.820744 8.441721
v -21.763567 -41.800377 8.652894
v -15.890743 -36.556149 8.652894
v -22.967434 -40.486816 10.815736
v -17.119701 -35.249245 10.815736
v -28.309975 -34.684486 10.815758
v -22.590370 -29.481049 10.815758
v -23.822067 -28.176628 8.652916
v -29.516558 -33.373386 8.652916
v -68.347969 -70.253250 10.945810
v -63.780201 -75.524139 10.945810
v -69.828972 -68.544334 8.707206
v -62.299244 -77.233109 8.707206
v -49.321751 -66.238037 8.707232
v -50.838863 -64.489929 10.945837
v -55.492355 -59.133083 10.945837
v -56.991131 -57.406128 8.707232
v -65.548828 -77.056831 8.707213
v -70.116592 -71.785934 8.707217
v -51.936512 -58.669983 10.945827
v -49.878376 -61.039200 10.945827
v -49.321754 -66.238037 7.276209
v -62.299244 -77.233109 7.276209
v -65.548828 -77.056831 7.276209
v -70.116592 -71.785927 7.276209
v -69.828972 -68.544334 7.276209
v -56.991135 -57.406128 7.276209
v -50.838867 -64.489929 7.276209
v -49.878380 -61.039192 7.276209
v -55.492359 -59.133095 7.276209
v -51.936512 -58.669975 7.276209
v -68.347969 -70.253250 3.606608
v -63.780201 -75.524139 3.606608
v -69.828972 -68.544334 5.845212
v -62.299244 -77.233109 5.845213
v -49.321751 -66.238037 5.845186
v -50.838863 -64.489929 3.606581
v -55.492355 -59.133083 3.606581
v -56.991131 -57.406128 5.845186
v -65.548828 -77.056831 5.845205
v -70.116592 -71.785934 5.845201
v -51.936512 -58.669983 3.606591
v -49.878376 -61.039200 3.606591
v 17.181931 -3.429596 6.506089
v 17.950851 -5.399025 6.506084
v 16.552029 -4.075302 6.506087
v 17.019730 -4.531548 6.506085
v 17.924614 -4.154083 6.506087
v 16.984726 -5.117554 6.506084
v 17.181931 -3.429596 8.046333
v 17.950851 -5.399025 8.046338
v 16.552029 -4.075302 8.046335
v 17.019730 -4.531548 8.046337
v 17.924614 -4.154083 8.046335
v 16.984726 -5.117554 8.046338
v 13.812271 -6.883820 8.046333
v 15.800167 -7.603676 8.046338
v 14.442181 -6.238106 8.046335
v 14.909882 -6.694351 8.046337
v 14.554955 -7.608307 8.046335
v 15.494839 -6.644836 8.046338
v 13.812271 -6.883820 6.506089
v 15.800167 -7.603676 6.506084
v 14.442181 -6.238106 6.506087
v 14.909882 -6.694351 6.506085
v 14.554955 -7.608307 6.506087
v 15.494839 -6.644836 6.506084
v 36.987175 17.381859 6.506089
v 37.756088 15.412437 6.506084
v 36.357277 16.736153 6.506087
v 36.824974 16.279907 6.506085
v 37.729858 16.657372 6.506087
v 36.789970 15.693901 6.506084
v 36.987175 17.381859 8.046333
v 37.756088 15.412437 8.046338
v 36.357277 16.736153 8.046335
v 36.824974 16.279907 8.046337
v 37.729858 16.657372 8.046335
v 36.789970 15.693901 8.046338
v 33.617516 13.927635 8.046333
v 35.605415 13.207771 8.046338
v 34.247421 14.573341 8.046335
v 34.715126 14.117104 8.046337
v 34.360199 13.203148 8.046335
v 35.300079 14.166611 8.046338
v 33.617516 13.927635 6.506089
v 35.605415 13.207771 6.506084
v 34.247421 14.573341 6.506087
v 34.715126 14.117104 6.506085
v 34.360199 13.203148 6.506087
v 35.300079 14.166611 6.506084
v -55.932571 -59.404999 10.265002
v -51.268375 -64.787148 10.265003
v 59.837166 45.135742 4.287416
v 53.841980 50.400795 4.287416
v 53.841972 50.400795 10.265002
v 59.837166 45.135742 10.265003
v -56.847103 -58.349670 8.441721
v 52.666458 51.433159 6.110697
v 52.666458 51.433159 8.441721
v -50.353828 -65.842476 8.441721
v 61.012695 44.103394 8.441721
v 61.012695 44.103394 6.110697
v -32.920837 -50.951714 8.441721
v -33.852512 -49.879143 10.265003
v -38.604095 -44.409084 10.265002
v -39.535778 -43.336536 8.441721
v 29.521927 25.602150 8.441721
v 30.575790 24.574120 10.265002
v 35.950478 19.331001 10.265003
v 37.004349 18.302948 8.441721
v 17.788177 -2.048943 8.441721
v 16.752594 -1.038712 10.265003
v 11.471096 4.113480 10.265002
v 10.435509 5.123695 8.441721
v -16.294151 -36.104649 8.441721
v -17.296963 -35.051037 10.265003
v -22.411293 -29.677589 10.265002
v -23.414108 -28.623993 8.441721
v -56.847103 -58.349670 7.276209
v -39.535778 -43.336536 7.276209
v -23.414108 -28.623993 7.276209
v 10.435509 5.123695 7.276209
v 29.521927 25.602150 7.276209
v 52.666458 51.433159 7.276209
v 53.841980 50.400795 7.276209
v 59.837166 45.135742 7.276210
v 61.012695 44.103394 7.276209
v 37.004349 18.302948 7.276209
v 17.788177 -2.048943 7.276209
v -16.294151 -36.104649 7.276209
v -32.920837 -50.951714 7.276209
v -50.353828 -65.842476 7.276209
v -55.932571 -59.404999 4.287416
v -51.268375 -64.787148 4.287416
v -56.847103 -58.349670 6.110697
v -50.353828 -65.842476 6.110697
v -32.920837 -50.951714 6.110697
v -33.852512 -49.879143 4.287416
v -38.604095 -44.409084 4.287416
v -39.535778 -43.336536 6.110697
v 29.521927 25.602150 6.110697
v 30.575790 24.574120 4.287416
v 35.950478 19.331001 4.287416
v 37.004349 18.302948 6.110697
v 17.788177 -2.048943 6.110697
v 16.752594 -1.038712 4.287416
v 11.471096 4.113480 4.287416
v 10.435509 5.123695 6.110697
v -16.294151 -36.104649 6.110697
v -17.296963 -35.051037 4.287416
v -22.411293 -29.677589 4.287416
v -23.414108 -28.623993 6.110697
vt 0.514089 0.436454
vt 0.500008 0.436778
vt 0.498538 0.352552
vt 0.512605 0.352267
vt 0.394653 0.437798
vt 0.385390 0.437695
vt 0.385875 0.353962
vt 0.396450 0.354061
vt 0.444389 0.438030
vt 0.444389 0.355144
vt 0.396325 0.344655
vt 0.444210 0.338823
vt 0.498286 0.338157
vt 0.514089 0.436454
vt 0.512605 0.352267
vt 0.498538 0.352552
vt 0.500008 0.436778
vt 0.394653 0.437798
vt 0.396450 0.354061
vt 0.385875 0.353962
vt 0.385390 0.437695
vt 0.444389 0.355144
vt 0.444389 0.438030
vt 0.444210 0.338823
vt 0.396325 0.344655
vt 0.498286 0.338157
vt 0.868881 0.984365
vt 0.826025 0.984365
vt 0.826025 0.958422
vt 0.868881 0.958422
vt 0.826025 0.909644
vt 0.868881 0.909644
vt 0.826025 0.854007
vt 0.868881 0.854008
vt 0.759276 0.981218
vt 0.761046 0.952856
vt 0.807357 0.952795
vt 0.807567 0.982229
vt 0.760794 0.900188
vt 0.807861 0.900272
vt 0.760761 0.841489
vt 0.808068 0.841531
vt 0.751761 0.978992
vt 0.752551 0.951799
vt 0.814799 0.951978
vt 0.814764 0.980725
vt 0.752053 0.900127
vt 0.815563 0.900286
vt 0.752044 0.841481
vt 0.815743 0.841539
vt 0.807242 0.990595
vt 0.759146 0.989584
vt 0.868881 0.726930
vt 0.868881 0.749593
vt 0.826025 0.749593
vt 0.826025 0.726930
vt 0.868881 0.798370
vt 0.826025 0.798370
vt 0.759525 0.704526
vt 0.807461 0.704356
vt 0.807555 0.730266
vt 0.761244 0.730122
vt 0.807965 0.782790
vt 0.760898 0.782790
vt 0.752747 0.731164
vt 0.751781 0.706737
vt 0.816101 0.705816
vt 0.814995 0.731098
vt 0.752158 0.782836
vt 0.815667 0.782792
vt 0.759410 0.696160
vt 0.807151 0.695236
vt 0.679066 0.887188
vt 0.678554 0.796703
vt 0.713505 0.796514
vt 0.713505 0.887170
vt 0.677633 0.730168
vt 0.714777 0.730705
vt 0.918168 0.928001
vt 0.886125 0.928001
vt 0.886125 0.865111
vt 0.918168 0.865111
vt 0.886125 0.816050
vt 0.918168 0.816050
vt 0.652352 0.885749
vt 0.651665 0.798256
vt 0.740461 0.798153
vt 0.740241 0.885207
vt 0.649581 0.734571
vt 0.742791 0.735030
vt 0.678165 0.943292
vt 0.651640 0.939007
vt 0.715936 0.942214
vt 0.742258 0.937624
vt 0.918168 0.966328
vt 0.886125 0.966328
vt 0.886125 0.986624
vt 0.918168 0.986624
vt 0.918168 0.797589
vt 0.886125 0.797589
vt 0.679066 0.887188
vt 0.713505 0.887170
vt 0.713505 0.796514
vt 0.678554 0.796703
vt 0.714777 0.730705
vt 0.677633 0.730168
vt 0.918168 0.928001
vt 0.918168 0.865111
vt 0.886125 0.865111
vt 0.886125 0.928001
vt 0.918168 0.816050
vt 0.886125 0.816050
vt 0.652352 0.885749
vt 0.651665 0.798256
vt 0.740461 0.798153
vt 0.740241 0.885207
vt 0.649581 0.734571
vt 0.742791 0.735030
vt 0.678165 0.943292
vt 0.651640 0.939007
vt 0.715936 0.942214
vt 0.742258 0.937624
vt 0.918168 0.966328
vt 0.886125 0.966328
vt 0.886125 0.986624
vt 0.918168 0.986624
vt 0.918168 0.797589
vt 0.886125 0.797589
vt 0.679066 0.887188
vt 0.678554 0.796703
vt 0.713505 0.796514
vt 0.713505 0.887170
vt 0.677633 0.730168
vt 0.714777 0.730705
vt 0.918168 0.928001
vt 0.886125 0.928001
vt 0.886125 0.865111
vt 0.918168 0.865111
vt 0.886125 0.816050
vt 0.918168 0.816050
vt 0.652352 0.885749
vt 0.651665 0.798256
vt 0.740461 0.798153
vt 0.740241 0.885207
vt 0.649581 0.734571
vt 0.742791 0.735030
vt 0.678165 0.943292
vt 0.651640 0.939007
vt 0.715936 0.942214
vt 0.742258 0.937624
vt 0.918168 0.966328
vt 0.886125 0.966328
vt 0.886125 0.986624
vt 0.918168 0.986624
vt 0.918168 0.797589
vt 0.886125 0.797589
vt 0.679066 0.887188
vt 0.713505 0.887170
vt 0.713505 0.796514
vt 0.678554 0.796703
vt 0.714777 0.730705
vt 0.677633 0.730168
vt 0.918168 0.928001
vt 0.918168 0.865111
vt 0.886125 0.865111
vt 0.886125 0.928001
vt 0.918168 0.816050
vt 0.886125 0.816050
vt 0.652352 0.885749
vt 0.651665 0.798256
vt 0.740461 0.798153
vt 0.740241 0.885207
vt 0.649581 0.734571
vt 0.742791 0.735030
vt 0.678165 0.943292
vt 0.651640 0.939007
vt 0.715936 0.942214
vt 0.742258 0.937624
vt 0.918168 0.966328
vt 0.886125 0.966328
vt 0.886125 0.986624
vt 0.918168 0.986624
vt 0.918168 0.797589
vt 0.886125 0.797589
vt 0.868881 0.984365
vt 0.826025 0.984365
vt 0.826025 0.958422
vt 0.868881 0.958422
vt 0.826025 0.909644
vt 0.868881 0.909644
vt 0.826025 0.854007
vt 0.868881 0.854008
vt 0.759276 0.981218
vt 0.761046 0.952856
vt 0.807357 0.952795
vt 0.807567 0.982229
vt 0.760794 0.900188
vt 0.807861 0.900272
vt 0.760761 0.841489
vt 0.808068 0.841531
vt 0.751761 0.978992
vt 0.752551 0.951799
vt 0.814799 0.951978
vt 0.814764 0.980725
vt 0.752053 0.900127
vt 0.815563 0.900286
vt 0.752044 0.841481
vt 0.815743 0.841539
vt 0.807242 0.990595
vt 0.759146 0.989584
vt 0.868881 0.726930
vt 0.868881 0.749593
vt 0.826025 0.749593
vt 0.826025 0.726930
vt 0.868881 0.798370
vt 0.826025 0.798370
vt 0.759525 0.704526
vt 0.807461 0.704356
vt 0.807555 0.730266
vt 0.761244 0.730122
vt 0.807965 0.782790
vt 0.760898 0.782790
vt 0.752747 0.731164
vt 0.751781 0.706737
vt 0.816101 0.705816
vt 0.814995 0.731098
vt 0.752158 0.782836
vt 0.815667 0.782792
vt 0.759410 0.696160
vt 0.807151 0.695236
vt 0.991123 0.547926
vt 0.991123 0.587786
vt 0.933724 0.587786
vt 0.933724 0.547926
vt 0.991123 0.632209
vt 0.933724 0.632209
vt 0.991123 0.676631
vt 0.933724 0.676631
vt 0.991123 0.716491
vt 0.933724 0.716491
vt 0.991123 0.751195
vt 0.933724 0.751195
vt 0.991123 0.785898
vt 0.933724 0.785898
vt 0.991123 0.825758
vt 0.933724 0.825758
vt 0.991123 0.870181
vt 0.933724 0.870181
vt 0.991123 0.914603
vt 0.933724 0.914603
vt 0.991123 0.954463
vt 0.933724 0.954464
vt 0.991123 0.989167
vt 0.933724 0.989167
vt 0.991123 0.513223
vt 0.933724 0.513223
vt 0.612325 0.890287
vt 0.583193 0.929107
vt 0.543398 0.929107
vt 0.543398 0.890287
vt 0.622988 0.837259
vt 0.543398 0.837259
vt 0.612325 0.785201
vt 0.543398 0.785201
vt 0.583193 0.747741
vt 0.543398 0.747741
vt 0.543398 0.733532
vt 0.503603 0.747741
vt 0.474471 0.785201
vt 0.463808 0.837259
vt 0.474471 0.890287
vt 0.503603 0.929107
vt 0.543398 0.942458
vt 0.503598 0.929092
vt 0.474466 0.890273
vt 0.543393 0.890273
vt 0.543393 0.929092
vt 0.463803 0.837244
vt 0.543393 0.837244
vt 0.474466 0.785187
vt 0.543393 0.785187
vt 0.503598 0.747727
vt 0.543393 0.747727
vt 0.543393 0.733518
vt 0.583188 0.747727
vt 0.612320 0.785187
vt 0.622983 0.837244
vt 0.612320 0.890273
vt 0.583188 0.929092
vt 0.543393 0.942444
vt 0.043877 0.087625
vt 0.028795 0.066435
vt 0.040276 0.044402
vt 0.057424 0.066409
vt 0.033724 0.114154
vt 0.029161 0.114472
vt 0.025197 0.066669
vt 0.052289 0.113710
vt 0.064167 0.277100
vt 0.044704 0.280320
vt 0.076629 0.112982
vt 0.091291 0.273581
vt 0.058005 0.927139
vt 0.081370 0.927614
vt 0.080199 0.987476
vt 0.057101 0.987128
vt 0.110377 0.928207
vt 0.109455 0.987963
vt 0.053430 0.927134
vt 0.052529 0.987067
vt 0.040135 0.280549
vt 0.068114 0.086001
vt 0.023917 0.030510
vt 0.056755 0.718836
vt 0.052181 0.718895
vt 0.048295 0.526600
vt 0.052869 0.526474
vt 0.076824 0.524725
vt 0.081370 0.717703
vt 0.103427 0.522789
vt 0.108684 0.716480
vt 0.042423 0.075680
vt 0.055970 0.053740
vt 0.040024 0.030016
vt 0.027341 0.053767
vt 0.023743 0.054009
vt 0.027707 0.103443
vt 0.032270 0.103114
vt 0.050835 0.102654
vt 0.044704 0.280320
vt 0.064167 0.277100
vt 0.091291 0.273581
vt 0.075175 0.101902
vt 0.058005 0.927139
vt 0.057101 0.987128
vt 0.080199 0.987476
vt 0.081370 0.927614
vt 0.109455 0.987963
vt 0.110377 0.928207
vt 0.053430 0.927134
vt 0.052529 0.987067
vt 0.040135 0.280549
vt 0.066660 0.074001
vt 0.021662 0.014407
vt 0.056755 0.718836
vt 0.052869 0.526474
vt 0.048295 0.526600
vt 0.052181 0.718895
vt 0.081370 0.717703
vt 0.076824 0.524725
vt 0.108684 0.716480
vt 0.103427 0.522789
vt 0.336947 0.766565
vt 0.336947 0.793184
vt 0.358313 0.792549
vt 0.347632 0.772102
vt 0.354589 0.819708
vt 0.366537 0.839474
vt 0.376521 0.827236
vt 0.364954 0.811793
vt 0.385232 0.879752
vt 0.394734 0.838578
vt 0.336947 0.812566
vt 0.336947 0.820289
vt 0.336325 0.740059
vt 0.365205 0.753638
vt 0.378010 0.775201
vt 0.386885 0.792722
vt 0.397236 0.809821
vt 0.409633 0.825437
vt 0.416835 0.837995
vt 0.404567 0.881711
vt 0.416058 0.972074
vt 0.429620 0.972151
vt 0.416057 0.959270
vt 0.374325 0.967645
vt 0.374325 0.950413
vt 0.351496 0.967022
vt 0.351496 0.949167
vt 0.334479 0.967022
vt 0.334479 0.949167
vt 0.403131 0.785424
vt 0.394789 0.768858
vt 0.413401 0.801991
vt 0.425196 0.818256
vt 0.432207 0.830417
vt 0.417123 0.884824
vt 0.433398 0.843415
vt 0.416058 0.984878
vt 0.433612 0.984879
vt 0.374325 0.984878
vt 0.351496 0.984878
vt 0.334479 0.984878
vt 0.326261 0.772102
vt 0.315580 0.792549
vt 0.319304 0.819708
vt 0.308939 0.811793
vt 0.297372 0.827236
vt 0.307356 0.839474
vt 0.279159 0.838578
vt 0.288661 0.879752
vt 0.307445 0.753638
vt 0.294640 0.775201
vt 0.287008 0.792722
vt 0.276657 0.809821
vt 0.264260 0.825437
vt 0.257058 0.837995
vt 0.269327 0.881711
vt 0.252901 0.972074
vt 0.252901 0.959269
vt 0.239339 0.972151
vt 0.294633 0.967645
vt 0.294633 0.950413
vt 0.317462 0.967022
vt 0.317462 0.949167
vt 0.277860 0.768858
vt 0.269935 0.785424
vt 0.259666 0.801991
vt 0.247870 0.818256
vt 0.240860 0.830417
vt 0.239961 0.843601
vt 0.256315 0.884824
vt 0.235347 0.984879
vt 0.252901 0.984878
vt 0.294633 0.984878
vt 0.317462 0.984878
vt 0.382416 0.519521
vt 0.391903 0.533535
vt 0.407813 0.524785
vt 0.403413 0.510774
vt 0.424035 0.522483
vt 0.421162 0.508228
vt 0.463597 0.523319
vt 0.466916 0.509215
vt 0.479767 0.525928
vt 0.484548 0.511971
vt 0.495300 0.535197
vt 0.505256 0.521372
vt 0.250799 0.941863
vt 0.336447 0.941863
vt 0.262273 0.909699
vt 0.293622 0.888695
vt 0.379270 0.888696
vt 0.410620 0.909699
vt 0.422094 0.941863
vt 0.456638 0.540736
vt 0.430355 0.540736
vt 0.418375 0.543478
vt 0.409608 0.549043
vt 0.468466 0.544166
vt 0.476979 0.550089
vt 0.399495 0.479791
vt 0.380086 0.513730
vt 0.419434 0.448292
vt 0.469621 0.447758
vt 0.489063 0.480692
vt 0.507774 0.515609
vt 0.336947 0.766565
vt 0.347632 0.772102
vt 0.358313 0.792549
vt 0.336947 0.793184
vt 0.354589 0.819708
vt 0.364954 0.811793
vt 0.376521 0.827236
vt 0.366537 0.839474
vt 0.394734 0.838578
vt 0.385232 0.879752
vt 0.336947 0.812566
vt 0.336947 0.820289
vt 0.336325 0.740059
vt 0.365205 0.753638
vt 0.378010 0.775201
vt 0.386885 0.792722
vt 0.397236 0.809821
vt 0.409633 0.825437
vt 0.416835 0.837995
vt 0.404567 0.881711
vt 0.416058 0.972074
vt 0.416057 0.959270
vt 0.429620 0.972151
vt 0.374325 0.967645
vt 0.374325 0.950413
vt 0.351496 0.967022
vt 0.351496 0.949167
vt 0.334479 0.967022
vt 0.334479 0.949167
vt 0.394789 0.768858
vt 0.403131 0.785424
vt 0.413401 0.801991
vt 0.425196 0.818256
vt 0.432207 0.830417
vt 0.433398 0.843415
vt 0.417123 0.884824
vt 0.433612 0.984879
vt 0.416058 0.984878
vt 0.374325 0.984878
vt 0.351496 0.984878
vt 0.334479 0.984878
vt 0.315580 0.792549
vt 0.326261 0.772102
vt 0.319304 0.819708
vt 0.307356 0.839474
vt 0.297372 0.827236
vt 0.308939 0.811793
vt 0.288661 0.879752
vt 0.279159 0.838578
vt 0.307445 0.753638
vt 0.294640 0.775201
vt 0.287008 0.792722
vt 0.276657 0.809821
vt 0.264260 0.825437
vt 0.257058 0.837995
vt 0.269327 0.881711
vt 0.252901 0.972074
vt 0.239339 0.972151
vt 0.252901 0.959269
vt 0.294633 0.967645
vt 0.294633 0.950413
vt 0.317462 0.967022
vt 0.317462 0.949167
vt 0.269935 0.785424
vt 0.277860 0.768858
vt 0.259666 0.801991
vt 0.247870 0.818256
vt 0.240860 0.830417
vt 0.256315 0.884824
vt 0.239961 0.843601
vt 0.252901 0.984878
vt 0.235347 0.984879
vt 0.294633 0.984878
vt 0.317462 0.984878
vt 0.382416 0.519521
vt 0.403413 0.510774
vt 0.407813 0.524785
vt 0.391903 0.533535
vt 0.421162 0.508228
vt 0.424035 0.522483
vt 0.466916 0.509215
vt 0.463597 0.523319
vt 0.484548 0.511971
vt 0.479767 0.525928
vt 0.505256 0.521372
vt 0.495300 0.535197
vt 0.250799 0.941863
vt 0.262273 0.909699
vt 0.336447 0.941863
vt 0.293622 0.888695
vt 0.379270 0.888696
vt 0.410620 0.909699
vt 0.422094 0.941863
vt 0.456638 0.540736
vt 0.430355 0.540736
vt 0.418375 0.543478
vt 0.409608 0.549043
vt 0.476979 0.550089
vt 0.468466 0.544166
vt 0.380086 0.513730
vt 0.399495 0.479791
vt 0.419434 0.448292
vt 0.469621 0.447758
vt 0.489063 0.480692
vt 0.507774 0.515609
vt 0.233119 0.349516
vt 0.252430 0.348754
vt 0.256325 0.446725
vt 0.238867 0.446853
vt 0.274886 0.348464
vt 0.276895 0.446626
vt 0.300103 0.348443
vt 0.300107 0.446622
vt 0.325319 0.348463
vt 0.323320 0.446626
vt 0.347776 0.348750
vt 0.343890 0.446724
vt 0.367086 0.349510
vt 0.361347 0.446851
vt 0.345998 0.641030
vt 0.364698 0.641204
vt 0.364839 0.688085
vt 0.346267 0.687286
vt 0.324360 0.625354
vt 0.324529 0.671374
vt 0.300088 0.613450
vt 0.300093 0.659356
vt 0.275816 0.625352
vt 0.275656 0.671375
vt 0.254177 0.641029
vt 0.253918 0.687291
vt 0.235477 0.641209
vt 0.235346 0.688096
vt 0.300095 0.676480
vt 0.277125 0.702651
vt 0.256951 0.727659
vt 0.239733 0.734203
vt 0.360468 0.734191
vt 0.343248 0.727653
vt 0.323069 0.702650
vt 0.323704 0.589207
vt 0.323749 0.531840
vt 0.344781 0.531896
vt 0.344675 0.589160
vt 0.300096 0.589239
vt 0.300096 0.531784
vt 0.276480 0.589200
vt 0.276450 0.531842
vt 0.255501 0.589148
vt 0.255424 0.531895
vt 0.237561 0.588927
vt 0.237435 0.532071
vt 0.362796 0.532080
vt 0.362591 0.588946
vt 0.346409 0.482261
vt 0.365425 0.482105
vt 0.324563 0.482208
vt 0.300107 0.482137
vt 0.275651 0.482207
vt 0.253807 0.482258
vt 0.234791 0.482104
vt 0.233119 0.349516
vt 0.238867 0.446853
vt 0.256325 0.446725
vt 0.252430 0.348754
vt 0.276895 0.446626
vt 0.274886 0.348464
vt 0.300107 0.446622
vt 0.300103 0.348443
vt 0.323320 0.446626
vt 0.325319 0.348463
vt 0.343890 0.446724
vt 0.347776 0.348750
vt 0.361347 0.446851
vt 0.367086 0.349510
vt 0.345998 0.641030
vt 0.346267 0.687286
vt 0.364839 0.688085
vt 0.364698 0.641204
vt 0.324360 0.625354
vt 0.324529 0.671374
vt 0.300088 0.613450
vt 0.300093 0.659356
vt 0.275816 0.625352
vt 0.275656 0.671375
vt 0.254177 0.641029
vt 0.253918 0.687291
vt 0.235477 0.641209
vt 0.235346 0.688096
vt 0.277125 0.702651
vt 0.300095 0.676480
vt 0.256951 0.727659
vt 0.239733 0.734203
vt 0.343248 0.727653
vt 0.360468 0.734191
vt 0.323069 0.702650
vt 0.323704 0.589207
vt 0.344675 0.589160
vt 0.344781 0.531896
vt 0.323749 0.531840
vt 0.300096 0.531784
vt 0.300096 0.589239
vt 0.276450 0.531842
vt 0.276480 0.589200
vt 0.255424 0.531895
vt 0.255501 0.589148
vt 0.237435 0.532071
vt 0.237561 0.588927
vt 0.362796 0.532080
vt 0.362591 0.588946
vt 0.346409 0.482261
vt 0.365425 0.482105
vt 0.324563 0.482208
vt 0.300107 0.482137
vt 0.275651 0.482207
vt 0.253807 0.482258
vt 0.234791 0.482104
vt 0.516851 0.678642
vt 0.520705 0.680100
vt 0.495035 0.705560
vt 0.492793 0.703001
vt 0.459349 0.715084
vt 0.459349 0.712112
vt 0.423663 0.705560
vt 0.425906 0.703001
vt 0.397994 0.680100
vt 0.401847 0.678642
vt 0.388790 0.646250
vt 0.393220 0.646250
vt 0.397994 0.612400
vt 0.401847 0.613858
vt 0.423663 0.586940
vt 0.425906 0.589498
vt 0.459349 0.577416
vt 0.459349 0.580387
vt 0.495035 0.586940
vt 0.492793 0.589498
vt 0.520705 0.612400
vt 0.516851 0.613857
vt 0.529909 0.646250
vt 0.525478 0.646250
vt 0.533337 0.688338
vt 0.502066 0.719148
vt 0.498658 0.714615
vt 0.527435 0.685721
vt 0.459349 0.730425
vt 0.459349 0.725192
vt 0.416632 0.719148
vt 0.420040 0.714615
vt 0.385361 0.688338
vt 0.391264 0.685721
vt 0.373915 0.646250
vt 0.380731 0.646250
vt 0.385361 0.604162
vt 0.391264 0.606779
vt 0.416632 0.573352
vt 0.420040 0.577884
vt 0.459349 0.562074
vt 0.459349 0.567308
vt 0.502066 0.573352
vt 0.498658 0.577884
vt 0.533337 0.604162
vt 0.527435 0.606779
vt 0.544783 0.646250
vt 0.537968 0.646250
vt 0.516851 0.678642
vt 0.520705 0.680100
vt 0.495035 0.705560
vt 0.492793 0.703001
vt 0.459349 0.715084
vt 0.459349 0.712112
vt 0.423663 0.705560
vt 0.425906 0.703001
vt 0.397994 0.680100
vt 0.401847 0.678642
vt 0.388790 0.646250
vt 0.393220 0.646250
vt 0.397994 0.612400
vt 0.401847 0.613858
vt 0.423663 0.586940
vt 0.425906 0.589498
vt 0.459349 0.577416
vt 0.459349 0.580387
vt 0.495035 0.586940
vt 0.492793 0.589498
vt 0.520705 0.612400
vt 0.516851 0.613857
vt 0.529909 0.646250
vt 0.525478 0.646250
vt 0.533337 0.688338
vt 0.502066 0.719148
vt 0.498658 0.714615
vt 0.527435 0.685721
vt 0.459349 0.730425
vt 0.459349 0.725192
vt 0.416632 0.719148
vt 0.420040 0.714615
vt 0.385361 0.688338
vt 0.391264 0.685721
vt 0.373915 0.646250
vt 0.380731 0.646250
vt 0.385361 0.604162
vt 0.391264 0.606779
vt 0.416632 0.573352
vt 0.420040 0.577884
vt 0.459349 0.562074
vt 0.459349 0.567308
vt 0.502066 0.573352
vt 0.498658 0.577884
vt 0.533337 0.604162
vt 0.527435 0.606779
vt 0.544783 0.646250
vt 0.537968 0.646250
vt 0.604321 0.216971
vt 0.618047 0.215760
vt 0.616605 0.282030
vt 0.603389 0.280213
vt 0.577006 0.217275
vt 0.575789 0.279315
vt 0.497785 0.217272
vt 0.496293 0.279316
vt 0.468951 0.279565
vt 0.470215 0.216313
vt 0.457366 0.214444
vt 0.455224 0.280719
vt 0.602836 0.211093
vt 0.615819 0.209388
vt 0.614170 0.288306
vt 0.601583 0.286055
vt 0.575855 0.211638
vt 0.574631 0.284853
vt 0.498943 0.211735
vt 0.497446 0.284953
vt 0.470429 0.285441
vt 0.472029 0.210470
vt 0.459454 0.208177
vt 0.457435 0.287100
vt 0.604321 0.216971
vt 0.603389 0.280213
vt 0.616605 0.282030
vt 0.618047 0.215760
vt 0.577006 0.217275
vt 0.575789 0.279315
vt 0.497785 0.217272
vt 0.496293 0.279316
vt 0.470215 0.216313
vt 0.468951 0.279565
vt 0.457366 0.214444
vt 0.455224 0.280719
vt 0.602836 0.211093
vt 0.615819 0.209388
vt 0.614170 0.288306
vt 0.601583 0.286055
vt 0.575855 0.211638
vt 0.574631 0.284853
vt 0.498943 0.211735
vt 0.497446 0.284953
vt 0.470429 0.285441
vt 0.472029 0.210470
vt 0.459454 0.208177
vt 0.457435 0.287100
vt 0.547419 0.125551
vt 0.574928 0.124725
vt 0.575197 0.199623
vt 0.548217 0.198745
vt 0.469191 0.125972
vt 0.470163 0.198745
vt 0.442700 0.199628
vt 0.442168 0.125369
vt 0.546310 0.120151
vt 0.573331 0.119078
vt 0.573507 0.205268
vt 0.547022 0.204063
vt 0.470347 0.120646
vt 0.471253 0.204152
vt 0.444377 0.205281
vt 0.443720 0.119711
vt 0.586159 0.207257
vt 0.588406 0.201152
vt 0.588533 0.123284
vt 0.586268 0.117168
vt 0.430813 0.117867
vt 0.428569 0.123999
vt 0.429479 0.201187
vt 0.431693 0.207282
vt 0.547419 0.125551
vt 0.548217 0.198745
vt 0.575197 0.199623
vt 0.574928 0.124725
vt 0.469191 0.125972
vt 0.470163 0.198745
vt 0.442168 0.125369
vt 0.442700 0.199628
vt 0.546310 0.120151
vt 0.573331 0.119078
vt 0.573507 0.205268
vt 0.547022 0.204063
vt 0.470347 0.120646
vt 0.471253 0.204152
vt 0.444377 0.205281
vt 0.443720 0.119711
vt 0.586159 0.207257
vt 0.588406 0.201152
vt 0.588533 0.123284
vt 0.586268 0.117168
vt 0.430813 0.117867
vt 0.428569 0.123999
vt 0.429479 0.201187
vt 0.431693 0.207282
vt 0.546646 0.029577
vt 0.548723 0.105613
vt 0.575771 0.106293
vt 0.574113 0.028352
vt 0.468767 0.030693
vt 0.470218 0.105613
vt 0.441798 0.030124
vt 0.442674 0.106476
vt 0.428569 0.028726
vt 0.429087 0.108012
vt 0.545488 0.024230
vt 0.572437 0.022771
vt 0.574132 0.111893
vt 0.547545 0.110887
vt 0.469883 0.025401
vt 0.471316 0.110980
vt 0.444294 0.112075
vt 0.443413 0.024502
vt 0.430742 0.022650
vt 0.431383 0.114061
vt 0.586840 0.113685
vt 0.589007 0.107596
vt 0.587689 0.026693
vt 0.585332 0.020665
vt 0.546646 0.029577
vt 0.574113 0.028352
vt 0.575771 0.106293
vt 0.548723 0.105613
vt 0.468767 0.030693
vt 0.470218 0.105613
vt 0.442674 0.106476
vt 0.441798 0.030124
vt 0.428569 0.028726
vt 0.429087 0.108012
vt 0.545488 0.024230
vt 0.572437 0.022771
vt 0.574132 0.111893
vt 0.547545 0.110887
vt 0.469883 0.025401
vt 0.471316 0.110980
vt 0.444294 0.112075
vt 0.443413 0.024502
vt 0.430742 0.022650
vt 0.431383 0.114061
vt 0.586840 0.113685
vt 0.589007 0.107596
vt 0.587689 0.026693
vt 0.585332 0.020665
vt 0.300683 0.233855
vt 0.269047 0.233952
vt 0.268911 0.066559
vt 0.300688 0.065972
vt 0.369999 0.065972
vt 0.400859 0.066516
vt 0.403035 0.233869
vt 0.370936 0.233976
vt 0.391044 0.040225
vt 0.278835 0.040350
vt 0.351347 0.263639
vt 0.320827 0.263360
vt 0.301090 0.034873
vt 0.369626 0.035162
vt 0.415284 0.067398
vt 0.417232 0.233623
vt 0.404924 0.036473
vt 0.301100 0.020978
vt 0.369629 0.021268
vt 0.255793 0.066718
vt 0.265597 0.036405
vt 0.254851 0.233934
vt 0.580937 0.288801
vt 0.603876 0.310986
vt 0.603876 0.325168
vt 0.580937 0.325168
vt 0.545440 0.288801
vt 0.545440 0.325168
vt 0.456140 0.310986
vt 0.478801 0.288801
vt 0.478801 0.325168
vt 0.456140 0.325168
vt 0.514338 0.288801
vt 0.514338 0.325168
vt 0.300683 0.233855
vt 0.300688 0.065972
vt 0.268911 0.066559
vt 0.269047 0.233952
vt 0.369999 0.065972
vt 0.370936 0.233976
vt 0.403035 0.233869
vt 0.400859 0.066516
vt 0.391044 0.040225
vt 0.278835 0.040350
vt 0.351347 0.263639
vt 0.320827 0.263360
vt 0.369626 0.035162
vt 0.301090 0.034873
vt 0.417232 0.233623
vt 0.415284 0.067398
vt 0.404924 0.036473
vt 0.369629 0.021168
vt 0.301100 0.020878
vt 0.265597 0.036405
vt 0.255793 0.066718
vt 0.254851 0.233934
vt 0.580937 0.288801
vt 0.580937 0.325168
vt 0.603876 0.325168
vt 0.603876 0.310986
vt 0.545440 0.288801
vt 0.545440 0.325168
vt 0.456140 0.310986
vt 0.456140 0.325168
vt 0.478801 0.325168
vt 0.478801 0.288801
vt 0.514338 0.325168
vt 0.514338 0.288801
vt 0.635738 0.164922
vt 0.623222 0.162288
vt 0.622870 0.158406
vt 0.634957 0.156835
vt 0.628752 0.177391
vt 0.637830 0.172108
vt 0.601653 0.164229
vt 0.602168 0.156588
vt 0.614343 0.158406
vt 0.614640 0.162383
vt 0.607888 0.176638
vt 0.599371 0.171550
vt 0.602940 0.131834
vt 0.614367 0.130157
vt 0.638412 0.081416
vt 0.638412 0.096681
vt 0.631937 0.096681
vt 0.631937 0.081416
vt 0.626119 0.081416
vt 0.626119 0.096681
vt 0.604974 0.096681
vt 0.604975 0.081416
vt 0.622920 0.130259
vt 0.602224 0.123251
vt 0.614739 0.122258
vt 0.609076 0.110893
vt 0.599314 0.116123
vt 0.635243 0.123772
vt 0.634351 0.132125
vt 0.622854 0.122218
vt 0.628300 0.111578
vt 0.638391 0.116875
vt 0.592681 0.096681
vt 0.592681 0.081416
vt 0.599157 0.081416
vt 0.599157 0.096681
vt 0.635738 0.164922
vt 0.623222 0.162288
vt 0.622870 0.158406
vt 0.634957 0.156835
vt 0.628752 0.177391
vt 0.637830 0.172108
vt 0.601653 0.164229
vt 0.602168 0.156588
vt 0.614343 0.158406
vt 0.614640 0.162383
vt 0.607888 0.176638
vt 0.599371 0.171550
vt 0.602940 0.131834
vt 0.614367 0.130157
vt 0.638412 0.081416
vt 0.638412 0.096681
vt 0.631937 0.096681
vt 0.631937 0.081416
vt 0.626119 0.081416
vt 0.626119 0.096681
vt 0.604974 0.096681
vt 0.604975 0.081416
vt 0.622920 0.130259
vt 0.602224 0.123251
vt 0.614739 0.122258
vt 0.609076 0.110893
vt 0.599314 0.116123
vt 0.635243 0.123772
vt 0.634351 0.132125
vt 0.622854 0.122218
vt 0.628300 0.111578
vt 0.638391 0.116875
vt 0.592681 0.096681
vt 0.592681 0.081416
vt 0.599157 0.081416
vt 0.599157 0.096681
vt 0.151930 0.179687
vt 0.138269 0.179782
vt 0.138369 0.040421
vt 0.151930 0.040422
vt 0.193683 0.040403
vt 0.194543 0.179115
vt 0.207164 0.040359
vt 0.208072 0.178972
vt 0.196117 0.772764
vt 0.209871 0.772437
vt 0.212995 0.985901
vt 0.198873 0.985850
vt 0.151930 0.774163
vt 0.151930 0.985280
vt 0.137759 0.985160
vt 0.138085 0.774446
vt 0.151930 0.313020
vt 0.138160 0.313097
vt 0.195614 0.312678
vt 0.209274 0.312596
vt 0.195377 0.603903
vt 0.209028 0.603897
vt 0.151930 0.603905
vt 0.138181 0.603901
vt 0.685387 0.078557
vt 0.607432 0.078557
vt 0.607432 0.049216
vt 0.685387 0.049217
vt 0.592147 0.060658
vt 0.592147 0.049216
vt 0.700673 0.049216
vt 0.700673 0.060658
vt 0.134195 0.040416
vt 0.132185 0.179777
vt 0.131270 0.313095
vt 0.131291 0.603898
vt 0.131196 0.774438
vt 0.130884 0.985148
vt 0.592147 0.037775
vt 0.607432 0.019876
vt 0.685387 0.019876
vt 0.700673 0.037775
vt 0.216707 0.772362
vt 0.219843 0.985795
vt 0.215859 0.603889
vt 0.216096 0.312580
vt 0.214890 0.178915
vt 0.211688 0.040308
vt 0.151930 0.179687
vt 0.151930 0.040422
vt 0.138369 0.040421
vt 0.138269 0.179782
vt 0.194543 0.179115
vt 0.193683 0.040403
vt 0.208072 0.178972
vt 0.207164 0.040359
vt 0.196117 0.772764
vt 0.198873 0.985850
vt 0.212995 0.985901
vt 0.209871 0.772437
vt 0.151930 0.774163
vt 0.151930 0.985280
vt 0.137759 0.985160
vt 0.138085 0.774446
vt 0.151930 0.313020
vt 0.138160 0.313097
vt 0.195614 0.312678
vt 0.209274 0.312596
vt 0.195377 0.603903
vt 0.209028 0.603897
vt 0.151930 0.603905
vt 0.138181 0.603901
vt 0.134195 0.040416
vt 0.132185 0.179777
vt 0.131270 0.313095
vt 0.131291 0.603898
vt 0.131196 0.774438
vt 0.130884 0.985148
vt 0.219843 0.985795
vt 0.216707 0.772362
vt 0.215859 0.603889
vt 0.216096 0.312580
vt 0.214890 0.178915
vt 0.211688 0.040308
vn 0.744879 0.667200 0.000000
vn 0.744880 0.667199 -0.000000
vn 0.744879 0.667200 0.000000
vn 0.744880 0.667199 -0.000000
vn -0.744880 -0.667199 0.000000
vn -0.744878 -0.667200 0.000000
vn -0.744880 -0.667199 0.000000
vn -0.744878 -0.667200 0.000000
vn -0.046498 -0.041646 0.998050
vn -0.010535 -0.009432 0.999900
vn 0.025374 0.022723 0.999420
vn 0.025374 0.022723 0.999420
vn -0.082273 -0.073696 0.993881
vn -0.082273 -0.073696 0.993881
vn -0.046498 -0.041646 0.998050
vn -0.010535 -0.009432 0.999900
vn 0.661188 -0.750220 0.000000
vn 0.661188 -0.750220 0.000000
vn 0.661189 -0.750220 0.000000
vn 0.661187 -0.750221 0.000000
vn 0.661188 -0.750220 0.000000
vn 0.661188 -0.750220 0.000000
vn 0.661188 -0.750220 0.000000
vn 0.661189 -0.750220 0.000000
vn 0.744878 0.667201 0.000000
vn 0.744879 0.667200 0.000000
vn 0.744880 0.667199 -0.000000
vn 0.744880 0.667199 -0.000000
vn -0.744880 -0.667199 0.000000
vn -0.744880 -0.667199 0.000000
vn -0.744878 -0.667200 0.000000
vn -0.744878 -0.667200 0.000000
vn 0.025374 0.022723 -0.999420
vn -0.010535 -0.009432 -0.999900
vn 0.025374 0.022723 -0.999420
vn -0.046498 -0.041646 -0.998050
vn -0.010535 -0.009432 -0.999900
vn -0.082273 -0.073696 -0.993881
vn -0.046498 -0.041646 -0.998050
vn -0.082273 -0.073696 -0.993881
vn 0.661188 -0.750220 0.000000
vn 0.661188 -0.750220 0.000000
vn 0.661188 -0.750220 0.000000
vn 0.661186 -0.750222 0.000000
vn 0.661188 -0.750220 0.000000
vn 0.661188 -0.750220 0.000000
vn 0.661189 -0.750220 0.000000
vn 0.661188 -0.750220 0.000000
vn -0.598283 -0.527281 -0.603351
vn -0.557465 -0.491307 -0.669216
vn -0.598282 -0.527280 -0.603352
vn -0.557465 -0.491308 -0.669216
vn -0.293780 -0.258915 -0.920139
vn -0.293780 -0.258915 -0.920139
vn 0.000000 0.000000 -1.000000
vn -0.000001 -0.000000 -1.000000
vn 0.706534 0.622686 0.336262
vn 0.706534 0.622685 0.336263
vn 0.563206 0.496367 0.660620
vn 0.563206 0.496367 0.660620
vn 0.298256 0.262860 0.917577
vn 0.298257 0.262860 0.917577
vn -0.000000 -0.000000 1.000000
vn 0.000000 0.000000 1.000000
vn 0.661190 -0.750218 0.000006
vn 0.661190 -0.750219 0.000006
vn 0.661195 -0.750214 0.000000
vn 0.661195 -0.750214 0.000000
vn -0.661190 0.750219 -0.000005
vn -0.661192 0.750217 -0.000002
vn -0.661189 0.750219 -0.000005
vn -0.661191 0.750217 -0.000002
vn 0.661188 -0.750221 -0.000001
vn 0.661187 -0.750221 -0.000001
vn -0.661187 0.750221 -0.000001
vn -0.661187 0.750221 -0.000000
vn 0.661188 -0.750221 -0.000001
vn 0.661187 -0.750221 0.000000
vn -0.661189 0.750220 0.000000
vn -0.661189 0.750220 0.000000
vn 0.172849 0.152338 -0.973096
vn 0.172854 0.152339 -0.973095
vn 0.598281 0.527279 -0.603355
vn 0.598283 0.527281 -0.603352
vn 0.557466 0.491308 -0.669215
vn 0.557465 0.491307 -0.669216
vn 0.293780 0.258915 -0.920139
vn 0.293780 0.258915 -0.920139
vn -0.706535 -0.622685 0.336262
vn -0.563206 -0.496367 0.660620
vn -0.706534 -0.622685 0.336263
vn -0.563205 -0.496367 0.660621
vn -0.298257 -0.262860 0.917577
vn -0.298256 -0.262860 0.917577
vn 0.661191 -0.750218 -0.000002
vn 0.661188 -0.750220 -0.000002
vn 0.661190 -0.750219 -0.000001
vn 0.661187 -0.750221 -0.000002
vn -0.661190 0.750219 0.000001
vn -0.661190 0.750218 0.000001
vn -0.661192 0.750217 -0.000001
vn -0.661193 0.750216 -0.000002
vn 0.661191 -0.750218 -0.000007
vn 0.661191 -0.750218 -0.000006
vn -0.661189 0.750220 0.000007
vn -0.661189 0.750220 0.000007
vn -0.172846 -0.152338 -0.973097
vn -0.172854 -0.152337 -0.973096
vn -0.578739 -0.510059 0.636318
vn -0.333378 -0.293816 0.895841
vn -0.578739 -0.510059 0.636319
vn -0.333379 -0.293817 0.895841
vn -0.149952 -0.132157 0.979821
vn -0.149952 -0.132157 0.979821
vn 0.570012 0.502366 -0.650166
vn 0.570011 0.502366 -0.650165
vn 0.325692 0.287041 -0.900851
vn 0.325692 0.287041 -0.900851
vn 0.147895 0.130343 -0.980376
vn 0.147895 0.130343 -0.980376
vn 0.661188 -0.750220 0.000001
vn 0.661188 -0.750220 0.000001
vn 0.661187 -0.750221 0.000002
vn 0.661186 -0.750222 0.000002
vn -0.661190 0.750219 0.000002
vn -0.661187 0.750221 -0.000001
vn -0.661190 0.750219 0.000002
vn -0.661187 0.750221 -0.000001
vn 0.661187 -0.750221 0.000002
vn 0.661188 -0.750221 0.000002
vn -0.661187 0.750221 -0.000004
vn -0.661188 0.750220 -0.000002
vn 0.661187 -0.750221 -0.000001
vn 0.661187 -0.750221 -0.000000
vn -0.709003 -0.624866 0.326892
vn -0.709003 -0.624866 0.326891
vn -0.661193 0.750216 0.000002
vn -0.661191 0.750218 0.000001
vn 0.706535 0.622686 -0.336261
vn 0.706534 0.622687 -0.336261
vn -0.141002 -0.124271 -0.982179
vn -0.141003 -0.124270 -0.982179
vn -0.141004 -0.124270 -0.982179
vn -0.141005 -0.124270 -0.982178
vn 0.744385 0.656044 0.124487
vn 0.744384 0.656045 0.124489
vn 0.744384 0.656045 0.124489
vn 0.744384 0.656045 0.124490
vn -0.578740 -0.510057 -0.636319
vn -0.578739 -0.510058 -0.636319
vn -0.333379 -0.293817 -0.895840
vn -0.333379 -0.293818 -0.895840
vn -0.149953 -0.132157 -0.979821
vn -0.149953 -0.132157 -0.979821
vn 0.570011 0.502367 0.650165
vn 0.325692 0.287041 0.900851
vn 0.570011 0.502367 0.650165
vn 0.325693 0.287040 0.900851
vn 0.147894 0.130343 0.980377
vn 0.147894 0.130343 0.980376
vn 0.661187 -0.750221 -0.000002
vn 0.661188 -0.750221 -0.000001
vn 0.661187 -0.750222 -0.000002
vn 0.661187 -0.750221 -0.000001
vn -0.661190 0.750219 -0.000002
vn -0.661190 0.750219 -0.000002
vn -0.661188 0.750221 0.000001
vn -0.661187 0.750221 0.000001
vn 0.661188 -0.750221 -0.000002
vn 0.661187 -0.750221 -0.000002
vn -0.661188 0.750220 0.000002
vn -0.661188 0.750221 0.000004
vn 0.661187 -0.750221 0.000000
vn 0.661187 -0.750221 0.000001
vn -0.709003 -0.624866 -0.326891
vn -0.709004 -0.624865 -0.326891
vn -0.661191 0.750218 -0.000001
vn -0.661193 0.750216 -0.000002
vn 0.706534 0.622686 0.336262
vn 0.706534 0.622687 0.336261
vn -0.141003 -0.124271 0.982179
vn -0.141004 -0.124270 0.982179
vn -0.141003 -0.124270 0.982179
vn -0.141004 -0.124270 0.982179
vn 0.744384 0.656045 -0.124486
vn 0.744385 0.656044 -0.124489
vn 0.744384 0.656045 -0.124488
vn 0.744385 0.656043 -0.124491
vn 0.578740 0.510058 -0.636319
vn 0.333380 0.293816 -0.895840
vn 0.578740 0.510058 -0.636319
vn 0.333380 0.293816 -0.895840
vn 0.149953 0.132157 -0.979821
vn 0.149953 0.132157 -0.979821
vn -0.570011 -0.502367 0.650165
vn -0.570010 -0.502367 0.650166
vn -0.325692 -0.287041 0.900851
vn -0.325693 -0.287041 0.900850
vn -0.147894 -0.130343 0.980376
vn -0.147894 -0.130343 0.980376
vn 0.661187 -0.750221 0.000003
vn 0.661187 -0.750221 0.000003
vn 0.661187 -0.750221 0.000001
vn 0.661187 -0.750221 0.000001
vn -0.661187 0.750221 -0.000002
vn -0.661189 0.750220 -0.000000
vn -0.661188 0.750221 -0.000001
vn -0.661189 0.750219 0.000000
vn 0.661187 -0.750221 0.000002
vn 0.661187 -0.750221 0.000002
vn -0.661188 0.750220 -0.000003
vn -0.661188 0.750220 -0.000003
vn 0.661187 -0.750221 0.000000
vn 0.661186 -0.750222 0.000000
vn 0.709005 0.624864 -0.326889
vn 0.709005 0.624864 -0.326890
vn -0.661187 0.750221 -0.000001
vn -0.661188 0.750221 -0.000001
vn -0.706534 -0.622686 0.336261
vn -0.706533 -0.622687 0.336262
vn 0.141004 0.124270 0.982179
vn 0.141004 0.124270 0.982179
vn 0.141004 0.124270 0.982179
vn 0.141004 0.124271 0.982179
vn -0.744384 -0.656044 -0.124489
vn -0.744385 -0.656044 -0.124489
vn -0.744385 -0.656044 -0.124489
vn -0.744385 -0.656044 -0.124488
vn 0.578739 0.510059 0.636319
vn 0.578739 0.510058 0.636319
vn 0.333380 0.293816 0.895840
vn 0.333380 0.293816 0.895840
vn 0.149953 0.132157 0.979821
vn 0.149952 0.132157 0.979821
vn -0.570011 -0.502368 -0.650165
vn -0.325693 -0.287041 -0.900851
vn -0.570010 -0.502368 -0.650166
vn -0.325693 -0.287041 -0.900850
vn -0.147894 -0.130343 -0.980376
vn -0.147894 -0.130343 -0.980376
vn 0.661186 -0.750222 -0.000001
vn 0.661187 -0.750221 -0.000003
vn 0.661186 -0.750222 -0.000001
vn 0.661187 -0.750221 -0.000003
vn -0.661187 0.750221 0.000002
vn -0.661187 0.750221 0.000001
vn -0.661189 0.750219 -0.000000
vn -0.661189 0.750219 -0.000001
vn 0.661187 -0.750221 -0.000002
vn 0.661187 -0.750221 -0.000002
vn -0.661188 0.750220 0.000003
vn -0.661188 0.750220 0.000003
vn 0.661187 -0.750221 -0.000000
vn 0.661188 -0.750220 0.000000
vn 0.709006 0.624864 0.326889
vn 0.709005 0.624864 0.326890
vn -0.661188 0.750220 0.000001
vn -0.661188 0.750220 0.000001
vn -0.706535 -0.622685 -0.336261
vn -0.706533 -0.622687 -0.336262
vn 0.141003 0.124270 -0.982179
vn 0.141005 0.124270 -0.982179
vn 0.141004 0.124270 -0.982179
vn 0.141006 0.124271 -0.982178
vn -0.744384 -0.656045 0.124490
vn -0.744384 -0.656045 0.124489
vn -0.744384 -0.656045 0.124489
vn -0.744385 -0.656044 0.124489
vn -0.598284 -0.527282 0.603349
vn -0.598282 -0.527280 0.603353
vn -0.557465 -0.491307 0.669216
vn -0.557465 -0.491308 0.669216
vn -0.293780 -0.258915 0.920139
vn -0.293780 -0.258915 0.920139
vn 0.000000 0.000000 1.000000
vn -0.000000 -0.000000 1.000000
vn 0.706534 0.622686 -0.336261
vn 0.563206 0.496367 -0.660620
vn 0.706534 0.622685 -0.336262
vn 0.563206 0.496367 -0.660620
vn 0.298256 0.262860 -0.917577
vn 0.298256 0.262860 -0.917577
vn -0.000000 -0.000000 -1.000000
vn 0.000000 0.000000 -1.000000
vn 0.661194 -0.750215 0.000000
vn 0.661191 -0.750218 -0.000005
vn 0.661195 -0.750214 0.000000
vn 0.661191 -0.750217 -0.000005
vn -0.661190 0.750219 0.000005
vn -0.661190 0.750219 0.000005
vn -0.661193 0.750216 0.000002
vn -0.661192 0.750217 0.000002
vn 0.661188 -0.750221 0.000000
vn 0.661187 -0.750221 0.000001
vn -0.661187 0.750221 0.000000
vn -0.661187 0.750221 0.000001
vn 0.661189 -0.750220 0.000000
vn 0.661188 -0.750220 0.000000
vn -0.661190 0.750219 0.000000
vn -0.661190 0.750219 -0.000000
vn 0.172851 0.152338 0.973096
vn 0.172853 0.152339 0.973096
vn 0.598281 0.527279 0.603354
vn 0.557466 0.491308 0.669215
vn 0.598282 0.527281 0.603352
vn 0.557465 0.491307 0.669216
vn 0.293780 0.258915 0.920139
vn 0.293780 0.258915 0.920139
vn -0.706535 -0.622685 -0.336262
vn -0.706533 -0.622686 -0.336264
vn -0.563206 -0.496366 -0.660621
vn -0.563205 -0.496367 -0.660621
vn -0.298257 -0.262861 -0.917577
vn -0.298256 -0.262861 -0.917577
vn 0.661186 -0.750222 0.000002
vn 0.661187 -0.750222 0.000002
vn 0.661190 -0.750219 0.000001
vn 0.661190 -0.750218 0.000002
vn -0.661187 0.750221 -0.000001
vn -0.661193 0.750216 0.000001
vn -0.661187 0.750221 -0.000001
vn -0.661195 0.750214 0.000002
vn 0.661192 -0.750217 0.000006
vn 0.661192 -0.750217 0.000006
vn -0.661190 0.750218 -0.000007
vn -0.661191 0.750218 -0.000007
vn -0.172851 -0.152338 0.973096
vn -0.172850 -0.152337 0.973096
vn -0.594611 -0.524044 0.609767
vn -0.298256 -0.262860 0.917577
vn -0.594611 -0.524044 0.609767
vn -0.298256 -0.262860 0.917577
vn -0.000000 -0.000000 1.000000
vn -0.000000 0.000000 1.000000
vn 0.298257 0.262861 0.917577
vn 0.298257 0.262861 0.917577
vn 0.594610 0.524044 0.609768
vn 0.594610 0.524045 0.609767
vn 0.750221 0.661187 0.000000
vn 0.750221 0.661188 0.000000
vn 0.594610 0.524044 -0.609768
vn 0.594610 0.524045 -0.609767
vn 0.298256 0.262860 -0.917577
vn 0.298257 0.262861 -0.917577
vn -0.000000 -0.000000 -1.000000
vn 0.000000 0.000000 -1.000000
vn -0.298257 -0.262861 -0.917577
vn -0.298256 -0.262860 -0.917577
vn -0.594611 -0.524045 -0.609767
vn -0.594610 -0.524045 -0.609767
vn -0.750221 -0.661188 0.000001
vn -0.750221 -0.661187 -0.000000
vn 0.661189 -0.750220 0.000000
vn 0.661189 -0.750220 0.000000
vn 0.661189 -0.750220 0.000000
vn 0.661189 -0.750219 0.000000
vn 0.661191 -0.750218 0.000000
vn 0.661190 -0.750218 0.000000
vn 0.661190 -0.750219 0.000000
vn 0.661189 -0.750219 0.000000
vn 0.661186 -0.750222 0.000000
vn 0.661187 -0.750221 0.000000
vn 0.661187 -0.750222 0.000000
vn 0.661188 -0.750220 0.000000
vn 0.661188 -0.750220 0.000000
vn 0.661189 -0.750220 0.000000
vn 0.661188 -0.750220 0.000000
vn 0.661190 -0.750218 0.000000
vn 0.661192 -0.750217 0.000000
vn 0.661192 -0.750217 0.000000
vn 0.661192 -0.750217 0.000000
vn 0.661192 -0.750217 0.000000
vn 0.661192 -0.750217 0.000000
vn 0.661192 -0.750217 0.000000
vn 0.661189 -0.750220 0.000000
vn 0.661189 -0.750219 0.000000
vn 0.661189 -0.750219 0.000000
vn 0.661190 -0.750219 0.000000
vn 0.661187 -0.750222 0.000000
vn 0.661187 -0.750221 0.000000
vn 0.661188 -0.750221 0.000000
vn 0.661188 -0.750220 0.000000
vn 0.661190 -0.750219 0.000000
vn 0.661189 -0.750219 0.000000
vn 0.661190 -0.750219 0.000000
vn 0.661189 -0.750219 0.000000
vn 0.661189 -0.750220 0.000000
vn 0.661188 -0.750220 0.000000
vn 0.661188 -0.750220 0.000000
vn 0.661189 -0.750220 0.000000
vn 0.661185 -0.750223 0.000000
vn 0.661185 -0.750223 0.000000
vn 0.661185 -0.750223 0.000000
vn 0.661185 -0.750223 0.000000
vn 0.661185 -0.750223 0.000000
vn 0.661185 -0.750223 0.000000
vn -0.661189 0.750219 0.000000
vn -0.661189 0.750219 0.000000
vn -0.661189 0.750219 0.000000
vn -0.661189 0.750219 0.000000
vn -0.661189 0.750219 0.000000
vn -0.661189 0.750219 0.000000
vn -0.661189 0.750219 0.000000
vn -0.661189 0.750219 0.000000
vn -0.661187 0.750221 0.000000
vn -0.661187 0.750221 0.000000
vn -0.661188 0.750221 0.000000
vn -0.661188 0.750220 0.000000
vn -0.661187 0.750221 0.000000
vn -0.661188 0.750221 0.000000
vn -0.661188 0.750220 0.000000
vn -0.661190 0.750218 0.000000
vn -0.661192 0.750217 0.000000
vn -0.661192 0.750217 0.000000
vn -0.661192 0.750217 0.000000
vn -0.661192 0.750217 0.000000
vn -0.661192 0.750217 0.000000
vn -0.661192 0.750217 0.000000
vn -0.661188 0.750220 0.000000
vn -0.661189 0.750220 0.000000
vn -0.661189 0.750220 0.000000
vn -0.661190 0.750219 0.000000
vn -0.661187 0.750221 0.000000
vn -0.661188 0.750221 0.000000
vn -0.661187 0.750221 0.000000
vn -0.661188 0.750220 0.000000
vn -0.661190 0.750219 0.000000
vn -0.661189 0.750219 0.000000
vn -0.661189 0.750219 0.000000
vn -0.661189 0.750219 0.000000
vn -0.661189 0.750220 0.000000
vn -0.661189 0.750220 0.000000
vn -0.661189 0.750220 0.000000
vn -0.661189 0.750220 0.000000
vn -0.661185 0.750223 0.000000
vn -0.661185 0.750223 0.000000
vn -0.661185 0.750223 0.000000
vn -0.661185 0.750223 0.000000
vn -0.661185 0.750223 0.000000
vn -0.661185 0.750223 0.000000
vn -0.002821 -0.093894 -0.995578
vn 0.001598 -0.130306 -0.991473
vn -0.026563 -0.178978 -0.983494
vn -0.006771 -0.141291 -0.989945
vn 0.656691 0.754160 0.000000
vn 0.656677 0.754172 -0.000000
vn 0.621423 0.783475 -0.000016
vn 0.620875 0.783910 -0.000017
vn 0.030921 0.032231 -0.999002
vn -0.065867 -0.084327 -0.994259
vn -0.067722 -0.074554 -0.994915
vn 0.028140 0.030418 -0.999141
vn -0.140059 -0.169305 -0.975561
vn -0.132614 -0.146545 -0.980275
vn -0.066008 -0.060289 -0.995996
vn -0.065867 -0.057557 -0.996167
vn 0.025790 0.023782 -0.999384
vn 0.026564 0.023429 -0.999373
vn -0.137658 -0.126057 -0.982426
vn -0.138850 -0.121791 -0.982796
vn 0.734751 0.678337 0.000000
vn 0.734751 0.678337 0.000000
vn 0.749980 0.661460 0.000000
vn 0.749981 0.661460 0.000000
vn 0.685413 0.728154 0.000000
vn 0.685414 0.728154 0.000000
vn -0.083233 -0.200110 -0.976232
vn 0.606562 0.795036 -0.000016
vn 0.008944 -0.136776 -0.990562
vn 0.723246 0.690590 0.000000
vn 0.723246 0.690590 0.000000
vn 0.707375 0.706839 0.000000
vn 0.707375 0.706839 0.000000
vn -0.064450 -0.066304 -0.995716
vn -0.065027 -0.062453 -0.995927
vn 0.024095 0.024130 -0.999418
vn 0.024178 0.022937 -0.999445
vn -0.141046 -0.144785 -0.979359
vn -0.142493 -0.136884 -0.980285
vn -0.002820 -0.093894 0.995578
vn -0.026563 -0.178978 0.983494
vn 0.001598 -0.130306 0.991473
vn -0.006772 -0.141291 0.989945
vn 0.620875 0.783909 0.000017
vn 0.656677 0.754172 0.000000
vn 0.621424 0.783475 0.000016
vn 0.656691 0.754160 0.000000
vn -0.065867 -0.084327 0.994259
vn 0.030921 0.032231 0.999002
vn -0.067722 -0.074554 0.994915
vn 0.028140 0.030418 0.999141
vn -0.140059 -0.169305 0.975561
vn -0.132613 -0.146544 0.980275
vn 0.026564 0.023429 0.999373
vn -0.065867 -0.057557 0.996167
vn 0.025790 0.023782 0.999385
vn -0.066008 -0.060289 0.995996
vn -0.138850 -0.121791 0.982796
vn -0.137658 -0.126057 0.982425
vn 0.734752 0.678336 0.000000
vn 0.749980 0.661461 0.000000
vn 0.734752 0.678336 0.000000
vn 0.749980 0.661461 0.000000
vn 0.685414 0.728154 0.000000
vn 0.685413 0.728154 0.000000
vn -0.083233 -0.200111 0.976232
vn 0.606562 0.795036 0.000016
vn 0.008943 -0.136776 0.990562
vn 0.723246 0.690590 0.000000
vn 0.707373 0.706840 0.000000
vn 0.723246 0.690590 0.000000
vn 0.707373 0.706840 0.000000
vn 0.024178 0.022937 0.999445
vn -0.065027 -0.062453 0.995927
vn 0.024096 0.024130 0.999418
vn -0.064450 -0.066304 0.995716
vn -0.142493 -0.136884 0.980285
vn -0.141047 -0.144785 0.979359
vn 0.321532 -0.364828 0.873795
vn 0.000000 0.000000 1.000000
vn -0.085050 -0.440112 0.893906
vn -0.194103 -0.361000 0.912142
vn -0.113704 0.137215 0.983994
vn -0.031606 -0.397847 0.916907
vn -0.007814 0.018939 0.999790
vn -0.145139 -0.370053 0.917603
vn -0.285153 0.507876 0.812865
vn -0.393012 -0.205719 0.896226
vn 0.000000 0.000000 1.000000
vn 0.000001 0.000000 1.000000
vn 0.402048 -0.456187 0.793883
vn -0.051597 -0.637048 0.769096
vn -0.364416 -0.675972 0.640518
vn -0.359220 -0.744511 0.562730
vn -0.116550 -0.834676 0.538268
vn -0.113343 -0.895048 0.431326
vn -0.784250 -0.412477 0.463480
vn -0.880327 -0.012266 0.474209
vn 0.268692 0.963226 0.000000
vn 0.420248 0.907409 0.000000
vn 0.411420 0.911446 0.000000
vn -0.149457 0.988768 0.000000
vn -0.156765 0.987636 0.000000
vn -0.661188 0.750220 0.000000
vn -0.661188 0.750220 0.000000
vn -0.518174 -0.829171 0.209695
vn -0.407409 -0.891020 0.200252
vn -0.153363 -0.973473 0.169796
vn -0.139200 -0.975649 0.169510
vn -0.847929 -0.481677 0.221367
vn -0.973300 -0.056424 0.222495
vn 0.228826 0.973465 -0.002105
vn 0.419322 0.907838 0.000000
vn -0.151320 0.988485 0.000000
vn -0.661188 0.750220 0.000000
vn 0.447312 0.029072 0.893905
vn 0.382531 0.147201 0.912142
vn 0.385359 0.097489 0.917602
vn 0.398664 -0.018637 0.916908
vn -0.017806 0.010131 0.999790
vn -0.121840 0.130044 0.983994
vn 0.253474 0.364048 0.896225
vn -0.468021 0.346707 0.812866
vn 0.638485 -0.028864 0.769093
vn 0.716407 0.276585 0.640517
vn 0.783749 0.262819 0.562728
vn 0.842706 0.010743 0.538267
vn 0.902196 -0.000028 0.431326
vn 0.507755 0.726206 0.463476
vn 0.122787 0.871807 0.474210
vn -0.989354 -0.145529 0.000000
vn -0.955920 -0.293627 0.000000
vn -0.953025 -0.302893 0.000000
vn -0.960107 0.279633 0.000000
vn -0.962149 0.272523 0.000000
vn 0.887711 0.409872 0.209700
vn 0.935154 0.292210 0.200253
vn 0.985027 0.029820 0.169799
vn 0.985406 0.015495 0.169514
vn 0.584411 0.780679 0.221369
vn 0.178280 0.958493 0.222503
vn -0.994502 -0.104693 -0.002105
vn -0.953333 -0.301919 0.000000
vn -0.961634 0.274336 0.000000
vn 0.148548 0.962701 0.226145
vn 0.048045 0.879591 0.473299
vn 0.476670 0.838624 0.263622
vn 0.478711 0.631256 0.610207
vn 0.039729 0.124671 0.991403
vn -0.259627 0.491671 0.831176
vn -0.444594 0.304448 0.842406
vn -0.130228 -0.019725 0.991288
vn -0.878657 0.062859 0.473298
vn -0.686408 -0.395593 0.610206
vn -0.891873 -0.367516 0.263620
vn -0.973736 -0.026399 0.226145
vn -0.275160 0.951681 0.136350
vn -0.661188 0.750220 -0.000004
vn -0.379001 0.882157 0.279564
vn -0.505378 0.662021 0.553463
vn -0.627891 0.602100 0.493182
vn -0.827542 0.486847 0.279560
vn -0.909562 0.392565 0.136343
vn 0.423112 0.372898 0.825787
vn 0.721986 0.636300 0.271769
vn 0.044565 0.039277 0.998234
vn -0.044565 -0.039277 0.998234
vn -0.423109 -0.372896 0.825788
vn -0.721986 -0.636300 0.271770
vn 0.321532 -0.364827 -0.873795
vn -0.085050 -0.440112 -0.893906
vn 0.000000 0.000000 -1.000000
vn -0.194102 -0.361000 -0.912142
vn -0.145138 -0.370054 -0.917603
vn -0.031606 -0.397847 -0.916907
vn -0.007814 0.018939 -0.999790
vn -0.113704 0.137214 -0.983994
vn -0.393013 -0.205720 -0.896226
vn -0.285152 0.507876 -0.812865
vn 0.000000 0.000000 -1.000000
vn -0.000000 0.000000 -1.000000
vn 0.402048 -0.456187 -0.793884
vn -0.051597 -0.637047 -0.769096
vn -0.364416 -0.675971 -0.640518
vn -0.359220 -0.744510 -0.562730
vn -0.116551 -0.834676 -0.538268
vn -0.113343 -0.895047 -0.431328
vn -0.784251 -0.412477 -0.463480
vn -0.880327 -0.012264 -0.474210
vn 0.268691 0.963226 0.000000
vn 0.411420 0.911446 0.000000
vn 0.420248 0.907409 0.000000
vn -0.156765 0.987636 0.000000
vn -0.149457 0.988768 0.000000
vn -0.661188 0.750220 0.000000
vn -0.661188 0.750220 0.000000
vn -0.518173 -0.829171 -0.209697
vn -0.407409 -0.891020 -0.200253
vn -0.153363 -0.973473 -0.169796
vn -0.139199 -0.975649 -0.169510
vn -0.847928 -0.481679 -0.221367
vn -0.973300 -0.056422 -0.222496
vn 0.228826 0.973465 0.002105
vn 0.419322 0.907838 0.000000
vn -0.151320 0.988485 0.000000
vn -0.661189 0.750219 0.000000
vn 0.447312 0.029071 -0.893905
vn 0.382530 0.147200 -0.912142
vn -0.121839 0.130044 -0.983994
vn 0.398664 -0.018636 -0.916908
vn -0.017807 0.010131 -0.999790
vn 0.385358 0.097489 -0.917603
vn -0.468020 0.346707 -0.812866
vn 0.253475 0.364048 -0.896225
vn 0.638486 -0.028864 -0.769093
vn 0.716407 0.276585 -0.640517
vn 0.783749 0.262819 -0.562729
vn 0.842706 0.010743 -0.538267
vn 0.902196 -0.000028 -0.431327
vn 0.507755 0.726205 -0.463476
vn 0.122788 0.871807 -0.474210
vn -0.989354 -0.145529 0.000000
vn -0.953025 -0.302893 0.000000
vn -0.955920 -0.293627 0.000000
vn -0.962149 0.272524 0.000000
vn -0.960107 0.279634 0.000000
vn 0.887711 0.409872 -0.209700
vn 0.935153 0.292210 -0.200253
vn 0.985027 0.029820 -0.169799
vn 0.985406 0.015493 -0.169514
vn 0.584412 0.780678 -0.221369
vn 0.178280 0.958493 -0.222503
vn -0.994502 -0.104693 0.002105
vn -0.953333 -0.301920 0.000000
vn -0.961634 0.274336 0.000000
vn 0.478710 0.631256 -0.610207
vn 0.048046 0.879590 -0.473299
vn 0.476670 0.838624 -0.263622
vn 0.148548 0.962701 -0.226143
vn 0.039728 0.124671 -0.991402
vn -0.259627 0.491672 -0.831176
vn -0.444594 0.304447 -0.842406
vn -0.130229 -0.019725 -0.991288
vn -0.686407 -0.395592 -0.610206
vn -0.878656 0.062857 -0.473299
vn -0.891872 -0.367518 -0.263621
vn -0.973736 -0.026405 -0.226146
vn -0.275160 0.951681 -0.136349
vn -0.379002 0.882157 -0.279565
vn -0.661189 0.750220 0.000004
vn -0.505378 0.662022 -0.553462
vn -0.627891 0.602100 -0.493181
vn -0.827542 0.486848 -0.279560
vn -0.909562 0.392566 -0.136343
vn 0.721986 0.636300 -0.271769
vn 0.423111 0.372898 -0.825787
vn 0.044565 0.039277 -0.998234
vn -0.044565 -0.039277 -0.998234
vn -0.423110 -0.372897 -0.825788
vn -0.721986 -0.636300 -0.271770
vn 0.671543 0.656058 -0.344408
vn 0.557116 0.552948 -0.619572
vn 0.705212 0.619508 -0.344799
vn 0.585843 0.515018 -0.625736
vn 0.264604 0.286320 -0.920872
vn 0.288262 0.253111 -0.923493
vn -0.024761 0.028096 -0.999299
vn 0.000152 -0.000173 -1.000000
vn -0.317300 -0.226528 -0.920872
vn -0.287329 -0.254174 -0.923492
vn -0.618572 -0.483219 -0.619570
vn -0.584552 -0.516482 -0.625736
vn -0.735243 -0.583784 -0.344403
vn -0.703211 -0.621773 -0.344807
vn -0.707641 -0.616733 -0.344797
vn -0.740625 -0.576407 -0.345298
vn -0.591866 -0.514989 -0.620065
vn -0.628357 -0.476957 -0.614556
vn -0.294035 -0.253414 -0.921588
vn -0.329612 -0.217617 -0.918694
vn -0.002626 0.002979 -0.999992
vn -0.039603 0.044937 -0.998205
vn 0.288353 0.259861 -0.921588
vn 0.257313 0.299654 -0.918694
vn 0.585279 0.522462 -0.620066
vn 0.552136 0.563439 -0.614559
vn 0.700766 0.624534 -0.344795
vn 0.664904 0.662321 -0.345301
vn -0.024976 0.028340 -0.999286
vn 0.324778 0.326065 -0.887807
vn 0.603255 0.571538 -0.556263
vn 0.682605 0.640027 -0.352726
vn -0.642814 -0.526652 -0.556262
vn -0.720730 -0.596769 -0.352726
vn -0.364295 -0.281228 -0.887806
vn -0.277315 -0.270064 -0.922042
vn -0.302771 -0.241182 -0.922042
vn -0.572257 -0.534319 -0.622114
vn -0.601992 -0.500578 -0.622115
vn -0.011880 0.013479 -0.999839
vn 0.011880 -0.013479 -0.999839
vn 0.277316 0.270063 -0.922042
vn 0.302770 0.241183 -0.922042
vn 0.572258 0.534318 -0.622113
vn 0.601993 0.500581 -0.622112
vn 0.688501 0.638077 -0.344709
vn 0.719535 0.602862 -0.344713
vn -0.719535 -0.602861 -0.344714
vn -0.688499 -0.638077 -0.344713
vn -0.690874 -0.635490 -0.344739
vn -0.576016 -0.533089 -0.619694
vn -0.280317 -0.269054 -0.921429
vn 0.010030 -0.011380 -0.999885
vn 0.302147 0.244286 -0.921429
vn 0.601246 0.504464 -0.619693
vn 0.717268 0.605544 -0.344736
vn 0.671543 0.656059 0.344408
vn 0.705212 0.619508 0.344798
vn 0.557117 0.552948 0.619572
vn 0.585842 0.515018 0.625735
vn 0.264605 0.286320 0.920872
vn 0.288261 0.253111 0.923494
vn -0.024761 0.028095 0.999299
vn 0.000152 -0.000173 1.000000
vn -0.287329 -0.254174 0.923492
vn -0.317301 -0.226529 0.920872
vn -0.584552 -0.516482 0.625736
vn -0.618572 -0.483220 0.619570
vn -0.703211 -0.621773 0.344808
vn -0.735243 -0.583784 0.344403
vn -0.628358 -0.476956 0.614556
vn -0.740626 -0.576406 0.345297
vn -0.591866 -0.514989 0.620065
vn -0.707640 -0.616733 0.344797
vn -0.329613 -0.217617 0.918694
vn -0.294035 -0.253414 0.921588
vn -0.039603 0.044936 0.998205
vn -0.002626 0.002979 0.999992
vn 0.288353 0.259861 0.921588
vn 0.257312 0.299655 0.918693
vn 0.585280 0.522462 0.620065
vn 0.552135 0.563440 0.614558
vn 0.700767 0.624534 0.344794
vn 0.664904 0.662322 0.345301
vn 0.324777 0.326066 0.887807
vn -0.024975 0.028340 0.999286
vn 0.603255 0.571537 0.556263
vn 0.682606 0.640027 0.352725
vn -0.642815 -0.526652 0.556262
vn -0.720730 -0.596768 0.352726
vn -0.364294 -0.281228 0.887806
vn -0.277316 -0.270064 0.922042
vn -0.572257 -0.534319 0.622114
vn -0.302771 -0.241182 0.922042
vn -0.601993 -0.500577 0.622115
vn -0.011880 0.013479 0.999839
vn 0.011880 -0.013479 0.999839
vn 0.277316 0.270063 0.922042
vn 0.302771 0.241183 0.922042
vn 0.572258 0.534318 0.622113
vn 0.601994 0.500580 0.622112
vn 0.688500 0.638077 0.344710
vn 0.719536 0.602861 0.344713
vn -0.719536 -0.602860 0.344714
vn -0.688499 -0.638077 0.344713
vn -0.576016 -0.533089 0.619695
vn -0.690874 -0.635490 0.344740
vn -0.280317 -0.269055 0.921429
vn 0.010030 -0.011380 0.999885
vn 0.302147 0.244286 0.921429
vn 0.601246 0.504464 0.619693
vn 0.717269 0.605543 0.344737
vn 0.290365 0.792960 -0.535633
vn 0.061640 0.524608 -0.849110
vn 0.279446 0.778958 -0.561369
vn 0.047393 0.508939 -0.859497
vn -0.219315 0.248846 -0.943386
vn -0.219191 0.248704 -0.943452
vn -0.510869 0.016968 -0.859491
vn -0.528216 0.004795 -0.849096
vn -0.807908 -0.179335 -0.561358
vn -0.823172 -0.188408 -0.535621
vn -0.962583 -0.270987 -0.000000
vn -0.962658 -0.270722 -0.000000
vn -0.823171 -0.188409 0.535622
vn -0.807907 -0.179335 0.561360
vn -0.528216 0.004795 0.849096
vn -0.510869 0.016968 0.859491
vn -0.219312 0.248846 0.943386
vn -0.219188 0.248704 0.943453
vn 0.047398 0.508939 0.859497
vn 0.061645 0.524608 0.849109
vn 0.279449 0.778957 0.561369
vn 0.290368 0.792959 0.535633
vn 0.389841 0.920882 -0.000000
vn 0.389590 0.920989 0.000000
vn -0.832462 -0.176143 0.525338
vn -0.542774 0.020453 0.839629
vn -0.819296 -0.167852 0.548251
vn -0.527354 0.031626 0.849057
vn -0.235007 0.266650 0.934703
vn -0.234930 0.266563 0.934747
vn 0.047936 0.541017 0.839644
vn 0.034924 0.527133 0.849065
vn 0.279363 0.803728 0.525335
vn 0.269484 0.791709 0.548248
vn 0.378336 0.925668 0.000000
vn 0.378473 0.925612 -0.000000
vn 0.279362 0.803727 -0.525338
vn 0.269483 0.791707 -0.548250
vn 0.047938 0.541019 -0.839643
vn 0.034927 0.527135 -0.849063
vn -0.235002 0.266649 -0.934705
vn -0.234925 0.266561 -0.934749
vn -0.542770 0.020452 -0.839632
vn -0.527349 0.031625 -0.849060
vn -0.832463 -0.176143 -0.525337
vn -0.819297 -0.167853 -0.548250
vn -0.965884 -0.258976 0.000000
vn -0.965845 -0.259122 0.000000
vn -0.661198 0.750211 0.000019
vn -0.661191 0.750218 0.000005
vn -0.661198 0.750211 0.000019
vn -0.661191 0.750218 0.000004
vn -0.661185 0.750223 0.000000
vn -0.661186 0.750222 0.000003
vn -0.661184 0.750224 0.000009
vn -0.661184 0.750224 0.000008
vn -0.661193 0.750216 0.000001
vn -0.661193 0.750216 0.000001
vn -0.661188 0.750221 0.000000
vn -0.661188 0.750220 -0.000000
vn -0.661191 0.750218 -0.000001
vn -0.661191 0.750217 -0.000001
vn -0.661185 0.750223 -0.000008
vn -0.661186 0.750222 -0.000009
vn -0.661189 0.750220 0.000000
vn -0.661189 0.750219 -0.000003
vn -0.661197 0.750212 -0.000019
vn -0.661198 0.750212 -0.000019
vn -0.661192 0.750217 -0.000004
vn -0.661192 0.750217 -0.000005
vn -0.661194 0.750215 -0.000000
vn -0.661194 0.750215 0.000000
vn -0.290362 -0.792961 -0.535632
vn -0.061614 -0.524631 -0.849097
vn -0.279442 -0.778960 -0.561368
vn -0.047359 -0.508953 -0.859491
vn 0.219313 -0.248839 -0.943388
vn 0.219182 -0.248701 -0.943455
vn 0.510866 -0.016964 -0.859493
vn 0.528211 -0.004793 -0.849100
vn 0.807905 0.179334 -0.561363
vn 0.823169 0.188411 -0.535625
vn 0.962571 0.271030 -0.000000
vn 0.962644 0.270769 -0.000000
vn 0.823167 0.188417 0.535626
vn 0.807903 0.179341 0.561364
vn 0.528210 -0.004792 0.849101
vn 0.510865 -0.016964 0.859494
vn 0.219313 -0.248839 0.943388
vn 0.219182 -0.248700 0.943455
vn -0.047361 -0.508953 0.859490
vn -0.061617 -0.524632 0.849097
vn -0.279444 -0.778962 0.561363
vn -0.290364 -0.792963 0.535629
vn -0.389832 -0.920886 -0.000000
vn -0.389581 -0.920992 -0.000000
vn 0.832449 0.176176 0.525348
vn 0.542766 -0.020435 0.839635
vn 0.819285 0.167887 0.548257
vn 0.527345 -0.031610 0.849063
vn 0.235004 -0.266641 0.934706
vn 0.234923 -0.266558 0.934750
vn -0.047936 -0.541010 0.839649
vn -0.034923 -0.527123 0.849071
vn -0.279358 -0.803729 0.525336
vn -0.269479 -0.791709 0.548251
vn -0.378331 -0.925670 0.000001
vn -0.378468 -0.925614 0.000001
vn -0.279358 -0.803731 -0.525334
vn -0.269478 -0.791710 -0.548249
vn -0.047938 -0.541012 -0.839647
vn -0.034925 -0.527126 -0.849069
vn 0.234999 -0.266643 -0.934707
vn 0.234918 -0.266560 -0.934751
vn 0.542763 -0.020433 -0.839638
vn 0.527342 -0.031608 -0.849065
vn 0.832449 0.176184 -0.525346
vn 0.819285 0.167896 -0.548255
vn 0.965882 0.258982 0.000000
vn 0.965842 0.259132 0.000000
vn 0.661184 -0.750224 -0.000012
vn 0.661189 -0.750219 0.000000
vn 0.661184 -0.750224 -0.000012
vn 0.661189 -0.750219 0.000001
vn 0.661188 -0.750220 0.000000
vn 0.661188 -0.750221 -0.000001
vn 0.661185 -0.750223 0.000007
vn 0.661186 -0.750222 0.000006
vn 0.661181 -0.750227 0.000006
vn 0.661180 -0.750227 0.000006
vn 0.661190 -0.750219 0.000000
vn 0.661188 -0.750220 0.000000
vn 0.661178 -0.750229 -0.000006
vn 0.661180 -0.750227 -0.000006
vn 0.661186 -0.750222 -0.000006
vn 0.661186 -0.750222 -0.000007
vn 0.661190 -0.750219 0.000000
vn 0.661189 -0.750219 0.000001
vn 0.661185 -0.750223 0.000012
vn 0.661185 -0.750223 0.000012
vn 0.661190 -0.750219 -0.000001
vn 0.661190 -0.750218 -0.000000
vn 0.661188 -0.750220 -0.000000
vn 0.661188 -0.750220 0.000000
vn 0.647845 -0.611692 0.454015
vn 0.727103 -0.686528 0.000001
vn 0.647219 -0.610600 0.456372
vn 0.727103 -0.686528 0.000005
vn 0.158922 -0.149980 0.975833
vn 0.154901 -0.145990 0.977084
vn -0.155092 0.144814 0.977228
vn -0.159880 0.149084 0.975814
vn -0.651489 0.607201 0.454828
vn -0.650768 0.607029 0.456090
vn -0.731534 0.681805 0.000000
vn -0.731534 0.681805 0.000000
vn -0.686370 -0.727253 0.000000
vn -0.686370 -0.727252 0.000000
vn -0.688048 -0.725635 0.006601
vn -0.688467 -0.725245 0.005728
vn 0.686393 0.727231 0.000000
vn 0.688063 0.725621 -0.006617
vn 0.686390 0.727234 -0.000002
vn 0.688479 0.725233 -0.005738
vn -0.695977 -0.718037 0.006225
vn -0.696023 -0.717990 0.006491
vn 0.696583 0.717441 -0.007127
vn 0.696610 0.717425 -0.006007
vn -0.695962 -0.718016 -0.009509
vn -0.696025 -0.717969 -0.008307
vn 0.695400 0.718571 0.008646
vn 0.695471 0.718500 0.008833
vn 0.684249 0.729192 0.009056
vn 0.684837 0.728654 0.007829
vn -0.684244 -0.729198 -0.009016
vn -0.684833 -0.728658 -0.007802
vn -0.681946 -0.731402 0.000000
vn -0.681948 -0.731401 0.000000
vn 0.681943 0.731406 0.000000
vn 0.681942 0.731406 0.000000
vn 0.647845 -0.611692 -0.454015
vn 0.647219 -0.610600 -0.456372
vn 0.727104 -0.686528 -0.000001
vn 0.727103 -0.686528 -0.000005
vn 0.154901 -0.145990 -0.977084
vn 0.158922 -0.149980 -0.975833
vn -0.159880 0.149084 -0.975814
vn -0.155092 0.144814 -0.977228
vn -0.650768 0.607029 -0.456089
vn -0.651489 0.607201 -0.454828
vn -0.731534 0.681805 0.000000
vn -0.731534 0.681805 0.000000
vn -0.688466 -0.725246 -0.005728
vn -0.686370 -0.727252 0.000000
vn -0.688048 -0.725635 -0.006601
vn -0.686370 -0.727252 0.000000
vn 0.686388 0.727235 0.000000
vn 0.686387 0.727237 0.000002
vn 0.688065 0.725619 0.006618
vn 0.688481 0.725232 0.005739
vn -0.696023 -0.717990 -0.006492
vn -0.695977 -0.718037 -0.006226
vn 0.696583 0.717441 0.007126
vn 0.696610 0.717425 0.006006
vn -0.695961 -0.718016 0.009510
vn -0.696025 -0.717970 0.008308
vn 0.695401 0.718570 -0.008646
vn 0.695472 0.718499 -0.008833
vn 0.684836 0.728655 -0.007829
vn 0.684247 0.729194 -0.009056
vn -0.684242 -0.729199 0.009017
vn -0.684832 -0.728660 0.007802
vn -0.681947 -0.731402 0.000000
vn -0.681948 -0.731401 0.000000
vn 0.681943 0.731405 0.000000
vn 0.681943 0.731406 0.000000
vn 0.153383 -0.153551 0.976164
vn 0.630836 -0.631422 0.450947
vn 0.155451 -0.155583 0.975515
vn 0.631228 -0.631721 0.449978
vn -0.154423 0.154879 0.975790
vn -0.151895 0.152305 0.976592
vn -0.630071 0.631880 0.451373
vn -0.630360 0.632265 0.450431
vn -0.706732 -0.707475 -0.002782
vn -0.706567 -0.707642 -0.002430
vn -0.703381 -0.710808 -0.002711
vn -0.703360 -0.710828 -0.002804
vn 0.706117 0.708077 0.005059
vn 0.699590 0.714523 0.005520
vn 0.705816 0.708381 0.004417
vn 0.699568 0.714550 0.004749
vn -0.703253 -0.710932 0.003405
vn -0.703235 -0.710951 0.002959
vn 0.700093 0.714032 -0.005356
vn 0.700048 0.714075 -0.005504
vn 0.706795 0.707398 -0.005501
vn 0.706466 0.707731 -0.004798
vn -0.707370 -0.706837 0.003199
vn -0.707175 -0.707033 0.002784
vn 0.707372 0.706841 0.000000
vn 0.707372 0.706841 0.000000
vn 0.706831 -0.707383 0.000000
vn 0.706831 -0.707383 0.000000
vn -0.707422 -0.706792 0.000000
vn -0.707421 -0.706792 0.000000
vn -0.708160 -0.706052 0.000000
vn -0.708161 -0.706051 0.000000
vn -0.706039 0.708173 0.000000
vn -0.706039 0.708173 0.000000
vn 0.708161 0.706051 0.000000
vn 0.708161 0.706051 0.000000
vn 0.153383 -0.153551 -0.976164
vn 0.155451 -0.155583 -0.975515
vn 0.630835 -0.631422 -0.450947
vn 0.631228 -0.631721 -0.449978
vn -0.154423 0.154879 -0.975790
vn -0.151895 0.152305 -0.976592
vn -0.630071 0.631880 -0.451373
vn -0.630360 0.632265 -0.450431
vn -0.703360 -0.710828 0.002804
vn -0.706568 -0.707641 0.002430
vn -0.703381 -0.710808 0.002711
vn -0.706733 -0.707475 0.002782
vn 0.706117 0.708077 -0.005059
vn 0.705816 0.708381 -0.004417
vn 0.699592 0.714521 -0.005520
vn 0.699570 0.714548 -0.004750
vn -0.703253 -0.710931 -0.003405
vn -0.703235 -0.710951 -0.002960
vn 0.700092 0.714033 0.005356
vn 0.700047 0.714075 0.005504
vn 0.706466 0.707731 0.004798
vn 0.706795 0.707398 0.005501
vn -0.707370 -0.706837 -0.003199
vn -0.707175 -0.707033 -0.002784
vn 0.707375 0.706838 0.000000
vn 0.707375 0.706839 0.000000
vn 0.706831 -0.707383 0.000000
vn 0.706831 -0.707383 0.000000
vn -0.707421 -0.706793 0.000000
vn -0.707420 -0.706793 0.000000
vn -0.708161 -0.706051 0.000000
vn -0.708161 -0.706051 0.000000
vn -0.706038 0.708174 0.000000
vn -0.706039 0.708173 0.000000
vn 0.708161 0.706051 0.000000
vn 0.708161 0.706051 0.000000
vn 0.144537 -0.161376 -0.976252
vn 0.147924 -0.165546 -0.975045
vn 0.595106 -0.665480 -0.450538
vn 0.594646 -0.665923 -0.450493
vn -0.147490 0.161728 -0.975751
vn -0.143107 0.157302 -0.977127
vn -0.600538 0.659037 -0.452796
vn -0.602183 0.659858 -0.449403
vn -0.674089 0.738651 -0.000000
vn -0.674089 0.738650 -0.000000
vn -0.736876 -0.676000 0.006154
vn -0.743875 -0.668298 0.005382
vn -0.736932 -0.675940 0.006091
vn -0.744232 -0.667893 0.006180
vn 0.742739 0.669463 -0.012545
vn 0.742035 0.670272 -0.010920
vn 0.727354 0.686133 -0.013342
vn 0.727296 0.686223 -0.011745
vn -0.735722 -0.677278 -0.002571
vn -0.735726 -0.677276 -0.002019
vn 0.727205 0.686372 0.008167
vn 0.727149 0.686427 0.008530
vn 0.736394 0.676512 0.007416
vn 0.736862 0.675990 0.008486
vn -0.738376 -0.674386 -0.002167
vn -0.738263 -0.674510 -0.001914
vn -0.738882 -0.673834 0.000011
vn -0.738886 -0.673831 0.000010
vn 0.738888 0.673828 -0.000008
vn 0.738888 0.673828 -0.000008
vn 0.745705 0.666276 0.000014
vn 0.745710 0.666270 0.000009
vn 0.666060 -0.745898 -0.000002
vn 0.666061 -0.745898 0.000000
vn -0.745692 -0.666291 -0.000005
vn -0.745697 -0.666285 0.000000
vn 0.144538 -0.161376 0.976252
vn 0.595107 -0.665480 0.450538
vn 0.147923 -0.165547 0.975045
vn 0.594646 -0.665923 0.450493
vn -0.147490 0.161729 0.975751
vn -0.143107 0.157302 0.977127
vn -0.600538 0.659037 0.452796
vn -0.602183 0.659858 0.449402
vn -0.674088 0.738651 0.000000
vn -0.674089 0.738650 0.000000
vn -0.744232 -0.667892 -0.006180
vn -0.743875 -0.668297 -0.005382
vn -0.736932 -0.675940 -0.006088
vn -0.736876 -0.676000 -0.006151
vn 0.742739 0.669464 0.012546
vn 0.727354 0.686133 0.013344
vn 0.742035 0.670272 0.010921
vn 0.727296 0.686223 0.011747
vn -0.735722 -0.677278 0.002573
vn -0.735726 -0.677276 0.002021
vn 0.727204 0.686373 -0.008169
vn 0.727148 0.686427 -0.008533
vn 0.736863 0.675989 -0.008486
vn 0.736395 0.676511 -0.007416
vn -0.738378 -0.674383 0.002169
vn -0.738265 -0.674508 0.001915
vn -0.738887 -0.673829 -0.000011
vn -0.738889 -0.673827 -0.000010
vn 0.738888 0.673829 0.000008
vn 0.738888 0.673828 0.000008
vn 0.745705 0.666276 -0.000014
vn 0.745711 0.666270 -0.000009
vn 0.666060 -0.745898 0.000003
vn 0.666061 -0.745897 0.000000
vn -0.745694 -0.666288 0.000000
vn -0.745691 -0.666292 0.000005
vn -0.246365 0.284811 0.926384
vn -0.555872 0.641731 0.528382
vn -0.211955 0.096517 0.972502
vn -0.620102 0.590225 0.516825
vn 0.066092 -0.231878 0.970497
vn 0.490237 -0.700841 0.518160
vn 0.242143 -0.285591 0.927256
vn 0.547091 -0.645733 0.532654
vn -0.517904 -0.682373 0.515890
vn -0.749087 -0.415606 0.515888
vn -0.000002 0.000000 1.000000
vn -0.000000 -0.000001 1.000000
vn 0.554726 -0.832033 -0.000000
vn 0.646426 -0.762977 -0.000004
vn -0.571702 -0.820462 -0.000001
vn -0.893423 -0.449217 -0.000004
vn -0.738586 0.674160 0.000000
vn -0.655337 0.755337 0.000002
vn 0.755242 0.655447 -0.000001
vn 0.755243 0.655445 -0.000001
vn 0.755242 0.655446 -0.000001
vn 0.755246 0.655442 0.000000
vn 0.963378 -0.268148 -0.000002
vn 0.963377 -0.268149 -0.000001
vn 0.963377 -0.268149 -0.000001
vn 0.963377 -0.268151 -0.000001
vn 0.755238 0.655450 -0.000002
vn 0.755239 0.655450 -0.000002
vn 0.755239 0.655450 -0.000002
vn 0.755240 0.655449 -0.000001
vn -0.129146 0.991626 -0.000003
vn -0.129149 0.991625 -0.000000
vn -0.129149 0.991625 -0.000000
vn -0.129151 0.991625 0.000002
vn 0.754929 0.655807 0.000001
vn 0.754930 0.655806 0.000001
vn 0.754930 0.655806 0.000001
vn 0.754930 0.655805 0.000000
vn -0.246364 0.284810 -0.926384
vn -0.211955 0.096517 -0.972502
vn -0.555872 0.641731 -0.528382
vn -0.620102 0.590225 -0.516825
vn 0.066092 -0.231878 -0.970497
vn 0.242143 -0.285591 -0.927256
vn 0.490237 -0.700841 -0.518160
vn 0.547091 -0.645733 -0.532654
vn -0.517904 -0.682373 -0.515891
vn -0.749087 -0.415606 -0.515889
vn -0.000001 0.000000 -1.000000
vn -0.000000 -0.000001 -1.000000
vn 0.554727 -0.832033 0.000000
vn 0.646426 -0.762977 0.000005
vn -0.571702 -0.820462 0.000001
vn -0.893423 -0.449217 0.000004
vn -0.738586 0.674159 0.000000
vn -0.655336 0.755337 0.000000
vn 0.755241 0.655448 0.000002
vn 0.755242 0.655447 0.000002
vn 0.755242 0.655446 0.000002
vn 0.755246 0.655442 0.000001
vn 0.963378 -0.268148 0.000002
vn 0.963377 -0.268150 0.000001
vn 0.963377 -0.268150 0.000001
vn 0.963377 -0.268151 0.000001
vn 0.755239 0.655449 0.000001
vn 0.755239 0.655450 0.000002
vn 0.755239 0.655450 0.000002
vn 0.755239 0.655450 0.000002
vn -0.129146 0.991626 0.000002
vn -0.129149 0.991625 -0.000000
vn -0.129148 0.991625 0.000000
vn -0.129151 0.991625 -0.000002
vn 0.754929 0.655807 -0.000001
vn 0.754930 0.655806 -0.000001
vn 0.754930 0.655806 -0.000001
vn 0.754930 0.655805 -0.000001
vn 0.000000 0.000002 -1.000000
vn -0.000000 0.000001 -1.000000
vn 0.000000 0.000002 -1.000000
vn 0.000000 0.000000 -1.000000
vn 0.000000 0.000003 -1.000000
vn 0.000000 0.000003 -1.000000
vn 0.000000 0.000000 1.000000
vn 0.000000 0.000001 1.000000
vn 0.000000 0.000003 1.000000
vn -0.000000 0.000003 1.000000
vn 0.000000 0.000004 1.000000
vn 0.000000 0.000003 1.000000
vn -0.000001 -0.000000 1.000000
vn -0.000000 -0.000000 1.000000
vn 0.931520 0.363691 0.000000
vn 0.698283 0.715822 0.000000
vn 0.931520 0.363690 0.000000
vn 0.698283 0.715822 0.000000
vn -0.698286 -0.715819 0.000000
vn -0.698287 -0.715818 0.000000
vn -0.923572 -0.383424 0.000000
vn -0.923572 -0.383425 0.000000
vn 0.851480 -0.524387 0.000000
vn 0.851480 -0.524388 0.000000
vn -0.810929 0.585145 0.000000
vn -0.810929 0.585144 0.000000
vn -0.605063 0.796178 0.000000
vn -0.605063 0.796177 0.000000
vn 0.545327 -0.838224 0.000000
vn 0.545327 -0.838224 0.000000
vn -0.000003 -0.000001 1.000000
vn -0.000003 -0.000001 1.000000
vn -0.000004 -0.000000 1.000000
vn -0.000003 0.000001 1.000000
vn -0.000000 -0.000000 -1.000000
vn -0.000001 -0.000000 -1.000000
vn -0.000003 -0.000001 -1.000000
vn -0.000003 -0.000001 -1.000000
vn -0.000003 0.000000 -1.000000
vn -0.000003 -0.000000 -1.000000
vn -0.340482 -0.940251 0.000000
vn -0.698283 -0.715822 0.000000
vn -0.340482 -0.940251 0.000000
vn -0.698282 -0.715822 0.000000
vn 0.698286 0.715819 0.000000
vn 0.698285 0.715819 0.000000
vn 0.360415 0.932792 0.000000
vn 0.360415 0.932792 0.000000
vn 0.000000 0.000002 -1.000000
vn -0.000000 0.000001 -1.000000
vn 0.000000 0.000002 -1.000000
vn 0.000000 0.000000 -1.000000
vn 0.000000 0.000003 -1.000000
vn 0.000000 0.000003 -1.000000
vn 0.000000 0.000000 1.000000
vn -0.000000 0.000001 1.000000
vn -0.000000 0.000003 1.000000
vn -0.000001 0.000003 1.000000
vn 0.000000 0.000004 1.000000
vn 0.000000 0.000003 1.000000
vn -0.000000 -0.000000 1.000000
vn 0.000000 -0.000000 1.000000
vn 0.931521 0.363688 0.000000
vn 0.698284 0.715821 0.000000
vn 0.931520 0.363689 0.000000
vn 0.698283 0.715822 0.000000
vn -0.698287 -0.715818 0.000000
vn -0.698290 -0.715815 0.000000
vn -0.923572 -0.383425 0.000000
vn -0.923574 -0.383420 0.000000
vn 0.851480 -0.524387 0.000000
vn 0.851480 -0.524387 0.000000
vn -0.810930 0.585143 0.000000
vn -0.810929 0.585144 0.000000
vn -0.605063 0.796177 0.000000
vn -0.605062 0.796178 0.000000
vn 0.545329 -0.838222 0.000000
vn 0.545329 -0.838222 0.000000
vn -0.000002 -0.000001 1.000000
vn -0.000003 -0.000001 1.000000
vn -0.000004 -0.000000 1.000000
vn -0.000005 0.000001 1.000000
vn -0.000000 -0.000000 -1.000000
vn -0.000001 -0.000000 -1.000000
vn -0.000003 -0.000001 -1.000000
vn -0.000003 -0.000001 -1.000000
vn -0.000003 0.000000 -1.000000
vn -0.000003 -0.000000 -1.000000
vn -0.340485 -0.940250 0.000000
vn -0.698284 -0.715821 0.000000
vn -0.340485 -0.940250 0.000000
vn -0.698283 -0.715821 0.000000
vn 0.698276 0.715829 0.000000
vn 0.698277 0.715828 0.000000
vn 0.360414 0.932792 0.000000
vn 0.360416 0.932792 0.000000
vn -0.135344 0.152422 0.979004
vn -0.599783 0.674958 0.429758
vn -0.137164 0.158183 0.977836
vn -0.593578 0.684442 0.423326
vn 0.135099 -0.157825 0.978182
vn 0.137175 -0.156866 0.978047
vn 0.588618 -0.688267 0.424049
vn 0.594435 -0.680274 0.428806
vn 0.146504 -0.136689 0.979721
vn 0.655467 -0.612585 0.441704
vn 0.142855 -0.132903 0.980780
vn 0.649301 -0.604201 0.461897
vn -0.144135 0.131865 0.980733
vn -0.138085 0.123753 0.982658
vn -0.659621 0.591019 0.464323
vn -0.661898 0.604574 0.443149
vn -0.136713 0.141121 0.980507
vn -0.625397 0.645271 0.438753
vn 0.142877 -0.148188 0.978584
vn 0.624693 -0.647829 0.435978
vn 0.643247 -0.630142 0.434920
vn 0.146700 -0.143702 0.978687
vn -0.142627 0.139310 0.979924
vn -0.643593 0.628436 0.436872
vn 0.659871 0.751379 0.000000
vn 0.659871 0.751379 0.000000
vn 0.659871 0.751379 0.000000
vn 0.659871 0.751379 0.000001
vn 0.659873 0.751377 0.000000
vn 0.659873 0.751377 0.000001
vn 0.659874 0.751377 0.000000
vn 0.659874 0.751377 0.000000
vn 0.659865 0.751384 0.000000
vn 0.659867 0.751382 0.000000
vn 0.659866 0.751383 0.000000
vn 0.659867 0.751383 0.000000
vn -0.655179 0.755474 0.000000
vn -0.664457 0.747326 0.000000
vn -0.696170 0.717877 0.000000
vn -0.715568 0.698544 0.000000
vn -0.738895 0.673820 0.000000
vn -0.744774 0.667317 0.000000
vn 0.659873 0.751378 0.000002
vn 0.659872 0.751378 0.000002
vn 0.659871 0.751379 0.000001
vn 0.659871 0.751379 0.000003
vn 0.659866 0.751383 0.000000
vn 0.659867 0.751383 0.000000
vn 0.729879 -0.683577 0.000000
vn 0.732074 -0.681225 0.000000
vn 0.714350 -0.699788 0.000000
vn 0.694171 -0.719810 0.000000
vn 0.657698 -0.753282 0.000000
vn 0.649488 -0.760372 0.000000
vn -0.135344 0.152422 -0.979004
vn -0.137164 0.158183 -0.977837
vn -0.599783 0.674958 -0.429758
vn -0.593578 0.684442 -0.423326
vn 0.135099 -0.157825 -0.978182
vn 0.137175 -0.156866 -0.978047
vn 0.588618 -0.688267 -0.424049
vn 0.594435 -0.680274 -0.428807
vn 0.146504 -0.136689 -0.979721
vn 0.142855 -0.132903 -0.980780
vn 0.655467 -0.612585 -0.441704
vn 0.649301 -0.604201 -0.461897
vn -0.138085 0.123753 -0.982659
vn -0.144135 0.131865 -0.980733
vn -0.659621 0.591019 -0.464324
vn -0.661899 0.604574 -0.443149
vn -0.136713 0.141121 -0.980507
vn -0.625397 0.645271 -0.438753
vn 0.142877 -0.148188 -0.978584
vn 0.624692 -0.647829 -0.435978
vn 0.146700 -0.143702 -0.978687
vn 0.643247 -0.630142 -0.434920
vn -0.142627 0.139310 -0.979924
vn -0.643592 0.628436 -0.436872
vn -0.655179 0.755473 0.000000
vn -0.664457 0.747327 0.000000
vn -0.696170 0.717877 0.000000
vn -0.715568 0.698543 0.000000
vn -0.738895 0.673820 0.000000
vn -0.744775 0.667316 0.000000
vn 0.729879 -0.683577 0.000000
vn 0.732075 -0.681224 0.000000
vn 0.714350 -0.699788 0.000000
vn 0.694171 -0.719810 0.000000
vn 0.657698 -0.753282 0.000000
vn 0.649488 -0.760372 0.000000
s 1
g item_blade
f 1036/1259/1445 1026/1260/1446 1035/1262/1447
f 1035/1262/1447 1026/1260/1446 1027/1261/1448
s 2
f 1028/1263/1449 1032/1264/1450 1029/1266/1451
f 1029/1266/1451 1032/1264/1450 1033/1265/1452
s 3
f 1030/1267/1453 1031/1268/1454 1026/1260/1455
f 1026/1260/1455 1031/1268/1454 1027/1261/1456
s 4
f 1028/1263/1457 1029/1266/1458 1030/1267/1459
f 1030/1267/1459 1029/1266/1458 1031/1268/1460
s 5
f 1031/1268/1461 1029/1266/1462 1034/1270/1463
f 1034/1270/1463 1029/1266/1462 1033/1269/1464
s 6
f 1031/1268/1465 1034/1270/1466 1027/1261/1467
f 1027/1261/1467 1034/1270/1466 1035/1271/1468
s 7
f 1047/1272/1469 1046/1273/1470 1037/1275/1471
f 1037/1275/1471 1046/1273/1470 1038/1274/1472
s 8
f 1039/1276/1473 1040/1277/1474 1043/1279/1475
f 1043/1279/1475 1040/1277/1474 1044/1278/1476
s 9
f 1038/1274/1477 1042/1280/1478 1037/1275/1479
f 1037/1275/1479 1042/1280/1478 1041/1281/1480
s 10
f 1042/1280/1481 1040/1277/1482 1041/1281/1483
f 1041/1281/1483 1040/1277/1482 1039/1276/1484
s 11
f 1042/1280/1485 1045/1282/1486 1040/1277/1487
f 1040/1277/1487 1045/1282/1486 1044/1283/1488
s 12
f 1042/1280/1489 1038/1274/1490 1045/1282/1491
f 1045/1282/1491 1038/1274/1490 1046/1284/1492
s 13
f 1056/1285/1493 1058/1288/1494 1057/1286/1495
f 1057/1286/1495 1058/1288/1494 1059/1287/1496
f 1058/1288/1494 1060/1290/1497 1059/1287/1496
f 1059/1287/1496 1060/1290/1497 1061/1289/1498
f 1060/1290/1497 1062/1292/1499 1061/1289/1498
f 1061/1289/1498 1062/1292/1499 1063/1291/1500
s 14
f 1048/1293/1501 1052/1296/1502 1049/1294/1503
f 1049/1294/1503 1052/1296/1502 1053/1295/1504
f 1049/1294/1503 1053/1295/1504 1050/1297/1505
f 1050/1297/1505 1053/1295/1504 1054/1298/1506
f 1050/1297/1505 1054/1298/1506 1051/1299/1507
f 1051/1299/1507 1054/1298/1506 1055/1300/1508
s 15
f 1049/1294/1509 1058/1302/1510 1048/1293/1511
f 1048/1293/1511 1058/1302/1510 1056/1301/1512
s 16
f 1053/1295/1513 1052/1296/1514 1059/1303/1515
f 1059/1303/1515 1052/1296/1514 1057/1304/1516
s 15
f 1049/1294/1509 1050/1297/1517 1058/1302/1510
f 1058/1302/1510 1050/1297/1517 1060/1305/1518
s 16
f 1053/1295/1513 1059/1303/1515 1054/1298/1519
f 1054/1298/1519 1059/1303/1515 1061/1306/1520
s 15
f 1050/1297/1517 1051/1299/1521 1060/1305/1518
f 1060/1305/1518 1051/1299/1521 1062/1307/1522
s 16
f 1054/1298/1519 1061/1306/1520 1055/1300/1523
f 1055/1300/1523 1061/1306/1520 1063/1308/1524
s 13
f 1052/1296/1525 1048/1293/1526 1057/1309/1495
f 1057/1309/1495 1048/1293/1526 1056/1310/1493
f 1070/1311/1527 1071/1314/1528 1072/1312/1529
f 1072/1312/1529 1071/1314/1528 1073/1313/1530
f 1072/1312/1529 1073/1313/1530 1074/1315/1531
f 1074/1315/1531 1073/1313/1530 1075/1316/1532
f 1074/1315/1531 1075/1316/1532 1062/1292/1499
f 1062/1292/1499 1075/1316/1532 1063/1291/1500
s 14
f 1064/1317/1533 1065/1320/1534 1067/1318/1535
f 1067/1318/1535 1065/1320/1534 1068/1319/1536
f 1065/1320/1534 1066/1322/1537 1068/1319/1536
f 1068/1319/1536 1066/1322/1537 1069/1321/1538
f 1066/1322/1537 1051/1299/1507 1069/1321/1538
f 1069/1321/1538 1051/1299/1507 1055/1300/1508
s 15
f 1070/1324/1539 1072/1323/1540 1064/1317/1541
f 1064/1317/1541 1072/1323/1540 1065/1320/1542
s 16
f 1068/1319/1543 1073/1326/1544 1067/1318/1545
f 1067/1318/1545 1073/1326/1544 1071/1325/1546
s 15
f 1065/1320/1542 1072/1323/1540 1066/1322/1547
f 1066/1322/1547 1072/1323/1540 1074/1327/1548
s 16
f 1075/1328/1549 1073/1326/1544 1069/1321/1550
f 1069/1321/1550 1073/1326/1544 1068/1319/1543
s 15
f 1066/1322/1547 1074/1327/1548 1051/1299/1521
f 1051/1299/1521 1074/1327/1548 1062/1307/1522
s 16
f 1063/1308/1524 1075/1328/1549 1055/1300/1523
f 1055/1300/1523 1075/1328/1549 1069/1321/1550
s 13
f 1067/1318/1551 1071/1330/1528 1064/1317/1552
f 1064/1317/1552 1071/1330/1528 1070/1329/1527
s 21
f 1080/1331/1553 1082/1332/1554 1081/1334/1555
f 1081/1334/1555 1082/1332/1554 1083/1333/1556
f 1082/1332/1554 1085/1335/1557 1083/1333/1556
f 1083/1333/1556 1085/1335/1557 1086/1336/1558
s 22
f 1076/1337/1559 1078/1338/1560 1077/1340/1561
f 1077/1340/1561 1078/1338/1560 1079/1339/1562
f 1077/1340/1561 1079/1339/1562 1084/1342/1563
f 1084/1342/1563 1079/1339/1562 1087/1341/1564
s 23
f 1077/1344/1565 1082/1332/1566 1076/1343/1567
f 1076/1343/1567 1082/1332/1566 1080/1331/1568
s 24
f 1079/1345/1569 1078/1346/1570 1083/1333/1571
f 1083/1333/1571 1078/1346/1570 1081/1334/1572
s 23
f 1084/1347/1573 1085/1335/1574 1077/1344/1565
f 1077/1344/1565 1085/1335/1574 1082/1332/1566
s 24
f 1087/1348/1575 1079/1345/1569 1086/1336/1576
f 1086/1336/1576 1079/1345/1569 1083/1333/1571
s 23
f 1088/1350/1577 1076/1343/1567 1089/1349/1578
f 1089/1349/1578 1076/1343/1567 1080/1331/1568
s 21
f 1090/1351/1579 1089/1349/1580 1081/1334/1555
f 1081/1334/1555 1089/1349/1580 1080/1331/1553
s 24
f 1091/1352/1581 1090/1351/1582 1078/1346/1570
f 1078/1346/1570 1090/1351/1582 1081/1334/1572
s 22
f 1088/1353/1583 1091/1354/1584 1076/1337/1559
f 1076/1337/1559 1091/1354/1584 1078/1338/1560
s 25
f 1090/1355/1585 1091/1354/1586 1089/1356/1587
f 1089/1356/1587 1091/1354/1586 1088/1353/1588
s 26
f 1085/1357/1589 1084/1342/1590 1086/1358/1591
f 1086/1358/1591 1084/1342/1590 1087/1341/1592
s 27
f 1096/1359/1593 1097/1360/1594 1098/1362/1595
f 1098/1362/1595 1097/1360/1594 1099/1361/1596
f 1098/1362/1595 1099/1361/1596 1101/1364/1597
f 1101/1364/1597 1099/1361/1596 1102/1363/1598
s 28
f 1092/1365/1599 1093/1366/1600 1094/1368/1601
f 1094/1368/1601 1093/1366/1600 1095/1367/1602
f 1093/1366/1600 1100/1369/1603 1095/1367/1602
f 1095/1367/1602 1100/1369/1603 1103/1370/1604
s 29
f 1096/1359/1605 1098/1362/1606 1092/1371/1607
f 1092/1371/1607 1098/1362/1606 1093/1372/1608
s 30
f 1095/1373/1609 1099/1361/1610 1094/1374/1611
f 1094/1374/1611 1099/1361/1610 1097/1360/1612
s 29
f 1098/1362/1606 1101/1364/1613 1093/1372/1608
f 1093/1372/1608 1101/1364/1613 1100/1375/1614
s 30
f 1099/1361/1610 1095/1373/1609 1102/1363/1615
f 1102/1363/1615 1095/1373/1609 1103/1376/1616
s 29
f 1096/1359/1605 1092/1371/1607 1105/1377/1617
f 1105/1377/1617 1092/1371/1607 1104/1378/1618
s 27
f 1106/1379/1619 1097/1360/1594 1105/1377/1620
f 1105/1377/1620 1097/1360/1594 1096/1359/1593
s 30
f 1097/1360/1612 1106/1379/1621 1094/1374/1611
f 1094/1374/1611 1106/1379/1621 1107/1380/1622
s 28
f 1104/1381/1623 1092/1365/1599 1107/1382/1624
f 1107/1382/1624 1092/1365/1599 1094/1368/1601
s 31
f 1106/1383/1625 1105/1384/1626 1107/1382/1627
f 1107/1382/1627 1105/1384/1626 1104/1381/1628
s 32
f 1101/1385/1629 1102/1386/1630 1100/1369/1631
f 1100/1369/1631 1102/1386/1630 1103/1370/1632
s 33
f 1112/1387/1633 1114/1388/1634 1113/1390/1635
f 1113/1390/1635 1114/1388/1634 1115/1389/1636
f 1114/1388/1634 1117/1391/1637 1115/1389/1636
f 1115/1389/1636 1117/1391/1637 1118/1392/1638
s 34
f 1108/1393/1639 1110/1394/1640 1109/1396/1641
f 1109/1396/1641 1110/1394/1640 1111/1395/1642
f 1109/1396/1641 1111/1395/1642 1116/1398/1643
f 1116/1398/1643 1111/1395/1642 1119/1397/1644
s 35
f 1109/1400/1645 1114/1388/1646 1108/1399/1647
f 1108/1399/1647 1114/1388/1646 1112/1387/1648
s 36
f 1111/1401/1649 1110/1402/1650 1115/1389/1651
f 1115/1389/1651 1110/1402/1650 1113/1390/1652
s 35
f 1116/1403/1653 1117/1391/1654 1109/1400/1645
f 1109/1400/1645 1117/1391/1654 1114/1388/1646
s 36
f 1119/1404/1655 1111/1401/1649 1118/1392/1656
f 1118/1392/1656 1111/1401/1649 1115/1389/1651
s 35
f 1120/1406/1657 1108/1399/1647 1121/1405/1658
f 1121/1405/1658 1108/1399/1647 1112/1387/1648
s 33
f 1122/1407/1659 1121/1405/1660 1113/1390/1635
f 1113/1390/1635 1121/1405/1660 1112/1387/1633
s 36
f 1123/1408/1661 1122/1407/1662 1110/1402/1650
f 1110/1402/1650 1122/1407/1662 1113/1390/1652
s 34
f 1120/1409/1663 1123/1410/1664 1108/1393/1639
f 1108/1393/1639 1123/1410/1664 1110/1394/1640
s 37
f 1122/1411/1665 1123/1410/1666 1121/1412/1667
f 1121/1412/1667 1123/1410/1666 1120/1409/1668
s 38
f 1117/1413/1669 1116/1398/1670 1118/1414/1671
f 1118/1414/1671 1116/1398/1670 1119/1397/1672
s 39
f 1128/1415/1673 1129/1416/1674 1130/1418/1675
f 1130/1418/1675 1129/1416/1674 1131/1417/1676
f 1130/1418/1675 1131/1417/1676 1133/1420/1677
f 1133/1420/1677 1131/1417/1676 1134/1419/1678
s 40
f 1124/1421/1679 1125/1422/1680 1126/1424/1681
f 1126/1424/1681 1125/1422/1680 1127/1423/1682
f 1125/1422/1680 1132/1425/1683 1127/1423/1682
f 1127/1423/1682 1132/1425/1683 1135/1426/1684
s 41
f 1128/1415/1685 1130/1418/1686 1124/1427/1687
f 1124/1427/1687 1130/1418/1686 1125/1428/1688
s 42
f 1127/1429/1689 1131/1417/1690 1126/1430/1691
f 1126/1430/1691 1131/1417/1690 1129/1416/1692
s 41
f 1130/1418/1686 1133/1420/1693 1125/1428/1688
f 1125/1428/1688 1133/1420/1693 1132/1431/1694
s 42
f 1131/1417/1690 1127/1429/1689 1134/1419/1695
f 1134/1419/1695 1127/1429/1689 1135/1432/1696
s 41
f 1128/1415/1685 1124/1427/1687 1137/1433/1697
f 1137/1433/1697 1124/1427/1687 1136/1434/1698
s 39
f 1138/1435/1699 1129/1416/1674 1137/1433/1700
f 1137/1433/1700 1129/1416/1674 1128/1415/1673
s 42
f 1129/1416/1692 1138/1435/1701 1126/1430/1691
f 1126/1430/1691 1138/1435/1701 1139/1436/1702
s 40
f 1136/1437/1703 1124/1421/1679 1139/1438/1704
f 1139/1438/1704 1124/1421/1679 1126/1424/1681
s 43
f 1138/1439/1705 1137/1440/1706 1139/1438/1707
f 1139/1438/1707 1137/1440/1706 1136/1437/1708
s 44
f 1133/1441/1709 1134/1442/1710 1132/1425/1711
f 1132/1425/1711 1134/1442/1710 1135/1426/1712
s 45
f 1148/1443/1713 1149/1444/1714 1150/1446/1715
f 1150/1446/1715 1149/1444/1714 1151/1445/1716
f 1150/1446/1715 1151/1445/1716 1152/1448/1717
f 1152/1448/1717 1151/1445/1716 1153/1447/1718
f 1152/1448/1717 1153/1447/1718 1154/1450/1719
f 1154/1450/1719 1153/1447/1718 1155/1449/1720
s 46
f 1140/1451/1721 1141/1452/1722 1144/1454/1723
f 1144/1454/1723 1141/1452/1722 1145/1453/1724
f 1141/1452/1722 1142/1455/1725 1145/1453/1724
f 1145/1453/1724 1142/1455/1725 1146/1456/1726
f 1142/1455/1725 1143/1457/1727 1146/1456/1726
f 1146/1456/1726 1143/1457/1727 1147/1458/1728
s 47
f 1148/1459/1729 1150/1460/1730 1140/1451/1731
f 1140/1451/1731 1150/1460/1730 1141/1452/1732
s 48
f 1145/1453/1733 1151/1461/1734 1144/1454/1735
f 1144/1454/1735 1151/1461/1734 1149/1462/1736
s 47
f 1141/1452/1732 1150/1460/1730 1142/1455/1737
f 1142/1455/1737 1150/1460/1730 1152/1463/1738
s 48
f 1153/1464/1739 1151/1461/1734 1146/1456/1740
f 1146/1456/1740 1151/1461/1734 1145/1453/1733
s 47
f 1142/1455/1737 1152/1463/1738 1143/1457/1741
f 1143/1457/1741 1152/1463/1738 1154/1465/1742
s 48
f 1155/1466/1743 1153/1464/1739 1147/1458/1744
f 1147/1458/1744 1153/1464/1739 1146/1456/1740
s 45
f 1144/1454/1745 1149/1467/1714 1140/1451/1746
f 1140/1451/1746 1149/1467/1714 1148/1468/1713
f 1162/1469/1747 1164/1470/1748 1163/1472/1749
f 1163/1472/1749 1164/1470/1748 1165/1471/1750
f 1164/1470/1748 1166/1473/1751 1165/1471/1750
f 1165/1471/1750 1166/1473/1751 1167/1474/1752
f 1166/1473/1751 1154/1450/1719 1167/1474/1752
f 1167/1474/1752 1154/1450/1719 1155/1449/1720
s 46
f 1156/1475/1753 1159/1476/1754 1157/1478/1755
f 1157/1478/1755 1159/1476/1754 1160/1477/1756
f 1157/1478/1755 1160/1477/1756 1158/1480/1757
f 1158/1480/1757 1160/1477/1756 1161/1479/1758
f 1158/1480/1757 1161/1479/1758 1143/1457/1727
f 1143/1457/1727 1161/1479/1758 1147/1458/1728
s 47
f 1157/1478/1759 1164/1481/1760 1156/1475/1761
f 1156/1475/1761 1164/1481/1760 1162/1482/1762
s 48
f 1160/1477/1763 1159/1476/1764 1165/1484/1765
f 1165/1484/1765 1159/1476/1764 1163/1483/1766
s 47
f 1157/1478/1759 1158/1480/1767 1164/1481/1760
f 1164/1481/1760 1158/1480/1767 1166/1485/1768
s 48
f 1160/1477/1763 1165/1484/1765 1161/1479/1769
f 1161/1479/1769 1165/1484/1765 1167/1486/1770
s 47
f 1158/1480/1767 1143/1457/1741 1166/1485/1768
f 1166/1485/1768 1143/1457/1741 1154/1465/1742
s 48
f 1161/1479/1769 1167/1486/1770 1147/1458/1744
f 1147/1458/1744 1167/1486/1770 1155/1466/1743
s 45
f 1159/1476/1771 1156/1475/1772 1163/1488/1749
f 1163/1488/1749 1156/1475/1772 1162/1487/1747
s 53
f 1168/1489/1773 1169/1490/1774 1180/1492/1775
f 1180/1492/1775 1169/1490/1774 1181/1491/1776
f 1169/1490/1774 1170/1493/1777 1181/1491/1776
f 1181/1491/1776 1170/1493/1777 1182/1494/1778
f 1170/1493/1777 1171/1495/1779 1182/1494/1778
f 1182/1494/1778 1171/1495/1779 1183/1496/1780
f 1171/1495/1779 1172/1497/1781 1183/1496/1780
f 1183/1496/1780 1172/1497/1781 1184/1498/1782
f 1172/1497/1781 1173/1499/1783 1184/1498/1782
f 1184/1498/1782 1173/1499/1783 1185/1500/1784
f 1173/1499/1783 1174/1501/1785 1185/1500/1784
f 1185/1500/1784 1174/1501/1785 1186/1502/1786
f 1174/1501/1785 1175/1503/1787 1186/1502/1786
f 1186/1502/1786 1175/1503/1787 1187/1504/1788
f 1175/1503/1787 1176/1505/1789 1187/1504/1788
f 1187/1504/1788 1176/1505/1789 1188/1506/1790
f 1176/1505/1789 1177/1507/1791 1188/1506/1790
f 1188/1506/1790 1177/1507/1791 1189/1508/1792
f 1177/1507/1791 1178/1509/1793 1189/1508/1792
f 1189/1508/1792 1178/1509/1793 1190/1510/1794
f 1178/1509/1793 1179/1511/1795 1190/1510/1794
f 1190/1510/1794 1179/1511/1795 1191/1512/1796
f 1179/1513/1795 1168/1489/1773 1191/1514/1796
f 1191/1514/1796 1168/1489/1773 1180/1492/1775
s 54
f 1169/1515/1797 1168/1516/1798 1193/1518/1799
f 1193/1518/1799 1168/1516/1798 1192/1517/1800
s 55
f 1170/1519/1801 1169/1515/1802 1194/1520/1803
f 1194/1520/1803 1169/1515/1802 1193/1518/1804
s 56
f 1170/1519/1805 1194/1520/1806 1171/1521/1807
f 1171/1521/1807 1194/1520/1806 1195/1522/1808
s 57
f 1171/1521/1809 1195/1522/1810 1172/1523/1811
f 1172/1523/1811 1195/1522/1810 1196/1524/1812
s off
f 1173/1525/1813 1172/1523/1814 1196/1524/1815
f 1174/1526/1816 1173/1525/1817 1196/1524/1818
s 58
f 1175/1527/1819 1174/1526/1820 1195/1522/1821
f 1195/1522/1821 1174/1526/1820 1196/1524/1822
s 59
f 1176/1528/1823 1175/1527/1824 1194/1520/1825
f 1194/1520/1825 1175/1527/1824 1195/1522/1826
s 60
f 1176/1528/1827 1194/1520/1828 1177/1529/1829
f 1177/1529/1829 1194/1520/1828 1193/1518/1830
s 61
f 1177/1529/1831 1193/1518/1832 1178/1530/1833
f 1178/1530/1833 1193/1518/1832 1192/1517/1834
s off
f 1179/1531/1835 1178/1530/1836 1192/1517/1837
f 1168/1516/1838 1179/1531/1839 1192/1517/1840
s 62
f 1181/1533/1841 1198/1534/1842 1180/1532/1843
f 1180/1532/1843 1198/1534/1842 1197/1535/1844
s 63
f 1182/1536/1845 1199/1537/1846 1181/1533/1847
f 1181/1533/1847 1199/1537/1846 1198/1534/1848
s 64
f 1182/1536/1849 1183/1538/1850 1199/1537/1851
f 1199/1537/1851 1183/1538/1850 1200/1539/1852
s 65
f 1183/1538/1853 1184/1540/1854 1200/1539/1855
f 1200/1539/1855 1184/1540/1854 1201/1541/1856
s off
f 1184/1540/1857 1185/1542/1858 1201/1541/1859
f 1185/1542/1860 1186/1543/1861 1201/1541/1862
s 66
f 1187/1544/1863 1200/1539/1864 1186/1543/1865
f 1186/1543/1865 1200/1539/1864 1201/1541/1866
s 67
f 1188/1545/1867 1199/1537/1868 1187/1544/1869
f 1187/1544/1869 1199/1537/1868 1200/1539/1870
s 68
f 1188/1545/1871 1189/1546/1872 1199/1537/1873
f 1199/1537/1873 1189/1546/1872 1198/1534/1874
s 69
f 1189/1546/1875 1190/1547/1876 1198/1534/1877
f 1198/1534/1877 1190/1547/1876 1197/1535/1878
s off
f 1190/1547/1879 1191/1548/1880 1197/1535/1881
f 1191/1548/1882 1180/1532/1883 1197/1535/1884
s 70
f 1223/1549/1885 1216/1550/1886 1222/1552/1887
f 1222/1552/1887 1216/1550/1886 1204/1551/1888
s 71
f 1205/1553/1889 1220/1554/1890 1216/1550/1891
f 1216/1550/1891 1220/1554/1890 1224/1555/1892
s 70
f 1216/1550/1886 1223/1549/1885 1205/1553/1893
f 1205/1553/1893 1223/1549/1885 1202/1556/1894
f 1202/1556/1894 1208/1557/1895 1205/1553/1893
f 1205/1553/1893 1208/1557/1895 1207/1558/1896
f 1202/1556/1894 1203/1559/1897 1208/1557/1895
f 1208/1557/1895 1203/1559/1897 1209/1560/1898
f 1213/1562/1899 1212/1563/1900 1210/1561/1901
f 1210/1561/1901 1212/1563/1900 1211/1564/1902
f 1215/1565/1903 1214/1566/1904 1213/1562/1899
f 1213/1562/1899 1214/1566/1904 1212/1563/1900
s 71
f 1218/1567/1905 1210/1561/1906 1217/1568/1907
f 1217/1568/1907 1210/1561/1906 1211/1564/1908
f 1205/1553/1889 1207/1558/1909 1220/1554/1890
f 1220/1554/1890 1207/1558/1909 1219/1569/1910
s 70
f 1223/1549/1885 1221/1570/1911 1202/1556/1894
f 1202/1556/1894 1221/1570/1911 1203/1559/1897
s 71
f 1206/1571/1912 1216/1550/1891 1224/1555/1892
s 70
f 1216/1550/1886 1206/1571/1913 1204/1551/1888
f 1223/1549/1885 1222/1552/1887 1221/1570/1911
s 71
f 1225/1572/1914 1231/1573/1915 1226/1575/1916
f 1226/1575/1916 1231/1573/1915 1232/1574/1917
s 70
f 1227/1576/1918 1228/1577/1919 1226/1575/1920
f 1226/1575/1920 1228/1577/1919 1225/1572/1921
f 1229/1578/1922 1230/1579/1923 1227/1576/1918
f 1227/1576/1918 1230/1579/1923 1228/1577/1919
f 1208/1557/1895 1227/1576/1918 1207/1558/1896
f 1207/1558/1896 1227/1576/1918 1226/1575/1920
f 1209/1560/1898 1229/1578/1922 1208/1557/1895
f 1208/1557/1895 1229/1578/1922 1227/1576/1918
f 1228/1577/1919 1213/1562/1899 1225/1572/1921
f 1225/1572/1921 1213/1562/1899 1210/1561/1901
f 1230/1579/1923 1215/1565/1903 1228/1577/1919
f 1228/1577/1919 1215/1565/1903 1213/1562/1899
s 71
f 1225/1572/1914 1210/1561/1906 1231/1573/1915
f 1231/1573/1915 1210/1561/1906 1218/1567/1905
f 1207/1558/1909 1226/1575/1916 1219/1569/1910
f 1219/1569/1910 1226/1575/1916 1232/1574/1917
s 76
f 1242/1580/1924 1222/1581/1925 1241/1583/1926
f 1241/1583/1926 1222/1581/1925 1204/1582/1927
s 77
f 1224/1584/1928 1220/1585/1929 1241/1583/1930
f 1241/1583/1930 1220/1585/1929 1234/1586/1931
s 76
f 1233/1587/1932 1242/1580/1924 1234/1586/1933
f 1234/1586/1933 1242/1580/1924 1241/1583/1926
f 1233/1587/1932 1234/1586/1933 1236/1589/1934
f 1236/1589/1934 1234/1586/1933 1235/1588/1935
f 1233/1587/1932 1236/1589/1934 1203/1591/1936
f 1203/1591/1936 1236/1589/1934 1209/1590/1937
f 1238/1593/1938 1239/1594/1939 1237/1592/1940
f 1237/1592/1940 1239/1594/1939 1240/1595/1941
f 1239/1594/1939 1214/1596/1942 1240/1595/1941
f 1240/1595/1941 1214/1596/1942 1215/1597/1943
s 77
f 1218/1598/1944 1217/1599/1945 1237/1592/1946
f 1237/1592/1946 1217/1599/1945 1238/1593/1947
f 1234/1586/1931 1220/1585/1929 1235/1588/1948
f 1235/1588/1948 1220/1585/1929 1219/1600/1949
s 76
f 1203/1591/1936 1221/1601/1950 1233/1587/1932
f 1233/1587/1932 1221/1601/1950 1242/1580/1924
s 77
f 1206/1602/1951 1224/1584/1928 1241/1583/1930
s 76
f 1241/1583/1926 1204/1582/1927 1206/1602/1952
f 1242/1580/1924 1221/1601/1950 1222/1581/1925
s 77
f 1243/1603/1953 1244/1604/1954 1231/1606/1955
f 1231/1606/1955 1244/1604/1954 1232/1605/1956
s 76
f 1243/1603/1957 1246/1607/1958 1244/1604/1959
f 1244/1604/1959 1246/1607/1958 1245/1608/1960
f 1246/1607/1958 1230/1609/1961 1245/1608/1960
f 1245/1608/1960 1230/1609/1961 1229/1610/1962
f 1236/1589/1934 1235/1588/1935 1245/1608/1960
f 1245/1608/1960 1235/1588/1935 1244/1604/1959
f 1209/1590/1937 1236/1589/1934 1229/1610/1962
f 1229/1610/1962 1236/1589/1934 1245/1608/1960
f 1246/1607/1958 1243/1603/1957 1240/1595/1941
f 1240/1595/1941 1243/1603/1957 1237/1592/1940
f 1230/1609/1961 1246/1607/1958 1215/1597/1943
f 1215/1597/1943 1246/1607/1958 1240/1595/1941
s 77
f 1243/1603/1953 1231/1606/1955 1237/1592/1946
f 1237/1592/1946 1231/1606/1955 1218/1598/1944
f 1235/1588/1948 1219/1600/1949 1244/1604/1954
f 1244/1604/1954 1219/1600/1949 1232/1605/1956
s 83
f 1247/1611/1963 1250/1612/1964 1248/1614/1965
f 1248/1614/1965 1250/1612/1964 1249/1613/1966
f 1254/1616/1967 1253/1617/1968 1252/1615/1969
f 1252/1615/1969 1253/1617/1968 1251/1618/1970
f 1256/1619/1971 1255/1620/1972 1254/1616/1967
f 1254/1616/1967 1255/1620/1972 1253/1617/1968
f 1250/1612/1964 1257/1621/1973 1249/1613/1966
f 1249/1613/1966 1257/1621/1973 1251/1618/1970
f 1258/1622/1974 1252/1615/1969 1257/1621/1973
f 1257/1621/1973 1252/1615/1969 1251/1618/1970
f 1259/1623/1975 1247/1611/1963 1260/1624/1976
f 1260/1624/1976 1247/1611/1963 1248/1614/1965
f 1260/1624/1976 1248/1614/1965 1261/1625/1977
f 1261/1625/1977 1248/1614/1965 1249/1613/1966
f 1261/1625/1977 1249/1613/1966 1262/1626/1978
f 1262/1626/1978 1249/1613/1966 1251/1618/1970
f 1262/1626/1978 1251/1618/1970 1263/1627/1979
f 1263/1627/1979 1251/1618/1970 1253/1617/1968
f 1264/1628/1980 1263/1627/1979 1255/1620/1972
f 1255/1620/1972 1263/1627/1979 1253/1617/1968
f 1265/1629/1981 1264/1628/1980 1255/1620/1972
f 1265/1629/1981 1255/1620/1972 1266/1630/1982
f 1266/1630/1982 1255/1620/1972 1256/1619/1971
f 1267/1631/1983 1266/1632/1982 1256/1633/1971
f 1267/1631/1983 1256/1633/1971 1268/1634/1984
f 1268/1634/1984 1256/1633/1971 1254/1635/1985
f 1268/1634/1984 1254/1635/1985 1269/1636/1986
f 1269/1636/1986 1254/1635/1985 1252/1637/1987
f 1270/1638/1988 1269/1636/1986 1258/1639/1989
f 1258/1639/1989 1269/1636/1986 1252/1637/1987
f 1261/1625/1977 1262/1626/1978 1271/1641/1990
f 1271/1641/1990 1262/1626/1978 1272/1640/1991
f 1262/1626/1978 1263/1627/1979 1272/1640/1991
f 1272/1640/1991 1263/1627/1979 1273/1642/1992
f 1263/1627/1979 1264/1628/1980 1273/1642/1992
f 1273/1642/1992 1264/1628/1980 1274/1643/1993
f 1264/1628/1980 1265/1629/1981 1274/1643/1993
f 1274/1643/1993 1265/1629/1981 1275/1644/1994
f 1266/1630/1982 1276/1645/1995 1265/1629/1981
f 1265/1629/1981 1276/1645/1995 1275/1646/1994
f 1267/1631/1983 1277/1647/1996 1266/1632/1982
f 1266/1632/1982 1277/1647/1996 1276/1648/1995
f 1268/1634/1984 1278/1649/1997 1267/1631/1983
f 1267/1631/1983 1278/1649/1997 1277/1647/1996
f 1269/1636/1986 1279/1650/1998 1268/1634/1984
f 1268/1634/1984 1279/1650/1998 1278/1649/1997
f 1269/1636/1986 1270/1638/1988 1279/1650/1998
f 1279/1650/1998 1270/1638/1988 1280/1651/1999
f 1247/1611/1963 1281/1652/2000 1250/1612/1964
f 1250/1612/1964 1281/1652/2000 1282/1653/2001
f 1283/1655/2002 1285/1656/2003 1284/1654/2004
f 1284/1654/2004 1285/1656/2003 1286/1657/2005
f 1285/1656/2003 1287/1658/2006 1286/1657/2005
f 1286/1657/2005 1287/1658/2006 1288/1659/2007
f 1250/1612/1964 1282/1653/2001 1257/1621/1973
f 1257/1621/1973 1282/1653/2001 1283/1655/2002
f 1283/1655/2002 1284/1654/2004 1257/1621/1973
f 1257/1621/1973 1284/1654/2004 1258/1622/1974
f 1259/1623/1975 1289/1660/2008 1247/1611/1963
f 1247/1611/1963 1289/1660/2008 1281/1652/2000
f 1282/1653/2001 1281/1652/2000 1290/1661/2009
f 1290/1661/2009 1281/1652/2000 1289/1660/2008
f 1283/1655/2002 1282/1653/2001 1291/1662/2010
f 1291/1662/2010 1282/1653/2001 1290/1661/2009
f 1285/1656/2003 1283/1655/2002 1292/1663/2011
f 1292/1663/2011 1283/1655/2002 1291/1662/2010
f 1293/1664/2012 1287/1658/2006 1292/1663/2011
f 1292/1663/2011 1287/1658/2006 1285/1656/2003
f 1294/1665/2013 1287/1658/2006 1293/1664/2012
f 1288/1659/2007 1287/1658/2006 1295/1666/2014
f 1295/1666/2014 1287/1658/2006 1294/1665/2013
f 1296/1667/2015 1288/1668/2007 1295/1669/2014
f 1286/1671/2016 1288/1668/2007 1297/1670/2017
f 1297/1670/2017 1288/1668/2007 1296/1667/2015
f 1284/1673/2018 1286/1671/2016 1298/1672/2019
f 1298/1672/2019 1286/1671/2016 1297/1670/2017
f 1270/1638/1988 1258/1639/1989 1298/1672/2019
f 1298/1672/2019 1258/1639/1989 1284/1673/2018
f 1290/1661/2009 1299/1674/2020 1291/1662/2010
f 1291/1662/2010 1299/1674/2020 1300/1675/2021
f 1291/1662/2010 1300/1675/2021 1292/1663/2011
f 1292/1663/2011 1300/1675/2021 1301/1676/2022
f 1292/1663/2011 1301/1676/2022 1293/1664/2012
f 1293/1664/2012 1301/1676/2022 1302/1677/2023
f 1293/1664/2012 1302/1677/2023 1294/1665/2013
f 1294/1665/2013 1302/1677/2023 1303/1678/2024
f 1303/1679/2024 1304/1680/2025 1294/1665/2013
f 1294/1665/2013 1304/1680/2025 1295/1666/2014
f 1304/1681/2025 1305/1682/2026 1295/1669/2014
f 1295/1669/2014 1305/1682/2026 1296/1667/2015
f 1305/1682/2026 1306/1683/2027 1296/1667/2015
f 1296/1667/2015 1306/1683/2027 1297/1670/2017
f 1306/1683/2027 1307/1684/2028 1297/1670/2017
f 1297/1670/2017 1307/1684/2028 1298/1672/2019
f 1298/1672/2019 1307/1684/2028 1270/1638/1988
f 1270/1638/1988 1307/1684/2028 1280/1651/1999
s 91
f 1323/1686/2029 1322/1687/2030 1308/1685/2031
f 1308/1685/2031 1322/1687/2030 1309/1688/2032
f 1309/1688/2032 1322/1687/2030 1310/1690/2033
f 1310/1690/2033 1322/1687/2030 1321/1689/2034
f 1321/1689/2034 1326/1691/2035 1310/1690/2033
f 1310/1690/2033 1326/1691/2035 1311/1692/2036
f 1326/1691/2035 1325/1693/2037 1311/1692/2036
f 1311/1692/2036 1325/1693/2037 1312/1694/2038
f 1312/1694/2038 1325/1693/2037 1313/1696/2039
f 1313/1696/2039 1325/1693/2037 1324/1695/2040
f 1314/1697/2041 1320/1698/2042 1315/1699/2043
f 1315/1699/2043 1320/1698/2042 1316/1700/2044
f 1320/1698/2042 1317/1701/2045 1316/1700/2044
f 1317/1701/2045 1320/1698/2042 1318/1702/2046
f 1318/1702/2046 1320/1698/2042 1319/1703/2047
f 1317/1704/2045 1326/1691/2035 1316/1705/2044
f 1316/1705/2044 1326/1691/2035 1321/1689/2034
f 1322/1687/2030 1315/1706/2043 1321/1689/2034
f 1321/1689/2034 1315/1706/2043 1316/1705/2044
f 1323/1686/2029 1314/1707/2041 1322/1687/2030
f 1322/1687/2030 1314/1707/2041 1315/1706/2043
f 1318/1708/2046 1319/1709/2047 1325/1693/2037
f 1325/1693/2037 1319/1709/2047 1324/1695/2040
f 1317/1704/2045 1318/1708/2046 1326/1691/2035
f 1326/1691/2035 1318/1708/2046 1325/1693/2037
f 1328/1710/2048 1327/1711/2049 1309/1688/2032
f 1309/1688/2032 1327/1711/2049 1308/1685/2031
f 1329/1712/2050 1328/1710/2048 1310/1690/2033
f 1310/1690/2033 1328/1710/2048 1309/1688/2032
f 1329/1712/2050 1310/1690/2033 1330/1713/2051
f 1330/1713/2051 1310/1690/2033 1311/1692/2036
f 1312/1694/2038 1331/1714/2052 1311/1692/2036
f 1311/1692/2036 1331/1714/2052 1330/1713/2051
f 1313/1696/2039 1332/1715/2053 1312/1694/2038
f 1312/1694/2038 1332/1715/2053 1331/1714/2052
s 93
f 1333/1716/2054 1334/1717/2055 1336/1719/2056
f 1336/1719/2056 1334/1717/2055 1335/1718/2057
f 1337/1721/2058 1339/1722/2059 1338/1720/2060
f 1338/1720/2060 1339/1722/2059 1340/1723/2061
f 1339/1722/2059 1341/1724/2062 1340/1723/2061
f 1340/1723/2061 1341/1724/2062 1342/1725/2063
f 1336/1719/2056 1335/1718/2057 1343/1726/2064
f 1343/1726/2064 1335/1718/2057 1337/1721/2058
f 1337/1721/2058 1338/1720/2060 1343/1726/2064
f 1343/1726/2064 1338/1720/2060 1344/1727/2065
f 1345/1728/2066 1346/1729/2067 1333/1716/2054
f 1333/1716/2054 1346/1729/2067 1334/1717/2055
f 1335/1718/2057 1334/1717/2055 1347/1730/2068
f 1347/1730/2068 1334/1717/2055 1346/1729/2067
f 1337/1721/2058 1335/1718/2057 1348/1731/2069
f 1348/1731/2069 1335/1718/2057 1347/1730/2068
f 1339/1722/2059 1337/1721/2058 1349/1732/2070
f 1349/1732/2070 1337/1721/2058 1348/1731/2069
f 1350/1733/2071 1341/1724/2062 1349/1732/2070
f 1349/1732/2070 1341/1724/2062 1339/1722/2059
f 1351/1734/2072 1341/1724/2062 1350/1733/2071
f 1342/1725/2063 1341/1724/2062 1352/1735/2073
f 1352/1735/2073 1341/1724/2062 1351/1734/2072
f 1353/1736/2074 1342/1737/2063 1352/1738/2073
f 1340/1740/2075 1342/1737/2063 1354/1739/2076
f 1354/1739/2076 1342/1737/2063 1353/1736/2074
f 1338/1742/2077 1340/1740/2075 1355/1741/2078
f 1355/1741/2078 1340/1740/2075 1354/1739/2076
f 1356/1743/2079 1344/1744/2080 1355/1741/2078
f 1355/1741/2078 1344/1744/2080 1338/1742/2077
f 1347/1730/2068 1271/1745/2081 1348/1731/2069
f 1348/1731/2069 1271/1745/2081 1272/1746/2082
f 1348/1731/2069 1272/1746/2082 1349/1732/2070
f 1349/1732/2070 1272/1746/2082 1273/1747/2083
f 1349/1732/2070 1273/1747/2083 1350/1733/2071
f 1350/1733/2071 1273/1747/2083 1274/1748/2084
f 1350/1733/2071 1274/1748/2084 1351/1734/2072
f 1351/1734/2072 1274/1748/2084 1275/1749/2085
f 1275/1750/2085 1276/1751/2086 1351/1734/2072
f 1351/1734/2072 1276/1751/2086 1352/1735/2073
f 1276/1752/2086 1277/1753/2087 1352/1738/2073
f 1352/1738/2073 1277/1753/2087 1353/1736/2074
f 1277/1753/2087 1278/1754/2088 1353/1736/2074
f 1353/1736/2074 1278/1754/2088 1354/1739/2076
f 1278/1754/2088 1279/1755/2089 1354/1739/2076
f 1354/1739/2076 1279/1755/2089 1355/1741/2078
f 1355/1741/2078 1279/1755/2089 1356/1743/2079
f 1356/1743/2079 1279/1755/2089 1280/1756/2090
f 1333/1716/2054 1336/1719/2056 1357/1758/2091
f 1357/1758/2091 1336/1719/2056 1358/1757/2092
f 1362/1760/2093 1361/1761/2094 1360/1759/2095
f 1360/1759/2095 1361/1761/2094 1359/1762/2096
f 1364/1763/2097 1363/1764/2098 1362/1760/2093
f 1362/1760/2093 1363/1764/2098 1361/1761/2094
f 1336/1719/2056 1343/1726/2064 1358/1757/2092
f 1358/1757/2092 1343/1726/2064 1359/1762/2096
f 1344/1727/2065 1360/1759/2095 1343/1726/2064
f 1343/1726/2064 1360/1759/2095 1359/1762/2096
f 1345/1728/2066 1333/1716/2054 1365/1765/2099
f 1365/1765/2099 1333/1716/2054 1357/1758/2091
f 1365/1765/2099 1357/1758/2091 1366/1766/2100
f 1366/1766/2100 1357/1758/2091 1358/1757/2092
f 1366/1766/2100 1358/1757/2092 1367/1767/2101
f 1367/1767/2101 1358/1757/2092 1359/1762/2096
f 1367/1767/2101 1359/1762/2096 1368/1768/2102
f 1368/1768/2102 1359/1762/2096 1361/1761/2094
f 1369/1769/2103 1368/1768/2102 1363/1764/2098
f 1363/1764/2098 1368/1768/2102 1361/1761/2094
f 1370/1770/2104 1369/1769/2103 1363/1764/2098
f 1370/1770/2104 1363/1764/2098 1371/1771/2105
f 1371/1771/2105 1363/1764/2098 1364/1763/2097
f 1372/1772/2106 1371/1773/2105 1364/1774/2097
f 1372/1772/2106 1364/1774/2097 1373/1775/2107
f 1373/1775/2107 1364/1774/2097 1362/1776/2108
f 1373/1775/2107 1362/1776/2108 1374/1777/2109
f 1374/1777/2109 1362/1776/2108 1360/1778/2110
f 1356/1743/2079 1374/1777/2109 1344/1744/2080
f 1344/1744/2080 1374/1777/2109 1360/1778/2110
f 1366/1766/2100 1367/1767/2101 1299/1780/2111
f 1299/1780/2111 1367/1767/2101 1300/1779/2112
f 1367/1767/2101 1368/1768/2102 1300/1779/2112
f 1300/1779/2112 1368/1768/2102 1301/1781/2113
f 1368/1768/2102 1369/1769/2103 1301/1781/2113
f 1301/1781/2113 1369/1769/2103 1302/1782/2114
f 1369/1769/2103 1370/1770/2104 1302/1782/2114
f 1302/1782/2114 1370/1770/2104 1303/1783/2115
f 1371/1771/2105 1304/1784/2116 1370/1770/2104
f 1370/1770/2104 1304/1784/2116 1303/1785/2115
f 1372/1772/2106 1305/1786/2117 1371/1773/2105
f 1371/1773/2105 1305/1786/2117 1304/1787/2116
f 1373/1775/2107 1306/1788/2118 1372/1772/2106
f 1372/1772/2106 1306/1788/2118 1305/1786/2117
f 1374/1777/2109 1307/1789/2119 1373/1775/2107
f 1373/1775/2107 1307/1789/2119 1306/1788/2118
f 1374/1777/2109 1356/1743/2079 1307/1789/2119
f 1307/1789/2119 1356/1743/2079 1280/1756/2090
s 100
f 1375/1791/2120 1384/1792/2121 1308/1790/2122
f 1308/1790/2122 1384/1792/2121 1323/1793/2123
f 1375/1791/2120 1376/1794/2124 1384/1792/2121
f 1384/1792/2121 1376/1794/2124 1383/1795/2125
f 1383/1795/2125 1376/1794/2124 1386/1797/2126
f 1386/1797/2126 1376/1794/2124 1377/1796/2127
f 1378/1798/2128 1385/1799/2129 1377/1796/2127
f 1377/1796/2127 1385/1799/2129 1386/1797/2126
f 1378/1798/2128 1313/1800/2130 1385/1799/2129
f 1385/1799/2129 1313/1800/2130 1324/1801/2131
f 1314/1802/2132 1379/1803/2133 1320/1804/2134
f 1379/1803/2133 1380/1805/2135 1320/1804/2134
f 1320/1804/2134 1380/1805/2135 1381/1806/2136
f 1381/1806/2136 1382/1807/2137 1320/1804/2134
f 1382/1807/2137 1319/1808/2138 1320/1804/2134
f 1381/1809/2136 1380/1810/2135 1386/1797/2126
f 1386/1797/2126 1380/1810/2135 1383/1795/2125
f 1384/1792/2121 1383/1795/2125 1379/1811/2133
f 1379/1811/2133 1383/1795/2125 1380/1810/2135
f 1323/1793/2123 1384/1792/2121 1314/1812/2132
f 1314/1812/2132 1384/1792/2121 1379/1811/2133
f 1324/1801/2131 1319/1813/2138 1385/1799/2129
f 1385/1799/2129 1319/1813/2138 1382/1814/2137
f 1385/1799/2129 1382/1814/2137 1386/1797/2126
f 1386/1797/2126 1382/1814/2137 1381/1809/2136
f 1308/1790/2122 1327/1815/2139 1375/1791/2120
f 1375/1791/2120 1327/1815/2139 1387/1816/2140
f 1375/1791/2120 1387/1816/2140 1376/1794/2124
f 1376/1794/2124 1387/1816/2140 1388/1817/2141
f 1388/1817/2141 1389/1818/2142 1376/1794/2124
f 1376/1794/2124 1389/1818/2142 1377/1796/2127
f 1378/1798/2128 1377/1796/2127 1390/1819/2143
f 1390/1819/2143 1377/1796/2127 1389/1818/2142
f 1313/1800/2130 1378/1798/2128 1332/1820/2144
f 1332/1820/2144 1378/1798/2128 1390/1819/2143
s 103
f 1391/1821/2145 1392/1822/2146 1446/1824/2147
f 1446/1824/2147 1392/1822/2146 1445/1823/2148
f 1392/1822/2146 1393/1825/2149 1445/1823/2148
f 1445/1823/2148 1393/1825/2149 1444/1826/2150
f 1393/1825/2149 1394/1827/2151 1444/1826/2150
f 1444/1826/2150 1394/1827/2151 1443/1828/2152
f 1395/1829/2153 1442/1830/2154 1394/1827/2151
f 1394/1827/2151 1442/1830/2154 1443/1828/2152
f 1396/1831/2155 1441/1832/2156 1395/1829/2153
f 1395/1829/2153 1441/1832/2156 1442/1830/2154
f 1397/1833/2157 1440/1834/2158 1396/1831/2155
f 1396/1831/2155 1440/1834/2158 1441/1832/2156
f 1405/1836/2159 1423/1837/2160 1406/1835/2161
f 1406/1835/2161 1423/1837/2160 1424/1838/2162
f 1406/1835/2161 1424/1838/2162 1407/1839/2163
f 1407/1839/2163 1424/1838/2162 1425/1840/2164
f 1407/1839/2163 1425/1840/2164 1408/1841/2165
f 1408/1841/2165 1425/1840/2164 1419/1842/2166
f 1409/1843/2167 1408/1841/2165 1420/1844/2168
f 1420/1844/2168 1408/1841/2165 1419/1842/2166
f 1410/1845/2169 1409/1843/2167 1421/1846/2170
f 1421/1846/2170 1409/1843/2167 1420/1844/2168
f 1411/1847/2171 1410/1845/2169 1422/1848/2172
f 1422/1848/2172 1410/1845/2169 1421/1846/2170
f 1419/1842/2166 1401/1849/2173 1420/1844/2168
f 1420/1844/2168 1401/1849/2173 1400/1850/2174
f 1420/1844/2168 1400/1850/2174 1421/1846/2170
f 1421/1846/2170 1400/1850/2174 1399/1851/2175
f 1421/1846/2170 1399/1851/2175 1422/1848/2172
f 1422/1848/2172 1399/1851/2175 1398/1852/2176
f 1424/1838/2162 1423/1837/2160 1403/1854/2177
f 1403/1854/2177 1423/1837/2160 1404/1853/2178
f 1425/1840/2164 1424/1838/2162 1402/1855/2179
f 1402/1855/2179 1424/1838/2162 1403/1854/2177
f 1419/1842/2166 1425/1840/2164 1401/1849/2173
f 1401/1849/2173 1425/1840/2164 1402/1855/2179
f 1426/1856/2180 1427/1857/2181 1439/1859/2182
f 1439/1859/2182 1427/1857/2181 1438/1858/2183
f 1427/1857/2181 1426/1856/2180 1428/1861/2184
f 1428/1861/2184 1426/1856/2180 1429/1860/2185
f 1428/1861/2184 1429/1860/2185 1430/1863/2186
f 1430/1863/2186 1429/1860/2185 1431/1862/2187
f 1430/1863/2186 1431/1862/2187 1432/1865/2188
f 1432/1865/2188 1431/1862/2187 1433/1864/2189
f 1432/1865/2188 1433/1864/2189 1434/1867/2190
f 1434/1867/2190 1433/1864/2189 1435/1866/2191
f 1436/1868/2192 1437/1869/2193 1438/1858/2183
f 1438/1858/2183 1437/1869/2193 1439/1859/2182
f 1412/1871/2194 1436/1868/2192 1413/1870/2195
f 1413/1870/2195 1436/1868/2192 1438/1858/2183
f 1413/1870/2195 1438/1858/2183 1414/1872/2196
f 1414/1872/2196 1438/1858/2183 1427/1857/2181
f 1414/1872/2196 1427/1857/2181 1415/1873/2197
f 1415/1873/2197 1427/1857/2181 1428/1861/2184
f 1416/1874/2198 1415/1873/2197 1430/1863/2186
f 1430/1863/2186 1415/1873/2197 1428/1861/2184
f 1417/1875/2199 1416/1874/2198 1432/1865/2188
f 1432/1865/2188 1416/1874/2198 1430/1863/2186
f 1418/1876/2200 1417/1875/2199 1434/1867/2190
f 1434/1867/2190 1417/1875/2199 1432/1865/2188
f 1429/1860/2185 1426/1856/2180 1408/1841/2165
f 1408/1841/2165 1426/1856/2180 1407/1839/2163
f 1429/1860/2185 1408/1841/2165 1431/1862/2187
f 1431/1862/2187 1408/1841/2165 1409/1843/2167
f 1431/1862/2187 1409/1843/2167 1433/1864/2189
f 1433/1864/2189 1409/1843/2167 1410/1845/2169
f 1433/1864/2189 1410/1845/2169 1435/1866/2191
f 1435/1866/2191 1410/1845/2169 1411/1847/2171
f 1439/1859/2182 1437/1869/2193 1406/1835/2161
f 1406/1835/2161 1437/1869/2193 1405/1836/2159
f 1426/1856/2180 1439/1859/2182 1407/1839/2163
f 1407/1839/2163 1439/1859/2182 1406/1835/2161
f 1441/1832/2156 1440/1834/2158 1413/1870/2195
f 1413/1870/2195 1440/1834/2158 1412/1871/2194
f 1442/1830/2154 1441/1832/2156 1414/1872/2196
f 1414/1872/2196 1441/1832/2156 1413/1870/2195
f 1443/1828/2152 1442/1830/2154 1415/1873/2197
f 1415/1873/2197 1442/1830/2154 1414/1872/2196
f 1443/1828/2152 1415/1873/2197 1444/1826/2150
f 1444/1826/2150 1415/1873/2197 1416/1874/2198
f 1444/1826/2150 1416/1874/2198 1445/1823/2148
f 1445/1823/2148 1416/1874/2198 1417/1875/2199
f 1445/1823/2148 1417/1875/2199 1446/1824/2147
f 1446/1824/2147 1417/1875/2199 1418/1876/2200
s 114
f 1391/1877/2201 1446/1878/2202 1447/1880/2203
f 1447/1880/2203 1446/1878/2202 1486/1879/2204
f 1447/1880/2203 1486/1879/2204 1448/1882/2205
f 1448/1882/2205 1486/1879/2204 1485/1881/2206
f 1448/1882/2205 1485/1881/2206 1449/1884/2207
f 1449/1884/2207 1485/1881/2206 1484/1883/2208
f 1484/1883/2208 1483/1885/2209 1449/1884/2207
f 1449/1884/2207 1483/1885/2209 1450/1886/2210
f 1483/1885/2209 1482/1887/2211 1450/1886/2210
f 1450/1886/2210 1482/1887/2211 1451/1888/2212
f 1482/1887/2211 1440/1889/2213 1451/1888/2212
f 1451/1888/2212 1440/1889/2213 1397/1890/2214
f 1470/1892/2215 1423/1893/2216 1457/1891/2217
f 1457/1891/2217 1423/1893/2216 1405/1894/2218
f 1471/1896/2219 1470/1892/2215 1458/1895/2220
f 1458/1895/2220 1470/1892/2215 1457/1891/2217
f 1467/1898/2221 1471/1896/2219 1459/1897/2222
f 1459/1897/2222 1471/1896/2219 1458/1895/2220
f 1460/1899/2223 1468/1900/2224 1459/1897/2222
f 1459/1897/2222 1468/1900/2224 1467/1898/2221
f 1461/1901/2225 1469/1902/2226 1460/1899/2223
f 1460/1899/2223 1469/1902/2226 1468/1900/2224
f 1411/1903/2227 1422/1904/2228 1461/1901/2225
f 1461/1901/2225 1422/1904/2228 1469/1902/2226
f 1453/1905/2229 1454/1906/2230 1468/1900/2224
f 1468/1900/2224 1454/1906/2230 1467/1898/2221
f 1452/1907/2231 1453/1905/2229 1469/1902/2226
f 1469/1902/2226 1453/1905/2229 1468/1900/2224
f 1398/1908/2232 1452/1907/2231 1422/1904/2228
f 1422/1904/2228 1452/1907/2231 1469/1902/2226
f 1470/1892/2215 1456/1909/2233 1423/1893/2216
f 1423/1893/2216 1456/1909/2233 1404/1910/2234
f 1471/1896/2219 1455/1911/2235 1470/1892/2215
f 1470/1892/2215 1455/1911/2235 1456/1909/2233
f 1467/1898/2221 1454/1906/2230 1471/1896/2219
f 1471/1896/2219 1454/1906/2230 1455/1911/2235
f 1472/1912/2236 1481/1913/2237 1473/1915/2238
f 1473/1915/2238 1481/1913/2237 1480/1914/2239
f 1473/1915/2238 1474/1916/2240 1472/1912/2236
f 1472/1912/2236 1474/1916/2240 1475/1917/2241
f 1474/1916/2240 1476/1918/2242 1475/1917/2241
f 1475/1917/2241 1476/1918/2242 1477/1919/2243
f 1476/1918/2242 1478/1920/2244 1477/1919/2243
f 1477/1919/2243 1478/1920/2244 1479/1921/2245
f 1478/1920/2244 1434/1922/2246 1479/1921/2245
f 1479/1921/2245 1434/1922/2246 1435/1923/2247
f 1436/1924/2248 1480/1914/2239 1437/1925/2249
f 1437/1925/2249 1480/1914/2239 1481/1913/2237
f 1480/1914/2239 1436/1924/2248 1462/1926/2250
f 1462/1926/2250 1436/1924/2248 1412/1927/2251
f 1473/1915/2238 1480/1914/2239 1463/1928/2252
f 1463/1928/2252 1480/1914/2239 1462/1926/2250
f 1474/1916/2240 1473/1915/2238 1464/1929/2253
f 1464/1929/2253 1473/1915/2238 1463/1928/2252
f 1465/1930/2254 1476/1918/2242 1464/1929/2253
f 1464/1929/2253 1476/1918/2242 1474/1916/2240
f 1466/1931/2255 1478/1920/2244 1465/1930/2254
f 1465/1930/2254 1478/1920/2244 1476/1918/2242
f 1418/1932/2256 1434/1922/2246 1466/1931/2255
f 1466/1931/2255 1434/1922/2246 1478/1920/2244
f 1475/1917/2241 1459/1897/2222 1472/1912/2236
f 1472/1912/2236 1459/1897/2222 1458/1895/2220
f 1460/1899/2223 1459/1897/2222 1477/1919/2243
f 1477/1919/2243 1459/1897/2222 1475/1917/2241
f 1461/1901/2225 1460/1899/2223 1479/1921/2245
f 1479/1921/2245 1460/1899/2223 1477/1919/2243
f 1411/1903/2227 1461/1901/2225 1435/1923/2247
f 1435/1923/2247 1461/1901/2225 1479/1921/2245
f 1481/1913/2237 1457/1891/2217 1437/1925/2249
f 1437/1925/2249 1457/1891/2217 1405/1894/2218
f 1472/1912/2236 1458/1895/2220 1481/1913/2237
f 1481/1913/2237 1458/1895/2220 1457/1891/2217
f 1482/1887/2211 1462/1926/2250 1440/1889/2213
f 1440/1889/2213 1462/1926/2250 1412/1927/2251
f 1483/1885/2209 1463/1928/2252 1482/1887/2211
f 1482/1887/2211 1463/1928/2252 1462/1926/2250
f 1484/1883/2208 1464/1929/2253 1483/1885/2209
f 1483/1885/2209 1464/1929/2253 1463/1928/2252
f 1465/1930/2254 1464/1929/2253 1485/1881/2206
f 1485/1881/2206 1464/1929/2253 1484/1883/2208
f 1466/1931/2255 1465/1930/2254 1486/1879/2204
f 1486/1879/2204 1465/1930/2254 1485/1881/2206
f 1418/1932/2256 1466/1931/2255 1446/1878/2202
f 1446/1878/2202 1466/1931/2255 1486/1879/2204
s 122
f 1514/1934/2257 1513/1935/2258 1511/1933/2259
f 1511/1933/2259 1513/1935/2258 1512/1936/2260
f 1513/1935/2258 1516/1937/2261 1512/1936/2260
f 1512/1936/2260 1516/1937/2261 1515/1938/2262
f 1515/1938/2262 1516/1937/2261 1517/1940/2263
f 1517/1940/2263 1516/1937/2261 1518/1939/2264
f 1517/1940/2263 1518/1939/2264 1519/1942/2265
f 1519/1942/2265 1518/1939/2264 1520/1941/2266
f 1519/1942/2265 1520/1941/2266 1521/1944/2267
f 1521/1944/2267 1520/1941/2266 1522/1943/2268
f 1522/1943/2268 1524/1945/2269 1521/1944/2267
f 1521/1944/2267 1524/1945/2269 1523/1946/2270
f 1524/1945/2269 1526/1947/2271 1523/1946/2270
f 1523/1946/2270 1526/1947/2271 1525/1948/2272
f 1526/1947/2271 1528/1949/2273 1525/1948/2272
f 1525/1948/2272 1528/1949/2273 1527/1950/2274
f 1527/1950/2274 1528/1949/2273 1529/1952/2275
f 1529/1952/2275 1528/1949/2273 1530/1951/2276
f 1529/1952/2275 1530/1951/2276 1531/1954/2277
f 1531/1954/2277 1530/1951/2276 1532/1953/2278
f 1531/1954/2277 1532/1953/2278 1533/1956/2279
f 1533/1956/2279 1532/1953/2278 1534/1955/2280
f 1534/1955/2280 1514/1934/2257 1533/1956/2279
f 1533/1956/2279 1514/1934/2257 1511/1933/2259
s 123
f 1487/1957/2281 1488/1958/2282 1499/1960/2283
f 1499/1960/2283 1488/1958/2282 1500/1959/2284
f 1488/1958/2282 1489/1961/2285 1500/1959/2284
f 1500/1959/2284 1489/1961/2285 1501/1962/2286
f 1490/1963/2287 1502/1964/2288 1489/1961/2285
f 1489/1961/2285 1502/1964/2288 1501/1962/2286
f 1491/1965/2289 1503/1966/2290 1490/1963/2287
f 1490/1963/2287 1503/1966/2290 1502/1964/2288
f 1492/1967/2291 1504/1968/2292 1491/1965/2289
f 1491/1965/2289 1504/1968/2292 1503/1966/2290
f 1492/1967/2291 1493/1969/2293 1504/1968/2292
f 1504/1968/2292 1493/1969/2293 1505/1970/2294
f 1493/1969/2293 1494/1971/2295 1505/1970/2294
f 1505/1970/2294 1494/1971/2295 1506/1972/2296
f 1494/1971/2295 1495/1973/2297 1506/1972/2296
f 1506/1972/2296 1495/1973/2297 1507/1974/2298
f 1496/1975/2299 1508/1976/2300 1495/1973/2297
f 1495/1973/2297 1508/1976/2300 1507/1974/2298
f 1497/1977/2301 1509/1978/2302 1496/1975/2299
f 1496/1975/2299 1509/1978/2302 1508/1976/2300
f 1498/1979/2303 1510/1980/2304 1497/1977/2301
f 1497/1977/2301 1510/1980/2304 1509/1978/2302
f 1498/1979/2303 1487/1957/2281 1510/1980/2304
f 1510/1980/2304 1487/1957/2281 1499/1960/2283
s 130
f 1513/1935/2305 1514/1934/2306 1500/1959/2307
f 1500/1959/2307 1514/1934/2306 1499/1960/2308
f 1516/1937/2309 1513/1935/2305 1501/1962/2310
f 1501/1962/2310 1513/1935/2305 1500/1959/2307
f 1502/1964/2311 1518/1939/2312 1501/1962/2310
f 1501/1962/2310 1518/1939/2312 1516/1937/2309
f 1503/1966/2313 1520/1941/2314 1502/1964/2311
f 1502/1964/2311 1520/1941/2314 1518/1939/2312
f 1504/1968/2315 1522/1943/2316 1503/1966/2313
f 1503/1966/2313 1522/1943/2316 1520/1941/2314
f 1524/1945/2317 1522/1943/2316 1505/1970/2318
f 1505/1970/2318 1522/1943/2316 1504/1968/2315
f 1526/1947/2319 1524/1945/2317 1506/1972/2320
f 1506/1972/2320 1524/1945/2317 1505/1970/2318
f 1528/1949/2321 1526/1947/2319 1507/1974/2322
f 1507/1974/2322 1526/1947/2319 1506/1972/2320
f 1508/1976/2323 1530/1951/2324 1507/1974/2322
f 1507/1974/2322 1530/1951/2324 1528/1949/2321
f 1509/1978/2325 1532/1953/2326 1508/1976/2323
f 1508/1976/2323 1532/1953/2326 1530/1951/2324
f 1510/1980/2327 1534/1955/2328 1509/1978/2325
f 1509/1978/2325 1534/1955/2328 1532/1953/2326
f 1514/1934/2306 1534/1955/2328 1499/1960/2308
f 1499/1960/2308 1534/1955/2328 1510/1980/2327
s 137
f 1562/1982/2329 1561/1983/2330 1559/1981/2331
f 1559/1981/2331 1561/1983/2330 1560/1984/2332
f 1561/1983/2330 1564/1985/2333 1560/1984/2332
f 1560/1984/2332 1564/1985/2333 1563/1986/2334
f 1563/1986/2334 1564/1985/2333 1565/1988/2335
f 1565/1988/2335 1564/1985/2333 1566/1987/2336
f 1565/1988/2335 1566/1987/2336 1567/1990/2337
f 1567/1990/2337 1566/1987/2336 1568/1989/2338
f 1567/1990/2337 1568/1989/2338 1569/1992/2339
f 1569/1992/2339 1568/1989/2338 1570/1991/2340
f 1570/1991/2340 1572/1993/2341 1569/1992/2339
f 1569/1992/2339 1572/1993/2341 1571/1994/2342
f 1572/1993/2341 1574/1995/2343 1571/1994/2342
f 1571/1994/2342 1574/1995/2343 1573/1996/2344
f 1574/1995/2343 1576/1997/2345 1573/1996/2344
f 1573/1996/2344 1576/1997/2345 1575/1998/2346
f 1575/1998/2346 1576/1997/2345 1577/2000/2347
f 1577/2000/2347 1576/1997/2345 1578/1999/2348
f 1577/2000/2347 1578/1999/2348 1579/2002/2349
f 1579/2002/2349 1578/1999/2348 1580/2001/2350
f 1579/2002/2349 1580/2001/2350 1581/2004/2351
f 1581/2004/2351 1580/2001/2350 1582/2003/2352
f 1582/2003/2352 1562/1982/2329 1581/2004/2351
f 1581/2004/2351 1562/1982/2329 1559/1981/2331
s 138
f 1535/2005/2353 1536/2006/2354 1547/2008/2355
f 1547/2008/2355 1536/2006/2354 1548/2007/2356
f 1536/2006/2354 1537/2009/2357 1548/2007/2356
f 1548/2007/2356 1537/2009/2357 1549/2010/2358
f 1538/2011/2359 1550/2012/2360 1537/2009/2357
f 1537/2009/2357 1550/2012/2360 1549/2010/2358
f 1539/2013/2361 1551/2014/2362 1538/2011/2359
f 1538/2011/2359 1551/2014/2362 1550/2012/2360
f 1540/2015/2363 1552/2016/2364 1539/2013/2361
f 1539/2013/2361 1552/2016/2364 1551/2014/2362
f 1540/2015/2363 1541/2017/2365 1552/2016/2364
f 1552/2016/2364 1541/2017/2365 1553/2018/2366
f 1541/2017/2365 1542/2019/2367 1553/2018/2366
f 1553/2018/2366 1542/2019/2367 1554/2020/2368
f 1542/2019/2367 1543/2021/2369 1554/2020/2368
f 1554/2020/2368 1543/2021/2369 1555/2022/2370
f 1544/2023/2371 1556/2024/2372 1543/2021/2369
f 1543/2021/2369 1556/2024/2372 1555/2022/2370
f 1545/2025/2373 1557/2026/2374 1544/2023/2371
f 1544/2023/2371 1557/2026/2374 1556/2024/2372
f 1546/2027/2375 1558/2028/2376 1545/2025/2373
f 1545/2025/2373 1558/2028/2376 1557/2026/2374
f 1546/2027/2375 1535/2005/2353 1558/2028/2376
f 1558/2028/2376 1535/2005/2353 1547/2008/2355
s 145
f 1561/1983/2377 1562/1982/2378 1548/2007/2379
f 1548/2007/2379 1562/1982/2378 1547/2008/2380
f 1564/1985/2381 1561/1983/2377 1549/2010/2382
f 1549/2010/2382 1561/1983/2377 1548/2007/2379
f 1550/2012/2383 1566/1987/2384 1549/2010/2382
f 1549/2010/2382 1566/1987/2384 1564/1985/2381
f 1551/2014/2385 1568/1989/2386 1550/2012/2383
f 1550/2012/2383 1568/1989/2386 1566/1987/2384
f 1552/2016/2387 1570/1991/2388 1551/2014/2385
f 1551/2014/2385 1570/1991/2388 1568/1989/2386
f 1572/1993/2389 1570/1991/2388 1553/2018/2390
f 1553/2018/2390 1570/1991/2388 1552/2016/2387
f 1574/1995/2391 1572/1993/2389 1554/2020/2392
f 1554/2020/2392 1572/1993/2389 1553/2018/2390
f 1576/1997/2393 1574/1995/2391 1555/2022/2394
f 1555/2022/2394 1574/1995/2391 1554/2020/2392
f 1556/2024/2395 1578/1999/2396 1555/2022/2394
f 1555/2022/2394 1578/1999/2396 1576/1997/2393
f 1557/2026/2397 1580/2001/2398 1556/2024/2395
f 1556/2024/2395 1580/2001/2398 1578/1999/2396
f 1558/2028/2399 1582/2003/2400 1557/2026/2397
f 1557/2026/2397 1582/2003/2400 1580/2001/2398
f 1562/1982/2378 1582/2003/2400 1547/2008/2380
f 1547/2008/2380 1582/2003/2400 1558/2028/2399
s 152
f 1591/2029/2401 1600/2030/2402 1592/2032/2403
f 1592/2032/2403 1600/2030/2402 1601/2031/2404
f 1591/2029/2401 1592/2032/2403 1593/2033/2405
f 1593/2033/2405 1592/2032/2403 1594/2034/2406
f 1593/2033/2405 1594/2034/2406 1595/2035/2407
f 1595/2035/2407 1594/2034/2406 1596/2036/2408
f 1597/2037/2409 1598/2038/2410 1596/2036/2408
f 1596/2036/2408 1598/2038/2410 1595/2035/2407
f 1605/2039/2411 1598/2038/2410 1604/2040/2412
f 1604/2040/2412 1598/2038/2410 1597/2037/2409
s 154
f 1599/2042/2413 1600/2030/2414 1590/2041/2415
f 1590/2041/2415 1600/2030/2414 1591/2029/2416
s 155
f 1602/2043/2417 1586/2044/2418 1601/2031/2419
f 1601/2031/2419 1586/2044/2418 1592/2032/2420
s 154
f 1590/2041/2415 1591/2029/2416 1589/2045/2421
f 1589/2045/2421 1591/2029/2416 1593/2033/2422
s 155
f 1586/2044/2418 1585/2046/2423 1592/2032/2420
f 1592/2032/2420 1585/2046/2423 1594/2034/2424
s 154
f 1588/2047/2425 1589/2045/2421 1595/2035/2426
f 1595/2035/2426 1589/2045/2421 1593/2033/2422
s 155
f 1585/2046/2423 1584/2048/2427 1594/2034/2424
f 1594/2034/2424 1584/2048/2427 1596/2036/2428
f 1583/2049/2429 1597/2037/2430 1584/2048/2427
f 1584/2048/2427 1597/2037/2430 1596/2036/2428
s 154
f 1587/2050/2431 1588/2047/2425 1598/2038/2432
f 1598/2038/2432 1588/2047/2425 1595/2035/2426
f 1606/2051/2433 1587/2050/2431 1605/2039/2434
f 1605/2039/2434 1587/2050/2431 1598/2038/2432
s 155
f 1603/2052/2435 1604/2040/2436 1583/2049/2429
f 1583/2049/2429 1604/2040/2436 1597/2037/2430
s 157
f 1615/2053/2437 1616/2054/2438 1600/2056/2439
f 1600/2056/2439 1616/2054/2438 1601/2055/2440
f 1618/2058/2441 1616/2054/2438 1617/2057/2442
f 1617/2057/2442 1616/2054/2438 1615/2053/2437
f 1620/2060/2443 1618/2058/2441 1619/2059/2444
f 1619/2059/2444 1618/2058/2441 1617/2057/2442
f 1619/2059/2444 1622/2061/2445 1620/2060/2443
f 1620/2060/2443 1622/2061/2445 1621/2062/2446
f 1605/2063/2447 1604/2064/2448 1622/2061/2445
f 1622/2061/2445 1604/2064/2448 1621/2062/2446
s 158
f 1615/2053/2449 1600/2056/2450 1614/2065/2451
f 1614/2065/2451 1600/2056/2450 1599/2066/2452
s 159
f 1602/2067/2453 1601/2055/2454 1610/2068/2455
f 1610/2068/2455 1601/2055/2454 1616/2054/2456
s 158
f 1617/2057/2457 1615/2053/2449 1613/2069/2458
f 1613/2069/2458 1615/2053/2449 1614/2065/2451
s 159
f 1610/2068/2455 1616/2054/2456 1609/2070/2459
f 1609/2070/2459 1616/2054/2456 1618/2058/2460
s 158
f 1612/2071/2461 1619/2059/2462 1613/2069/2458
f 1613/2069/2458 1619/2059/2462 1617/2057/2457
s 159
f 1609/2070/2459 1618/2058/2460 1608/2072/2463
f 1608/2072/2463 1618/2058/2460 1620/2060/2464
f 1620/2060/2464 1621/2062/2465 1608/2072/2463
f 1608/2072/2463 1621/2062/2465 1607/2073/2466
s 158
f 1611/2074/2467 1622/2061/2468 1612/2071/2461
f 1612/2071/2461 1622/2061/2468 1619/2059/2462
f 1606/2075/2469 1605/2063/2470 1611/2074/2467
f 1611/2074/2467 1605/2063/2470 1622/2061/2468
s 159
f 1621/2062/2465 1604/2064/2471 1607/2073/2466
f 1607/2073/2466 1604/2064/2471 1603/2076/2472
s 162
f 1633/2077/2473 1631/2078/2474 1634/2080/2475
f 1634/2080/2475 1631/2078/2474 1632/2079/2476
f 1635/2081/2477 1633/2077/2473 1636/2082/2478
f 1636/2082/2478 1633/2077/2473 1634/2080/2475
f 1636/2082/2478 1637/2083/2479 1635/2081/2477
f 1635/2081/2477 1637/2083/2479 1638/2084/2480
s 163
f 1630/2086/2481 1631/2078/2482 1629/2085/2483
f 1629/2085/2483 1631/2078/2482 1633/2077/2484
s 164
f 1623/2087/2485 1624/2088/2486 1632/2079/2487
f 1632/2079/2487 1624/2088/2486 1634/2080/2488
s 163
f 1628/2089/2489 1629/2085/2483 1635/2081/2490
f 1635/2081/2490 1629/2085/2483 1633/2077/2484
s 164
f 1624/2088/2486 1625/2090/2491 1634/2080/2488
f 1634/2080/2488 1625/2090/2491 1636/2082/2492
f 1626/2091/2493 1637/2083/2494 1625/2090/2491
f 1625/2090/2491 1637/2083/2494 1636/2082/2492
s 163
f 1627/2092/2495 1628/2089/2489 1638/2084/2496
f 1638/2084/2496 1628/2089/2489 1635/2081/2490
s 164
f 1639/2093/2497 1623/2087/2485 1640/2094/2498
f 1640/2094/2498 1623/2087/2485 1632/2079/2487
s 162
f 1631/2078/2474 1641/2095/2499 1632/2079/2476
f 1632/2079/2476 1641/2095/2499 1640/2094/2500
s 163
f 1642/2096/2501 1641/2095/2502 1630/2086/2481
f 1630/2086/2481 1641/2095/2502 1631/2078/2482
f 1643/2097/2503 1627/2092/2495 1644/2098/2504
f 1644/2098/2504 1627/2092/2495 1638/2084/2496
s 162
f 1645/2099/2505 1644/2098/2506 1637/2083/2479
f 1637/2083/2479 1644/2098/2506 1638/2084/2480
s 164
f 1646/2100/2507 1645/2099/2508 1626/2091/2493
f 1626/2091/2493 1645/2099/2508 1637/2083/2494
s 166
f 1657/2101/2509 1658/2102/2510 1655/2104/2511
f 1655/2104/2511 1658/2102/2510 1656/2103/2512
f 1659/2105/2513 1660/2106/2514 1657/2101/2509
f 1657/2101/2509 1660/2106/2514 1658/2102/2510
f 1660/2106/2514 1659/2105/2513 1661/2108/2515
f 1661/2108/2515 1659/2105/2513 1662/2107/2516
s 168
f 1657/2101/2517 1655/2104/2518 1653/2109/2519
f 1653/2109/2519 1655/2104/2518 1654/2110/2520
s 169
f 1647/2111/2521 1656/2103/2522 1648/2112/2523
f 1648/2112/2523 1656/2103/2522 1658/2102/2524
s 168
f 1652/2113/2525 1659/2105/2526 1653/2109/2519
f 1653/2109/2519 1659/2105/2526 1657/2101/2517
s 169
f 1648/2112/2523 1658/2102/2524 1649/2114/2527
f 1649/2114/2527 1658/2102/2524 1660/2106/2528
f 1660/2106/2528 1661/2108/2529 1649/2114/2527
f 1649/2114/2527 1661/2108/2529 1650/2115/2530
s 168
f 1651/2116/2531 1662/2107/2532 1652/2113/2525
f 1652/2113/2525 1662/2107/2532 1659/2105/2526
s 169
f 1639/2117/2533 1640/2118/2534 1647/2111/2521
f 1647/2111/2521 1640/2118/2534 1656/2103/2522
s 166
f 1655/2104/2511 1656/2103/2512 1641/2119/2535
f 1641/2119/2535 1656/2103/2512 1640/2118/2536
s 168
f 1655/2104/2518 1641/2119/2537 1654/2110/2520
f 1654/2110/2520 1641/2119/2537 1642/2120/2538
f 1643/2121/2539 1644/2122/2540 1651/2116/2531
f 1651/2116/2531 1644/2122/2540 1662/2107/2532
s 166
f 1645/2123/2541 1661/2108/2515 1644/2122/2542
f 1644/2122/2542 1661/2108/2515 1662/2107/2516
s 169
f 1661/2108/2529 1645/2123/2543 1650/2115/2530
f 1650/2115/2530 1645/2123/2543 1646/2124/2544
s 172
f 1673/2125/2545 1674/2126/2546 1671/2128/2547
f 1671/2128/2547 1674/2126/2546 1672/2127/2548
f 1675/2129/2549 1676/2130/2550 1673/2125/2545
f 1673/2125/2545 1676/2130/2550 1674/2126/2546
f 1676/2130/2550 1675/2129/2549 1677/2132/2551
f 1677/2132/2551 1675/2129/2549 1678/2131/2552
f 1685/2133/2553 1684/2134/2554 1678/2131/2552
f 1678/2131/2552 1684/2134/2554 1677/2132/2551
s 174
f 1673/2125/2555 1671/2128/2556 1668/2135/2557
f 1668/2135/2557 1671/2128/2556 1667/2136/2558
s 175
f 1663/2137/2559 1672/2127/2560 1664/2138/2561
f 1664/2138/2561 1672/2127/2560 1674/2126/2562
s 174
f 1669/2139/2563 1675/2129/2564 1668/2135/2557
f 1668/2135/2557 1675/2129/2564 1673/2125/2555
s 175
f 1664/2138/2561 1674/2126/2562 1665/2140/2565
f 1665/2140/2565 1674/2126/2562 1676/2130/2566
f 1676/2130/2566 1677/2132/2567 1665/2140/2565
f 1665/2140/2565 1677/2132/2567 1666/2141/2568
s 174
f 1670/2142/2569 1678/2131/2570 1669/2139/2563
f 1669/2139/2563 1678/2131/2570 1675/2129/2564
f 1686/2143/2571 1685/2133/2572 1670/2142/2569
f 1670/2142/2569 1685/2133/2572 1678/2131/2570
s 175
f 1677/2132/2567 1684/2134/2573 1666/2141/2568
f 1666/2141/2568 1684/2134/2573 1683/2144/2574
f 1679/2145/2575 1680/2146/2576 1663/2137/2559
f 1663/2137/2559 1680/2146/2576 1672/2127/2560
s 172
f 1671/2128/2547 1672/2127/2548 1681/2147/2577
f 1681/2147/2577 1672/2127/2548 1680/2146/2578
s 174
f 1671/2128/2556 1681/2147/2579 1667/2136/2558
f 1667/2136/2558 1681/2147/2579 1682/2148/2580
s 178
f 1697/2149/2581 1695/2150/2582 1698/2152/2583
f 1698/2152/2583 1695/2150/2582 1696/2151/2584
f 1699/2153/2585 1697/2149/2581 1700/2154/2586
f 1700/2154/2586 1697/2149/2581 1698/2152/2583
f 1700/2154/2586 1701/2155/2587 1699/2153/2585
f 1699/2153/2585 1701/2155/2587 1702/2156/2588
f 1685/2157/2589 1702/2156/2588 1684/2158/2590
f 1684/2158/2590 1702/2156/2588 1701/2155/2587
s 179
f 1691/2160/2591 1695/2150/2592 1692/2159/2593
f 1692/2159/2593 1695/2150/2592 1697/2149/2594
s 180
f 1687/2161/2595 1688/2162/2596 1696/2151/2597
f 1696/2151/2597 1688/2162/2596 1698/2152/2598
s 179
f 1693/2163/2599 1692/2159/2593 1699/2153/2600
f 1699/2153/2600 1692/2159/2593 1697/2149/2594
s 180
f 1688/2162/2596 1689/2164/2601 1698/2152/2598
f 1698/2152/2598 1689/2164/2601 1700/2154/2602
f 1690/2165/2603 1701/2155/2604 1689/2164/2601
f 1689/2164/2601 1701/2155/2604 1700/2154/2602
s 179
f 1694/2166/2605 1693/2163/2599 1702/2156/2606
f 1702/2156/2606 1693/2163/2599 1699/2153/2600
f 1686/2167/2607 1694/2166/2605 1685/2157/2608
f 1685/2157/2608 1694/2166/2605 1702/2156/2606
s 180
f 1683/2168/2609 1684/2158/2610 1690/2165/2603
f 1690/2165/2603 1684/2158/2610 1701/2155/2604
f 1679/2169/2611 1687/2161/2595 1680/2170/2612
f 1680/2170/2612 1687/2161/2595 1696/2151/2597
s 178
f 1695/2150/2582 1681/2171/2613 1696/2151/2584
f 1696/2151/2584 1681/2171/2613 1680/2170/2614
s 179
f 1682/2172/2615 1681/2171/2616 1691/2160/2591
f 1691/2160/2591 1681/2171/2616 1695/2150/2592
s 182
f 1709/2173/2617 1710/2174/2618 1703/2176/2619
f 1703/2176/2619 1710/2174/2618 1705/2175/2620
f 1704/2177/2621 1706/2178/2622 1708/2180/2623
f 1708/2180/2623 1706/2178/2622 1707/2179/2624
f 1711/2181/2625 1706/2178/2622 1704/2177/2621
f 1703/2176/2619 1705/2175/2620 1712/2182/2626
f 1714/2183/2627 1713/2184/2628 1704/2177/2621
f 1704/2177/2621 1713/2184/2628 1703/2176/2619
f 1704/2177/2621 1703/2176/2619 1711/2186/2625
f 1711/2186/2625 1703/2176/2619 1712/2185/2626
f 1704/2177/2621 1708/2180/2623 1714/2183/2627
f 1703/2176/2619 1713/2184/2628 1709/2173/2617
f 1706/2178/2622 1716/2187/2629 1707/2179/2624
f 1707/2179/2624 1716/2187/2629 1715/2188/2630
f 1717/2189/2631 1716/2187/2629 1711/2181/2625
f 1711/2181/2625 1716/2187/2629 1706/2178/2622
f 1711/2186/2625 1712/2185/2626 1717/2191/2631
f 1717/2191/2631 1712/2185/2626 1718/2190/2632
f 1712/2182/2626 1705/2175/2620 1718/2193/2632
f 1718/2193/2632 1705/2175/2620 1719/2192/2633
f 1720/2194/2634 1719/2192/2633 1710/2174/2618
f 1710/2174/2618 1719/2192/2633 1705/2175/2620
s 185
f 1708/2195/2635 1707/2196/2636 1721/2198/2637
f 1721/2198/2637 1707/2196/2636 1715/2197/2638
s 186
f 1714/2199/2639 1708/2195/2640 1722/2200/2641
f 1722/2200/2641 1708/2195/2640 1721/2198/2642
s 187
f 1709/2202/2643 1723/2203/2644 1710/2201/2645
f 1710/2201/2645 1723/2203/2644 1720/2204/2646
s 188
f 1709/2202/2647 1713/2205/2648 1723/2203/2649
f 1723/2203/2649 1713/2205/2648 1724/2206/2650
s 189
f 1713/2205/2651 1714/2199/2652 1724/2206/2653
f 1724/2206/2653 1714/2199/2652 1722/2200/2654
s 190
f 1731/2207/2655 1725/2208/2656 1732/2210/2657
f 1732/2210/2657 1725/2208/2656 1727/2209/2658
f 1726/2211/2659 1730/2212/2660 1728/2214/2661
f 1728/2214/2661 1730/2212/2660 1729/2213/2662
f 1733/2215/2663 1726/2211/2659 1728/2214/2661
f 1725/2208/2656 1734/2216/2664 1727/2209/2658
f 1736/2217/2665 1726/2211/2659 1735/2218/2666
f 1735/2218/2666 1726/2211/2659 1725/2208/2656
f 1726/2211/2659 1733/2219/2663 1725/2208/2656
f 1725/2208/2656 1733/2219/2663 1734/2220/2664
f 1726/2211/2659 1736/2217/2665 1730/2212/2660
f 1725/2208/2656 1731/2207/2655 1735/2218/2666
f 1728/2214/2661 1729/2213/2662 1716/2222/2667
f 1716/2222/2667 1729/2213/2662 1715/2221/2668
f 1717/2223/2669 1733/2215/2663 1716/2222/2667
f 1716/2222/2667 1733/2215/2663 1728/2214/2661
f 1733/2219/2663 1717/2224/2669 1734/2220/2664
f 1734/2220/2664 1717/2224/2669 1718/2225/2670
f 1734/2216/2664 1718/2226/2670 1727/2209/2658
f 1727/2209/2658 1718/2226/2670 1719/2227/2671
f 1720/2228/2672 1732/2210/2657 1719/2227/2671
f 1719/2227/2671 1732/2210/2657 1727/2209/2658
s 192
f 1730/2229/2673 1721/2230/2674 1729/2232/2675
f 1729/2232/2675 1721/2230/2674 1715/2231/2676
s 193
f 1736/2233/2677 1722/2234/2678 1730/2229/2679
f 1730/2229/2679 1722/2234/2678 1721/2230/2680
s 194
f 1720/2236/2681 1723/2237/2682 1732/2235/2683
f 1732/2235/2683 1723/2237/2682 1731/2238/2684
s 195
f 1731/2238/2685 1723/2237/2686 1735/2240/2687
f 1735/2240/2687 1723/2237/2686 1724/2239/2688
s 196
f 1735/2240/2689 1724/2239/2690 1736/2233/2691
f 1736/2233/2691 1724/2239/2690 1722/2234/2692
s 197
f 1741/2242/2693 1738/2243/2694 1740/2241/2695
f 1740/2241/2695 1738/2243/2694 1742/2244/2696
f 1741/2242/2693 1740/2241/2695 1737/2245/2697
f 1737/2245/2697 1740/2241/2695 1739/2246/2698
s 198
f 1748/2248/2699 1744/2249/2700 1746/2247/2701
f 1746/2247/2701 1744/2249/2700 1747/2250/2702
f 1745/2252/2703 1746/2247/2701 1743/2251/2704
f 1743/2251/2704 1746/2247/2701 1747/2250/2702
f 1744/2249/2700 1748/2248/2699 1750/2254/2705
f 1750/2254/2705 1748/2248/2699 1754/2253/2706
s 199
f 1741/2242/2707 1737/2245/2708 1747/2250/2709
f 1747/2250/2709 1737/2245/2708 1743/2251/2710
s 200
f 1745/2255/2711 1739/2256/2712 1746/2258/2713
f 1746/2258/2713 1739/2256/2712 1740/2257/2714
s 199
f 1738/2243/2715 1741/2242/2707 1744/2249/2716
f 1744/2249/2716 1741/2242/2707 1747/2250/2709
s 200
f 1748/2259/2717 1742/2260/2718 1754/2262/2719
f 1754/2262/2719 1742/2260/2718 1760/2261/2720
s 199
f 1738/2243/2715 1744/2249/2716 1756/2263/2721
f 1756/2263/2721 1744/2249/2716 1750/2254/2722
s 200
f 1748/2259/2717 1746/2258/2713 1742/2260/2718
f 1742/2260/2718 1746/2258/2713 1740/2257/2714
s 198
f 1753/2265/2723 1750/2254/2705 1752/2264/2724
f 1752/2264/2724 1750/2254/2705 1754/2253/2706
f 1753/2265/2723 1752/2264/2724 1749/2266/2725
f 1749/2266/2725 1752/2264/2724 1751/2267/2726
s 197
f 1760/2269/2727 1756/2263/2728 1758/2268/2729
f 1758/2268/2729 1756/2263/2728 1759/2270/2730
f 1757/2272/2731 1758/2268/2729 1755/2271/2732
f 1755/2271/2732 1758/2268/2729 1759/2270/2730
f 1738/2243/2694 1756/2263/2728 1742/2244/2696
f 1742/2244/2696 1756/2263/2728 1760/2269/2727
s 199
f 1753/2265/2733 1749/2266/2734 1759/2270/2735
f 1759/2270/2735 1749/2266/2734 1755/2271/2736
s 200
f 1757/2273/2737 1751/2274/2738 1758/2276/2739
f 1758/2276/2739 1751/2274/2738 1752/2275/2740
s 199
f 1750/2254/2722 1753/2265/2733 1756/2263/2721
f 1756/2263/2721 1753/2265/2733 1759/2270/2735
s 200
f 1754/2262/2719 1760/2261/2720 1752/2275/2740
f 1752/2275/2740 1760/2261/2720 1758/2276/2739
s 205
f 1765/2278/2741 1762/2279/2742 1764/2277/2743
f 1764/2277/2743 1762/2279/2742 1766/2280/2744
f 1765/2278/2741 1764/2277/2743 1761/2281/2745
f 1761/2281/2745 1764/2277/2743 1763/2282/2746
s 206
f 1772/2284/2747 1768/2285/2748 1770/2283/2749
f 1770/2283/2749 1768/2285/2748 1771/2286/2750
f 1769/2288/2751 1770/2283/2749 1767/2287/2752
f 1767/2287/2752 1770/2283/2749 1771/2286/2750
f 1768/2285/2748 1772/2284/2747 1774/2290/2753
f 1774/2290/2753 1772/2284/2747 1778/2289/2754
s 207
f 1765/2278/2755 1761/2281/2756 1771/2286/2757
f 1771/2286/2757 1761/2281/2756 1767/2287/2758
s 208
f 1769/2291/2759 1763/2292/2760 1770/2294/2761
f 1770/2294/2761 1763/2292/2760 1764/2293/2762
s 207
f 1762/2279/2763 1765/2278/2755 1768/2285/2764
f 1768/2285/2764 1765/2278/2755 1771/2286/2757
s 208
f 1772/2295/2765 1766/2296/2766 1778/2298/2767
f 1778/2298/2767 1766/2296/2766 1784/2297/2768
s 207
f 1762/2279/2763 1768/2285/2764 1780/2299/2769
f 1780/2299/2769 1768/2285/2764 1774/2290/2770
s 208
f 1772/2295/2765 1770/2294/2761 1766/2296/2766
f 1766/2296/2766 1770/2294/2761 1764/2293/2762
s 206
f 1777/2301/2771 1774/2290/2753 1776/2300/2772
f 1776/2300/2772 1774/2290/2753 1778/2289/2754
f 1777/2301/2771 1776/2300/2772 1773/2302/2773
f 1773/2302/2773 1776/2300/2772 1775/2303/2774
s 205
f 1784/2305/2775 1780/2299/2776 1782/2304/2777
f 1782/2304/2777 1780/2299/2776 1783/2306/2778
f 1781/2308/2779 1782/2304/2777 1779/2307/2780
f 1779/2307/2780 1782/2304/2777 1783/2306/2778
f 1762/2279/2742 1780/2299/2776 1766/2280/2744
f 1766/2280/2744 1780/2299/2776 1784/2305/2775
s 207
f 1777/2301/2781 1773/2302/2782 1783/2306/2783
f 1783/2306/2783 1773/2302/2782 1779/2307/2784
s 208
f 1781/2309/2785 1775/2310/2786 1782/2312/2787
f 1782/2312/2787 1775/2310/2786 1776/2311/2788
s 207
f 1774/2290/2770 1777/2301/2781 1780/2299/2769
f 1780/2299/2769 1777/2301/2781 1783/2306/2783
s 208
f 1778/2298/2767 1784/2297/2768 1776/2311/2788
f 1776/2311/2788 1784/2297/2768 1782/2312/2787
s 213
f 1799/2313/2789 1800/2314/2790 1785/2316/2791
f 1785/2316/2791 1800/2314/2790 1791/2315/2792
f 1785/2316/2791 1786/2317/2793 1799/2313/2789
f 1799/2313/2789 1786/2317/2793 1798/2318/2794
f 1786/2317/2793 1794/2319/2795 1798/2318/2794
f 1798/2318/2794 1794/2319/2795 1797/2320/2796
f 1803/2321/2797 1804/2322/2798 1790/2324/2799
f 1790/2324/2799 1804/2322/2798 1795/2323/2800
f 1803/2321/2797 1790/2324/2799 1802/2325/2801
f 1802/2325/2801 1790/2324/2799 1789/2326/2802
f 1793/2327/2803 1801/2328/2804 1789/2326/2802
f 1789/2326/2802 1801/2328/2804 1802/2325/2801
f 1811/2329/2805 1812/2330/2806 1799/2313/2789
f 1799/2313/2789 1812/2330/2806 1800/2314/2790
f 1799/2313/2789 1798/2318/2794 1811/2329/2805
f 1811/2329/2805 1798/2318/2794 1810/2331/2807
f 1798/2318/2794 1797/2320/2796 1810/2331/2807
f 1810/2331/2807 1797/2320/2796 1809/2332/2808
f 1805/2334/2809 1804/2322/2798 1806/2333/2810
f 1806/2333/2810 1804/2322/2798 1803/2321/2797
f 1806/2333/2810 1803/2321/2797 1807/2335/2811
f 1807/2335/2811 1803/2321/2797 1802/2325/2801
f 1801/2328/2804 1808/2336/2812 1802/2325/2801
f 1802/2325/2801 1808/2336/2812 1807/2335/2811
f 1810/2331/2807 1809/2332/2808 1806/2333/2810
f 1806/2333/2810 1809/2332/2808 1805/2334/2809
f 1810/2331/2807 1806/2333/2810 1811/2329/2805
f 1811/2329/2805 1806/2333/2810 1807/2335/2811
f 1807/2335/2811 1808/2336/2812 1811/2329/2805
f 1811/2329/2805 1808/2336/2812 1812/2330/2806
s 218
f 1787/2337/2813 1788/2338/2814 1820/2340/2815
f 1820/2340/2815 1788/2338/2814 1819/2339/2816
s 219
f 1818/2342/2817 1819/2339/2818 1792/2341/2819
f 1792/2341/2819 1819/2339/2818 1788/2338/2820
s 220
f 1821/2343/2821 1796/2344/2822 1820/2340/2823
f 1820/2340/2823 1796/2344/2822 1787/2337/2824
s 213
f 1813/2345/2825 1791/2315/2792 1814/2346/2826
f 1814/2346/2826 1791/2315/2792 1800/2314/2790
f 1815/2347/2827 1814/2346/2826 1812/2330/2806
f 1812/2330/2806 1814/2346/2826 1800/2314/2790
f 1816/2348/2828 1815/2347/2827 1808/2336/2812
f 1808/2336/2812 1815/2347/2827 1812/2330/2806
f 1817/2349/2829 1816/2348/2828 1801/2328/2804
f 1801/2328/2804 1816/2348/2828 1808/2336/2812
f 1818/2350/2830 1817/2349/2829 1793/2327/2803
f 1793/2327/2803 1817/2349/2829 1801/2328/2804
s 219
f 1818/2342/2817 1793/2351/2831 1819/2339/2818
f 1819/2339/2818 1793/2351/2831 1789/2352/2832
s 218
f 1820/2340/2815 1819/2339/2816 1790/2353/2833
f 1790/2353/2833 1819/2339/2816 1789/2352/2834
s 220
f 1821/2343/2821 1820/2340/2823 1795/2354/2835
f 1795/2354/2835 1820/2340/2823 1790/2353/2836
s 213
f 1804/2322/2798 1822/2355/2837 1795/2323/2800
f 1795/2323/2800 1822/2355/2837 1821/2356/2838
f 1805/2334/2809 1823/2357/2839 1804/2322/2798
f 1804/2322/2798 1823/2357/2839 1822/2355/2837
f 1809/2332/2808 1824/2358/2840 1805/2334/2809
f 1805/2334/2809 1824/2358/2840 1823/2357/2839
f 1797/2320/2796 1825/2359/2841 1809/2332/2808
f 1809/2332/2808 1825/2359/2841 1824/2358/2840
f 1794/2319/2795 1826/2360/2842 1797/2320/2796
f 1797/2320/2796 1826/2360/2842 1825/2359/2841
s 221
f 1833/2361/2843 1827/2362/2844 1834/2364/2845
f 1834/2364/2845 1827/2362/2844 1829/2363/2846
f 1827/2362/2844 1833/2361/2843 1828/2366/2847
f 1828/2366/2847 1833/2361/2843 1832/2365/2848
f 1828/2366/2847 1832/2365/2848 1830/2368/2849
f 1830/2368/2849 1832/2365/2848 1831/2367/2850
f 1837/2369/2851 1787/2370/2852 1838/2372/2853
f 1838/2372/2853 1787/2370/2852 1796/2371/2854
f 1788/2374/2855 1787/2370/2852 1836/2373/2856
f 1836/2373/2856 1787/2370/2852 1837/2369/2851
f 1792/2375/2857 1788/2374/2855 1835/2376/2858
f 1835/2376/2858 1788/2374/2855 1836/2373/2856
f 1845/2377/2859 1833/2361/2843 1846/2378/2860
f 1846/2378/2860 1833/2361/2843 1834/2364/2845
f 1833/2361/2843 1845/2377/2859 1832/2365/2848
f 1832/2365/2848 1845/2377/2859 1844/2379/2861
f 1832/2365/2848 1844/2379/2861 1831/2367/2850
f 1831/2367/2850 1844/2379/2861 1843/2380/2862
f 1837/2369/2851 1838/2372/2853 1840/2381/2863
f 1840/2381/2863 1838/2372/2853 1839/2382/2864
f 1836/2373/2856 1837/2369/2851 1841/2383/2865
f 1841/2383/2865 1837/2369/2851 1840/2381/2863
f 1841/2383/2865 1842/2384/2866 1836/2373/2856
f 1836/2373/2856 1842/2384/2866 1835/2376/2858
f 1844/2379/2861 1840/2381/2863 1843/2380/2862
f 1843/2380/2862 1840/2381/2863 1839/2382/2864
f 1841/2383/2865 1840/2381/2863 1845/2377/2859
f 1845/2377/2859 1840/2381/2863 1844/2379/2861
f 1841/2383/2865 1845/2377/2859 1842/2384/2866
f 1842/2384/2866 1845/2377/2859 1846/2378/2860
f 1813/2385/2867 1814/2386/2868 1829/2363/2846
f 1829/2363/2846 1814/2386/2868 1834/2364/2845
f 1815/2387/2869 1846/2378/2860 1814/2386/2868
f 1814/2386/2868 1846/2378/2860 1834/2364/2845
f 1816/2388/2870 1842/2384/2866 1815/2387/2869
f 1815/2387/2869 1842/2384/2866 1846/2378/2860
f 1817/2389/2871 1835/2376/2858 1816/2388/2870
f 1816/2388/2870 1835/2376/2858 1842/2384/2866
f 1818/2390/2872 1792/2375/2857 1817/2389/2871
f 1817/2389/2871 1792/2375/2857 1835/2376/2858
f 1838/2372/2853 1796/2371/2854 1822/2392/2873
f 1822/2392/2873 1796/2371/2854 1821/2391/2874
f 1839/2382/2864 1838/2372/2853 1823/2393/2875
f 1823/2393/2875 1838/2372/2853 1822/2392/2873
f 1843/2380/2862 1839/2382/2864 1824/2394/2876
f 1824/2394/2876 1839/2382/2864 1823/2393/2875
f 1831/2367/2850 1843/2380/2862 1825/2395/2877
f 1825/2395/2877 1843/2380/2862 1824/2394/2876
f 1830/2368/2849 1831/2367/2850 1826/2396/2878
f 1826/2396/2878 1831/2367/2850 1825/2395/2877
g default
v -33.183868 -18.158920 2.053722
v -33.434052 -16.024483 9.420999
v -33.719574 -7.167313 16.083532
v -34.071045 4.645409 18.458618
v -21.414246 -17.821693 2.053725
v -21.286682 -15.676430 9.421011
v -21.508789 -6.817444 16.083515
v -21.834259 4.996025 18.458614
v -33.342163 -13.849106 0.867169
v -21.503021 -13.509880 0.867172
v -33.898834 -11.882545 6.352071
v -21.059814 -11.514679 6.352068
v -34.047943 -5.046555 11.312027
v -21.302368 -4.681358 11.312014
v -34.309723 4.638565 13.217418
v -21.595551 5.002861 13.217418
v -34.491058 27.463127 2.053721
v -34.618622 25.317879 9.420999
v -34.396515 16.458885 16.083532
v -22.721436 27.800354 2.053728
v -22.471252 25.665932 9.421011
v -22.185730 16.808754 16.083515
v -34.402313 23.151314 0.867171
v -22.563171 23.490540 0.867174
v -34.845490 21.156113 6.352071
v -22.006470 21.523987 6.352068
v -34.602936 14.322792 11.312027
v -21.857361 14.687988 11.312014
v -34.061920 32.391556 11.628686
v -33.682800 20.738785 20.276522
v -23.432098 32.696129 11.628690
v -23.143372 21.040764 20.276522
v -33.928589 39.430107 16.783169
v -23.968292 39.715492 16.783169
v -33.528076 24.369606 28.342903
v -23.505768 24.656769 28.342903
v -32.864349 8.039772 22.928129
v -32.875275 9.154358 30.996517
v -23.286285 9.429108 30.996460
v -23.233398 8.315720 22.928129
v -33.670868 35.804195 1.995859
v -33.849365 43.458649 3.664415
v -24.278015 43.732891 3.664405
v -24.017914 36.080776 1.995857
v -34.061920 32.391556 -11.628675
v -33.682800 20.738785 -20.276522
v -23.432098 32.696129 -11.628690
v -23.143372 21.040764 -20.276522
v -33.928589 39.430107 -16.783169
v -23.968292 39.715492 -16.783169
v -33.528076 24.369606 -28.342903
v -23.505768 24.656769 -28.342903
v -32.864349 8.039772 -22.928129
v -32.875275 9.154358 -30.996517
v -23.286285 9.429108 -30.996460
v -23.233398 8.315720 -22.928129
v -33.670868 35.804195 -1.995859
v -33.849365 43.458649 -3.664413
v -24.278015 43.732891 -3.664413
v -24.017914 36.080776 -1.995857
v -32.473236 -23.054794 -11.628690
v -32.761963 -11.399284 -20.276522
v -21.843414 -22.750221 -11.628690
v -22.222534 -11.097305 -20.276522
v -31.937103 -30.073898 -16.783169
v -21.976807 -29.788506 -16.783169
v -32.399597 -15.015297 -28.342903
v -22.377289 -14.728134 -28.342903
v -32.671967 1.325752 -22.928129
v -32.619049 0.212372 -30.996517
v -23.030060 0.487122 -30.996460
v -23.041016 1.601700 -22.928129
v -31.887421 -26.439301 -1.995861
v -31.627350 -34.091415 -3.664415
v -22.056000 -33.817169 -3.664413
v -22.234467 -26.162720 -1.995859
v -32.473236 -23.054794 11.628690
v -32.761963 -11.399284 20.276522
v -21.843414 -22.750221 11.628690
v -22.222534 -11.097305 20.276522
v -31.937103 -30.073898 16.783169
v -21.976807 -29.788506 16.783169
v -32.399597 -15.015297 28.342903
v -22.377289 -14.728134 28.342903
v -32.671967 1.325752 22.928129
v -32.619049 0.212372 30.996517
v -23.030060 0.487122 30.996460
v -23.041016 1.601700 22.928129
v -31.887421 -26.439301 1.995861
v -31.627350 -34.091415 3.664413
v -22.056000 -33.817169 3.664413
v -22.234467 -26.162720 1.995861
v -33.183868 -18.158920 -2.053721
v -33.434052 -16.024483 -9.420999
v -33.719574 -7.167313 -16.083532
v -34.071045 4.645409 -18.458618
v -21.414246 -17.821693 -2.053728
v -21.286682 -15.676430 -9.420997
v -21.508789 -6.817444 -16.083515
v -21.834259 4.996025 -18.458614
v -33.342163 -13.849106 -0.867171
v -21.503021 -13.509880 -0.867174
v -33.898834 -11.882545 -6.352071
v -21.059814 -11.514679 -6.352068
v -34.047943 -5.046555 -11.312027
v -21.302368 -4.681358 -11.312014
v -34.309723 4.638565 -13.217418
v -21.595551 5.002861 -13.217418
v -34.491058 27.463127 -2.053722
v -34.618622 25.317879 -9.420999
v -34.396515 16.458885 -16.083532
v -22.721436 27.800354 -2.053725
v -22.471252 25.665932 -9.421011
v -22.185730 16.808754 -16.083515
v -34.402313 23.151314 -0.867171
v -22.563171 23.490540 -0.867172
v -34.845490 21.156113 -6.352071
v -22.006470 21.523987 -6.352068
v -34.602936 14.322792 -11.312027
v -21.857361 14.687988 -11.312014
v -318.709839 -30.665207 -7.364262
v -321.225800 -15.563679 -7.365591
v -34.186646 13.509022 7.026553
v -33.700592 -3.064900 7.024102
v -33.700592 -3.064904 -7.024097
v -34.186646 13.509018 -7.026554
v -318.120758 -34.210526 -2.823770
v -33.572113 -6.783516 2.715388
v -33.572113 -6.783516 -2.715388
v -321.821960 -12.017056 -2.824513
v -34.284790 17.232943 -2.718566
v -34.284790 17.232944 2.718562
v -278.213013 -4.447476 -2.826605
v -277.622681 -8.038748 -7.364125
v -275.102753 -23.375198 -7.368746
v -274.519440 -26.976219 -2.829327
v -87.229828 -9.264507 -2.847495
v -87.503876 -5.517801 -7.376396
v -88.759827 10.445414 -7.373969
v -89.045486 14.187008 -2.845745
v -142.977097 10.696154 -2.835276
v -142.679718 7.014297 -7.367629
v -141.407532 -8.714510 -7.373927
v -141.111816 -12.408283 -2.839107
v -235.615173 1.983335 -2.830729
v -235.175629 -1.693308 -7.363858
v -233.304108 -17.448313 -7.373545
v -232.866730 -21.143333 -2.836488
v -318.105530 -34.304668 -0.000000
v -274.505219 -27.072449 -0.000000
v -232.855347 -21.242447 -0.000000
v -141.104355 -12.508669 -0.000000
v -87.225494 -9.368067 -0.000000
v -33.446564 -6.745686 -0.000000
v -33.054230 -2.461958 0.000002
v -33.495209 12.928766 -0.000001
v -34.157410 17.206528 -0.000003
v -89.052399 14.289808 -0.000000
v -142.985123 10.795171 -0.000000
v -235.627319 2.080337 -0.000000
v -278.228882 -4.352446 -0.000000
v -321.838684 -11.922907 -0.000000
v -318.709839 -30.665207 7.364262
v -321.225800 -15.563679 7.365591
v -318.120758 -34.210526 2.823770
v -321.821960 -12.017056 2.824513
v -278.213013 -4.447476 2.826605
v -277.622681 -8.038748 7.364125
v -275.102753 -23.375198 7.368746
v -274.519440 -26.976219 2.829327
v -87.229828 -9.264507 2.847495
v -87.503876 -5.517801 7.376396
v -88.759827 10.445414 7.373969
v -89.045486 14.187007 2.845745
v -142.977097 10.696154 2.835276
v -142.679718 7.014297 7.367629
v -141.407532 -8.714510 7.373930
v -141.111816 -12.408283 2.839107
v -235.615173 1.983335 2.830729
v -235.175629 -1.693308 7.363858
v -233.304108 -17.448313 7.373545
v -232.866730 -21.143333 2.836488
vt 0.868881 0.984365
vt 0.826025 0.984365
vt 0.826025 0.958422
vt 0.868881 0.958422
vt 0.826025 0.909644
vt 0.868881 0.909644
vt 0.826025 0.854007
vt 0.868881 0.854008
vt 0.759276 0.981218
vt 0.761046 0.952856
vt 0.807357 0.952795
vt 0.807567 0.982229
vt 0.760794 0.900188
vt 0.807861 0.900272
vt 0.760761 0.841489
vt 0.808068 0.841531
vt 0.751761 0.978992
vt 0.752551 0.951799
vt 0.814799 0.951978
vt 0.814764 0.980725
vt 0.752053 0.900127
vt 0.815563 0.900286
vt 0.752044 0.841481
vt 0.815743 0.841539
vt 0.807242 0.990595
vt 0.759146 0.989584
vt 0.868881 0.726930
vt 0.868881 0.749593
vt 0.826025 0.749593
vt 0.826025 0.726930
vt 0.868881 0.798370
vt 0.826025 0.798370
vt 0.759525 0.704526
vt 0.807461 0.704356
vt 0.807555 0.730266
vt 0.761244 0.730122
vt 0.807965 0.782790
vt 0.760898 0.782790
vt 0.752747 0.731164
vt 0.751781 0.706737
vt 0.816101 0.705816
vt 0.814995 0.731098
vt 0.752158 0.782836
vt 0.815667 0.782792
vt 0.759410 0.696160
vt 0.807151 0.695236
vt 0.679066 0.887188
vt 0.678554 0.796703
vt 0.713505 0.796514
vt 0.713505 0.887170
vt 0.677633 0.730168
vt 0.714777 0.730705
vt 0.918168 0.928001
vt 0.886125 0.928001
vt 0.886125 0.865111
vt 0.918168 0.865111
vt 0.886125 0.816050
vt 0.918168 0.816050
vt 0.652352 0.885749
vt 0.651665 0.798256
vt 0.740461 0.798153
vt 0.740241 0.885207
vt 0.649581 0.734571
vt 0.742791 0.735030
vt 0.678165 0.943292
vt 0.651640 0.939007
vt 0.715936 0.942214
vt 0.742258 0.937624
vt 0.918168 0.966328
vt 0.886125 0.966328
vt 0.886125 0.986624
vt 0.918168 0.986624
vt 0.918168 0.797589
vt 0.886125 0.797589
vt 0.679066 0.887188
vt 0.713505 0.887170
vt 0.713505 0.796514
vt 0.678554 0.796703
vt 0.714777 0.730705
vt 0.677633 0.730168
vt 0.918168 0.928001
vt 0.918168 0.865111
vt 0.886125 0.865111
vt 0.886125 0.928001
vt 0.918168 0.816050
vt 0.886125 0.816050
vt 0.652352 0.885749
vt 0.651665 0.798256
vt 0.740461 0.798153
vt 0.740241 0.885207
vt 0.649581 0.734571
vt 0.742791 0.735030
vt 0.678165 0.943292
vt 0.651640 0.939007
vt 0.715936 0.942214
vt 0.742258 0.937624
vt 0.918168 0.966328
vt 0.886125 0.966328
vt 0.886125 0.986624
vt 0.918168 0.986624
vt 0.918168 0.797589
vt 0.886125 0.797589
vt 0.679066 0.887188
vt 0.678554 0.796703
vt 0.713505 0.796514
vt 0.713505 0.887170
vt 0.677633 0.730168
vt 0.714777 0.730705
vt 0.918168 0.928001
vt 0.886125 0.928001
vt 0.886125 0.865111
vt 0.918168 0.865111
vt 0.886125 0.816050
vt 0.918168 0.816050
vt 0.652352 0.885749
vt 0.651665 0.798256
vt 0.740461 0.798153
vt 0.740241 0.885207
vt 0.649581 0.734571
vt 0.742791 0.735030
vt 0.678165 0.943292
vt 0.651640 0.939007
vt 0.715936 0.942214
vt 0.742258 0.937624
vt 0.918168 0.966328
vt 0.886125 0.966328
vt 0.886125 0.986624
vt 0.918168 0.986624
vt 0.918168 0.797589
vt 0.886125 0.797589
vt 0.679066 0.887188
vt 0.713505 0.887170
vt 0.713505 0.796514
vt 0.678554 0.796703
vt 0.714777 0.730705
vt 0.677633 0.730168
vt 0.918168 0.928001
vt 0.918168 0.865111
vt 0.886125 0.865111
vt 0.886125 0.928001
vt 0.918168 0.816050
vt 0.886125 0.816050
vt 0.652352 0.885749
vt 0.651665 0.798256
vt 0.740461 0.798153
vt 0.740241 0.885207
vt 0.649581 0.734571
vt 0.742791 0.735030
vt 0.678165 0.943292
vt 0.651640 0.939007
vt 0.715936 0.942214
vt 0.742258 0.937624
vt 0.918168 0.966328
vt 0.886125 0.966328
vt 0.886125 0.986624
vt 0.918168 0.986624
vt 0.918168 0.797589
vt 0.886125 0.797589
vt 0.868881 0.984365
vt 0.826025 0.984365
vt 0.826025 0.958422
vt 0.868881 0.958422
vt 0.826025 0.909644
vt 0.868881 0.909644
vt 0.826025 0.854007
vt 0.868881 0.854008
vt 0.759276 0.981218
vt 0.761046 0.952856
vt 0.807357 0.952795
vt 0.807567 0.982229
vt 0.760794 0.900188
vt 0.807861 0.900272
vt 0.760761 0.841489
vt 0.808068 0.841531
vt 0.751761 0.978992
vt 0.752551 0.951799
vt 0.814799 0.951978
vt 0.814764 0.980725
vt 0.752053 0.900127
vt 0.815563 0.900286
vt 0.752044 0.841481
vt 0.815743 0.841539
vt 0.807242 0.990595
vt 0.759146 0.989584
vt 0.868881 0.726930
vt 0.868881 0.749593
vt 0.826025 0.749593
vt 0.826025 0.726930
vt 0.868881 0.798370
vt 0.826025 0.798370
vt 0.759525 0.704526
vt 0.807461 0.704356
vt 0.807555 0.730266
vt 0.761244 0.730122
vt 0.807965 0.782790
vt 0.760898 0.782790
vt 0.752747 0.731164
vt 0.751781 0.706737
vt 0.816101 0.705816
vt 0.814995 0.731098
vt 0.752158 0.782836
vt 0.815667 0.782792
vt 0.759410 0.696160
vt 0.807151 0.695236
vt 0.151930 0.179687
vt 0.138269 0.179782
vt 0.138369 0.040421
vt 0.151930 0.040422
vt 0.193683 0.040403
vt 0.194543 0.179115
vt 0.207164 0.040359
vt 0.208072 0.178972
vt 0.196117 0.772764
vt 0.209871 0.772437
vt 0.212995 0.985901
vt 0.198873 0.985850
vt 0.151930 0.774163
vt 0.151930 0.985280
vt 0.137759 0.985160
vt 0.138085 0.774446
vt 0.151930 0.313020
vt 0.138160 0.313097
vt 0.195614 0.312678
vt 0.209274 0.312596
vt 0.195377 0.603903
vt 0.209028 0.603897
vt 0.151930 0.603905
vt 0.138181 0.603901
vt 0.685387 0.078557
vt 0.607432 0.078557
vt 0.607432 0.049216
vt 0.685387 0.049217
vt 0.592147 0.060658
vt 0.592147 0.049216
vt 0.700673 0.049216
vt 0.700673 0.060658
vt 0.134195 0.040416
vt 0.132185 0.179777
vt 0.131270 0.313095
vt 0.131291 0.603898
vt 0.131196 0.774438
vt 0.130884 0.985148
vt 0.592147 0.037775
vt 0.607432 0.019876
vt 0.685387 0.019876
vt 0.700673 0.037775
vt 0.216707 0.772362
vt 0.219843 0.985795
vt 0.215859 0.603889
vt 0.216096 0.312580
vt 0.214890 0.178915
vt 0.211688 0.040308
vt 0.151930 0.179687
vt 0.151930 0.040422
vt 0.138369 0.040421
vt 0.138269 0.179782
vt 0.194543 0.179115
vt 0.193683 0.040403
vt 0.208072 0.178972
vt 0.207164 0.040359
vt 0.196117 0.772764
vt 0.198873 0.985850
vt 0.212995 0.985901
vt 0.209871 0.772437
vt 0.151930 0.774163
vt 0.151930 0.985280
vt 0.137759 0.985160
vt 0.138085 0.774446
vt 0.151930 0.313020
vt 0.138160 0.313097
vt 0.195614 0.312678
vt 0.209274 0.312596
vt 0.195377 0.603903
vt 0.209028 0.603897
vt 0.151930 0.603905
vt 0.138181 0.603901
vt 0.134195 0.040416
vt 0.132185 0.179777
vt 0.131270 0.313095
vt 0.131291 0.603898
vt 0.131196 0.774438
vt 0.130884 0.985148
vt 0.219843 0.985795
vt 0.216707 0.772362
vt 0.215859 0.603889
vt 0.216096 0.312580
vt 0.214890 0.178915
vt 0.211688 0.040308
vn -0.016756 0.584795 -0.811008
vn -0.021587 0.753390 -0.657219
vn -0.017404 0.607425 -0.794186
vn -0.021753 0.759180 -0.650517
vn -0.011015 0.384403 -0.923100
vn -0.011006 0.384082 -0.923234
vn -0.000001 -0.000000 -1.000000
vn -0.000000 0.000000 -1.000000
vn 0.027503 -0.959888 0.279032
vn 0.027503 -0.959888 0.279031
vn 0.022430 -0.782860 0.621793
vn 0.022479 -0.784548 0.619660
vn 0.011455 -0.399746 0.916554
vn 0.011460 -0.399920 0.916478
vn 0.000001 -0.000000 1.000000
vn 0.000000 0.000000 1.000000
vn -0.995605 -0.088033 0.031969
vn -0.996526 -0.080069 0.022919
vn -0.995454 -0.087263 -0.038160
vn -0.995073 -0.058572 -0.079992
vn 0.999012 -0.030883 0.031971
vn 0.998818 -0.030120 -0.038165
vn 0.999475 -0.022879 0.022919
vn 0.996794 -0.001494 -0.080003
vn -0.997543 -0.049332 0.049741
vn -0.997834 -0.045413 0.047597
vn 0.998731 0.007864 0.049745
vn 0.998797 0.011793 0.047601
vn -0.998463 -0.028609 0.047471
vn -0.998554 -0.028611 0.045510
vn 0.998463 0.028609 0.047475
vn 0.998554 0.028612 0.045516
vn 0.007598 -0.265171 -0.964172
vn 0.007598 -0.265171 -0.964172
vn 0.016756 -0.584795 -0.811008
vn 0.017405 -0.607424 -0.794187
vn 0.021587 -0.753390 -0.657220
vn 0.021752 -0.759180 -0.650518
vn 0.011013 -0.384403 -0.923100
vn 0.011004 -0.384082 -0.923234
vn -0.027503 0.959889 0.279029
vn -0.022431 0.782860 0.621793
vn -0.027503 0.959889 0.279030
vn -0.022479 0.784548 0.619660
vn -0.011453 0.399746 0.916554
vn -0.011458 0.399920 0.916479
vn -0.996794 0.001497 -0.079996
vn -0.999476 0.022879 0.022920
vn -0.998818 0.030122 -0.038162
vn -0.999012 0.030883 0.031971
vn 0.995604 0.088034 0.031969
vn 0.996526 0.080069 0.022918
vn 0.995454 0.087261 -0.038163
vn 0.995073 0.058566 -0.079999
vn -0.998731 -0.007865 0.049745
vn -0.998797 -0.011794 0.047601
vn 0.997834 0.045414 0.047598
vn 0.997543 0.049333 0.049741
vn -0.007597 0.265172 -0.964171
vn -0.007598 0.265170 -0.964172
vn -0.022626 0.789680 0.613101
vn -0.012184 0.425247 0.904996
vn -0.022579 0.788046 0.615202
vn -0.012238 0.427148 0.904099
vn -0.004913 0.171602 0.985154
vn -0.004911 0.171601 0.985154
vn 0.021907 -0.764560 -0.644180
vn 0.022038 -0.769130 -0.638712
vn 0.012125 -0.423157 -0.905975
vn 0.012216 -0.426347 -0.904477
vn 0.005846 -0.204031 -0.978947
vn 0.005846 -0.204031 -0.978947
vn -0.999234 -0.028473 0.026859
vn -0.999248 -0.022736 0.031415
vn -0.999918 0.001067 0.012770
vn -0.999822 0.005790 0.017957
vn 0.999225 0.028791 0.026862
vn 0.998216 0.058324 0.012774
vn 0.998910 0.034519 0.031418
vn 0.997850 0.063034 0.017962
vn -0.998000 -0.062792 0.007323
vn -0.998478 -0.051610 0.019442
vn 0.999958 -0.005549 0.007320
vn 0.999795 0.005644 0.019442
vn -0.998883 -0.013418 -0.045304
vn -0.999759 0.003604 -0.021673
vn -0.027381 0.955631 0.293292
vn -0.027381 0.955631 0.293292
vn 0.998013 0.043802 -0.045303
vn 0.997912 0.060848 -0.021670
vn 0.027008 -0.942597 -0.332839
vn 0.027008 -0.942597 -0.332839
vn -0.006099 0.212843 -0.977067
vn -0.006099 0.212843 -0.977067
vn -0.006099 0.212843 -0.977067
vn -0.006099 0.212844 -0.977067
vn 0.028372 -0.990189 0.136825
vn 0.028372 -0.990189 0.136826
vn 0.028372 -0.990189 0.136826
vn 0.028371 -0.990189 0.136827
vn -0.022626 0.789680 -0.613101
vn -0.022579 0.788046 -0.615202
vn -0.012184 0.425247 -0.904996
vn -0.012238 0.427148 -0.904099
vn -0.004913 0.171602 -0.985154
vn -0.004911 0.171601 -0.985154
vn 0.021907 -0.764561 0.644179
vn 0.012125 -0.423157 0.905975
vn 0.022038 -0.769130 0.638712
vn 0.012216 -0.426347 0.904477
vn 0.005846 -0.204031 0.978947
vn 0.005846 -0.204031 0.978947
vn -0.999822 0.005790 -0.017957
vn -0.999248 -0.022736 -0.031415
vn -0.999918 0.001068 -0.012770
vn -0.999234 -0.028472 -0.026859
vn 0.999225 0.028791 -0.026862
vn 0.998910 0.034519 -0.031418
vn 0.998216 0.058324 -0.012774
vn 0.997850 0.063034 -0.017962
vn -0.998478 -0.051610 -0.019442
vn -0.998000 -0.062792 -0.007323
vn 0.999795 0.005644 -0.019442
vn 0.999958 -0.005549 -0.007320
vn -0.999759 0.003605 0.021673
vn -0.998883 -0.013418 0.045304
vn -0.027381 0.955631 -0.293293
vn -0.027381 0.955631 -0.293292
vn 0.997912 0.060848 0.021670
vn 0.998013 0.043802 0.045303
vn 0.027008 -0.942597 0.332839
vn 0.027008 -0.942597 0.332839
vn -0.006099 0.212844 0.977067
vn -0.006099 0.212844 0.977067
vn -0.006099 0.212844 0.977067
vn -0.006099 0.212843 0.977067
vn 0.028372 -0.990189 -0.136825
vn 0.028372 -0.990189 -0.136826
vn 0.028372 -0.990189 -0.136826
vn 0.028371 -0.990189 -0.136827
vn 0.022627 -0.789680 -0.613101
vn 0.012184 -0.425248 -0.904995
vn 0.022580 -0.788046 -0.615202
vn 0.012240 -0.427149 -0.904098
vn 0.004920 -0.171602 -0.985154
vn 0.004923 -0.171601 -0.985154
vn -0.021907 0.764560 0.644180
vn -0.022038 0.769130 0.638712
vn -0.012124 0.423155 0.905976
vn -0.012216 0.426345 0.904478
vn -0.005846 0.204032 0.978947
vn -0.005846 0.204032 0.978947
vn -0.999225 -0.028788 -0.026860
vn -0.998910 -0.034516 -0.031415
vn -0.998216 -0.058321 -0.012770
vn -0.997850 -0.063030 -0.017959
vn 0.999234 0.028470 -0.026861
vn 0.999918 -0.001072 -0.012773
vn 0.999248 0.022733 -0.031418
vn 0.999822 -0.005795 -0.017962
vn -0.999958 0.005546 -0.007324
vn -0.999795 -0.005645 -0.019443
vn 0.998000 0.062795 -0.007320
vn 0.998478 0.051611 -0.019442
vn -0.998013 -0.043798 0.045305
vn -0.997912 -0.060843 0.021673
vn 0.027381 -0.955628 -0.293300
vn 0.027382 -0.955628 -0.293300
vn 0.998883 0.013414 0.045302
vn 0.999759 -0.003609 0.021671
vn -0.027008 0.942601 0.332827
vn -0.027008 0.942601 0.332827
vn 0.006098 -0.212844 0.977067
vn 0.006098 -0.212844 0.977067
vn 0.006098 -0.212844 0.977067
vn 0.006098 -0.212843 0.977067
vn -0.028371 0.990189 -0.136825
vn -0.028371 0.990189 -0.136825
vn -0.028371 0.990189 -0.136825
vn -0.028371 0.990189 -0.136826
vn 0.022627 -0.789680 0.613101
vn 0.022580 -0.788046 0.615202
vn 0.012184 -0.425248 0.904995
vn 0.012240 -0.427149 0.904098
vn 0.004920 -0.171602 0.985154
vn 0.004923 -0.171601 0.985154
vn -0.021907 0.764560 -0.644180
vn -0.012124 0.423155 -0.905976
vn -0.022038 0.769130 -0.638712
vn -0.012216 0.426345 -0.904478
vn -0.005846 0.204032 -0.978947
vn -0.005846 0.204032 -0.978947
vn -0.997850 -0.063030 0.017959
vn -0.998910 -0.034516 0.031415
vn -0.998216 -0.058321 0.012770
vn -0.999225 -0.028788 0.026860
vn 0.999234 0.028470 0.026861
vn 0.999248 0.022733 0.031418
vn 0.999918 -0.001072 0.012773
vn 0.999822 -0.005795 0.017962
vn -0.999795 -0.005645 0.019443
vn -0.999958 0.005546 0.007324
vn 0.998478 0.051611 0.019442
vn 0.998000 0.062795 0.007320
vn -0.997912 -0.060843 -0.021673
vn -0.998013 -0.043798 -0.045305
vn 0.027381 -0.955628 0.293300
vn 0.027382 -0.955628 0.293300
vn 0.999759 -0.003609 -0.021671
vn 0.998883 0.013414 -0.045303
vn -0.027008 0.942601 -0.332827
vn -0.027008 0.942601 -0.332827
vn 0.006099 -0.212843 -0.977067
vn 0.006099 -0.212843 -0.977067
vn 0.006099 -0.212843 -0.977067
vn 0.006098 -0.212843 -0.977067
vn -0.028371 0.990189 0.136825
vn -0.028371 0.990189 0.136825
vn -0.028371 0.990189 0.136825
vn -0.028371 0.990189 0.136826
vn -0.016756 0.584795 0.811008
vn -0.017404 0.607425 0.794187
vn -0.021587 0.753390 0.657219
vn -0.021753 0.759180 0.650518
vn -0.011015 0.384403 0.923100
vn -0.011006 0.384082 0.923234
vn -0.000001 -0.000000 1.000000
vn -0.000000 0.000000 1.000000
vn 0.027503 -0.959888 -0.279032
vn 0.022431 -0.782860 -0.621794
vn 0.027503 -0.959888 -0.279032
vn 0.022480 -0.784548 -0.619660
vn 0.011455 -0.399746 -0.916554
vn 0.011460 -0.399921 -0.916478
vn 0.000001 -0.000000 -1.000000
vn 0.000000 0.000000 -1.000000
vn -0.995073 -0.058572 0.079992
vn -0.996526 -0.080069 -0.022919
vn -0.995454 -0.087262 0.038160
vn -0.995604 -0.088032 -0.031969
vn 0.999012 -0.030883 -0.031971
vn 0.999475 -0.022879 -0.022919
vn 0.998818 -0.030120 0.038165
vn 0.996794 -0.001493 0.080003
vn -0.997543 -0.049332 -0.049741
vn -0.997834 -0.045413 -0.047597
vn 0.998797 0.011793 -0.047601
vn 0.998731 0.007864 -0.049745
vn -0.998463 -0.028609 -0.047471
vn -0.998554 -0.028612 -0.045510
vn 0.998554 0.028612 -0.045516
vn 0.998463 0.028609 -0.047475
vn 0.007598 -0.265171 0.964171
vn 0.007598 -0.265170 0.964172
vn 0.016756 -0.584795 0.811008
vn 0.021587 -0.753390 0.657220
vn 0.017405 -0.607425 0.794187
vn 0.021752 -0.759180 0.650517
vn 0.011013 -0.384403 0.923100
vn 0.011004 -0.384082 0.923234
vn -0.027503 0.959889 -0.279030
vn -0.027503 0.959889 -0.279030
vn -0.022431 0.782860 -0.621793
vn -0.022479 0.784548 -0.619660
vn -0.011453 0.399746 -0.916554
vn -0.011458 0.399920 -0.916479
vn -0.999012 0.030883 -0.031971
vn -0.999476 0.022880 -0.022920
vn -0.998818 0.030122 0.038162
vn -0.996794 0.001497 0.079996
vn 0.995604 0.088033 -0.031969
vn 0.995454 0.087261 0.038163
vn 0.996526 0.080069 -0.022918
vn 0.995073 0.058566 0.079999
vn -0.998731 -0.007865 -0.049745
vn -0.998797 -0.011794 -0.047601
vn 0.997543 0.049333 -0.049741
vn 0.997834 0.045414 -0.047598
vn -0.007598 0.265171 0.964171
vn -0.007598 0.265170 0.964172
vn 0.034597 -0.225049 -0.973733
vn 0.135252 -0.880908 -0.453550
vn 0.038166 -0.230507 -0.972322
vn 0.146278 -0.882041 -0.447892
vn -0.039524 0.228720 -0.972690
vn -0.037243 0.230270 -0.972414
vn -0.152346 0.880611 -0.448681
vn -0.142685 0.880606 -0.451857
vn -0.010341 0.224004 -0.974533
vn -0.051740 0.884812 -0.463066
vn -0.006450 0.216973 -0.976156
vn -0.047436 0.887422 -0.458510
vn 0.014594 -0.219622 -0.975476
vn 0.015236 -0.205727 -0.978491
vn 0.042982 -0.886417 -0.460888
vn 0.047459 -0.884266 -0.464565
vn 0.023958 -0.218563 -0.975529
vn 0.096569 -0.882010 -0.461229
vn -0.025766 0.229707 -0.972919
vn -0.099040 0.883956 -0.456960
vn -0.073860 0.886423 -0.456946
vn -0.019165 0.229587 -0.973099
vn 0.018166 -0.222400 -0.974786
vn 0.072292 -0.885000 -0.459944
vn 0.995002 0.029166 0.095503
vn 0.995115 0.028706 0.094459
vn 0.999575 0.029143 0.000000
vn 0.999590 0.028641 0.000000
vn 0.995832 -0.091206 -0.000000
vn 0.997511 -0.070516 0.000000
vn 0.994520 -0.070906 0.076830
vn 0.994171 -0.065171 0.085890
vn 0.988229 0.152979 -0.000000
vn 0.988172 0.132334 0.077488
vn 0.991237 0.132093 -0.000000
vn 0.988168 0.126454 0.086797
vn 0.163546 -0.985958 -0.033756
vn 0.151408 -0.987874 -0.034364
vn 0.108467 -0.993478 -0.035154
vn 0.081235 -0.996065 -0.035444
vn 0.052259 -0.997998 -0.035639
vn 0.048701 -0.998745 0.011663
vn 0.994520 -0.070905 -0.076830
vn 0.994171 -0.065171 -0.085890
vn 0.995115 0.028706 -0.094459
vn 0.995002 0.029166 -0.095503
vn 0.988172 0.132333 -0.077488
vn 0.988168 0.126453 -0.086797
vn -0.059953 0.997572 -0.035447
vn -0.053054 0.998517 0.012188
vn -0.082938 0.995939 -0.035030
vn -0.111231 0.993195 -0.034519
vn -0.160223 0.986493 -0.034075
vn -0.170925 0.984703 -0.033844
vn 0.034597 -0.225049 0.973733
vn 0.038166 -0.230507 0.972322
vn 0.135252 -0.880908 0.453550
vn 0.146278 -0.882041 0.447892
vn -0.039524 0.228720 0.972690
vn -0.037243 0.230270 0.972414
vn -0.152346 0.880611 0.448681
vn -0.142685 0.880606 0.451857
vn -0.010341 0.224004 0.974533
vn -0.006451 0.216973 0.976156
vn -0.051740 0.884812 0.463066
vn -0.047436 0.887423 0.458510
vn 0.015236 -0.205727 0.978491
vn 0.014594 -0.219622 0.975476
vn 0.042982 -0.886417 0.460888
vn 0.047459 -0.884266 0.464565
vn 0.023958 -0.218563 0.975529
vn 0.096569 -0.882010 0.461229
vn -0.025766 0.229707 0.972919
vn -0.099040 0.883956 0.456960
vn -0.019165 0.229587 0.973099
vn -0.073860 0.886423 0.456946
vn 0.018166 -0.222400 0.974786
vn 0.072292 -0.885000 0.459944
vn 0.163546 -0.985958 0.033755
vn 0.151408 -0.987874 0.034364
vn 0.108467 -0.993478 0.035154
vn 0.081235 -0.996065 0.035444
vn 0.052259 -0.997998 0.035639
vn 0.048701 -0.998745 -0.011663
vn -0.059953 0.997572 0.035446
vn -0.053054 0.998517 -0.012189
vn -0.082938 0.995939 0.035031
vn -0.111231 0.993195 0.034519
vn -0.160223 0.986493 0.034075
vn -0.170925 0.984703 0.033843
s 1
g effect
f 1855/2397/2879 1857/2400/2880 1856/2398/2881
f 1856/2398/2881 1857/2400/2880 1858/2399/2882
f 1857/2400/2880 1859/2402/2883 1858/2399/2882
f 1858/2399/2882 1859/2402/2883 1860/2401/2884
f 1859/2402/2883 1861/2404/2885 1860/2401/2884
f 1860/2401/2884 1861/2404/2885 1862/2403/2886
s 2
f 1847/2405/2887 1851/2408/2888 1848/2406/2889
f 1848/2406/2889 1851/2408/2888 1852/2407/2890
f 1848/2406/2889 1852/2407/2890 1849/2409/2891
f 1849/2409/2891 1852/2407/2890 1853/2410/2892
f 1849/2409/2891 1853/2410/2892 1850/2411/2893
f 1850/2411/2893 1853/2410/2892 1854/2412/2894
s 3
f 1848/2406/2895 1857/2414/2896 1847/2405/2897
f 1847/2405/2897 1857/2414/2896 1855/2413/2898
s 4
f 1852/2407/2899 1851/2408/2900 1858/2415/2901
f 1858/2415/2901 1851/2408/2900 1856/2416/2902
s 3
f 1848/2406/2895 1849/2409/2903 1857/2414/2896
f 1857/2414/2896 1849/2409/2903 1859/2417/2904
s 4
f 1852/2407/2899 1858/2415/2901 1853/2410/2905
f 1853/2410/2905 1858/2415/2901 1860/2418/2906
s 3
f 1849/2409/2903 1850/2411/2907 1859/2417/2904
f 1859/2417/2904 1850/2411/2907 1861/2419/2908
s 4
f 1853/2410/2905 1860/2418/2906 1854/2412/2909
f 1854/2412/2909 1860/2418/2906 1862/2420/2910
s 1
f 1851/2408/2911 1847/2405/2912 1856/2421/2881
f 1856/2421/2881 1847/2405/2912 1855/2422/2879
f 1869/2423/2913 1870/2426/2914 1871/2424/2915
f 1871/2424/2915 1870/2426/2914 1872/2425/2916
f 1871/2424/2915 1872/2425/2916 1873/2427/2917
f 1873/2427/2917 1872/2425/2916 1874/2428/2918
f 1873/2427/2917 1874/2428/2918 1861/2404/2885
f 1861/2404/2885 1874/2428/2918 1862/2403/2886
s 2
f 1863/2429/2919 1864/2432/2920 1866/2430/2921
f 1866/2430/2921 1864/2432/2920 1867/2431/2922
f 1864/2432/2920 1865/2434/2923 1867/2431/2922
f 1867/2431/2922 1865/2434/2923 1868/2433/2924
f 1865/2434/2923 1850/2411/2893 1868/2433/2924
f 1868/2433/2924 1850/2411/2893 1854/2412/2894
s 3
f 1869/2436/2925 1871/2435/2926 1863/2429/2927
f 1863/2429/2927 1871/2435/2926 1864/2432/2928
s 4
f 1867/2431/2929 1872/2438/2930 1866/2430/2931
f 1866/2430/2931 1872/2438/2930 1870/2437/2932
s 3
f 1864/2432/2928 1871/2435/2926 1865/2434/2933
f 1865/2434/2933 1871/2435/2926 1873/2439/2934
s 4
f 1874/2440/2935 1872/2438/2930 1868/2433/2936
f 1868/2433/2936 1872/2438/2930 1867/2431/2929
s 3
f 1865/2434/2933 1873/2439/2934 1850/2411/2907
f 1850/2411/2907 1873/2439/2934 1861/2419/2908
s 4
f 1862/2420/2910 1874/2440/2935 1854/2412/2909
f 1854/2412/2909 1874/2440/2935 1868/2433/2936
s 1
f 1866/2430/2937 1870/2442/2914 1863/2429/2938
f 1863/2429/2938 1870/2442/2914 1869/2441/2913
s 9
f 1879/2443/2939 1881/2444/2940 1880/2446/2941
f 1880/2446/2941 1881/2444/2940 1882/2445/2942
f 1881/2444/2940 1884/2447/2943 1882/2445/2942
f 1882/2445/2942 1884/2447/2943 1885/2448/2944
s 10
f 1875/2449/2945 1877/2450/2946 1876/2452/2947
f 1876/2452/2947 1877/2450/2946 1878/2451/2948
f 1876/2452/2947 1878/2451/2948 1883/2454/2949
f 1883/2454/2949 1878/2451/2948 1886/2453/2950
s 11
f 1876/2456/2951 1881/2444/2952 1875/2455/2953
f 1875/2455/2953 1881/2444/2952 1879/2443/2954
s 12
f 1878/2457/2955 1877/2458/2956 1882/2445/2957
f 1882/2445/2957 1877/2458/2956 1880/2446/2958
s 11
f 1883/2459/2959 1884/2447/2960 1876/2456/2951
f 1876/2456/2951 1884/2447/2960 1881/2444/2952
s 12
f 1886/2460/2961 1878/2457/2955 1885/2448/2962
f 1885/2448/2962 1878/2457/2955 1882/2445/2957
s 11
f 1887/2462/2963 1875/2455/2953 1888/2461/2964
f 1888/2461/2964 1875/2455/2953 1879/2443/2954
s 9
f 1889/2463/2965 1888/2461/2966 1880/2446/2941
f 1880/2446/2941 1888/2461/2966 1879/2443/2939
s 12
f 1890/2464/2967 1889/2463/2968 1877/2458/2956
f 1877/2458/2956 1889/2463/2968 1880/2446/2958
s 10
f 1887/2465/2969 1890/2466/2970 1875/2449/2945
f 1875/2449/2945 1890/2466/2970 1877/2450/2946
s 13
f 1889/2467/2971 1890/2466/2972 1888/2468/2973
f 1888/2468/2973 1890/2466/2972 1887/2465/2974
s 14
f 1884/2469/2975 1883/2454/2976 1885/2470/2977
f 1885/2470/2977 1883/2454/2976 1886/2453/2978
s 15
f 1895/2471/2979 1896/2472/2980 1897/2474/2981
f 1897/2474/2981 1896/2472/2980 1898/2473/2982
f 1897/2474/2981 1898/2473/2982 1900/2476/2983
f 1900/2476/2983 1898/2473/2982 1901/2475/2984
s 16
f 1891/2477/2985 1892/2478/2986 1893/2480/2987
f 1893/2480/2987 1892/2478/2986 1894/2479/2988
f 1892/2478/2986 1899/2481/2989 1894/2479/2988
f 1894/2479/2988 1899/2481/2989 1902/2482/2990
s 17
f 1895/2471/2991 1897/2474/2992 1891/2483/2993
f 1891/2483/2993 1897/2474/2992 1892/2484/2994
s 18
f 1894/2485/2995 1898/2473/2996 1893/2486/2997
f 1893/2486/2997 1898/2473/2996 1896/2472/2998
s 17
f 1897/2474/2992 1900/2476/2999 1892/2484/2994
f 1892/2484/2994 1900/2476/2999 1899/2487/3000
s 18
f 1898/2473/2996 1894/2485/2995 1901/2475/3001
f 1901/2475/3001 1894/2485/2995 1902/2488/3002
s 17
f 1895/2471/2991 1891/2483/2993 1904/2489/3003
f 1904/2489/3003 1891/2483/2993 1903/2490/3004
s 15
f 1905/2491/3005 1896/2472/2980 1904/2489/3006
f 1904/2489/3006 1896/2472/2980 1895/2471/2979
s 18
f 1896/2472/2998 1905/2491/3007 1893/2486/2997
f 1893/2486/2997 1905/2491/3007 1906/2492/3008
s 16
f 1903/2493/3009 1891/2477/2985 1906/2494/3010
f 1906/2494/3010 1891/2477/2985 1893/2480/2987
s 19
f 1905/2495/3011 1904/2496/3012 1906/2494/3013
f 1906/2494/3013 1904/2496/3012 1903/2493/3014
s 20
f 1900/2497/3015 1901/2498/3016 1899/2481/3017
f 1899/2481/3017 1901/2498/3016 1902/2482/3018
s 21
f 1911/2499/3019 1913/2500/3020 1912/2502/3021
f 1912/2502/3021 1913/2500/3020 1914/2501/3022
f 1913/2500/3020 1916/2503/3023 1914/2501/3022
f 1914/2501/3022 1916/2503/3023 1917/2504/3024
s 22
f 1907/2505/3025 1909/2506/3026 1908/2508/3027
f 1908/2508/3027 1909/2506/3026 1910/2507/3028
f 1908/2508/3027 1910/2507/3028 1915/2510/3029
f 1915/2510/3029 1910/2507/3028 1918/2509/3030
s 23
f 1908/2512/3031 1913/2500/3032 1907/2511/3033
f 1907/2511/3033 1913/2500/3032 1911/2499/3034
s 24
f 1910/2513/3035 1909/2514/3036 1914/2501/3037
f 1914/2501/3037 1909/2514/3036 1912/2502/3038
s 23
f 1915/2515/3039 1916/2503/3040 1908/2512/3031
f 1908/2512/3031 1916/2503/3040 1913/2500/3032
s 24
f 1918/2516/3041 1910/2513/3035 1917/2504/3042
f 1917/2504/3042 1910/2513/3035 1914/2501/3037
s 23
f 1919/2518/3043 1907/2511/3033 1920/2517/3044
f 1920/2517/3044 1907/2511/3033 1911/2499/3034
s 21
f 1921/2519/3045 1920/2517/3046 1912/2502/3021
f 1912/2502/3021 1920/2517/3046 1911/2499/3019
s 24
f 1922/2520/3047 1921/2519/3048 1909/2514/3036
f 1909/2514/3036 1921/2519/3048 1912/2502/3038
s 22
f 1919/2521/3049 1922/2522/3050 1907/2505/3025
f 1907/2505/3025 1922/2522/3050 1909/2506/3026
s 25
f 1921/2523/3051 1922/2522/3052 1920/2524/3053
f 1920/2524/3053 1922/2522/3052 1919/2521/3054
s 26
f 1916/2525/3055 1915/2510/3056 1917/2526/3057
f 1917/2526/3057 1915/2510/3056 1918/2509/3058
s 27
f 1927/2527/3059 1928/2528/3060 1929/2530/3061
f 1929/2530/3061 1928/2528/3060 1930/2529/3062
f 1929/2530/3061 1930/2529/3062 1932/2532/3063
f 1932/2532/3063 1930/2529/3062 1933/2531/3064
s 28
f 1923/2533/3065 1924/2534/3066 1925/2536/3067
f 1925/2536/3067 1924/2534/3066 1926/2535/3068
f 1924/2534/3066 1931/2537/3069 1926/2535/3068
f 1926/2535/3068 1931/2537/3069 1934/2538/3070
s 29
f 1927/2527/3071 1929/2530/3072 1923/2539/3073
f 1923/2539/3073 1929/2530/3072 1924/2540/3074
s 30
f 1926/2541/3075 1930/2529/3076 1925/2542/3077
f 1925/2542/3077 1930/2529/3076 1928/2528/3078
s 29
f 1929/2530/3072 1932/2532/3079 1924/2540/3074
f 1924/2540/3074 1932/2532/3079 1931/2543/3080
s 30
f 1930/2529/3076 1926/2541/3075 1933/2531/3081
f 1933/2531/3081 1926/2541/3075 1934/2544/3082
s 29
f 1927/2527/3071 1923/2539/3073 1936/2545/3083
f 1936/2545/3083 1923/2539/3073 1935/2546/3084
s 27
f 1937/2547/3085 1928/2528/3060 1936/2545/3086
f 1936/2545/3086 1928/2528/3060 1927/2527/3059
s 30
f 1928/2528/3078 1937/2547/3087 1925/2542/3077
f 1925/2542/3077 1937/2547/3087 1938/2548/3088
s 28
f 1935/2549/3089 1923/2533/3065 1938/2550/3090
f 1938/2550/3090 1923/2533/3065 1925/2536/3067
s 31
f 1937/2551/3091 1936/2552/3092 1938/2550/3093
f 1938/2550/3093 1936/2552/3092 1935/2549/3094
s 32
f 1932/2553/3095 1933/2554/3096 1931/2537/3097
f 1931/2537/3097 1933/2554/3096 1934/2538/3098
s 33
f 1947/2555/3099 1948/2556/3100 1949/2558/3101
f 1949/2558/3101 1948/2556/3100 1950/2557/3102
f 1949/2558/3101 1950/2557/3102 1951/2560/3103
f 1951/2560/3103 1950/2557/3102 1952/2559/3104
f 1951/2560/3103 1952/2559/3104 1953/2562/3105
f 1953/2562/3105 1952/2559/3104 1954/2561/3106
s 34
f 1939/2563/3107 1940/2564/3108 1943/2566/3109
f 1943/2566/3109 1940/2564/3108 1944/2565/3110
f 1940/2564/3108 1941/2567/3111 1944/2565/3110
f 1944/2565/3110 1941/2567/3111 1945/2568/3112
f 1941/2567/3111 1942/2569/3113 1945/2568/3112
f 1945/2568/3112 1942/2569/3113 1946/2570/3114
s 35
f 1947/2571/3115 1949/2572/3116 1939/2563/3117
f 1939/2563/3117 1949/2572/3116 1940/2564/3118
s 36
f 1944/2565/3119 1950/2573/3120 1943/2566/3121
f 1943/2566/3121 1950/2573/3120 1948/2574/3122
s 35
f 1940/2564/3118 1949/2572/3116 1941/2567/3123
f 1941/2567/3123 1949/2572/3116 1951/2575/3124
s 36
f 1952/2576/3125 1950/2573/3120 1945/2568/3126
f 1945/2568/3126 1950/2573/3120 1944/2565/3119
s 35
f 1941/2567/3123 1951/2575/3124 1942/2569/3127
f 1942/2569/3127 1951/2575/3124 1953/2577/3128
s 36
f 1954/2578/3129 1952/2576/3125 1946/2570/3130
f 1946/2570/3130 1952/2576/3125 1945/2568/3126
s 33
f 1943/2566/3131 1948/2579/3100 1939/2563/3132
f 1939/2563/3132 1948/2579/3100 1947/2580/3099
f 1961/2581/3133 1963/2582/3134 1962/2584/3135
f 1962/2584/3135 1963/2582/3134 1964/2583/3136
f 1963/2582/3134 1965/2585/3137 1964/2583/3136
f 1964/2583/3136 1965/2585/3137 1966/2586/3138
f 1965/2585/3137 1953/2562/3105 1966/2586/3138
f 1966/2586/3138 1953/2562/3105 1954/2561/3106
s 34
f 1955/2587/3139 1958/2588/3140 1956/2590/3141
f 1956/2590/3141 1958/2588/3140 1959/2589/3142
f 1956/2590/3141 1959/2589/3142 1957/2592/3143
f 1957/2592/3143 1959/2589/3142 1960/2591/3144
f 1957/2592/3143 1960/2591/3144 1942/2569/3113
f 1942/2569/3113 1960/2591/3144 1946/2570/3114
s 35
f 1956/2590/3145 1963/2593/3146 1955/2587/3147
f 1955/2587/3147 1963/2593/3146 1961/2594/3148
s 36
f 1959/2589/3149 1958/2588/3150 1964/2596/3151
f 1964/2596/3151 1958/2588/3150 1962/2595/3152
s 35
f 1956/2590/3145 1957/2592/3153 1963/2593/3146
f 1963/2593/3146 1957/2592/3153 1965/2597/3154
s 36
f 1959/2589/3149 1964/2596/3151 1960/2591/3155
f 1960/2591/3155 1964/2596/3151 1966/2598/3156
s 35
f 1957/2592/3153 1942/2569/3127 1965/2597/3154
f 1965/2597/3154 1942/2569/3127 1953/2577/3128
s 36
f 1960/2591/3155 1966/2598/3156 1946/2570/3130
f 1946/2570/3130 1966/2598/3156 1954/2578/3129
s 33
f 1958/2588/3157 1955/2587/3158 1962/2600/3135
f 1962/2600/3135 1955/2587/3158 1961/2599/3133
s 41
f 1981/2601/3159 1982/2602/3160 1967/2604/3161
f 1967/2604/3161 1982/2602/3160 1973/2603/3162
f 1967/2604/3161 1968/2605/3163 1981/2601/3159
f 1981/2601/3159 1968/2605/3163 1980/2606/3164
f 1968/2605/3163 1976/2607/3165 1980/2606/3164
f 1980/2606/3164 1976/2607/3165 1979/2608/3166
f 1985/2609/3167 1986/2610/3168 1972/2612/3169
f 1972/2612/3169 1986/2610/3168 1977/2611/3170
f 1985/2609/3167 1972/2612/3169 1984/2613/3171
f 1984/2613/3171 1972/2612/3169 1971/2614/3172
f 1975/2615/3173 1983/2616/3174 1971/2614/3172
f 1971/2614/3172 1983/2616/3174 1984/2613/3171
f 1993/2617/3175 1994/2618/3176 1981/2601/3159
f 1981/2601/3159 1994/2618/3176 1982/2602/3160
f 1981/2601/3159 1980/2606/3164 1993/2617/3175
f 1993/2617/3175 1980/2606/3164 1992/2619/3177
f 1980/2606/3164 1979/2608/3166 1992/2619/3177
f 1992/2619/3177 1979/2608/3166 1991/2620/3178
f 1987/2622/3179 1986/2610/3168 1988/2621/3180
f 1988/2621/3180 1986/2610/3168 1985/2609/3167
f 1988/2621/3180 1985/2609/3167 1989/2623/3181
f 1989/2623/3181 1985/2609/3167 1984/2613/3171
f 1983/2616/3174 1990/2624/3182 1984/2613/3171
f 1984/2613/3171 1990/2624/3182 1989/2623/3181
f 1992/2619/3177 1991/2620/3178 1988/2621/3180
f 1988/2621/3180 1991/2620/3178 1987/2622/3179
f 1992/2619/3177 1988/2621/3180 1993/2617/3175
f 1993/2617/3175 1988/2621/3180 1989/2623/3181
f 1989/2623/3181 1990/2624/3182 1993/2617/3175
f 1993/2617/3175 1990/2624/3182 1994/2618/3176
s 46
f 1969/2625/3183 1970/2626/3184 2002/2628/3185
f 2002/2628/3185 1970/2626/3184 2001/2627/3186
s 47
f 2000/2630/3187 2001/2627/3188 1974/2629/3189
f 1974/2629/3189 2001/2627/3188 1970/2626/3190
s 48
f 2003/2631/3191 1978/2632/3192 2002/2628/3193
f 2002/2628/3193 1978/2632/3192 1969/2625/3194
s 41
f 1995/2633/3195 1973/2603/3162 1996/2634/3196
f 1996/2634/3196 1973/2603/3162 1982/2602/3160
f 1997/2635/3197 1996/2634/3196 1994/2618/3176
f 1994/2618/3176 1996/2634/3196 1982/2602/3160
f 1998/2636/3198 1997/2635/3197 1990/2624/3182
f 1990/2624/3182 1997/2635/3197 1994/2618/3176
f 1999/2637/3199 1998/2636/3198 1983/2616/3174
f 1983/2616/3174 1998/2636/3198 1990/2624/3182
f 2000/2638/3200 1999/2637/3199 1975/2615/3173
f 1975/2615/3173 1999/2637/3199 1983/2616/3174
s 47
f 2000/2630/3187 1975/2639/3201 2001/2627/3188
f 2001/2627/3188 1975/2639/3201 1971/2640/3202
s 46
f 2001/2627/3186 1971/2640/3203 2002/2628/3185
f 2002/2628/3185 1971/2640/3203 1972/2641/3204
s 48
f 2003/2631/3191 2002/2628/3193 1977/2642/3205
f 1977/2642/3205 2002/2628/3193 1972/2641/3206
s 41
f 1986/2610/3168 2004/2643/3207 1977/2611/3170
f 1977/2611/3170 2004/2643/3207 2003/2644/3208
f 1987/2622/3179 2005/2645/3209 1986/2610/3168
f 1986/2610/3168 2005/2645/3209 2004/2643/3207
f 1991/2620/3178 2006/2646/3210 1987/2622/3179
f 1987/2622/3179 2006/2646/3210 2005/2645/3209
f 1979/2608/3166 2007/2647/3211 1991/2620/3178
f 1991/2620/3178 2007/2647/3211 2006/2646/3210
f 1976/2607/3165 2008/2648/3212 1979/2608/3166
f 1979/2608/3166 2008/2648/3212 2007/2647/3211
s 49
f 2015/2649/3213 2009/2650/3214 2016/2652/3215
f 2016/2652/3215 2009/2650/3214 2011/2651/3216
f 2009/2650/3214 2015/2649/3213 2010/2654/3217
f 2010/2654/3217 2015/2649/3213 2014/2653/3218
f 2010/2654/3217 2014/2653/3218 2012/2656/3219
f 2012/2656/3219 2014/2653/3218 2013/2655/3220
f 2019/2657/3221 1969/2658/3222 2020/2660/3223
f 2020/2660/3223 1969/2658/3222 1978/2659/3224
f 1970/2662/3225 1969/2658/3222 2018/2661/3226
f 2018/2661/3226 1969/2658/3222 2019/2657/3221
f 1974/2663/3227 1970/2662/3225 2017/2664/3228
f 2017/2664/3228 1970/2662/3225 2018/2661/3226
f 2027/2665/3229 2015/2649/3213 2028/2666/3230
f 2028/2666/3230 2015/2649/3213 2016/2652/3215
f 2015/2649/3213 2027/2665/3229 2014/2653/3218
f 2014/2653/3218 2027/2665/3229 2026/2667/3231
f 2014/2653/3218 2026/2667/3231 2013/2655/3220
f 2013/2655/3220 2026/2667/3231 2025/2668/3232
f 2019/2657/3221 2020/2660/3223 2022/2669/3233
f 2022/2669/3233 2020/2660/3223 2021/2670/3234
f 2018/2661/3226 2019/2657/3221 2023/2671/3235
f 2023/2671/3235 2019/2657/3221 2022/2669/3233
f 2023/2671/3235 2024/2672/3236 2018/2661/3226
f 2018/2661/3226 2024/2672/3236 2017/2664/3228
f 2026/2667/3231 2022/2669/3233 2025/2668/3232
f 2025/2668/3232 2022/2669/3233 2021/2670/3234
f 2023/2671/3235 2022/2669/3233 2027/2665/3229
f 2027/2665/3229 2022/2669/3233 2026/2667/3231
f 2023/2671/3235 2027/2665/3229 2024/2672/3236
f 2024/2672/3236 2027/2665/3229 2028/2666/3230
f 1995/2673/3237 1996/2674/3238 2011/2651/3216
f 2011/2651/3216 1996/2674/3238 2016/2652/3215
f 1997/2675/3239 2028/2666/3230 1996/2674/3238
f 1996/2674/3238 2028/2666/3230 2016/2652/3215
f 1998/2676/3240 2024/2672/3236 1997/2675/3239
f 1997/2675/3239 2024/2672/3236 2028/2666/3230
f 1999/2677/3241 2017/2664/3228 1998/2676/3240
f 1998/2676/3240 2017/2664/3228 2024/2672/3236
f 2000/2678/3242 1974/2663/3227 1999/2677/3241
f 1999/2677/3241 1974/2663/3227 2017/2664/3228
f 2020/2660/3223 1978/2659/3224 2004/2680/3243
f 2004/2680/3243 1978/2659/3224 2003/2679/3244
f 2021/2670/3234 2020/2660/3223 2005/2681/3245
f 2005/2681/3245 2020/2660/3223 2004/2680/3243
f 2025/2668/3232 2021/2670/3234 2006/2682/3246
f 2006/2682/3246 2021/2670/3234 2005/2681/3245
f 2013/2655/3220 2025/2668/3232 2007/2683/3247
f 2007/2683/3247 2025/2668/3232 2006/2682/3246
f 2012/2656/3219 2013/2655/3220 2008/2684/3248
f 2008/2684/3248 2013/2655/3220 2007/2683/3247
g default
v -34.505015 -2.855070 2.197418
v -47.058579 -3.315822 2.197418
v -34.969095 13.341684 1.445223
v -47.522659 12.880933 1.445223
v -34.750077 5.697785 2.590406
v -47.303641 5.237033 2.590406
v -34.969095 13.341684 0.000000
v -47.522659 12.880933 0.000000
v -47.303641 5.237033 0.000000
v -47.058579 -3.315822 0.000000
v -34.505015 -2.855070 0.000000
v -34.505015 -2.855070 -2.197418
v -47.058579 -3.315822 -2.197418
v -34.969095 13.341684 -1.445223
v -47.522659 12.880933 -1.445223
v -34.750077 5.697785 -2.590406
v -47.303641 5.237033 -2.590406
v -34.969095 13.341684 0.000000
v -47.522659 12.880933 0.000000
v -47.303641 5.237033 0.000000
v -47.058579 -3.315822 0.000000
v -34.505015 -2.855070 0.000000
v -33.194784 -12.242696 2.453531
v -33.238161 -10.728806 6.695238
v -33.425218 -4.200365 11.596483
v -33.680743 4.717654 13.390461
v -26.000054 -12.036548 2.453531
v -26.043431 -10.522658 6.695238
v -26.230487 -3.994217 11.596483
v -26.486012 4.923801 13.390461
v -33.230322 -11.002408 2.159746
v -26.035591 -10.796261 2.159746
v -33.269326 -9.641140 5.893548
v -26.074595 -9.434992 5.893548
v -33.441333 -3.637937 10.340272
v -26.246602 -3.431790 10.340272
v -33.680743 4.717654 12.006844
v -26.486012 4.923801 12.006844
v -34.166701 21.678003 2.453531
v -34.123324 20.164113 6.695238
v -33.936267 13.635672 11.596483
v -26.971970 21.884151 2.453531
v -26.928593 20.370261 6.695238
v -26.741536 13.841820 11.596483
v -34.131163 20.437716 2.159746
v -26.936433 20.643863 2.159746
v -34.092160 19.076447 5.893548
v -26.897429 19.282595 5.893548
v -33.920152 13.073245 10.340272
v -26.725421 13.279392 10.340272
v -33.464441 28.165188 10.152244
v -33.180799 18.265853 17.584197
v -28.044559 28.320482 10.152244
v -27.760918 18.421146 17.584197
v -33.561759 31.561645 12.655667
v -28.141877 31.716939 12.655667
v -33.231122 20.022158 21.506948
v -27.811240 20.177452 21.506948
v -32.909576 8.799936 19.488390
v -32.924673 9.326830 23.689634
v -27.504791 9.482124 23.689634
v -27.489694 8.955230 19.488390
v -33.537115 30.701569 3.045684
v -33.649521 34.624634 3.796710
v -28.229639 34.779928 3.796710
v -28.117233 30.856863 3.045684
v -33.464441 28.165188 -10.152244
v -33.180799 18.265853 -17.584197
v -28.044559 28.320482 -10.152244
v -27.760918 18.421146 -17.584197
v -33.561759 31.561645 -12.655667
v -28.141877 31.716939 -12.655667
v -33.231122 20.022158 -21.506948
v -27.811240 20.177452 -21.506948
v -32.909576 8.799936 -19.488390
v -32.924673 9.326830 -23.689634
v -27.504791 9.482124 -23.689634
v -27.489694 8.955230 -19.488390
v -33.537115 30.701569 -3.045684
v -33.649521 34.624634 -3.796710
v -28.229639 34.779928 -3.796710
v -28.117233 30.856863 -3.045684
v -32.122233 -18.678991 -10.152244
v -32.405875 -8.779655 -17.584197
v -26.702351 -18.523697 -10.152244
v -26.985993 -8.624362 -17.584197
v -32.024916 -22.075448 -12.655667
v -26.605034 -21.920154 -12.655667
v -32.355552 -10.535961 -21.506948
v -26.935670 -10.380667 -21.506948
v -32.677098 0.686261 -19.488390
v -32.662001 0.159367 -23.689634
v -27.242120 0.314661 -23.689634
v -27.257216 0.841555 -19.488390
v -32.049559 -21.215372 -3.045684
v -31.937153 -25.138437 -3.796710
v -26.517271 -24.983143 -3.796710
v -26.629678 -21.060078 -3.045684
v -32.122233 -18.678991 10.152244
v -32.405875 -8.779655 17.584197
v -26.702351 -18.523697 10.152244
v -26.985993 -8.624362 17.584197
v -32.024916 -22.075448 12.655667
v -26.605034 -21.920154 12.655667
v -32.355552 -10.535961 21.506948
v -26.935670 -10.380667 21.506948
v -32.677098 0.686261 19.488390
v -32.662001 0.159367 23.689634
v -27.242120 0.314661 23.689634
v -27.257216 0.841555 19.488390
v -32.049559 -21.215372 3.045684
v -31.937153 -25.138437 3.796710
v -26.517271 -24.983143 3.796710
v -26.629678 -21.060078 3.045684
v -33.194784 -12.242696 -2.453531
v -33.238161 -10.728806 -6.695238
v -33.425218 -4.200365 -11.596483
v -33.680743 4.717654 -13.390461
v -26.000054 -12.036548 -2.453531
v -26.043431 -10.522658 -6.695238
v -26.230487 -3.994217 -11.596483
v -26.486012 4.923801 -13.390461
v -33.230322 -11.002408 -2.159746
v -26.035591 -10.796261 -2.159746
v -33.269326 -9.641140 -5.893548
v -26.074595 -9.434992 -5.893548
v -33.441333 -3.637937 -10.340272
v -26.246602 -3.431790 -10.340272
v -33.680743 4.717654 -12.006844
v -26.486012 4.923801 -12.006844
v -34.166701 21.678003 -2.453531
v -34.123324 20.164113 -6.695238
v -33.936267 13.635672 -11.596483
v -26.971970 21.884151 -2.453531
v -26.928593 20.370261 -6.695238
v -26.741536 13.841820 -11.596483
v -34.131163 20.437716 -2.159746
v -26.936433 20.643863 -2.159746
v -34.092160 19.076447 -5.893548
v -26.897429 19.282595 -5.893548
v -33.920152 13.073245 -10.340272
v -26.725421 13.279392 -10.340272
v -35.191143 17.169518 5.411524
v -35.039950 11.892786 9.373037
v -34.833419 4.684654 10.823050
v -34.626887 -2.523487 9.373037
v -34.475695 -7.800200 5.411524
v -34.420355 -9.731619 -0.000002
v -34.475695 -7.800200 -5.411528
v -34.626887 -2.523487 -9.373041
v -34.833419 4.684654 -10.823053
v -35.039950 11.892786 -9.373041
v -35.191143 17.169518 -5.411528
v -35.246483 19.100928 -0.000002
v -25.690987 17.441722 5.411524
v -25.539795 12.164990 9.373037
v -25.333264 4.956858 10.823050
v -25.126731 -2.251283 9.373037
v -24.975540 -7.527996 5.411524
v -24.920200 -9.459415 -0.000002
v -24.975540 -7.527996 -5.411528
v -25.126731 -2.251283 -9.373041
v -25.333264 4.956858 -10.823053
v -25.539795 12.164990 -9.373041
v -25.690987 17.441722 -5.411528
v -25.746327 19.373132 -0.000002
v -35.191143 17.169518 -0.000002
v -35.039950 11.892786 -0.000002
v -34.833419 4.684654 -0.000002
v -34.626887 -2.523487 -0.000002
v -34.475695 -7.800200 -0.000002
v -25.690987 17.441722 -0.000002
v -25.539795 12.164990 -0.000002
v -25.333264 4.956858 -0.000002
v -25.126731 -2.251283 -0.000002
v -24.975540 -7.527996 -0.000003
v -283.428040 -18.911890 -1.447525
v -284.137324 -12.576391 -0.000003
v -302.517143 -23.554471 -0.000003
v -282.874433 -23.856891 -1.227700
v -306.318293 -28.784685 -0.000003
v -235.818432 -16.659977 -1.227700
v -237.066148 -11.520222 -1.447525
v -238.527187 -4.476317 -0.000003
v -62.925719 -2.687377 -1.227700
v -46.864236 -2.221315 -1.227700
v -47.041857 3.978458 -1.447525
v -63.105254 3.577236 -1.447525
v -47.263032 11.698938 -0.000003
v -63.324381 11.224298 -0.000003
v -295.938266 -26.405574 -0.968356
v -46.864236 -2.221315 -0.000003
v -62.925719 -2.687377 -0.000003
v -235.818432 -16.659977 -0.000003
v -282.874433 -23.856891 -0.000003
v -291.387107 -15.498688 -0.000003
v -296.535936 -18.808151 -0.000003
v -290.450000 -21.826521 -1.286336
v -295.938304 -26.405603 -0.000003
v -118.689342 -5.940746 -1.227700
v -170.113394 -10.046455 -1.227700
v -170.986864 -3.663409 -1.447525
v -119.361811 0.634128 -1.447525
v -171.941799 3.282109 -0.000003
v -120.089949 7.789901 -0.000003
v -118.689342 -5.940746 -0.000003
v -170.113394 -10.046455 -0.000003
v -283.428040 -18.911890 1.447519
v -282.874433 -23.856891 1.227694
v -235.818432 -16.659977 1.227694
v -237.066148 -11.520222 1.447519
v -62.925719 -2.687377 1.227694
v -46.864236 -2.221315 1.227694
v -47.041857 3.978458 1.447519
v -63.105254 3.577236 1.447519
v -295.938266 -26.405574 0.968350
v -290.450000 -21.826521 1.286330
v -118.689342 -5.940746 1.227694
v -170.113394 -10.046455 1.227694
v -170.986864 -3.663409 1.447519
v -119.361811 0.634128 1.447519
v 34.572144 6.673295 5.470903
v 35.427491 8.401041 5.470903
v 38.680622 10.037810 5.470903
v 38.773575 6.793677 5.470903
v 41.686085 11.028766 5.470903
v 42.900301 9.519998 5.470903
v 43.972802 12.957203 5.470903
v 45.770489 11.518376 5.279977
v 45.669524 16.030678 5.273644
v 51.775357 13.713027 3.923160
v 41.784411 6.879946 5.470903
v 42.974968 6.914058 5.470903
v 31.002284 6.571010 2.735452
v 33.097220 10.715343 2.735452
v 36.350350 12.352112 2.735452
v 39.355813 13.343068 2.735452
v 41.885461 14.966198 2.735452
v 43.840795 17.188337 2.735452
v 45.573917 18.378917 2.639989
v 51.822324 15.790192 1.949674
v 51.775357 13.713027 1.961580
v 45.770489 11.518376 2.639989
v 42.900301 9.519998 2.735452
v 42.974968 6.914058 2.735452
v 36.332816 12.964057 -0.000000
v 39.338279 13.955013 -0.000000
v 41.867927 15.578143 -0.000000
v 43.823261 17.800282 -0.000000
v 45.556383 18.990862 -0.000000
v 51.804790 16.402137 -0.000000
v 51.775357 13.713027 -0.000000
v 45.770489 11.518376 -0.000000
v 42.900301 9.519998 -0.000000
v 42.974968 6.914058 -0.000000
v 35.525016 4.997360 5.470903
v 38.866528 3.549545 5.470903
v 41.923800 2.732302 5.470903
v 43.049635 4.308118 5.470903
v 44.317185 0.937962 5.470903
v 46.029538 2.477360 5.279977
v 46.187105 -2.033320 5.273644
v 52.150216 0.630138 3.923160
v 33.331080 2.553428 2.735452
v 36.672592 1.105612 2.735452
v 39.729864 0.288369 2.735452
v 42.348300 -1.187255 2.735452
v 44.427662 -3.293789 2.735452
v 46.226110 -4.383181 2.639989
v 52.316041 -1.440930 1.949674
v 52.150216 0.630138 1.961580
v 46.029538 2.477360 2.639989
v 43.049635 4.308118 2.735452
v 36.690126 0.493667 -0.000000
v 39.747398 -0.323576 -0.000000
v 42.365833 -1.799199 -0.000000
v 44.445195 -3.905734 -0.000000
v 46.243644 -4.995125 -0.000000
v 52.333575 -2.052874 -0.000000
v 52.150216 0.630138 -0.000000
v 46.029538 2.477360 -0.000000
v 43.049635 4.308118 -0.000000
v 52.851222 -0.126281 -0.000000
v 52.823133 0.854055 3.472898
v 52.746391 3.532384 4.851208
v 52.536732 10.849678 4.851208
v 52.459991 13.527998 3.472898
v 52.431902 14.508334 -0.000000
v 56.830497 3.569820 -0.000000
v 56.816147 4.070642 1.411033
v 56.776943 5.438903 2.332456
v 56.669835 9.177060 2.332456
v 56.630631 10.545321 1.411033
v 56.616281 11.046144 -0.000000
v 56.723389 7.307986 -0.000000
v 54.772198 4.118117 4.080092
v 54.837879 1.825770 2.776284
v 54.861921 0.986716 -0.000000
v 54.503030 13.512301 -0.000000
v 54.527071 12.673247 2.776286
v 54.592753 10.380901 4.080093
v 51.953106 -0.152014 -0.000000
v 47.945738 0.714305 3.472898
v 43.079798 3.255411 4.851208
v 42.870138 10.572705 4.851208
v 47.582597 13.388248 3.472898
v 51.533786 14.482601 -0.000000
v 34.572144 6.673295 -5.470903
v 35.427491 8.401041 -5.470903
v 38.680622 10.037810 -5.470903
v 38.773575 6.793677 -5.470903
v 41.686085 11.028766 -5.470903
v 42.900301 9.519998 -5.470903
v 43.972802 12.957203 -5.470903
v 45.770489 11.518376 -5.279977
v 45.669524 16.030678 -5.273644
v 51.775357 13.713027 -3.923160
v 41.784411 6.879946 -5.470903
v 42.974968 6.914058 -5.470903
v 31.002284 6.571010 -2.735452
v 33.097220 10.715343 -2.735452
v 36.350350 12.352112 -2.735452
v 39.355813 13.343068 -2.735452
v 41.885461 14.966198 -2.735452
v 43.840795 17.188337 -2.735452
v 45.573917 18.378917 -2.639989
v 51.822324 15.790192 -1.949674
v 51.775357 13.713027 -1.961580
v 45.770489 11.518376 -2.639989
v 42.900301 9.519998 -2.735452
v 42.974968 6.914058 -2.735452
v 35.525016 4.997360 -5.470903
v 38.866528 3.549545 -5.470903
v 41.923800 2.732302 -5.470903
v 43.049635 4.308118 -5.470903
v 44.317185 0.937962 -5.470903
v 46.029538 2.477360 -5.279977
v 46.187105 -2.033320 -5.273644
v 52.150216 0.630138 -3.923160
v 33.331080 2.553428 -2.735452
v 36.672592 1.105612 -2.735452
v 39.729864 0.288369 -2.735452
v 42.348300 -1.187255 -2.735452
v 44.427662 -3.293789 -2.735452
v 46.226110 -4.383181 -2.639989
v 52.316041 -1.440930 -1.949674
v 52.150216 0.630138 -1.961580
v 46.029538 2.477360 -2.639989
v 43.049635 4.308118 -2.735452
v 52.823133 0.854055 -3.472898
v 52.746391 3.532384 -4.851208
v 52.536732 10.849678 -4.851208
v 52.459991 13.527998 -3.472898
v 56.816147 4.070642 -1.411033
v 56.776943 5.438903 -2.332456
v 56.669835 9.177060 -2.332456
v 56.630631 10.545321 -1.411033
v 54.772198 4.118117 -4.080092
v 54.837879 1.825770 -2.776284
v 54.527071 12.673247 -2.776286
v 54.592753 10.380901 -4.080093
v 47.945738 0.714305 -3.472898
v 43.079798 3.255411 -4.851208
v 42.870138 10.572705 -4.851208
v 47.582597 13.388248 -3.472898
v -25.299491 -2.737732 -0.000000
v -25.329008 -1.707583 -2.805571
v -25.409649 1.106877 -4.859389
v -25.519808 4.951504 -5.611142
v -25.629966 8.796122 -4.859389
v -25.710608 11.610573 -2.805571
v -25.740124 12.640722 -0.000000
v 38.957276 -0.080256 -0.000000
v 38.046574 0.815274 -2.515128
v 36.593074 3.291588 -4.356328
v 34.320582 6.666087 -5.030257
v 36.396129 10.165151 -4.356328
v 37.705454 12.720627 -2.515128
v 38.563386 13.666842 -0.000000
v 24.420650 14.077959 -0.000000
v 24.450166 13.047810 -2.805571
v 24.530808 10.233359 -4.859389
v 24.640966 6.388741 -5.611142
v 24.751125 2.544114 -4.859389
v 24.831766 -0.270346 -2.805571
v 24.861283 -1.300495 -0.000000
v -4.382820 13.252683 -0.000000
v -4.353303 12.222515 -2.805571
v -4.272661 9.408065 -4.859389
v -4.162503 5.563447 -5.611142
v -4.052344 1.718819 -4.859389
v -3.971703 -1.095641 -2.805571
v -3.942186 -2.125799 -0.000000
v 31.700593 6.591018 -5.174719
v 31.802184 3.045417 -4.481438
v 31.876553 0.449872 -2.587359
v 31.903774 -0.500184 -0.000000
v 31.497412 13.682201 -0.000000
v 31.524633 12.732163 -2.587359
v 31.599003 10.136600 -4.481438
v 16.616515 9.750077 -4.535431
v 3.656282 9.378732 -4.535431
v 3.759096 5.790421 -5.237066
v 16.719330 6.161766 -5.237066
v 3.861911 2.202092 -4.535431
v 16.822145 2.573436 -4.535431
v 3.937176 -0.424723 -2.618533
v 16.897410 -0.053378 -2.618533
v 3.964725 -1.386210 -0.000000
v 16.924959 -1.014866 -0.000000
v 3.553467 12.967052 -0.000000
v 16.513701 13.338397 -0.000000
v 3.581016 12.005556 -2.618533
v 16.541250 12.376900 -2.618533
v -9.918841 12.281754 -0.000000
v -9.892440 11.360322 -2.509427
v -9.820311 8.842957 -4.346454
v -9.721780 5.404159 -5.018855
v -9.623249 1.965352 -4.346454
v -9.551120 -0.552032 -2.509427
v -9.524719 -1.473446 -0.000000
v -25.329008 -1.707583 2.805571
v -25.409649 1.106877 4.859389
v -25.519808 4.951504 5.611142
v -25.629966 8.796122 4.859389
v -25.710608 11.610573 2.805571
v 38.046574 0.815274 2.515128
v 36.593074 3.291588 4.356328
v 34.320582 6.666087 5.030257
v 36.396129 10.165151 4.356328
v 37.705454 12.720627 2.515128
v 24.450166 13.047810 2.805571
v 24.530808 10.233359 4.859389
v 24.640966 6.388741 5.611142
v 24.751125 2.544114 4.859389
v 24.831766 -0.270346 2.805571
v -4.353303 12.222515 2.805571
v -4.272661 9.408065 4.859389
v -4.162503 5.563447 5.611142
v -4.052344 1.718819 4.859389
v -3.971703 -1.095641 2.805571
v 31.700593 6.591018 5.174719
v 31.802184 3.045417 4.481438
v 31.876553 0.449872 2.587359
v 31.524633 12.732163 2.587359
v 31.599003 10.136600 4.481438
v 16.616515 9.750077 4.535431
v 3.656282 9.378732 4.535431
v 3.759096 5.790421 5.237066
v 16.719330 6.161766 5.237066
v 3.861911 2.202092 4.535431
v 16.822145 2.573436 4.535431
v 3.937176 -0.424723 2.618533
v 16.897410 -0.053378 2.618533
v 3.581016 12.005556 2.618533
v 16.541250 12.376900 2.618533
v -9.892440 11.360322 2.509427
v -9.820311 8.842957 4.346454
v -9.721780 5.404159 5.018855
v -9.623249 1.965352 4.346454
v -9.551120 -0.552032 2.509427
v -25.608165 14.549221 4.391197
v -25.492002 10.495029 7.605803
v -25.333321 4.956931 8.782426
v -25.174640 -0.581176 7.605803
v -25.058477 -4.635368 4.391197
v -25.015959 -6.119274 -0.000033
v -25.058477 -4.635368 -4.391263
v -25.174640 -0.581176 -7.605867
v -25.333321 4.956931 -8.782492
v -25.492002 10.495029 -7.605867
v -25.608165 14.549221 -4.391263
v -25.650684 16.033145 -0.000033
v -24.980918 14.300818 4.273385
v -24.867977 10.359098 7.401746
v -24.713700 4.974685 8.546804
v -24.559422 -0.409757 7.401746
v -24.446482 -4.351439 4.273385
v -24.405143 -5.794207 -0.000033
v -24.446482 -4.351439 -4.273451
v -24.559422 -0.409757 -7.401811
v -24.713700 4.974685 -8.546869
v -24.867977 10.359098 -7.401811
v -24.980918 14.300818 -4.273451
v -25.022257 15.743567 -0.000033
v -25.566698 13.101995 3.558105
v -25.469055 9.694153 6.233816
v -24.853757 9.862798 6.421326
v -24.954505 13.378970 3.664878
v -25.333321 4.956931 7.234617
v -24.713700 4.974685 7.452426
v -25.197587 0.219700 6.233816
v -24.573642 0.086553 6.421326
v -25.099944 -3.188124 3.558105
v -24.472895 -3.429601 3.664878
v -25.064932 -4.410090 -0.000033
v -24.436773 -4.690290 -0.000033
v -25.099944 -3.188124 -3.558170
v -24.472895 -3.429601 -3.664944
v -25.197587 0.219700 -6.233882
v -24.573642 0.086553 -6.421392
v -25.333321 4.956931 -7.234682
v -24.713700 4.974685 -7.452491
v -25.469055 9.694153 -6.233882
v -24.853757 9.862798 -6.421392
v -25.566698 13.101995 -3.558170
v -24.954505 13.378970 -3.664944
v -25.601711 14.323961 -0.000033
v -24.990627 14.639660 -0.000033
v -34.558572 -4.907710 4.391197
v -34.674736 -0.853518 7.605803
v -34.833417 4.684580 8.782426
v -34.992098 10.222687 7.605803
v -35.108261 14.276879 4.391197
v -35.150779 15.760785 -0.000033
v -35.108261 14.276879 -4.391263
v -34.992098 10.222687 -7.605867
v -34.833417 4.684580 -8.782492
v -34.674736 -0.853518 -7.605867
v -34.558572 -4.907710 -4.391263
v -34.516054 -6.391634 -0.000033
v -35.185820 -4.659307 4.273385
v -35.298760 -0.717587 7.401746
v -35.453038 4.666826 8.546804
v -35.607316 10.051267 7.401746
v -35.720256 13.992950 4.273385
v -35.761595 15.435718 -0.000033
v -35.720256 13.992950 -4.273451
v -35.607316 10.051267 -7.401811
v -35.453038 4.666826 -8.546869
v -35.298760 -0.717587 -7.401811
v -35.185820 -4.659307 -4.273451
v -35.144481 -6.102056 -0.000033
v -34.600039 -3.460484 3.558105
v -34.697683 -0.052642 6.233816
v -35.312981 -0.221287 6.421326
v -35.212233 -3.737459 3.664878
v -34.833417 4.684580 7.234617
v -35.453038 4.666826 7.452426
v -34.969151 9.421811 6.233816
v -35.593095 9.554958 6.421326
v -35.066794 12.829635 3.558105
v -35.693842 13.071111 3.664878
v -35.101806 14.051601 -0.000033
v -35.729964 14.331801 -0.000033
v -35.066794 12.829635 -3.558170
v -35.693842 13.071111 -3.664944
v -34.969151 9.421811 -6.233882
v -35.593095 9.554958 -6.421392
v -34.833417 4.684580 -7.234682
v -35.453038 4.666826 -7.452491
v -34.697683 -0.052642 -6.233882
v -35.312981 -0.221287 -6.421392
v -34.600039 -3.460484 -3.558170
v -35.212233 -3.737459 -3.664944
v -34.565027 -4.682450 -0.000033
v -35.176111 -4.998149 -0.000033
vt 0.514089 0.436454
vt 0.500008 0.436778
vt 0.498538 0.352552
vt 0.512605 0.352267
vt 0.394653 0.437798
vt 0.385390 0.437695
vt 0.385875 0.353962
vt 0.396450 0.354061
vt 0.444389 0.438030
vt 0.444389 0.355144
vt 0.396325 0.344655
vt 0.444210 0.338823
vt 0.498286 0.338157
vt 0.514089 0.436454
vt 0.512605 0.352267
vt 0.498538 0.352552
vt 0.500008 0.436778
vt 0.394653 0.437798
vt 0.396450 0.354061
vt 0.385875 0.353962
vt 0.385390 0.437695
vt 0.444389 0.355144
vt 0.444389 0.438030
vt 0.444210 0.338823
vt 0.396325 0.344655
vt 0.498286 0.338157
vt 0.868881 0.984365
vt 0.826025 0.984365
vt 0.826025 0.958422
vt 0.868881 0.958422
vt 0.826025 0.909644
vt 0.868881 0.909644
vt 0.826025 0.854007
vt 0.868881 0.854008
vt 0.759276 0.981218
vt 0.761046 0.952856
vt 0.807357 0.952795
vt 0.807567 0.982229
vt 0.760794 0.900188
vt 0.807861 0.900272
vt 0.760761 0.841489
vt 0.808068 0.841531
vt 0.751761 0.978992
vt 0.752551 0.951799
vt 0.814799 0.951978
vt 0.814764 0.980725
vt 0.752053 0.900127
vt 0.815563 0.900286
vt 0.752044 0.841481
vt 0.815743 0.841539
vt 0.807242 0.990595
vt 0.759146 0.989584
vt 0.868881 0.726930
vt 0.868881 0.749593
vt 0.826025 0.749593
vt 0.826025 0.726930
vt 0.868881 0.798370
vt 0.826025 0.798370
vt 0.759525 0.704526
vt 0.807461 0.704356
vt 0.807555 0.730266
vt 0.761244 0.730122
vt 0.807965 0.782790
vt 0.760898 0.782790
vt 0.752747 0.731164
vt 0.751781 0.706737
vt 0.816101 0.705816
vt 0.814995 0.731098
vt 0.752158 0.782836
vt 0.815667 0.782792
vt 0.759410 0.696160
vt 0.807151 0.695236
vt 0.679066 0.887188
vt 0.678554 0.796703
vt 0.713505 0.796514
vt 0.713505 0.887170
vt 0.677633 0.730168
vt 0.714777 0.730705
vt 0.918168 0.928001
vt 0.886125 0.928001
vt 0.886125 0.865111
vt 0.918168 0.865111
vt 0.886125 0.816050
vt 0.918168 0.816050
vt 0.652352 0.885749
vt 0.651665 0.798256
vt 0.740461 0.798153
vt 0.740241 0.885207
vt 0.649581 0.734571
vt 0.742791 0.735030
vt 0.678165 0.943292
vt 0.651640 0.939007
vt 0.715936 0.942214
vt 0.742258 0.937624
vt 0.918168 0.966328
vt 0.886125 0.966328
vt 0.886125 0.986624
vt 0.918168 0.986624
vt 0.918168 0.797589
vt 0.886125 0.797589
vt 0.679066 0.887188
vt 0.713505 0.887170
vt 0.713505 0.796514
vt 0.678554 0.796703
vt 0.714777 0.730705
vt 0.677633 0.730168
vt 0.918168 0.928001
vt 0.918168 0.865111
vt 0.886125 0.865111
vt 0.886125 0.928001
vt 0.918168 0.816050
vt 0.886125 0.816050
vt 0.652352 0.885749
vt 0.651665 0.798256
vt 0.740461 0.798153
vt 0.740241 0.885207
vt 0.649581 0.734571
vt 0.742791 0.735030
vt 0.678165 0.943292
vt 0.651640 0.939007
vt 0.715936 0.942214
vt 0.742258 0.937624
vt 0.918168 0.966328
vt 0.886125 0.966328
vt 0.886125 0.986624
vt 0.918168 0.986624
vt 0.918168 0.797589
vt 0.886125 0.797589
vt 0.679066 0.887188
vt 0.678554 0.796703
vt 0.713505 0.796514
vt 0.713505 0.887170
vt 0.677633 0.730168
vt 0.714777 0.730705
vt 0.918168 0.928001
vt 0.886125 0.928001
vt 0.886125 0.865111
vt 0.918168 0.865111
vt 0.886125 0.816050
vt 0.918168 0.816050
vt 0.652352 0.885749
vt 0.651665 0.798256
vt 0.740461 0.798153
vt 0.740241 0.885207
vt 0.649581 0.734571
vt 0.742791 0.735030
vt 0.678165 0.943292
vt 0.651640 0.939007
vt 0.715936 0.942214
vt 0.742258 0.937624
vt 0.918168 0.966328
vt 0.886125 0.966328
vt 0.886125 0.986624
vt 0.918168 0.986624
vt 0.918168 0.797589
vt 0.886125 0.797589
vt 0.679066 0.887188
vt 0.713505 0.887170
vt 0.713505 0.796514
vt 0.678554 0.796703
vt 0.714777 0.730705
vt 0.677633 0.730168
vt 0.918168 0.928001
vt 0.918168 0.865111
vt 0.886125 0.865111
vt 0.886125 0.928001
vt 0.918168 0.816050
vt 0.886125 0.816050
vt 0.652352 0.885749
vt 0.651665 0.798256
vt 0.740461 0.798153
vt 0.740241 0.885207
vt 0.649581 0.734571
vt 0.742791 0.735030
vt 0.678165 0.943292
vt 0.651640 0.939007
vt 0.715936 0.942214
vt 0.742258 0.937624
vt 0.918168 0.966328
vt 0.886125 0.966328
vt 0.886125 0.986624
vt 0.918168 0.986624
vt 0.918168 0.797589
vt 0.886125 0.797589
vt 0.868881 0.984365
vt 0.826025 0.984365
vt 0.826025 0.958422
vt 0.868881 0.958422
vt 0.826025 0.909644
vt 0.868881 0.909644
vt 0.826025 0.854007
vt 0.868881 0.854008
vt 0.759276 0.981218
vt 0.761046 0.952856
vt 0.807357 0.952795
vt 0.807567 0.982229
vt 0.760794 0.900188
vt 0.807861 0.900272
vt 0.760761 0.841489
vt 0.808068 0.841531
vt 0.751761 0.978992
vt 0.752551 0.951799
vt 0.814799 0.951978
vt 0.814764 0.980725
vt 0.752053 0.900127
vt 0.815563 0.900286
vt 0.752044 0.841481
vt 0.815743 0.841539
vt 0.807242 0.990595
vt 0.759146 0.989584
vt 0.868881 0.726930
vt 0.868881 0.749593
vt 0.826025 0.749593
vt 0.826025 0.726930
vt 0.868881 0.798370
vt 0.826025 0.798370
vt 0.759525 0.704526
vt 0.807461 0.704356
vt 0.807555 0.730266
vt 0.761244 0.730122
vt 0.807965 0.782790
vt 0.760898 0.782790
vt 0.752747 0.731164
vt 0.751781 0.706737
vt 0.816101 0.705816
vt 0.814995 0.731098
vt 0.752158 0.782836
vt 0.815667 0.782792
vt 0.759410 0.696160
vt 0.807151 0.695236
vt 0.991123 0.547926
vt 0.991123 0.587786
vt 0.933724 0.587786
vt 0.933724 0.547926
vt 0.991123 0.632209
vt 0.933724 0.632209
vt 0.991123 0.676631
vt 0.933724 0.676631
vt 0.991123 0.716491
vt 0.933724 0.716491
vt 0.991123 0.751195
vt 0.933724 0.751195
vt 0.991123 0.785898
vt 0.933724 0.785898
vt 0.991123 0.825758
vt 0.933724 0.825758
vt 0.991123 0.870181
vt 0.933724 0.870181
vt 0.991123 0.914603
vt 0.933724 0.914603
vt 0.991123 0.954463
vt 0.933724 0.954464
vt 0.991123 0.989167
vt 0.933724 0.989167
vt 0.991123 0.513223
vt 0.933724 0.513223
vt 0.612325 0.890287
vt 0.583193 0.929107
vt 0.543398 0.929107
vt 0.543398 0.890287
vt 0.622988 0.837259
vt 0.543398 0.837259
vt 0.612325 0.785201
vt 0.543398 0.785201
vt 0.583193 0.747741
vt 0.543398 0.747741
vt 0.543398 0.733532
vt 0.503603 0.747741
vt 0.474471 0.785201
vt 0.463808 0.837259
vt 0.474471 0.890287
vt 0.503603 0.929107
vt 0.543398 0.942458
vt 0.503598 0.929092
vt 0.474466 0.890273
vt 0.543393 0.890273
vt 0.543393 0.929092
vt 0.463803 0.837244
vt 0.543393 0.837244
vt 0.474466 0.785187
vt 0.543393 0.785187
vt 0.503598 0.747727
vt 0.543393 0.747727
vt 0.543393 0.733518
vt 0.583188 0.747727
vt 0.612320 0.785187
vt 0.622983 0.837244
vt 0.612320 0.890273
vt 0.583188 0.929092
vt 0.543393 0.942444
vt 0.043877 0.087625
vt 0.028795 0.066435
vt 0.040276 0.044402
vt 0.057424 0.066409
vt 0.033724 0.114154
vt 0.029161 0.114472
vt 0.025197 0.066669
vt 0.052289 0.113710
vt 0.064167 0.277100
vt 0.044704 0.280320
vt 0.076629 0.112982
vt 0.091291 0.273581
vt 0.058005 0.927139
vt 0.081370 0.927614
vt 0.080199 0.987476
vt 0.057101 0.987128
vt 0.110377 0.928207
vt 0.109455 0.987963
vt 0.053430 0.927134
vt 0.052529 0.987067
vt 0.040135 0.280549
vt 0.068114 0.086001
vt 0.023917 0.030510
vt 0.056755 0.718836
vt 0.052181 0.718895
vt 0.048295 0.526600
vt 0.052869 0.526474
vt 0.076824 0.524725
vt 0.081370 0.717703
vt 0.103427 0.522789
vt 0.108684 0.716480
vt 0.044170 0.087473
vt 0.057321 0.065930
vt 0.039889 0.044780
vt 0.029088 0.065560
vt 0.025490 0.065802
vt 0.029454 0.115236
vt 0.034017 0.114907
vt 0.052582 0.114447
vt 0.044704 0.280320
vt 0.064167 0.277100
vt 0.091291 0.273581
vt 0.076922 0.113695
vt 0.058005 0.927139
vt 0.057101 0.987128
vt 0.080199 0.987476
vt 0.081370 0.927614
vt 0.109455 0.987963
vt 0.110377 0.928207
vt 0.053430 0.927134
vt 0.052529 0.987067
vt 0.040135 0.280549
vt 0.068407 0.085794
vt 0.023805 0.030162
vt 0.056755 0.718836
vt 0.052869 0.526474
vt 0.048295 0.526600
vt 0.052181 0.718895
vt 0.081370 0.717703
vt 0.076824 0.524725
vt 0.108684 0.716480
vt 0.103427 0.522789
vt 0.336947 0.766565
vt 0.336947 0.793184
vt 0.358313 0.792549
vt 0.347632 0.772102
vt 0.354589 0.819708
vt 0.366537 0.839474
vt 0.376521 0.827236
vt 0.364954 0.811793
vt 0.385232 0.879752
vt 0.394734 0.838578
vt 0.336947 0.812566
vt 0.336947 0.820289
vt 0.336325 0.740059
vt 0.365205 0.753638
vt 0.378010 0.775201
vt 0.386885 0.792722
vt 0.397236 0.809821
vt 0.409633 0.825437
vt 0.416835 0.837995
vt 0.404567 0.881711
vt 0.416058 0.972074
vt 0.429620 0.972151
vt 0.416057 0.959270
vt 0.374325 0.967645
vt 0.374325 0.950413
vt 0.351496 0.967022
vt 0.351496 0.949167
vt 0.334479 0.967022
vt 0.334479 0.949167
vt 0.403131 0.785424
vt 0.394789 0.768858
vt 0.413401 0.801991
vt 0.425196 0.818256
vt 0.432207 0.830417
vt 0.417123 0.884824
vt 0.433398 0.843415
vt 0.416058 0.984878
vt 0.433612 0.984879
vt 0.374325 0.984878
vt 0.351496 0.984878
vt 0.334479 0.984878
vt 0.326261 0.772102
vt 0.315580 0.792549
vt 0.319304 0.819708
vt 0.308939 0.811793
vt 0.297372 0.827236
vt 0.307356 0.839474
vt 0.279159 0.838578
vt 0.288661 0.879752
vt 0.307445 0.753638
vt 0.294640 0.775201
vt 0.287008 0.792722
vt 0.276657 0.809821
vt 0.264260 0.825437
vt 0.257058 0.837995
vt 0.269327 0.881711
vt 0.252901 0.972074
vt 0.252901 0.959269
vt 0.239339 0.972151
vt 0.294633 0.967645
vt 0.294633 0.950413
vt 0.317462 0.967022
vt 0.317462 0.949167
vt 0.277860 0.768858
vt 0.269935 0.785424
vt 0.259666 0.801991
vt 0.247870 0.818256
vt 0.240860 0.830417
vt 0.239961 0.843601
vt 0.256315 0.884824
vt 0.235347 0.984879
vt 0.252901 0.984878
vt 0.294633 0.984878
vt 0.317462 0.984878
vt 0.382416 0.519521
vt 0.391903 0.533535
vt 0.407813 0.524785
vt 0.403413 0.510774
vt 0.424035 0.522483
vt 0.421162 0.508228
vt 0.463597 0.523319
vt 0.466916 0.509215
vt 0.479767 0.525928
vt 0.484548 0.511971
vt 0.495300 0.535197
vt 0.505256 0.521372
vt 0.250799 0.941863
vt 0.336447 0.941863
vt 0.262273 0.909699
vt 0.293622 0.888695
vt 0.379270 0.888696
vt 0.410620 0.909699
vt 0.422094 0.941863
vt 0.456638 0.540736
vt 0.430355 0.540736
vt 0.418375 0.543478
vt 0.409608 0.549043
vt 0.468466 0.544166
vt 0.476979 0.550089
vt 0.399495 0.479791
vt 0.380086 0.513730
vt 0.419434 0.448292
vt 0.469621 0.447758
vt 0.489063 0.480692
vt 0.507774 0.515609
vt 0.336947 0.766565
vt 0.347632 0.772102
vt 0.358313 0.792549
vt 0.336947 0.793184
vt 0.354589 0.819708
vt 0.364954 0.811793
vt 0.376521 0.827236
vt 0.366537 0.839474
vt 0.394734 0.838578
vt 0.385232 0.879752
vt 0.336947 0.812566
vt 0.336947 0.820289
vt 0.336325 0.740059
vt 0.365205 0.753638
vt 0.378010 0.775201
vt 0.386885 0.792722
vt 0.397236 0.809821
vt 0.409633 0.825437
vt 0.416835 0.837995
vt 0.404567 0.881711
vt 0.416058 0.972074
vt 0.416057 0.959270
vt 0.429620 0.972151
vt 0.374325 0.967645
vt 0.374325 0.950413
vt 0.351496 0.967022
vt 0.351496 0.949167
vt 0.334479 0.967022
vt 0.334479 0.949167
vt 0.394789 0.768858
vt 0.403131 0.785424
vt 0.413401 0.801991
vt 0.425196 0.818256
vt 0.432207 0.830417
vt 0.433398 0.843415
vt 0.417123 0.884824
vt 0.433612 0.984879
vt 0.416058 0.984878
vt 0.374325 0.984878
vt 0.351496 0.984878
vt 0.334479 0.984878
vt 0.315580 0.792549
vt 0.326261 0.772102
vt 0.319304 0.819708
vt 0.307356 0.839474
vt 0.297372 0.827236
vt 0.308939 0.811793
vt 0.288661 0.879752
vt 0.279159 0.838578
vt 0.307445 0.753638
vt 0.294640 0.775201
vt 0.287008 0.792722
vt 0.276657 0.809821
vt 0.264260 0.825437
vt 0.257058 0.837995
vt 0.269327 0.881711
vt 0.252901 0.972074
vt 0.239339 0.972151
vt 0.252901 0.959269
vt 0.294633 0.967645
vt 0.294633 0.950413
vt 0.317462 0.967022
vt 0.317462 0.949167
vt 0.269935 0.785424
vt 0.277860 0.768858
vt 0.259666 0.801991
vt 0.247870 0.818256
vt 0.240860 0.830417
vt 0.256315 0.884824
vt 0.239961 0.843601
vt 0.252901 0.984878
vt 0.235347 0.984879
vt 0.294633 0.984878
vt 0.317462 0.984878
vt 0.382416 0.519521
vt 0.403413 0.510774
vt 0.407813 0.524785
vt 0.391903 0.533535
vt 0.421162 0.508228
vt 0.424035 0.522483
vt 0.466916 0.509215
vt 0.463597 0.523319
vt 0.484548 0.511971
vt 0.479767 0.525928
vt 0.505256 0.521372
vt 0.495300 0.535197
vt 0.250799 0.941863
vt 0.262273 0.909699
vt 0.336447 0.941863
vt 0.293622 0.888695
vt 0.379270 0.888696
vt 0.410620 0.909699
vt 0.422094 0.941863
vt 0.456638 0.540736
vt 0.430355 0.540736
vt 0.418375 0.543478
vt 0.409608 0.549043
vt 0.476979 0.550089
vt 0.468466 0.544166
vt 0.380086 0.513730
vt 0.399495 0.479791
vt 0.419434 0.448292
vt 0.469621 0.447758
vt 0.489063 0.480692
vt 0.507774 0.515609
vt 0.233119 0.349516
vt 0.252430 0.348754
vt 0.256325 0.446725
vt 0.238867 0.446853
vt 0.274886 0.348464
vt 0.276895 0.446626
vt 0.300103 0.348443
vt 0.300107 0.446622
vt 0.325319 0.348463
vt 0.323320 0.446626
vt 0.347776 0.348750
vt 0.343890 0.446724
vt 0.367086 0.349510
vt 0.361347 0.446851
vt 0.345998 0.641030
vt 0.364698 0.641204
vt 0.364839 0.688085
vt 0.346267 0.687286
vt 0.324360 0.625354
vt 0.324529 0.671374
vt 0.300088 0.613450
vt 0.300093 0.659356
vt 0.275816 0.625352
vt 0.275656 0.671375
vt 0.254177 0.641029
vt 0.253918 0.687291
vt 0.235477 0.641209
vt 0.235346 0.688096
vt 0.300095 0.676480
vt 0.277125 0.702651
vt 0.256951 0.727659
vt 0.239733 0.734203
vt 0.360468 0.734191
vt 0.343248 0.727653
vt 0.323069 0.702650
vt 0.323704 0.589207
vt 0.323749 0.531840
vt 0.344781 0.531896
vt 0.344675 0.589160
vt 0.300096 0.589239
vt 0.300096 0.531784
vt 0.276480 0.589200
vt 0.276450 0.531842
vt 0.255501 0.589148
vt 0.255424 0.531895
vt 0.237561 0.588927
vt 0.237435 0.532071
vt 0.362796 0.532080
vt 0.362591 0.588946
vt 0.346409 0.482261
vt 0.365425 0.482105
vt 0.324563 0.482208
vt 0.300107 0.482137
vt 0.275651 0.482207
vt 0.253807 0.482258
vt 0.234791 0.482104
vt 0.233119 0.349516
vt 0.238867 0.446853
vt 0.256325 0.446725
vt 0.252430 0.348754
vt 0.276895 0.446626
vt 0.274886 0.348464
vt 0.300107 0.446622
vt 0.300103 0.348443
vt 0.323320 0.446626
vt 0.325319 0.348463
vt 0.343890 0.446724
vt 0.347776 0.348750
vt 0.361347 0.446851
vt 0.367086 0.349510
vt 0.345998 0.641030
vt 0.346267 0.687286
vt 0.364839 0.688085
vt 0.364698 0.641204
vt 0.324360 0.625354
vt 0.324529 0.671374
vt 0.300088 0.613450
vt 0.300093 0.659356
vt 0.275816 0.625352
vt 0.275656 0.671375
vt 0.254177 0.641029
vt 0.253918 0.687291
vt 0.235477 0.641209
vt 0.235346 0.688096
vt 0.277125 0.702651
vt 0.300095 0.676480
vt 0.256951 0.727659
vt 0.239733 0.734203
vt 0.343248 0.727653
vt 0.360468 0.734191
vt 0.323069 0.702650
vt 0.323704 0.589207
vt 0.344675 0.589160
vt 0.344781 0.531896
vt 0.323749 0.531840
vt 0.300096 0.531784
vt 0.300096 0.589239
vt 0.276450 0.531842
vt 0.276480 0.589200
vt 0.255424 0.531895
vt 0.255501 0.589148
vt 0.237435 0.532071
vt 0.237561 0.588927
vt 0.362796 0.532080
vt 0.362591 0.588946
vt 0.346409 0.482261
vt 0.365425 0.482105
vt 0.324563 0.482208
vt 0.300107 0.482137
vt 0.275651 0.482207
vt 0.253807 0.482258
vt 0.234791 0.482104
vt 0.516851 0.678642
vt 0.520705 0.680100
vt 0.495035 0.705560
vt 0.492793 0.703001
vt 0.459349 0.715084
vt 0.459349 0.712112
vt 0.423663 0.705560
vt 0.425906 0.703001
vt 0.397994 0.680100
vt 0.401847 0.678642
vt 0.388790 0.646250
vt 0.393220 0.646250
vt 0.397994 0.612400
vt 0.401847 0.613858
vt 0.423663 0.586940
vt 0.425906 0.589498
vt 0.459349 0.577416
vt 0.459349 0.580387
vt 0.495035 0.586940
vt 0.492793 0.589498
vt 0.520705 0.612400
vt 0.516851 0.613857
vt 0.529909 0.646250
vt 0.525478 0.646250
vt 0.533337 0.688338
vt 0.502066 0.719148
vt 0.498658 0.714615
vt 0.527435 0.685721
vt 0.459349 0.730425
vt 0.459349 0.725192
vt 0.416632 0.719148
vt 0.420040 0.714615
vt 0.385361 0.688338
vt 0.391264 0.685721
vt 0.373915 0.646250
vt 0.380731 0.646250
vt 0.385361 0.604162
vt 0.391264 0.606779
vt 0.416632 0.573352
vt 0.420040 0.577884
vt 0.459349 0.562074
vt 0.459349 0.567308
vt 0.502066 0.573352
vt 0.498658 0.577884
vt 0.533337 0.604162
vt 0.527435 0.606779
vt 0.544783 0.646250
vt 0.537968 0.646250
vt 0.516851 0.678642
vt 0.520705 0.680100
vt 0.495035 0.705560
vt 0.492793 0.703001
vt 0.459349 0.715084
vt 0.459349 0.712112
vt 0.423663 0.705560
vt 0.425906 0.703001
vt 0.397994 0.680100
vt 0.401847 0.678642
vt 0.388790 0.646250
vt 0.393220 0.646250
vt 0.397994 0.612400
vt 0.401847 0.613858
vt 0.423663 0.586940
vt 0.425906 0.589498
vt 0.459349 0.577416
vt 0.459349 0.580387
vt 0.495035 0.586940
vt 0.492793 0.589498
vt 0.520705 0.612400
vt 0.516851 0.613857
vt 0.529909 0.646250
vt 0.525478 0.646250
vt 0.533337 0.688338
vt 0.502066 0.719148
vt 0.498658 0.714615
vt 0.527435 0.685721
vt 0.459349 0.730425
vt 0.459349 0.725192
vt 0.416632 0.719148
vt 0.420040 0.714615
vt 0.385361 0.688338
vt 0.391264 0.685721
vt 0.373915 0.646250
vt 0.380731 0.646250
vt 0.385361 0.604162
vt 0.391264 0.606779
vt 0.416632 0.573352
vt 0.420040 0.577884
vt 0.459349 0.562074
vt 0.459349 0.567308
vt 0.502066 0.573352
vt 0.498658 0.577884
vt 0.533337 0.604162
vt 0.527435 0.606779
vt 0.544783 0.646250
vt 0.537968 0.646250
vn 0.036679 -0.999327 -0.000000
vn 0.036677 -0.999327 -0.000000
vn 0.036679 -0.999327 -0.000000
vn 0.036677 -0.999327 -0.000000
vn -0.036677 0.999327 0.000000
vn -0.036678 0.999327 0.000000
vn -0.036677 0.999327 0.000000
vn -0.036679 0.999327 0.000000
vn -0.002288 0.062380 0.998050
vn -0.000515 0.014131 0.999900
vn 0.001245 -0.034038 0.999420
vn 0.001245 -0.034038 0.999420
vn -0.004053 0.110379 0.993881
vn -0.004053 0.110379 0.993881
vn -0.002288 0.062380 0.998050
vn -0.000515 0.014131 0.999900
vn -0.999590 -0.028641 0.000000
vn -0.999590 -0.028641 0.000000
vn -0.999590 -0.028641 0.000000
vn -0.999590 -0.028641 0.000000
vn -0.999590 -0.028641 0.000000
vn -0.999590 -0.028641 0.000000
vn -0.999590 -0.028641 0.000000
vn -0.999590 -0.028641 0.000000
vn 0.036679 -0.999327 -0.000000
vn 0.036679 -0.999327 -0.000000
vn 0.036677 -0.999327 -0.000000
vn 0.036677 -0.999327 -0.000000
vn -0.036677 0.999327 0.000000
vn -0.036677 0.999327 0.000000
vn -0.036678 0.999327 0.000000
vn -0.036679 0.999327 0.000000
vn 0.001245 -0.034038 -0.999420
vn -0.000515 0.014131 -0.999900
vn 0.001245 -0.034038 -0.999420
vn -0.002288 0.062380 -0.998050
vn -0.000515 0.014131 -0.999900
vn -0.004053 0.110379 -0.993881
vn -0.002288 0.062380 -0.998050
vn -0.004053 0.110379 -0.993881
vn -0.999590 -0.028641 0.000000
vn -0.999590 -0.028641 0.000000
vn -0.999590 -0.028641 0.000000
vn -0.999590 -0.028641 0.000000
vn -0.999590 -0.028641 0.000000
vn -0.999590 -0.028641 0.000000
vn -0.999590 -0.028641 0.000000
vn -0.999590 -0.028641 0.000000
vn -0.022840 0.797150 -0.603350
vn -0.021282 0.742762 -0.669217
vn -0.022840 0.797150 -0.603349
vn -0.021282 0.742763 -0.669217
vn -0.011215 0.391430 -0.920140
vn -0.011216 0.391430 -0.920139
vn 0.000000 -0.000000 -1.000000
vn -0.000000 -0.000000 -1.000000
vn 0.026973 -0.941383 0.336261
vn 0.026973 -0.941383 0.336261
vn 0.021501 -0.750412 0.660620
vn 0.021501 -0.750412 0.660620
vn 0.011386 -0.397395 0.917577
vn 0.011386 -0.397395 0.917577
vn 0.000000 0.000000 1.000000
vn 0.000000 0.000000 1.000000
vn -0.999590 -0.028641 0.000000
vn -0.999590 -0.028641 0.000001
vn -0.999590 -0.028641 0.000003
vn -0.999590 -0.028641 0.000009
vn 0.999590 0.028641 -0.000003
vn 0.999590 0.028641 -0.000002
vn 0.999590 0.028641 -0.000002
vn 0.999590 0.028641 -0.000000
vn -0.999590 -0.028641 0.000007
vn -0.999590 -0.028641 0.000006
vn 0.999590 0.028641 -0.000014
vn 0.999590 0.028641 -0.000013
vn -0.999590 -0.028641 0.000001
vn -0.999590 -0.028641 0.000000
vn 0.999590 0.028641 -0.000003
vn 0.999590 0.028641 -0.000000
vn 0.006599 -0.230307 -0.973096
vn 0.006599 -0.230307 -0.973096
vn 0.022840 -0.797150 -0.603350
vn 0.022840 -0.797150 -0.603349
vn 0.021282 -0.742762 -0.669217
vn 0.021282 -0.742763 -0.669217
vn 0.011215 -0.391430 -0.920140
vn 0.011216 -0.391430 -0.920139
vn -0.026973 0.941383 0.336261
vn -0.021501 0.750412 0.660620
vn -0.026973 0.941383 0.336261
vn -0.021501 0.750412 0.660620
vn -0.011386 0.397395 0.917577
vn -0.011386 0.397395 0.917577
vn -0.999590 -0.028641 0.000009
vn -0.999590 -0.028641 -0.000004
vn -0.999590 -0.028641 0.000003
vn -0.999590 -0.028641 -0.000005
vn 0.999590 0.028641 -0.000000
vn 0.999590 0.028641 0.000000
vn 0.999590 0.028641 -0.000000
vn 0.999590 0.028641 -0.000000
vn -0.999590 -0.028641 0.000002
vn -0.999590 -0.028641 0.000002
vn 0.999590 0.028641 -0.000013
vn 0.999590 0.028641 -0.000014
vn -0.006599 0.230307 -0.973096
vn -0.006599 0.230307 -0.973096
vn -0.022094 0.771110 0.636319
vn -0.012727 0.444193 0.895841
vn -0.022094 0.771110 0.636319
vn -0.012727 0.444193 0.895841
vn -0.005725 0.199796 0.979821
vn -0.005725 0.199797 0.979821
vn 0.021761 -0.759481 -0.650165
vn 0.021761 -0.759481 -0.650165
vn 0.012434 -0.433951 -0.900851
vn 0.012434 -0.433951 -0.900851
vn 0.005646 -0.197053 -0.980377
vn 0.005646 -0.197053 -0.980377
vn -0.999590 -0.028641 -0.000001
vn -0.999590 -0.028641 -0.000002
vn -0.999590 -0.028641 0.000003
vn -0.999590 -0.028641 0.000004
vn 0.999590 0.028641 -0.000003
vn 0.999590 0.028641 -0.000000
vn 0.999590 0.028641 -0.000004
vn 0.999590 0.028641 -0.000000
vn -0.999590 -0.028641 0.000009
vn -0.999590 -0.028641 0.000005
vn 0.999590 0.028641 0.000007
vn 0.999590 0.028641 0.000002
vn -0.999590 -0.028641 -0.000006
vn -0.999590 -0.028641 -0.000002
vn -0.027067 0.944674 0.326892
vn -0.027067 0.944674 0.326890
vn 0.999590 0.028641 -0.000003
vn 0.999590 0.028641 -0.000002
vn 0.026973 -0.941383 -0.336261
vn 0.026973 -0.941383 -0.336261
vn -0.005383 0.187872 -0.982179
vn -0.005383 0.187872 -0.982179
vn -0.005383 0.187872 -0.982179
vn -0.005383 0.187872 -0.982179
vn 0.028418 -0.991814 0.124489
vn 0.028418 -0.991814 0.124490
vn 0.028418 -0.991814 0.124490
vn 0.028418 -0.991814 0.124490
vn -0.022094 0.771110 -0.636319
vn -0.022094 0.771110 -0.636319
vn -0.012727 0.444193 -0.895841
vn -0.012727 0.444193 -0.895841
vn -0.005725 0.199796 -0.979821
vn -0.005725 0.199797 -0.979821
vn 0.021761 -0.759481 0.650165
vn 0.012434 -0.433951 0.900851
vn 0.021761 -0.759481 0.650165
vn 0.012434 -0.433951 0.900851
vn 0.005646 -0.197053 0.980377
vn 0.005646 -0.197053 0.980377
vn -0.999590 -0.028641 -0.000004
vn -0.999590 -0.028641 0.000002
vn -0.999590 -0.028641 -0.000003
vn -0.999590 -0.028641 0.000001
vn 0.999590 0.028641 0.000002
vn 0.999590 0.028641 0.000004
vn 0.999590 0.028641 0.000002
vn 0.999590 0.028641 0.000002
vn -0.999590 -0.028641 -0.000005
vn -0.999590 -0.028641 -0.000009
vn 0.999590 0.028641 -0.000002
vn 0.999590 0.028641 -0.000007
vn -0.999590 -0.028641 0.000002
vn -0.999590 -0.028641 0.000006
vn -0.027067 0.944674 -0.326892
vn -0.027067 0.944674 -0.326890
vn 0.999590 0.028641 0.000002
vn 0.999590 0.028641 0.000003
vn 0.026973 -0.941383 0.336261
vn 0.026973 -0.941383 0.336261
vn -0.005383 0.187872 0.982179
vn -0.005383 0.187872 0.982179
vn -0.005383 0.187872 0.982179
vn -0.005383 0.187872 0.982179
vn 0.028418 -0.991814 -0.124489
vn 0.028418 -0.991814 -0.124490
vn 0.028418 -0.991814 -0.124490
vn 0.028418 -0.991814 -0.124490
vn 0.022094 -0.771110 -0.636319
vn 0.012727 -0.444193 -0.895841
vn 0.022094 -0.771110 -0.636319
vn 0.012727 -0.444193 -0.895841
vn 0.005725 -0.199796 -0.979821
vn 0.005725 -0.199797 -0.979821
vn -0.021761 0.759481 0.650165
vn -0.021761 0.759481 0.650165
vn -0.012434 0.433951 0.900851
vn -0.012434 0.433951 0.900851
vn -0.005646 0.197053 0.980377
vn -0.005646 0.197053 0.980377
vn -0.999590 -0.028641 0.000001
vn -0.999590 -0.028641 0.000002
vn -0.999590 -0.028641 -0.000003
vn -0.999590 -0.028641 -0.000004
vn 0.999590 0.028641 0.000003
vn 0.999590 0.028641 0.000000
vn 0.999590 0.028641 0.000004
vn 0.999590 0.028641 -0.000000
vn -0.999590 -0.028641 -0.000009
vn -0.999590 -0.028641 -0.000005
vn 0.999590 0.028641 -0.000007
vn 0.999590 0.028641 -0.000002
vn -0.999590 -0.028641 0.000006
vn -0.999590 -0.028641 0.000002
vn 0.027067 -0.944674 -0.326892
vn 0.027067 -0.944674 -0.326890
vn 0.999590 0.028641 0.000003
vn 0.999590 0.028641 0.000002
vn -0.026973 0.941383 0.336261
vn -0.026973 0.941383 0.336261
vn 0.005383 -0.187872 0.982179
vn 0.005383 -0.187872 0.982179
vn 0.005383 -0.187872 0.982179
vn 0.005383 -0.187872 0.982179
vn -0.028418 0.991814 -0.124489
vn -0.028418 0.991814 -0.124490
vn -0.028418 0.991814 -0.124490
vn -0.028418 0.991814 -0.124490
vn 0.022094 -0.771110 0.636319
vn 0.022094 -0.771110 0.636319
vn 0.012727 -0.444193 0.895841
vn 0.012727 -0.444193 0.895841
vn 0.005725 -0.199796 0.979821
vn 0.005725 -0.199797 0.979821
vn -0.021761 0.759481 -0.650165
vn -0.012434 0.433951 -0.900851
vn -0.021761 0.759481 -0.650165
vn -0.012434 0.433951 -0.900851
vn -0.005646 0.197053 -0.980377
vn -0.005646 0.197053 -0.980377
vn -0.999590 -0.028641 0.000004
vn -0.999590 -0.028641 -0.000002
vn -0.999590 -0.028641 0.000003
vn -0.999590 -0.028641 -0.000001
vn 0.999590 0.028641 -0.000002
vn 0.999590 0.028641 -0.000004
vn 0.999590 0.028641 -0.000002
vn 0.999590 0.028641 -0.000002
vn -0.999590 -0.028641 0.000005
vn -0.999590 -0.028641 0.000009
vn 0.999590 0.028641 0.000002
vn 0.999590 0.028641 0.000007
vn -0.999590 -0.028641 -0.000002
vn -0.999590 -0.028641 -0.000006
vn 0.027067 -0.944674 0.326892
vn 0.027067 -0.944674 0.326890
vn 0.999590 0.028641 -0.000002
vn 0.999590 0.028641 -0.000003
vn -0.026973 0.941383 -0.336261
vn -0.026973 0.941383 -0.336261
vn 0.005383 -0.187872 -0.982179
vn 0.005383 -0.187872 -0.982179
vn 0.005383 -0.187872 -0.982179
vn 0.005383 -0.187872 -0.982179
vn -0.028418 0.991814 0.124489
vn -0.028418 0.991814 0.124490
vn -0.028418 0.991814 0.124490
vn -0.028418 0.991814 0.124490
vn -0.022840 0.797150 0.603350
vn -0.022840 0.797150 0.603349
vn -0.021282 0.742762 0.669217
vn -0.021282 0.742763 0.669217
vn -0.011215 0.391430 0.920140
vn -0.011216 0.391430 0.920139
vn 0.000000 -0.000000 1.000000
vn 0.000000 0.000000 1.000000
vn 0.026973 -0.941383 -0.336261
vn 0.021501 -0.750412 -0.660620
vn 0.026973 -0.941383 -0.336261
vn 0.021501 -0.750412 -0.660620
vn 0.011386 -0.397395 -0.917577
vn 0.011386 -0.397395 -0.917577
vn -0.000000 -0.000000 -1.000000
vn -0.000000 -0.000000 -1.000000
vn -0.999590 -0.028641 -0.000009
vn -0.999590 -0.028641 0.000004
vn -0.999590 -0.028641 -0.000003
vn -0.999590 -0.028641 0.000005
vn 0.999590 0.028641 -0.000000
vn 0.999590 0.028641 -0.000000
vn 0.999590 0.028641 -0.000000
vn 0.999590 0.028641 -0.000000
vn -0.999590 -0.028641 -0.000002
vn -0.999590 -0.028641 -0.000002
vn 0.999590 0.028641 0.000013
vn 0.999590 0.028641 0.000014
vn -0.999590 -0.028641 -0.000001
vn -0.999590 -0.028641 0.000000
vn 0.999590 0.028641 -0.000000
vn 0.999590 0.028641 0.000003
vn 0.006599 -0.230307 0.973096
vn 0.006599 -0.230307 0.973096
vn 0.022840 -0.797150 0.603350
vn 0.021282 -0.742762 0.669217
vn 0.022840 -0.797150 0.603349
vn 0.021282 -0.742763 0.669217
vn 0.011215 -0.391430 0.920140
vn 0.011216 -0.391430 0.920139
vn -0.026973 0.941383 -0.336261
vn -0.026973 0.941383 -0.336261
vn -0.021501 0.750412 -0.660620
vn -0.021501 0.750412 -0.660620
vn -0.011386 0.397395 -0.917577
vn -0.011386 0.397395 -0.917577
vn -0.999590 -0.028641 -0.000000
vn -0.999590 -0.028641 -0.000001
vn -0.999590 -0.028641 -0.000003
vn -0.999590 -0.028641 -0.000009
vn 0.999590 0.028641 0.000003
vn 0.999590 0.028641 0.000002
vn 0.999590 0.028641 0.000002
vn 0.999590 0.028641 -0.000000
vn -0.999590 -0.028641 -0.000007
vn -0.999590 -0.028641 -0.000006
vn 0.999590 0.028641 0.000014
vn 0.999590 0.028641 0.000013
vn -0.006599 0.230307 0.973096
vn -0.006599 0.230307 0.973096
vn -0.022700 0.792255 0.609768
vn -0.011386 0.397394 0.917577
vn -0.022700 0.792255 0.609767
vn -0.011386 0.397395 0.917577
vn -0.000000 0.000000 1.000000
vn 0.000000 -0.000000 1.000000
vn 0.011386 -0.397395 0.917577
vn 0.011386 -0.397395 0.917577
vn 0.022700 -0.792256 0.609767
vn 0.022700 -0.792256 0.609767
vn 0.028641 -0.999590 -0.000000
vn 0.028641 -0.999590 0.000000
vn 0.022700 -0.792256 -0.609767
vn 0.022700 -0.792256 -0.609767
vn 0.011386 -0.397395 -0.917577
vn 0.011386 -0.397395 -0.917577
vn 0.000000 -0.000000 -1.000000
vn -0.000000 0.000000 -1.000000
vn -0.011386 0.397394 -0.917577
vn -0.011386 0.397395 -0.917577
vn -0.022700 0.792255 -0.609768
vn -0.022700 0.792256 -0.609767
vn -0.028641 0.999590 -0.000000
vn -0.028641 0.999590 0.000000
vn -0.999590 -0.028641 0.000000
vn -0.999590 -0.028641 0.000000
vn -0.999590 -0.028641 0.000000
vn -0.999590 -0.028641 0.000000
vn -0.999590 -0.028641 0.000000
vn -0.999590 -0.028641 0.000000
vn -0.999590 -0.028641 0.000000
vn -0.999590 -0.028641 0.000000
vn -0.999590 -0.028641 0.000000
vn -0.999590 -0.028641 0.000000
vn -0.999590 -0.028641 0.000000
vn -0.999590 -0.028641 0.000000
vn -0.999590 -0.028641 0.000000
vn -0.999590 -0.028641 0.000000
vn -0.999590 -0.028641 0.000000
vn -0.999590 -0.028641 0.000000
vn -0.999590 -0.028641 0.000000
vn -0.999590 -0.028641 0.000000
vn -0.999590 -0.028641 0.000000
vn -0.999590 -0.028641 0.000000
vn -0.999590 -0.028641 0.000000
vn -0.999590 -0.028641 0.000000
vn -0.999590 -0.028641 0.000000
vn -0.999590 -0.028641 0.000000
vn -0.999590 -0.028641 0.000000
vn -0.999590 -0.028641 0.000000
vn -0.999590 -0.028641 0.000000
vn -0.999590 -0.028641 0.000000
vn -0.999590 -0.028641 0.000000
vn -0.999590 -0.028641 0.000000
vn -0.999590 -0.028641 0.000000
vn -0.999590 -0.028641 0.000000
vn -0.999590 -0.028641 0.000000
vn -0.999590 -0.028641 0.000000
vn -0.999590 -0.028641 0.000000
vn -0.999590 -0.028641 0.000000
vn -0.999590 -0.028641 0.000000
vn -0.999590 -0.028641 0.000000
vn -0.999590 -0.028641 0.000000
vn -0.999590 -0.028641 0.000000
vn -0.999590 -0.028641 0.000000
vn -0.999590 -0.028641 0.000000
vn -0.999590 -0.028641 0.000000
vn -0.999590 -0.028641 0.000000
vn 0.999590 0.028641 -0.000000
vn 0.999590 0.028641 -0.000000
vn 0.999590 0.028641 -0.000000
vn 0.999590 0.028641 -0.000000
vn 0.999590 0.028641 -0.000000
vn 0.999590 0.028641 -0.000000
vn 0.999590 0.028641 -0.000000
vn 0.999590 0.028641 -0.000000
vn 0.999590 0.028641 -0.000000
vn 0.999590 0.028641 -0.000000
vn 0.999590 0.028641 -0.000000
vn 0.999590 0.028641 -0.000000
vn 0.999590 0.028641 -0.000000
vn 0.999590 0.028641 -0.000000
vn 0.999590 0.028641 -0.000000
vn 0.999590 0.028641 -0.000000
vn 0.999590 0.028641 -0.000000
vn 0.999590 0.028641 -0.000000
vn 0.999590 0.028641 -0.000000
vn 0.999590 0.028641 -0.000000
vn 0.999590 0.028641 -0.000000
vn 0.999590 0.028641 -0.000000
vn 0.999590 0.028641 -0.000000
vn 0.999590 0.028641 -0.000000
vn 0.999590 0.028641 -0.000000
vn 0.999590 0.028641 -0.000000
vn 0.999590 0.028641 -0.000000
vn 0.999590 0.028641 -0.000000
vn 0.999590 0.028641 -0.000000
vn 0.999590 0.028641 -0.000000
vn 0.999590 0.028641 -0.000000
vn 0.999590 0.028641 -0.000000
vn 0.999590 0.028641 -0.000000
vn 0.999590 0.028641 -0.000000
vn 0.999590 0.028641 -0.000000
vn 0.999590 0.028641 -0.000000
vn 0.999590 0.028641 -0.000000
vn 0.999590 0.028641 -0.000000
vn 0.999590 0.028641 -0.000000
vn 0.999590 0.028641 -0.000000
vn 0.999590 0.028641 -0.000000
vn 0.999590 0.028641 -0.000000
vn 0.999590 0.028641 -0.000000
vn 0.999590 0.028641 -0.000000
vn -0.070387 0.062207 -0.995578
vn -0.101207 0.082094 -0.991473
vn -0.120622 0.134867 -0.983494
vn -0.104301 0.095552 -0.989945
vn 0.159929 -0.987129 -0.000000
vn 0.159947 -0.987126 -0.000000
vn 0.205016 -0.978759 -0.000020
vn 0.205700 -0.978615 -0.000021
vn 0.005009 -0.044383 -0.999002
vn -0.022718 0.104563 -0.994259
vn -0.014017 0.099740 -0.994915
vn 0.005393 -0.041085 -0.999141
vn -0.040612 0.215942 -0.975561
vn -0.027873 0.195665 -0.980275
vn -0.004146 0.089300 -0.995996
vn -0.002136 0.087445 -0.996167
vn 0.001794 -0.035036 -0.999385
vn 0.001027 -0.035405 -0.999372
vn -0.008896 0.186443 -0.982425
vn -0.004854 0.184631 -0.982796
vn 0.051715 -0.998662 -0.000000
vn 0.051715 -0.998662 -0.000000
vn 0.029006 -0.999579 -0.000000
vn 0.029006 -0.999579 -0.000000
vn 0.121567 -0.992583 -0.000000
vn 0.121567 -0.992583 -0.000000
vn -0.100633 0.191949 -0.976232
vn 0.223405 -0.974726 -0.000020
vn -0.110879 0.080583 -0.990562
vn 0.068495 -0.997652 -0.000000
vn 0.068495 -0.997652 -0.000000
vn 0.091135 -0.995838 -0.000000
vn 0.091135 -0.995839 -0.000000
vn -0.009766 0.091949 -0.995716
vn -0.006437 0.089930 -0.995927
vn 0.003145 -0.033955 -0.999418
vn 0.002175 -0.033256 -0.999444
vn -0.021128 0.201023 -0.979359
vn -0.014129 0.197083 -0.980285
vn -0.070386 0.062207 0.995578
vn -0.120621 0.134867 0.983495
vn -0.101207 0.082094 0.991473
vn -0.104301 0.095552 0.989945
vn 0.205700 -0.978615 0.000021
vn 0.159947 -0.987126 0.000000
vn 0.205016 -0.978759 0.000020
vn 0.159928 -0.987129 -0.000000
vn -0.022718 0.104563 0.994259
vn 0.005009 -0.044383 0.999002
vn -0.014017 0.099740 0.994915
vn 0.005393 -0.041085 0.999141
vn -0.040612 0.215942 0.975561
vn -0.027873 0.195665 0.980275
vn 0.001027 -0.035405 0.999372
vn -0.002136 0.087445 0.996167
vn 0.001794 -0.035036 0.999385
vn -0.004146 0.089300 0.995996
vn -0.004854 0.184631 0.982796
vn -0.008896 0.186443 0.982425
vn 0.051715 -0.998662 -0.000000
vn 0.029006 -0.999579 -0.000000
vn 0.051715 -0.998662 -0.000000
vn 0.029006 -0.999579 -0.000000
vn 0.121567 -0.992583 -0.000000
vn 0.121567 -0.992583 -0.000000
vn -0.100633 0.191949 0.976232
vn 0.223405 -0.974726 0.000020
vn -0.110879 0.080583 0.990562
vn 0.068495 -0.997652 -0.000000
vn 0.091135 -0.995838 -0.000000
vn 0.068495 -0.997652 -0.000000
vn 0.091135 -0.995839 -0.000000
vn 0.002175 -0.033256 0.999444
vn -0.006437 0.089930 0.995927
vn 0.003145 -0.033955 0.999418
vn -0.009766 0.091949 0.995716
vn -0.014129 0.197083 0.980285
vn -0.021128 0.201023 0.979358
vn -0.486095 -0.013929 0.873795
vn -0.000000 0.000000 1.000000
vn -0.283997 0.346814 0.893905
vn -0.153439 0.380071 0.912142
vn 0.178203 -0.000317 0.983994
vn -0.285672 0.278694 0.916909
vn 0.019557 -0.006102 0.999790
vn -0.191709 0.348212 0.917603
vn 0.572818 -0.105512 0.812863
vn 0.093136 0.433714 0.896224
vn 0.000000 -0.000000 1.000000
vn 0.000000 0.000000 1.000000
vn -0.607816 -0.017416 0.793887
vn -0.456798 0.447015 0.769099
vn -0.286703 0.712416 0.640519
vn -0.342723 0.752251 0.562725
vn -0.567216 0.623328 0.538263
vn -0.615682 0.659463 0.431328
vn 0.184343 0.866722 0.463477
vn 0.553481 0.684680 0.474206
vn 0.568763 -0.822501 -0.000000
vn 0.428943 -0.903332 -0.000000
vn 0.437691 -0.899126 -0.000000
vn 0.855782 -0.517337 -0.000000
vn 0.859584 -0.510994 -0.000000
vn 0.999590 0.028641 -0.000000
vn 0.999590 0.028641 -0.000000
vn -0.306176 0.928592 0.209697
vn -0.424551 0.882981 0.200253
vn -0.650388 0.740382 0.169795
vn -0.661119 0.730880 0.169515
vn 0.171852 0.959929 0.221367
vn 0.578977 0.784399 0.222494
vn 0.602127 -0.798397 -0.002105
vn 0.429864 -0.902893 -0.000000
vn 0.856755 -0.515724 -0.000000
vn 0.999590 0.028641 -0.000000
vn -0.263675 -0.362506 0.893904
vn -0.131426 -0.388232 0.912142
vn -0.171456 -0.358618 0.917603
vn -0.269246 -0.294593 0.916909
vn 0.019176 0.007212 0.999790
vn 0.177893 0.010521 0.983994
vn 0.117818 -0.427669 0.896224
vn 0.565838 0.138138 0.812863
vn -0.430453 -0.472437 0.769099
vn -0.245440 -0.727663 0.640520
vn -0.299086 -0.770640 0.562727
vn -0.530594 -0.654783 0.538265
vn -0.576912 -0.693633 0.431330
vn 0.233667 -0.854745 0.463476
vn 0.591777 -0.651866 0.474206
vn 0.520736 0.853718 -0.000000
vn 0.385492 0.922711 -0.000000
vn 0.376517 0.926410 -0.000000
vn 0.828916 0.559374 -0.000000
vn 0.824756 0.565489 -0.000000
vn -0.252501 -0.944600 0.209700
vn -0.373296 -0.905841 0.200254
vn -0.606929 -0.776406 0.169795
vn -0.618186 -0.767536 0.169513
vn 0.226534 -0.948515 0.221365
vn 0.622940 -0.749961 0.222494
vn 0.555425 0.831564 -0.002105
vn 0.377461 0.926026 -0.000000
vn 0.825820 0.563934 -0.000000
vn 0.645183 -0.729793 0.226145
vn 0.645550 -0.599379 0.473297
vn 0.339982 -0.902729 0.263614
vn 0.179240 -0.771701 0.610205
vn 0.070450 -0.110263 0.991403
vn 0.544034 -0.114777 0.831176
vn 0.518362 0.147154 0.842405
vn 0.068107 0.112739 0.991288
vn 0.610171 0.635359 0.473298
vn 0.134760 0.780698 0.610206
vn 0.287731 0.920716 0.263614
vn 0.602337 0.765538 0.226145
vn 0.907642 -0.396980 0.136357
vn 0.999590 0.028641 -0.000004
vn 0.920590 -0.272686 0.279564
vn 0.832152 -0.034756 0.553458
vn 0.864412 0.097750 0.493190
vn 0.903465 0.324950 0.279569
vn 0.883423 0.448298 0.136356
vn 0.016153 -0.563746 0.825790
vn 0.027563 -0.961968 0.271769
vn 0.001701 -0.059379 0.998234
vn -0.001701 0.059379 0.998234
vn -0.016153 0.563748 0.825789
vn -0.027563 0.961968 0.271769
vn -0.486095 -0.013927 -0.873795
vn -0.283999 0.346814 -0.893904
vn 0.000000 -0.000000 -1.000000
vn -0.153439 0.380070 -0.912142
vn -0.191708 0.348212 -0.917603
vn -0.285672 0.278693 -0.916909
vn 0.019557 -0.006102 -0.999790
vn 0.178203 -0.000318 -0.983994
vn 0.093137 0.433714 -0.896224
vn 0.572819 -0.105513 -0.812862
vn -0.000000 0.000000 -1.000000
vn -0.000000 -0.000000 -1.000000
vn -0.607816 -0.017416 -0.793887
vn -0.456799 0.447014 -0.769099
vn -0.286702 0.712415 -0.640520
vn -0.342722 0.752250 -0.562727
vn -0.567216 0.623328 -0.538265
vn -0.615682 0.659462 -0.431330
vn 0.184342 0.866722 -0.463476
vn 0.553481 0.684680 -0.474206
vn 0.568763 -0.822501 -0.000000
vn 0.437691 -0.899126 -0.000000
vn 0.428943 -0.903332 -0.000000
vn 0.859584 -0.510994 -0.000000
vn 0.855782 -0.517337 -0.000000
vn 0.999590 0.028641 -0.000000
vn 0.999590 0.028641 -0.000000
vn -0.306175 0.928592 -0.209700
vn -0.424551 0.882981 -0.200254
vn -0.650388 0.740382 -0.169795
vn -0.661120 0.730880 -0.169513
vn 0.171852 0.959930 -0.221365
vn 0.578977 0.784399 -0.222494
vn 0.602127 -0.798397 0.002105
vn 0.429864 -0.902893 -0.000000
vn 0.856755 -0.515724 -0.000000
vn 0.999590 0.028641 -0.000000
vn -0.263674 -0.362506 -0.893905
vn -0.131426 -0.388233 -0.912142
vn 0.177893 0.010520 -0.983994
vn -0.269246 -0.294593 -0.916909
vn 0.019175 0.007212 -0.999790
vn -0.171457 -0.358618 -0.917603
vn 0.565837 0.138137 -0.812863
vn 0.117817 -0.427669 -0.896224
vn -0.430452 -0.472437 -0.769099
vn -0.245441 -0.727663 -0.640519
vn -0.299087 -0.770641 -0.562725
vn -0.530595 -0.654784 -0.538263
vn -0.576913 -0.693634 -0.431328
vn 0.233667 -0.854745 -0.463477
vn 0.591776 -0.651866 -0.474206
vn 0.520736 0.853718 -0.000000
vn 0.376517 0.926410 -0.000000
vn 0.385492 0.922711 -0.000000
vn 0.824756 0.565489 -0.000000
vn 0.828916 0.559374 -0.000000
vn -0.252501 -0.944600 -0.209698
vn -0.373296 -0.905842 -0.200253
vn -0.606929 -0.776406 -0.169795
vn -0.618186 -0.767536 -0.169515
vn 0.226534 -0.948514 -0.221367
vn 0.622940 -0.749961 -0.222494
vn 0.555425 0.831564 0.002105
vn 0.377461 0.926026 -0.000000
vn 0.825820 0.563934 -0.000000
vn 0.179240 -0.771701 -0.610206
vn 0.645550 -0.599379 -0.473297
vn 0.339982 -0.902729 -0.263614
vn 0.645184 -0.729793 -0.226142
vn 0.070450 -0.110263 -0.991403
vn 0.544036 -0.114778 -0.831174
vn 0.518363 0.147153 -0.842405
vn 0.068106 0.112739 -0.991288
vn 0.134760 0.780698 -0.610205
vn 0.610172 0.635358 -0.473297
vn 0.287732 0.920716 -0.263614
vn 0.602337 0.765538 -0.226144
vn 0.907641 -0.396980 -0.136361
vn 0.920588 -0.272686 -0.279570
vn 0.999590 0.028641 0.000002
vn 0.832151 -0.034756 -0.553459
vn 0.864411 0.097751 -0.493192
vn 0.903466 0.324951 -0.279566
vn 0.883424 0.448298 -0.136350
vn 0.027563 -0.961968 -0.271769
vn 0.016153 -0.563746 -0.825790
vn 0.001701 -0.059379 -0.998234
vn -0.001701 0.059379 -0.998234
vn -0.016153 0.563748 -0.825789
vn -0.027563 0.961968 -0.271769
vn 0.075002 -0.935821 -0.344404
vn 0.068895 -0.781911 -0.619572
vn 0.025374 -0.938331 -0.344804
vn 0.021365 -0.779742 -0.625736
vn 0.050941 -0.386522 -0.920873
vn 0.010280 -0.383478 -0.923493
vn 0.037434 0.001073 -0.999299
vn -0.000230 -0.000007 -1.000000
vn 0.028726 0.388805 -0.920872
vn -0.011694 0.383439 -0.923492
vn 0.024011 0.784574 -0.619570
vn -0.023317 0.779686 -0.625737
vn 0.021295 0.938580 -0.344403
vn -0.028395 0.938243 -0.344810
vn -0.021688 0.938426 -0.344800
vn 0.030407 0.938001 -0.345297
vn -0.017491 0.784355 -0.620065
vn 0.035082 0.788092 -0.614556
vn -0.006822 0.388109 -0.921588
vn 0.043449 0.392574 -0.918694
vn 0.003969 0.000114 -0.999992
vn 0.059874 0.001716 -0.998204
vn 0.015411 -0.387862 -0.921589
vn 0.065856 -0.389441 -0.918694
vn 0.027448 -0.784070 -0.620066
vn 0.080149 -0.784790 -0.614558
vn 0.032080 -0.938128 -0.344799
vn 0.084065 -0.934720 -0.345301
vn 0.037760 0.001082 -0.999286
vn 0.043024 -0.458199 -0.887808
vn 0.053690 -0.829270 -0.556262
vn 0.055611 -0.934075 -0.352720
vn 0.006120 0.830983 -0.556264
vn 0.002034 0.935725 -0.352724
vn 0.016719 0.459912 -0.887807
vn -0.030314 0.385902 -0.922042
vn 0.008169 0.387004 -0.922042
vn -0.044892 0.781638 -0.622115
vn 0.000063 0.782926 -0.622115
vn 0.017960 0.000515 -0.999838
vn -0.017960 -0.000515 -0.999838
vn 0.030314 -0.385901 -0.922042
vn -0.008168 -0.387005 -0.922041
vn 0.044892 -0.781639 -0.622113
vn -0.000063 -0.782928 -0.622113
vn 0.050337 -0.937357 -0.344714
vn 0.003417 -0.938702 -0.344713
vn -0.003417 0.938700 -0.344717
vn -0.050337 0.937357 -0.344716
vn -0.046829 0.937529 -0.344741
vn -0.041542 0.783744 -0.619694
vn -0.027620 0.387564 -0.921429
vn -0.015163 -0.000434 -0.999885
vn -0.005383 -0.388509 -0.921429
vn 0.003402 -0.784837 -0.619693
vn 0.006930 -0.938673 -0.344738
vn 0.075002 -0.935821 0.344404
vn 0.025374 -0.938331 0.344804
vn 0.068895 -0.781911 0.619572
vn 0.021365 -0.779742 0.625736
vn 0.050941 -0.386522 0.920872
vn 0.010280 -0.383478 0.923493
vn 0.037434 0.001073 0.999299
vn -0.000230 -0.000007 1.000000
vn -0.011694 0.383439 0.923492
vn 0.028726 0.388805 0.920872
vn -0.023316 0.779686 0.625737
vn 0.024011 0.784574 0.619570
vn -0.028395 0.938243 0.344810
vn 0.021295 0.938580 0.344403
vn 0.035082 0.788092 0.614556
vn 0.030407 0.938001 0.345297
vn -0.017491 0.784355 0.620065
vn -0.021688 0.938426 0.344800
vn 0.043449 0.392573 0.918694
vn -0.006822 0.388109 0.921588
vn 0.059874 0.001716 0.998204
vn 0.003969 0.000114 0.999992
vn 0.015411 -0.387863 0.921588
vn 0.065856 -0.389442 0.918694
vn 0.027448 -0.784070 0.620065
vn 0.080149 -0.784790 0.614558
vn 0.032080 -0.938128 0.344799
vn 0.084066 -0.934719 0.345301
vn 0.043024 -0.458199 0.887808
vn 0.037760 0.001082 0.999286
vn 0.053690 -0.829271 0.556262
vn 0.055611 -0.934075 0.352720
vn 0.006120 0.830984 0.556263
vn 0.002034 0.935725 0.352723
vn 0.016719 0.459912 0.887807
vn -0.030314 0.385902 0.922042
vn -0.044892 0.781638 0.622115
vn 0.008169 0.387004 0.922042
vn 0.000063 0.782926 0.622115
vn 0.017960 0.000515 0.999838
vn -0.017960 -0.000515 0.999838
vn 0.030314 -0.385901 0.922042
vn -0.008168 -0.387005 0.922041
vn 0.044892 -0.781639 0.622113
vn -0.000063 -0.782928 0.622113
vn 0.050337 -0.937357 0.344714
vn 0.003417 -0.938702 0.344713
vn -0.003417 0.938700 0.344717
vn -0.050337 0.937357 0.344716
vn -0.041542 0.783744 0.619694
vn -0.046829 0.937529 0.344741
vn -0.027619 0.387564 0.921429
vn -0.015163 -0.000435 0.999885
vn -0.005383 -0.388509 0.921429
vn 0.003402 -0.784836 0.619694
vn 0.006930 -0.938673 0.344738
vn 0.423993 -0.730295 -0.535629
vn 0.363945 -0.382842 -0.849103
vn 0.420211 -0.712947 -0.561364
vn 0.361007 -0.361863 -0.859493
vn 0.331562 0.009500 -0.943385
vn 0.331374 0.009495 -0.943452
vn 0.339703 0.381935 -0.859493
vn 0.341435 0.403052 -0.849100
vn 0.378702 0.735847 -0.561350
vn 0.381485 0.753384 -0.535613
vn 0.407132 0.913369 -0.000001
vn 0.407384 0.913257 -0.000001
vn 0.381486 0.753383 0.535613
vn 0.378702 0.735847 0.561350
vn 0.341435 0.403054 0.849099
vn 0.339703 0.381937 0.859492
vn 0.331562 0.009500 0.943385
vn 0.331374 0.009495 0.943452
vn 0.361007 -0.361861 0.859494
vn 0.363944 -0.382841 0.849104
vn 0.420211 -0.712947 0.561364
vn 0.423993 -0.730295 0.535629
vn 0.458736 -0.888573 0.000001
vn 0.458978 -0.888448 0.000001
vn 0.396843 0.752680 0.525346
vn 0.362767 0.404235 0.839639
vn 0.394798 0.737259 0.548256
vn 0.361499 0.385239 0.849064
vn 0.355285 0.010180 0.934703
vn 0.355169 0.010177 0.934747
vn 0.385317 -0.382799 0.839640
vn 0.382963 -0.363912 0.849063
vn 0.439311 -0.728717 0.525335
vn 0.436387 -0.713435 0.548249
vn 0.469783 -0.882782 -0.000002
vn 0.469653 -0.882851 -0.000002
vn 0.439317 -0.728722 -0.525324
vn 0.436393 -0.713440 -0.548237
vn 0.385320 -0.382804 -0.839637
vn 0.382965 -0.363916 -0.849060
vn 0.355284 0.010180 -0.934703
vn 0.355168 0.010177 -0.934747
vn 0.362770 0.404229 -0.839641
vn 0.361501 0.385232 -0.849066
vn 0.396845 0.752678 -0.525347
vn 0.394800 0.737256 -0.548257
vn 0.418491 0.908221 0.000007
vn 0.418351 0.908285 0.000007
vn 0.999590 0.028641 -0.000004
vn 0.999590 0.028641 -0.000001
vn 0.999590 0.028641 -0.000004
vn 0.999590 0.028641 -0.000000
vn 0.999590 0.028641 -0.000000
vn 0.999590 0.028641 -0.000000
vn 0.999590 0.028641 -0.000002
vn 0.999590 0.028641 -0.000002
vn 0.999590 0.028641 -0.000000
vn 0.999590 0.028641 -0.000000
vn 0.999590 0.028641 -0.000000
vn 0.999590 0.028641 -0.000000
vn 0.999590 0.028641 0.000000
vn 0.999590 0.028641 -0.000000
vn 0.999590 0.028641 0.000002
vn 0.999590 0.028641 0.000002
vn 0.999590 0.028641 -0.000000
vn 0.999590 0.028641 -0.000000
vn 0.999590 0.028641 0.000004
vn 0.999590 0.028641 0.000004
vn 0.999590 0.028641 -0.000000
vn 0.999590 0.028641 0.000001
vn 0.999590 0.028641 -0.000000
vn 0.999590 0.028641 -0.000000
vn -0.423993 0.730292 -0.535634
vn -0.363942 0.382840 -0.849105
vn -0.420211 0.712943 -0.561369
vn -0.361004 0.361861 -0.859496
vn -0.331562 -0.009500 -0.943386
vn -0.331374 -0.009495 -0.943452
vn -0.339697 -0.381936 -0.859495
vn -0.341429 -0.403052 -0.849103
vn -0.378701 -0.735835 -0.561366
vn -0.381484 -0.753373 -0.535630
vn -0.407118 -0.913375 0.000001
vn -0.407369 -0.913264 0.000001
vn -0.381484 -0.753373 0.535630
vn -0.378701 -0.735835 0.561367
vn -0.341429 -0.403054 0.849102
vn -0.339697 -0.381938 0.859494
vn -0.331562 -0.009500 0.943386
vn -0.331374 -0.009495 0.943452
vn -0.361004 0.361860 0.859496
vn -0.363942 0.382839 0.849106
vn -0.420211 0.712943 0.561369
vn -0.423993 0.730292 0.535634
vn -0.458736 0.888573 -0.000001
vn -0.458978 0.888447 -0.000001
vn -0.396839 -0.752679 0.525350
vn -0.362767 -0.404238 0.839638
vn -0.394792 -0.737259 0.548259
vn -0.361499 -0.385241 0.849063
vn -0.355284 -0.010180 0.934703
vn -0.355168 -0.010177 0.934747
vn -0.385319 0.382802 0.839638
vn -0.382963 0.363914 0.849062
vn -0.439313 0.728726 0.525321
vn -0.436388 0.713445 0.548235
vn -0.469812 0.882767 -0.000001
vn -0.469678 0.882838 -0.000001
vn -0.439311 0.728723 -0.525327
vn -0.436385 0.713442 -0.548241
vn -0.385314 0.382804 -0.839639
vn -0.382959 0.363916 -0.849063
vn -0.355284 -0.010180 -0.934703
vn -0.355168 -0.010177 -0.934747
vn -0.362774 -0.404243 -0.839633
vn -0.361506 -0.385246 -0.849058
vn -0.396833 -0.752681 -0.525353
vn -0.394787 -0.737260 -0.548261
vn -0.418520 -0.908208 -0.000004
vn -0.418377 -0.908273 -0.000004
vn -0.999590 -0.028641 0.000024
vn -0.999590 -0.028641 0.000001
vn -0.999590 -0.028641 0.000024
vn -0.999590 -0.028641 0.000000
vn -0.999590 -0.028641 0.000000
vn -0.999590 -0.028641 0.000002
vn -0.999590 -0.028641 0.000004
vn -0.999590 -0.028641 0.000004
vn -0.999590 -0.028641 0.000001
vn -0.999590 -0.028641 0.000001
vn -0.999590 -0.028641 0.000000
vn -0.999590 -0.028641 0.000000
vn -0.999590 -0.028641 -0.000001
vn -0.999590 -0.028641 -0.000001
vn -0.999590 -0.028641 -0.000004
vn -0.999590 -0.028641 -0.000004
vn -0.999590 -0.028641 0.000000
vn -0.999590 -0.028641 -0.000002
vn -0.999590 -0.028641 -0.000024
vn -0.999590 -0.028641 -0.000024
vn -0.999590 -0.028641 0.000000
vn -0.999590 -0.028641 -0.000001
vn -0.999590 -0.028641 0.000000
vn -0.999590 -0.028641 0.000000
s 1
g blade
f 2039/2685/3249 2029/2686/3250 2038/2688/3251
f 2038/2688/3251 2029/2686/3250 2030/2687/3252
s 2
f 2031/2689/3253 2035/2690/3254 2032/2692/3255
f 2032/2692/3255 2035/2690/3254 2036/2691/3256
s 3
f 2033/2693/3257 2034/2694/3258 2029/2686/3259
f 2029/2686/3259 2034/2694/3258 2030/2687/3260
s 4
f 2031/2689/3261 2032/2692/3262 2033/2693/3263
f 2033/2693/3263 2032/2692/3262 2034/2694/3264
s 5
f 2034/2694/3265 2032/2692/3266 2037/2696/3267
f 2037/2696/3267 2032/2692/3266 2036/2695/3268
s 6
f 2034/2694/3269 2037/2696/3270 2030/2687/3271
f 2030/2687/3271 2037/2696/3270 2038/2697/3272
s 7
f 2050/2698/3273 2049/2699/3274 2040/2701/3275
f 2040/2701/3275 2049/2699/3274 2041/2700/3276
s 8
f 2042/2702/3277 2043/2703/3278 2046/2705/3279
f 2046/2705/3279 2043/2703/3278 2047/2704/3280
s 9
f 2041/2700/3281 2045/2706/3282 2040/2701/3283
f 2040/2701/3283 2045/2706/3282 2044/2707/3284
s 10
f 2045/2706/3285 2043/2703/3286 2044/2707/3287
f 2044/2707/3287 2043/2703/3286 2042/2702/3288
s 11
f 2045/2706/3289 2048/2708/3290 2043/2703/3291
f 2043/2703/3291 2048/2708/3290 2047/2709/3292
s 12
f 2045/2706/3293 2041/2700/3294 2048/2708/3295
f 2048/2708/3295 2041/2700/3294 2049/2710/3296
s 13
f 2059/2711/3297 2061/2714/3298 2060/2712/3299
f 2060/2712/3299 2061/2714/3298 2062/2713/3300
f 2061/2714/3298 2063/2716/3301 2062/2713/3300
f 2062/2713/3300 2063/2716/3301 2064/2715/3302
f 2063/2716/3301 2065/2718/3303 2064/2715/3302
f 2064/2715/3302 2065/2718/3303 2066/2717/3304
s 14
f 2051/2719/3305 2055/2722/3306 2052/2720/3307
f 2052/2720/3307 2055/2722/3306 2056/2721/3308
f 2052/2720/3307 2056/2721/3308 2053/2723/3309
f 2053/2723/3309 2056/2721/3308 2057/2724/3310
f 2053/2723/3309 2057/2724/3310 2054/2725/3311
f 2054/2725/3311 2057/2724/3310 2058/2726/3312
s 15
f 2052/2720/3313 2061/2728/3314 2051/2719/3315
f 2051/2719/3315 2061/2728/3314 2059/2727/3316
s 16
f 2056/2721/3317 2055/2722/3318 2062/2729/3319
f 2062/2729/3319 2055/2722/3318 2060/2730/3320
s 15
f 2052/2720/3313 2053/2723/3321 2061/2728/3314
f 2061/2728/3314 2053/2723/3321 2063/2731/3322
s 16
f 2056/2721/3317 2062/2729/3319 2057/2724/3323
f 2057/2724/3323 2062/2729/3319 2064/2732/3324
s 15
f 2053/2723/3321 2054/2725/3325 2063/2731/3322
f 2063/2731/3322 2054/2725/3325 2065/2733/3326
s 16
f 2057/2724/3323 2064/2732/3324 2058/2726/3327
f 2058/2726/3327 2064/2732/3324 2066/2734/3328
s 13
f 2055/2722/3329 2051/2719/3330 2060/2735/3299
f 2060/2735/3299 2051/2719/3330 2059/2736/3297
f 2073/2737/3331 2074/2740/3332 2075/2738/3333
f 2075/2738/3333 2074/2740/3332 2076/2739/3334
f 2075/2738/3333 2076/2739/3334 2077/2741/3335
f 2077/2741/3335 2076/2739/3334 2078/2742/3336
f 2077/2741/3335 2078/2742/3336 2065/2718/3303
f 2065/2718/3303 2078/2742/3336 2066/2717/3304
s 14
f 2067/2743/3337 2068/2746/3338 2070/2744/3339
f 2070/2744/3339 2068/2746/3338 2071/2745/3340
f 2068/2746/3338 2069/2748/3341 2071/2745/3340
f 2071/2745/3340 2069/2748/3341 2072/2747/3342
f 2069/2748/3341 2054/2725/3311 2072/2747/3342
f 2072/2747/3342 2054/2725/3311 2058/2726/3312
s 15
f 2073/2750/3343 2075/2749/3344 2067/2743/3345
f 2067/2743/3345 2075/2749/3344 2068/2746/3346
s 16
f 2071/2745/3347 2076/2752/3348 2070/2744/3349
f 2070/2744/3349 2076/2752/3348 2074/2751/3350
s 15
f 2068/2746/3346 2075/2749/3344 2069/2748/3351
f 2069/2748/3351 2075/2749/3344 2077/2753/3352
s 16
f 2078/2754/3353 2076/2752/3348 2072/2747/3354
f 2072/2747/3354 2076/2752/3348 2071/2745/3347
s 15
f 2069/2748/3351 2077/2753/3352 2054/2725/3325
f 2054/2725/3325 2077/2753/3352 2065/2733/3326
s 16
f 2066/2734/3328 2078/2754/3353 2058/2726/3327
f 2058/2726/3327 2078/2754/3353 2072/2747/3354
s 13
f 2070/2744/3355 2074/2756/3332 2067/2743/3356
f 2067/2743/3356 2074/2756/3332 2073/2755/3331
s 21
f 2083/2757/3357 2085/2758/3358 2084/2760/3359
f 2084/2760/3359 2085/2758/3358 2086/2759/3360
f 2085/2758/3358 2088/2761/3361 2086/2759/3360
f 2086/2759/3360 2088/2761/3361 2089/2762/3362
s 22
f 2079/2763/3363 2081/2764/3364 2080/2766/3365
f 2080/2766/3365 2081/2764/3364 2082/2765/3366
f 2080/2766/3365 2082/2765/3366 2087/2768/3367
f 2087/2768/3367 2082/2765/3366 2090/2767/3368
s 23
f 2080/2770/3369 2085/2758/3370 2079/2769/3371
f 2079/2769/3371 2085/2758/3370 2083/2757/3372
s 24
f 2082/2771/3373 2081/2772/3374 2086/2759/3375
f 2086/2759/3375 2081/2772/3374 2084/2760/3376
s 23
f 2087/2773/3377 2088/2761/3378 2080/2770/3369
f 2080/2770/3369 2088/2761/3378 2085/2758/3370
s 24
f 2090/2774/3379 2082/2771/3373 2089/2762/3380
f 2089/2762/3380 2082/2771/3373 2086/2759/3375
s 23
f 2091/2776/3381 2079/2769/3371 2092/2775/3382
f 2092/2775/3382 2079/2769/3371 2083/2757/3372
s 21
f 2093/2777/3383 2092/2775/3384 2084/2760/3359
f 2084/2760/3359 2092/2775/3384 2083/2757/3357
s 24
f 2094/2778/3385 2093/2777/3386 2081/2772/3374
f 2081/2772/3374 2093/2777/3386 2084/2760/3376
s 22
f 2091/2779/3387 2094/2780/3388 2079/2763/3363
f 2079/2763/3363 2094/2780/3388 2081/2764/3364
s 25
f 2093/2781/3389 2094/2780/3390 2092/2782/3391
f 2092/2782/3391 2094/2780/3390 2091/2779/3392
s 26
f 2088/2783/3393 2087/2768/3394 2089/2784/3395
f 2089/2784/3395 2087/2768/3394 2090/2767/3396
s 27
f 2099/2785/3397 2100/2786/3398 2101/2788/3399
f 2101/2788/3399 2100/2786/3398 2102/2787/3400
f 2101/2788/3399 2102/2787/3400 2104/2790/3401
f 2104/2790/3401 2102/2787/3400 2105/2789/3402
s 28
f 2095/2791/3403 2096/2792/3404 2097/2794/3405
f 2097/2794/3405 2096/2792/3404 2098/2793/3406
f 2096/2792/3404 2103/2795/3407 2098/2793/3406
f 2098/2793/3406 2103/2795/3407 2106/2796/3408
s 29
f 2099/2785/3409 2101/2788/3410 2095/2797/3411
f 2095/2797/3411 2101/2788/3410 2096/2798/3412
s 30
f 2098/2799/3413 2102/2787/3414 2097/2800/3415
f 2097/2800/3415 2102/2787/3414 2100/2786/3416
s 29
f 2101/2788/3410 2104/2790/3417 2096/2798/3412
f 2096/2798/3412 2104/2790/3417 2103/2801/3418
s 30
f 2102/2787/3414 2098/2799/3413 2105/2789/3419
f 2105/2789/3419 2098/2799/3413 2106/2802/3420
s 29
f 2099/2785/3409 2095/2797/3411 2108/2803/3421
f 2108/2803/3421 2095/2797/3411 2107/2804/3422
s 27
f 2109/2805/3423 2100/2786/3398 2108/2803/3424
f 2108/2803/3424 2100/2786/3398 2099/2785/3397
s 30
f 2100/2786/3416 2109/2805/3425 2097/2800/3415
f 2097/2800/3415 2109/2805/3425 2110/2806/3426
s 28
f 2107/2807/3427 2095/2791/3403 2110/2808/3428
f 2110/2808/3428 2095/2791/3403 2097/2794/3405
s 31
f 2109/2809/3429 2108/2810/3430 2110/2808/3431
f 2110/2808/3431 2108/2810/3430 2107/2807/3432
s 32
f 2104/2811/3433 2105/2812/3434 2103/2795/3435
f 2103/2795/3435 2105/2812/3434 2106/2796/3436
s 33
f 2115/2813/3437 2117/2814/3438 2116/2816/3439
f 2116/2816/3439 2117/2814/3438 2118/2815/3440
f 2117/2814/3438 2120/2817/3441 2118/2815/3440
f 2118/2815/3440 2120/2817/3441 2121/2818/3442
s 34
f 2111/2819/3443 2113/2820/3444 2112/2822/3445
f 2112/2822/3445 2113/2820/3444 2114/2821/3446
f 2112/2822/3445 2114/2821/3446 2119/2824/3447
f 2119/2824/3447 2114/2821/3446 2122/2823/3448
s 35
f 2112/2826/3449 2117/2814/3450 2111/2825/3451
f 2111/2825/3451 2117/2814/3450 2115/2813/3452
s 36
f 2114/2827/3453 2113/2828/3454 2118/2815/3455
f 2118/2815/3455 2113/2828/3454 2116/2816/3456
s 35
f 2119/2829/3457 2120/2817/3458 2112/2826/3449
f 2112/2826/3449 2120/2817/3458 2117/2814/3450
s 36
f 2122/2830/3459 2114/2827/3453 2121/2818/3460
f 2121/2818/3460 2114/2827/3453 2118/2815/3455
s 35
f 2123/2832/3461 2111/2825/3451 2124/2831/3462
f 2124/2831/3462 2111/2825/3451 2115/2813/3452
s 33
f 2125/2833/3463 2124/2831/3464 2116/2816/3439
f 2116/2816/3439 2124/2831/3464 2115/2813/3437
s 36
f 2126/2834/3465 2125/2833/3466 2113/2828/3454
f 2113/2828/3454 2125/2833/3466 2116/2816/3456
s 34
f 2123/2835/3467 2126/2836/3468 2111/2819/3443
f 2111/2819/3443 2126/2836/3468 2113/2820/3444
s 37
f 2125/2837/3469 2126/2836/3470 2124/2838/3471
f 2124/2838/3471 2126/2836/3470 2123/2835/3472
s 38
f 2120/2839/3473 2119/2824/3474 2121/2840/3475
f 2121/2840/3475 2119/2824/3474 2122/2823/3476
s 39
f 2131/2841/3477 2132/2842/3478 2133/2844/3479
f 2133/2844/3479 2132/2842/3478 2134/2843/3480
f 2133/2844/3479 2134/2843/3480 2136/2846/3481
f 2136/2846/3481 2134/2843/3480 2137/2845/3482
s 40
f 2127/2847/3483 2128/2848/3484 2129/2850/3485
f 2129/2850/3485 2128/2848/3484 2130/2849/3486
f 2128/2848/3484 2135/2851/3487 2130/2849/3486
f 2130/2849/3486 2135/2851/3487 2138/2852/3488
s 41
f 2131/2841/3489 2133/2844/3490 2127/2853/3491
f 2127/2853/3491 2133/2844/3490 2128/2854/3492
s 42
f 2130/2855/3493 2134/2843/3494 2129/2856/3495
f 2129/2856/3495 2134/2843/3494 2132/2842/3496
s 41
f 2133/2844/3490 2136/2846/3497 2128/2854/3492
f 2128/2854/3492 2136/2846/3497 2135/2857/3498
s 42
f 2134/2843/3494 2130/2855/3493 2137/2845/3499
f 2137/2845/3499 2130/2855/3493 2138/2858/3500
s 41
f 2131/2841/3489 2127/2853/3491 2140/2859/3501
f 2140/2859/3501 2127/2853/3491 2139/2860/3502
s 39
f 2141/2861/3503 2132/2842/3478 2140/2859/3504
f 2140/2859/3504 2132/2842/3478 2131/2841/3477
s 42
f 2132/2842/3496 2141/2861/3505 2129/2856/3495
f 2129/2856/3495 2141/2861/3505 2142/2862/3506
s 40
f 2139/2863/3507 2127/2847/3483 2142/2864/3508
f 2142/2864/3508 2127/2847/3483 2129/2850/3485
s 43
f 2141/2865/3509 2140/2866/3510 2142/2864/3511
f 2142/2864/3511 2140/2866/3510 2139/2863/3512
s 44
f 2136/2867/3513 2137/2868/3514 2135/2851/3515
f 2135/2851/3515 2137/2868/3514 2138/2852/3516
s 45
f 2151/2869/3517 2152/2870/3518 2153/2872/3519
f 2153/2872/3519 2152/2870/3518 2154/2871/3520
f 2153/2872/3519 2154/2871/3520 2155/2874/3521
f 2155/2874/3521 2154/2871/3520 2156/2873/3522
f 2155/2874/3521 2156/2873/3522 2157/2876/3523
f 2157/2876/3523 2156/2873/3522 2158/2875/3524
s 46
f 2143/2877/3525 2144/2878/3526 2147/2880/3527
f 2147/2880/3527 2144/2878/3526 2148/2879/3528
f 2144/2878/3526 2145/2881/3529 2148/2879/3528
f 2148/2879/3528 2145/2881/3529 2149/2882/3530
f 2145/2881/3529 2146/2883/3531 2149/2882/3530
f 2149/2882/3530 2146/2883/3531 2150/2884/3532
s 47
f 2151/2885/3533 2153/2886/3534 2143/2877/3535
f 2143/2877/3535 2153/2886/3534 2144/2878/3536
s 48
f 2148/2879/3537 2154/2887/3538 2147/2880/3539
f 2147/2880/3539 2154/2887/3538 2152/2888/3540
s 47
f 2144/2878/3536 2153/2886/3534 2145/2881/3541
f 2145/2881/3541 2153/2886/3534 2155/2889/3542
s 48
f 2156/2890/3543 2154/2887/3538 2149/2882/3544
f 2149/2882/3544 2154/2887/3538 2148/2879/3537
s 47
f 2145/2881/3541 2155/2889/3542 2146/2883/3545
f 2146/2883/3545 2155/2889/3542 2157/2891/3546
s 48
f 2158/2892/3547 2156/2890/3543 2150/2884/3548
f 2150/2884/3548 2156/2890/3543 2149/2882/3544
s 45
f 2147/2880/3549 2152/2893/3518 2143/2877/3550
f 2143/2877/3550 2152/2893/3518 2151/2894/3517
f 2165/2895/3551 2167/2896/3552 2166/2898/3553
f 2166/2898/3553 2167/2896/3552 2168/2897/3554
f 2167/2896/3552 2169/2899/3555 2168/2897/3554
f 2168/2897/3554 2169/2899/3555 2170/2900/3556
f 2169/2899/3555 2157/2876/3523 2170/2900/3556
f 2170/2900/3556 2157/2876/3523 2158/2875/3524
s 46
f 2159/2901/3557 2162/2902/3558 2160/2904/3559
f 2160/2904/3559 2162/2902/3558 2163/2903/3560
f 2160/2904/3559 2163/2903/3560 2161/2906/3561
f 2161/2906/3561 2163/2903/3560 2164/2905/3562
f 2161/2906/3561 2164/2905/3562 2146/2883/3531
f 2146/2883/3531 2164/2905/3562 2150/2884/3532
s 47
f 2160/2904/3563 2167/2907/3564 2159/2901/3565
f 2159/2901/3565 2167/2907/3564 2165/2908/3566
s 48
f 2163/2903/3567 2162/2902/3568 2168/2910/3569
f 2168/2910/3569 2162/2902/3568 2166/2909/3570
s 47
f 2160/2904/3563 2161/2906/3571 2167/2907/3564
f 2167/2907/3564 2161/2906/3571 2169/2911/3572
s 48
f 2163/2903/3567 2168/2910/3569 2164/2905/3573
f 2164/2905/3573 2168/2910/3569 2170/2912/3574
s 47
f 2161/2906/3571 2146/2883/3545 2169/2911/3572
f 2169/2911/3572 2146/2883/3545 2157/2891/3546
s 48
f 2164/2905/3573 2170/2912/3574 2150/2884/3548
f 2150/2884/3548 2170/2912/3574 2158/2892/3547
s 45
f 2162/2902/3575 2159/2901/3576 2166/2914/3553
f 2166/2914/3553 2159/2901/3576 2165/2913/3551
s 53
f 2171/2915/3577 2172/2916/3578 2183/2918/3579
f 2183/2918/3579 2172/2916/3578 2184/2917/3580
f 2172/2916/3578 2173/2919/3581 2184/2917/3580
f 2184/2917/3580 2173/2919/3581 2185/2920/3582
f 2173/2919/3581 2174/2921/3583 2185/2920/3582
f 2185/2920/3582 2174/2921/3583 2186/2922/3584
f 2174/2921/3583 2175/2923/3585 2186/2922/3584
f 2186/2922/3584 2175/2923/3585 2187/2924/3586
f 2175/2923/3585 2176/2925/3587 2187/2924/3586
f 2187/2924/3586 2176/2925/3587 2188/2926/3588
f 2176/2925/3587 2177/2927/3589 2188/2926/3588
f 2188/2926/3588 2177/2927/3589 2189/2928/3590
f 2177/2927/3589 2178/2929/3591 2189/2928/3590
f 2189/2928/3590 2178/2929/3591 2190/2930/3592
f 2178/2929/3591 2179/2931/3593 2190/2930/3592
f 2190/2930/3592 2179/2931/3593 2191/2932/3594
f 2179/2931/3593 2180/2933/3595 2191/2932/3594
f 2191/2932/3594 2180/2933/3595 2192/2934/3596
f 2180/2933/3595 2181/2935/3597 2192/2934/3596
f 2192/2934/3596 2181/2935/3597 2193/2936/3598
f 2181/2935/3597 2182/2937/3599 2193/2936/3598
f 2193/2936/3598 2182/2937/3599 2194/2938/3600
f 2182/2939/3599 2171/2915/3577 2194/2940/3600
f 2194/2940/3600 2171/2915/3577 2183/2918/3579
s 54
f 2172/2941/3601 2171/2942/3602 2196/2944/3603
f 2196/2944/3603 2171/2942/3602 2195/2943/3604
s 55
f 2173/2945/3605 2172/2941/3606 2197/2946/3607
f 2197/2946/3607 2172/2941/3606 2196/2944/3608
s 56
f 2173/2945/3609 2197/2946/3610 2174/2947/3611
f 2174/2947/3611 2197/2946/3610 2198/2948/3612
s 57
f 2174/2947/3613 2198/2948/3614 2175/2949/3615
f 2175/2949/3615 2198/2948/3614 2199/2950/3616
s off
f 2176/2951/3617 2175/2949/3618 2199/2950/3619
f 2177/2952/3620 2176/2951/3621 2199/2950/3622
s 58
f 2178/2953/3623 2177/2952/3624 2198/2948/3625
f 2198/2948/3625 2177/2952/3624 2199/2950/3626
s 59
f 2179/2954/3627 2178/2953/3628 2197/2946/3629
f 2197/2946/3629 2178/2953/3628 2198/2948/3630
s 60
f 2179/2954/3631 2197/2946/3632 2180/2955/3633
f 2180/2955/3633 2197/2946/3632 2196/2944/3634
s 61
f 2180/2955/3635 2196/2944/3636 2181/2956/3637
f 2181/2956/3637 2196/2944/3636 2195/2943/3638
s off
f 2182/2957/3639 2181/2956/3640 2195/2943/3641
f 2171/2942/3642 2182/2957/3643 2195/2943/3644
s 62
f 2184/2959/3645 2201/2960/3646 2183/2958/3647
f 2183/2958/3647 2201/2960/3646 2200/2961/3648
s 63
f 2185/2962/3649 2202/2963/3650 2184/2959/3651
f 2184/2959/3651 2202/2963/3650 2201/2960/3652
s 64
f 2185/2962/3653 2186/2964/3654 2202/2963/3655
f 2202/2963/3655 2186/2964/3654 2203/2965/3656
s 65
f 2186/2964/3657 2187/2966/3658 2203/2965/3659
f 2203/2965/3659 2187/2966/3658 2204/2967/3660
s off
f 2187/2966/3661 2188/2968/3662 2204/2967/3663
f 2188/2968/3664 2189/2969/3665 2204/2967/3666
s 66
f 2190/2970/3667 2203/2965/3668 2189/2969/3669
f 2189/2969/3669 2203/2965/3668 2204/2967/3670
s 67
f 2191/2971/3671 2202/2963/3672 2190/2970/3673
f 2190/2970/3673 2202/2963/3672 2203/2965/3674
s 68
f 2191/2971/3675 2192/2972/3676 2202/2963/3677
f 2202/2963/3677 2192/2972/3676 2201/2960/3678
s 69
f 2192/2972/3679 2193/2973/3680 2201/2960/3681
f 2201/2960/3681 2193/2973/3680 2200/2961/3682
s off
f 2193/2973/3683 2194/2974/3684 2200/2961/3685
f 2194/2974/3686 2183/2958/3687 2200/2961/3688
s 70
f 2226/2975/3689 2219/2976/3690 2225/2978/3691
f 2225/2978/3691 2219/2976/3690 2207/2977/3692
s 71
f 2208/2979/3693 2223/2980/3694 2219/2976/3695
f 2219/2976/3695 2223/2980/3694 2227/2981/3696
s 70
f 2219/2976/3690 2226/2975/3689 2208/2979/3697
f 2208/2979/3697 2226/2975/3689 2205/2982/3698
f 2205/2982/3698 2211/2983/3699 2208/2979/3697
f 2208/2979/3697 2211/2983/3699 2210/2984/3700
f 2205/2982/3698 2206/2985/3701 2211/2983/3699
f 2211/2983/3699 2206/2985/3701 2212/2986/3702
f 2216/2988/3703 2215/2989/3704 2213/2987/3705
f 2213/2987/3705 2215/2989/3704 2214/2990/3706
f 2218/2991/3707 2217/2992/3708 2216/2988/3703
f 2216/2988/3703 2217/2992/3708 2215/2989/3704
s 71
f 2221/2993/3709 2213/2987/3710 2220/2994/3711
f 2220/2994/3711 2213/2987/3710 2214/2990/3712
f 2208/2979/3693 2210/2984/3713 2223/2980/3694
f 2223/2980/3694 2210/2984/3713 2222/2995/3714
s 70
f 2226/2975/3689 2224/2996/3715 2205/2982/3698
f 2205/2982/3698 2224/2996/3715 2206/2985/3701
s 71
f 2209/2997/3716 2219/2976/3695 2227/2981/3696
s 70
f 2219/2976/3690 2209/2997/3717 2207/2977/3692
f 2226/2975/3689 2225/2978/3691 2224/2996/3715
s 71
f 2228/2998/3718 2234/2999/3719 2229/3001/3720
f 2229/3001/3720 2234/2999/3719 2235/3000/3721
s 70
f 2230/3002/3722 2231/3003/3723 2229/3001/3724
f 2229/3001/3724 2231/3003/3723 2228/2998/3725
f 2232/3004/3726 2233/3005/3727 2230/3002/3722
f 2230/3002/3722 2233/3005/3727 2231/3003/3723
f 2211/2983/3699 2230/3002/3722 2210/2984/3700
f 2210/2984/3700 2230/3002/3722 2229/3001/3724
f 2212/2986/3702 2232/3004/3726 2211/2983/3699
f 2211/2983/3699 2232/3004/3726 2230/3002/3722
f 2231/3003/3723 2216/2988/3703 2228/2998/3725
f 2228/2998/3725 2216/2988/3703 2213/2987/3705
f 2233/3005/3727 2218/2991/3707 2231/3003/3723
f 2231/3003/3723 2218/2991/3707 2216/2988/3703
s 71
f 2228/2998/3718 2213/2987/3710 2234/2999/3719
f 2234/2999/3719 2213/2987/3710 2221/2993/3709
f 2210/2984/3713 2229/3001/3720 2222/2995/3714
f 2222/2995/3714 2229/3001/3720 2235/3000/3721
s 76
f 2245/3006/3728 2225/3007/3729 2244/3009/3730
f 2244/3009/3730 2225/3007/3729 2207/3008/3731
s 77
f 2227/3010/3732 2223/3011/3733 2244/3009/3734
f 2244/3009/3734 2223/3011/3733 2237/3012/3735
s 76
f 2236/3013/3736 2245/3006/3728 2237/3012/3737
f 2237/3012/3737 2245/3006/3728 2244/3009/3730
f 2236/3013/3736 2237/3012/3737 2239/3015/3738
f 2239/3015/3738 2237/3012/3737 2238/3014/3739
f 2236/3013/3736 2239/3015/3738 2206/3017/3740
f 2206/3017/3740 2239/3015/3738 2212/3016/3741
f 2241/3019/3742 2242/3020/3743 2240/3018/3744
f 2240/3018/3744 2242/3020/3743 2243/3021/3745
f 2242/3020/3743 2217/3022/3746 2243/3021/3745
f 2243/3021/3745 2217/3022/3746 2218/3023/3747
s 77
f 2221/3024/3748 2220/3025/3749 2240/3018/3750
f 2240/3018/3750 2220/3025/3749 2241/3019/3751
f 2237/3012/3735 2223/3011/3733 2238/3014/3752
f 2238/3014/3752 2223/3011/3733 2222/3026/3753
s 76
f 2206/3017/3740 2224/3027/3754 2236/3013/3736
f 2236/3013/3736 2224/3027/3754 2245/3006/3728
s 77
f 2209/3028/3755 2227/3010/3732 2244/3009/3734
s 76
f 2244/3009/3730 2207/3008/3731 2209/3028/3756
f 2245/3006/3728 2224/3027/3754 2225/3007/3729
s 77
f 2246/3029/3757 2247/3030/3758 2234/3032/3759
f 2234/3032/3759 2247/3030/3758 2235/3031/3760
s 76
f 2246/3029/3761 2249/3033/3762 2247/3030/3763
f 2247/3030/3763 2249/3033/3762 2248/3034/3764
f 2249/3033/3762 2233/3035/3765 2248/3034/3764
f 2248/3034/3764 2233/3035/3765 2232/3036/3766
f 2239/3015/3738 2238/3014/3739 2248/3034/3764
f 2248/3034/3764 2238/3014/3739 2247/3030/3763
f 2212/3016/3741 2239/3015/3738 2232/3036/3766
f 2232/3036/3766 2239/3015/3738 2248/3034/3764
f 2249/3033/3762 2246/3029/3761 2243/3021/3745
f 2243/3021/3745 2246/3029/3761 2240/3018/3744
f 2233/3035/3765 2249/3033/3762 2218/3023/3747
f 2218/3023/3747 2249/3033/3762 2243/3021/3745
s 77
f 2246/3029/3757 2234/3032/3759 2240/3018/3750
f 2240/3018/3750 2234/3032/3759 2221/3024/3748
f 2238/3014/3752 2222/3026/3753 2247/3030/3758
f 2247/3030/3758 2222/3026/3753 2235/3031/3760
s 83
f 2250/3037/3767 2253/3038/3768 2251/3040/3769
f 2251/3040/3769 2253/3038/3768 2252/3039/3770
f 2257/3042/3771 2256/3043/3772 2255/3041/3773
f 2255/3041/3773 2256/3043/3772 2254/3044/3774
f 2259/3045/3775 2258/3046/3776 2257/3042/3771
f 2257/3042/3771 2258/3046/3776 2256/3043/3772
f 2253/3038/3768 2260/3047/3777 2252/3039/3770
f 2252/3039/3770 2260/3047/3777 2254/3044/3774
f 2261/3048/3778 2255/3041/3773 2260/3047/3777
f 2260/3047/3777 2255/3041/3773 2254/3044/3774
f 2262/3049/3779 2250/3037/3767 2263/3050/3780
f 2263/3050/3780 2250/3037/3767 2251/3040/3769
f 2263/3050/3780 2251/3040/3769 2264/3051/3781
f 2264/3051/3781 2251/3040/3769 2252/3039/3770
f 2264/3051/3781 2252/3039/3770 2265/3052/3782
f 2265/3052/3782 2252/3039/3770 2254/3044/3774
f 2265/3052/3782 2254/3044/3774 2266/3053/3783
f 2266/3053/3783 2254/3044/3774 2256/3043/3772
f 2267/3054/3784 2266/3053/3783 2258/3046/3776
f 2258/3046/3776 2266/3053/3783 2256/3043/3772
f 2268/3055/3785 2267/3054/3784 2258/3046/3776
f 2268/3055/3785 2258/3046/3776 2269/3056/3786
f 2269/3056/3786 2258/3046/3776 2259/3045/3775
f 2270/3057/3787 2269/3058/3786 2259/3059/3775
f 2270/3057/3787 2259/3059/3775 2271/3060/3788
f 2271/3060/3788 2259/3059/3775 2257/3061/3789
f 2271/3060/3788 2257/3061/3789 2272/3062/3790
f 2272/3062/3790 2257/3061/3789 2255/3063/3791
f 2273/3064/3792 2272/3062/3790 2261/3065/3793
f 2261/3065/3793 2272/3062/3790 2255/3063/3791
f 2264/3051/3781 2265/3052/3782 2274/3067/3794
f 2274/3067/3794 2265/3052/3782 2275/3066/3795
f 2265/3052/3782 2266/3053/3783 2275/3066/3795
f 2275/3066/3795 2266/3053/3783 2276/3068/3796
f 2266/3053/3783 2267/3054/3784 2276/3068/3796
f 2276/3068/3796 2267/3054/3784 2277/3069/3797
f 2267/3054/3784 2268/3055/3785 2277/3069/3797
f 2277/3069/3797 2268/3055/3785 2278/3070/3798
f 2269/3056/3786 2279/3071/3799 2268/3055/3785
f 2268/3055/3785 2279/3071/3799 2278/3072/3798
f 2270/3057/3787 2280/3073/3800 2269/3058/3786
f 2269/3058/3786 2280/3073/3800 2279/3074/3799
f 2271/3060/3788 2281/3075/3801 2270/3057/3787
f 2270/3057/3787 2281/3075/3801 2280/3073/3800
f 2272/3062/3790 2282/3076/3802 2271/3060/3788
f 2271/3060/3788 2282/3076/3802 2281/3075/3801
f 2272/3062/3790 2273/3064/3792 2282/3076/3802
f 2282/3076/3802 2273/3064/3792 2283/3077/3803
f 2250/3037/3767 2284/3078/3804 2253/3038/3768
f 2253/3038/3768 2284/3078/3804 2285/3079/3805
f 2286/3081/3806 2288/3082/3807 2287/3080/3808
f 2287/3080/3808 2288/3082/3807 2289/3083/3809
f 2288/3082/3807 2290/3084/3810 2289/3083/3809
f 2289/3083/3809 2290/3084/3810 2291/3085/3811
f 2253/3038/3768 2285/3079/3805 2260/3047/3777
f 2260/3047/3777 2285/3079/3805 2286/3081/3806
f 2286/3081/3806 2287/3080/3808 2260/3047/3777
f 2260/3047/3777 2287/3080/3808 2261/3048/3778
f 2262/3049/3779 2292/3086/3812 2250/3037/3767
f 2250/3037/3767 2292/3086/3812 2284/3078/3804
f 2285/3079/3805 2284/3078/3804 2293/3087/3813
f 2293/3087/3813 2284/3078/3804 2292/3086/3812
f 2286/3081/3806 2285/3079/3805 2294/3088/3814
f 2294/3088/3814 2285/3079/3805 2293/3087/3813
f 2288/3082/3807 2286/3081/3806 2295/3089/3815
f 2295/3089/3815 2286/3081/3806 2294/3088/3814
f 2296/3090/3816 2290/3084/3810 2295/3089/3815
f 2295/3089/3815 2290/3084/3810 2288/3082/3807
f 2297/3091/3817 2290/3084/3810 2296/3090/3816
f 2291/3085/3811 2290/3084/3810 2298/3092/3818
f 2298/3092/3818 2290/3084/3810 2297/3091/3817
f 2299/3093/3819 2291/3094/3811 2298/3095/3818
f 2289/3097/3820 2291/3094/3811 2300/3096/3821
f 2300/3096/3821 2291/3094/3811 2299/3093/3819
f 2287/3099/3822 2289/3097/3820 2301/3098/3823
f 2301/3098/3823 2289/3097/3820 2300/3096/3821
f 2273/3064/3792 2261/3065/3793 2301/3098/3823
f 2301/3098/3823 2261/3065/3793 2287/3099/3822
f 2293/3087/3813 2302/3100/3824 2294/3088/3814
f 2294/3088/3814 2302/3100/3824 2303/3101/3825
f 2294/3088/3814 2303/3101/3825 2295/3089/3815
f 2295/3089/3815 2303/3101/3825 2304/3102/3826
f 2295/3089/3815 2304/3102/3826 2296/3090/3816
f 2296/3090/3816 2304/3102/3826 2305/3103/3827
f 2296/3090/3816 2305/3103/3827 2297/3091/3817
f 2297/3091/3817 2305/3103/3827 2306/3104/3828
f 2306/3105/3828 2307/3106/3829 2297/3091/3817
f 2297/3091/3817 2307/3106/3829 2298/3092/3818
f 2307/3107/3829 2308/3108/3830 2298/3095/3818
f 2298/3095/3818 2308/3108/3830 2299/3093/3819
f 2308/3108/3830 2309/3109/3831 2299/3093/3819
f 2299/3093/3819 2309/3109/3831 2300/3096/3821
f 2309/3109/3831 2310/3110/3832 2300/3096/3821
f 2300/3096/3821 2310/3110/3832 2301/3098/3823
f 2301/3098/3823 2310/3110/3832 2273/3064/3792
f 2273/3064/3792 2310/3110/3832 2283/3077/3803
s 91
f 2326/3112/3833 2325/3113/3834 2311/3111/3835
f 2311/3111/3835 2325/3113/3834 2312/3114/3836
f 2312/3114/3836 2325/3113/3834 2313/3116/3837
f 2313/3116/3837 2325/3113/3834 2324/3115/3838
f 2324/3115/3838 2329/3117/3839 2313/3116/3837
f 2313/3116/3837 2329/3117/3839 2314/3118/3840
f 2329/3117/3839 2328/3119/3841 2314/3118/3840
f 2314/3118/3840 2328/3119/3841 2315/3120/3842
f 2315/3120/3842 2328/3119/3841 2316/3122/3843
f 2316/3122/3843 2328/3119/3841 2327/3121/3844
f 2317/3123/3845 2323/3124/3846 2318/3125/3847
f 2318/3125/3847 2323/3124/3846 2319/3126/3848
f 2323/3124/3846 2320/3127/3849 2319/3126/3848
f 2320/3127/3849 2323/3124/3846 2321/3128/3850
f 2321/3128/3850 2323/3124/3846 2322/3129/3851
f 2320/3130/3849 2329/3117/3839 2319/3131/3848
f 2319/3131/3848 2329/3117/3839 2324/3115/3838
f 2325/3113/3834 2318/3132/3847 2324/3115/3838
f 2324/3115/3838 2318/3132/3847 2319/3131/3848
f 2326/3112/3833 2317/3133/3845 2325/3113/3834
f 2325/3113/3834 2317/3133/3845 2318/3132/3847
f 2321/3134/3850 2322/3135/3851 2328/3119/3841
f 2328/3119/3841 2322/3135/3851 2327/3121/3844
f 2320/3130/3849 2321/3134/3850 2329/3117/3839
f 2329/3117/3839 2321/3134/3850 2328/3119/3841
f 2331/3136/3852 2330/3137/3853 2312/3114/3836
f 2312/3114/3836 2330/3137/3853 2311/3111/3835
f 2332/3138/3854 2331/3136/3852 2313/3116/3837
f 2313/3116/3837 2331/3136/3852 2312/3114/3836
f 2332/3138/3854 2313/3116/3837 2333/3139/3855
f 2333/3139/3855 2313/3116/3837 2314/3118/3840
f 2315/3120/3842 2334/3140/3856 2314/3118/3840
f 2314/3118/3840 2334/3140/3856 2333/3139/3855
f 2316/3122/3843 2335/3141/3857 2315/3120/3842
f 2315/3120/3842 2335/3141/3857 2334/3140/3856
s 93
f 2336/3142/3858 2337/3143/3859 2339/3145/3860
f 2339/3145/3860 2337/3143/3859 2338/3144/3861
f 2340/3147/3862 2342/3148/3863 2341/3146/3864
f 2341/3146/3864 2342/3148/3863 2343/3149/3865
f 2342/3148/3863 2344/3150/3866 2343/3149/3865
f 2343/3149/3865 2344/3150/3866 2345/3151/3867
f 2339/3145/3860 2338/3144/3861 2346/3152/3868
f 2346/3152/3868 2338/3144/3861 2340/3147/3862
f 2340/3147/3862 2341/3146/3864 2346/3152/3868
f 2346/3152/3868 2341/3146/3864 2347/3153/3869
f 2348/3154/3870 2349/3155/3871 2336/3142/3858
f 2336/3142/3858 2349/3155/3871 2337/3143/3859
f 2338/3144/3861 2337/3143/3859 2350/3156/3872
f 2350/3156/3872 2337/3143/3859 2349/3155/3871
f 2340/3147/3862 2338/3144/3861 2351/3157/3873
f 2351/3157/3873 2338/3144/3861 2350/3156/3872
f 2342/3148/3863 2340/3147/3862 2352/3158/3874
f 2352/3158/3874 2340/3147/3862 2351/3157/3873
f 2353/3159/3875 2344/3150/3866 2352/3158/3874
f 2352/3158/3874 2344/3150/3866 2342/3148/3863
f 2354/3160/3876 2344/3150/3866 2353/3159/3875
f 2345/3151/3867 2344/3150/3866 2355/3161/3877
f 2355/3161/3877 2344/3150/3866 2354/3160/3876
f 2356/3162/3878 2345/3163/3867 2355/3164/3877
f 2343/3166/3879 2345/3163/3867 2357/3165/3880
f 2357/3165/3880 2345/3163/3867 2356/3162/3878
f 2341/3168/3881 2343/3166/3879 2358/3167/3882
f 2358/3167/3882 2343/3166/3879 2357/3165/3880
f 2359/3169/3883 2347/3170/3884 2358/3167/3882
f 2358/3167/3882 2347/3170/3884 2341/3168/3881
f 2350/3156/3872 2274/3171/3885 2351/3157/3873
f 2351/3157/3873 2274/3171/3885 2275/3172/3886
f 2351/3157/3873 2275/3172/3886 2352/3158/3874
f 2352/3158/3874 2275/3172/3886 2276/3173/3887
f 2352/3158/3874 2276/3173/3887 2353/3159/3875
f 2353/3159/3875 2276/3173/3887 2277/3174/3888
f 2353/3159/3875 2277/3174/3888 2354/3160/3876
f 2354/3160/3876 2277/3174/3888 2278/3175/3889
f 2278/3176/3889 2279/3177/3890 2354/3160/3876
f 2354/3160/3876 2279/3177/3890 2355/3161/3877
f 2279/3178/3890 2280/3179/3891 2355/3164/3877
f 2355/3164/3877 2280/3179/3891 2356/3162/3878
f 2280/3179/3891 2281/3180/3892 2356/3162/3878
f 2356/3162/3878 2281/3180/3892 2357/3165/3880
f 2281/3180/3892 2282/3181/3893 2357/3165/3880
f 2357/3165/3880 2282/3181/3893 2358/3167/3882
f 2358/3167/3882 2282/3181/3893 2359/3169/3883
f 2359/3169/3883 2282/3181/3893 2283/3182/3894
f 2336/3142/3858 2339/3145/3860 2360/3184/3895
f 2360/3184/3895 2339/3145/3860 2361/3183/3896
f 2365/3186/3897 2364/3187/3898 2363/3185/3899
f 2363/3185/3899 2364/3187/3898 2362/3188/3900
f 2367/3189/3901 2366/3190/3902 2365/3186/3897
f 2365/3186/3897 2366/3190/3902 2364/3187/3898
f 2339/3145/3860 2346/3152/3868 2361/3183/3896
f 2361/3183/3896 2346/3152/3868 2362/3188/3900
f 2347/3153/3869 2363/3185/3899 2346/3152/3868
f 2346/3152/3868 2363/3185/3899 2362/3188/3900
f 2348/3154/3870 2336/3142/3858 2368/3191/3903
f 2368/3191/3903 2336/3142/3858 2360/3184/3895
f 2368/3191/3903 2360/3184/3895 2369/3192/3904
f 2369/3192/3904 2360/3184/3895 2361/3183/3896
f 2369/3192/3904 2361/3183/3896 2370/3193/3905
f 2370/3193/3905 2361/3183/3896 2362/3188/3900
f 2370/3193/3905 2362/3188/3900 2371/3194/3906
f 2371/3194/3906 2362/3188/3900 2364/3187/3898
f 2372/3195/3907 2371/3194/3906 2366/3190/3902
f 2366/3190/3902 2371/3194/3906 2364/3187/3898
f 2373/3196/3908 2372/3195/3907 2366/3190/3902
f 2373/3196/3908 2366/3190/3902 2374/3197/3909
f 2374/3197/3909 2366/3190/3902 2367/3189/3901
f 2375/3198/3910 2374/3199/3909 2367/3200/3901
f 2375/3198/3910 2367/3200/3901 2376/3201/3911
f 2376/3201/3911 2367/3200/3901 2365/3202/3912
f 2376/3201/3911 2365/3202/3912 2377/3203/3913
f 2377/3203/3913 2365/3202/3912 2363/3204/3914
f 2359/3169/3883 2377/3203/3913 2347/3170/3884
f 2347/3170/3884 2377/3203/3913 2363/3204/3914
f 2369/3192/3904 2370/3193/3905 2302/3206/3915
f 2302/3206/3915 2370/3193/3905 2303/3205/3916
f 2370/3193/3905 2371/3194/3906 2303/3205/3916
f 2303/3205/3916 2371/3194/3906 2304/3207/3917
f 2371/3194/3906 2372/3195/3907 2304/3207/3917
f 2304/3207/3917 2372/3195/3907 2305/3208/3918
f 2372/3195/3907 2373/3196/3908 2305/3208/3918
f 2305/3208/3918 2373/3196/3908 2306/3209/3919
f 2374/3197/3909 2307/3210/3920 2373/3196/3908
f 2373/3196/3908 2307/3210/3920 2306/3211/3919
f 2375/3198/3910 2308/3212/3921 2374/3199/3909
f 2374/3199/3909 2308/3212/3921 2307/3213/3920
f 2376/3201/3911 2309/3214/3922 2375/3198/3910
f 2375/3198/3910 2309/3214/3922 2308/3212/3921
f 2377/3203/3913 2310/3215/3923 2376/3201/3911
f 2376/3201/3911 2310/3215/3923 2309/3214/3922
f 2377/3203/3913 2359/3169/3883 2310/3215/3923
f 2310/3215/3923 2359/3169/3883 2283/3182/3894
s 100
f 2378/3217/3924 2387/3218/3925 2311/3216/3926
f 2311/3216/3926 2387/3218/3925 2326/3219/3927
f 2378/3217/3924 2379/3220/3928 2387/3218/3925
f 2387/3218/3925 2379/3220/3928 2386/3221/3929
f 2386/3221/3929 2379/3220/3928 2389/3223/3930
f 2389/3223/3930 2379/3220/3928 2380/3222/3931
f 2381/3224/3932 2388/3225/3933 2380/3222/3931
f 2380/3222/3931 2388/3225/3933 2389/3223/3930
f 2381/3224/3932 2316/3226/3934 2388/3225/3933
f 2388/3225/3933 2316/3226/3934 2327/3227/3935
f 2317/3228/3936 2382/3229/3937 2323/3230/3938
f 2382/3229/3937 2383/3231/3939 2323/3230/3938
f 2323/3230/3938 2383/3231/3939 2384/3232/3940
f 2384/3232/3940 2385/3233/3941 2323/3230/3938
f 2385/3233/3941 2322/3234/3942 2323/3230/3938
f 2384/3235/3940 2383/3236/3939 2389/3223/3930
f 2389/3223/3930 2383/3236/3939 2386/3221/3929
f 2387/3218/3925 2386/3221/3929 2382/3237/3937
f 2382/3237/3937 2386/3221/3929 2383/3236/3939
f 2326/3219/3927 2387/3218/3925 2317/3238/3936
f 2317/3238/3936 2387/3218/3925 2382/3237/3937
f 2327/3227/3935 2322/3239/3942 2388/3225/3933
f 2388/3225/3933 2322/3239/3942 2385/3240/3941
f 2388/3225/3933 2385/3240/3941 2389/3223/3930
f 2389/3223/3930 2385/3240/3941 2384/3235/3940
f 2311/3216/3926 2330/3241/3943 2378/3217/3924
f 2378/3217/3924 2330/3241/3943 2390/3242/3944
f 2378/3217/3924 2390/3242/3944 2379/3220/3928
f 2379/3220/3928 2390/3242/3944 2391/3243/3945
f 2391/3243/3945 2392/3244/3946 2379/3220/3928
f 2379/3220/3928 2392/3244/3946 2380/3222/3931
f 2381/3224/3932 2380/3222/3931 2393/3245/3947
f 2393/3245/3947 2380/3222/3931 2392/3244/3946
f 2316/3226/3934 2381/3224/3932 2335/3246/3948
f 2335/3246/3948 2381/3224/3932 2393/3245/3947
s 103
f 2394/3247/3949 2395/3248/3950 2449/3250/3951
f 2449/3250/3951 2395/3248/3950 2448/3249/3952
f 2395/3248/3950 2396/3251/3953 2448/3249/3952
f 2448/3249/3952 2396/3251/3953 2447/3252/3954
f 2396/3251/3953 2397/3253/3955 2447/3252/3954
f 2447/3252/3954 2397/3253/3955 2446/3254/3956
f 2398/3255/3957 2445/3256/3958 2397/3253/3955
f 2397/3253/3955 2445/3256/3958 2446/3254/3956
f 2399/3257/3959 2444/3258/3960 2398/3255/3957
f 2398/3255/3957 2444/3258/3960 2445/3256/3958
f 2400/3259/3961 2443/3260/3962 2399/3257/3959
f 2399/3257/3959 2443/3260/3962 2444/3258/3960
f 2408/3262/3963 2426/3263/3964 2409/3261/3965
f 2409/3261/3965 2426/3263/3964 2427/3264/3966
f 2409/3261/3965 2427/3264/3966 2410/3265/3967
f 2410/3265/3967 2427/3264/3966 2428/3266/3968
f 2410/3265/3967 2428/3266/3968 2411/3267/3969
f 2411/3267/3969 2428/3266/3968 2422/3268/3970
f 2412/3269/3971 2411/3267/3969 2423/3270/3972
f 2423/3270/3972 2411/3267/3969 2422/3268/3970
f 2413/3271/3973 2412/3269/3971 2424/3272/3974
f 2424/3272/3974 2412/3269/3971 2423/3270/3972
f 2414/3273/3975 2413/3271/3973 2425/3274/3976
f 2425/3274/3976 2413/3271/3973 2424/3272/3974
f 2422/3268/3970 2404/3275/3977 2423/3270/3972
f 2423/3270/3972 2404/3275/3977 2403/3276/3978
f 2423/3270/3972 2403/3276/3978 2424/3272/3974
f 2424/3272/3974 2403/3276/3978 2402/3277/3979
f 2424/3272/3974 2402/3277/3979 2425/3274/3976
f 2425/3274/3976 2402/3277/3979 2401/3278/3980
f 2427/3264/3966 2426/3263/3964 2406/3280/3981
f 2406/3280/3981 2426/3263/3964 2407/3279/3982
f 2428/3266/3968 2427/3264/3966 2405/3281/3983
f 2405/3281/3983 2427/3264/3966 2406/3280/3981
f 2422/3268/3970 2428/3266/3968 2404/3275/3977
f 2404/3275/3977 2428/3266/3968 2405/3281/3983
f 2429/3282/3984 2430/3283/3985 2442/3285/3986
f 2442/3285/3986 2430/3283/3985 2441/3284/3987
f 2430/3283/3985 2429/3282/3984 2431/3287/3988
f 2431/3287/3988 2429/3282/3984 2432/3286/3989
f 2431/3287/3988 2432/3286/3989 2433/3289/3990
f 2433/3289/3990 2432/3286/3989 2434/3288/3991
f 2433/3289/3990 2434/3288/3991 2435/3291/3992
f 2435/3291/3992 2434/3288/3991 2436/3290/3993
f 2435/3291/3992 2436/3290/3993 2437/3293/3994
f 2437/3293/3994 2436/3290/3993 2438/3292/3995
f 2439/3294/3996 2440/3295/3997 2441/3284/3987
f 2441/3284/3987 2440/3295/3997 2442/3285/3986
f 2415/3297/3998 2439/3294/3996 2416/3296/3999
f 2416/3296/3999 2439/3294/3996 2441/3284/3987
f 2416/3296/3999 2441/3284/3987 2417/3298/4000
f 2417/3298/4000 2441/3284/3987 2430/3283/3985
f 2417/3298/4000 2430/3283/3985 2418/3299/4001
f 2418/3299/4001 2430/3283/3985 2431/3287/3988
f 2419/3300/4002 2418/3299/4001 2433/3289/3990
f 2433/3289/3990 2418/3299/4001 2431/3287/3988
f 2420/3301/4003 2419/3300/4002 2435/3291/3992
f 2435/3291/3992 2419/3300/4002 2433/3289/3990
f 2421/3302/4004 2420/3301/4003 2437/3293/3994
f 2437/3293/3994 2420/3301/4003 2435/3291/3992
f 2432/3286/3989 2429/3282/3984 2411/3267/3969
f 2411/3267/3969 2429/3282/3984 2410/3265/3967
f 2432/3286/3989 2411/3267/3969 2434/3288/3991
f 2434/3288/3991 2411/3267/3969 2412/3269/3971
f 2434/3288/3991 2412/3269/3971 2436/3290/3993
f 2436/3290/3993 2412/3269/3971 2413/3271/3973
f 2436/3290/3993 2413/3271/3973 2438/3292/3995
f 2438/3292/3995 2413/3271/3973 2414/3273/3975
f 2442/3285/3986 2440/3295/3997 2409/3261/3965
f 2409/3261/3965 2440/3295/3997 2408/3262/3963
f 2429/3282/3984 2442/3285/3986 2410/3265/3967
f 2410/3265/3967 2442/3285/3986 2409/3261/3965
f 2444/3258/3960 2443/3260/3962 2416/3296/3999
f 2416/3296/3999 2443/3260/3962 2415/3297/3998
f 2445/3256/3958 2444/3258/3960 2417/3298/4000
f 2417/3298/4000 2444/3258/3960 2416/3296/3999
f 2446/3254/3956 2445/3256/3958 2418/3299/4001
f 2418/3299/4001 2445/3256/3958 2417/3298/4000
f 2446/3254/3956 2418/3299/4001 2447/3252/3954
f 2447/3252/3954 2418/3299/4001 2419/3300/4002
f 2447/3252/3954 2419/3300/4002 2448/3249/3952
f 2448/3249/3952 2419/3300/4002 2420/3301/4003
f 2448/3249/3952 2420/3301/4003 2449/3250/3951
f 2449/3250/3951 2420/3301/4003 2421/3302/4004
s 114
f 2394/3303/4005 2449/3304/4006 2450/3306/4007
f 2450/3306/4007 2449/3304/4006 2489/3305/4008
f 2450/3306/4007 2489/3305/4008 2451/3308/4009
f 2451/3308/4009 2489/3305/4008 2488/3307/4010
f 2451/3308/4009 2488/3307/4010 2452/3310/4011
f 2452/3310/4011 2488/3307/4010 2487/3309/4012
f 2487/3309/4012 2486/3311/4013 2452/3310/4011
f 2452/3310/4011 2486/3311/4013 2453/3312/4014
f 2486/3311/4013 2485/3313/4015 2453/3312/4014
f 2453/3312/4014 2485/3313/4015 2454/3314/4016
f 2485/3313/4015 2443/3315/4017 2454/3314/4016
f 2454/3314/4016 2443/3315/4017 2400/3316/4018
f 2473/3318/4019 2426/3319/4020 2460/3317/4021
f 2460/3317/4021 2426/3319/4020 2408/3320/4022
f 2474/3322/4023 2473/3318/4019 2461/3321/4024
f 2461/3321/4024 2473/3318/4019 2460/3317/4021
f 2470/3324/4025 2474/3322/4023 2462/3323/4026
f 2462/3323/4026 2474/3322/4023 2461/3321/4024
f 2463/3325/4027 2471/3326/4028 2462/3323/4026
f 2462/3323/4026 2471/3326/4028 2470/3324/4025
f 2464/3327/4029 2472/3328/4030 2463/3325/4027
f 2463/3325/4027 2472/3328/4030 2471/3326/4028
f 2414/3329/4031 2425/3330/4032 2464/3327/4029
f 2464/3327/4029 2425/3330/4032 2472/3328/4030
f 2456/3331/4033 2457/3332/4034 2471/3326/4028
f 2471/3326/4028 2457/3332/4034 2470/3324/4025
f 2455/3333/4035 2456/3331/4033 2472/3328/4030
f 2472/3328/4030 2456/3331/4033 2471/3326/4028
f 2401/3334/4036 2455/3333/4035 2425/3330/4032
f 2425/3330/4032 2455/3333/4035 2472/3328/4030
f 2473/3318/4019 2459/3335/4037 2426/3319/4020
f 2426/3319/4020 2459/3335/4037 2407/3336/4038
f 2474/3322/4023 2458/3337/4039 2473/3318/4019
f 2473/3318/4019 2458/3337/4039 2459/3335/4037
f 2470/3324/4025 2457/3332/4034 2474/3322/4023
f 2474/3322/4023 2457/3332/4034 2458/3337/4039
f 2475/3338/4040 2484/3339/4041 2476/3341/4042
f 2476/3341/4042 2484/3339/4041 2483/3340/4043
f 2476/3341/4042 2477/3342/4044 2475/3338/4040
f 2475/3338/4040 2477/3342/4044 2478/3343/4045
f 2477/3342/4044 2479/3344/4046 2478/3343/4045
f 2478/3343/4045 2479/3344/4046 2480/3345/4047
f 2479/3344/4046 2481/3346/4048 2480/3345/4047
f 2480/3345/4047 2481/3346/4048 2482/3347/4049
f 2481/3346/4048 2437/3348/4050 2482/3347/4049
f 2482/3347/4049 2437/3348/4050 2438/3349/4051
f 2439/3350/4052 2483/3340/4043 2440/3351/4053
f 2440/3351/4053 2483/3340/4043 2484/3339/4041
f 2483/3340/4043 2439/3350/4052 2465/3352/4054
f 2465/3352/4054 2439/3350/4052 2415/3353/4055
f 2476/3341/4042 2483/3340/4043 2466/3354/4056
f 2466/3354/4056 2483/3340/4043 2465/3352/4054
f 2477/3342/4044 2476/3341/4042 2467/3355/4057
f 2467/3355/4057 2476/3341/4042 2466/3354/4056
f 2468/3356/4058 2479/3344/4046 2467/3355/4057
f 2467/3355/4057 2479/3344/4046 2477/3342/4044
f 2469/3357/4059 2481/3346/4048 2468/3356/4058
f 2468/3356/4058 2481/3346/4048 2479/3344/4046
f 2421/3358/4060 2437/3348/4050 2469/3357/4059
f 2469/3357/4059 2437/3348/4050 2481/3346/4048
f 2478/3343/4045 2462/3323/4026 2475/3338/4040
f 2475/3338/4040 2462/3323/4026 2461/3321/4024
f 2463/3325/4027 2462/3323/4026 2480/3345/4047
f 2480/3345/4047 2462/3323/4026 2478/3343/4045
f 2464/3327/4029 2463/3325/4027 2482/3347/4049
f 2482/3347/4049 2463/3325/4027 2480/3345/4047
f 2414/3329/4031 2464/3327/4029 2438/3349/4051
f 2438/3349/4051 2464/3327/4029 2482/3347/4049
f 2484/3339/4041 2460/3317/4021 2440/3351/4053
f 2440/3351/4053 2460/3317/4021 2408/3320/4022
f 2475/3338/4040 2461/3321/4024 2484/3339/4041
f 2484/3339/4041 2461/3321/4024 2460/3317/4021
f 2485/3313/4015 2465/3352/4054 2443/3315/4017
f 2443/3315/4017 2465/3352/4054 2415/3353/4055
f 2486/3311/4013 2466/3354/4056 2485/3313/4015
f 2485/3313/4015 2466/3354/4056 2465/3352/4054
f 2487/3309/4012 2467/3355/4057 2486/3311/4013
f 2486/3311/4013 2467/3355/4057 2466/3354/4056
f 2468/3356/4058 2467/3355/4057 2488/3307/4010
f 2488/3307/4010 2467/3355/4057 2487/3309/4012
f 2469/3357/4059 2468/3356/4058 2489/3305/4008
f 2489/3305/4008 2468/3356/4058 2488/3307/4010
f 2421/3358/4060 2469/3357/4059 2449/3304/4006
f 2449/3304/4006 2469/3357/4059 2489/3305/4008
s 122
f 2517/3360/4061 2516/3361/4062 2514/3359/4063
f 2514/3359/4063 2516/3361/4062 2515/3362/4064
f 2516/3361/4062 2519/3363/4065 2515/3362/4064
f 2515/3362/4064 2519/3363/4065 2518/3364/4066
f 2518/3364/4066 2519/3363/4065 2520/3366/4067
f 2520/3366/4067 2519/3363/4065 2521/3365/4068
f 2520/3366/4067 2521/3365/4068 2522/3368/4069
f 2522/3368/4069 2521/3365/4068 2523/3367/4070
f 2522/3368/4069 2523/3367/4070 2524/3370/4071
f 2524/3370/4071 2523/3367/4070 2525/3369/4072
f 2525/3369/4072 2527/3371/4073 2524/3370/4071
f 2524/3370/4071 2527/3371/4073 2526/3372/4074
f 2527/3371/4073 2529/3373/4075 2526/3372/4074
f 2526/3372/4074 2529/3373/4075 2528/3374/4076
f 2529/3373/4075 2531/3375/4077 2528/3374/4076
f 2528/3374/4076 2531/3375/4077 2530/3376/4078
f 2530/3376/4078 2531/3375/4077 2532/3378/4079
f 2532/3378/4079 2531/3375/4077 2533/3377/4080
f 2532/3378/4079 2533/3377/4080 2534/3380/4081
f 2534/3380/4081 2533/3377/4080 2535/3379/4082
f 2534/3380/4081 2535/3379/4082 2536/3382/4083
f 2536/3382/4083 2535/3379/4082 2537/3381/4084
f 2537/3381/4084 2517/3360/4061 2536/3382/4083
f 2536/3382/4083 2517/3360/4061 2514/3359/4063
s 123
f 2490/3383/4085 2491/3384/4086 2502/3386/4087
f 2502/3386/4087 2491/3384/4086 2503/3385/4088
f 2491/3384/4086 2492/3387/4089 2503/3385/4088
f 2503/3385/4088 2492/3387/4089 2504/3388/4090
f 2493/3389/4091 2505/3390/4092 2492/3387/4089
f 2492/3387/4089 2505/3390/4092 2504/3388/4090
f 2494/3391/4093 2506/3392/4094 2493/3389/4091
f 2493/3389/4091 2506/3392/4094 2505/3390/4092
f 2495/3393/4095 2507/3394/4096 2494/3391/4093
f 2494/3391/4093 2507/3394/4096 2506/3392/4094
f 2495/3393/4095 2496/3395/4097 2507/3394/4096
f 2507/3394/4096 2496/3395/4097 2508/3396/4098
f 2496/3395/4097 2497/3397/4099 2508/3396/4098
f 2508/3396/4098 2497/3397/4099 2509/3398/4100
f 2497/3397/4099 2498/3399/4101 2509/3398/4100
f 2509/3398/4100 2498/3399/4101 2510/3400/4102
f 2499/3401/4103 2511/3402/4104 2498/3399/4101
f 2498/3399/4101 2511/3402/4104 2510/3400/4102
f 2500/3403/4105 2512/3404/4106 2499/3401/4103
f 2499/3401/4103 2512/3404/4106 2511/3402/4104
f 2501/3405/4107 2513/3406/4108 2500/3403/4105
f 2500/3403/4105 2513/3406/4108 2512/3404/4106
f 2501/3405/4107 2490/3383/4085 2513/3406/4108
f 2513/3406/4108 2490/3383/4085 2502/3386/4087
s 130
f 2516/3361/4109 2517/3360/4110 2503/3385/4111
f 2503/3385/4111 2517/3360/4110 2502/3386/4112
f 2519/3363/4113 2516/3361/4109 2504/3388/4114
f 2504/3388/4114 2516/3361/4109 2503/3385/4111
f 2505/3390/4115 2521/3365/4116 2504/3388/4114
f 2504/3388/4114 2521/3365/4116 2519/3363/4113
f 2506/3392/4117 2523/3367/4118 2505/3390/4115
f 2505/3390/4115 2523/3367/4118 2521/3365/4116
f 2507/3394/4119 2525/3369/4120 2506/3392/4117
f 2506/3392/4117 2525/3369/4120 2523/3367/4118
f 2527/3371/4121 2525/3369/4120 2508/3396/4122
f 2508/3396/4122 2525/3369/4120 2507/3394/4119
f 2529/3373/4123 2527/3371/4121 2509/3398/4124
f 2509/3398/4124 2527/3371/4121 2508/3396/4122
f 2531/3375/4125 2529/3373/4123 2510/3400/4126
f 2510/3400/4126 2529/3373/4123 2509/3398/4124
f 2511/3402/4127 2533/3377/4128 2510/3400/4126
f 2510/3400/4126 2533/3377/4128 2531/3375/4125
f 2512/3404/4129 2535/3379/4130 2511/3402/4127
f 2511/3402/4127 2535/3379/4130 2533/3377/4128
f 2513/3406/4131 2537/3381/4132 2512/3404/4129
f 2512/3404/4129 2537/3381/4132 2535/3379/4130
f 2517/3360/4110 2537/3381/4132 2502/3386/4112
f 2502/3386/4112 2537/3381/4132 2513/3406/4131
s 137
f 2565/3408/4133 2564/3409/4134 2562/3407/4135
f 2562/3407/4135 2564/3409/4134 2563/3410/4136
f 2564/3409/4134 2567/3411/4137 2563/3410/4136
f 2563/3410/4136 2567/3411/4137 2566/3412/4138
f 2566/3412/4138 2567/3411/4137 2568/3414/4139
f 2568/3414/4139 2567/3411/4137 2569/3413/4140
f 2568/3414/4139 2569/3413/4140 2570/3416/4141
f 2570/3416/4141 2569/3413/4140 2571/3415/4142
f 2570/3416/4141 2571/3415/4142 2572/3418/4143
f 2572/3418/4143 2571/3415/4142 2573/3417/4144
f 2573/3417/4144 2575/3419/4145 2572/3418/4143
f 2572/3418/4143 2575/3419/4145 2574/3420/4146
f 2575/3419/4145 2577/3421/4147 2574/3420/4146
f 2574/3420/4146 2577/3421/4147 2576/3422/4148
f 2577/3421/4147 2579/3423/4149 2576/3422/4148
f 2576/3422/4148 2579/3423/4149 2578/3424/4150
f 2578/3424/4150 2579/3423/4149 2580/3426/4151
f 2580/3426/4151 2579/3423/4149 2581/3425/4152
f 2580/3426/4151 2581/3425/4152 2582/3428/4153
f 2582/3428/4153 2581/3425/4152 2583/3427/4154
f 2582/3428/4153 2583/3427/4154 2584/3430/4155
f 2584/3430/4155 2583/3427/4154 2585/3429/4156
f 2585/3429/4156 2565/3408/4133 2584/3430/4155
f 2584/3430/4155 2565/3408/4133 2562/3407/4135
s 138
f 2538/3431/4157 2539/3432/4158 2550/3434/4159
f 2550/3434/4159 2539/3432/4158 2551/3433/4160
f 2539/3432/4158 2540/3435/4161 2551/3433/4160
f 2551/3433/4160 2540/3435/4161 2552/3436/4162
f 2541/3437/4163 2553/3438/4164 2540/3435/4161
f 2540/3435/4161 2553/3438/4164 2552/3436/4162
f 2542/3439/4165 2554/3440/4166 2541/3437/4163
f 2541/3437/4163 2554/3440/4166 2553/3438/4164
f 2543/3441/4167 2555/3442/4168 2542/3439/4165
f 2542/3439/4165 2555/3442/4168 2554/3440/4166
f 2543/3441/4167 2544/3443/4169 2555/3442/4168
f 2555/3442/4168 2544/3443/4169 2556/3444/4170
f 2544/3443/4169 2545/3445/4171 2556/3444/4170
f 2556/3444/4170 2545/3445/4171 2557/3446/4172
f 2545/3445/4171 2546/3447/4173 2557/3446/4172
f 2557/3446/4172 2546/3447/4173 2558/3448/4174
f 2547/3449/4175 2559/3450/4176 2546/3447/4173
f 2546/3447/4173 2559/3450/4176 2558/3448/4174
f 2548/3451/4177 2560/3452/4178 2547/3449/4175
f 2547/3449/4175 2560/3452/4178 2559/3450/4176
f 2549/3453/4179 2561/3454/4180 2548/3451/4177
f 2548/3451/4177 2561/3454/4180 2560/3452/4178
f 2549/3453/4179 2538/3431/4157 2561/3454/4180
f 2561/3454/4180 2538/3431/4157 2550/3434/4159
s 145
f 2564/3409/4181 2565/3408/4182 2551/3433/4183
f 2551/3433/4183 2565/3408/4182 2550/3434/4184
f 2567/3411/4185 2564/3409/4181 2552/3436/4186
f 2552/3436/4186 2564/3409/4181 2551/3433/4183
f 2553/3438/4187 2569/3413/4188 2552/3436/4186
f 2552/3436/4186 2569/3413/4188 2567/3411/4185
f 2554/3440/4189 2571/3415/4190 2553/3438/4187
f 2553/3438/4187 2571/3415/4190 2569/3413/4188
f 2555/3442/4191 2573/3417/4192 2554/3440/4189
f 2554/3440/4189 2573/3417/4192 2571/3415/4190
f 2575/3419/4193 2573/3417/4192 2556/3444/4194
f 2556/3444/4194 2573/3417/4192 2555/3442/4191
f 2577/3421/4195 2575/3419/4193 2557/3446/4196
f 2557/3446/4196 2575/3419/4193 2556/3444/4194
f 2579/3423/4197 2577/3421/4195 2558/3448/4198
f 2558/3448/4198 2577/3421/4195 2557/3446/4196
f 2559/3450/4199 2581/3425/4200 2558/3448/4198
f 2558/3448/4198 2581/3425/4200 2579/3423/4197
f 2560/3452/4201 2583/3427/4202 2559/3450/4199
f 2559/3450/4199 2583/3427/4202 2581/3425/4200
f 2561/3454/4203 2585/3429/4204 2560/3452/4201
f 2560/3452/4201 2585/3429/4204 2583/3427/4202
f 2565/3408/4182 2585/3429/4204 2550/3434/4184
f 2550/3434/4184 2585/3429/4204 2561/3454/4203
g default
v -91.463745 -5.865021 -1.912515
v -91.659233 -3.457108 -4.904379
v -92.656166 8.823364 -4.904379
v -92.851654 11.231291 -1.912515
v -101.937271 -6.475563 -1.912515
v -102.131966 -4.077187 -4.904379
v -103.124969 8.154646 -4.904379
v -103.319702 10.553036 -1.912515
v -103.386429 11.586269 -2.277748
v -92.918396 12.264521 -2.277748
v -103.154091 8.606987 -5.851724
v -92.685287 9.275703 -5.851724
v -102.105392 -4.529705 -5.851699
v -91.632652 -3.909626 -5.851699
v -91.403282 -6.898666 -2.277723
v -101.876808 -7.509205 -2.277723
v -103.319702 10.553036 -0.000000
v -103.386429 11.586271 -0.000000
v -92.918396 12.264523 -0.000000
v -92.851654 11.231291 -0.000000
v -91.463745 -5.865021 -0.000000
v -91.403282 -6.898666 -0.000000
v -101.876808 -7.509205 -0.000000
v -101.937271 -6.475563 -0.000000
v -91.463745 -5.865021 1.912515
v -91.659233 -3.457108 4.904379
v -92.656166 8.823364 4.904379
v -92.851654 11.231291 1.912515
v -101.937271 -6.475563 1.912515
v -102.131966 -4.077187 4.904379
v -103.124969 8.154646 4.904379
v -103.319702 10.553036 1.912515
v -103.386429 11.586269 2.277748
v -92.918396 12.264521 2.277748
v -103.154091 8.606987 5.851724
v -92.685287 9.275703 5.851724
v -102.105392 -4.529705 5.851699
v -91.632652 -3.909626 5.851699
v -91.403282 -6.898666 2.277723
v -101.876808 -7.509205 2.277723
v -138.685608 8.261576 -1.912515
v -138.493515 5.895403 -4.904379
v -137.513855 -6.172112 -4.904379
v -137.321762 -8.538273 -1.912515
v -149.515930 -9.699053 -1.912515
v -149.721954 -7.332268 -4.904379
v -150.772583 4.738445 -4.904379
v -150.978607 7.105244 -1.912515
v -151.072006 8.097689 -2.260038
v -138.778946 9.254025 -2.260038
v -150.813644 5.174353 -5.810895
v -138.534546 6.331316 -5.810895
v -149.680511 -7.768137 -5.810893
v -137.472366 -6.607983 -5.810893
v -137.227310 -9.530621 -2.260036
v -149.421494 -10.691404 -2.260036
v -138.685608 8.261576 -0.000000
v -138.778946 9.254025 -0.000000
v -151.072006 8.097689 -0.000000
v -150.978607 7.105244 -0.000000
v -149.515930 -9.699053 -0.000000
v -149.421494 -10.691404 -0.000000
v -137.227310 -9.530621 -0.000000
v -137.321762 -8.538273 -0.000000
v -138.685608 8.261576 1.912515
v -138.493515 5.895403 4.904379
v -137.513855 -6.172112 4.904379
v -137.321762 -8.538273 1.912515
v -149.515930 -9.699053 1.912515
v -149.721954 -7.332268 4.904379
v -150.772583 4.738445 4.904379
v -150.978607 7.105244 1.912515
v -151.072006 8.097689 2.260038
v -138.778946 9.254025 2.260038
v -150.813644 5.174353 5.810895
v -138.534546 6.331316 5.810895
v -149.680511 -7.768137 5.810893
v -137.472366 -6.607983 5.810893
v -137.227310 -9.530621 2.260036
v -149.421494 -10.691404 2.260036
v -217.399200 0.857439 1.912515
v -217.117981 -1.512739 4.904379
v -215.683762 -13.600721 4.904379
v -215.402557 -15.970894 1.912515
v -230.174225 -1.071759 1.912515
v -229.858246 -3.417196 4.904379
v -228.246780 -15.379019 4.904379
v -227.930801 -17.724464 1.912515
v -230.322250 -0.089318 2.259033
v -217.547302 1.839871 2.259033
v -229.923126 -2.985708 5.808089
v -217.182846 -1.081251 5.808089
v -228.185928 -15.811069 5.808125
v -215.622940 -14.032764 5.808125
v -215.264496 -16.954742 2.259069
v -227.792755 -18.708317 2.259069
v -217.399231 0.857438 -0.000000
v -217.547302 1.839871 -0.000000
v -230.322281 -0.089321 -0.000000
v -230.174225 -1.071759 -0.000000
v -215.402542 -15.970890 -0.000000
v -215.264481 -16.954742 -0.000000
v -227.792725 -18.708313 -0.000000
v -227.930786 -17.724466 -0.000000
v -217.399200 0.857439 -1.912515
v -217.117981 -1.512739 -4.904379
v -215.683762 -13.600721 -4.904379
v -215.402557 -15.970894 -1.912515
v -230.174225 -1.071759 -1.912515
v -229.858246 -3.417196 -4.904379
v -228.246780 -15.379019 -4.904379
v -227.930801 -17.724464 -1.912515
v -230.322250 -0.089318 -2.259033
v -217.547302 1.839871 -2.259033
v -229.923126 -2.985708 -5.808089
v -217.182846 -1.081251 -5.808089
v -228.185928 -15.811069 -5.808125
v -215.622940 -14.032764 -5.808125
v -215.264496 -16.954742 -2.259069
v -227.792755 -18.708317 -2.259069
v -315.047058 -29.155739 -6.021531
v -316.923981 -17.865711 -6.021532
v -314.438568 -32.816231 -2.348155
v -317.532593 -14.205217 -2.348155
v -290.052826 -9.320897 -2.348198
v -289.432587 -13.068048 -6.021576
v -287.536835 -24.556381 -6.021575
v -286.924164 -28.258224 -2.348199
v -320.712311 -18.495520 -2.348166
v -318.835358 -29.785551 -2.348174
v -283.228607 -20.548595 -6.021559
v -284.067078 -15.467553 -6.021559
v -290.052826 -9.320902 0.000000
v -317.532593 -14.205217 0.000000
v -320.712311 -18.495520 0.000000
v -318.835358 -29.785551 0.000000
v -314.438568 -32.816231 0.000000
v -286.924164 -28.258224 0.000000
v -289.432587 -13.068053 0.000000
v -284.067047 -15.467563 0.000000
v -287.536835 -24.556377 0.000000
v -283.228607 -20.548599 0.000000
v -315.047058 -29.155739 6.021532
v -316.923981 -17.865711 6.021532
v -314.438568 -32.816231 2.348155
v -317.532593 -14.205217 2.348155
v -290.052826 -9.320897 2.348199
v -289.432587 -13.068048 6.021577
v -287.536835 -24.556381 6.021576
v -286.924164 -28.258224 2.348199
v -320.712311 -18.495520 2.348167
v -318.835358 -29.785551 2.348174
v -283.228607 -20.548595 6.021560
v -284.067078 -15.467553 6.021560
v -141.064774 8.941198 1.263708
v -142.748001 11.974764 1.263716
v -142.540146 8.821424 1.263711
v -142.626892 9.890055 1.263714
v -141.202515 10.638117 1.263711
v -143.403931 10.459402 1.263716
v -141.064774 8.941198 -1.263714
v -142.748001 11.974764 -1.263722
v -142.540146 8.821424 -1.263717
v -142.626892 9.890055 -1.263720
v -141.202515 10.638117 -1.263717
v -143.403931 10.459402 -1.263721
v -148.957230 8.300468 -1.263714
v -147.785339 11.565823 -1.263722
v -147.481857 8.420244 -1.263717
v -147.568604 9.488878 -1.263720
v -149.094971 9.997389 -1.263717
v -146.893570 10.176104 -1.263721
v -148.957230 8.300468 1.263708
v -147.785339 11.565823 1.263716
v -147.481857 8.420244 1.263711
v -147.568604 9.488878 1.263714
v -149.094971 9.997389 1.263711
v -146.893570 10.176104 1.263716
v -94.033432 12.174004 1.263708
v -95.716644 15.207567 1.263716
v -95.508797 12.054228 1.263711
v -95.595535 13.122858 1.263714
v -94.171173 13.870920 1.263711
v -96.372589 13.692205 1.263716
v -94.033432 12.174004 -1.263714
v -95.716644 15.207567 -1.263722
v -95.508797 12.054228 -1.263717
v -95.595535 13.122858 -1.263720
v -94.171173 13.870920 -1.263717
v -96.372589 13.692205 -1.263721
v -101.925880 11.533274 -1.263714
v -100.753990 14.798626 -1.263722
v -100.450508 11.653049 -1.263717
v -100.537262 12.721682 -1.263720
v -102.063629 13.230192 -1.263717
v -99.862236 13.408909 -1.263721
v -101.925880 11.533274 1.263708
v -100.753990 14.798626 1.263716
v -100.450508 11.653049 1.263711
v -100.537262 12.721682 1.263714
v -102.063629 13.230192 1.263711
v -99.862236 13.408909 1.263716
v -288.341278 -24.827871 -4.904379
v -290.257874 -13.299520 -4.904379
v -35.042622 11.984753 4.904379
v -34.667618 -1.102661 4.904379
v -34.667614 -1.102665 -4.904379
v -35.042625 11.984749 -4.904379
v -287.965485 -27.088322 -1.912515
v -34.594070 -3.668812 1.912516
v -34.594070 -3.668812 -1.912515
v -290.633667 -11.039058 -1.912515
v -35.116131 14.550900 -1.912515
v -35.116131 14.550900 1.912515
v -253.566727 -4.604319 -1.912515
v -253.187073 -6.904470 -4.904379
v -251.250946 -18.635283 -4.904379
v -250.871323 -20.935431 -1.912515
v -91.463799 -5.865025 -1.912515
v -91.659248 -3.457111 -4.904379
v -92.656219 8.823360 -4.904379
v -92.851692 11.231287 -1.912515
v -138.685608 8.261572 -1.912515
v -138.493515 5.895401 -4.904379
v -137.513855 -6.172112 -4.904379
v -137.321777 -8.538273 -1.912515
v -217.399231 0.857436 -1.912515
v -217.118011 -1.512741 -4.904379
v -215.683762 -13.600716 -4.904379
v -215.402573 -15.970894 -1.912515
v -287.965485 -27.088322 -0.000000
v -250.871323 -20.935431 -0.000000
v -215.402573 -15.970894 -0.000000
v -137.321777 -8.538273 -0.000000
v -91.463799 -5.865025 -0.000000
v -34.594070 -3.668812 -0.000000
v -34.667618 -1.102661 0.000000
v -35.042622 11.984753 -0.000001
v -35.116131 14.550900 -0.000000
v -92.851692 11.231287 -0.000000
v -138.685608 8.261572 -0.000000
v -217.399231 0.857436 -0.000000
v -253.566727 -4.604319 -0.000000
v -290.633667 -11.039058 -0.000000
v -288.341278 -24.827871 4.904379
v -290.257874 -13.299520 4.904379
v -287.965485 -27.088322 1.912515
v -290.633667 -11.039058 1.912515
v -253.566727 -4.604319 1.912515
v -253.187073 -6.904470 4.904379
v -251.250946 -18.635283 4.904379
v -250.871323 -20.935431 1.912515
v -91.463799 -5.865025 1.912515
v -91.659248 -3.457111 4.904379
v -92.656219 8.823360 4.904379
v -92.851692 11.231287 1.912515
v -138.685608 8.261572 1.912515
v -138.493515 5.895401 4.904379
v -137.513855 -6.172112 4.904379
v -137.321777 -8.538273 1.912515
v -217.399231 0.857436 1.912515
v -217.118011 -1.512741 4.904379
v -215.683762 -13.600716 4.904379
v -215.402573 -15.970894 1.912515
vt 0.604321 0.216971
vt 0.603389 0.280213
vt 0.577006 0.217275
vt 0.575789 0.279315
vt 0.497785 0.217272
vt 0.496293 0.279316
vt 0.468951 0.279565
vt 0.470215 0.216313
vt 0.602836 0.211093
vt 0.601583 0.286055
vt 0.575855 0.211638
vt 0.574631 0.284853
vt 0.498943 0.211735
vt 0.497446 0.284953
vt 0.470429 0.285441
vt 0.472029 0.210470
vt 0.615819 0.209388
vt 0.457435 0.287100
vt 0.457366 0.214444
vt 0.459454 0.208177
vt 0.455224 0.280719
vt 0.616605 0.282030
vt 0.614170 0.288306
vt 0.618047 0.215760
vt 0.604321 0.216971
vt 0.618047 0.215760
vt 0.616605 0.282030
vt 0.603389 0.280213
vt 0.577006 0.217275
vt 0.575789 0.279315
vt 0.497785 0.217272
vt 0.496293 0.279316
vt 0.468951 0.279565
vt 0.470215 0.216313
vt 0.457366 0.214444
vt 0.455224 0.280719
vt 0.602836 0.211093
vt 0.615819 0.209388
vt 0.614170 0.288306
vt 0.601583 0.286055
vt 0.575855 0.211638
vt 0.574631 0.284853
vt 0.498943 0.211735
vt 0.497446 0.284953
vt 0.470429 0.285441
vt 0.472029 0.210470
vt 0.459454 0.208177
vt 0.457435 0.287100
vt 0.547419 0.125551
vt 0.574928 0.124725
vt 0.575197 0.199623
vt 0.548217 0.198745
vt 0.469191 0.125972
vt 0.470163 0.198745
vt 0.442700 0.199628
vt 0.442168 0.125369
vt 0.546310 0.120151
vt 0.573331 0.119078
vt 0.573507 0.205268
vt 0.547022 0.204063
vt 0.470347 0.120646
vt 0.471253 0.204152
vt 0.444377 0.205281
vt 0.443720 0.119711
vt 0.586159 0.207257
vt 0.588406 0.201152
vt 0.588533 0.123284
vt 0.586268 0.117168
vt 0.430813 0.117867
vt 0.428569 0.123999
vt 0.429479 0.201187
vt 0.431693 0.207282
vt 0.547419 0.125551
vt 0.574928 0.124725
vt 0.575197 0.199623
vt 0.548217 0.198745
vt 0.469191 0.125972
vt 0.470163 0.198745
vt 0.442700 0.199628
vt 0.442168 0.125369
vt 0.546310 0.120151
vt 0.573331 0.119078
vt 0.573507 0.205268
vt 0.547022 0.204063
vt 0.470347 0.120646
vt 0.471253 0.204152
vt 0.444377 0.205281
vt 0.443720 0.119711
vt 0.586159 0.207257
vt 0.588406 0.201152
vt 0.588533 0.123284
vt 0.586268 0.117168
vt 0.430813 0.117867
vt 0.428569 0.123999
vt 0.429479 0.201187
vt 0.431693 0.207282
vt 0.546646 0.029577
vt 0.574113 0.028352
vt 0.575771 0.106293
vt 0.548723 0.105613
vt 0.468767 0.030693
vt 0.470218 0.105613
vt 0.442674 0.106476
vt 0.441798 0.030124
vt 0.428569 0.028726
vt 0.429087 0.108012
vt 0.545488 0.024230
vt 0.572437 0.022771
vt 0.574132 0.111893
vt 0.547545 0.110887
vt 0.469883 0.025401
vt 0.471316 0.110980
vt 0.444294 0.112075
vt 0.443413 0.024502
vt 0.430742 0.022650
vt 0.431383 0.114061
vt 0.586840 0.113685
vt 0.589007 0.107596
vt 0.587689 0.026693
vt 0.585332 0.020665
vt 0.546646 0.029577
vt 0.574113 0.028352
vt 0.575771 0.106293
vt 0.548723 0.105613
vt 0.468767 0.030693
vt 0.470218 0.105613
vt 0.442674 0.106476
vt 0.441798 0.030124
vt 0.428569 0.028726
vt 0.429087 0.108012
vt 0.545488 0.024230
vt 0.572437 0.022771
vt 0.574132 0.111893
vt 0.547545 0.110887
vt 0.469883 0.025401
vt 0.471316 0.110980
vt 0.444294 0.112075
vt 0.443413 0.024502
vt 0.430742 0.022650
vt 0.431383 0.114061
vt 0.586840 0.113685
vt 0.589007 0.107596
vt 0.587689 0.026693
vt 0.585332 0.020665
vt 0.300683 0.233855
vt 0.269047 0.233952
vt 0.268911 0.066559
vt 0.300688 0.065972
vt 0.369999 0.065972
vt 0.400859 0.066516
vt 0.403035 0.233869
vt 0.370936 0.233976
vt 0.391044 0.040225
vt 0.278835 0.040350
vt 0.351347 0.263639
vt 0.320827 0.263360
vt 0.301090 0.034873
vt 0.369626 0.035162
vt 0.415284 0.067398
vt 0.417232 0.233623
vt 0.404924 0.036473
vt 0.301100 0.020978
vt 0.369629 0.021268
vt 0.255793 0.066718
vt 0.265597 0.036405
vt 0.254851 0.233934
vt 0.580937 0.288801
vt 0.603876 0.310986
vt 0.603876 0.325168
vt 0.580937 0.325168
vt 0.545440 0.288801
vt 0.545440 0.325168
vt 0.456140 0.310986
vt 0.478801 0.288801
vt 0.478801 0.325168
vt 0.456140 0.325168
vt 0.514338 0.288801
vt 0.514338 0.325168
vt 0.300683 0.233855
vt 0.269047 0.233952
vt 0.268911 0.066559
vt 0.300688 0.065972
vt 0.369999 0.065972
vt 0.400859 0.066516
vt 0.403035 0.233869
vt 0.370936 0.233976
vt 0.391044 0.040225
vt 0.278835 0.040350
vt 0.351347 0.263639
vt 0.320827 0.263360
vt 0.301090 0.034873
vt 0.369626 0.035162
vt 0.415284 0.067398
vt 0.417232 0.233623
vt 0.404924 0.036473
vt 0.301100 0.020878
vt 0.369629 0.021168
vt 0.255793 0.066718
vt 0.265597 0.036405
vt 0.254851 0.233934
vt 0.580937 0.288801
vt 0.603876 0.310986
vt 0.603876 0.325168
vt 0.580937 0.325168
vt 0.545440 0.288801
vt 0.545440 0.325168
vt 0.456140 0.310986
vt 0.478801 0.288801
vt 0.478801 0.325168
vt 0.456140 0.325168
vt 0.514338 0.288801
vt 0.514338 0.325168
vt 0.635738 0.164922
vt 0.623222 0.162288
vt 0.622870 0.158406
vt 0.634957 0.156835
vt 0.628752 0.177391
vt 0.637830 0.172108
vt 0.601653 0.164229
vt 0.602168 0.156588
vt 0.614343 0.158406
vt 0.614640 0.162383
vt 0.607888 0.176638
vt 0.599371 0.171550
vt 0.602940 0.131834
vt 0.614367 0.130157
vt 0.638412 0.081416
vt 0.638412 0.096681
vt 0.631937 0.096681
vt 0.631937 0.081416
vt 0.626119 0.081416
vt 0.626119 0.096681
vt 0.604974 0.096681
vt 0.604975 0.081416
vt 0.622920 0.130259
vt 0.602224 0.123251
vt 0.614739 0.122258
vt 0.609076 0.110893
vt 0.599314 0.116123
vt 0.635243 0.123772
vt 0.634351 0.132125
vt 0.622854 0.122218
vt 0.628300 0.111578
vt 0.638391 0.116875
vt 0.592681 0.096681
vt 0.592681 0.081416
vt 0.599157 0.081416
vt 0.599157 0.096681
vt 0.635738 0.164922
vt 0.623222 0.162288
vt 0.622870 0.158406
vt 0.634957 0.156835
vt 0.628752 0.177391
vt 0.637830 0.172108
vt 0.601653 0.164229
vt 0.602168 0.156588
vt 0.614343 0.158406
vt 0.614640 0.162383
vt 0.607888 0.176638
vt 0.599371 0.171550
vt 0.602940 0.131834
vt 0.614367 0.130157
vt 0.638412 0.081416
vt 0.638412 0.096681
vt 0.631937 0.096681
vt 0.631937 0.081416
vt 0.626119 0.081416
vt 0.626119 0.096681
vt 0.604974 0.096681
vt 0.604975 0.081416
vt 0.622920 0.130259
vt 0.602224 0.123251
vt 0.614739 0.122258
vt 0.609076 0.110893
vt 0.599314 0.116123
vt 0.635243 0.123772
vt 0.634351 0.132125
vt 0.622854 0.122218
vt 0.628300 0.111578
vt 0.638391 0.116875
vt 0.592681 0.096681
vt 0.592681 0.081416
vt 0.599157 0.081416
vt 0.599157 0.096681
vt 0.151930 0.179687
vt 0.138269 0.179782
vt 0.138369 0.040421
vt 0.151930 0.040422
vt 0.193683 0.040403
vt 0.194543 0.179115
vt 0.207164 0.040359
vt 0.208072 0.178972
vt 0.196117 0.772764
vt 0.209871 0.772437
vt 0.212995 0.985901
vt 0.198873 0.985850
vt 0.151930 0.774163
vt 0.151930 0.985280
vt 0.137759 0.985160
vt 0.138085 0.774446
vt 0.151930 0.313020
vt 0.138160 0.313097
vt 0.195614 0.312678
vt 0.209274 0.312596
vt 0.195377 0.603903
vt 0.209028 0.603897
vt 0.151930 0.603905
vt 0.138181 0.603901
vt 0.348293 0.333094
vt 0.270338 0.333094
vt 0.270338 0.303754
vt 0.348293 0.303754
vt 0.255052 0.315195
vt 0.255052 0.303753
vt 0.363578 0.303754
vt 0.363579 0.315195
vt 0.134195 0.040416
vt 0.132185 0.179777
vt 0.131270 0.313095
vt 0.131291 0.603898
vt 0.131196 0.774438
vt 0.130884 0.985148
vt 0.255052 0.292312
vt 0.270338 0.274413
vt 0.348293 0.274413
vt 0.363579 0.292312
vt 0.216707 0.772362
vt 0.219843 0.985795
vt 0.215859 0.603889
vt 0.216096 0.312580
vt 0.214890 0.178915
vt 0.211688 0.040308
vt 0.151930 0.179687
vt 0.151930 0.040422
vt 0.138369 0.040421
vt 0.138269 0.179782
vt 0.194543 0.179115
vt 0.193683 0.040403
vt 0.208072 0.178972
vt 0.207164 0.040359
vt 0.196117 0.772764
vt 0.198873 0.985850
vt 0.212995 0.985901
vt 0.209871 0.772437
vt 0.151930 0.774163
vt 0.151930 0.985280
vt 0.137759 0.985160
vt 0.138085 0.774446
vt 0.151930 0.313020
vt 0.138160 0.313097
vt 0.195614 0.312678
vt 0.209274 0.312596
vt 0.195377 0.603903
vt 0.209028 0.603897
vt 0.151930 0.603905
vt 0.138181 0.603901
vt 0.134195 0.040416
vt 0.132185 0.179777
vt 0.131270 0.313095
vt 0.131291 0.603898
vt 0.131196 0.774438
vt 0.130884 0.985148
vt 0.219843 0.985795
vt 0.216707 0.772362
vt 0.215859 0.603889
vt 0.216096 0.312580
vt 0.214890 0.178915
vt 0.211688 0.040308
vn -0.057609 0.889129 -0.454016
vn -0.064657 0.997908 -0.000001
vn -0.057167 0.887952 -0.456370
vn -0.064657 0.997908 -0.000001
vn -0.014076 0.218065 -0.975833
vn -0.013569 0.212422 -0.977084
vn 0.012542 -0.211819 -0.977228
vn 0.012774 -0.218230 -0.975814
vn 0.051827 -0.889070 -0.454828
vn 0.052154 -0.888404 -0.456090
vn 0.058195 -0.998305 0.000000
vn 0.058195 -0.998305 0.000000
vn -0.997921 -0.064450 0.000000
vn -0.997921 -0.064448 0.000000
vn -0.997746 -0.066776 -0.006600
vn -0.997713 -0.067345 -0.005727
vn 0.997921 0.064451 0.000000
vn 0.997745 0.066787 0.006615
vn 0.997921 0.064457 -0.000000
vn 0.997712 0.067359 0.005736
vn -0.996956 -0.077719 -0.006227
vn -0.996949 -0.077785 -0.006494
vn 0.996883 0.078568 0.007121
vn 0.996888 0.078600 0.006002
vn -0.996930 -0.077715 0.009513
vn -0.996935 -0.077793 0.008311
vn 0.996999 0.076936 -0.008638
vn 0.996989 0.077035 -0.008825
vn 0.998061 0.061586 -0.009052
vn 0.998022 0.062382 -0.007825
vn -0.998062 -0.061577 0.009014
vn -0.998022 -0.062373 0.007801
vn -0.998295 -0.058377 0.000000
vn -0.998294 -0.058389 0.000000
vn 0.998294 0.058392 0.000000
vn 0.998294 0.058396 0.000000
vn -0.057609 0.889129 0.454016
vn -0.057167 0.887952 0.456370
vn -0.064657 0.997908 0.000001
vn -0.064657 0.997908 0.000001
vn -0.013569 0.212422 0.977084
vn -0.014076 0.218065 0.975833
vn 0.012774 -0.218230 0.975814
vn 0.012542 -0.211819 0.977228
vn 0.052154 -0.888404 0.456090
vn 0.051827 -0.889070 0.454828
vn 0.058195 -0.998305 0.000000
vn 0.058195 -0.998305 0.000000
vn -0.997713 -0.067345 0.005727
vn -0.997921 -0.064448 -0.000000
vn -0.997746 -0.066776 0.006600
vn -0.997921 -0.064450 0.000000
vn 0.997921 0.064451 0.000000
vn 0.997921 0.064456 0.000000
vn 0.997746 0.066785 -0.006615
vn 0.997713 0.067356 -0.005736
vn -0.996949 -0.077784 0.006494
vn -0.996956 -0.077718 0.006227
vn 0.996883 0.078567 -0.007121
vn 0.996888 0.078599 -0.006002
vn -0.996930 -0.077717 -0.009513
vn -0.996935 -0.077795 -0.008311
vn 0.996999 0.076935 0.008638
vn 0.996989 0.077035 0.008825
vn 0.998022 0.062382 0.007825
vn 0.998061 0.061586 0.009052
vn -0.998061 -0.061582 -0.009014
vn -0.998022 -0.062378 -0.007801
vn -0.998295 -0.058377 0.000000
vn -0.998294 -0.058389 0.000000
vn 0.998294 0.058396 0.000000
vn 0.998294 0.058392 0.000000
vn -0.020359 0.216078 -0.976164
vn -0.083654 0.888622 -0.450947
vn -0.020605 0.218967 -0.975515
vn -0.083634 0.889115 -0.449977
vn 0.020718 -0.217726 -0.975790
vn 0.020350 -0.214137 -0.976592
vn 0.084494 -0.888326 -0.451373
vn 0.084606 -0.888794 -0.450430
vn -0.995686 -0.092742 0.002777
vn -0.995709 -0.092509 0.002426
vn -0.996115 -0.088026 0.002710
vn -0.996117 -0.087996 0.002803
vn 0.995758 0.091875 -0.005058
vn 0.996556 0.082736 -0.005510
vn 0.995800 0.091451 -0.004415
vn 0.996563 0.082701 -0.004739
vn -0.996127 -0.087861 -0.003420
vn -0.996130 -0.087837 -0.002974
vn 0.996498 0.083444 0.005367
vn 0.996502 0.083382 0.005515
vn 0.995665 0.092853 0.005502
vn 0.995712 0.092386 0.004800
vn -0.995602 -0.093631 -0.003191
vn -0.995628 -0.093364 -0.002780
vn 0.995609 0.093612 0.000000
vn 0.995607 0.093628 0.000000
vn -0.093651 0.995605 0.000000
vn -0.093651 0.995605 0.000000
vn -0.995603 -0.093676 0.000000
vn -0.995602 -0.093689 0.000000
vn -0.995506 -0.094700 0.000000
vn -0.995505 -0.094714 0.000000
vn 0.094763 -0.995500 0.000000
vn 0.094763 -0.995500 0.000000
vn 0.995503 0.094732 0.000000
vn 0.995502 0.094739 0.000000
vn -0.020359 0.216078 0.976164
vn -0.020605 0.218967 0.975515
vn -0.083654 0.888622 0.450947
vn -0.083634 0.889115 0.449977
vn 0.020718 -0.217726 0.975790
vn 0.020350 -0.214137 0.976592
vn 0.084494 -0.888326 0.451373
vn 0.084606 -0.888794 0.450429
vn -0.996117 -0.087997 -0.002803
vn -0.995709 -0.092509 -0.002426
vn -0.996115 -0.088027 -0.002710
vn -0.995686 -0.092742 -0.002777
vn 0.995758 0.091870 0.005058
vn 0.995800 0.091447 0.004415
vn 0.996556 0.082736 0.005510
vn 0.996563 0.082702 0.004739
vn -0.996127 -0.087860 0.003420
vn -0.996131 -0.087835 0.002974
vn 0.996498 0.083444 -0.005367
vn 0.996502 0.083382 -0.005515
vn 0.995712 0.092386 -0.004800
vn 0.995665 0.092853 -0.005502
vn -0.995601 -0.093637 0.003191
vn -0.995628 -0.093370 0.002780
vn 0.995609 0.093612 0.000000
vn 0.995607 0.093625 0.000000
vn -0.093651 0.995605 0.000000
vn -0.093651 0.995605 0.000000
vn -0.995602 -0.093689 0.000000
vn -0.995603 -0.093676 0.000000
vn -0.995506 -0.094700 0.000000
vn -0.995504 -0.094718 0.000000
vn 0.094763 -0.995500 0.000000
vn 0.094763 -0.995500 0.000000
vn 0.995502 0.094739 0.000000
vn 0.995503 0.094732 0.000000
vn -0.032028 0.214260 0.976252
vn -0.033079 0.219528 0.975045
vn -0.132675 0.882844 0.450537
vn -0.133310 0.882771 0.450493
vn 0.030416 -0.216759 0.975751
vn 0.029805 -0.210559 0.977127
vn 0.124249 -0.882915 0.452796
vn 0.123832 -0.884705 0.449403
vn 0.138618 -0.990346 0.000000
vn 0.138618 -0.990346 0.000001
vn -0.990685 -0.136037 -0.006173
vn -0.989224 -0.146313 -0.005376
vn -0.990674 -0.136116 -0.006108
vn -0.989141 -0.146842 -0.006170
vn 0.989393 0.144720 0.012550
vn 0.989566 0.143663 0.010925
vn 0.992411 0.122236 0.013348
vn 0.992444 0.122133 0.011752
vn -0.990934 -0.134328 0.002581
vn -0.990934 -0.134334 0.002028
vn 0.992502 0.121960 -0.008162
vn 0.992508 0.121881 -0.008525
vn 0.990773 0.135327 -0.007418
vn 0.990669 0.136025 -0.008489
vn -0.990403 -0.138193 0.002163
vn -0.990426 -0.138029 0.001911
vn -0.990298 -0.138963 -0.000008
vn -0.990298 -0.138960 -0.000010
vn 0.990298 0.138964 0.000008
vn 0.990298 0.138962 0.000008
vn 0.988831 0.149043 -0.000016
vn 0.988829 0.149053 -0.000010
vn -0.149320 0.988789 0.000001
vn -0.149321 0.988789 0.000000
vn -0.988833 -0.149025 0.000005
vn -0.988831 -0.149042 0.000000
vn -0.032028 0.214260 -0.976252
vn -0.132675 0.882844 -0.450537
vn -0.033079 0.219528 -0.975045
vn -0.133310 0.882771 -0.450493
vn 0.030416 -0.216759 -0.975751
vn 0.029805 -0.210559 -0.977127
vn 0.124249 -0.882915 -0.452796
vn 0.123832 -0.884705 -0.449402
vn 0.138618 -0.990346 0.000000
vn 0.138618 -0.990346 -0.000001
vn -0.989141 -0.146842 0.006170
vn -0.989224 -0.146313 0.005376
vn -0.990674 -0.136116 0.006108
vn -0.990685 -0.136037 0.006173
vn 0.989392 0.144725 -0.012550
vn 0.992411 0.122238 -0.013348
vn 0.989566 0.143668 -0.010925
vn 0.992444 0.122135 -0.011751
vn -0.990934 -0.134327 -0.002581
vn -0.990934 -0.134332 -0.002028
vn 0.992502 0.121959 0.008162
vn 0.992508 0.121880 0.008525
vn 0.990669 0.136025 0.008489
vn 0.990773 0.135327 0.007418
vn -0.990402 -0.138202 -0.002163
vn -0.990425 -0.138037 -0.001911
vn -0.990298 -0.138963 0.000008
vn -0.990297 -0.138964 0.000010
vn 0.990298 0.138962 -0.000008
vn 0.990298 0.138964 -0.000008
vn 0.988831 0.149043 0.000016
vn 0.988829 0.149055 0.000010
vn -0.149320 0.988789 -0.000001
vn -0.149321 0.988789 0.000000
vn -0.988831 -0.149042 0.000000
vn -0.988833 -0.149025 -0.000005
vn 0.062096 -0.371425 -0.926384
vn 0.139424 -0.837481 -0.528382
vn -0.060929 -0.224785 -0.972502
vn 0.058782 -0.854071 -0.516824
vn -0.136368 0.198845 -0.970497
vn -0.226818 0.824659 -0.518161
vn -0.065390 0.368672 -0.927257
vn -0.148108 0.833272 -0.532655
vn -0.855871 0.036637 -0.515890
vn -0.797980 -0.311587 -0.515889
vn -0.000001 -0.000001 -1.000000
vn -0.000001 0.000001 -1.000000
vn -0.286683 0.958026 0.000000
vn -0.174999 0.984569 0.000001
vn -0.996522 0.083328 0.000000
vn -0.915959 -0.401271 0.000000
vn 0.047807 -0.998857 0.000000
vn 0.163432 -0.986555 0.000000
vn 0.986576 0.163303 0.000000
vn 0.986576 0.163302 0.000000
vn 0.986576 0.163302 0.000000
vn 0.986577 0.163298 0.000000
vn 0.408246 0.912872 -0.000001
vn 0.408245 0.912873 0.000000
vn 0.408245 0.912873 0.000000
vn 0.408243 0.912873 0.000001
vn 0.986580 0.163281 0.000000
vn 0.986579 0.163283 0.000000
vn 0.986579 0.163283 0.000000
vn 0.986578 0.163288 0.000000
vn 0.681115 -0.732176 0.000001
vn 0.681114 -0.732177 0.000000
vn 0.681114 -0.732177 -0.000000
vn 0.681113 -0.732178 -0.000001
vn 0.986657 0.162815 0.000000
vn 0.986656 0.162819 -0.000002
vn 0.986656 0.162819 -0.000003
vn 0.986655 0.162823 -0.000005
vn 0.062096 -0.371424 0.926385
vn -0.060929 -0.224785 0.972502
vn 0.139424 -0.837480 0.528382
vn 0.058782 -0.854071 0.516825
vn -0.136368 0.198845 0.970497
vn -0.065390 0.368672 0.927257
vn -0.226818 0.824659 0.518161
vn -0.148109 0.833272 0.532656
vn -0.855871 0.036637 0.515890
vn -0.797980 -0.311587 0.515889
vn -0.000001 -0.000001 1.000000
vn -0.000001 0.000001 1.000000
vn -0.286682 0.958026 -0.000000
vn -0.174999 0.984569 -0.000001
vn -0.996522 0.083329 0.000000
vn -0.915959 -0.401271 0.000000
vn 0.047807 -0.998857 0.000000
vn 0.163432 -0.986555 0.000000
vn 0.986578 0.163292 -0.000000
vn 0.986578 0.163293 -0.000000
vn 0.986578 0.163294 -0.000000
vn 0.986577 0.163298 -0.000000
vn 0.408247 0.912872 0.000001
vn 0.408245 0.912872 -0.000000
vn 0.408245 0.912872 0.000000
vn 0.408243 0.912873 -0.000001
vn 0.986579 0.163288 0.000000
vn 0.986578 0.163291 0.000000
vn 0.986578 0.163291 0.000000
vn 0.986578 0.163292 0.000000
vn 0.681115 -0.732177 -0.000001
vn 0.681116 -0.732176 0.000000
vn 0.681116 -0.732176 -0.000000
vn 0.681117 -0.732175 0.000001
vn 0.986658 0.162807 -0.000000
vn 0.986656 0.162816 0.000003
vn 0.986657 0.162814 0.000002
vn 0.986655 0.162823 0.000005
vn 0.000003 -0.000001 1.000000
vn 0.000001 -0.000000 1.000000
vn 0.000002 -0.000001 1.000000
vn 0.000000 -0.000000 1.000000
vn 0.000003 -0.000002 1.000000
vn 0.000002 -0.000003 1.000000
vn 0.000000 -0.000000 -1.000000
vn 0.000001 -0.000000 -1.000000
vn 0.000002 -0.000001 -1.000000
vn 0.000003 -0.000001 -1.000000
vn 0.000002 -0.000003 -1.000000
vn 0.000003 -0.000002 -1.000000
vn -0.000001 -0.000000 -1.000000
vn -0.000000 -0.000000 -1.000000
vn 0.874408 0.485192 0.000000
vn 0.996721 0.080911 0.000000
vn 0.874415 0.485179 0.000000
vn 0.996723 0.080891 0.000000
vn -0.996721 -0.080918 0.000000
vn -0.996722 -0.080909 0.000000
vn -0.884542 -0.466460 0.000000
vn -0.884539 -0.466466 0.000000
vn 0.139549 0.990215 0.000000
vn 0.139549 0.990215 0.000000
vn -0.066893 -0.997760 0.000000
vn -0.066891 -0.997760 0.000000
vn 0.226958 -0.973905 0.000000
vn 0.226954 -0.973906 0.000000
vn -0.297445 0.954739 0.000000
vn -0.297445 0.954739 0.000000
vn -0.000002 -0.000001 -1.000000
vn -0.000002 -0.000002 -1.000000
vn -0.000002 -0.000002 -1.000000
vn -0.000002 -0.000003 -1.000000
vn -0.000000 -0.000000 1.000000
vn -0.000001 -0.000000 1.000000
vn -0.000002 -0.000002 1.000000
vn -0.000002 -0.000001 1.000000
vn -0.000002 -0.000003 1.000000
vn -0.000002 -0.000002 1.000000
vn -0.941224 0.337782 0.000000
vn -0.996721 -0.080912 0.000000
vn -0.941219 0.337796 0.000000
vn -0.996723 -0.080895 0.000000
vn 0.996722 0.080907 0.000000
vn 0.996722 0.080906 0.000000
vn 0.948191 -0.317701 0.000000
vn 0.948197 -0.317682 0.000000
vn 0.000003 -0.000001 1.000000
vn 0.000001 -0.000000 1.000000
vn 0.000002 -0.000001 1.000000
vn 0.000000 -0.000000 1.000000
vn 0.000003 -0.000002 1.000000
vn 0.000002 -0.000003 1.000000
vn 0.000000 -0.000000 -1.000000
vn 0.000001 -0.000000 -1.000000
vn 0.000002 -0.000001 -1.000000
vn 0.000003 -0.000001 -1.000000
vn 0.000002 -0.000003 -1.000000
vn 0.000003 -0.000002 -1.000000
vn -0.000001 -0.000000 -1.000000
vn -0.000000 -0.000000 -1.000000
vn 0.874414 0.485180 0.000000
vn 0.996722 0.080902 0.000000
vn 0.874415 0.485180 0.000000
vn 0.996722 0.080904 0.000000
vn -0.996722 -0.080902 0.000000
vn -0.996722 -0.080905 0.000000
vn -0.884539 -0.466467 0.000000
vn -0.884539 -0.466467 0.000000
vn 0.139549 0.990215 0.000000
vn 0.139549 0.990215 0.000000
vn -0.066892 -0.997760 0.000000
vn -0.066893 -0.997760 0.000000
vn 0.226956 -0.973905 0.000000
vn 0.226956 -0.973905 0.000000
vn -0.297444 0.954739 0.000000
vn -0.297445 0.954739 0.000000
vn -0.000002 -0.000001 -1.000000
vn -0.000002 -0.000002 -1.000000
vn -0.000002 -0.000002 -1.000000
vn -0.000002 -0.000003 -1.000000
vn -0.000000 -0.000000 1.000000
vn -0.000001 -0.000000 1.000000
vn -0.000002 -0.000002 1.000000
vn -0.000002 -0.000001 1.000000
vn -0.000002 -0.000003 1.000000
vn -0.000002 -0.000002 1.000000
vn -0.941221 0.337793 0.000000
vn -0.996721 -0.080911 0.000000
vn -0.941221 0.337791 0.000000
vn -0.996721 -0.080915 0.000000
vn 0.996722 0.080902 0.000000
vn 0.996721 0.080922 0.000000
vn 0.948199 -0.317677 0.000000
vn 0.948200 -0.317675 0.000000
vn 0.031001 -0.201468 -0.979004
vn 0.136989 -0.892493 -0.429757
vn 0.034275 -0.206546 -0.977836
vn 0.148251 -0.893767 -0.423323
vn -0.035317 0.204727 -0.978182
vn -0.033254 0.205714 -0.978047
vn -0.154361 0.892387 -0.424050
vn -0.144495 0.891766 -0.428805
vn -0.011766 0.200022 -0.979721
vn -0.053433 0.895569 -0.441702
vn -0.011179 0.194796 -0.980780
vn -0.050912 0.885471 -0.461898
vn 0.009563 -0.195120 -0.980733
vn 0.007177 -0.185286 -0.982659
vn 0.034177 -0.885006 -0.464323
vn 0.043160 -0.895408 -0.443150
vn 0.021426 -0.195312 -0.980507
vn 0.097788 -0.893271 -0.438753
vn -0.022934 0.204567 -0.978584
vn -0.100207 0.894362 -0.435977
vn -0.074749 0.897362 -0.434920
vn -0.017040 0.204648 -0.978687
vn 0.016257 -0.198709 -0.979924
vn 0.073215 -0.896539 -0.436872
vn 0.999590 0.028642 0.000000
vn 0.999590 0.028642 0.000000
vn 0.999590 0.028642 -0.000000
vn 0.999590 0.028642 0.000000
vn 0.999590 0.028649 0.000000
vn 0.999590 0.028649 0.000000
vn 0.999590 0.028648 0.000000
vn 0.999590 0.028647 0.000000
vn 0.999590 0.028634 0.000000
vn 0.999590 0.028635 0.000000
vn 0.999590 0.028634 -0.000000
vn 0.999590 0.028635 0.000000
vn 0.163636 -0.986521 0.000000
vn 0.151444 -0.988466 0.000000
vn 0.108533 -0.994093 0.000000
vn 0.081269 -0.996692 0.000000
vn 0.047348 -0.998879 0.000000
vn 0.038590 -0.999255 0.000000
vn 0.999590 0.028650 0.000001
vn 0.999590 0.028650 0.000001
vn 0.999590 0.028642 -0.000000
vn 0.999590 0.028642 0.000001
vn 0.999590 0.028632 -0.000001
vn 0.999590 0.028632 -0.000001
vn -0.060614 0.998161 0.000000
vn -0.057402 0.998351 0.000000
vn -0.083005 0.996549 0.000000
vn -0.111297 0.993787 0.000000
vn -0.160342 0.987062 0.000000
vn -0.171040 0.985264 0.000000
vn 0.031001 -0.201468 0.979004
vn 0.034275 -0.206546 0.977836
vn 0.136989 -0.892493 0.429757
vn 0.148251 -0.893767 0.423323
vn -0.035317 0.204727 0.978182
vn -0.033254 0.205714 0.978047
vn -0.154361 0.892387 0.424049
vn -0.144495 0.891766 0.428805
vn -0.011766 0.200022 0.979721
vn -0.011179 0.194797 0.980780
vn -0.053433 0.895569 0.441702
vn -0.050912 0.885471 0.461897
vn 0.007177 -0.185286 0.982659
vn 0.009563 -0.195120 0.980733
vn 0.034177 -0.885006 0.464324
vn 0.043160 -0.895408 0.443150
vn 0.021426 -0.195312 0.980507
vn 0.097788 -0.893271 0.438753
vn -0.022934 0.204567 0.978584
vn -0.100207 0.894362 0.435977
vn -0.017040 0.204648 0.978687
vn -0.074749 0.897362 0.434920
vn 0.016257 -0.198709 0.979924
vn 0.073215 -0.896539 0.436872
vn 0.163636 -0.986521 0.000000
vn 0.151444 -0.988466 0.000000
vn 0.108533 -0.994093 0.000000
vn 0.081269 -0.996692 0.000000
vn 0.047348 -0.998879 0.000000
vn 0.038590 -0.999255 0.000000
vn -0.060614 0.998161 0.000000
vn -0.057402 0.998351 0.000000
vn -0.083005 0.996549 0.000000
vn -0.111297 0.993787 0.000000
vn -0.160342 0.987062 0.000000
vn -0.171040 0.985264 0.000000
s 1
g sheath
f 2594/3455/4205 2603/3478/4206 2595/3456/4207
f 2595/3456/4207 2603/3478/4206 2604/3476/4208
f 2594/3455/4205 2595/3456/4207 2596/3457/4209
f 2596/3457/4209 2595/3456/4207 2597/3458/4210
f 2596/3457/4209 2597/3458/4210 2598/3459/4211
f 2598/3459/4211 2597/3458/4210 2599/3460/4212
f 2600/3461/4213 2601/3462/4214 2599/3460/4212
f 2599/3460/4212 2601/3462/4214 2598/3459/4211
f 2608/3473/4215 2601/3462/4214 2607/3475/4216
f 2607/3475/4216 2601/3462/4214 2600/3461/4213
s 3
f 2602/3471/4217 2603/3478/4218 2593/3463/4219
f 2593/3463/4219 2603/3478/4218 2594/3455/4220
s 4
f 2605/3477/4221 2589/3464/4222 2604/3476/4223
f 2604/3476/4223 2589/3464/4222 2595/3456/4224
s 3
f 2593/3463/4219 2594/3455/4220 2592/3465/4225
f 2592/3465/4225 2594/3455/4220 2596/3457/4226
s 4
f 2589/3464/4222 2588/3466/4227 2595/3456/4224
f 2595/3456/4224 2588/3466/4227 2597/3458/4228
s 3
f 2591/3467/4229 2592/3465/4225 2598/3459/4230
f 2598/3459/4230 2592/3465/4225 2596/3457/4226
s 4
f 2588/3466/4227 2587/3468/4231 2597/3458/4228
f 2597/3458/4228 2587/3468/4231 2599/3460/4232
f 2586/3469/4233 2600/3461/4234 2587/3468/4231
f 2587/3468/4231 2600/3461/4234 2599/3460/4232
s 3
f 2590/3470/4235 2591/3467/4229 2601/3462/4236
f 2601/3462/4236 2591/3467/4229 2598/3459/4230
f 2609/3474/4237 2590/3470/4235 2608/3473/4238
f 2608/3473/4238 2590/3470/4235 2601/3462/4236
s 4
f 2606/3472/4239 2607/3475/4240 2586/3469/4233
f 2586/3469/4233 2607/3475/4240 2600/3461/4234
s 6
f 2618/3479/4241 2619/3482/4242 2603/3480/4243
f 2603/3480/4243 2619/3482/4242 2604/3481/4244
f 2621/3484/4245 2619/3482/4242 2620/3483/4246
f 2620/3483/4246 2619/3482/4242 2618/3479/4241
f 2623/3486/4247 2621/3484/4245 2622/3485/4248
f 2622/3485/4248 2621/3484/4245 2620/3483/4246
f 2622/3485/4248 2625/3488/4249 2623/3486/4247
f 2623/3486/4247 2625/3488/4249 2624/3487/4250
f 2608/3489/4251 2607/3490/4252 2625/3488/4249
f 2625/3488/4249 2607/3490/4252 2624/3487/4250
s 7
f 2618/3479/4253 2603/3480/4254 2617/3491/4255
f 2617/3491/4255 2603/3480/4254 2602/3492/4256
s 8
f 2605/3493/4257 2604/3481/4258 2613/3494/4259
f 2613/3494/4259 2604/3481/4258 2619/3482/4260
s 7
f 2620/3483/4261 2618/3479/4253 2616/3495/4262
f 2616/3495/4262 2618/3479/4253 2617/3491/4255
s 8
f 2613/3494/4259 2619/3482/4260 2612/3496/4263
f 2612/3496/4263 2619/3482/4260 2621/3484/4264
s 7
f 2615/3497/4265 2622/3485/4266 2616/3495/4262
f 2616/3495/4262 2622/3485/4266 2620/3483/4261
s 8
f 2612/3496/4263 2621/3484/4264 2611/3498/4267
f 2611/3498/4267 2621/3484/4264 2623/3486/4268
f 2623/3486/4268 2624/3487/4269 2611/3498/4267
f 2611/3498/4267 2624/3487/4269 2610/3499/4270
s 7
f 2614/3500/4271 2625/3488/4272 2615/3497/4265
f 2615/3497/4265 2625/3488/4272 2622/3485/4266
f 2609/3501/4273 2608/3489/4274 2614/3500/4271
f 2614/3500/4271 2608/3489/4274 2625/3488/4272
s 8
f 2624/3487/4269 2607/3490/4275 2610/3499/4270
f 2610/3499/4270 2607/3490/4275 2606/3502/4276
s 11
f 2636/3503/4277 2634/3504/4278 2637/3506/4279
f 2637/3506/4279 2634/3504/4278 2635/3505/4280
f 2638/3507/4281 2636/3503/4277 2639/3508/4282
f 2639/3508/4282 2636/3503/4277 2637/3506/4279
f 2639/3508/4282 2640/3509/4283 2638/3507/4281
f 2638/3507/4281 2640/3509/4283 2641/3510/4284
s 12
f 2633/3512/4285 2634/3504/4286 2632/3511/4287
f 2632/3511/4287 2634/3504/4286 2636/3503/4288
s 13
f 2626/3513/4289 2627/3514/4290 2635/3505/4291
f 2635/3505/4291 2627/3514/4290 2637/3506/4292
s 12
f 2631/3515/4293 2632/3511/4287 2638/3507/4294
f 2638/3507/4294 2632/3511/4287 2636/3503/4288
s 13
f 2627/3514/4290 2628/3516/4295 2637/3506/4292
f 2637/3506/4292 2628/3516/4295 2639/3508/4296
f 2629/3517/4297 2640/3509/4298 2628/3516/4295
f 2628/3516/4295 2640/3509/4298 2639/3508/4296
s 12
f 2630/3518/4299 2631/3515/4293 2641/3510/4300
f 2641/3510/4300 2631/3515/4293 2638/3507/4294
s 13
f 2642/3519/4301 2626/3513/4289 2643/3520/4302
f 2643/3520/4302 2626/3513/4289 2635/3505/4291
s 11
f 2634/3504/4278 2644/3521/4303 2635/3505/4280
f 2635/3505/4280 2644/3521/4303 2643/3520/4304
s 12
f 2645/3522/4305 2644/3521/4306 2633/3512/4285
f 2633/3512/4285 2644/3521/4306 2634/3504/4286
f 2646/3523/4307 2630/3518/4299 2647/3524/4308
f 2647/3524/4308 2630/3518/4299 2641/3510/4300
s 11
f 2648/3525/4309 2647/3524/4310 2640/3509/4283
f 2640/3509/4283 2647/3524/4310 2641/3510/4284
s 13
f 2649/3526/4311 2648/3525/4312 2629/3517/4297
f 2629/3517/4297 2648/3525/4312 2640/3509/4298
s 15
f 2660/3527/4313 2661/3530/4314 2658/3528/4315
f 2658/3528/4315 2661/3530/4314 2659/3529/4316
f 2662/3531/4317 2663/3532/4318 2660/3527/4313
f 2660/3527/4313 2663/3532/4318 2661/3530/4314
f 2663/3532/4318 2662/3531/4317 2664/3533/4319
f 2664/3533/4319 2662/3531/4317 2665/3534/4320
s 17
f 2660/3527/4321 2658/3528/4322 2656/3535/4323
f 2656/3535/4323 2658/3528/4322 2657/3536/4324
s 18
f 2650/3537/4325 2659/3529/4326 2651/3538/4327
f 2651/3538/4327 2659/3529/4326 2661/3530/4328
s 17
f 2655/3539/4329 2662/3531/4330 2656/3535/4323
f 2656/3535/4323 2662/3531/4330 2660/3527/4321
s 18
f 2651/3538/4327 2661/3530/4328 2652/3540/4331
f 2652/3540/4331 2661/3530/4328 2663/3532/4332
f 2663/3532/4332 2664/3533/4333 2652/3540/4331
f 2652/3540/4331 2664/3533/4333 2653/3541/4334
s 17
f 2654/3542/4335 2665/3534/4336 2655/3539/4329
f 2655/3539/4329 2665/3534/4336 2662/3531/4330
s 18
f 2642/3543/4337 2643/3544/4338 2650/3537/4325
f 2650/3537/4325 2643/3544/4338 2659/3529/4326
s 15
f 2658/3528/4315 2659/3529/4316 2644/3545/4339
f 2644/3545/4339 2659/3529/4316 2643/3544/4340
s 17
f 2658/3528/4322 2644/3545/4341 2657/3536/4324
f 2657/3536/4324 2644/3545/4341 2645/3546/4342
f 2646/3547/4343 2647/3548/4344 2654/3542/4335
f 2654/3542/4335 2647/3548/4344 2665/3534/4336
s 15
f 2648/3549/4345 2664/3533/4319 2647/3548/4346
f 2647/3548/4346 2664/3533/4319 2665/3534/4320
s 18
f 2664/3533/4333 2648/3549/4347 2653/3541/4334
f 2653/3541/4334 2648/3549/4347 2649/3550/4348
s 21
f 2676/3551/4349 2677/3554/4350 2674/3552/4351
f 2674/3552/4351 2677/3554/4350 2675/3553/4352
f 2678/3555/4353 2679/3556/4354 2676/3551/4349
f 2676/3551/4349 2679/3556/4354 2677/3554/4350
f 2679/3556/4354 2678/3555/4353 2680/3557/4355
f 2680/3557/4355 2678/3555/4353 2681/3558/4356
f 2688/3559/4357 2687/3560/4358 2681/3558/4356
f 2681/3558/4356 2687/3560/4358 2680/3557/4355
s 23
f 2676/3551/4359 2674/3552/4360 2671/3561/4361
f 2671/3561/4361 2674/3552/4360 2670/3562/4362
s 24
f 2666/3563/4363 2675/3553/4364 2667/3564/4365
f 2667/3564/4365 2675/3553/4364 2677/3554/4366
s 23
f 2672/3565/4367 2678/3555/4368 2671/3561/4361
f 2671/3561/4361 2678/3555/4368 2676/3551/4359
s 24
f 2667/3564/4365 2677/3554/4366 2668/3566/4369
f 2668/3566/4369 2677/3554/4366 2679/3556/4370
f 2679/3556/4370 2680/3557/4371 2668/3566/4369
f 2668/3566/4369 2680/3557/4371 2669/3567/4372
s 23
f 2673/3568/4373 2681/3558/4374 2672/3565/4367
f 2672/3565/4367 2681/3558/4374 2678/3555/4368
f 2689/3569/4375 2688/3559/4376 2673/3568/4373
f 2673/3568/4373 2688/3559/4376 2681/3558/4374
s 24
f 2680/3557/4371 2687/3560/4377 2669/3567/4372
f 2669/3567/4372 2687/3560/4377 2686/3570/4378
f 2682/3571/4379 2683/3572/4380 2666/3563/4363
f 2666/3563/4363 2683/3572/4380 2675/3553/4364
s 21
f 2674/3552/4351 2675/3553/4352 2684/3573/4381
f 2684/3573/4381 2675/3553/4352 2683/3572/4382
s 23
f 2674/3552/4360 2684/3573/4383 2670/3562/4362
f 2670/3562/4362 2684/3573/4383 2685/3574/4384
s 27
f 2700/3575/4385 2698/3576/4386 2701/3578/4387
f 2701/3578/4387 2698/3576/4386 2699/3577/4388
f 2702/3579/4389 2700/3575/4385 2703/3580/4390
f 2703/3580/4390 2700/3575/4385 2701/3578/4387
f 2703/3580/4390 2704/3581/4391 2702/3579/4389
f 2702/3579/4389 2704/3581/4391 2705/3582/4392
f 2688/3583/4393 2705/3582/4392 2687/3584/4394
f 2687/3584/4394 2705/3582/4392 2704/3581/4391
s 28
f 2694/3586/4395 2698/3576/4396 2695/3585/4397
f 2695/3585/4397 2698/3576/4396 2700/3575/4398
s 29
f 2690/3587/4399 2691/3588/4400 2699/3577/4401
f 2699/3577/4401 2691/3588/4400 2701/3578/4402
s 28
f 2696/3589/4403 2695/3585/4397 2702/3579/4404
f 2702/3579/4404 2695/3585/4397 2700/3575/4398
s 29
f 2691/3588/4400 2692/3590/4405 2701/3578/4402
f 2701/3578/4402 2692/3590/4405 2703/3580/4406
f 2693/3591/4407 2704/3581/4408 2692/3590/4405
f 2692/3590/4405 2704/3581/4408 2703/3580/4406
s 28
f 2697/3592/4409 2696/3589/4403 2705/3582/4410
f 2705/3582/4410 2696/3589/4403 2702/3579/4404
f 2689/3593/4411 2697/3592/4409 2688/3583/4412
f 2688/3583/4412 2697/3592/4409 2705/3582/4410
s 29
f 2686/3594/4413 2687/3584/4414 2693/3591/4407
f 2693/3591/4407 2687/3584/4414 2704/3581/4408
f 2682/3595/4415 2690/3587/4399 2683/3596/4416
f 2683/3596/4416 2690/3587/4399 2699/3577/4401
s 27
f 2698/3576/4386 2684/3597/4417 2699/3577/4388
f 2699/3577/4388 2684/3597/4417 2683/3596/4418
s 28
f 2685/3598/4419 2684/3597/4420 2694/3586/4395
f 2694/3586/4395 2684/3597/4420 2698/3576/4396
s 31
f 2712/3599/4421 2713/3600/4422 2706/3602/4423
f 2706/3602/4423 2713/3600/4422 2708/3601/4424
f 2707/3603/4425 2709/3604/4426 2711/3606/4427
f 2711/3606/4427 2709/3604/4426 2710/3605/4428
f 2714/3607/4429 2709/3604/4426 2707/3603/4425
f 2706/3602/4423 2708/3601/4424 2715/3608/4430
f 2717/3609/4431 2716/3610/4432 2707/3603/4425
f 2707/3603/4425 2716/3610/4432 2706/3602/4423
f 2707/3603/4425 2706/3602/4423 2714/3612/4429
f 2714/3612/4429 2706/3602/4423 2715/3611/4430
f 2707/3603/4425 2711/3606/4427 2717/3609/4431
f 2706/3602/4423 2716/3610/4432 2712/3599/4421
f 2709/3604/4426 2719/3613/4433 2710/3605/4428
f 2710/3605/4428 2719/3613/4433 2718/3614/4434
f 2720/3615/4435 2719/3613/4433 2714/3607/4429
f 2714/3607/4429 2719/3613/4433 2709/3604/4426
f 2714/3612/4429 2715/3611/4430 2720/3617/4435
f 2720/3617/4435 2715/3611/4430 2721/3616/4436
f 2715/3608/4430 2708/3601/4424 2721/3619/4436
f 2721/3619/4436 2708/3601/4424 2722/3618/4437
f 2723/3620/4438 2722/3618/4437 2713/3600/4422
f 2713/3600/4422 2722/3618/4437 2708/3601/4424
s 34
f 2711/3621/4439 2710/3622/4440 2724/3624/4441
f 2724/3624/4441 2710/3622/4440 2718/3623/4442
s 35
f 2717/3625/4443 2711/3621/4444 2725/3626/4445
f 2725/3626/4445 2711/3621/4444 2724/3624/4446
s 36
f 2712/3628/4447 2726/3629/4448 2713/3627/4449
f 2713/3627/4449 2726/3629/4448 2723/3630/4450
s 37
f 2712/3628/4451 2716/3631/4452 2726/3629/4453
f 2726/3629/4453 2716/3631/4452 2727/3632/4454
s 38
f 2716/3631/4455 2717/3625/4456 2727/3632/4457
f 2727/3632/4457 2717/3625/4456 2725/3626/4458
s 39
f 2734/3633/4459 2728/3636/4460 2735/3634/4461
f 2735/3634/4461 2728/3636/4460 2730/3635/4462
f 2729/3637/4463 2733/3640/4464 2731/3638/4465
f 2731/3638/4465 2733/3640/4464 2732/3639/4466
f 2736/3641/4467 2729/3637/4463 2731/3638/4465
f 2728/3636/4460 2737/3642/4468 2730/3635/4462
f 2739/3643/4469 2729/3637/4463 2738/3644/4470
f 2738/3644/4470 2729/3637/4463 2728/3636/4460
f 2729/3637/4463 2736/3646/4467 2728/3636/4460
f 2728/3636/4460 2736/3646/4467 2737/3645/4468
f 2729/3637/4463 2739/3643/4469 2733/3640/4464
f 2728/3636/4460 2734/3633/4459 2738/3644/4470
f 2731/3638/4465 2732/3639/4466 2719/3647/4471
f 2719/3647/4471 2732/3639/4466 2718/3648/4472
f 2720/3649/4473 2736/3641/4467 2719/3647/4471
f 2719/3647/4471 2736/3641/4467 2731/3638/4465
f 2736/3646/4467 2720/3651/4473 2737/3645/4468
f 2737/3645/4468 2720/3651/4473 2721/3650/4474
f 2737/3642/4468 2721/3653/4474 2730/3635/4462
f 2730/3635/4462 2721/3653/4474 2722/3652/4475
f 2723/3654/4476 2735/3634/4461 2722/3652/4475
f 2722/3652/4475 2735/3634/4461 2730/3635/4462
s 41
f 2733/3655/4477 2724/3658/4478 2732/3656/4479
f 2732/3656/4479 2724/3658/4478 2718/3657/4480
s 42
f 2739/3659/4481 2725/3660/4482 2733/3655/4483
f 2733/3655/4483 2725/3660/4482 2724/3658/4484
s 43
f 2723/3664/4485 2726/3663/4486 2735/3661/4487
f 2735/3661/4487 2726/3663/4486 2734/3662/4488
s 44
f 2734/3662/4489 2726/3663/4490 2738/3665/4491
f 2738/3665/4491 2726/3663/4490 2727/3666/4492
s 45
f 2738/3665/4493 2727/3666/4494 2739/3659/4495
f 2739/3659/4495 2727/3666/4494 2725/3660/4496
s 46
f 2744/3668/4497 2741/3669/4498 2743/3667/4499
f 2743/3667/4499 2741/3669/4498 2745/3670/4500
f 2744/3668/4497 2743/3667/4499 2740/3671/4501
f 2740/3671/4501 2743/3667/4499 2742/3672/4502
s 47
f 2751/3674/4503 2747/3675/4504 2749/3673/4505
f 2749/3673/4505 2747/3675/4504 2750/3676/4506
f 2748/3678/4507 2749/3673/4505 2746/3677/4508
f 2746/3677/4508 2749/3673/4505 2750/3676/4506
f 2747/3675/4504 2751/3674/4503 2753/3680/4509
f 2753/3680/4509 2751/3674/4503 2757/3679/4510
s 48
f 2744/3668/4511 2740/3671/4512 2750/3676/4513
f 2750/3676/4513 2740/3671/4512 2746/3677/4514
s 49
f 2748/3681/4515 2742/3682/4516 2749/3684/4517
f 2749/3684/4517 2742/3682/4516 2743/3683/4518
s 48
f 2741/3669/4519 2744/3668/4511 2747/3675/4520
f 2747/3675/4520 2744/3668/4511 2750/3676/4513
s 49
f 2751/3685/4521 2745/3686/4522 2757/3688/4523
f 2757/3688/4523 2745/3686/4522 2763/3687/4524
s 48
f 2741/3669/4519 2747/3675/4520 2759/3689/4525
f 2759/3689/4525 2747/3675/4520 2753/3680/4526
s 49
f 2751/3685/4521 2749/3684/4517 2745/3686/4522
f 2745/3686/4522 2749/3684/4517 2743/3683/4518
s 47
f 2756/3691/4527 2753/3680/4509 2755/3690/4528
f 2755/3690/4528 2753/3680/4509 2757/3679/4510
f 2756/3691/4527 2755/3690/4528 2752/3692/4529
f 2752/3692/4529 2755/3690/4528 2754/3693/4530
s 46
f 2763/3695/4531 2759/3689/4532 2761/3694/4533
f 2761/3694/4533 2759/3689/4532 2762/3696/4534
f 2760/3698/4535 2761/3694/4533 2758/3697/4536
f 2758/3697/4536 2761/3694/4533 2762/3696/4534
f 2741/3669/4498 2759/3689/4532 2745/3670/4500
f 2745/3670/4500 2759/3689/4532 2763/3695/4531
s 48
f 2756/3691/4537 2752/3692/4538 2762/3696/4539
f 2762/3696/4539 2752/3692/4538 2758/3697/4540
s 49
f 2760/3699/4541 2754/3700/4542 2761/3702/4543
f 2761/3702/4543 2754/3700/4542 2755/3701/4544
s 48
f 2753/3680/4526 2756/3691/4537 2759/3689/4525
f 2759/3689/4525 2756/3691/4537 2762/3696/4539
s 49
f 2757/3688/4523 2763/3687/4524 2755/3701/4544
f 2755/3701/4544 2763/3687/4524 2761/3702/4543
s 54
f 2768/3704/4545 2765/3705/4546 2767/3703/4547
f 2767/3703/4547 2765/3705/4546 2769/3706/4548
f 2768/3704/4545 2767/3703/4547 2764/3707/4549
f 2764/3707/4549 2767/3703/4547 2766/3708/4550
s 55
f 2775/3710/4551 2771/3711/4552 2773/3709/4553
f 2773/3709/4553 2771/3711/4552 2774/3712/4554
f 2772/3714/4555 2773/3709/4553 2770/3713/4556
f 2770/3713/4556 2773/3709/4553 2774/3712/4554
f 2771/3711/4552 2775/3710/4551 2777/3716/4557
f 2777/3716/4557 2775/3710/4551 2781/3715/4558
s 56
f 2768/3704/4559 2764/3707/4560 2774/3712/4561
f 2774/3712/4561 2764/3707/4560 2770/3713/4562
s 57
f 2772/3717/4563 2766/3718/4564 2773/3720/4565
f 2773/3720/4565 2766/3718/4564 2767/3719/4566
s 56
f 2765/3705/4567 2768/3704/4559 2771/3711/4568
f 2771/3711/4568 2768/3704/4559 2774/3712/4561
s 57
f 2775/3721/4569 2769/3722/4570 2781/3724/4571
f 2781/3724/4571 2769/3722/4570 2787/3723/4572
s 56
f 2765/3705/4567 2771/3711/4568 2783/3725/4573
f 2783/3725/4573 2771/3711/4568 2777/3716/4574
s 57
f 2775/3721/4569 2773/3720/4565 2769/3722/4570
f 2769/3722/4570 2773/3720/4565 2767/3719/4566
s 55
f 2780/3727/4575 2777/3716/4557 2779/3726/4576
f 2779/3726/4576 2777/3716/4557 2781/3715/4558
f 2780/3727/4575 2779/3726/4576 2776/3728/4577
f 2776/3728/4577 2779/3726/4576 2778/3729/4578
s 54
f 2787/3731/4579 2783/3725/4580 2785/3730/4581
f 2785/3730/4581 2783/3725/4580 2786/3732/4582
f 2784/3734/4583 2785/3730/4581 2782/3733/4584
f 2782/3733/4584 2785/3730/4581 2786/3732/4582
f 2765/3705/4546 2783/3725/4580 2769/3706/4548
f 2769/3706/4548 2783/3725/4580 2787/3731/4579
s 56
f 2780/3727/4585 2776/3728/4586 2786/3732/4587
f 2786/3732/4587 2776/3728/4586 2782/3733/4588
s 57
f 2784/3735/4589 2778/3736/4590 2785/3738/4591
f 2785/3738/4591 2778/3736/4590 2779/3737/4592
s 56
f 2777/3716/4574 2780/3727/4585 2783/3725/4573
f 2783/3725/4573 2780/3727/4585 2786/3732/4587
s 57
f 2781/3724/4571 2787/3723/4572 2779/3737/4592
f 2779/3737/4592 2787/3723/4572 2785/3738/4591
s 62
f 2802/3739/4593 2803/3740/4594 2788/3742/4595
f 2788/3742/4595 2803/3740/4594 2794/3741/4596
f 2788/3742/4595 2789/3743/4597 2802/3739/4593
f 2802/3739/4593 2789/3743/4597 2801/3744/4598
f 2789/3743/4597 2797/3745/4599 2801/3744/4598
f 2801/3744/4598 2797/3745/4599 2800/3746/4600
f 2806/3747/4601 2807/3748/4602 2793/3750/4603
f 2793/3750/4603 2807/3748/4602 2798/3749/4604
f 2806/3747/4601 2793/3750/4603 2805/3751/4605
f 2805/3751/4605 2793/3750/4603 2792/3752/4606
f 2796/3753/4607 2804/3754/4608 2792/3752/4606
f 2792/3752/4606 2804/3754/4608 2805/3751/4605
f 2814/3755/4609 2815/3756/4610 2802/3739/4593
f 2802/3739/4593 2815/3756/4610 2803/3740/4594
f 2802/3739/4593 2801/3744/4598 2814/3755/4609
f 2814/3755/4609 2801/3744/4598 2813/3757/4611
f 2801/3744/4598 2800/3746/4600 2813/3757/4611
f 2813/3757/4611 2800/3746/4600 2812/3758/4612
f 2808/3760/4613 2807/3748/4602 2809/3759/4614
f 2809/3759/4614 2807/3748/4602 2806/3747/4601
f 2809/3759/4614 2806/3747/4601 2810/3761/4615
f 2810/3761/4615 2806/3747/4601 2805/3751/4605
f 2804/3754/4608 2811/3762/4616 2805/3751/4605
f 2805/3751/4605 2811/3762/4616 2810/3761/4615
f 2813/3757/4611 2812/3758/4612 2809/3759/4614
f 2809/3759/4614 2812/3758/4612 2808/3760/4613
f 2813/3757/4611 2809/3759/4614 2814/3755/4609
f 2814/3755/4609 2809/3759/4614 2810/3761/4615
f 2810/3761/4615 2811/3762/4616 2814/3755/4609
f 2814/3755/4609 2811/3762/4616 2815/3756/4610
s 67
f 2790/3763/4617 2791/3764/4618 2823/3766/4619
f 2823/3766/4619 2791/3764/4618 2822/3765/4620
s 68
f 2821/3768/4621 2822/3765/4622 2795/3767/4623
f 2795/3767/4623 2822/3765/4622 2791/3764/4624
s 69
f 2824/3769/4625 2799/3770/4626 2823/3766/4627
f 2823/3766/4627 2799/3770/4626 2790/3763/4628
s 62
f 2816/3771/4629 2794/3741/4596 2817/3772/4630
f 2817/3772/4630 2794/3741/4596 2803/3740/4594
f 2818/3773/4631 2817/3772/4630 2815/3756/4610
f 2815/3756/4610 2817/3772/4630 2803/3740/4594
f 2819/3774/4632 2818/3773/4631 2811/3762/4616
f 2811/3762/4616 2818/3773/4631 2815/3756/4610
f 2820/3775/4633 2819/3774/4632 2804/3754/4608
f 2804/3754/4608 2819/3774/4632 2811/3762/4616
f 2821/3776/4634 2820/3775/4633 2796/3753/4607
f 2796/3753/4607 2820/3775/4633 2804/3754/4608
s 68
f 2821/3768/4621 2796/3777/4635 2822/3765/4622
f 2822/3765/4622 2796/3777/4635 2792/3778/4636
s 67
f 2823/3766/4619 2822/3765/4620 2793/3779/4637
f 2793/3779/4637 2822/3765/4620 2792/3778/4638
s 69
f 2824/3769/4625 2823/3766/4627 2798/3780/4639
f 2798/3780/4639 2823/3766/4627 2793/3779/4640
s 62
f 2807/3748/4602 2825/3781/4641 2798/3749/4604
f 2798/3749/4604 2825/3781/4641 2824/3782/4642
f 2808/3760/4613 2826/3783/4643 2807/3748/4602
f 2807/3748/4602 2826/3783/4643 2825/3781/4641
f 2812/3758/4612 2827/3784/4644 2808/3760/4613
f 2808/3760/4613 2827/3784/4644 2826/3783/4643
f 2800/3746/4600 2828/3785/4645 2812/3758/4612
f 2812/3758/4612 2828/3785/4645 2827/3784/4644
f 2797/3745/4599 2829/3786/4646 2800/3746/4600
f 2800/3746/4600 2829/3786/4646 2828/3785/4645
s 70
f 2836/3787/4647 2830/3788/4648 2837/3790/4649
f 2837/3790/4649 2830/3788/4648 2832/3789/4650
f 2830/3788/4648 2836/3787/4647 2831/3792/4651
f 2831/3792/4651 2836/3787/4647 2835/3791/4652
f 2831/3792/4651 2835/3791/4652 2833/3794/4653
f 2833/3794/4653 2835/3791/4652 2834/3793/4654
f 2840/3795/4655 2790/3796/4656 2841/3798/4657
f 2841/3798/4657 2790/3796/4656 2799/3797/4658
f 2791/3800/4659 2790/3796/4656 2839/3799/4660
f 2839/3799/4660 2790/3796/4656 2840/3795/4655
f 2795/3801/4661 2791/3800/4659 2838/3802/4662
f 2838/3802/4662 2791/3800/4659 2839/3799/4660
f 2848/3803/4663 2836/3787/4647 2849/3804/4664
f 2849/3804/4664 2836/3787/4647 2837/3790/4649
f 2836/3787/4647 2848/3803/4663 2835/3791/4652
f 2835/3791/4652 2848/3803/4663 2847/3805/4665
f 2835/3791/4652 2847/3805/4665 2834/3793/4654
f 2834/3793/4654 2847/3805/4665 2846/3806/4666
f 2840/3795/4655 2841/3798/4657 2843/3807/4667
f 2843/3807/4667 2841/3798/4657 2842/3808/4668
f 2839/3799/4660 2840/3795/4655 2844/3809/4669
f 2844/3809/4669 2840/3795/4655 2843/3807/4667
f 2844/3809/4669 2845/3810/4670 2839/3799/4660
f 2839/3799/4660 2845/3810/4670 2838/3802/4662
f 2847/3805/4665 2843/3807/4667 2846/3806/4666
f 2846/3806/4666 2843/3807/4667 2842/3808/4668
f 2844/3809/4669 2843/3807/4667 2848/3803/4663
f 2848/3803/4663 2843/3807/4667 2847/3805/4665
f 2844/3809/4669 2848/3803/4663 2845/3810/4670
f 2845/3810/4670 2848/3803/4663 2849/3804/4664
f 2816/3811/4671 2817/3812/4672 2832/3789/4650
f 2832/3789/4650 2817/3812/4672 2837/3790/4649
f 2818/3813/4673 2849/3804/4664 2817/3812/4672
f 2817/3812/4672 2849/3804/4664 2837/3790/4649
f 2819/3814/4674 2845/3810/4670 2818/3813/4673
f 2818/3813/4673 2845/3810/4670 2849/3804/4664
f 2820/3815/4675 2838/3802/4662 2819/3814/4674
f 2819/3814/4674 2838/3802/4662 2845/3810/4670
f 2821/3816/4676 2795/3801/4661 2820/3815/4675
f 2820/3815/4675 2795/3801/4661 2838/3802/4662
f 2841/3798/4657 2799/3797/4658 2825/3818/4677
f 2825/3818/4677 2799/3797/4658 2824/3817/4678
f 2842/3808/4668 2841/3798/4657 2826/3819/4679
f 2826/3819/4679 2841/3798/4657 2825/3818/4677
f 2846/3806/4666 2842/3808/4668 2827/3820/4680
f 2827/3820/4680 2842/3808/4668 2826/3819/4679
f 2834/3793/4654 2846/3806/4666 2828/3821/4681
f 2828/3821/4681 2846/3806/4666 2827/3820/4680
f 2833/3794/4653 2834/3793/4654 2829/3822/4682
f 2829/3822/4682 2834/3793/4654 2828/3821/4681
g default
v -34.505035 -2.855080 2.197418
v -47.058578 -3.315830 2.197418
v -34.969093 13.341682 1.445223
v -47.522659 12.880924 1.445223
v -34.750095 5.697784 2.590406
v -47.303658 5.237022 2.590406
v -34.969093 13.341682 0.000000
v -47.522659 12.880924 0.000000
v -47.303658 5.237022 0.000000
v -47.058578 -3.315830 0.000000
v -34.505035 -2.855080 0.000000
v -34.505035 -2.855080 -2.197418
v -47.058578 -3.315830 -2.197418
v -34.969093 13.341682 -1.445223
v -47.522659 12.880924 -1.445223
v -34.750095 5.697784 -2.590406
v -47.303658 5.237022 -2.590406
v -34.969093 13.341682 0.000000
v -47.522659 12.880924 0.000000
v -47.303658 5.237022 0.000000
v -47.058578 -3.315830 0.000000
v -34.505035 -2.855080 0.000000
v -33.194801 -12.242702 2.453531
v -33.238159 -10.728806 6.695238
v -33.425201 -4.200363 11.596483
v -33.680763 4.717644 13.390461
v -26.000072 -12.036556 2.453531
v -26.043430 -10.522667 6.695238
v -26.230469 -3.994217 11.596483
v -26.485992 4.923794 13.390461
v -33.230324 -11.002419 2.159746
v -26.035591 -10.796272 2.159746
v -33.269325 -9.641148 5.893548
v -26.074594 -9.434998 5.893548
v -33.441353 -3.637947 10.340273
v -26.246620 -3.431801 10.340273
v -33.680763 4.717644 12.006845
v -26.485992 4.923794 12.006845
v -34.166679 21.677994 2.453531
v -34.123322 20.164112 6.695238
v -33.936287 13.635674 11.596483
v -26.971951 21.884144 2.453531
v -26.928593 20.370251 6.695238
v -26.741554 13.841820 11.596483
v -34.131165 20.437714 2.159746
v -26.936432 20.643852 2.159746
v -34.092159 19.076447 5.893548
v -26.897429 19.282593 5.893548
v -33.920135 13.073235 10.340273
v -26.725403 13.279385 10.340273
v -33.464462 28.165188 10.152245
v -33.180817 18.265854 17.584196
v -28.044559 28.320477 10.152245
v -27.760937 18.421135 17.584196
v -33.561775 31.561640 12.655667
v -28.141876 31.716934 12.655667
v -33.231140 20.022156 21.506948
v -27.811260 20.177452 21.506948
v -32.909576 8.799934 19.488390
v -32.924690 9.326828 23.689634
v -27.504791 9.482124 23.689634
v -27.489695 8.955231 19.488390
v -33.537132 30.701572 3.045684
v -33.649540 34.624638 3.796710
v -28.229639 34.779930 3.796710
v -28.117252 30.856863 3.045684
v -33.464462 28.165188 -10.152245
v -33.180817 18.265854 -17.584196
v -28.044559 28.320477 -10.152245
v -27.760937 18.421135 -17.584196
v -33.561775 31.561640 -12.655667
v -28.141876 31.716934 -12.655667
v -33.231140 20.022156 -21.506948
v -27.811260 20.177452 -21.506948
v -32.909576 8.799934 -19.488390
v -32.924690 9.326828 -23.689634
v -27.504791 9.482124 -23.689634
v -27.489695 8.955231 -19.488390
v -33.537132 30.701572 -3.045684
v -33.649540 34.624638 -3.796710
v -28.229639 34.779930 -3.796710
v -28.117252 30.856863 -3.045684
v -32.122253 -18.678993 -10.152245
v -32.405891 -8.779655 -17.584196
v -26.702370 -18.523697 -10.152245
v -26.985992 -8.624371 -17.584196
v -32.024933 -22.075447 -12.655667
v -26.605053 -21.920166 -12.655667
v -32.355572 -10.535965 -21.506948
v -26.935671 -10.380680 -21.506948
v -32.677135 0.686260 -19.488390
v -32.662018 0.159367 -23.689634
v -27.242138 0.314651 -23.689634
v -27.257235 0.841545 -19.488390
v -32.049561 -21.215374 -3.045684
v -31.937172 -25.138435 -3.796710
v -26.517271 -24.983150 -3.796710
v -26.629677 -21.060085 -3.045684
v -32.122253 -18.678993 10.152245
v -32.405891 -8.779655 17.584196
v -26.702370 -18.523697 10.152245
v -26.985992 -8.624371 17.584196
v -32.024933 -22.075447 12.655667
v -26.605053 -21.920166 12.655667
v -32.355572 -10.535965 21.506948
v -26.935671 -10.380680 21.506948
v -32.677135 0.686260 19.488390
v -32.662018 0.159367 23.689634
v -27.242138 0.314651 23.689634
v -27.257235 0.841545 19.488390
v -32.049561 -21.215374 3.045684
v -31.937172 -25.138435 3.796710
v -26.517271 -24.983150 3.796710
v -26.629677 -21.060085 3.045684
v -33.194801 -12.242702 -2.453531
v -33.238159 -10.728806 -6.695238
v -33.425201 -4.200363 -11.596483
v -33.680763 4.717644 -13.390461
v -26.000072 -12.036556 -2.453531
v -26.043430 -10.522667 -6.695238
v -26.230469 -3.994217 -11.596483
v -26.485992 4.923794 -13.390461
v -33.230324 -11.002419 -2.159746
v -26.035591 -10.796272 -2.159746
v -33.269325 -9.641148 -5.893548
v -26.074594 -9.434998 -5.893548
v -33.441353 -3.637947 -10.340273
v -26.246620 -3.431801 -10.340273
v -33.680763 4.717644 -12.006845
v -26.485992 4.923794 -12.006845
v -34.166679 21.677994 -2.453531
v -34.123322 20.164112 -6.695238
v -33.936287 13.635674 -11.596483
v -26.971951 21.884144 -2.453531
v -26.928593 20.370251 -6.695238
v -26.741554 13.841820 -11.596483
v -34.131165 20.437714 -2.159746
v -26.936432 20.643852 -2.159746
v -34.092159 19.076447 -5.893548
v -26.897429 19.282593 -5.893548
v -33.920135 13.073235 -10.340273
v -26.725403 13.279385 -10.340273
v -35.191143 17.169518 5.411524
v -35.039948 11.892776 9.373036
v -34.833435 4.684654 10.823050
v -34.626884 -2.523495 9.373036
v -34.475716 -7.800209 5.411524
v -34.420357 -9.731628 -0.000002
v -34.475716 -7.800209 -5.411528
v -34.626884 -2.523495 -9.373042
v -34.833435 4.684654 -10.823053
v -35.039948 11.892776 -9.373042
v -35.191143 17.169518 -5.411528
v -35.246502 19.100925 -0.000002
v -25.690987 17.441711 5.411524
v -25.539795 12.164982 9.373036
v -25.333282 4.956848 10.823050
v -25.126749 -2.251293 9.373036
v -24.975559 -7.527996 5.411524
v -24.920200 -9.459427 -0.000002
v -24.975559 -7.527996 -5.411528
v -25.126749 -2.251293 -9.373042
v -25.333282 4.956848 -10.823053
v -25.539795 12.164982 -9.373042
v -25.690987 17.441711 -5.411528
v -25.746346 19.373131 -0.000002
v -35.191143 17.169518 -0.000002
v -35.039948 11.892776 -0.000002
v -34.833435 4.684654 -0.000002
v -34.626884 -2.523495 -0.000002
v -34.475716 -7.800209 -0.000002
v -25.690987 17.441711 -0.000002
v -25.539795 12.164982 -0.000002
v -25.333282 4.956848 -0.000002
v -25.126749 -2.251293 -0.000002
v -24.975559 -7.527996 -0.000003
v -62.925720 -2.687378 -1.227700
v -46.864235 -2.221313 -1.227700
v -47.041855 3.978451 -1.447525
v -63.105255 3.577236 -1.447525
v -47.263031 11.698936 -0.000003
v -63.324398 11.224297 -0.000003
v -46.864235 -2.221313 -0.000003
v -62.925720 -2.687378 -0.000003
v -118.689362 -5.940746 -1.227700
v -119.361809 0.634117 -1.447525
v -120.089966 7.789900 -0.000003
v -118.689362 -5.940746 -0.000003
v -62.925720 -2.687378 1.227694
v -46.864235 -2.221313 1.227694
v -47.041855 3.978451 1.447519
v -63.105255 3.577236 1.447519
v -118.689362 -5.940746 1.227694
v -119.361809 0.634117 1.447519
v 34.572144 6.673294 5.470903
v 35.427490 8.401031 5.470903
v 38.680618 10.037811 5.470903
v 38.773575 6.793678 5.470903
v 41.686085 11.028767 5.470903
v 42.900299 9.519997 5.470903
v 43.972801 12.957203 5.470903
v 45.770489 11.518375 5.279977
v 45.669525 16.030678 5.273644
v 51.775356 13.713028 3.923161
v 41.784412 6.879944 5.470903
v 42.974930 6.914059 5.470903
v 31.002247 6.571007 2.735452
v 33.097221 10.715332 2.735452
v 36.350349 12.352112 2.735452
v 39.355812 13.343067 2.735452
v 41.885460 14.966190 2.735452
v 43.840797 17.188328 2.735452
v 45.573917 18.378918 2.639989
v 51.822327 15.790192 1.949674
v 51.775356 13.713028 1.961580
v 45.770489 11.518375 2.639989
v 42.900299 9.519997 2.735452
v 42.974930 6.914059 2.735452
v 36.332779 12.964054 -0.000000
v 39.338242 13.955002 -0.000000
v 41.867966 15.578136 -0.000000
v 43.823261 17.800282 -0.000000
v 45.556343 18.990852 -0.000000
v 51.804790 16.402138 -0.000000
v 51.775356 13.713028 -0.000000
v 45.770489 11.518375 -0.000000
v 42.900299 9.519997 -0.000000
v 42.974930 6.914059 -0.000000
v 35.524979 4.997360 5.470903
v 38.866531 3.549545 5.470903
v 41.923801 2.732300 5.470903
v 43.049637 4.308121 5.470903
v 44.317184 0.937965 5.470903
v 46.029537 2.477364 5.279977
v 46.187141 -2.033318 5.273644
v 52.150215 0.630127 3.923161
v 33.331081 2.553429 2.735452
v 36.672592 1.105614 2.735452
v 39.729866 0.288368 2.735452
v 42.348335 -1.187263 2.735452
v 44.427658 -3.293785 2.735452
v 46.226112 -4.383179 2.639989
v 52.316078 -1.440926 1.949674
v 52.150215 0.630127 1.961580
v 46.029537 2.477364 2.639989
v 43.049637 4.308121 2.735452
v 36.690125 0.493668 -0.000000
v 39.747360 -0.323586 -0.000000
v 42.365833 -1.799210 -0.000000
v 44.445190 -3.905746 -0.000000
v 46.243641 -4.995125 -0.000000
v 52.333576 -2.052872 -0.000000
v 52.150215 0.630127 -0.000000
v 46.029537 2.477364 -0.000000
v 43.049637 4.308121 -0.000000
v 52.851227 -0.126289 -0.000000
v 52.823132 0.854057 3.472898
v 52.746395 3.532387 4.851208
v 52.536694 10.849678 4.851208
v 52.459991 13.528000 3.472898
v 52.431904 14.508324 -0.000000
v 56.830498 3.569817 -0.000000
v 56.816147 4.070641 1.411033
v 56.776939 5.438904 2.332456
v 56.669872 9.177063 2.332456
v 56.630630 10.545322 1.411033
v 56.616318 11.046146 -0.000000
v 56.723392 7.307983 -0.000000
v 54.772202 4.118118 4.080092
v 54.837883 1.825760 2.776284
v 54.861923 0.986717 -0.000000
v 54.503029 13.512302 -0.000000
v 54.527069 12.673248 2.776286
v 54.592751 10.380901 4.080093
v 51.953148 -0.152023 -0.000000
v 47.945736 0.714302 3.472898
v 43.079800 3.255409 4.851208
v 42.870140 10.572704 4.851208
v 47.582596 13.388248 3.472898
v 51.533787 14.482590 -0.000000
v 34.572144 6.673294 -5.470903
v 35.427490 8.401031 -5.470903
v 38.680618 10.037811 -5.470903
v 38.773575 6.793678 -5.470903
v 41.686085 11.028767 -5.470903
v 42.900299 9.519997 -5.470903
v 43.972801 12.957203 -5.470903
v 45.770489 11.518375 -5.279977
v 45.669525 16.030678 -5.273644
v 51.775356 13.713028 -3.923161
v 41.784412 6.879944 -5.470903
v 42.974930 6.914059 -5.470903
v 31.002247 6.571007 -2.735452
v 33.097221 10.715332 -2.735452
v 36.350349 12.352112 -2.735452
v 39.355812 13.343067 -2.735452
v 41.885460 14.966190 -2.735452
v 43.840797 17.188328 -2.735452
v 45.573917 18.378918 -2.639989
v 51.822327 15.790192 -1.949674
v 51.775356 13.713028 -1.961580
v 45.770489 11.518375 -2.639989
v 42.900299 9.519997 -2.735452
v 42.974930 6.914059 -2.735452
v 35.524979 4.997360 -5.470903
v 38.866531 3.549545 -5.470903
v 41.923801 2.732300 -5.470903
v 43.049637 4.308121 -5.470903
v 44.317184 0.937965 -5.470903
v 46.029537 2.477364 -5.279977
v 46.187141 -2.033318 -5.273644
v 52.150215 0.630127 -3.923161
v 33.331081 2.553429 -2.735452
v 36.672592 1.105614 -2.735452
v 39.729866 0.288368 -2.735452
v 42.348335 -1.187263 -2.735452
v 44.427658 -3.293785 -2.735452
v 46.226112 -4.383179 -2.639989
v 52.316078 -1.440926 -1.949674
v 52.150215 0.630127 -1.961580
v 46.029537 2.477364 -2.639989
v 43.049637 4.308121 -2.735452
v 52.823132 0.854057 -3.472898
v 52.746395 3.532387 -4.851208
v 52.536694 10.849678 -4.851208
v 52.459991 13.528000 -3.472898
v 56.816147 4.070641 -1.411033
v 56.776939 5.438904 -2.332456
v 56.669872 9.177063 -2.332456
v 56.630630 10.545322 -1.411033
v 54.772202 4.118118 -4.080092
v 54.837883 1.825760 -2.776284
v 54.527069 12.673248 -2.776286
v 54.592751 10.380901 -4.080093
v 47.945736 0.714302 -3.472898
v 43.079800 3.255409 -4.851208
v 42.870140 10.572704 -4.851208
v 47.582596 13.388248 -3.472898
v -25.299511 -2.737732 -0.000000
v -25.329008 -1.707584 -2.805571
v -25.409668 1.106876 -4.859389
v -25.519844 4.951504 -5.611142
v -25.629986 8.796124 -4.859389
v -25.710627 11.610573 -2.805571
v -25.740143 12.640720 -0.000000
v 38.957275 -0.080254 -0.000000
v 38.046574 0.815262 -2.515128
v 36.593075 3.291588 -4.356328
v 34.320545 6.666088 -5.030257
v 36.396168 10.165154 -4.356328
v 37.705490 12.720619 -2.515128
v 38.563385 13.666843 -0.000000
v 24.420650 14.077961 -0.000000
v 24.450165 13.047810 -2.805571
v 24.530807 10.233360 -4.859389
v 24.640965 6.388741 -5.611142
v 24.751123 2.544113 -4.859389
v 24.831804 -0.270355 -2.805571
v 24.861284 -1.300507 -0.000000
v -4.382819 13.252674 -0.000000
v -4.353302 12.222507 -2.805571
v -4.272643 9.408066 -4.859389
v -4.162503 5.563446 -5.611142
v -4.052343 1.718811 -4.859389
v -3.971684 -1.095638 -2.805571
v -3.942167 -2.125809 -0.000000
v 31.700592 6.591019 -5.174719
v 31.802183 3.045418 -4.481438
v 31.876554 0.449860 -2.587359
v 31.903774 -0.500183 -0.000000
v 31.497450 13.682194 -0.000000
v 31.524672 12.732155 -2.587359
v 31.599041 10.136593 -4.481438
v 16.616516 9.750069 -4.535430
v 3.656282 9.378723 -4.535430
v 3.759096 5.790421 -5.237065
v 16.719330 6.161766 -5.237065
v 3.861929 2.202091 -4.535430
v 16.822182 2.573429 -4.535430
v 3.937195 -0.424721 -2.618533
v 16.897446 -0.053383 -2.618533
v 3.964745 -1.386211 -0.000000
v 16.924995 -1.014877 -0.000000
v 3.553467 12.967045 -0.000000
v 16.513702 13.338387 -0.000000
v 3.581017 12.005554 -2.618533
v 16.541248 12.376900 -2.618533
v -9.918859 12.281754 -0.000000
v -9.892458 11.360313 -2.509427
v -9.820311 8.842957 -4.346454
v -9.721799 5.404160 -5.018855
v -9.623268 1.965343 -4.346454
v -9.551120 -0.552032 -2.509427
v -9.524718 -1.473454 -0.000000
v -25.329008 -1.707584 2.805571
v -25.409668 1.106876 4.859389
v -25.519844 4.951504 5.611142
v -25.629986 8.796124 4.859389
v -25.710627 11.610573 2.805571
v 38.046574 0.815262 2.515128
v 36.593075 3.291588 4.356328
v 34.320545 6.666088 5.030257
v 36.396168 10.165154 4.356328
v 37.705490 12.720619 2.515128
v 24.450165 13.047810 2.805571
v 24.530807 10.233360 4.859389
v 24.640965 6.388741 5.611142
v 24.751123 2.544113 4.859389
v 24.831804 -0.270355 2.805571
v -4.353302 12.222507 2.805571
v -4.272643 9.408066 4.859389
v -4.162503 5.563446 5.611142
v -4.052343 1.718811 4.859389
v -3.971684 -1.095638 2.805571
v 31.700592 6.591019 5.174719
v 31.802183 3.045418 4.481438
v 31.876554 0.449860 2.587359
v 31.524672 12.732155 2.587359
v 31.599041 10.136593 4.481438
v 16.616516 9.750069 4.535430
v 3.656282 9.378723 4.535430
v 3.759096 5.790421 5.237065
v 16.719330 6.161766 5.237065
v 3.861929 2.202091 4.535430
v 16.822182 2.573429 4.535430
v 3.937195 -0.424721 2.618533
v 16.897446 -0.053383 2.618533
v 3.581017 12.005554 2.618533
v 16.541248 12.376900 2.618533
v -9.892458 11.360313 2.509427
v -9.820311 8.842957 4.346454
v -9.721799 5.404160 5.018855
v -9.623268 1.965343 4.346454
v -9.551120 -0.552032 2.509427
v -25.608183 14.549210 4.391198
v -25.492002 10.495018 7.605803
v -25.333340 4.956932 8.782427
v -25.174658 -0.581177 7.605803
v -25.058477 -4.635368 4.391198
v -25.015959 -6.119282 -0.000033
v -25.058477 -4.635368 -4.391263
v -25.174658 -0.581177 -7.605866
v -25.333340 4.956932 -8.782492
v -25.492002 10.495018 -7.605866
v -25.608183 14.549210 -4.391263
v -25.650702 16.033134 -0.000033
v -24.980936 14.300816 4.273385
v -24.867977 10.359089 7.401746
v -24.713718 4.974686 8.546803
v -24.559422 -0.409767 7.401746
v -24.446482 -4.351448 4.273385
v -24.405161 -5.794216 -0.000033
v -24.446482 -4.351448 -4.273451
v -24.559422 -0.409767 -7.401812
v -24.713718 4.974686 -8.546869
v -24.867977 10.359089 -7.401812
v -24.980936 14.300816 -4.273451
v -25.022257 15.743568 -0.000033
v -25.566717 13.101994 3.558105
v -25.469055 9.694153 6.233816
v -24.853756 9.862789 6.421327
v -24.954504 13.378960 3.664878
v -25.333340 4.956932 7.234617
v -24.713718 4.974686 7.452426
v -25.197605 0.219688 6.233816
v -24.573643 0.086544 6.421327
v -25.099943 -3.188133 3.558105
v -24.472895 -3.429611 3.664878
v -25.064949 -4.410099 -0.000033
v -24.436773 -4.690300 -0.000033
v -25.099943 -3.188133 -3.558170
v -24.472895 -3.429611 -3.664944
v -25.197605 0.219688 -6.233881
v -24.573643 0.086544 -6.421392
v -25.333340 4.956932 -7.234683
v -24.713718 4.974686 -7.452492
v -25.469055 9.694153 -6.233881
v -24.853756 9.862789 -6.421392
v -25.566717 13.101994 -3.558170
v -24.954504 13.378960 -3.664944
v -25.601711 14.323952 -0.000033
v -24.990627 14.639648 -0.000033
v -34.558571 -4.907711 4.391198
v -34.674736 -0.853519 7.605803
v -34.833416 4.684570 8.782427
v -34.992096 10.222687 7.605803
v -35.108280 14.276878 4.391198
v -35.150795 15.760784 -0.000033
v -35.108280 14.276878 -4.391263
v -34.992096 10.222687 -7.605866
v -34.833416 4.684570 -8.782492
v -34.674736 -0.853519 -7.605866
v -34.558571 -4.907711 -4.391263
v -34.516052 -6.391632 -0.000033
v -35.185822 -4.659317 4.273385
v -35.298759 -0.717598 7.401746
v -35.453037 4.666817 8.546803
v -35.607334 10.051266 7.401746
v -35.720276 13.992950 4.273385
v -35.761597 15.435707 -0.000033
v -35.720276 13.992950 -4.273451
v -35.607334 10.051266 -7.401812
v -35.453037 4.666817 -8.546869
v -35.298759 -0.717598 -7.401812
v -35.185822 -4.659317 -4.273451
v -35.144501 -6.102066 -0.000033
v -34.600037 -3.460495 3.558105
v -34.697701 -0.052650 6.233816
v -35.313000 -0.221298 6.421327
v -35.212250 -3.737461 3.664878
v -34.833416 4.684570 7.234617
v -35.453037 4.666817 7.452426
v -34.969151 9.421810 6.233816
v -35.593113 9.554947 6.421327
v -35.066811 12.829636 3.558105
v -35.693840 13.071110 3.664878
v -35.101807 14.051594 -0.000033
v -35.729980 14.331802 -0.000033
v -35.066811 12.829636 -3.558170
v -35.693840 13.071110 -3.664944
v -34.969151 9.421810 -6.233881
v -35.593113 9.554947 -6.421392
v -34.833416 4.684570 -7.234683
v -35.453037 4.666817 -7.452492
v -34.697701 -0.052650 -6.233881
v -35.313000 -0.221298 -6.421392
v -34.600037 -3.460495 -3.558170
v -35.212250 -3.737461 -3.664944
v -34.565025 -4.682449 -0.000033
v -35.176109 -4.998150 -0.000033
v -118.689362 -5.940746 -0.000015
v -119.361809 0.634117 -0.000017
v -120.089966 7.789900 -0.000003
v -118.689362 -5.940746 0.000009
v -119.361809 0.634117 0.000012
vt 0.514089 0.436454
vt 0.500008 0.436778
vt 0.498538 0.352552
vt 0.512605 0.352267
vt 0.394653 0.437798
vt 0.385390 0.437695
vt 0.385875 0.353962
vt 0.396450 0.354061
vt 0.444389 0.438030
vt 0.444389 0.355144
vt 0.396325 0.344655
vt 0.444210 0.338823
vt 0.498286 0.338157
vt 0.514089 0.436454
vt 0.512605 0.352267
vt 0.498538 0.352552
vt 0.500008 0.436778
vt 0.394653 0.437798
vt 0.396450 0.354061
vt 0.385875 0.353962
vt 0.385390 0.437695
vt 0.444389 0.355144
vt 0.444389 0.438030
vt 0.444210 0.338823
vt 0.396325 0.344655
vt 0.498286 0.338157
vt 0.868881 0.984365
vt 0.826025 0.984365
vt 0.826025 0.958422
vt 0.868881 0.958422
vt 0.826025 0.909644
vt 0.868881 0.909644
vt 0.826025 0.854007
vt 0.868881 0.854008
vt 0.759276 0.981218
vt 0.761046 0.952856
vt 0.807357 0.952795
vt 0.807567 0.982229
vt 0.760794 0.900188
vt 0.807861 0.900272
vt 0.760761 0.841489
vt 0.808068 0.841531
vt 0.751761 0.978992
vt 0.752551 0.951799
vt 0.814799 0.951978
vt 0.814764 0.980725
vt 0.752053 0.900127
vt 0.815563 0.900286
vt 0.752044 0.841481
vt 0.815743 0.841539
vt 0.807242 0.990595
vt 0.759146 0.989584
vt 0.868881 0.726930
vt 0.868881 0.749593
vt 0.826025 0.749593
vt 0.826025 0.726930
vt 0.868881 0.798370
vt 0.826025 0.798370
vt 0.759525 0.704526
vt 0.807461 0.704356
vt 0.807555 0.730266
vt 0.761244 0.730122
vt 0.807965 0.782790
vt 0.760898 0.782790
vt 0.752747 0.731164
vt 0.751781 0.706737
vt 0.816101 0.705816
vt 0.814995 0.731098
vt 0.752158 0.782836
vt 0.815667 0.782792
vt 0.759410 0.696160
vt 0.807151 0.695236
vt 0.679066 0.887188
vt 0.678554 0.796703
vt 0.713505 0.796514
vt 0.713505 0.887170
vt 0.677633 0.730168
vt 0.714777 0.730705
vt 0.918168 0.928001
vt 0.886125 0.928001
vt 0.886125 0.865111
vt 0.918168 0.865111
vt 0.886125 0.816050
vt 0.918168 0.816050
vt 0.652352 0.885749
vt 0.651665 0.798256
vt 0.740461 0.798153
vt 0.740241 0.885207
vt 0.649581 0.734571
vt 0.742791 0.735030
vt 0.678165 0.943292
vt 0.651640 0.939007
vt 0.715936 0.942214
vt 0.742258 0.937624
vt 0.918168 0.966328
vt 0.886125 0.966328
vt 0.886125 0.986624
vt 0.918168 0.986624
vt 0.918168 0.797589
vt 0.886125 0.797589
vt 0.679066 0.887188
vt 0.713505 0.887170
vt 0.713505 0.796514
vt 0.678554 0.796703
vt 0.714777 0.730705
vt 0.677633 0.730168
vt 0.918168 0.928001
vt 0.918168 0.865111
vt 0.886125 0.865111
vt 0.886125 0.928001
vt 0.918168 0.816050
vt 0.886125 0.816050
vt 0.652352 0.885749
vt 0.651665 0.798256
vt 0.740461 0.798153
vt 0.740241 0.885207
vt 0.649581 0.734571
vt 0.742791 0.735030
vt 0.678165 0.943292
vt 0.651640 0.939007
vt 0.715936 0.942214
vt 0.742258 0.937624
vt 0.918168 0.966328
vt 0.886125 0.966328
vt 0.886125 0.986624
vt 0.918168 0.986624
vt 0.918168 0.797589
vt 0.886125 0.797589
vt 0.679066 0.887188
vt 0.678554 0.796703
vt 0.713505 0.796514
vt 0.713505 0.887170
vt 0.677633 0.730168
vt 0.714777 0.730705
vt 0.918168 0.928001
vt 0.886125 0.928001
vt 0.886125 0.865111
vt 0.918168 0.865111
vt 0.886125 0.816050
vt 0.918168 0.816050
vt 0.652352 0.885749
vt 0.651665 0.798256
vt 0.740461 0.798153
vt 0.740241 0.885207
vt 0.649581 0.734571
vt 0.742791 0.735030
vt 0.678165 0.943292
vt 0.651640 0.939007
vt 0.715936 0.942214
vt 0.742258 0.937624
vt 0.918168 0.966328
vt 0.886125 0.966328
vt 0.886125 0.986624
vt 0.918168 0.986624
vt 0.918168 0.797589
vt 0.886125 0.797589
vt 0.679066 0.887188
vt 0.713505 0.887170
vt 0.713505 0.796514
vt 0.678554 0.796703
vt 0.714777 0.730705
vt 0.677633 0.730168
vt 0.918168 0.928001
vt 0.918168 0.865111
vt 0.886125 0.865111
vt 0.886125 0.928001
vt 0.918168 0.816050
vt 0.886125 0.816050
vt 0.652352 0.885749
vt 0.651665 0.798256
vt 0.740461 0.798153
vt 0.740241 0.885207
vt 0.649581 0.734571
vt 0.742791 0.735030
vt 0.678165 0.943292
vt 0.651640 0.939007
vt 0.715936 0.942214
vt 0.742258 0.937624
vt 0.918168 0.966328
vt 0.886125 0.966328
vt 0.886125 0.986624
vt 0.918168 0.986624
vt 0.918168 0.797589
vt 0.886125 0.797589
vt 0.868881 0.984365
vt 0.826025 0.984365
vt 0.826025 0.958422
vt 0.868881 0.958422
vt 0.826025 0.909644
vt 0.868881 0.909644
vt 0.826025 0.854007
vt 0.868881 0.854008
vt 0.759276 0.981218
vt 0.761046 0.952856
vt 0.807357 0.952795
vt 0.807567 0.982229
vt 0.760794 0.900188
vt 0.807861 0.900272
vt 0.760761 0.841489
vt 0.808068 0.841531
vt 0.751761 0.978992
vt 0.752551 0.951799
vt 0.814799 0.951978
vt 0.814764 0.980725
vt 0.752053 0.900127
vt 0.815563 0.900286
vt 0.752044 0.841481
vt 0.815743 0.841539
vt 0.807242 0.990595
vt 0.759146 0.989584
vt 0.868881 0.726930
vt 0.868881 0.749593
vt 0.826025 0.749593
vt 0.826025 0.726930
vt 0.868881 0.798370
vt 0.826025 0.798370
vt 0.759525 0.704526
vt 0.807461 0.704356
vt 0.807555 0.730266
vt 0.761244 0.730122
vt 0.807965 0.782790
vt 0.760898 0.782790
vt 0.752747 0.731164
vt 0.751781 0.706737
vt 0.816101 0.705816
vt 0.814995 0.731098
vt 0.752158 0.782836
vt 0.815667 0.782792
vt 0.759410 0.696160
vt 0.807151 0.695236
vt 0.991123 0.547926
vt 0.991123 0.587786
vt 0.933724 0.587786
vt 0.933724 0.547926
vt 0.991123 0.632209
vt 0.933724 0.632209
vt 0.991123 0.676631
vt 0.933724 0.676631
vt 0.991123 0.716491
vt 0.933724 0.716491
vt 0.991123 0.751195
vt 0.933724 0.751195
vt 0.991123 0.785898
vt 0.933724 0.785898
vt 0.991123 0.825758
vt 0.933724 0.825758
vt 0.991123 0.870181
vt 0.933724 0.870181
vt 0.991123 0.914603
vt 0.933724 0.914603
vt 0.991123 0.954463
vt 0.933724 0.954464
vt 0.991123 0.989167
vt 0.933724 0.989167
vt 0.991123 0.513223
vt 0.933724 0.513223
vt 0.612325 0.890287
vt 0.583193 0.929107
vt 0.543398 0.929107
vt 0.543398 0.890287
vt 0.622988 0.837259
vt 0.543398 0.837259
vt 0.612325 0.785201
vt 0.543398 0.785201
vt 0.583193 0.747741
vt 0.543398 0.747741
vt 0.543398 0.733532
vt 0.503603 0.747741
vt 0.474471 0.785201
vt 0.463808 0.837259
vt 0.474471 0.890287
vt 0.503603 0.929107
vt 0.543398 0.942458
vt 0.503598 0.929092
vt 0.474466 0.890273
vt 0.543393 0.890273
vt 0.543393 0.929092
vt 0.463803 0.837244
vt 0.543393 0.837244
vt 0.474466 0.785187
vt 0.543393 0.785187
vt 0.503598 0.747727
vt 0.543393 0.747727
vt 0.543393 0.733518
vt 0.583188 0.747727
vt 0.612320 0.785187
vt 0.622983 0.837244
vt 0.612320 0.890273
vt 0.583188 0.929092
vt 0.543393 0.942444
vt 0.058005 0.927139
vt 0.081370 0.927614
vt 0.080199 0.987476
vt 0.057101 0.987128
vt 0.110377 0.928207
vt 0.109455 0.987963
vt 0.053430 0.927134
vt 0.052529 0.987067
vt 0.056755 0.718836
vt 0.052181 0.718895
vt 0.081370 0.717703
vt 0.108684 0.716480
vt 0.058005 0.927139
vt 0.057101 0.987128
vt 0.080199 0.987476
vt 0.081370 0.927614
vt 0.109455 0.987963
vt 0.110377 0.928207
vt 0.053430 0.927134
vt 0.052529 0.987067
vt 0.056755 0.718836
vt 0.052181 0.718895
vt 0.081370 0.717703
vt 0.108684 0.716480
vt 0.336947 0.766565
vt 0.336947 0.793184
vt 0.358313 0.792549
vt 0.347632 0.772102
vt 0.354589 0.819708
vt 0.366537 0.839474
vt 0.376521 0.827236
vt 0.364954 0.811793
vt 0.385232 0.879752
vt 0.394734 0.838578
vt 0.336947 0.812566
vt 0.336947 0.820289
vt 0.336325 0.740059
vt 0.365205 0.753638
vt 0.378010 0.775201
vt 0.386885 0.792722
vt 0.397236 0.809821
vt 0.409633 0.825437
vt 0.416835 0.837995
vt 0.404567 0.881711
vt 0.416058 0.972074
vt 0.429620 0.972151
vt 0.416057 0.959270
vt 0.374325 0.967645
vt 0.374325 0.950413
vt 0.351496 0.967022
vt 0.351496 0.949167
vt 0.334479 0.967022
vt 0.334479 0.949167
vt 0.403131 0.785424
vt 0.394789 0.768858
vt 0.413401 0.801991
vt 0.425196 0.818256
vt 0.432207 0.830417
vt 0.417123 0.884824
vt 0.433398 0.843415
vt 0.416058 0.984878
vt 0.433612 0.984879
vt 0.374325 0.984878
vt 0.351496 0.984878
vt 0.334479 0.984878
vt 0.326261 0.772102
vt 0.315580 0.792549
vt 0.319304 0.819708
vt 0.308939 0.811793
vt 0.297372 0.827236
vt 0.307356 0.839474
vt 0.279159 0.838578
vt 0.288661 0.879752
vt 0.307445 0.753638
vt 0.294640 0.775201
vt 0.287008 0.792722
vt 0.276657 0.809821
vt 0.264260 0.825437
vt 0.257058 0.837995
vt 0.269327 0.881711
vt 0.252901 0.972074
vt 0.252901 0.959269
vt 0.239339 0.972151
vt 0.294633 0.967645
vt 0.294633 0.950413
vt 0.317462 0.967022
vt 0.317462 0.949167
vt 0.277860 0.768858
vt 0.269935 0.785424
vt 0.259666 0.801991
vt 0.247870 0.818256
vt 0.240860 0.830417
vt 0.239961 0.843601
vt 0.256315 0.884824
vt 0.235347 0.984879
vt 0.252901 0.984878
vt 0.294633 0.984878
vt 0.317462 0.984878
vt 0.382416 0.519521
vt 0.391903 0.533535
vt 0.407813 0.524785
vt 0.403413 0.510774
vt 0.424035 0.522483
vt 0.421162 0.508228
vt 0.463597 0.523319
vt 0.466916 0.509215
vt 0.479767 0.525928
vt 0.484548 0.511971
vt 0.495300 0.535197
vt 0.505256 0.521372
vt 0.250799 0.941863
vt 0.336447 0.941863
vt 0.262273 0.909699
vt 0.293622 0.888695
vt 0.379270 0.888696
vt 0.410620 0.909699
vt 0.422094 0.941863
vt 0.456638 0.540736
vt 0.430355 0.540736
vt 0.418375 0.543478
vt 0.409608 0.549043
vt 0.468466 0.544166
vt 0.476979 0.550089
vt 0.399495 0.479791
vt 0.380086 0.513730
vt 0.419434 0.448292
vt 0.469621 0.447758
vt 0.489063 0.480692
vt 0.507774 0.515609
vt 0.336947 0.766565
vt 0.347632 0.772102
vt 0.358313 0.792549
vt 0.336947 0.793184
vt 0.354589 0.819708
vt 0.364954 0.811793
vt 0.376521 0.827236
vt 0.366537 0.839474
vt 0.394734 0.838578
vt 0.385232 0.879752
vt 0.336947 0.812566
vt 0.336947 0.820289
vt 0.336325 0.740059
vt 0.365205 0.753638
vt 0.378010 0.775201
vt 0.386885 0.792722
vt 0.397236 0.809821
vt 0.409633 0.825437
vt 0.416835 0.837995
vt 0.404567 0.881711
vt 0.416058 0.972074
vt 0.416057 0.959270
vt 0.429620 0.972151
vt 0.374325 0.967645
vt 0.374325 0.950413
vt 0.351496 0.967022
vt 0.351496 0.949167
vt 0.334479 0.967022
vt 0.334479 0.949167
vt 0.394789 0.768858
vt 0.403131 0.785424
vt 0.413401 0.801991
vt 0.425196 0.818256
vt 0.432207 0.830417
vt 0.433398 0.843415
vt 0.417123 0.884824
vt 0.433612 0.984879
vt 0.416058 0.984878
vt 0.374325 0.984878
vt 0.351496 0.984878
vt 0.334479 0.984878
vt 0.315580 0.792549
vt 0.326261 0.772102
vt 0.319304 0.819708
vt 0.307356 0.839474
vt 0.297372 0.827236
vt 0.308939 0.811793
vt 0.288661 0.879752
vt 0.279159 0.838578
vt 0.307445 0.753638
vt 0.294640 0.775201
vt 0.287008 0.792722
vt 0.276657 0.809821
vt 0.264260 0.825437
vt 0.257058 0.837995
vt 0.269327 0.881711
vt 0.252901 0.972074
vt 0.239339 0.972151
vt 0.252901 0.959269
vt 0.294633 0.967645
vt 0.294633 0.950413
vt 0.317462 0.967022
vt 0.317462 0.949167
vt 0.269935 0.785424
vt 0.277860 0.768858
vt 0.259666 0.801991
vt 0.247870 0.818256
vt 0.240860 0.830417
vt 0.256315 0.884824
vt 0.239961 0.843601
vt 0.252901 0.984878
vt 0.235347 0.984879
vt 0.294633 0.984878
vt 0.317462 0.984878
vt 0.382416 0.519521
vt 0.403413 0.510774
vt 0.407813 0.524785
vt 0.391903 0.533535
vt 0.421162 0.508228
vt 0.424035 0.522483
vt 0.466916 0.509215
vt 0.463597 0.523319
vt 0.484548 0.511971
vt 0.479767 0.525928
vt 0.505256 0.521372
vt 0.495300 0.535197
vt 0.250799 0.941863
vt 0.262273 0.909699
vt 0.336447 0.941863
vt 0.293622 0.888695
vt 0.379270 0.888696
vt 0.410620 0.909699
vt 0.422094 0.941863
vt 0.456638 0.540736
vt 0.430355 0.540736
vt 0.418375 0.543478
vt 0.409608 0.549043
vt 0.476979 0.550089
vt 0.468466 0.544166
vt 0.380086 0.513730
vt 0.399495 0.479791
vt 0.419434 0.448292
vt 0.469621 0.447758
vt 0.489063 0.480692
vt 0.507774 0.515609
vt 0.233119 0.349516
vt 0.252430 0.348754
vt 0.256325 0.446725
vt 0.238867 0.446853
vt 0.274886 0.348464
vt 0.276895 0.446626
vt 0.300103 0.348443
vt 0.300107 0.446622
vt 0.325319 0.348463
vt 0.323320 0.446626
vt 0.347776 0.348750
vt 0.343890 0.446724
vt 0.367086 0.349510
vt 0.361347 0.446851
vt 0.345998 0.641030
vt 0.364698 0.641204
vt 0.364839 0.688085
vt 0.346267 0.687286
vt 0.324360 0.625354
vt 0.324529 0.671374
vt 0.300088 0.613450
vt 0.300093 0.659356
vt 0.275816 0.625352
vt 0.275656 0.671375
vt 0.254177 0.641029
vt 0.253918 0.687291
vt 0.235477 0.641209
vt 0.235346 0.688096
vt 0.300095 0.676480
vt 0.277125 0.702651
vt 0.256951 0.727659
vt 0.239733 0.734203
vt 0.360468 0.734191
vt 0.343248 0.727653
vt 0.323069 0.702650
vt 0.323704 0.589207
vt 0.323749 0.531840
vt 0.344781 0.531896
vt 0.344675 0.589160
vt 0.300096 0.589239
vt 0.300096 0.531784
vt 0.276480 0.589200
vt 0.276450 0.531842
vt 0.255501 0.589148
vt 0.255424 0.531895
vt 0.237561 0.588927
vt 0.237435 0.532071
vt 0.362796 0.532080
vt 0.362591 0.588946
vt 0.346409 0.482261
vt 0.365425 0.482105
vt 0.324563 0.482208
vt 0.300107 0.482137
vt 0.275651 0.482207
vt 0.253807 0.482258
vt 0.234791 0.482104
vt 0.233119 0.349516
vt 0.238867 0.446853
vt 0.256325 0.446725
vt 0.252430 0.348754
vt 0.276895 0.446626
vt 0.274886 0.348464
vt 0.300107 0.446622
vt 0.300103 0.348443
vt 0.323320 0.446626
vt 0.325319 0.348463
vt 0.343890 0.446724
vt 0.347776 0.348750
vt 0.361347 0.446851
vt 0.367086 0.349510
vt 0.345998 0.641030
vt 0.346267 0.687286
vt 0.364839 0.688085
vt 0.364698 0.641204
vt 0.324360 0.625354
vt 0.324529 0.671374
vt 0.300088 0.613450
vt 0.300093 0.659356
vt 0.275816 0.625352
vt 0.275656 0.671375
vt 0.254177 0.641029
vt 0.253918 0.687291
vt 0.235477 0.641209
vt 0.235346 0.688096
vt 0.277125 0.702651
vt 0.300095 0.676480
vt 0.256951 0.727659
vt 0.239733 0.734203
vt 0.343248 0.727653
vt 0.360468 0.734191
vt 0.323069 0.702650
vt 0.323704 0.589207
vt 0.344675 0.589160
vt 0.344781 0.531896
vt 0.323749 0.531840
vt 0.300096 0.531784
vt 0.300096 0.589239
vt 0.276450 0.531842
vt 0.276480 0.589200
vt 0.255424 0.531895
vt 0.255501 0.589148
vt 0.237435 0.532071
vt 0.237561 0.588927
vt 0.362796 0.532080
vt 0.362591 0.588946
vt 0.346409 0.482261
vt 0.365425 0.482105
vt 0.324563 0.482208
vt 0.300107 0.482137
vt 0.275651 0.482207
vt 0.253807 0.482258
vt 0.234791 0.482104
vt 0.516851 0.678642
vt 0.520705 0.680100
vt 0.495035 0.705560
vt 0.492793 0.703001
vt 0.459349 0.715084
vt 0.459349 0.712112
vt 0.423663 0.705560
vt 0.425906 0.703001
vt 0.397994 0.680100
vt 0.401847 0.678642
vt 0.388790 0.646250
vt 0.393220 0.646250
vt 0.397994 0.612400
vt 0.401847 0.613858
vt 0.423663 0.586940
vt 0.425906 0.589498
vt 0.459349 0.577416
vt 0.459349 0.580387
vt 0.495035 0.586940
vt 0.492793 0.589498
vt 0.520705 0.612400
vt 0.516851 0.613857
vt 0.529909 0.646250
vt 0.525478 0.646250
vt 0.533337 0.688338
vt 0.502066 0.719148
vt 0.498658 0.714615
vt 0.527435 0.685721
vt 0.459349 0.730425
vt 0.459349 0.725192
vt 0.416632 0.719148
vt 0.420040 0.714615
vt 0.385361 0.688338
vt 0.391264 0.685721
vt 0.373915 0.646250
vt 0.380731 0.646250
vt 0.385361 0.604162
vt 0.391264 0.606779
vt 0.416632 0.573352
vt 0.420040 0.577884
vt 0.459349 0.562074
vt 0.459349 0.567308
vt 0.502066 0.573352
vt 0.498658 0.577884
vt 0.533337 0.604162
vt 0.527435 0.606779
vt 0.544783 0.646250
vt 0.537968 0.646250
vt 0.516851 0.678642
vt 0.520705 0.680100
vt 0.495035 0.705560
vt 0.492793 0.703001
vt 0.459349 0.715084
vt 0.459349 0.712112
vt 0.423663 0.705560
vt 0.425906 0.703001
vt 0.397994 0.680100
vt 0.401847 0.678642
vt 0.388790 0.646250
vt 0.393220 0.646250
vt 0.397994 0.612400
vt 0.401847 0.613858
vt 0.423663 0.586940
vt 0.425906 0.589498
vt 0.459349 0.577416
vt 0.459349 0.580387
vt 0.495035 0.586940
vt 0.492793 0.589498
vt 0.520705 0.612400
vt 0.516851 0.613857
vt 0.529909 0.646250
vt 0.525478 0.646250
vt 0.533337 0.688338
vt 0.502066 0.719148
vt 0.498658 0.714615
vt 0.527435 0.685721
vt 0.459349 0.730425
vt 0.459349 0.725192
vt 0.416632 0.719148
vt 0.420040 0.714615
vt 0.385361 0.688338
vt 0.391264 0.685721
vt 0.373915 0.646250
vt 0.380731 0.646250
vt 0.385361 0.604162
vt 0.391264 0.606779
vt 0.416632 0.573352
vt 0.420040 0.577884
vt 0.459349 0.562074
vt 0.459349 0.567308
vt 0.502066 0.573352
vt 0.498658 0.577884
vt 0.533337 0.604162
vt 0.527435 0.606779
vt 0.544783 0.646250
vt 0.537968 0.646250
vt 0.056755 0.718836
vt 0.081370 0.717703
vt 0.081370 0.717703
vt 0.108684 0.716480
vt 0.056755 0.718836
vt 0.081370 0.717703
vt 0.081370 0.717703
vt 0.108684 0.716480
vt 0.056755 0.718836
vt 0.081370 0.717703
vt 0.056755 0.718836
vt 0.081370 0.717703
vt 0.081370 0.717703
vt 0.108684 0.716480
vn 0.036678 -0.999327 0.000000
vn 0.036677 -0.999327 -0.000000
vn 0.036678 -0.999327 0.000000
vn 0.036677 -0.999327 -0.000000
vn -0.036677 0.999327 0.000000
vn -0.036679 0.999327 0.000000
vn -0.036677 0.999327 0.000000
vn -0.036679 0.999327 0.000000
vn -0.002288 0.062380 0.998050
vn -0.000515 0.014131 0.999900
vn 0.001245 -0.034038 0.999420
vn 0.001245 -0.034038 0.999420
vn -0.004053 0.110379 0.993881
vn -0.004053 0.110379 0.993881
vn -0.002288 0.062380 0.998050
vn -0.000515 0.014131 0.999900
vn -0.999590 -0.028641 0.000000
vn -0.999590 -0.028641 0.000000
vn -0.999590 -0.028638 0.000000
vn -0.999590 -0.028639 0.000000
vn -0.999590 -0.028641 0.000000
vn -0.999590 -0.028643 0.000000
vn -0.999590 -0.028641 0.000000
vn -0.999590 -0.028643 0.000000
vn 0.036678 -0.999327 0.000000
vn 0.036678 -0.999327 0.000000
vn 0.036677 -0.999327 -0.000000
vn 0.036677 -0.999327 -0.000000
vn -0.036677 0.999327 0.000000
vn -0.036677 0.999327 0.000000
vn -0.036679 0.999327 0.000000
vn -0.036679 0.999327 0.000000
vn 0.001245 -0.034038 -0.999420
vn -0.000515 0.014131 -0.999900
vn 0.001245 -0.034038 -0.999420
vn -0.002288 0.062380 -0.998050
vn -0.000515 0.014131 -0.999900
vn -0.004053 0.110379 -0.993881
vn -0.002288 0.062380 -0.998050
vn -0.004053 0.110379 -0.993881
vn -0.999590 -0.028641 0.000000
vn -0.999590 -0.028638 0.000000
vn -0.999590 -0.028641 0.000000
vn -0.999590 -0.028639 0.000000
vn -0.999590 -0.028641 0.000000
vn -0.999590 -0.028641 0.000000
vn -0.999590 -0.028643 0.000000
vn -0.999590 -0.028643 0.000000
vn -0.022840 0.797149 -0.603351
vn -0.021282 0.742763 -0.669217
vn -0.022841 0.797151 -0.603348
vn -0.021282 0.742763 -0.669217
vn -0.011215 0.391431 -0.920139
vn -0.011215 0.391430 -0.920139
vn 0.000000 0.000000 -1.000000
vn 0.000000 -0.000000 -1.000000
vn 0.026973 -0.941382 0.336262
vn 0.026972 -0.941382 0.336261
vn 0.021501 -0.750412 0.660620
vn 0.021501 -0.750412 0.660621
vn 0.011386 -0.397395 0.917577
vn 0.011386 -0.397395 0.917577
vn 0.000000 0.000000 1.000000
vn -0.000000 -0.000000 1.000000
vn -0.999590 -0.028641 0.000003
vn -0.999590 -0.028641 0.000004
vn -0.999590 -0.028631 -0.000002
vn -0.999590 -0.028629 -0.000003
vn 0.999590 0.028640 -0.000002
vn 0.999590 0.028627 0.000003
vn 0.999590 0.028640 -0.000003
vn 0.999590 0.028623 0.000005
vn -0.999589 -0.028655 0.000022
vn -0.999589 -0.028656 0.000022
vn 0.999590 0.028651 -0.000023
vn 0.999590 0.028651 -0.000023
vn -0.999590 -0.028640 -0.000000
vn -0.999590 -0.028639 0.000000
vn 0.999590 0.028640 -0.000000
vn 0.999590 0.028638 0.000000
vn 0.006599 -0.230307 -0.973096
vn 0.006599 -0.230307 -0.973096
vn 0.022839 -0.797153 -0.603346
vn 0.022840 -0.797149 -0.603350
vn 0.021282 -0.742762 -0.669217
vn 0.021282 -0.742763 -0.669217
vn 0.011216 -0.391430 -0.920139
vn 0.011216 -0.391430 -0.920140
vn -0.026973 0.941383 0.336259
vn -0.021501 0.750412 0.660620
vn -0.026972 0.941383 0.336260
vn -0.021501 0.750413 0.660620
vn -0.011386 0.397395 0.917577
vn -0.011386 0.397395 0.917577
vn -0.999590 -0.028619 0.000006
vn -0.999590 -0.028640 -0.000002
vn -0.999590 -0.028624 0.000004
vn -0.999590 -0.028641 -0.000002
vn 0.999590 0.028639 0.000002
vn 0.999590 0.028639 0.000003
vn 0.999590 0.028627 -0.000003
vn 0.999590 0.028623 -0.000005
vn -0.999590 -0.028649 -0.000023
vn -0.999590 -0.028650 -0.000023
vn 0.999589 0.028654 0.000022
vn 0.999589 0.028653 0.000022
vn -0.006599 0.230306 -0.973096
vn -0.006599 0.230308 -0.973095
vn -0.022094 0.771110 0.636319
vn -0.012727 0.444194 0.895840
vn -0.022094 0.771110 0.636319
vn -0.012728 0.444194 0.895840
vn -0.005725 0.199796 0.979821
vn -0.005725 0.199796 0.979821
vn 0.021761 -0.759481 -0.650166
vn 0.021760 -0.759481 -0.650166
vn 0.012433 -0.433951 -0.900850
vn 0.012433 -0.433951 -0.900851
vn 0.005646 -0.197054 -0.980376
vn 0.005646 -0.197054 -0.980376
vn -0.999590 -0.028642 -0.000000
vn -0.999590 -0.028641 0.000000
vn -0.999590 -0.028641 0.000000
vn -0.999590 -0.028640 0.000001
vn 0.999590 0.028641 0.000000
vn 0.999590 0.028639 0.000000
vn 0.999590 0.028641 0.000000
vn 0.999590 0.028640 0.000001
vn -0.999590 -0.028643 -0.000004
vn -0.999590 -0.028643 -0.000003
vn 0.999590 0.028643 -0.000000
vn 0.999590 0.028643 -0.000000
vn -0.999590 -0.028641 -0.000001
vn -0.999590 -0.028641 -0.000000
vn -0.027067 0.944674 0.326891
vn -0.027067 0.944674 0.326891
vn 0.999590 0.028637 -0.000004
vn 0.999590 0.028638 -0.000003
vn 0.026973 -0.941382 -0.336262
vn 0.026972 -0.941382 -0.336262
vn -0.005383 0.187872 -0.982179
vn -0.005383 0.187873 -0.982179
vn -0.005383 0.187873 -0.982179
vn -0.005383 0.187873 -0.982179
vn 0.028418 -0.991814 0.124489
vn 0.028418 -0.991814 0.124489
vn 0.028419 -0.991814 0.124489
vn 0.028419 -0.991814 0.124489
vn -0.022094 0.771110 -0.636319
vn -0.022094 0.771110 -0.636319
vn -0.012727 0.444194 -0.895840
vn -0.012728 0.444194 -0.895840
vn -0.005725 0.199796 -0.979821
vn -0.005725 0.199796 -0.979821
vn 0.021760 -0.759481 0.650166
vn 0.012433 -0.433951 0.900850
vn 0.021760 -0.759481 0.650166
vn 0.012433 -0.433951 0.900851
vn 0.005646 -0.197054 0.980376
vn 0.005646 -0.197054 0.980376
vn -0.999590 -0.028640 -0.000001
vn -0.999590 -0.028641 -0.000000
vn -0.999590 -0.028641 -0.000000
vn -0.999590 -0.028642 0.000000
vn 0.999590 0.028641 -0.000000
vn 0.999590 0.028641 -0.000000
vn 0.999590 0.028640 -0.000000
vn 0.999590 0.028640 -0.000001
vn -0.999590 -0.028643 0.000003
vn -0.999590 -0.028643 0.000004
vn 0.999590 0.028643 0.000000
vn 0.999590 0.028643 0.000000
vn -0.999590 -0.028641 0.000000
vn -0.999590 -0.028641 0.000001
vn -0.027067 0.944674 -0.326891
vn -0.027067 0.944674 -0.326891
vn 0.999590 0.028638 0.000003
vn 0.999590 0.028637 0.000004
vn 0.026973 -0.941382 0.336263
vn 0.026972 -0.941382 0.336262
vn -0.005383 0.187872 0.982179
vn -0.005383 0.187873 0.982179
vn -0.005383 0.187873 0.982179
vn -0.005383 0.187873 0.982179
vn 0.028418 -0.991814 -0.124489
vn 0.028418 -0.991814 -0.124489
vn 0.028418 -0.991814 -0.124489
vn 0.028419 -0.991814 -0.124489
vn 0.022093 -0.771110 -0.636319
vn 0.012727 -0.444193 -0.895841
vn 0.022093 -0.771110 -0.636318
vn 0.012727 -0.444194 -0.895840
vn 0.005724 -0.199796 -0.979821
vn 0.005724 -0.199796 -0.979821
vn -0.021761 0.759481 0.650166
vn -0.021761 0.759481 0.650166
vn -0.012433 0.433951 0.900851
vn -0.012433 0.433952 0.900850
vn -0.005646 0.197054 0.980376
vn -0.005646 0.197054 0.980376
vn -0.999590 -0.028640 0.000000
vn -0.999590 -0.028640 0.000000
vn -0.999590 -0.028641 -0.000000
vn -0.999590 -0.028641 -0.000000
vn 0.999590 0.028641 -0.000000
vn 0.999590 0.028641 -0.000000
vn 0.999590 0.028641 -0.000000
vn 0.999590 0.028641 -0.000000
vn -0.999590 -0.028644 -0.000005
vn -0.999590 -0.028643 -0.000003
vn 0.999590 0.028643 -0.000000
vn 0.999590 0.028643 -0.000000
vn -0.999590 -0.028637 0.000004
vn -0.999590 -0.028638 0.000002
vn 0.027066 -0.944675 -0.326889
vn 0.027066 -0.944675 -0.326889
vn 0.999590 0.028640 -0.000002
vn 0.999590 0.028641 -0.000002
vn -0.026972 0.941382 0.336262
vn -0.026973 0.941382 0.336262
vn 0.005383 -0.187873 0.982179
vn 0.005383 -0.187873 0.982179
vn 0.005383 -0.187873 0.982179
vn 0.005383 -0.187873 0.982179
vn -0.028416 0.991814 -0.124489
vn -0.028416 0.991814 -0.124489
vn -0.028416 0.991814 -0.124489
vn -0.028416 0.991814 -0.124489
vn 0.022093 -0.771110 0.636319
vn 0.022093 -0.771110 0.636318
vn 0.012726 -0.444193 0.895840
vn 0.012727 -0.444194 0.895840
vn 0.005724 -0.199796 0.979821
vn 0.005724 -0.199796 0.979821
vn -0.021761 0.759481 -0.650166
vn -0.012433 0.433951 -0.900851
vn -0.021761 0.759481 -0.650166
vn -0.012433 0.433952 -0.900850
vn -0.005646 0.197054 -0.980376
vn -0.005646 0.197054 -0.980376
vn -0.999590 -0.028641 0.000000
vn -0.999590 -0.028640 -0.000000
vn -0.999590 -0.028641 0.000000
vn -0.999590 -0.028640 -0.000000
vn 0.999590 0.028641 0.000000
vn 0.999590 0.028641 0.000000
vn 0.999590 0.028641 0.000000
vn 0.999590 0.028641 0.000000
vn -0.999590 -0.028643 0.000003
vn -0.999590 -0.028644 0.000005
vn 0.999590 0.028643 0.000000
vn 0.999590 0.028643 0.000000
vn -0.999590 -0.028638 -0.000002
vn -0.999590 -0.028637 -0.000004
vn 0.027066 -0.944675 0.326889
vn 0.027066 -0.944675 0.326889
vn 0.999590 0.028641 0.000002
vn 0.999590 0.028640 0.000002
vn -0.026972 0.941382 -0.336262
vn -0.026973 0.941382 -0.336262
vn 0.005383 -0.187873 -0.982179
vn 0.005383 -0.187873 -0.982179
vn 0.005383 -0.187873 -0.982179
vn 0.005383 -0.187873 -0.982179
vn -0.028416 0.991814 0.124489
vn -0.028416 0.991814 0.124489
vn -0.028416 0.991814 0.124489
vn -0.028416 0.991814 0.124489
vn -0.022840 0.797149 0.603351
vn -0.022841 0.797151 0.603348
vn -0.021282 0.742763 0.669217
vn -0.021282 0.742763 0.669217
vn -0.011215 0.391431 0.920139
vn -0.011215 0.391430 0.920139
vn 0.000000 0.000000 1.000000
vn 0.000000 -0.000000 1.000000
vn 0.026973 -0.941382 -0.336262
vn 0.021501 -0.750412 -0.660620
vn 0.026972 -0.941382 -0.336261
vn 0.021501 -0.750412 -0.660621
vn 0.011386 -0.397395 -0.917577
vn 0.011386 -0.397395 -0.917577
vn 0.000000 0.000000 -1.000000
vn 0.000000 -0.000000 -1.000000
vn -0.999590 -0.028629 0.000003
vn -0.999590 -0.028641 -0.000004
vn -0.999590 -0.028631 0.000002
vn -0.999590 -0.028641 -0.000003
vn 0.999590 0.028640 0.000002
vn 0.999590 0.028641 0.000003
vn 0.999590 0.028628 -0.000003
vn 0.999590 0.028624 -0.000005
vn -0.999589 -0.028654 -0.000022
vn -0.999589 -0.028655 -0.000022
vn 0.999590 0.028651 0.000023
vn 0.999590 0.028651 0.000023
vn -0.999590 -0.028640 0.000000
vn -0.999590 -0.028639 0.000000
vn 0.999590 0.028638 0.000000
vn 0.999590 0.028640 0.000000
vn 0.006599 -0.230307 0.973096
vn 0.006599 -0.230308 0.973096
vn 0.022839 -0.797153 0.603345
vn 0.021282 -0.742762 0.669217
vn 0.022840 -0.797149 0.603350
vn 0.021282 -0.742762 0.669217
vn 0.011216 -0.391430 0.920139
vn 0.011216 -0.391430 0.920140
vn -0.026973 0.941383 -0.336259
vn -0.026972 0.941383 -0.336260
vn -0.021501 0.750412 -0.660620
vn -0.021501 0.750413 -0.660620
vn -0.011386 0.397395 -0.917577
vn -0.011386 0.397395 -0.917577
vn -0.999590 -0.028640 0.000002
vn -0.999590 -0.028640 0.000002
vn -0.999590 -0.028624 -0.000004
vn -0.999590 -0.028619 -0.000006
vn 0.999590 0.028639 -0.000002
vn 0.999590 0.028627 0.000003
vn 0.999590 0.028639 -0.000003
vn 0.999590 0.028623 0.000005
vn -0.999590 -0.028649 0.000023
vn -0.999590 -0.028649 0.000023
vn 0.999589 0.028653 -0.000022
vn 0.999589 0.028654 -0.000022
vn -0.006599 0.230306 0.973096
vn -0.006599 0.230308 0.973095
vn -0.022700 0.792255 0.609768
vn -0.011386 0.397395 0.917577
vn -0.022700 0.792255 0.609768
vn -0.011386 0.397395 0.917577
vn -0.000000 0.000000 1.000000
vn 0.000000 0.000000 1.000000
vn 0.011386 -0.397395 0.917577
vn 0.011387 -0.397395 0.917577
vn 0.022701 -0.792256 0.609767
vn 0.022701 -0.792256 0.609767
vn 0.028641 -0.999590 0.000000
vn 0.028641 -0.999590 0.000000
vn 0.022701 -0.792255 -0.609767
vn 0.022701 -0.792256 -0.609767
vn 0.011387 -0.397395 -0.917577
vn 0.011386 -0.397395 -0.917577
vn 0.000000 0.000000 -1.000000
vn -0.000000 0.000000 -1.000000
vn -0.011386 0.397395 -0.917577
vn -0.011386 0.397395 -0.917577
vn -0.022700 0.792255 -0.609767
vn -0.022700 0.792255 -0.609768
vn -0.028641 0.999590 -0.000000
vn -0.028641 0.999590 -0.000001
vn -0.999590 -0.028643 0.000000
vn -0.999590 -0.028642 0.000000
vn -0.999590 -0.028642 0.000000
vn -0.999590 -0.028641 0.000000
vn -0.999590 -0.028638 0.000000
vn -0.999590 -0.028638 0.000000
vn -0.999590 -0.028638 0.000000
vn -0.999590 -0.028638 0.000000
vn -0.999590 -0.028643 0.000000
vn -0.999590 -0.028643 0.000000
vn -0.999590 -0.028643 0.000000
vn -0.999590 -0.028644 0.000000
vn -0.999590 -0.028636 0.000000
vn -0.999590 -0.028636 0.000000
vn -0.999590 -0.028636 0.000000
vn -0.999590 -0.028637 0.000000
vn -0.999589 -0.028652 0.000000
vn -0.999590 -0.028652 0.000000
vn -0.999589 -0.028652 0.000000
vn -0.999589 -0.028652 0.000000
vn -0.999589 -0.028652 0.000000
vn -0.999590 -0.028652 0.000000
vn -0.999590 -0.028637 0.000000
vn -0.999590 -0.028637 0.000000
vn -0.999590 -0.028637 0.000000
vn -0.999590 -0.028637 0.000000
vn -0.999590 -0.028643 0.000000
vn -0.999590 -0.028643 0.000000
vn -0.999590 -0.028643 0.000000
vn -0.999590 -0.028644 0.000000
vn -0.999590 -0.028638 0.000000
vn -0.999590 -0.028638 0.000000
vn -0.999590 -0.028638 0.000000
vn -0.999590 -0.028639 0.000000
vn -0.999590 -0.028642 0.000000
vn -0.999590 -0.028641 0.000000
vn -0.999590 -0.028641 0.000000
vn -0.999590 -0.028641 0.000000
vn -0.999590 -0.028652 0.000000
vn -0.999589 -0.028652 0.000000
vn -0.999590 -0.028652 0.000000
vn -0.999590 -0.028652 0.000000
vn -0.999590 -0.028652 0.000000
vn -0.999590 -0.028652 0.000000
vn 0.999590 0.028641 0.000000
vn 0.999590 0.028641 0.000000
vn 0.999590 0.028641 0.000000
vn 0.999590 0.028641 0.000000
vn 0.999590 0.028638 0.000000
vn 0.999590 0.028638 0.000000
vn 0.999590 0.028638 0.000000
vn 0.999590 0.028638 0.000000
vn 0.999590 0.028641 0.000000
vn 0.999590 0.028641 0.000000
vn 0.999590 0.028641 0.000000
vn 0.999590 0.028641 0.000000
vn 0.999590 0.028640 0.000000
vn 0.999590 0.028640 0.000000
vn 0.999590 0.028640 0.000000
vn 0.999590 0.028641 0.000000
vn 0.999589 0.028652 0.000000
vn 0.999589 0.028652 0.000000
vn 0.999589 0.028652 0.000000
vn 0.999590 0.028648 0.000000
vn 0.999590 0.028648 0.000000
vn 0.999590 0.028648 0.000000
vn 0.999590 0.028640 0.000000
vn 0.999590 0.028641 0.000000
vn 0.999590 0.028640 0.000000
vn 0.999590 0.028642 0.000000
vn 0.999590 0.028641 0.000000
vn 0.999590 0.028641 0.000000
vn 0.999590 0.028641 0.000000
vn 0.999590 0.028641 0.000000
vn 0.999590 0.028638 0.000000
vn 0.999590 0.028638 0.000000
vn 0.999590 0.028638 0.000000
vn 0.999590 0.028638 0.000000
vn 0.999590 0.028641 0.000000
vn 0.999590 0.028641 0.000000
vn 0.999590 0.028641 0.000000
vn 0.999590 0.028641 0.000000
vn 0.999590 0.028649 0.000000
vn 0.999590 0.028649 0.000000
vn 0.999590 0.028649 0.000000
vn 0.999590 0.028649 0.000000
vn 0.999590 0.028649 0.000000
vn 0.999590 0.028649 0.000000
vn -0.004146 0.089300 -0.995996
vn -0.002136 0.087445 -0.996167
vn 0.001794 -0.035036 -0.999385
vn 0.001027 -0.035405 -0.999373
vn -0.008896 0.186443 -0.982426
vn -0.004854 0.184631 -0.982796
vn 0.051715 -0.998662 0.000000
vn 0.051715 -0.998662 0.000000
vn 0.029005 -0.999579 0.000000
vn 0.029005 -0.999579 0.000000
vn -0.005638 0.092353 -0.995710
vn 0.001759 -0.033353 -0.999442
vn -0.011924 0.197091 -0.980313
vn 0.058243 -0.998303 0.000000
vn 0.058243 -0.998302 0.000000
vn 0.001027 -0.035405 0.999373
vn -0.002136 0.087445 0.996167
vn 0.001794 -0.035036 0.999385
vn -0.004146 0.089300 0.995996
vn -0.004854 0.184631 0.982796
vn -0.008896 0.186443 0.982426
vn 0.051715 -0.998662 0.000000
vn 0.029005 -0.999579 0.000000
vn 0.051715 -0.998662 0.000000
vn 0.029005 -0.999579 0.000000
vn -0.005638 0.092353 0.995710
vn 0.001759 -0.033353 0.999442
vn -0.011924 0.197091 0.980313
vn 0.058243 -0.998303 0.000000
vn 0.058243 -0.998302 0.000000
vn -0.486094 -0.013926 0.873795
vn -0.000000 0.000000 1.000000
vn -0.283998 0.346813 0.893905
vn -0.153441 0.380071 0.912142
vn 0.178202 -0.000318 0.983994
vn -0.285674 0.278695 0.916907
vn 0.019557 -0.006102 0.999790
vn -0.191709 0.348213 0.917603
vn 0.572815 -0.105512 0.812865
vn 0.093136 0.433712 0.896225
vn 0.000000 0.000000 1.000000
vn -0.000000 0.000000 1.000000
vn -0.607819 -0.017416 0.793885
vn -0.456801 0.447020 0.769094
vn -0.286704 0.712418 0.640517
vn -0.342720 0.752249 0.562729
vn -0.567214 0.623331 0.538263
vn -0.615685 0.659463 0.431324
vn 0.184343 0.866722 0.463478
vn 0.553480 0.684680 0.474209
vn 0.568763 -0.822501 0.000000
vn 0.428943 -0.903332 0.000000
vn 0.437691 -0.899125 0.000000
vn 0.855778 -0.517343 0.000000
vn 0.859581 -0.511000 0.000000
vn 0.999590 0.028641 0.000000
vn 0.999590 0.028642 0.000000
vn -0.306173 0.928593 0.209699
vn -0.424547 0.882983 0.200252
vn -0.650386 0.740384 0.169793
vn -0.661124 0.730875 0.169516
vn 0.171850 0.959930 0.221363
vn 0.578976 0.784400 0.222493
vn 0.602127 -0.798397 -0.002106
vn 0.429864 -0.902893 0.000000
vn 0.856752 -0.515729 0.000000
vn 0.999590 0.028641 0.000000
vn -0.263675 -0.362505 0.893904
vn -0.131426 -0.388233 0.912142
vn -0.171456 -0.358620 0.917603
vn -0.269247 -0.294598 0.916907
vn 0.019175 0.007212 0.999790
vn 0.177891 0.010522 0.983994
vn 0.117819 -0.427668 0.896225
vn 0.565834 0.138139 0.812865
vn -0.430456 -0.472443 0.769094
vn -0.245440 -0.727666 0.640517
vn -0.299087 -0.770637 0.562730
vn -0.530592 -0.654781 0.538269
vn -0.576913 -0.693632 0.431330
vn 0.233666 -0.854744 0.463479
vn 0.591777 -0.651866 0.474206
vn 0.520733 0.853719 0.000000
vn 0.385492 0.922711 0.000000
vn 0.376517 0.926410 0.000000
vn 0.828911 0.559380 0.000000
vn 0.824752 0.565494 0.000000
vn -0.252505 -0.944599 0.209700
vn -0.373298 -0.905839 0.200259
vn -0.606926 -0.776406 0.169806
vn -0.618183 -0.767537 0.169518
vn 0.226535 -0.948514 0.221368
vn 0.622938 -0.749965 0.222487
vn 0.555423 0.831565 -0.002109
vn 0.377462 0.926025 0.000000
vn 0.825817 0.563939 0.000000
vn 0.645185 -0.729791 0.226143
vn 0.645548 -0.599379 0.473300
vn 0.339985 -0.902727 0.263618
vn 0.179239 -0.771699 0.610208
vn 0.070450 -0.110264 0.991403
vn 0.544034 -0.114776 0.831176
vn 0.518357 0.147154 0.842408
vn 0.068106 0.112739 0.991288
vn 0.610168 0.635360 0.473301
vn 0.134759 0.780698 0.610205
vn 0.287732 0.920716 0.263616
vn 0.602332 0.765541 0.226147
vn 0.907643 -0.396980 0.136350
vn 0.999590 0.028636 -0.000003
vn 0.920590 -0.272685 0.279567
vn 0.832147 -0.034758 0.553466
vn 0.864416 0.097752 0.493184
vn 0.903464 0.324949 0.279573
vn 0.883423 0.448295 0.136364
vn 0.016153 -0.563747 0.825789
vn 0.027564 -0.961967 0.271771
vn 0.001701 -0.059379 0.998234
vn -0.001701 0.059379 0.998234
vn -0.016153 0.563751 0.825787
vn -0.027563 0.961969 0.271766
vn -0.486094 -0.013926 -0.873795
vn -0.283998 0.346813 -0.893905
vn -0.000000 0.000000 -1.000000
vn -0.153441 0.380071 -0.912142
vn -0.191709 0.348213 -0.917603
vn -0.285674 0.278696 -0.916907
vn 0.019557 -0.006102 -0.999790
vn 0.178202 -0.000318 -0.983994
vn 0.093136 0.433712 -0.896225
vn 0.572815 -0.105512 -0.812865
vn 0.000000 0.000000 -1.000000
vn -0.000000 0.000000 -1.000000
vn -0.607819 -0.017416 -0.793885
vn -0.456801 0.447020 -0.769094
vn -0.286704 0.712418 -0.640517
vn -0.342720 0.752249 -0.562729
vn -0.567214 0.623331 -0.538263
vn -0.615685 0.659463 -0.431324
vn 0.184343 0.866722 -0.463478
vn 0.553480 0.684680 -0.474209
vn 0.568763 -0.822502 0.000000
vn 0.437691 -0.899125 0.000000
vn 0.428943 -0.903332 0.000000
vn 0.859581 -0.511000 0.000000
vn 0.855778 -0.517343 0.000000
vn 0.999590 0.028641 0.000000
vn 0.999590 0.028642 0.000000
vn -0.306173 0.928593 -0.209699
vn -0.424547 0.882983 -0.200252
vn -0.650386 0.740384 -0.169793
vn -0.661124 0.730875 -0.169516
vn 0.171850 0.959930 -0.221363
vn 0.578976 0.784400 -0.222492
vn 0.602127 -0.798397 0.002106
vn 0.429864 -0.902893 0.000000
vn 0.856752 -0.515729 0.000000
vn 0.999590 0.028641 0.000000
vn -0.263675 -0.362505 -0.893904
vn -0.131426 -0.388233 -0.912142
vn 0.177891 0.010522 -0.983994
vn -0.269247 -0.294598 -0.916907
vn 0.019175 0.007212 -0.999790
vn -0.171456 -0.358620 -0.917603
vn 0.565834 0.138140 -0.812865
vn 0.117819 -0.427668 -0.896225
vn -0.430456 -0.472443 -0.769094
vn -0.245440 -0.727666 -0.640517
vn -0.299087 -0.770637 -0.562730
vn -0.530592 -0.654781 -0.538269
vn -0.576913 -0.693632 -0.431330
vn 0.233666 -0.854744 -0.463479
vn 0.591777 -0.651866 -0.474206
vn 0.520733 0.853720 0.000000
vn 0.376517 0.926410 0.000000
vn 0.385492 0.922711 0.000000
vn 0.824752 0.565494 0.000000
vn 0.828911 0.559380 0.000000
vn -0.252505 -0.944599 -0.209700
vn -0.373298 -0.905839 -0.200259
vn -0.606926 -0.776406 -0.169806
vn -0.618183 -0.767537 -0.169518
vn 0.226535 -0.948514 -0.221368
vn 0.622938 -0.749965 -0.222487
vn 0.555423 0.831565 0.002109
vn 0.377462 0.926025 0.000000
vn 0.825817 0.563939 0.000000
vn 0.179239 -0.771699 -0.610208
vn 0.645548 -0.599379 -0.473300
vn 0.339985 -0.902727 -0.263618
vn 0.645185 -0.729791 -0.226143
vn 0.070450 -0.110264 -0.991403
vn 0.544034 -0.114776 -0.831176
vn 0.518357 0.147154 -0.842408
vn 0.068106 0.112739 -0.991288
vn 0.134759 0.780698 -0.610205
vn 0.610168 0.635359 -0.473301
vn 0.287732 0.920715 -0.263617
vn 0.602332 0.765541 -0.226147
vn 0.907643 -0.396980 -0.136350
vn 0.920590 -0.272685 -0.279567
vn 0.999590 0.028636 0.000003
vn 0.832146 -0.034758 -0.553466
vn 0.864416 0.097752 -0.493184
vn 0.903464 0.324949 -0.279573
vn 0.883423 0.448295 -0.136364
vn 0.027564 -0.961967 -0.271771
vn 0.016153 -0.563747 -0.825789
vn 0.001701 -0.059379 -0.998234
vn -0.001701 0.059379 -0.998234
vn -0.016153 0.563751 -0.825787
vn -0.027563 0.961969 -0.271766
vn 0.075002 -0.935821 -0.344403
vn 0.068895 -0.781911 -0.619571
vn 0.025374 -0.938331 -0.344807
vn 0.021365 -0.779742 -0.625736
vn 0.050940 -0.386521 -0.920873
vn 0.010280 -0.383478 -0.923493
vn 0.037434 0.001073 -0.999299
vn -0.000230 -0.000006 -1.000000
vn 0.028726 0.388805 -0.920872
vn -0.011694 0.383439 -0.923492
vn 0.024011 0.784574 -0.619570
vn -0.023316 0.779686 -0.625737
vn 0.021295 0.938580 -0.344403
vn -0.028394 0.938242 -0.344811
vn -0.021687 0.938426 -0.344800
vn 0.030408 0.938000 -0.345298
vn -0.017491 0.784356 -0.620065
vn 0.035082 0.788093 -0.614556
vn -0.006822 0.388110 -0.921588
vn 0.043449 0.392574 -0.918694
vn 0.003969 0.000114 -0.999992
vn 0.059873 0.001715 -0.998205
vn 0.015411 -0.387863 -0.921588
vn 0.065856 -0.389441 -0.918694
vn 0.027449 -0.784069 -0.620066
vn 0.080149 -0.784790 -0.614558
vn 0.032080 -0.938128 -0.344799
vn 0.084066 -0.934720 -0.345298
vn 0.037760 0.001082 -0.999286
vn 0.043024 -0.458200 -0.887807
vn 0.053690 -0.829272 -0.556260
vn 0.055610 -0.934077 -0.352715
vn 0.006119 0.830983 -0.556264
vn 0.002033 0.935725 -0.352725
vn 0.016718 0.459915 -0.887805
vn -0.030314 0.385902 -0.922042
vn 0.008169 0.387004 -0.922042
vn -0.044892 0.781638 -0.622114
vn 0.000063 0.782926 -0.622115
vn 0.017960 0.000515 -0.999839
vn -0.017960 -0.000515 -0.999839
vn 0.030314 -0.385901 -0.922042
vn -0.008168 -0.387004 -0.922042
vn 0.044892 -0.781639 -0.622113
vn -0.000063 -0.782927 -0.622113
vn 0.050337 -0.937357 -0.344715
vn 0.003416 -0.938701 -0.344715
vn -0.003417 0.938701 -0.344715
vn -0.050337 0.937358 -0.344713
vn -0.046829 0.937529 -0.344741
vn -0.041543 0.783744 -0.619693
vn -0.027619 0.387565 -0.921429
vn -0.015163 -0.000435 -0.999885
vn -0.005383 -0.388509 -0.921429
vn 0.003403 -0.784836 -0.619694
vn 0.006930 -0.938672 -0.344742
vn 0.075002 -0.935821 0.344403
vn 0.025374 -0.938331 0.344807
vn 0.068895 -0.781911 0.619571
vn 0.021365 -0.779742 0.625736
vn 0.050940 -0.386521 0.920873
vn 0.010280 -0.383478 0.923493
vn 0.037434 0.001073 0.999299
vn -0.000230 -0.000006 1.000000
vn -0.011694 0.383439 0.923492
vn 0.028726 0.388805 0.920872
vn -0.023316 0.779685 0.625737
vn 0.024011 0.784574 0.619570
vn -0.028394 0.938242 0.344812
vn 0.021295 0.938580 0.344403
vn 0.035082 0.788093 0.614556
vn 0.030408 0.938000 0.345298
vn -0.017491 0.784356 0.620065
vn -0.021687 0.938426 0.344800
vn 0.043449 0.392574 0.918694
vn -0.006822 0.388110 0.921588
vn 0.059873 0.001715 0.998205
vn 0.003969 0.000114 0.999992
vn 0.015411 -0.387863 0.921588
vn 0.065856 -0.389441 0.918694
vn 0.027449 -0.784069 0.620066
vn 0.080149 -0.784790 0.614558
vn 0.032080 -0.938128 0.344799
vn 0.084066 -0.934720 0.345298
vn 0.043024 -0.458200 0.887807
vn 0.037760 0.001082 0.999286
vn 0.053690 -0.829272 0.556260
vn 0.055610 -0.934077 0.352715
vn 0.006119 0.830983 0.556264
vn 0.002033 0.935725 0.352725
vn 0.016718 0.459915 0.887806
vn -0.030314 0.385902 0.922042
vn -0.044892 0.781638 0.622114
vn 0.008169 0.387004 0.922042
vn 0.000063 0.782926 0.622115
vn 0.017960 0.000515 0.999839
vn -0.017960 -0.000515 0.999839
vn 0.030314 -0.385901 0.922042
vn -0.008168 -0.387004 0.922042
vn 0.044892 -0.781639 0.622113
vn -0.000063 -0.782927 0.622114
vn 0.050337 -0.937357 0.344715
vn 0.003416 -0.938701 0.344715
vn -0.003417 0.938701 0.344715
vn -0.050337 0.937358 0.344713
vn -0.041543 0.783744 0.619693
vn -0.046829 0.937529 0.344740
vn -0.027619 0.387565 0.921429
vn -0.015163 -0.000435 0.999885
vn -0.005383 -0.388509 0.921429
vn 0.003403 -0.784836 0.619694
vn 0.006930 -0.938672 0.344742
vn 0.423978 -0.730298 -0.535637
vn 0.363940 -0.382844 -0.849105
vn 0.420196 -0.712952 -0.561369
vn 0.361003 -0.361866 -0.859494
vn 0.331559 0.009500 -0.943387
vn 0.331370 0.009494 -0.943453
vn 0.339692 0.381941 -0.859494
vn 0.341424 0.403056 -0.849103
vn 0.378713 0.735831 -0.561365
vn 0.381496 0.753369 -0.535627
vn 0.407119 0.913375 0.000000
vn 0.407368 0.913264 0.000000
vn 0.381496 0.753369 0.535627
vn 0.378712 0.735831 0.561365
vn 0.341426 0.403056 0.849102
vn 0.339694 0.381940 0.859494
vn 0.331558 0.009499 0.943387
vn 0.331369 0.009493 0.943453
vn 0.361006 -0.361866 0.859493
vn 0.363942 -0.382844 0.849104
vn 0.420196 -0.712952 0.561369
vn 0.423978 -0.730298 0.535637
vn 0.458740 -0.888571 0.000000
vn 0.458984 -0.888445 0.000001
vn 0.396836 0.752683 0.525347
vn 0.362767 0.404232 0.839641
vn 0.394792 0.737263 0.548255
vn 0.361498 0.385236 0.849066
vn 0.355281 0.010179 0.934704
vn 0.355166 0.010176 0.934748
vn 0.385295 -0.382797 0.839651
vn 0.382941 -0.363914 0.849072
vn 0.439300 -0.728718 0.525344
vn 0.436374 -0.713438 0.548255
vn 0.469809 -0.882768 -0.000000
vn 0.469674 -0.882840 -0.000000
vn 0.439299 -0.728719 -0.525342
vn 0.436373 -0.713439 -0.548255
vn 0.385294 -0.382798 -0.839651
vn 0.382940 -0.363914 -0.849072
vn 0.355279 0.010179 -0.934705
vn 0.355163 0.010176 -0.934749
vn 0.362766 0.404233 -0.839641
vn 0.361497 0.385236 -0.849066
vn 0.396836 0.752683 -0.525348
vn 0.394792 0.737262 -0.548256
vn 0.418480 0.908226 -0.000000
vn 0.418340 0.908290 -0.000000
vn 0.999590 0.028639 0.000001
vn 0.999589 0.028659 0.000008
vn 0.999590 0.028641 0.000002
vn 0.999589 0.028658 0.000008
vn 0.999590 0.028640 0.000000
vn 0.999590 0.028640 0.000000
vn 0.999590 0.028642 0.000000
vn 0.999590 0.028642 0.000000
vn 0.999590 0.028640 0.000000
vn 0.999590 0.028642 -0.000000
vn 0.999590 0.028623 0.000000
vn 0.999590 0.028626 0.000000
vn 0.999590 0.028643 0.000000
vn 0.999590 0.028641 -0.000000
vn 0.999590 0.028643 -0.000000
vn 0.999590 0.028643 -0.000000
vn 0.999590 0.028641 0.000000
vn 0.999590 0.028641 -0.000000
vn 0.999590 0.028641 -0.000002
vn 0.999590 0.028639 -0.000001
vn 0.999589 0.028656 -0.000008
vn 0.999589 0.028657 -0.000008
vn 0.999590 0.028639 0.000000
vn 0.999590 0.028642 -0.000000
vn -0.423977 0.730299 -0.535637
vn -0.363946 0.382844 -0.849102
vn -0.420195 0.712953 -0.561368
vn -0.361009 0.361863 -0.859493
vn -0.331559 -0.009498 -0.943387
vn -0.331370 -0.009492 -0.943453
vn -0.339689 -0.381942 -0.859495
vn -0.341422 -0.403054 -0.849105
vn -0.378718 -0.735828 -0.561364
vn -0.381502 -0.753367 -0.535626
vn -0.407126 -0.913372 -0.000001
vn -0.407375 -0.913261 -0.000001
vn -0.381502 -0.753366 0.535626
vn -0.378719 -0.735828 0.561364
vn -0.341422 -0.403054 0.849104
vn -0.339690 -0.381942 0.859495
vn -0.331559 -0.009499 0.943387
vn -0.331369 -0.009494 0.943453
vn -0.361011 0.361862 0.859492
vn -0.363948 0.382843 0.849101
vn -0.420196 0.712953 0.561368
vn -0.423978 0.730299 0.535637
vn -0.458746 0.888568 -0.000001
vn -0.458991 0.888441 -0.000001
vn -0.396833 -0.752685 0.525347
vn -0.362764 -0.404231 0.839643
vn -0.394789 -0.737265 0.548254
vn -0.361495 -0.385237 0.849066
vn -0.355281 -0.010182 0.934704
vn -0.355166 -0.010179 0.934748
vn -0.385301 0.382797 0.839649
vn -0.382947 0.363910 0.849071
vn -0.439306 0.728720 0.525336
vn -0.436379 0.713439 0.548250
vn -0.469820 0.882762 0.000000
vn -0.469685 0.882834 0.000000
vn -0.439307 0.728717 -0.525338
vn -0.436380 0.713437 -0.548252
vn -0.385300 0.382799 -0.839648
vn -0.382945 0.363913 -0.849071
vn -0.355278 -0.010181 -0.934705
vn -0.355162 -0.010178 -0.934749
vn -0.362763 -0.404232 -0.839643
vn -0.361494 -0.385238 -0.849067
vn -0.396833 -0.752684 -0.525348
vn -0.394788 -0.737264 -0.548255
vn -0.418480 -0.908226 0.000000
vn -0.418341 -0.908290 0.000000
vn -0.999590 -0.028649 0.000016
vn -0.999590 -0.028651 0.000007
vn -0.999590 -0.028649 0.000016
vn -0.999590 -0.028648 0.000006
vn -0.999590 -0.028640 0.000000
vn -0.999590 -0.028641 0.000002
vn -0.999590 -0.028643 -0.000002
vn -0.999590 -0.028642 -0.000000
vn -0.999589 -0.028654 -0.000010
vn -0.999589 -0.028656 -0.000010
vn -0.999590 -0.028627 0.000000
vn -0.999590 -0.028631 0.000000
vn -0.999590 -0.028653 0.000010
vn -0.999590 -0.028651 0.000010
vn -0.999590 -0.028642 0.000000
vn -0.999590 -0.028643 0.000002
vn -0.999590 -0.028640 0.000000
vn -0.999590 -0.028641 -0.000002
vn -0.999590 -0.028649 -0.000016
vn -0.999590 -0.028649 -0.000016
vn -0.999590 -0.028650 -0.000006
vn -0.999590 -0.028653 -0.000007
vn -0.999590 -0.028620 0.000000
vn -0.999590 -0.028624 0.000000
vn -0.994811 -0.101740 0.000000
vn -0.994810 -0.101745 0.000000
vn -0.994811 -0.101741 0.000000
vn -0.994810 -0.101746 0.000000
vn -0.994784 -0.102008 0.000000
vn -0.994862 -0.101239 0.000000
vn -0.994862 -0.101239 0.000000
vn -0.994862 -0.101239 0.000000
vn -0.994811 -0.101741 0.000000
vn -0.994811 -0.101742 0.000000
vn -0.994810 -0.101748 0.000000
vn -0.994810 -0.101749 0.000000
vn 0.994817 0.101677 0.000000
vn -0.994862 -0.101238 0.000000
vn -0.994862 -0.101238 0.000000
vn -0.994862 -0.101238 0.000000
s 1
g blade_damaged
f 2860/3823/4683 2850/3824/4684 2859/3826/4685
f 2859/3826/4685 2850/3824/4684 2851/3825/4686
s 2
f 2852/3827/4687 2856/3828/4688 2853/3830/4689
f 2853/3830/4689 2856/3828/4688 2857/3829/4690
s 3
f 2854/3831/4691 2855/3832/4692 2850/3824/4693
f 2850/3824/4693 2855/3832/4692 2851/3825/4694
s 4
f 2852/3827/4695 2853/3830/4696 2854/3831/4697
f 2854/3831/4697 2853/3830/4696 2855/3832/4698
s 5
f 2855/3832/4699 2853/3830/4700 2858/3834/4701
f 2858/3834/4701 2853/3830/4700 2857/3833/4702
s 6
f 2855/3832/4703 2858/3834/4704 2851/3825/4705
f 2851/3825/4705 2858/3834/4704 2859/3835/4706
s 7
f 2871/3836/4707 2870/3837/4708 2861/3839/4709
f 2861/3839/4709 2870/3837/4708 2862/3838/4710
s 8
f 2863/3840/4711 2864/3841/4712 2867/3843/4713
f 2867/3843/4713 2864/3841/4712 2868/3842/4714
s 9
f 2862/3838/4715 2866/3844/4716 2861/3839/4717
f 2861/3839/4717 2866/3844/4716 2865/3845/4718
s 10
f 2866/3844/4719 2864/3841/4720 2865/3845/4721
f 2865/3845/4721 2864/3841/4720 2863/3840/4722
s 11
f 2866/3844/4723 2869/3846/4724 2864/3841/4725
f 2864/3841/4725 2869/3846/4724 2868/3847/4726
s 12
f 2866/3844/4727 2862/3838/4728 2869/3846/4729
f 2869/3846/4729 2862/3838/4728 2870/3848/4730
s 13
f 2880/3849/4731 2882/3852/4732 2881/3850/4733
f 2881/3850/4733 2882/3852/4732 2883/3851/4734
f 2882/3852/4732 2884/3854/4735 2883/3851/4734
f 2883/3851/4734 2884/3854/4735 2885/3853/4736
f 2884/3854/4735 2886/3856/4737 2885/3853/4736
f 2885/3853/4736 2886/3856/4737 2887/3855/4738
s 14
f 2872/3857/4739 2876/3860/4740 2873/3858/4741
f 2873/3858/4741 2876/3860/4740 2877/3859/4742
f 2873/3858/4741 2877/3859/4742 2874/3861/4743
f 2874/3861/4743 2877/3859/4742 2878/3862/4744
f 2874/3861/4743 2878/3862/4744 2875/3863/4745
f 2875/3863/4745 2878/3862/4744 2879/3864/4746
s 15
f 2873/3858/4747 2882/3866/4748 2872/3857/4749
f 2872/3857/4749 2882/3866/4748 2880/3865/4750
s 16
f 2877/3859/4751 2876/3860/4752 2883/3867/4753
f 2883/3867/4753 2876/3860/4752 2881/3868/4754
s 15
f 2873/3858/4747 2874/3861/4755 2882/3866/4748
f 2882/3866/4748 2874/3861/4755 2884/3869/4756
s 16
f 2877/3859/4751 2883/3867/4753 2878/3862/4757
f 2878/3862/4757 2883/3867/4753 2885/3870/4758
s 15
f 2874/3861/4755 2875/3863/4759 2884/3869/4756
f 2884/3869/4756 2875/3863/4759 2886/3871/4760
s 16
f 2878/3862/4757 2885/3870/4758 2879/3864/4761
f 2879/3864/4761 2885/3870/4758 2887/3872/4762
s 13
f 2876/3860/4763 2872/3857/4764 2881/3873/4733
f 2881/3873/4733 2872/3857/4764 2880/3874/4731
f 2894/3875/4765 2895/3878/4766 2896/3876/4767
f 2896/3876/4767 2895/3878/4766 2897/3877/4768
f 2896/3876/4767 2897/3877/4768 2898/3879/4769
f 2898/3879/4769 2897/3877/4768 2899/3880/4770
f 2898/3879/4769 2899/3880/4770 2886/3856/4737
f 2886/3856/4737 2899/3880/4770 2887/3855/4738
s 14
f 2888/3881/4771 2889/3884/4772 2891/3882/4773
f 2891/3882/4773 2889/3884/4772 2892/3883/4774
f 2889/3884/4772 2890/3886/4775 2892/3883/4774
f 2892/3883/4774 2890/3886/4775 2893/3885/4776
f 2890/3886/4775 2875/3863/4745 2893/3885/4776
f 2893/3885/4776 2875/3863/4745 2879/3864/4746
s 15
f 2894/3888/4777 2896/3887/4778 2888/3881/4779
f 2888/3881/4779 2896/3887/4778 2889/3884/4780
s 16
f 2892/3883/4781 2897/3890/4782 2891/3882/4783
f 2891/3882/4783 2897/3890/4782 2895/3889/4784
s 15
f 2889/3884/4780 2896/3887/4778 2890/3886/4785
f 2890/3886/4785 2896/3887/4778 2898/3891/4786
s 16
f 2899/3892/4787 2897/3890/4782 2893/3885/4788
f 2893/3885/4788 2897/3890/4782 2892/3883/4781
s 15
f 2890/3886/4785 2898/3891/4786 2875/3863/4759
f 2875/3863/4759 2898/3891/4786 2886/3871/4760
s 16
f 2887/3872/4762 2899/3892/4787 2879/3864/4761
f 2879/3864/4761 2899/3892/4787 2893/3885/4788
s 13
f 2891/3882/4789 2895/3894/4766 2888/3881/4790
f 2888/3881/4790 2895/3894/4766 2894/3893/4765
s 21
f 2904/3895/4791 2906/3896/4792 2905/3898/4793
f 2905/3898/4793 2906/3896/4792 2907/3897/4794
f 2906/3896/4792 2909/3899/4795 2907/3897/4794
f 2907/3897/4794 2909/3899/4795 2910/3900/4796
s 22
f 2900/3901/4797 2902/3902/4798 2901/3904/4799
f 2901/3904/4799 2902/3902/4798 2903/3903/4800
f 2901/3904/4799 2903/3903/4800 2908/3906/4801
f 2908/3906/4801 2903/3903/4800 2911/3905/4802
s 23
f 2901/3908/4803 2906/3896/4804 2900/3907/4805
f 2900/3907/4805 2906/3896/4804 2904/3895/4806
s 24
f 2903/3909/4807 2902/3910/4808 2907/3897/4809
f 2907/3897/4809 2902/3910/4808 2905/3898/4810
s 23
f 2908/3911/4811 2909/3899/4812 2901/3908/4803
f 2901/3908/4803 2909/3899/4812 2906/3896/4804
s 24
f 2911/3912/4813 2903/3909/4807 2910/3900/4814
f 2910/3900/4814 2903/3909/4807 2907/3897/4809
s 23
f 2912/3914/4815 2900/3907/4805 2913/3913/4816
f 2913/3913/4816 2900/3907/4805 2904/3895/4806
s 21
f 2914/3915/4817 2913/3913/4818 2905/3898/4793
f 2905/3898/4793 2913/3913/4818 2904/3895/4791
s 24
f 2915/3916/4819 2914/3915/4820 2902/3910/4808
f 2902/3910/4808 2914/3915/4820 2905/3898/4810
s 22
f 2912/3917/4821 2915/3918/4822 2900/3901/4797
f 2900/3901/4797 2915/3918/4822 2902/3902/4798
s 25
f 2914/3919/4823 2915/3918/4824 2913/3920/4825
f 2913/3920/4825 2915/3918/4824 2912/3917/4826
s 26
f 2909/3921/4827 2908/3906/4828 2910/3922/4829
f 2910/3922/4829 2908/3906/4828 2911/3905/4830
s 27
f 2920/3923/4831 2921/3924/4832 2922/3926/4833
f 2922/3926/4833 2921/3924/4832 2923/3925/4834
f 2922/3926/4833 2923/3925/4834 2925/3928/4835
f 2925/3928/4835 2923/3925/4834 2926/3927/4836
s 28
f 2916/3929/4837 2917/3930/4838 2918/3932/4839
f 2918/3932/4839 2917/3930/4838 2919/3931/4840
f 2917/3930/4838 2924/3933/4841 2919/3931/4840
f 2919/3931/4840 2924/3933/4841 2927/3934/4842
s 29
f 2920/3923/4843 2922/3926/4844 2916/3935/4845
f 2916/3935/4845 2922/3926/4844 2917/3936/4846
s 30
f 2919/3937/4847 2923/3925/4848 2918/3938/4849
f 2918/3938/4849 2923/3925/4848 2921/3924/4850
s 29
f 2922/3926/4844 2925/3928/4851 2917/3936/4846
f 2917/3936/4846 2925/3928/4851 2924/3939/4852
s 30
f 2923/3925/4848 2919/3937/4847 2926/3927/4853
f 2926/3927/4853 2919/3937/4847 2927/3940/4854
s 29
f 2920/3923/4843 2916/3935/4845 2929/3941/4855
f 2929/3941/4855 2916/3935/4845 2928/3942/4856
s 27
f 2930/3943/4857 2921/3924/4832 2929/3941/4858
f 2929/3941/4858 2921/3924/4832 2920/3923/4831
s 30
f 2921/3924/4850 2930/3943/4859 2918/3938/4849
f 2918/3938/4849 2930/3943/4859 2931/3944/4860
s 28
f 2928/3945/4861 2916/3929/4837 2931/3946/4862
f 2931/3946/4862 2916/3929/4837 2918/3932/4839
s 31
f 2930/3947/4863 2929/3948/4864 2931/3946/4865
f 2931/3946/4865 2929/3948/4864 2928/3945/4866
s 32
f 2925/3949/4867 2926/3950/4868 2924/3933/4869
f 2924/3933/4869 2926/3950/4868 2927/3934/4870
s 33
f 2936/3951/4871 2938/3952/4872 2937/3954/4873
f 2937/3954/4873 2938/3952/4872 2939/3953/4874
f 2938/3952/4872 2941/3955/4875 2939/3953/4874
f 2939/3953/4874 2941/3955/4875 2942/3956/4876
s 34
f 2932/3957/4877 2934/3958/4878 2933/3960/4879
f 2933/3960/4879 2934/3958/4878 2935/3959/4880
f 2933/3960/4879 2935/3959/4880 2940/3962/4881
f 2940/3962/4881 2935/3959/4880 2943/3961/4882
s 35
f 2933/3964/4883 2938/3952/4884 2932/3963/4885
f 2932/3963/4885 2938/3952/4884 2936/3951/4886
s 36
f 2935/3965/4887 2934/3966/4888 2939/3953/4889
f 2939/3953/4889 2934/3966/4888 2937/3954/4890
s 35
f 2940/3967/4891 2941/3955/4892 2933/3964/4883
f 2933/3964/4883 2941/3955/4892 2938/3952/4884
s 36
f 2943/3968/4893 2935/3965/4887 2942/3956/4894
f 2942/3956/4894 2935/3965/4887 2939/3953/4889
s 35
f 2944/3970/4895 2932/3963/4885 2945/3969/4896
f 2945/3969/4896 2932/3963/4885 2936/3951/4886
s 33
f 2946/3971/4897 2945/3969/4898 2937/3954/4873
f 2937/3954/4873 2945/3969/4898 2936/3951/4871
s 36
f 2947/3972/4899 2946/3971/4900 2934/3966/4888
f 2934/3966/4888 2946/3971/4900 2937/3954/4890
s 34
f 2944/3973/4901 2947/3974/4902 2932/3957/4877
f 2932/3957/4877 2947/3974/4902 2934/3958/4878
s 37
f 2946/3975/4903 2947/3974/4904 2945/3976/4905
f 2945/3976/4905 2947/3974/4904 2944/3973/4906
s 38
f 2941/3977/4907 2940/3962/4908 2942/3978/4909
f 2942/3978/4909 2940/3962/4908 2943/3961/4910
s 39
f 2952/3979/4911 2953/3980/4912 2954/3982/4913
f 2954/3982/4913 2953/3980/4912 2955/3981/4914
f 2954/3982/4913 2955/3981/4914 2957/3984/4915
f 2957/3984/4915 2955/3981/4914 2958/3983/4916
s 40
f 2948/3985/4917 2949/3986/4918 2950/3988/4919
f 2950/3988/4919 2949/3986/4918 2951/3987/4920
f 2949/3986/4918 2956/3989/4921 2951/3987/4920
f 2951/3987/4920 2956/3989/4921 2959/3990/4922
s 41
f 2952/3979/4923 2954/3982/4924 2948/3991/4925
f 2948/3991/4925 2954/3982/4924 2949/3992/4926
s 42
f 2951/3993/4927 2955/3981/4928 2950/3994/4929
f 2950/3994/4929 2955/3981/4928 2953/3980/4930
s 41
f 2954/3982/4924 2957/3984/4931 2949/3992/4926
f 2949/3992/4926 2957/3984/4931 2956/3995/4932
s 42
f 2955/3981/4928 2951/3993/4927 2958/3983/4933
f 2958/3983/4933 2951/3993/4927 2959/3996/4934
s 41
f 2952/3979/4923 2948/3991/4925 2961/3997/4935
f 2961/3997/4935 2948/3991/4925 2960/3998/4936
s 39
f 2962/3999/4937 2953/3980/4912 2961/3997/4938
f 2961/3997/4938 2953/3980/4912 2952/3979/4911
s 42
f 2953/3980/4930 2962/3999/4939 2950/3994/4929
f 2950/3994/4929 2962/3999/4939 2963/4000/4940
s 40
f 2960/4001/4941 2948/3985/4917 2963/4002/4942
f 2963/4002/4942 2948/3985/4917 2950/3988/4919
s 43
f 2962/4003/4943 2961/4004/4944 2963/4002/4945
f 2963/4002/4945 2961/4004/4944 2960/4001/4946
s 44
f 2957/4005/4947 2958/4006/4948 2956/3989/4949
f 2956/3989/4949 2958/4006/4948 2959/3990/4950
s 45
f 2972/4007/4951 2973/4008/4952 2974/4010/4953
f 2974/4010/4953 2973/4008/4952 2975/4009/4954
f 2974/4010/4953 2975/4009/4954 2976/4012/4955
f 2976/4012/4955 2975/4009/4954 2977/4011/4956
f 2976/4012/4955 2977/4011/4956 2978/4014/4957
f 2978/4014/4957 2977/4011/4956 2979/4013/4958
s 46
f 2964/4015/4959 2965/4016/4960 2968/4018/4961
f 2968/4018/4961 2965/4016/4960 2969/4017/4962
f 2965/4016/4960 2966/4019/4963 2969/4017/4962
f 2969/4017/4962 2966/4019/4963 2970/4020/4964
f 2966/4019/4963 2967/4021/4965 2970/4020/4964
f 2970/4020/4964 2967/4021/4965 2971/4022/4966
s 47
f 2972/4023/4967 2974/4024/4968 2964/4015/4969
f 2964/4015/4969 2974/4024/4968 2965/4016/4970
s 48
f 2969/4017/4971 2975/4025/4972 2968/4018/4973
f 2968/4018/4973 2975/4025/4972 2973/4026/4974
s 47
f 2965/4016/4970 2974/4024/4968 2966/4019/4975
f 2966/4019/4975 2974/4024/4968 2976/4027/4976
s 48
f 2977/4028/4977 2975/4025/4972 2970/4020/4978
f 2970/4020/4978 2975/4025/4972 2969/4017/4971
s 47
f 2966/4019/4975 2976/4027/4976 2967/4021/4979
f 2967/4021/4979 2976/4027/4976 2978/4029/4980
s 48
f 2979/4030/4981 2977/4028/4977 2971/4022/4982
f 2971/4022/4982 2977/4028/4977 2970/4020/4978
s 45
f 2968/4018/4983 2973/4031/4952 2964/4015/4984
f 2964/4015/4984 2973/4031/4952 2972/4032/4951
f 2986/4033/4985 2988/4034/4986 2987/4036/4987
f 2987/4036/4987 2988/4034/4986 2989/4035/4988
f 2988/4034/4986 2990/4037/4989 2989/4035/4988
f 2989/4035/4988 2990/4037/4989 2991/4038/4990
f 2990/4037/4989 2978/4014/4957 2991/4038/4990
f 2991/4038/4990 2978/4014/4957 2979/4013/4958
s 46
f 2980/4039/4991 2983/4040/4992 2981/4042/4993
f 2981/4042/4993 2983/4040/4992 2984/4041/4994
f 2981/4042/4993 2984/4041/4994 2982/4044/4995
f 2982/4044/4995 2984/4041/4994 2985/4043/4996
f 2982/4044/4995 2985/4043/4996 2967/4021/4965
f 2967/4021/4965 2985/4043/4996 2971/4022/4966
s 47
f 2981/4042/4997 2988/4045/4998 2980/4039/4999
f 2980/4039/4999 2988/4045/4998 2986/4046/5000
s 48
f 2984/4041/5001 2983/4040/5002 2989/4048/5003
f 2989/4048/5003 2983/4040/5002 2987/4047/5004
s 47
f 2981/4042/4997 2982/4044/5005 2988/4045/4998
f 2988/4045/4998 2982/4044/5005 2990/4049/5006
s 48
f 2984/4041/5001 2989/4048/5003 2985/4043/5007
f 2985/4043/5007 2989/4048/5003 2991/4050/5008
s 47
f 2982/4044/5005 2967/4021/4979 2990/4049/5006
f 2990/4049/5006 2967/4021/4979 2978/4029/4980
s 48
f 2985/4043/5007 2991/4050/5008 2971/4022/4982
f 2971/4022/4982 2991/4050/5008 2979/4030/4981
s 45
f 2983/4040/5009 2980/4039/5010 2987/4052/4987
f 2987/4052/4987 2980/4039/5010 2986/4051/4985
s 53
f 2992/4053/5011 2993/4054/5012 3004/4056/5013
f 3004/4056/5013 2993/4054/5012 3005/4055/5014
f 2993/4054/5012 2994/4057/5015 3005/4055/5014
f 3005/4055/5014 2994/4057/5015 3006/4058/5016
f 2994/4057/5015 2995/4059/5017 3006/4058/5016
f 3006/4058/5016 2995/4059/5017 3007/4060/5018
f 2995/4059/5017 2996/4061/5019 3007/4060/5018
f 3007/4060/5018 2996/4061/5019 3008/4062/5020
f 2996/4061/5019 2997/4063/5021 3008/4062/5020
f 3008/4062/5020 2997/4063/5021 3009/4064/5022
f 2997/4063/5021 2998/4065/5023 3009/4064/5022
f 3009/4064/5022 2998/4065/5023 3010/4066/5024
f 2998/4065/5023 2999/4067/5025 3010/4066/5024
f 3010/4066/5024 2999/4067/5025 3011/4068/5026
f 2999/4067/5025 3000/4069/5027 3011/4068/5026
f 3011/4068/5026 3000/4069/5027 3012/4070/5028
f 3000/4069/5027 3001/4071/5029 3012/4070/5028
f 3012/4070/5028 3001/4071/5029 3013/4072/5030
f 3001/4071/5029 3002/4073/5031 3013/4072/5030
f 3013/4072/5030 3002/4073/5031 3014/4074/5032
f 3002/4073/5031 3003/4075/5033 3014/4074/5032
f 3014/4074/5032 3003/4075/5033 3015/4076/5034
f 3003/4077/5033 2992/4053/5011 3015/4078/5034
f 3015/4078/5034 2992/4053/5011 3004/4056/5013
s 54
f 2993/4079/5035 2992/4080/5036 3017/4082/5037
f 3017/4082/5037 2992/4080/5036 3016/4081/5038
s 55
f 2994/4083/5039 2993/4079/5040 3018/4084/5041
f 3018/4084/5041 2993/4079/5040 3017/4082/5042
s 56
f 2994/4083/5043 3018/4084/5044 2995/4085/5045
f 2995/4085/5045 3018/4084/5044 3019/4086/5046
s 57
f 2995/4085/5047 3019/4086/5048 2996/4087/5049
f 2996/4087/5049 3019/4086/5048 3020/4088/5050
s off
f 2997/4089/5051 2996/4087/5052 3020/4088/5053
f 2998/4090/5054 2997/4089/5055 3020/4088/5056
s 58
f 2999/4091/5057 2998/4090/5058 3019/4086/5059
f 3019/4086/5059 2998/4090/5058 3020/4088/5060
s 59
f 3000/4092/5061 2999/4091/5062 3018/4084/5063
f 3018/4084/5063 2999/4091/5062 3019/4086/5064
s 60
f 3000/4092/5065 3018/4084/5066 3001/4093/5067
f 3001/4093/5067 3018/4084/5066 3017/4082/5068
s 61
f 3001/4093/5069 3017/4082/5070 3002/4094/5071
f 3002/4094/5071 3017/4082/5070 3016/4081/5072
s off
f 3003/4095/5073 3002/4094/5074 3016/4081/5075
f 2992/4080/5076 3003/4095/5077 3016/4081/5078
s 62
f 3005/4097/5079 3022/4098/5080 3004/4096/5081
f 3004/4096/5081 3022/4098/5080 3021/4099/5082
s 63
f 3006/4100/5083 3023/4101/5084 3005/4097/5085
f 3005/4097/5085 3023/4101/5084 3022/4098/5086
s 64
f 3006/4100/5087 3007/4102/5088 3023/4101/5089
f 3023/4101/5089 3007/4102/5088 3024/4103/5090
s 65
f 3007/4102/5091 3008/4104/5092 3024/4103/5093
f 3024/4103/5093 3008/4104/5092 3025/4105/5094
s off
f 3008/4104/5095 3009/4106/5096 3025/4105/5097
f 3009/4106/5098 3010/4107/5099 3025/4105/5100
s 66
f 3011/4108/5101 3024/4103/5102 3010/4107/5103
f 3010/4107/5103 3024/4103/5102 3025/4105/5104
s 67
f 3012/4109/5105 3023/4101/5106 3011/4108/5107
f 3011/4108/5107 3023/4101/5106 3024/4103/5108
s 68
f 3012/4109/5109 3013/4110/5110 3023/4101/5111
f 3023/4101/5111 3013/4110/5110 3022/4098/5112
s 69
f 3013/4110/5113 3014/4111/5114 3022/4098/5115
f 3022/4098/5115 3014/4111/5114 3021/4099/5116
s off
f 3014/4111/5117 3015/4112/5118 3021/4099/5119
f 3015/4112/5120 3004/4096/5121 3021/4099/5122
s 70
f 3029/4114/5123 3028/4115/5124 3026/4113/5125
f 3026/4113/5125 3028/4115/5124 3027/4116/5126
f 3031/4117/5127 3030/4118/5128 3029/4114/5123
f 3029/4114/5123 3030/4118/5128 3028/4115/5124
s 71
f 3033/4119/5129 3026/4113/5130 3032/4120/5131
f 3032/4120/5131 3026/4113/5130 3027/4116/5132
s 70
f 3035/4123/5133 3029/4114/5123 3034/4121/5134
f 3034/4121/5134 3029/4114/5123 3026/4113/5125
f 3036/4124/5135 3031/4117/5127 3035/4123/5133
f 3035/4123/5133 3031/4117/5127 3029/4114/5123
s 71
f 3034/4121/5136 3026/4113/5130 3037/4122/5137
f 3037/4122/5137 3026/4113/5130 3033/4119/5129
s 72
f 3039/4126/5138 3040/4127/5139 3038/4125/5140
f 3038/4125/5140 3040/4127/5139 3041/4128/5141
f 3040/4127/5139 3030/4129/5142 3041/4128/5141
f 3041/4128/5141 3030/4129/5142 3031/4130/5143
s 73
f 3033/4131/5144 3032/4132/5145 3038/4125/5146
f 3038/4125/5146 3032/4132/5145 3039/4126/5147
s 72
f 3043/4135/5148 3042/4133/5149 3041/4128/5141
f 3041/4128/5141 3042/4133/5149 3038/4125/5140
f 3036/4136/5150 3043/4135/5148 3031/4130/5143
f 3031/4130/5143 3043/4135/5148 3041/4128/5141
s 73
f 3042/4133/5151 3037/4134/5152 3038/4125/5146
f 3038/4125/5146 3037/4134/5152 3033/4131/5144
s 74
f 3044/4137/5153 3047/4138/5154 3045/4140/5155
f 3045/4140/5155 3047/4138/5154 3046/4139/5156
f 3051/4142/5157 3050/4143/5158 3049/4141/5159
f 3049/4141/5159 3050/4143/5158 3048/4144/5160
f 3053/4145/5161 3052/4146/5162 3051/4142/5157
f 3051/4142/5157 3052/4146/5162 3050/4143/5158
f 3047/4138/5154 3054/4147/5163 3046/4139/5156
f 3046/4139/5156 3054/4147/5163 3048/4144/5160
f 3055/4148/5164 3049/4141/5159 3054/4147/5163
f 3054/4147/5163 3049/4141/5159 3048/4144/5160
f 3056/4149/5165 3044/4137/5153 3057/4150/5166
f 3057/4150/5166 3044/4137/5153 3045/4140/5155
f 3057/4150/5166 3045/4140/5155 3058/4151/5167
f 3058/4151/5167 3045/4140/5155 3046/4139/5156
f 3058/4151/5167 3046/4139/5156 3059/4152/5168
f 3059/4152/5168 3046/4139/5156 3048/4144/5160
f 3059/4152/5168 3048/4144/5160 3060/4153/5169
f 3060/4153/5169 3048/4144/5160 3050/4143/5158
f 3061/4154/5170 3060/4153/5169 3052/4146/5162
f 3052/4146/5162 3060/4153/5169 3050/4143/5158
f 3062/4155/5171 3061/4154/5170 3052/4146/5162
f 3062/4155/5171 3052/4146/5162 3063/4156/5172
f 3063/4156/5172 3052/4146/5162 3053/4145/5161
f 3064/4157/5173 3063/4158/5172 3053/4159/5161
f 3064/4157/5173 3053/4159/5161 3065/4160/5174
f 3065/4160/5174 3053/4159/5161 3051/4161/5175
f 3065/4160/5174 3051/4161/5175 3066/4162/5176
f 3066/4162/5176 3051/4161/5175 3049/4163/5177
f 3067/4164/5178 3066/4162/5176 3055/4165/5179
f 3055/4165/5179 3066/4162/5176 3049/4163/5177
f 3058/4151/5167 3059/4152/5168 3068/4167/5180
f 3068/4167/5180 3059/4152/5168 3069/4166/5181
f 3059/4152/5168 3060/4153/5169 3069/4166/5181
f 3069/4166/5181 3060/4153/5169 3070/4168/5182
f 3060/4153/5169 3061/4154/5170 3070/4168/5182
f 3070/4168/5182 3061/4154/5170 3071/4169/5183
f 3061/4154/5170 3062/4155/5171 3071/4169/5183
f 3071/4169/5183 3062/4155/5171 3072/4170/5184
f 3063/4156/5172 3073/4171/5185 3062/4155/5171
f 3062/4155/5171 3073/4171/5185 3072/4172/5184
f 3064/4157/5173 3074/4173/5186 3063/4158/5172
f 3063/4158/5172 3074/4173/5186 3073/4174/5185
f 3065/4160/5174 3075/4175/5187 3064/4157/5173
f 3064/4157/5173 3075/4175/5187 3074/4173/5186
f 3066/4162/5176 3076/4176/5188 3065/4160/5174
f 3065/4160/5174 3076/4176/5188 3075/4175/5187
f 3066/4162/5176 3067/4164/5178 3076/4176/5188
f 3076/4176/5188 3067/4164/5178 3077/4177/5189
f 3044/4137/5153 3078/4178/5190 3047/4138/5154
f 3047/4138/5154 3078/4178/5190 3079/4179/5191
f 3080/4181/5192 3082/4182/5193 3081/4180/5194
f 3081/4180/5194 3082/4182/5193 3083/4183/5195
f 3082/4182/5193 3084/4184/5196 3083/4183/5195
f 3083/4183/5195 3084/4184/5196 3085/4185/5197
f 3047/4138/5154 3079/4179/5191 3054/4147/5163
f 3054/4147/5163 3079/4179/5191 3080/4181/5192
f 3080/4181/5192 3081/4180/5194 3054/4147/5163
f 3054/4147/5163 3081/4180/5194 3055/4148/5164
f 3056/4149/5165 3086/4186/5198 3044/4137/5153
f 3044/4137/5153 3086/4186/5198 3078/4178/5190
f 3079/4179/5191 3078/4178/5190 3087/4187/5199
f 3087/4187/5199 3078/4178/5190 3086/4186/5198
f 3080/4181/5192 3079/4179/5191 3088/4188/5200
f 3088/4188/5200 3079/4179/5191 3087/4187/5199
f 3082/4182/5193 3080/4181/5192 3089/4189/5201
f 3089/4189/5201 3080/4181/5192 3088/4188/5200
f 3090/4190/5202 3084/4184/5196 3089/4189/5201
f 3089/4189/5201 3084/4184/5196 3082/4182/5193
f 3091/4191/5203 3084/4184/5196 3090/4190/5202
f 3085/4185/5197 3084/4184/5196 3092/4192/5204
f 3092/4192/5204 3084/4184/5196 3091/4191/5203
f 3093/4193/5205 3085/4194/5197 3092/4195/5204
f 3083/4197/5206 3085/4194/5197 3094/4196/5207
f 3094/4196/5207 3085/4194/5197 3093/4193/5205
f 3081/4199/5208 3083/4197/5206 3095/4198/5209
f 3095/4198/5209 3083/4197/5206 3094/4196/5207
f 3067/4164/5178 3055/4165/5179 3095/4198/5209
f 3095/4198/5209 3055/4165/5179 3081/4199/5208
f 3087/4187/5199 3096/4200/5210 3088/4188/5200
f 3088/4188/5200 3096/4200/5210 3097/4201/5211
f 3088/4188/5200 3097/4201/5211 3089/4189/5201
f 3089/4189/5201 3097/4201/5211 3098/4202/5212
f 3089/4189/5201 3098/4202/5212 3090/4190/5202
f 3090/4190/5202 3098/4202/5212 3099/4203/5213
f 3090/4190/5202 3099/4203/5213 3091/4191/5203
f 3091/4191/5203 3099/4203/5213 3100/4204/5214
f 3100/4205/5214 3101/4206/5215 3091/4191/5203
f 3091/4191/5203 3101/4206/5215 3092/4192/5204
f 3101/4207/5215 3102/4208/5216 3092/4195/5204
f 3092/4195/5204 3102/4208/5216 3093/4193/5205
f 3102/4208/5216 3103/4209/5217 3093/4193/5205
f 3093/4193/5205 3103/4209/5217 3094/4196/5207
f 3103/4209/5217 3104/4210/5218 3094/4196/5207
f 3094/4196/5207 3104/4210/5218 3095/4198/5209
f 3095/4198/5209 3104/4210/5218 3067/4164/5178
f 3067/4164/5178 3104/4210/5218 3077/4177/5189
s 82
f 3120/4212/5219 3119/4213/5220 3105/4211/5221
f 3105/4211/5221 3119/4213/5220 3106/4214/5222
f 3106/4214/5222 3119/4213/5220 3107/4216/5223
f 3107/4216/5223 3119/4213/5220 3118/4215/5224
f 3118/4215/5224 3123/4217/5225 3107/4216/5223
f 3107/4216/5223 3123/4217/5225 3108/4218/5226
f 3123/4217/5225 3122/4219/5227 3108/4218/5226
f 3108/4218/5226 3122/4219/5227 3109/4220/5228
f 3109/4220/5228 3122/4219/5227 3110/4222/5229
f 3110/4222/5229 3122/4219/5227 3121/4221/5230
f 3111/4223/5231 3117/4224/5232 3112/4225/5233
f 3112/4225/5233 3117/4224/5232 3113/4226/5234
f 3117/4224/5232 3114/4227/5235 3113/4226/5234
f 3114/4227/5235 3117/4224/5232 3115/4228/5236
f 3115/4228/5236 3117/4224/5232 3116/4229/5237
f 3114/4230/5235 3123/4217/5225 3113/4231/5234
f 3113/4231/5234 3123/4217/5225 3118/4215/5224
f 3119/4213/5220 3112/4232/5233 3118/4215/5224
f 3118/4215/5224 3112/4232/5233 3113/4231/5234
f 3120/4212/5219 3111/4233/5231 3119/4213/5220
f 3119/4213/5220 3111/4233/5231 3112/4232/5233
f 3115/4234/5236 3116/4235/5237 3122/4219/5227
f 3122/4219/5227 3116/4235/5237 3121/4221/5230
f 3114/4230/5235 3115/4234/5236 3123/4217/5225
f 3123/4217/5225 3115/4234/5236 3122/4219/5227
f 3125/4236/5238 3124/4237/5239 3106/4214/5222
f 3106/4214/5222 3124/4237/5239 3105/4211/5221
f 3126/4238/5240 3125/4236/5238 3107/4216/5223
f 3107/4216/5223 3125/4236/5238 3106/4214/5222
f 3126/4238/5240 3107/4216/5223 3127/4239/5241
f 3127/4239/5241 3107/4216/5223 3108/4218/5226
f 3109/4220/5228 3128/4240/5242 3108/4218/5226
f 3108/4218/5226 3128/4240/5242 3127/4239/5241
f 3110/4222/5229 3129/4241/5243 3109/4220/5228
f 3109/4220/5228 3129/4241/5243 3128/4240/5242
s 84
f 3130/4242/5244 3131/4243/5245 3133/4245/5246
f 3133/4245/5246 3131/4243/5245 3132/4244/5247
f 3134/4247/5248 3136/4248/5249 3135/4246/5250
f 3135/4246/5250 3136/4248/5249 3137/4249/5251
f 3136/4248/5249 3138/4250/5252 3137/4249/5251
f 3137/4249/5251 3138/4250/5252 3139/4251/5253
f 3133/4245/5246 3132/4244/5247 3140/4252/5254
f 3140/4252/5254 3132/4244/5247 3134/4247/5248
f 3134/4247/5248 3135/4246/5250 3140/4252/5254
f 3140/4252/5254 3135/4246/5250 3141/4253/5255
f 3142/4254/5256 3143/4255/5257 3130/4242/5244
f 3130/4242/5244 3143/4255/5257 3131/4243/5245
f 3132/4244/5247 3131/4243/5245 3144/4256/5258
f 3144/4256/5258 3131/4243/5245 3143/4255/5257
f 3134/4247/5248 3132/4244/5247 3145/4257/5259
f 3145/4257/5259 3132/4244/5247 3144/4256/5258
f 3136/4248/5249 3134/4247/5248 3146/4258/5260
f 3146/4258/5260 3134/4247/5248 3145/4257/5259
f 3147/4259/5261 3138/4250/5252 3146/4258/5260
f 3146/4258/5260 3138/4250/5252 3136/4248/5249
f 3148/4260/5262 3138/4250/5252 3147/4259/5261
f 3139/4251/5253 3138/4250/5252 3149/4261/5263
f 3149/4261/5263 3138/4250/5252 3148/4260/5262
f 3150/4262/5264 3139/4263/5253 3149/4264/5263
f 3137/4266/5265 3139/4263/5253 3151/4265/5266
f 3151/4265/5266 3139/4263/5253 3150/4262/5264
f 3135/4268/5267 3137/4266/5265 3152/4267/5268
f 3152/4267/5268 3137/4266/5265 3151/4265/5266
f 3153/4269/5269 3141/4270/5270 3152/4267/5268
f 3152/4267/5268 3141/4270/5270 3135/4268/5267
f 3144/4256/5258 3068/4271/5271 3145/4257/5259
f 3145/4257/5259 3068/4271/5271 3069/4272/5272
f 3145/4257/5259 3069/4272/5272 3146/4258/5260
f 3146/4258/5260 3069/4272/5272 3070/4273/5273
f 3146/4258/5260 3070/4273/5273 3147/4259/5261
f 3147/4259/5261 3070/4273/5273 3071/4274/5274
f 3147/4259/5261 3071/4274/5274 3148/4260/5262
f 3148/4260/5262 3071/4274/5274 3072/4275/5275
f 3072/4276/5275 3073/4277/5276 3148/4260/5262
f 3148/4260/5262 3073/4277/5276 3149/4261/5263
f 3073/4278/5276 3074/4279/5277 3149/4264/5263
f 3149/4264/5263 3074/4279/5277 3150/4262/5264
f 3074/4279/5277 3075/4280/5278 3150/4262/5264
f 3150/4262/5264 3075/4280/5278 3151/4265/5266
f 3075/4280/5278 3076/4281/5279 3151/4265/5266
f 3151/4265/5266 3076/4281/5279 3152/4267/5268
f 3152/4267/5268 3076/4281/5279 3153/4269/5269
f 3153/4269/5269 3076/4281/5279 3077/4282/5280
f 3130/4242/5244 3133/4245/5246 3154/4284/5281
f 3154/4284/5281 3133/4245/5246 3155/4283/5282
f 3159/4286/5283 3158/4287/5284 3157/4285/5285
f 3157/4285/5285 3158/4287/5284 3156/4288/5286
f 3161/4289/5287 3160/4290/5288 3159/4286/5283
f 3159/4286/5283 3160/4290/5288 3158/4287/5284
f 3133/4245/5246 3140/4252/5254 3155/4283/5282
f 3155/4283/5282 3140/4252/5254 3156/4288/5286
f 3141/4253/5255 3157/4285/5285 3140/4252/5254
f 3140/4252/5254 3157/4285/5285 3156/4288/5286
f 3142/4254/5256 3130/4242/5244 3162/4291/5289
f 3162/4291/5289 3130/4242/5244 3154/4284/5281
f 3162/4291/5289 3154/4284/5281 3163/4292/5290
f 3163/4292/5290 3154/4284/5281 3155/4283/5282
f 3163/4292/5290 3155/4283/5282 3164/4293/5291
f 3164/4293/5291 3155/4283/5282 3156/4288/5286
f 3164/4293/5291 3156/4288/5286 3165/4294/5292
f 3165/4294/5292 3156/4288/5286 3158/4287/5284
f 3166/4295/5293 3165/4294/5292 3160/4290/5288
f 3160/4290/5288 3165/4294/5292 3158/4287/5284
f 3167/4296/5294 3166/4295/5293 3160/4290/5288
f 3167/4296/5294 3160/4290/5288 3168/4297/5295
f 3168/4297/5295 3160/4290/5288 3161/4289/5287
f 3169/4298/5296 3168/4299/5295 3161/4300/5287
f 3169/4298/5296 3161/4300/5287 3170/4301/5297
f 3170/4301/5297 3161/4300/5287 3159/4302/5298
f 3170/4301/5297 3159/4302/5298 3171/4303/5299
f 3171/4303/5299 3159/4302/5298 3157/4304/5300
f 3153/4269/5269 3171/4303/5299 3141/4270/5270
f 3141/4270/5270 3171/4303/5299 3157/4304/5300
f 3163/4292/5290 3164/4293/5291 3096/4306/5301
f 3096/4306/5301 3164/4293/5291 3097/4305/5302
f 3164/4293/5291 3165/4294/5292 3097/4305/5302
f 3097/4305/5302 3165/4294/5292 3098/4307/5303
f 3165/4294/5292 3166/4295/5293 3098/4307/5303
f 3098/4307/5303 3166/4295/5293 3099/4308/5304
f 3166/4295/5293 3167/4296/5294 3099/4308/5304
f 3099/4308/5304 3167/4296/5294 3100/4309/5305
f 3168/4297/5295 3101/4310/5306 3167/4296/5294
f 3167/4296/5294 3101/4310/5306 3100/4311/5305
f 3169/4298/5296 3102/4312/5307 3168/4299/5295
f 3168/4299/5295 3102/4312/5307 3101/4313/5306
f 3170/4301/5297 3103/4314/5308 3169/4298/5296
f 3169/4298/5296 3103/4314/5308 3102/4312/5307
f 3171/4303/5299 3104/4315/5309 3170/4301/5297
f 3170/4301/5297 3104/4315/5309 3103/4314/5308
f 3171/4303/5299 3153/4269/5269 3104/4315/5309
f 3104/4315/5309 3153/4269/5269 3077/4282/5280
s 91
f 3172/4317/5310 3181/4318/5311 3105/4316/5312
f 3105/4316/5312 3181/4318/5311 3120/4319/5313
f 3172/4317/5310 3173/4320/5314 3181/4318/5311
f 3181/4318/5311 3173/4320/5314 3180/4321/5315
f 3180/4321/5315 3173/4320/5314 3183/4323/5316
f 3183/4323/5316 3173/4320/5314 3174/4322/5317
f 3175/4324/5318 3182/4325/5319 3174/4322/5317
f 3174/4322/5317 3182/4325/5319 3183/4323/5316
f 3175/4324/5318 3110/4326/5320 3182/4325/5319
f 3182/4325/5319 3110/4326/5320 3121/4327/5321
f 3111/4328/5322 3176/4329/5323 3117/4330/5324
f 3176/4329/5323 3177/4331/5325 3117/4330/5324
f 3117/4330/5324 3177/4331/5325 3178/4332/5326
f 3178/4332/5326 3179/4333/5327 3117/4330/5324
f 3179/4333/5327 3116/4334/5328 3117/4330/5324
f 3178/4335/5326 3177/4336/5325 3183/4323/5316
f 3183/4323/5316 3177/4336/5325 3180/4321/5315
f 3181/4318/5311 3180/4321/5315 3176/4337/5323
f 3176/4337/5323 3180/4321/5315 3177/4336/5325
f 3120/4319/5313 3181/4318/5311 3111/4338/5322
f 3111/4338/5322 3181/4318/5311 3176/4337/5323
f 3121/4327/5321 3116/4339/5328 3182/4325/5319
f 3182/4325/5319 3116/4339/5328 3179/4340/5327
f 3182/4325/5319 3179/4340/5327 3183/4323/5316
f 3183/4323/5316 3179/4340/5327 3178/4335/5326
f 3105/4316/5312 3124/4341/5329 3172/4317/5310
f 3172/4317/5310 3124/4341/5329 3184/4342/5330
f 3172/4317/5310 3184/4342/5330 3173/4320/5314
f 3173/4320/5314 3184/4342/5330 3185/4343/5331
f 3185/4343/5331 3186/4344/5332 3173/4320/5314
f 3173/4320/5314 3186/4344/5332 3174/4322/5317
f 3175/4324/5318 3174/4322/5317 3187/4345/5333
f 3187/4345/5333 3174/4322/5317 3186/4344/5332
f 3110/4326/5320 3175/4324/5318 3129/4346/5334
f 3129/4346/5334 3175/4324/5318 3187/4345/5333
s 94
f 3188/4347/5335 3189/4348/5336 3243/4350/5337
f 3243/4350/5337 3189/4348/5336 3242/4349/5338
f 3189/4348/5336 3190/4351/5339 3242/4349/5338
f 3242/4349/5338 3190/4351/5339 3241/4352/5340
f 3190/4351/5339 3191/4353/5341 3241/4352/5340
f 3241/4352/5340 3191/4353/5341 3240/4354/5342
f 3192/4355/5343 3239/4356/5344 3191/4353/5341
f 3191/4353/5341 3239/4356/5344 3240/4354/5342
f 3193/4357/5345 3238/4358/5346 3192/4355/5343
f 3192/4355/5343 3238/4358/5346 3239/4356/5344
f 3194/4359/5347 3237/4360/5348 3193/4357/5345
f 3193/4357/5345 3237/4360/5348 3238/4358/5346
f 3202/4362/5349 3220/4363/5350 3203/4361/5351
f 3203/4361/5351 3220/4363/5350 3221/4364/5352
f 3203/4361/5351 3221/4364/5352 3204/4365/5353
f 3204/4365/5353 3221/4364/5352 3222/4366/5354
f 3204/4365/5353 3222/4366/5354 3205/4367/5355
f 3205/4367/5355 3222/4366/5354 3216/4368/5356
f 3206/4369/5357 3205/4367/5355 3217/4370/5358
f 3217/4370/5358 3205/4367/5355 3216/4368/5356
f 3207/4371/5359 3206/4369/5357 3218/4372/5360
f 3218/4372/5360 3206/4369/5357 3217/4370/5358
f 3208/4373/5361 3207/4371/5359 3219/4374/5362
f 3219/4374/5362 3207/4371/5359 3218/4372/5360
f 3216/4368/5356 3198/4375/5363 3217/4370/5358
f 3217/4370/5358 3198/4375/5363 3197/4376/5364
f 3217/4370/5358 3197/4376/5364 3218/4372/5360
f 3218/4372/5360 3197/4376/5364 3196/4377/5365
f 3218/4372/5360 3196/4377/5365 3219/4374/5362
f 3219/4374/5362 3196/4377/5365 3195/4378/5366
f 3221/4364/5352 3220/4363/5350 3200/4380/5367
f 3200/4380/5367 3220/4363/5350 3201/4379/5368
f 3222/4366/5354 3221/4364/5352 3199/4381/5369
f 3199/4381/5369 3221/4364/5352 3200/4380/5367
f 3216/4368/5356 3222/4366/5354 3198/4375/5363
f 3198/4375/5363 3222/4366/5354 3199/4381/5369
f 3223/4382/5370 3224/4383/5371 3236/4385/5372
f 3236/4385/5372 3224/4383/5371 3235/4384/5373
f 3224/4383/5371 3223/4382/5370 3225/4387/5374
f 3225/4387/5374 3223/4382/5370 3226/4386/5375
f 3225/4387/5374 3226/4386/5375 3227/4389/5376
f 3227/4389/5376 3226/4386/5375 3228/4388/5377
f 3227/4389/5376 3228/4388/5377 3229/4391/5378
f 3229/4391/5378 3228/4388/5377 3230/4390/5379
f 3229/4391/5378 3230/4390/5379 3231/4393/5380
f 3231/4393/5380 3230/4390/5379 3232/4392/5381
f 3233/4394/5382 3234/4395/5383 3235/4384/5373
f 3235/4384/5373 3234/4395/5383 3236/4385/5372
f 3209/4397/5384 3233/4394/5382 3210/4396/5385
f 3210/4396/5385 3233/4394/5382 3235/4384/5373
f 3210/4396/5385 3235/4384/5373 3211/4398/5386
f 3211/4398/5386 3235/4384/5373 3224/4383/5371
f 3211/4398/5386 3224/4383/5371 3212/4399/5387
f 3212/4399/5387 3224/4383/5371 3225/4387/5374
f 3213/4400/5388 3212/4399/5387 3227/4389/5376
f 3227/4389/5376 3212/4399/5387 3225/4387/5374
f 3214/4401/5389 3213/4400/5388 3229/4391/5378
f 3229/4391/5378 3213/4400/5388 3227/4389/5376
f 3215/4402/5390 3214/4401/5389 3231/4393/5380
f 3231/4393/5380 3214/4401/5389 3229/4391/5378
f 3226/4386/5375 3223/4382/5370 3205/4367/5355
f 3205/4367/5355 3223/4382/5370 3204/4365/5353
f 3226/4386/5375 3205/4367/5355 3228/4388/5377
f 3228/4388/5377 3205/4367/5355 3206/4369/5357
f 3228/4388/5377 3206/4369/5357 3230/4390/5379
f 3230/4390/5379 3206/4369/5357 3207/4371/5359
f 3230/4390/5379 3207/4371/5359 3232/4392/5381
f 3232/4392/5381 3207/4371/5359 3208/4373/5361
f 3236/4385/5372 3234/4395/5383 3203/4361/5351
f 3203/4361/5351 3234/4395/5383 3202/4362/5349
f 3223/4382/5370 3236/4385/5372 3204/4365/5353
f 3204/4365/5353 3236/4385/5372 3203/4361/5351
f 3238/4358/5346 3237/4360/5348 3210/4396/5385
f 3210/4396/5385 3237/4360/5348 3209/4397/5384
f 3239/4356/5344 3238/4358/5346 3211/4398/5386
f 3211/4398/5386 3238/4358/5346 3210/4396/5385
f 3240/4354/5342 3239/4356/5344 3212/4399/5387
f 3212/4399/5387 3239/4356/5344 3211/4398/5386
f 3240/4354/5342 3212/4399/5387 3241/4352/5340
f 3241/4352/5340 3212/4399/5387 3213/4400/5388
f 3241/4352/5340 3213/4400/5388 3242/4349/5338
f 3242/4349/5338 3213/4400/5388 3214/4401/5389
f 3242/4349/5338 3214/4401/5389 3243/4350/5337
f 3243/4350/5337 3214/4401/5389 3215/4402/5390
s 105
f 3188/4403/5391 3243/4404/5392 3244/4406/5393
f 3244/4406/5393 3243/4404/5392 3283/4405/5394
f 3244/4406/5393 3283/4405/5394 3245/4408/5395
f 3245/4408/5395 3283/4405/5394 3282/4407/5396
f 3245/4408/5395 3282/4407/5396 3246/4410/5397
f 3246/4410/5397 3282/4407/5396 3281/4409/5398
f 3281/4409/5398 3280/4411/5399 3246/4410/5397
f 3246/4410/5397 3280/4411/5399 3247/4412/5400
f 3280/4411/5399 3279/4413/5401 3247/4412/5400
f 3247/4412/5400 3279/4413/5401 3248/4414/5402
f 3279/4413/5401 3237/4415/5403 3248/4414/5402
f 3248/4414/5402 3237/4415/5403 3194/4416/5404
f 3267/4418/5405 3220/4419/5406 3254/4417/5407
f 3254/4417/5407 3220/4419/5406 3202/4420/5408
f 3268/4422/5409 3267/4418/5405 3255/4421/5410
f 3255/4421/5410 3267/4418/5405 3254/4417/5407
f 3264/4424/5411 3268/4422/5409 3256/4423/5412
f 3256/4423/5412 3268/4422/5409 3255/4421/5410
f 3257/4425/5413 3265/4426/5414 3256/4423/5412
f 3256/4423/5412 3265/4426/5414 3264/4424/5411
f 3258/4427/5415 3266/4428/5416 3257/4425/5413
f 3257/4425/5413 3266/4428/5416 3265/4426/5414
f 3208/4429/5417 3219/4430/5418 3258/4427/5415
f 3258/4427/5415 3219/4430/5418 3266/4428/5416
f 3250/4431/5419 3251/4432/5420 3265/4426/5414
f 3265/4426/5414 3251/4432/5420 3264/4424/5411
f 3249/4433/5421 3250/4431/5419 3266/4428/5416
f 3266/4428/5416 3250/4431/5419 3265/4426/5414
f 3195/4434/5422 3249/4433/5421 3219/4430/5418
f 3219/4430/5418 3249/4433/5421 3266/4428/5416
f 3267/4418/5405 3253/4435/5423 3220/4419/5406
f 3220/4419/5406 3253/4435/5423 3201/4436/5424
f 3268/4422/5409 3252/4437/5425 3267/4418/5405
f 3267/4418/5405 3252/4437/5425 3253/4435/5423
f 3264/4424/5411 3251/4432/5420 3268/4422/5409
f 3268/4422/5409 3251/4432/5420 3252/4437/5425
f 3269/4438/5426 3278/4439/5427 3270/4441/5428
f 3270/4441/5428 3278/4439/5427 3277/4440/5429
f 3270/4441/5428 3271/4442/5430 3269/4438/5426
f 3269/4438/5426 3271/4442/5430 3272/4443/5431
f 3271/4442/5430 3273/4444/5432 3272/4443/5431
f 3272/4443/5431 3273/4444/5432 3274/4445/5433
f 3273/4444/5432 3275/4446/5434 3274/4445/5433
f 3274/4445/5433 3275/4446/5434 3276/4447/5435
f 3275/4446/5434 3231/4448/5436 3276/4447/5435
f 3276/4447/5435 3231/4448/5436 3232/4449/5437
f 3233/4450/5438 3277/4440/5429 3234/4451/5439
f 3234/4451/5439 3277/4440/5429 3278/4439/5427
f 3277/4440/5429 3233/4450/5438 3259/4452/5440
f 3259/4452/5440 3233/4450/5438 3209/4453/5441
f 3270/4441/5428 3277/4440/5429 3260/4454/5442
f 3260/4454/5442 3277/4440/5429 3259/4452/5440
f 3271/4442/5430 3270/4441/5428 3261/4455/5443
f 3261/4455/5443 3270/4441/5428 3260/4454/5442
f 3262/4456/5444 3273/4444/5432 3261/4455/5443
f 3261/4455/5443 3273/4444/5432 3271/4442/5430
f 3263/4457/5445 3275/4446/5434 3262/4456/5444
f 3262/4456/5444 3275/4446/5434 3273/4444/5432
f 3215/4458/5446 3231/4448/5436 3263/4457/5445
f 3263/4457/5445 3231/4448/5436 3275/4446/5434
f 3272/4443/5431 3256/4423/5412 3269/4438/5426
f 3269/4438/5426 3256/4423/5412 3255/4421/5410
f 3257/4425/5413 3256/4423/5412 3274/4445/5433
f 3274/4445/5433 3256/4423/5412 3272/4443/5431
f 3258/4427/5415 3257/4425/5413 3276/4447/5435
f 3276/4447/5435 3257/4425/5413 3274/4445/5433
f 3208/4429/5417 3258/4427/5415 3232/4449/5437
f 3232/4449/5437 3258/4427/5415 3276/4447/5435
f 3278/4439/5427 3254/4417/5407 3234/4451/5439
f 3234/4451/5439 3254/4417/5407 3202/4420/5408
f 3269/4438/5426 3255/4421/5410 3278/4439/5427
f 3278/4439/5427 3255/4421/5410 3254/4417/5407
f 3279/4413/5401 3259/4452/5440 3237/4415/5403
f 3237/4415/5403 3259/4452/5440 3209/4453/5441
f 3280/4411/5399 3260/4454/5442 3279/4413/5401
f 3279/4413/5401 3260/4454/5442 3259/4452/5440
f 3281/4409/5398 3261/4455/5443 3280/4411/5399
f 3280/4411/5399 3261/4455/5443 3260/4454/5442
f 3262/4456/5444 3261/4455/5443 3282/4407/5396
f 3282/4407/5396 3261/4455/5443 3281/4409/5398
f 3263/4457/5445 3262/4456/5444 3283/4405/5394
f 3283/4405/5394 3262/4456/5444 3282/4407/5396
f 3215/4458/5446 3263/4457/5445 3243/4404/5392
f 3243/4404/5392 3263/4457/5445 3283/4405/5394
s 113
f 3311/4460/5447 3310/4461/5448 3308/4459/5449
f 3308/4459/5449 3310/4461/5448 3309/4462/5450
f 3310/4461/5448 3313/4463/5451 3309/4462/5450
f 3309/4462/5450 3313/4463/5451 3312/4464/5452
f 3312/4464/5452 3313/4463/5451 3314/4466/5453
f 3314/4466/5453 3313/4463/5451 3315/4465/5454
f 3314/4466/5453 3315/4465/5454 3316/4468/5455
f 3316/4468/5455 3315/4465/5454 3317/4467/5456
f 3316/4468/5455 3317/4467/5456 3318/4470/5457
f 3318/4470/5457 3317/4467/5456 3319/4469/5458
f 3319/4469/5458 3321/4471/5459 3318/4470/5457
f 3318/4470/5457 3321/4471/5459 3320/4472/5460
f 3321/4471/5459 3323/4473/5461 3320/4472/5460
f 3320/4472/5460 3323/4473/5461 3322/4474/5462
f 3323/4473/5461 3325/4475/5463 3322/4474/5462
f 3322/4474/5462 3325/4475/5463 3324/4476/5464
f 3324/4476/5464 3325/4475/5463 3326/4478/5465
f 3326/4478/5465 3325/4475/5463 3327/4477/5466
f 3326/4478/5465 3327/4477/5466 3328/4480/5467
f 3328/4480/5467 3327/4477/5466 3329/4479/5468
f 3328/4480/5467 3329/4479/5468 3330/4482/5469
f 3330/4482/5469 3329/4479/5468 3331/4481/5470
f 3331/4481/5470 3311/4460/5447 3330/4482/5469
f 3330/4482/5469 3311/4460/5447 3308/4459/5449
s 114
f 3284/4483/5471 3285/4484/5472 3296/4486/5473
f 3296/4486/5473 3285/4484/5472 3297/4485/5474
f 3285/4484/5472 3286/4487/5475 3297/4485/5474
f 3297/4485/5474 3286/4487/5475 3298/4488/5476
f 3287/4489/5477 3299/4490/5478 3286/4487/5475
f 3286/4487/5475 3299/4490/5478 3298/4488/5476
f 3288/4491/5479 3300/4492/5480 3287/4489/5477
f 3287/4489/5477 3300/4492/5480 3299/4490/5478
f 3289/4493/5481 3301/4494/5482 3288/4491/5479
f 3288/4491/5479 3301/4494/5482 3300/4492/5480
f 3289/4493/5481 3290/4495/5483 3301/4494/5482
f 3301/4494/5482 3290/4495/5483 3302/4496/5484
f 3290/4495/5483 3291/4497/5485 3302/4496/5484
f 3302/4496/5484 3291/4497/5485 3303/4498/5486
f 3291/4497/5485 3292/4499/5487 3303/4498/5486
f 3303/4498/5486 3292/4499/5487 3304/4500/5488
f 3293/4501/5489 3305/4502/5490 3292/4499/5487
f 3292/4499/5487 3305/4502/5490 3304/4500/5488
f 3294/4503/5491 3306/4504/5492 3293/4501/5489
f 3293/4501/5489 3306/4504/5492 3305/4502/5490
f 3295/4505/5493 3307/4506/5494 3294/4503/5491
f 3294/4503/5491 3307/4506/5494 3306/4504/5492
f 3295/4505/5493 3284/4483/5471 3307/4506/5494
f 3307/4506/5494 3284/4483/5471 3296/4486/5473
s 121
f 3310/4461/5495 3311/4460/5496 3297/4485/5497
f 3297/4485/5497 3311/4460/5496 3296/4486/5498
f 3313/4463/5499 3310/4461/5495 3298/4488/5500
f 3298/4488/5500 3310/4461/5495 3297/4485/5497
f 3299/4490/5501 3315/4465/5502 3298/4488/5500
f 3298/4488/5500 3315/4465/5502 3313/4463/5499
f 3300/4492/5503 3317/4467/5504 3299/4490/5501
f 3299/4490/5501 3317/4467/5504 3315/4465/5502
f 3301/4494/5505 3319/4469/5506 3300/4492/5503
f 3300/4492/5503 3319/4469/5506 3317/4467/5504
f 3321/4471/5507 3319/4469/5506 3302/4496/5508
f 3302/4496/5508 3319/4469/5506 3301/4494/5505
f 3323/4473/5509 3321/4471/5507 3303/4498/5510
f 3303/4498/5510 3321/4471/5507 3302/4496/5508
f 3325/4475/5511 3323/4473/5509 3304/4500/5512
f 3304/4500/5512 3323/4473/5509 3303/4498/5510
f 3305/4502/5513 3327/4477/5514 3304/4500/5512
f 3304/4500/5512 3327/4477/5514 3325/4475/5511
f 3306/4504/5515 3329/4479/5516 3305/4502/5513
f 3305/4502/5513 3329/4479/5516 3327/4477/5514
f 3307/4506/5517 3331/4481/5518 3306/4504/5515
f 3306/4504/5515 3331/4481/5518 3329/4479/5516
f 3311/4460/5496 3331/4481/5518 3296/4486/5498
f 3296/4486/5498 3331/4481/5518 3307/4506/5517
s 128
f 3359/4508/5519 3358/4509/5520 3356/4507/5521
f 3356/4507/5521 3358/4509/5520 3357/4510/5522
f 3358/4509/5520 3361/4511/5523 3357/4510/5522
f 3357/4510/5522 3361/4511/5523 3360/4512/5524
f 3360/4512/5524 3361/4511/5523 3362/4514/5525
f 3362/4514/5525 3361/4511/5523 3363/4513/5526
f 3362/4514/5525 3363/4513/5526 3364/4516/5527
f 3364/4516/5527 3363/4513/5526 3365/4515/5528
f 3364/4516/5527 3365/4515/5528 3366/4518/5529
f 3366/4518/5529 3365/4515/5528 3367/4517/5530
f 3367/4517/5530 3369/4519/5531 3366/4518/5529
f 3366/4518/5529 3369/4519/5531 3368/4520/5532
f 3369/4519/5531 3371/4521/5533 3368/4520/5532
f 3368/4520/5532 3371/4521/5533 3370/4522/5534
f 3371/4521/5533 3373/4523/5535 3370/4522/5534
f 3370/4522/5534 3373/4523/5535 3372/4524/5536
f 3372/4524/5536 3373/4523/5535 3374/4526/5537
f 3374/4526/5537 3373/4523/5535 3375/4525/5538
f 3374/4526/5537 3375/4525/5538 3376/4528/5539
f 3376/4528/5539 3375/4525/5538 3377/4527/5540
f 3376/4528/5539 3377/4527/5540 3378/4530/5541
f 3378/4530/5541 3377/4527/5540 3379/4529/5542
f 3379/4529/5542 3359/4508/5519 3378/4530/5541
f 3378/4530/5541 3359/4508/5519 3356/4507/5521
s 129
f 3332/4531/5543 3333/4532/5544 3344/4534/5545
f 3344/4534/5545 3333/4532/5544 3345/4533/5546
f 3333/4532/5544 3334/4535/5547 3345/4533/5546
f 3345/4533/5546 3334/4535/5547 3346/4536/5548
f 3335/4537/5549 3347/4538/5550 3334/4535/5547
f 3334/4535/5547 3347/4538/5550 3346/4536/5548
f 3336/4539/5551 3348/4540/5552 3335/4537/5549
f 3335/4537/5549 3348/4540/5552 3347/4538/5550
f 3337/4541/5553 3349/4542/5554 3336/4539/5551
f 3336/4539/5551 3349/4542/5554 3348/4540/5552
f 3337/4541/5553 3338/4543/5555 3349/4542/5554
f 3349/4542/5554 3338/4543/5555 3350/4544/5556
f 3338/4543/5555 3339/4545/5557 3350/4544/5556
f 3350/4544/5556 3339/4545/5557 3351/4546/5558
f 3339/4545/5557 3340/4547/5559 3351/4546/5558
f 3351/4546/5558 3340/4547/5559 3352/4548/5560
f 3341/4549/5561 3353/4550/5562 3340/4547/5559
f 3340/4547/5559 3353/4550/5562 3352/4548/5560
f 3342/4551/5563 3354/4552/5564 3341/4549/5561
f 3341/4549/5561 3354/4552/5564 3353/4550/5562
f 3343/4553/5565 3355/4554/5566 3342/4551/5563
f 3342/4551/5563 3355/4554/5566 3354/4552/5564
f 3343/4553/5565 3332/4531/5543 3355/4554/5566
f 3355/4554/5566 3332/4531/5543 3344/4534/5545
s 136
f 3358/4509/5567 3359/4508/5568 3345/4533/5569
f 3345/4533/5569 3359/4508/5568 3344/4534/5570
f 3361/4511/5571 3358/4509/5567 3346/4536/5572
f 3346/4536/5572 3358/4509/5567 3345/4533/5569
f 3347/4538/5573 3363/4513/5574 3346/4536/5572
f 3346/4536/5572 3363/4513/5574 3361/4511/5571
f 3348/4540/5575 3365/4515/5576 3347/4538/5573
f 3347/4538/5573 3365/4515/5576 3363/4513/5574
f 3349/4542/5577 3367/4517/5578 3348/4540/5575
f 3348/4540/5575 3367/4517/5578 3365/4515/5576
f 3369/4519/5579 3367/4517/5578 3350/4544/5580
f 3350/4544/5580 3367/4517/5578 3349/4542/5577
f 3371/4521/5581 3369/4519/5579 3351/4546/5582
f 3351/4546/5582 3369/4519/5579 3350/4544/5580
f 3373/4523/5583 3371/4521/5581 3352/4548/5584
f 3352/4548/5584 3371/4521/5581 3351/4546/5582
f 3353/4550/5585 3375/4525/5586 3352/4548/5584
f 3352/4548/5584 3375/4525/5586 3373/4523/5583
f 3354/4552/5587 3377/4527/5588 3353/4550/5585
f 3353/4550/5585 3377/4527/5588 3375/4525/5586
f 3355/4554/5589 3379/4529/5590 3354/4552/5587
f 3354/4552/5587 3379/4529/5590 3377/4527/5588
f 3359/4508/5568 3379/4529/5590 3344/4534/5570
f 3344/4534/5570 3379/4529/5590 3355/4554/5589
s 143
f 3035/4123/5591 3034/4556/5592 3381/4555/5593
f 3381/4555/5593 3034/4556/5592 3380/4563/5594
s 144
f 3382/4557/5595 3036/4124/5596 3381/4564/5597
f 3036/4124/5596 3035/4558/5598 3381/4564/5597
s 145
f 3043/4560/5599 3384/4565/5600 3042/4566/5601
f 3042/4566/5601 3384/4565/5600 3383/4559/5602
s 146
f 3382/4567/5603 3384/4561/5604 3036/4562/5605
f 3043/4568/5606 3036/4562/5605 3384/4561/5604
g default
v -271.763489 -18.420980 5.555354
v -264.192413 -17.412601 5.555354
v -256.814972 -15.377577 5.555354
v -272.178314 -15.943156 5.555354
v -264.649475 -14.682571 5.555354
v -257.141815 -13.425532 5.555354
v -272.520691 -13.898396 5.555354
v -265.106598 -11.952547 5.555354
v -257.468658 -11.473490 5.555354
v -258.441010 -10.836501 5.555354
v -272.132935 -13.128992 5.555354
v -271.298309 -18.602365 5.555354
v -257.371063 -16.270481 5.555354
v -181.340866 -5.731184 5.555354
v -161.688736 -3.965019 5.555354
v -142.036621 -2.198850 5.555354
v -182.237106 -4.296716 5.555354
v -161.823807 -2.462141 5.555354
v -141.522263 -0.637608 5.555354
v -181.610977 -2.725430 5.555354
v -161.958878 -0.959262 5.555354
v -142.306732 0.806906 5.555354
v -271.763489 -18.420980 -5.555354
v -264.192413 -17.412601 -5.555354
v -256.814972 -15.377577 -5.555354
v -272.178314 -15.943156 -5.555354
v -264.649475 -14.682571 -5.555354
v -257.141815 -13.425532 -5.555354
v -272.520691 -13.898396 -5.555354
v -265.106598 -11.952547 -5.555354
v -257.468658 -11.473490 -5.555354
v -258.441010 -10.836501 -5.555354
v -272.132935 -13.128992 -5.555354
v -271.298309 -18.602365 -5.555354
v -257.371063 -16.270481 -5.555354
v -181.340866 -5.731184 -5.555354
v -161.688736 -3.965019 -5.555354
v -142.036621 -2.198850 -5.555354
v -182.237106 -4.296716 -5.555354
v -161.823807 -2.462141 -5.555354
v -141.522263 -0.637608 -5.555354
v -181.610977 -2.725430 -5.555354
v -161.958878 -0.959262 -5.555354
v -142.306732 0.806906 -5.555354
v -91.347328 -5.857716 -1.913074
v -91.542908 -3.448524 -4.905019
v -92.539841 8.832165 -4.904048
v -92.735245 11.239168 -1.912103
v -102.053688 -6.482868 -1.911958
v -102.248291 -4.085762 -4.903744
v -103.241287 8.145849 -4.904712
v -103.436111 10.545158 -1.912926
v -103.466286 11.665508 -2.308604
v -92.849808 12.353809 -2.308272
v -103.229248 8.640333 -5.934488
v -92.615387 9.319378 -5.934300
v -102.175461 -4.573204 -5.934206
v -91.557663 -3.943172 -5.934534
v -91.323860 -6.978321 -2.308642
v -101.945900 -7.598133 -2.308181
v -103.436119 10.545517 -0.000000
v -103.474052 11.663261 0.000000
v -92.841431 12.352161 0.000000
v -92.735237 11.238810 -0.000000
v -91.347305 -5.858208 -0.000000
v -91.316147 -6.976204 -0.000000
v -101.954346 -7.596355 -0.000000
v -102.053703 -6.482376 -0.000000
v -91.347328 -5.857716 1.913074
v -91.542908 -3.448524 4.905017
v -92.539841 8.832165 4.904048
v -92.735245 11.239168 1.912103
v -102.053688 -6.482868 1.911958
v -102.248291 -4.085762 4.903744
v -103.241287 8.145849 4.904712
v -103.436111 10.545158 1.912926
v -103.466286 11.665508 2.308604
v -92.849808 12.353809 2.308272
v -103.229248 8.640333 5.934488
v -92.615387 9.319378 5.934300
v -102.175461 -4.573204 5.934206
v -91.557663 -3.943172 5.934534
v -91.323860 -6.978321 2.308642
v -101.945900 -7.598133 2.308181
v -138.569443 8.272224 -1.912832
v -138.377289 5.905336 -4.904681
v -137.397614 -6.162136 -4.904020
v -137.205612 -8.527515 -1.912171
v -149.632080 -9.709936 -1.912714
v -149.838135 -7.342691 -4.904589
v -150.888779 4.728058 -4.904216
v -151.094772 7.094463 -1.912341
v -151.153976 8.174946 -2.290359
v -138.712585 9.344969 -2.290560
v -150.889572 5.206484 -5.893437
v -138.465759 6.376467 -5.893560
v -149.749222 -7.813484 -5.893531
v -137.396469 -6.640259 -5.893385
v -137.145294 -9.607880 -2.290286
v -149.487686 -10.782480 -2.290510
v -138.569458 8.272499 -0.000000
v -138.704544 9.343872 -0.000000
v -151.161865 8.172085 -0.000000
v -151.094757 7.094313 -0.000000
v -149.632065 -9.710106 -0.000000
v -149.495789 -10.781340 -0.000000
v -137.137375 -9.604919 -0.000000
v -137.205627 -8.527218 -0.000000
v -138.569443 8.272224 1.912832
v -138.377289 5.905336 4.904681
v -137.397614 -6.162136 4.904017
v -137.205612 -8.527515 1.912171
v -149.632080 -9.709936 1.912714
v -149.838135 -7.342691 4.904590
v -150.888779 4.728058 4.904216
v -151.094772 7.094463 1.912341
v -151.153976 8.174946 2.290359
v -138.712585 9.344969 2.290560
v -150.889572 5.206484 5.893437
v -138.465759 6.376467 5.893560
v -149.749222 -7.813484 5.893531
v -137.396469 -6.640259 5.893385
v -137.145294 -9.607880 2.290286
v -149.487686 -10.782480 2.290510
v -217.283752 0.874146 1.913294
v -217.002274 -1.497803 4.905290
v -215.568024 -13.586143 4.903976
v -215.286957 -15.955141 1.911981
v -230.289627 -1.088804 1.912133
v -229.973785 -3.433361 4.903865
v -228.362366 -15.394820 4.904389
v -228.046356 -17.740562 1.912656
v -230.408356 -0.016650 2.289270
v -217.485886 1.934175 2.289759
v -230.000656 -2.957524 5.890554
v -217.116379 -1.032951 5.890906
v -228.252502 -15.859565 5.890727
v -215.545715 -14.061790 5.890595
v -215.179245 -17.028412 2.289259
v -227.854843 -18.802259 2.289524
v -217.283875 0.874825 -0.000000
v -217.478043 1.933741 -0.000000
v -230.416153 -0.020062 0.000000
v -230.289581 -1.089143 0.000000
v -215.287018 -15.954683 -0.000000
v -215.171326 -17.024979 -0.000000
v -227.862976 -18.801449 0.000000
v -228.046326 -17.740675 0.000000
v -217.283752 0.874146 -1.913294
v -217.002274 -1.497803 -4.905290
v -215.568024 -13.586143 -4.903976
v -215.286957 -15.955141 -1.911981
v -230.289627 -1.088804 -1.912133
v -229.973785 -3.433361 -4.903865
v -228.362366 -15.394820 -4.904389
v -228.046356 -17.740562 -1.912656
v -230.408356 -0.016650 -2.289270
v -217.485886 1.934175 -2.289759
v -230.000656 -2.957524 -5.890554
v -217.116379 -1.032951 -5.890906
v -228.252502 -15.859565 -5.890727
v -215.545715 -14.061790 -5.890595
v -215.179245 -17.028412 -2.289259
v -227.854843 -18.802259 -2.289524
v -315.078827 -29.201244 -6.124132
v -316.968933 -17.833204 -6.124156
v -314.460297 -32.923523 -2.388441
v -317.588379 -14.111040 -2.388532
v -289.994629 -9.226111 -2.383424
v -289.401794 -13.002229 -6.112824
v -287.486298 -24.608654 -6.112808
v -286.838074 -28.328726 -2.383219
v -320.819092 -18.472206 -2.388948
v -318.928864 -29.842157 -2.388955
v -283.141510 -20.578325 -6.093249
v -283.994202 -15.411351 -6.093235
v -289.985474 -9.225652 0.000000
v -317.594025 -14.106037 0.000000
v -320.825745 -18.468182 0.000000
v -318.933807 -29.848110 0.000000
v -314.463989 -32.930073 0.000000
v -286.829315 -28.326128 0.000000
v -289.340240 -12.996798 0.000000
v -283.974701 -15.396326 0.000000
v -287.426422 -24.594042 0.000000
v -283.118225 -20.586290 0.000000
v -315.078827 -29.201244 6.124133
v -316.968933 -17.833204 6.124156
v -314.460297 -32.923523 2.388441
v -317.588379 -14.111040 2.388533
v -289.994629 -9.226111 2.383425
v -289.401794 -13.002229 6.112825
v -287.486298 -24.608654 6.112809
v -286.838074 -28.328726 2.383220
v -320.819092 -18.472206 2.388948
v -318.928864 -29.842157 2.388955
v -283.141510 -20.578325 6.093250
v -283.994202 -15.411351 6.093236
v -140.982544 8.947874 1.346194
v -142.719833 12.060909 1.337154
v -142.622360 8.814749 1.346197
v -142.686081 9.856964 1.358629
v -141.121811 10.679050 1.337317
v -143.423187 10.391275 1.356426
v -140.982544 8.947874 -1.346200
v -142.719833 12.060909 -1.337160
v -142.622360 8.814749 -1.346203
v -142.686081 9.856964 -1.358635
v -141.121811 10.679050 -1.337323
v -143.423187 10.391275 -1.356432
v -149.039459 8.293795 -1.346200
v -147.827042 11.646296 -1.337160
v -147.399628 8.426918 -1.346203
v -147.504837 9.465769 -1.358635
v -149.181229 10.024767 -1.337323
v -146.863586 10.111979 -1.356432
v -149.039459 8.293795 1.346194
v -147.827042 11.646296 1.337154
v -147.399628 8.426918 1.346197
v -147.504837 9.465769 1.358629
v -149.181229 10.024767 1.337317
v -146.863586 10.111979 1.356426
v -93.951202 12.180677 1.346194
v -95.688454 15.293715 1.337154
v -95.591019 12.047554 1.346197
v -95.654739 13.089769 1.358629
v -94.090485 13.911854 1.337317
v -96.391853 13.624079 1.356426
v -93.951202 12.180677 -1.346200
v -95.688454 15.293715 -1.337160
v -95.591019 12.047554 -1.346203
v -95.654739 13.089769 -1.358635
v -94.090485 13.911854 -1.337323
v -96.391853 13.624079 -1.356432
v -102.008110 11.526600 -1.346200
v -100.795670 14.879101 -1.337160
v -100.368286 11.659723 -1.346203
v -100.473503 12.698572 -1.358635
v -102.149887 13.257572 -1.337323
v -99.832237 13.344782 -1.356432
v -102.008110 11.526600 1.346194
v -100.795670 14.879101 1.337154
v -100.368286 11.659723 1.346197
v -100.473503 12.698572 1.358629
v -102.149887 13.257572 1.337317
v -99.832237 13.344782 1.356426
v -288.332855 -24.878614 -5.009077
v -290.266602 -13.249009 -5.009165
v -34.971333 12.026142 4.986934
v -34.593380 -1.138855 4.986773
v -34.593380 -1.138859 -4.986773
v -34.971333 12.026138 -4.986935
v -287.947388 -27.197226 -1.950196
v -34.517075 -3.750961 1.943090
v -34.517075 -3.750961 -1.943089
v -290.652496 -10.930300 -1.950245
v -35.045612 14.638592 -1.943298
v -35.045612 14.638592 1.943297
v -253.584366 -4.495402 -1.950382
v -253.195297 -6.853671 -5.009068
v -251.243225 -18.685532 -5.009371
v -250.854614 -21.044430 -1.950560
v -91.458435 -5.974751 -1.951751
v -91.656769 -3.506840 -5.009872
v -92.659210 8.873394 -5.009715
v -92.858330 11.340982 -1.951637
v -138.694305 8.371367 -1.950951
v -138.497528 5.946230 -5.009298
v -137.510025 -6.222092 -5.009710
v -137.313354 -8.648003 -1.951202
v -217.412613 0.966865 -1.950652
v -217.124252 -1.461628 -5.009050
v -215.677902 -13.650553 -5.009686
v -215.389694 -16.080252 -1.951030
v -287.946411 -27.203403 -0.000000
v -250.853699 -21.050741 -0.000000
v -215.388947 -16.086748 -0.000000
v -137.312836 -8.654583 -0.000000
v -91.458122 -5.981541 -0.000000
v -34.508869 -3.748474 -0.000000
v -34.551029 -1.099319 0.000000
v -34.926033 11.988094 -0.000001
v -35.037289 14.636856 -0.000000
v -92.858803 11.347723 -0.000000
v -138.694824 8.377859 -0.000000
v -217.413406 0.973225 -0.000000
v -253.585419 -4.489174 -0.000000
v -290.653595 -10.924126 -0.000000
v -288.332855 -24.878614 5.009077
v -290.266602 -13.249009 5.009165
v -287.947388 -27.197226 1.950196
v -290.652496 -10.930300 1.950245
v -253.584366 -4.495402 1.950382
v -253.195297 -6.853671 5.009068
v -251.243225 -18.685532 5.009371
v -250.854614 -21.044430 1.950560
v -91.458435 -5.974751 1.951751
v -91.656769 -3.506840 5.009872
v -92.659210 8.873394 5.009715
v -92.858330 11.340982 1.951637
v -138.694305 8.371367 1.950951
v -138.497528 5.946230 5.009298
v -137.510025 -6.222092 5.009710
v -137.313354 -8.648003 1.951202
v -217.412613 0.966865 1.950652
v -217.124252 -1.461628 5.009050
v -215.677902 -13.650553 5.009686
v -215.389694 -16.080252 1.951030
v -40.181679 18.052393 2.334224
v -52.381351 17.825216 9.063456
v -64.581024 17.598042 15.792686
v -36.723145 4.045221 8.131451
v -48.922817 3.818044 14.860683
v -61.122494 3.590868 21.589912
v -39.931179 -9.810940 1.847705
v -52.130856 -10.038116 8.576935
v -64.330528 -10.265293 15.306168
v -40.253555 17.979700 2.201463
v -52.453228 17.752525 8.930695
v -64.652901 17.525349 15.659925
v -36.825706 4.047544 7.945589
v -49.025383 3.820368 14.674821
v -61.225056 3.593191 21.404051
v -40.004395 -9.734961 1.717540
v -52.204067 -9.962137 8.446771
v -64.403740 -10.189312 15.176003
v -66.563232 24.762627 14.475906
v -54.320351 16.887516 14.511312
v -42.077461 9.012413 14.546718
v -62.498875 31.015915 -0.048268
v -50.255989 23.140806 -0.012862
v -38.013100 15.265696 0.022541
v -66.434113 24.832479 -14.637761
v -54.191227 16.957371 -14.602359
v -41.948334 9.082263 -14.566953
v -66.659683 24.612274 14.384190
v -54.416798 16.737165 14.419596
v -42.173904 8.862053 14.455001
v -62.637074 30.801064 -0.049395
v -50.394188 22.925955 -0.013993
v -38.151299 15.050842 0.021413
v -66.531372 24.681688 -14.547623
v -54.288483 16.806580 -14.512220
v -42.045589 8.931470 -14.476814
v -40.181679 18.052393 -2.475310
v -52.381351 17.825216 -9.204541
v -64.581024 17.598042 -15.933772
v -36.723145 4.045221 -8.272537
v -48.922817 3.818044 -15.001769
v -61.122494 3.590868 -21.730999
v -39.931179 -9.810940 -1.988790
v -52.130856 -10.038116 -8.718020
v -64.330528 -10.265293 -15.447253
v -40.253555 17.979700 -2.342549
v -52.453228 17.752525 -9.071780
v -64.652901 17.525349 -15.801011
v -36.825706 4.047544 -8.086674
v -49.025383 3.820368 -14.815907
v -61.225056 3.593191 -21.545137
v -40.004395 -9.734961 -1.858626
v -52.204067 -9.962137 -8.587857
v -64.403740 -10.189312 -15.317089
v -66.427826 -16.398914 -14.523513
v -54.184937 -8.523916 -14.577809
v -41.942047 -0.648910 -14.632106
v -62.363461 -22.617336 0.015625
v -50.120575 -14.742336 -0.038674
v -37.877686 -6.867337 -0.092973
v -66.298698 -16.398914 14.590243
v -54.055813 -8.523916 14.535944
v -41.812923 -0.648910 14.481647
v -66.524269 -16.248346 -14.432153
v -54.281387 -8.373344 -14.486455
v -42.038490 -0.498342 -14.540751
v -62.501659 -22.402481 0.016237
v -50.258774 -14.527483 -0.038062
v -38.015884 -6.652478 -0.092361
v -66.395958 -16.248346 14.499743
v -54.153069 -8.373344 14.445443
v -41.910179 -0.498342 14.391144
vt 0.181815 0.105868
vt 0.182653 0.107416
vt 0.173583 0.133429
vt 0.173579 0.105870
vt 0.180075 0.160910
vt 0.173587 0.160911
vt 0.182661 0.158397
vt 0.164504 0.107711
vt 0.166782 0.105871
vt 0.167098 0.160912
vt 0.164512 0.157830
vt 0.164508 0.133431
vt 0.182657 0.133427
vt 0.168268 0.565383
vt 0.168261 0.504013
vt 0.173252 0.504013
vt 0.173260 0.567760
vt 0.168255 0.442644
vt 0.173245 0.440615
vt 0.178244 0.504012
vt 0.178250 0.565382
vt 0.178237 0.442643
vt 0.181815 0.105868
vt 0.182653 0.107416
vt 0.173583 0.133429
vt 0.173579 0.105870
vt 0.180075 0.160910
vt 0.173587 0.160911
vt 0.182661 0.158397
vt 0.164504 0.107711
vt 0.166782 0.105871
vt 0.167098 0.160912
vt 0.164512 0.157830
vt 0.164508 0.133431
vt 0.182657 0.133427
vt 0.168268 0.565383
vt 0.168261 0.504013
vt 0.173252 0.504013
vt 0.173260 0.567760
vt 0.168255 0.442644
vt 0.173245 0.440615
vt 0.178244 0.504012
vt 0.178250 0.565382
vt 0.178237 0.442643
vt 0.604321 0.216971
vt 0.603389 0.280213
vt 0.618047 0.215760
vt 0.616605 0.282030
vt 0.575789 0.279315
vt 0.577006 0.217275
vt 0.496293 0.279316
vt 0.497785 0.217272
vt 0.470215 0.216313
vt 0.468951 0.279565
vt 0.457366 0.214444
vt 0.455224 0.280719
vt 0.602836 0.211093
vt 0.615819 0.209388
vt 0.614170 0.288306
vt 0.601583 0.286055
vt 0.575855 0.211638
vt 0.574631 0.284853
vt 0.498943 0.211735
vt 0.497446 0.284953
vt 0.470429 0.285441
vt 0.472029 0.210470
vt 0.459454 0.208177
vt 0.457435 0.287100
vt 0.604321 0.216971
vt 0.618047 0.215760
vt 0.603389 0.280213
vt 0.616605 0.282030
vt 0.577006 0.217275
vt 0.575789 0.279315
vt 0.497785 0.217272
vt 0.496293 0.279316
vt 0.468951 0.279565
vt 0.470215 0.216313
vt 0.457366 0.214444
vt 0.455224 0.280719
vt 0.615819 0.209388
vt 0.602836 0.211093
vt 0.614170 0.288306
vt 0.601583 0.286055
vt 0.575855 0.211638
vt 0.574631 0.284853
vt 0.498943 0.211735
vt 0.497446 0.284953
vt 0.470429 0.285441
vt 0.472029 0.210470
vt 0.459454 0.208177
vt 0.457435 0.287100
vt 0.547419 0.125551
vt 0.548217 0.198745
vt 0.574928 0.124725
vt 0.575197 0.199623
vt 0.469191 0.125972
vt 0.470163 0.198745
vt 0.442700 0.199628
vt 0.442168 0.125369
vt 0.546310 0.120151
vt 0.573331 0.119078
vt 0.573507 0.205268
vt 0.547022 0.204063
vt 0.470347 0.120646
vt 0.471253 0.204152
vt 0.444377 0.205281
vt 0.443720 0.119711
vt 0.586159 0.207257
vt 0.588406 0.201152
vt 0.588533 0.123284
vt 0.586268 0.117168
vt 0.430813 0.117867
vt 0.428569 0.123999
vt 0.429479 0.201187
vt 0.431693 0.207282
vt 0.547419 0.125551
vt 0.574928 0.124725
vt 0.548217 0.198745
vt 0.575197 0.199623
vt 0.469191 0.125972
vt 0.470163 0.198745
vt 0.442700 0.199628
vt 0.442168 0.125369
vt 0.573331 0.119078
vt 0.546310 0.120151
vt 0.573507 0.205268
vt 0.547022 0.204063
vt 0.470347 0.120646
vt 0.471253 0.204152
vt 0.444377 0.205281
vt 0.443720 0.119711
vt 0.586159 0.207257
vt 0.588406 0.201152
vt 0.588533 0.123284
vt 0.586268 0.117168
vt 0.430813 0.117867
vt 0.428569 0.123999
vt 0.429479 0.201187
vt 0.431693 0.207282
vt 0.546646 0.029577
vt 0.574113 0.028352
vt 0.548723 0.105613
vt 0.575771 0.106293
vt 0.468767 0.030693
vt 0.470218 0.105613
vt 0.442674 0.106476
vt 0.441798 0.030124
vt 0.428569 0.028726
vt 0.429087 0.108012
vt 0.572437 0.022771
vt 0.545488 0.024230
vt 0.574132 0.111893
vt 0.547545 0.110887
vt 0.469883 0.025401
vt 0.471316 0.110980
vt 0.444294 0.112075
vt 0.443413 0.024502
vt 0.430742 0.022650
vt 0.431383 0.114061
vt 0.586840 0.113685
vt 0.589007 0.107596
vt 0.587689 0.026693
vt 0.585332 0.020665
vt 0.546646 0.029577
vt 0.548723 0.105613
vt 0.574113 0.028352
vt 0.575771 0.106293
vt 0.468767 0.030693
vt 0.470218 0.105613
vt 0.442674 0.106476
vt 0.441798 0.030124
vt 0.428569 0.028726
vt 0.429087 0.108012
vt 0.545488 0.024230
vt 0.572437 0.022771
vt 0.574132 0.111893
vt 0.547545 0.110887
vt 0.469883 0.025401
vt 0.471316 0.110980
vt 0.444294 0.112075
vt 0.443413 0.024502
vt 0.430742 0.022650
vt 0.431383 0.114061
vt 0.586840 0.113685
vt 0.589007 0.107596
vt 0.587689 0.026693
vt 0.585332 0.020665
vt 0.300688 0.065972
vt 0.268911 0.066559
vt 0.300683 0.233855
vt 0.269047 0.233952
vt 0.369999 0.065972
vt 0.370936 0.233976
vt 0.400859 0.066516
vt 0.403035 0.233869
vt 0.391044 0.040225
vt 0.278835 0.040350
vt 0.351347 0.263639
vt 0.320827 0.263360
vt 0.369626 0.035162
vt 0.301090 0.034873
vt 0.415284 0.067398
vt 0.417232 0.233623
vt 0.404924 0.036473
vt 0.369629 0.021268
vt 0.301100 0.020978
vt 0.265597 0.036405
vt 0.255793 0.066718
vt 0.254851 0.233934
vt 0.580937 0.288801
vt 0.580937 0.325168
vt 0.603876 0.310986
vt 0.603876 0.325168
vt 0.545440 0.325168
vt 0.545440 0.288801
vt 0.456140 0.325168
vt 0.478801 0.325168
vt 0.456140 0.310986
vt 0.478801 0.288801
vt 0.514338 0.288801
vt 0.514338 0.325168
vt 0.269047 0.233952
vt 0.268911 0.066559
vt 0.300683 0.233855
vt 0.300688 0.065972
vt 0.369999 0.065972
vt 0.400859 0.066516
vt 0.370936 0.233976
vt 0.403035 0.233869
vt 0.391044 0.040225
vt 0.278835 0.040350
vt 0.351347 0.263639
vt 0.320827 0.263360
vt 0.369626 0.035162
vt 0.301090 0.034873
vt 0.415284 0.067398
vt 0.417232 0.233623
vt 0.404924 0.036473
vt 0.369629 0.021168
vt 0.301100 0.020878
vt 0.265597 0.036405
vt 0.255793 0.066718
vt 0.254851 0.233934
vt 0.580937 0.288801
vt 0.603876 0.310986
vt 0.580937 0.325168
vt 0.603876 0.325168
vt 0.545440 0.288801
vt 0.545440 0.325168
vt 0.478801 0.288801
vt 0.478801 0.325168
vt 0.456140 0.310986
vt 0.456140 0.325168
vt 0.514338 0.288801
vt 0.514338 0.325168
vt 0.634957 0.156835
vt 0.622870 0.158406
vt 0.635738 0.164922
vt 0.623222 0.162288
vt 0.637830 0.172108
vt 0.628752 0.177391
vt 0.614640 0.162383
vt 0.614343 0.158406
vt 0.601653 0.164229
vt 0.602168 0.156588
vt 0.607888 0.176638
vt 0.599371 0.171550
vt 0.614367 0.130157
vt 0.602940 0.131834
vt 0.638412 0.081416
vt 0.631937 0.081416
vt 0.638412 0.096681
vt 0.631937 0.096681
vt 0.626119 0.081416
vt 0.604975 0.081416
vt 0.626119 0.096681
vt 0.604974 0.096681
vt 0.622920 0.130259
vt 0.602224 0.123251
vt 0.614739 0.122258
vt 0.599314 0.116123
vt 0.609076 0.110893
vt 0.622854 0.122218
vt 0.635243 0.123772
vt 0.634351 0.132125
vt 0.628300 0.111578
vt 0.638391 0.116875
vt 0.592681 0.096681
vt 0.599157 0.096681
vt 0.592681 0.081416
vt 0.599157 0.081416
vt 0.634957 0.156835
vt 0.622870 0.158406
vt 0.635738 0.164922
vt 0.623222 0.162288
vt 0.637830 0.172108
vt 0.628752 0.177391
vt 0.614640 0.162383
vt 0.614343 0.158406
vt 0.601653 0.164229
vt 0.602168 0.156588
vt 0.607888 0.176638
vt 0.599371 0.171550
vt 0.614367 0.130157
vt 0.602940 0.131834
vt 0.638412 0.081416
vt 0.631937 0.081416
vt 0.638412 0.096681
vt 0.631937 0.096681
vt 0.626119 0.081416
vt 0.604975 0.081416
vt 0.626119 0.096681
vt 0.604974 0.096681
vt 0.622920 0.130259
vt 0.602224 0.123251
vt 0.614739 0.122258
vt 0.599314 0.116123
vt 0.609076 0.110893
vt 0.622854 0.122218
vt 0.635243 0.123772
vt 0.634351 0.132125
vt 0.628300 0.111578
vt 0.638391 0.116875
vt 0.592681 0.096681
vt 0.599157 0.096681
vt 0.592681 0.081416
vt 0.599157 0.081416
vt 0.151930 0.179687
vt 0.151930 0.040422
vt 0.138269 0.179782
vt 0.138369 0.040421
vt 0.193683 0.040403
vt 0.194543 0.179115
vt 0.207164 0.040359
vt 0.208072 0.178972
vt 0.196117 0.772764
vt 0.198873 0.985850
vt 0.209871 0.772437
vt 0.212995 0.985901
vt 0.151930 0.985280
vt 0.151930 0.774163
vt 0.137759 0.985160
vt 0.138085 0.774446
vt 0.151930 0.313020
vt 0.138160 0.313097
vt 0.195614 0.312678
vt 0.209274 0.312596
vt 0.195377 0.603903
vt 0.209028 0.603897
vt 0.151930 0.603905
vt 0.138181 0.603901
vt 0.348293 0.333094
vt 0.348293 0.303754
vt 0.270338 0.333094
vt 0.270338 0.303754
vt 0.255052 0.315195
vt 0.255052 0.303753
vt 0.363578 0.303754
vt 0.363579 0.315195
vt 0.134195 0.040416
vt 0.132185 0.179777
vt 0.131270 0.313095
vt 0.131291 0.603898
vt 0.131196 0.774438
vt 0.130884 0.985148
vt 0.270338 0.274413
vt 0.255052 0.292312
vt 0.348293 0.274413
vt 0.363579 0.292312
vt 0.216707 0.772362
vt 0.219843 0.985795
vt 0.215859 0.603889
vt 0.216096 0.312580
vt 0.214890 0.178915
vt 0.211688 0.040308
vt 0.151930 0.179687
vt 0.138269 0.179782
vt 0.151930 0.040422
vt 0.138369 0.040421
vt 0.193683 0.040403
vt 0.194543 0.179115
vt 0.207164 0.040359
vt 0.208072 0.178972
vt 0.196117 0.772764
vt 0.209871 0.772437
vt 0.198873 0.985850
vt 0.212995 0.985901
vt 0.151930 0.774163
vt 0.151930 0.985280
vt 0.137759 0.985160
vt 0.138085 0.774446
vt 0.151930 0.313020
vt 0.138160 0.313097
vt 0.195614 0.312678
vt 0.209274 0.312596
vt 0.209028 0.603897
vt 0.195377 0.603903
vt 0.151930 0.603905
vt 0.138181 0.603901
vt 0.134195 0.040416
vt 0.132185 0.179777
vt 0.131270 0.313095
vt 0.131291 0.603898
vt 0.131196 0.774438
vt 0.130884 0.985148
vt 0.216707 0.772362
vt 0.219843 0.985795
vt 0.215859 0.603889
vt 0.216096 0.312580
vt 0.214890 0.178915
vt 0.211688 0.040308
vt 0.836108 0.146277
vt 0.872395 0.146277
vt 0.872395 0.168314
vt 0.836108 0.168314
vt 0.908681 0.146277
vt 0.908681 0.168314
vt 0.872395 0.190352
vt 0.836108 0.190352
vt 0.908681 0.190352
vt 0.836108 0.146277
vt 0.836108 0.168314
vt 0.872395 0.168314
vt 0.872395 0.146277
vt 0.908681 0.168314
vt 0.908681 0.146277
vt 0.836108 0.190352
vt 0.872395 0.190352
vt 0.908681 0.190352
vt 0.832398 0.072421
vt 0.872197 0.072421
vt 0.872197 0.096591
vt 0.832398 0.096591
vt 0.911995 0.072421
vt 0.911995 0.096591
vt 0.872197 0.120762
vt 0.832398 0.120762
vt 0.911995 0.120762
vt 0.832398 0.072421
vt 0.832398 0.096591
vt 0.872197 0.096591
vt 0.872197 0.072421
vt 0.911995 0.096591
vt 0.911995 0.072421
vt 0.832398 0.120762
vt 0.872197 0.120762
vt 0.911995 0.120762
vt 0.836108 0.146277
vt 0.836108 0.168314
vt 0.872395 0.168314
vt 0.872395 0.146277
vt 0.908681 0.168314
vt 0.908681 0.146277
vt 0.836108 0.190352
vt 0.872395 0.190352
vt 0.908681 0.190352
vt 0.836108 0.146277
vt 0.872395 0.146277
vt 0.872395 0.168314
vt 0.836108 0.168314
vt 0.908681 0.146277
vt 0.908681 0.168314
vt 0.872395 0.190352
vt 0.836108 0.190352
vt 0.908681 0.190352
vt 0.832398 0.072421
vt 0.872197 0.072421
vt 0.872197 0.096591
vt 0.832398 0.096591
vt 0.911995 0.072421
vt 0.911995 0.096591
vt 0.872197 0.120762
vt 0.832398 0.120762
vt 0.911995 0.120762
vt 0.832398 0.072421
vt 0.832398 0.096591
vt 0.872197 0.096591
vt 0.872197 0.072421
vt 0.911995 0.096591
vt 0.911995 0.072421
vt 0.832398 0.120762
vt 0.872197 0.120762
vt 0.911995 0.120762
vn 0.000000 0.000000 1.000000
vn 0.000000 0.000000 1.000000
vn 0.000000 0.000000 1.000000
vn 0.000000 0.000000 1.000000
vn 0.000000 0.000000 1.000000
vn 0.000000 0.000000 1.000000
vn 0.000000 0.000000 1.000000
vn 0.000000 0.000000 1.000000
vn 0.000000 0.000000 1.000000
vn -0.000000 0.000000 1.000000
vn -0.000000 0.000000 1.000000
vn 0.000000 0.000000 1.000000
vn 0.000000 0.000000 1.000000
vn -0.000000 0.000000 1.000000
vn -0.000000 0.000000 1.000000
vn 0.000000 0.000000 1.000000
vn 0.000000 0.000000 1.000000
vn -0.000000 0.000000 1.000000
vn 0.000000 0.000000 1.000000
vn -0.000000 0.000000 1.000000
vn -0.000000 0.000000 1.000000
vn 0.000000 0.000000 1.000000
vn 0.000000 0.000000 -1.000000
vn -0.000000 0.000000 -1.000000
vn -0.000000 0.000000 -1.000000
vn 0.000000 0.000000 -1.000000
vn 0.000000 0.000000 -1.000000
vn -0.000000 0.000000 -1.000000
vn -0.000000 0.000000 -1.000000
vn 0.000000 0.000000 -1.000000
vn 0.000000 0.000000 -1.000000
vn -0.000000 0.000000 -1.000000
vn -0.000000 0.000000 -1.000000
vn 0.000000 0.000000 -1.000000
vn 0.000000 0.000000 -1.000000
vn 0.000000 0.000000 -1.000000
vn -0.000000 0.000000 -1.000000
vn 0.000000 0.000000 -1.000000
vn -0.000000 0.000000 -1.000000
vn -0.000000 0.000000 -1.000000
vn 0.000000 0.000000 -1.000000
vn -0.000000 0.000000 -1.000000
vn -0.000000 0.000000 -1.000000
vn 0.000000 0.000000 -1.000000
vn 0.057633 -0.889164 0.453944
vn 0.057219 -0.888167 0.455945
vn 0.064692 -0.997905 -0.000780
vn 0.064656 -0.997907 -0.000947
vn 0.013684 -0.213904 0.976759
vn 0.014163 -0.219510 0.975507
vn -0.012843 0.219665 0.975491
vn -0.012644 0.213314 0.976902
vn -0.052214 0.888627 0.455650
vn -0.051860 0.889095 0.454775
vn -0.058196 0.998305 -0.000982
vn -0.058245 0.998302 -0.000757
vn 0.999136 0.035135 0.022177
vn 0.999496 0.031714 0.001290
vn 0.999118 0.035464 0.022480
vn 0.999425 0.033921 -0.000002
vn -0.995483 -0.094942 -0.000014
vn -0.995259 -0.097248 0.001339
vn -0.995117 -0.098242 0.009533
vn -0.994946 -0.099797 0.011130
vn 0.996603 0.069081 0.044824
vn 0.996604 0.069271 0.044519
vn -0.995695 -0.087236 0.031335
vn -0.995632 -0.087507 0.032558
vn 0.995838 0.086418 0.028970
vn 0.995772 0.086722 0.030291
vn -0.996547 -0.068507 0.046906
vn -0.996549 -0.068337 0.047117
vn -0.999248 -0.030254 0.024235
vn -0.999229 -0.030337 0.024939
vn 0.995636 0.093058 0.007092
vn 0.995449 0.094863 0.009076
vn 0.996046 0.088841 -0.000015
vn 0.995835 0.091167 0.001350
vn -0.999670 -0.025674 0.001283
vn -0.999612 -0.027856 0.000005
vn 0.057633 -0.889164 -0.453944
vn 0.064692 -0.997905 0.000779
vn 0.057219 -0.888167 -0.455945
vn 0.064656 -0.997907 0.000947
vn 0.014163 -0.219510 -0.975507
vn 0.013684 -0.213904 -0.976759
vn -0.012644 0.213314 -0.976902
vn -0.012843 0.219665 -0.975491
vn -0.051860 0.889095 -0.454775
vn -0.052214 0.888627 -0.455650
vn -0.058196 0.998305 0.000981
vn -0.058245 0.998302 0.000757
vn 0.999425 0.033921 0.000002
vn 0.999496 0.031714 -0.001290
vn 0.999118 0.035464 -0.022480
vn 0.999137 0.035135 -0.022177
vn -0.995483 -0.094942 0.000014
vn -0.995117 -0.098240 -0.009533
vn -0.995259 -0.097247 -0.001339
vn -0.994946 -0.099796 -0.011130
vn 0.996604 0.069271 -0.044519
vn 0.996603 0.069082 -0.044824
vn -0.995695 -0.087236 -0.031335
vn -0.995632 -0.087507 -0.032558
vn 0.995838 0.086417 -0.028970
vn 0.995772 0.086721 -0.030291
vn -0.996547 -0.068507 -0.046906
vn -0.996549 -0.068337 -0.047117
vn -0.999229 -0.030337 -0.024939
vn -0.999249 -0.030254 -0.024235
vn 0.995636 0.093058 -0.007092
vn 0.995449 0.094862 -0.009076
vn 0.996046 0.088841 0.000015
vn 0.995835 0.091167 -0.001350
vn -0.999612 -0.027856 -0.000005
vn -0.999670 -0.025674 -0.001283
vn 0.020489 -0.217556 0.975833
vn 0.020748 -0.220439 0.975180
vn 0.083636 -0.888711 0.450775
vn 0.083639 -0.889226 0.449756
vn -0.020864 0.219207 0.975455
vn -0.020483 0.215631 0.976260
vn -0.084491 0.888509 0.451013
vn -0.084597 0.888835 0.450351
vn 0.996174 0.078989 0.037403
vn 0.998157 0.058872 0.014703
vn 0.996148 0.079282 0.037467
vn 0.998098 0.060120 0.013657
vn -0.992025 -0.124223 0.021351
vn -0.991960 -0.124744 0.021311
vn -0.994742 -0.091876 0.045255
vn -0.994755 -0.092110 0.044481
vn 0.994349 0.096971 0.043195
vn 0.994345 0.097211 0.042765
vn -0.996593 -0.074719 0.034914
vn -0.996621 -0.074397 0.034798
vn -0.998200 -0.058687 0.012380
vn -0.998128 -0.060182 0.010939
vn 0.991835 0.126027 0.019533
vn 0.991743 0.126710 0.019741
vn -0.992147 -0.125080 0.000010
vn -0.991865 -0.127286 0.001267
vn 0.093632 -0.995607 -0.000908
vn 0.093651 -0.995605 -0.000806
vn 0.998205 0.059880 0.001293
vn 0.998065 0.062186 -0.000003
vn 0.992004 0.126208 0.000003
vn 0.991717 0.128435 0.001271
vn -0.094763 0.995499 -0.000959
vn -0.094743 0.995501 -0.000846
vn -0.998142 -0.060925 0.001302
vn -0.997999 -0.063226 0.000002
vn 0.020489 -0.217556 -0.975833
vn 0.083636 -0.888711 -0.450775
vn 0.020748 -0.220439 -0.975180
vn 0.083639 -0.889226 -0.449756
vn -0.020864 0.219207 -0.975455
vn -0.020483 0.215631 -0.976260
vn -0.084491 0.888509 -0.451013
vn -0.084597 0.888835 -0.450351
vn 0.998098 0.060110 -0.013657
vn 0.998158 0.058867 -0.014703
vn 0.996148 0.079282 -0.037467
vn 0.996174 0.078989 -0.037403
vn -0.992024 -0.124230 -0.021351
vn -0.994742 -0.091875 -0.045255
vn -0.991959 -0.124752 -0.021311
vn -0.994755 -0.092109 -0.044481
vn 0.994350 0.096970 -0.043196
vn 0.994345 0.097209 -0.042765
vn -0.996593 -0.074720 -0.034914
vn -0.996621 -0.074397 -0.034798
vn -0.998126 -0.060201 -0.010939
vn -0.998199 -0.058704 -0.012380
vn 0.991835 0.126027 -0.019533
vn 0.991743 0.126710 -0.019741
vn -0.992147 -0.125080 -0.000010
vn -0.991864 -0.127293 -0.001267
vn 0.093632 -0.995607 0.000907
vn 0.093651 -0.995605 0.000806
vn 0.998066 0.062157 0.000003
vn 0.998206 0.059864 -0.001293
vn 0.992004 0.126208 -0.000003
vn 0.991717 0.128435 -0.001271
vn -0.094763 0.995499 0.000959
vn -0.094743 0.995502 0.000846
vn -0.998001 -0.063197 -0.000002
vn -0.998143 -0.060910 -0.001302
vn 0.032239 -0.215747 -0.975917
vn 0.132636 -0.882946 -0.450348
vn 0.033307 -0.220946 -0.974717
vn 0.133309 -0.882843 -0.450351
vn -0.030627 0.218234 -0.975416
vn -0.029997 0.212060 -0.976796
vn -0.124229 0.883042 -0.452553
vn -0.123843 0.884826 -0.449161
vn -0.138620 0.990345 0.000844
vn -0.138595 0.990349 0.000987
vn 0.993398 0.114261 -0.010287
vn 0.993560 0.112689 -0.011842
vn 0.991265 0.127350 -0.034279
vn 0.991308 0.127023 -0.034261
vn -0.983833 -0.176749 -0.028839
vn -0.989930 -0.131246 -0.053045
vn -0.983898 -0.176572 -0.027698
vn -0.989992 -0.131440 -0.051377
vn 0.988753 0.143404 -0.042469
vn 0.988738 0.143658 -0.041937
vn -0.993032 -0.113312 -0.032361
vn -0.993084 -0.112963 -0.032007
vn -0.994613 -0.103340 -0.008168
vn -0.994777 -0.101585 -0.009984
vn 0.985181 0.170520 -0.018501
vn 0.985035 0.171314 -0.018902
vn 0.985391 0.170307 0.000006
vn 0.985004 0.172529 -0.001260
vn -0.994209 -0.107463 0.000006
vn -0.994460 -0.105112 -0.001318
vn -0.983599 -0.180370 -0.000001
vn -0.983206 -0.182498 -0.001226
vn 0.149277 -0.988795 0.000936
vn 0.149319 -0.988789 0.000699
vn 0.993065 0.117564 0.000003
vn 0.993335 0.115256 -0.001305
vn 0.032239 -0.215747 0.975917
vn 0.033307 -0.220946 0.974717
vn 0.132636 -0.882946 0.450348
vn 0.133309 -0.882843 0.450351
vn -0.030627 0.218234 0.975416
vn -0.029997 0.212060 0.976796
vn -0.124229 0.883042 0.452552
vn -0.123843 0.884827 0.449160
vn -0.138620 0.990345 -0.000844
vn -0.138595 0.990349 -0.000987
vn 0.991308 0.127022 0.034261
vn 0.993560 0.112689 0.011842
vn 0.991265 0.127350 0.034279
vn 0.993398 0.114261 0.010287
vn -0.983832 -0.176757 0.028839
vn -0.983896 -0.176581 0.027698
vn -0.989929 -0.131249 0.053045
vn -0.989991 -0.131444 0.051377
vn 0.988753 0.143400 0.042469
vn 0.988739 0.143654 0.041938
vn -0.993032 -0.113312 0.032361
vn -0.993084 -0.112963 0.032007
vn -0.994775 -0.101604 0.009984
vn -0.994610 -0.103362 0.008168
vn 0.985180 0.170522 0.018501
vn 0.985036 0.171307 0.018902
vn 0.985382 0.170359 -0.000006
vn 0.984999 0.172556 0.001260
vn -0.994459 -0.105116 0.001318
vn -0.994209 -0.107463 -0.000006
vn -0.983599 -0.180367 0.000001
vn -0.983205 -0.182501 0.001226
vn 0.149278 -0.988795 -0.000936
vn 0.149319 -0.988789 -0.000699
vn 0.993335 0.115256 0.001305
vn 0.993065 0.117564 -0.000003
vn 0.060998 0.226106 0.972191
vn -0.058541 0.853919 0.517102
vn -0.062333 0.372866 0.925789
vn -0.139885 0.839859 0.524470
vn 0.137137 -0.200006 0.970150
vn 0.065126 -0.370012 0.926741
vn 0.227637 -0.824573 0.517939
vn 0.147842 -0.836133 0.528228
vn 0.855763 -0.037870 0.515981
vn 0.797525 0.312691 0.515925
vn -0.000980 0.000576 0.999999
vn -0.000772 -0.000726 1.000000
vn 0.287422 -0.957801 0.002550
vn 0.174072 -0.984733 -0.000478
vn 0.996364 -0.085153 0.002916
vn 0.915282 0.402804 0.002890
vn -0.046980 0.998893 0.002527
vn -0.164335 0.986404 -0.000470
vn -0.986278 -0.164787 0.010078
vn -0.986174 -0.165468 0.008973
vn -0.986143 -0.165671 0.008644
vn -0.985670 -0.168643 0.003819
vn -0.408240 -0.912868 0.003558
vn -0.407609 -0.913147 0.004225
vn -0.407581 -0.913159 0.004254
vn -0.406960 -0.913433 0.004909
vn -0.987434 -0.157989 0.003801
vn -0.986885 -0.161177 0.008935
vn -0.986918 -0.160991 0.008636
vn -0.986761 -0.161870 0.010052
vn -0.680079 0.733123 0.004908
vn -0.680603 0.732640 0.004226
vn -0.680581 0.732660 0.004254
vn -0.681114 0.732169 0.003560
vn -0.986649 -0.162822 0.003558
vn -0.986650 -0.162819 0.003558
vn -0.986650 -0.162819 0.003558
vn -0.986650 -0.162816 0.003559
vn -0.139884 0.839860 -0.524469
vn -0.058541 0.853919 -0.517102
vn -0.062333 0.372867 -0.925789
vn 0.060998 0.226106 -0.972191
vn 0.137137 -0.200006 -0.970150
vn 0.227637 -0.824573 -0.517939
vn 0.065126 -0.370012 -0.926741
vn 0.147842 -0.836133 -0.528228
vn 0.855763 -0.037870 -0.515981
vn 0.797525 0.312690 -0.515926
vn -0.000980 0.000576 -0.999999
vn -0.000772 -0.000726 -1.000000
vn 0.287422 -0.957801 -0.002550
vn 0.174072 -0.984733 0.000478
vn 0.996364 -0.085153 -0.002916
vn 0.915281 0.402805 -0.002890
vn -0.046980 0.998893 -0.002527
vn -0.164335 0.986405 0.000470
vn -0.986279 -0.164777 -0.010078
vn -0.986145 -0.165663 -0.008644
vn -0.986176 -0.165460 -0.008973
vn -0.985670 -0.168643 -0.003818
vn -0.406957 -0.913434 -0.004909
vn -0.407607 -0.913148 -0.004225
vn -0.407579 -0.913160 -0.004254
vn -0.408240 -0.912868 -0.003558
vn -0.986759 -0.161880 -0.010052
vn -0.986883 -0.161187 -0.008935
vn -0.986916 -0.161002 -0.008636
vn -0.987432 -0.158002 -0.003801
vn -0.680083 0.733119 -0.004909
vn -0.680583 0.732658 -0.004254
vn -0.680605 0.732638 -0.004226
vn -0.681114 0.732169 -0.003560
vn -0.986651 -0.162813 -0.003558
vn -0.986650 -0.162814 -0.003558
vn -0.986650 -0.162815 -0.003558
vn -0.986650 -0.162816 -0.003559
vn 0.000188 -0.011621 -0.999932
vn -0.001488 -0.011353 -0.999934
vn -0.007022 -0.004895 -0.999963
vn -0.009341 -0.008148 -0.999923
vn -0.000965 0.011869 -0.999929
vn -0.008031 -0.001371 -0.999967
vn -0.009341 -0.008148 0.999923
vn -0.001488 -0.011353 0.999934
vn -0.007022 -0.004895 0.999963
vn 0.000188 -0.011621 0.999933
vn -0.008031 -0.001371 0.999967
vn -0.000966 0.011869 0.999929
vn 0.003732 -0.010782 0.999935
vn 0.001918 -0.011355 0.999934
vn -0.873558 -0.486721 0.000000
vn -0.873963 -0.485992 0.000000
vn -0.996781 -0.080178 0.000000
vn -0.996779 -0.080196 0.000000
vn 0.998137 0.061007 0.000000
vn 0.890311 0.455353 0.000000
vn 0.998136 0.061028 0.000000
vn 0.890927 0.454147 0.000000
vn -0.142782 -0.989754 0.000000
vn -0.142794 -0.989752 0.000000
vn 0.061109 0.998131 0.000000
vn -0.221312 0.975203 0.000000
vn 0.061262 0.998122 0.000000
vn -0.221455 0.975171 0.000000
vn 0.300574 -0.953759 0.000000
vn 0.300564 -0.953762 0.000000
vn 0.007720 -0.003698 0.999963
vn 0.010533 -0.006535 0.999923
vn -0.000961 0.011869 0.999929
vn 0.008147 -0.000057 0.999967
vn 0.010533 -0.006535 -0.999923
vn 0.003732 -0.010782 -0.999935
vn 0.007720 -0.003698 -0.999963
vn 0.001918 -0.011355 -0.999934
vn 0.008147 -0.000057 -0.999967
vn -0.000961 0.011869 -0.999929
vn 0.940624 -0.339451 0.000000
vn 0.940907 -0.338664 0.000000
vn 0.996663 0.081621 0.000000
vn 0.996663 0.081631 0.000000
vn -0.994909 -0.100780 0.000000
vn -0.952004 0.306087 0.000000
vn -0.994911 -0.100760 0.000000
vn -0.952607 0.304203 0.000000
vn 0.000188 -0.011621 -0.999932
vn -0.001488 -0.011353 -0.999934
vn -0.007022 -0.004895 -0.999963
vn -0.009342 -0.008148 -0.999923
vn -0.000965 0.011869 -0.999929
vn -0.008031 -0.001371 -0.999967
vn -0.009342 -0.008148 0.999923
vn -0.001488 -0.011353 0.999934
vn -0.007022 -0.004895 0.999963
vn 0.000188 -0.011621 0.999932
vn -0.008031 -0.001371 0.999967
vn -0.000965 0.011869 0.999929
vn 0.003732 -0.010782 0.999935
vn 0.001918 -0.011355 0.999934
vn -0.873562 -0.486713 0.000000
vn -0.873970 -0.485980 0.000000
vn -0.996779 -0.080193 0.000000
vn -0.996779 -0.080202 0.000000
vn 0.998135 0.061050 0.000000
vn 0.890303 0.455369 0.000000
vn 0.998136 0.061028 0.000000
vn 0.890921 0.454159 0.000000
vn -0.142783 -0.989754 0.000000
vn -0.142796 -0.989752 0.000000
vn 0.061111 0.998131 0.000000
vn -0.221310 0.975203 0.000000
vn 0.061260 0.998122 0.000000
vn -0.221456 0.975170 0.000000
vn 0.300572 -0.953759 0.000000
vn 0.300562 -0.953762 0.000000
vn 0.007720 -0.003698 0.999963
vn 0.010533 -0.006535 0.999923
vn -0.000961 0.011869 0.999929
vn 0.008147 -0.000057 0.999967
vn 0.010533 -0.006535 -0.999923
vn 0.003732 -0.010782 -0.999935
vn 0.007720 -0.003698 -0.999963
vn 0.001918 -0.011355 -0.999934
vn 0.008147 -0.000057 -0.999967
vn -0.000962 0.011869 -0.999929
vn 0.940624 -0.339450 0.000000
vn 0.940907 -0.338666 0.000000
vn 0.996662 0.081635 0.000000
vn 0.996663 0.081631 0.000000
vn -0.994911 -0.100759 0.000000
vn -0.952006 0.306080 0.000000
vn -0.994911 -0.100762 0.000000
vn -0.952603 0.304215 0.000000
vn -0.031318 0.203547 0.978564
vn -0.034619 0.208662 0.977375
vn -0.136824 0.891390 0.432092
vn -0.148064 0.892652 0.425735
vn 0.035688 -0.206844 0.977723
vn 0.033605 -0.207877 0.977578
vn 0.154169 -0.891267 0.426468
vn 0.144322 -0.890704 0.431066
vn 0.011655 -0.202192 0.979277
vn 0.010837 -0.196539 0.980436
vn 0.053115 -0.894561 0.443779
vn 0.050397 -0.885644 0.461622
vn -0.007683 0.187032 0.982324
vn -0.009903 0.197223 0.980309
vn -0.034693 0.885154 0.464002
vn -0.043347 0.894348 0.445267
vn -0.021648 0.197355 0.980093
vn -0.097671 0.892196 0.440960
vn 0.023183 -0.206776 0.978114
vn 0.100095 -0.893370 0.438031
vn 0.017226 -0.206839 0.978223
vn 0.074663 -0.896319 0.437079
vn -0.016425 0.200790 0.979497
vn -0.073127 0.895439 0.439137
vn -0.999549 -0.028696 -0.008861
vn -0.999589 -0.028663 -0.000003
vn -0.999551 -0.028654 -0.008750
vn -0.999589 -0.028663 0.000037
vn -0.999780 -0.019134 -0.008642
vn -0.999830 -0.018458 0.000000
vn -0.999799 -0.018499 -0.007775
vn -0.999873 -0.015912 0.000000
vn -0.999119 -0.041966 -0.000000
vn -0.999226 -0.039341 0.000000
vn -0.999197 -0.039298 -0.007886
vn -0.999215 -0.038642 -0.008782
vn -0.163636 0.986516 0.003207
vn -0.151448 0.988460 0.003270
vn -0.108533 0.994087 0.003352
vn -0.081270 0.996686 0.003384
vn -0.047585 0.998861 0.003427
vn -0.039181 0.999232 -0.001113
vn -0.999780 -0.019136 0.008642
vn -0.999799 -0.018500 0.007775
vn -0.999551 -0.028654 0.008827
vn -0.999550 -0.028696 0.008716
vn -0.999215 -0.038640 0.008782
vn -0.999196 -0.039297 0.007886
vn 0.060356 -0.998171 0.003408
vn 0.056792 -0.998385 -0.001136
vn 0.083003 -0.996544 0.003340
vn 0.111297 -0.993782 0.003286
vn 0.160339 -0.987057 0.003240
vn 0.171038 -0.985259 0.003216
vn -0.031318 0.203547 -0.978564
vn -0.136824 0.891390 -0.432093
vn -0.034619 0.208662 -0.977375
vn -0.148064 0.892652 -0.425735
vn 0.035688 -0.206844 -0.977723
vn 0.033605 -0.207877 -0.977578
vn 0.154169 -0.891267 -0.426468
vn 0.144322 -0.890704 -0.431066
vn 0.011655 -0.202192 -0.979277
vn 0.053115 -0.894561 -0.443779
vn 0.010837 -0.196539 -0.980436
vn 0.050397 -0.885644 -0.461622
vn -0.009903 0.197223 -0.980309
vn -0.007683 0.187032 -0.982324
vn -0.034693 0.885154 -0.464003
vn -0.043347 0.894348 -0.445267
vn -0.021648 0.197355 -0.980093
vn -0.097671 0.892196 -0.440960
vn 0.023183 -0.206776 -0.978114
vn 0.100095 -0.893370 -0.438032
vn 0.074663 -0.896319 -0.437079
vn 0.017226 -0.206839 -0.978223
vn -0.016425 0.200790 -0.979497
vn -0.073127 0.895439 -0.439137
vn -0.163636 0.986516 -0.003206
vn -0.151448 0.988460 -0.003271
vn -0.108533 0.994087 -0.003352
vn -0.081270 0.996686 -0.003384
vn -0.047585 0.998861 -0.003427
vn -0.039181 0.999232 0.001113
vn 0.060356 -0.998171 -0.003407
vn 0.056792 -0.998385 0.001136
vn 0.083003 -0.996544 -0.003340
vn 0.111297 -0.993782 -0.003286
vn 0.160339 -0.987057 -0.003240
vn 0.171038 -0.985259 -0.003216
vn 0.428960 0.433839 0.792324
vn 0.428960 0.433839 0.792324
vn 0.483115 -0.010943 0.875488
vn 0.483115 -0.010944 0.875488
vn 0.428960 0.433839 0.792324
vn 0.483115 -0.010944 0.875488
vn 0.436937 -0.453453 0.776831
vn 0.436937 -0.453453 0.776831
vn 0.436937 -0.453453 0.776831
vn -0.429286 -0.432516 -0.792870
vn -0.483115 0.010944 -0.875488
vn -0.429286 -0.432516 -0.792870
vn -0.483115 0.010944 -0.875488
vn -0.429286 -0.432516 -0.792870
vn -0.483115 0.010944 -0.875488
vn -0.437239 0.452144 -0.777424
vn -0.437240 0.452144 -0.777424
vn -0.437240 0.452144 -0.777424
vn 0.480314 0.748764 0.456784
vn 0.480314 0.748764 0.456784
vn 0.540971 0.841030 0.004417
vn 0.540971 0.841030 0.004417
vn 0.480314 0.748764 0.456783
vn 0.540971 0.841030 0.004417
vn 0.484331 0.750937 -0.448907
vn 0.484331 0.750937 -0.448907
vn 0.484330 0.750937 -0.448907
vn -0.480727 -0.749400 -0.455303
vn -0.540971 -0.841030 -0.004417
vn -0.480727 -0.749400 -0.455303
vn -0.540971 -0.841030 -0.004417
vn -0.480727 -0.749400 -0.455303
vn -0.540971 -0.841030 -0.004417
vn -0.484731 -0.751566 0.447420
vn -0.484731 -0.751566 0.447420
vn -0.484731 -0.751566 0.447420
vn 0.428960 0.433839 -0.792324
vn 0.483115 -0.010943 -0.875488
vn 0.428960 0.433839 -0.792324
vn 0.483115 -0.010944 -0.875488
vn 0.428960 0.433839 -0.792324
vn 0.483115 -0.010943 -0.875488
vn 0.436937 -0.453453 -0.776831
vn 0.436937 -0.453453 -0.776831
vn 0.436937 -0.453453 -0.776831
vn -0.429286 -0.432516 0.792870
vn -0.429286 -0.432516 0.792871
vn -0.483115 0.010944 0.875488
vn -0.483115 0.010943 0.875488
vn -0.429286 -0.432516 0.792871
vn -0.483115 0.010944 0.875488
vn -0.437240 0.452144 0.777424
vn -0.437240 0.452144 0.777424
vn -0.437239 0.452144 0.777423
vn 0.480314 -0.749858 -0.454986
vn 0.480314 -0.749858 -0.454986
vn 0.540971 -0.841038 -0.002399
vn 0.540971 -0.841038 -0.002399
vn 0.480314 -0.749858 -0.454986
vn 0.540971 -0.841038 -0.002399
vn 0.484331 -0.749858 0.450708
vn 0.484331 -0.749858 0.450707
vn 0.484331 -0.749858 0.450708
vn -0.480727 0.750490 0.453504
vn -0.540971 0.841038 0.002399
vn -0.480727 0.750490 0.453504
vn -0.540971 0.841038 0.002399
vn -0.480727 0.750490 0.453504
vn -0.540971 0.841038 0.002399
vn -0.484731 0.750490 -0.449222
vn -0.484731 0.750490 -0.449222
vn -0.484731 0.750490 -0.449222
s 1
g sheath_luminous
f 3389/4571/5607 3388/4572/5608 3396/4570/5609
f 3385/4569/5610 3396/4570/5609 3388/4572/5608
f 3390/4574/5611 3389/4571/5607 3387/4573/5612
f 3387/4573/5612 3389/4571/5607 3397/4575/5613
f 3388/4572/5608 3389/4571/5607 3391/4577/5614
f 3389/4571/5607 3395/4576/5615 3391/4577/5614
f 3390/4574/5611 3393/4578/5616 3389/4571/5607
f 3389/4571/5607 3393/4578/5616 3394/4579/5617
f 3389/4571/5607 3394/4579/5617 3392/4580/5618
f 3395/4576/5615 3389/4571/5607 3392/4580/5618
f 3389/4571/5607 3396/4570/5609 3386/4581/5619
f 3386/4581/5619 3397/4575/5613 3389/4571/5607
s 3
f 3399/4583/5620 3402/4584/5621 3398/4582/5622
f 3398/4582/5622 3402/4584/5621 3401/4585/5623
f 3399/4583/5620 3400/4586/5624 3402/4584/5621
f 3402/4584/5621 3400/4586/5624 3403/4587/5625
f 3401/4585/5623 3402/4584/5621 3404/4589/5626
f 3404/4589/5626 3402/4584/5621 3405/4588/5627
f 3403/4587/5625 3406/4590/5628 3402/4584/5621
f 3402/4584/5621 3406/4590/5628 3405/4588/5627
s 4
f 3411/4593/5629 3418/4592/5630 3410/4594/5631
f 3407/4591/5632 3410/4594/5631 3418/4592/5630
f 3412/4596/5633 3409/4595/5634 3411/4593/5629
f 3409/4595/5634 3419/4597/5635 3411/4593/5629
f 3410/4594/5631 3413/4599/5636 3411/4593/5629
f 3413/4599/5636 3417/4598/5637 3411/4593/5629
f 3412/4596/5633 3411/4593/5629 3415/4600/5638
f 3411/4593/5629 3416/4601/5639 3415/4600/5638
f 3411/4593/5629 3414/4602/5640 3416/4601/5639
f 3417/4598/5637 3414/4602/5640 3411/4593/5629
f 3411/4593/5629 3408/4603/5641 3418/4592/5630
f 3408/4603/5641 3411/4593/5629 3419/4597/5635
s 6
f 3423/4607/5642 3424/4606/5643 3420/4604/5644
f 3420/4604/5644 3424/4606/5643 3421/4605/5645
f 3421/4605/5645 3424/4606/5643 3422/4608/5646
f 3422/4608/5646 3424/4606/5643 3425/4609/5647
f 3423/4607/5642 3426/4611/5648 3424/4606/5643
f 3424/4606/5643 3426/4611/5648 3427/4610/5649
f 3427/4610/5649 3428/4612/5650 3424/4606/5643
f 3424/4606/5643 3428/4612/5650 3425/4609/5647
s 7
f 3437/4613/5651 3438/4614/5652 3446/4615/5653
f 3446/4615/5653 3438/4614/5652 3447/4616/5654
f 3440/4617/5655 3438/4614/5652 3439/4618/5656
f 3439/4618/5656 3438/4614/5652 3437/4613/5651
f 3442/4619/5657 3440/4617/5655 3441/4620/5658
f 3441/4620/5658 3440/4617/5655 3439/4618/5656
f 3441/4620/5658 3444/4621/5659 3442/4619/5657
f 3442/4619/5657 3444/4621/5659 3443/4622/5660
f 3451/4623/5661 3450/4624/5662 3444/4621/5659
f 3444/4621/5659 3450/4624/5662 3443/4622/5660
s 8
f 3437/4613/5663 3446/4615/5664 3436/4625/5665
f 3436/4625/5665 3446/4615/5664 3445/4626/5666
s 9
f 3448/4627/5667 3447/4616/5668 3432/4628/5669
f 3432/4628/5669 3447/4616/5668 3438/4614/5670
s 8
f 3439/4618/5671 3437/4613/5663 3435/4629/5672
f 3435/4629/5672 3437/4613/5663 3436/4625/5665
s 9
f 3432/4628/5669 3438/4614/5670 3431/4630/5673
f 3431/4630/5673 3438/4614/5670 3440/4617/5674
s 8
f 3434/4631/5675 3441/4620/5676 3435/4629/5672
f 3435/4629/5672 3441/4620/5676 3439/4618/5671
s 9
f 3431/4630/5673 3440/4617/5674 3430/4632/5677
f 3430/4632/5677 3440/4617/5674 3442/4619/5678
f 3442/4619/5678 3443/4622/5679 3430/4632/5677
f 3430/4632/5677 3443/4622/5679 3429/4633/5680
s 8
f 3433/4634/5681 3444/4621/5682 3434/4631/5675
f 3434/4631/5675 3444/4621/5682 3441/4620/5676
f 3452/4635/5683 3451/4623/5684 3433/4634/5681
f 3433/4634/5681 3451/4623/5684 3444/4621/5682
s 9
f 3443/4622/5679 3450/4624/5685 3429/4633/5680
f 3429/4633/5680 3450/4624/5685 3449/4636/5686
s 12
f 3461/4637/5687 3446/4638/5688 3462/4639/5689
f 3462/4639/5689 3446/4638/5688 3447/4640/5690
f 3461/4637/5687 3462/4639/5689 3463/4641/5691
f 3463/4641/5691 3462/4639/5689 3464/4642/5692
f 3463/4641/5691 3464/4642/5692 3465/4643/5693
f 3465/4643/5693 3464/4642/5692 3466/4644/5694
f 3467/4645/5695 3468/4646/5696 3466/4644/5694
f 3466/4644/5694 3468/4646/5696 3465/4643/5693
f 3451/4647/5697 3468/4646/5696 3450/4648/5698
f 3450/4648/5698 3468/4646/5696 3467/4645/5695
s 14
f 3445/4649/5699 3446/4638/5700 3460/4650/5701
f 3460/4650/5701 3446/4638/5700 3461/4637/5702
s 15
f 3448/4651/5703 3456/4652/5704 3447/4640/5705
f 3447/4640/5705 3456/4652/5704 3462/4639/5706
s 14
f 3460/4650/5701 3461/4637/5702 3459/4653/5707
f 3459/4653/5707 3461/4637/5702 3463/4641/5708
s 15
f 3456/4652/5704 3455/4654/5709 3462/4639/5706
f 3462/4639/5706 3455/4654/5709 3464/4642/5710
s 14
f 3458/4655/5711 3459/4653/5707 3465/4643/5712
f 3465/4643/5712 3459/4653/5707 3463/4641/5708
s 15
f 3455/4654/5709 3454/4656/5713 3464/4642/5710
f 3464/4642/5710 3454/4656/5713 3466/4644/5714
f 3453/4657/5715 3467/4645/5716 3454/4656/5713
f 3454/4656/5713 3467/4645/5716 3466/4644/5714
s 14
f 3457/4658/5717 3458/4655/5711 3468/4646/5718
f 3468/4646/5718 3458/4655/5711 3465/4643/5712
f 3452/4659/5719 3457/4658/5717 3451/4647/5720
f 3451/4647/5720 3457/4658/5717 3468/4646/5718
s 15
f 3449/4660/5721 3450/4648/5722 3453/4657/5715
f 3453/4657/5715 3450/4648/5722 3467/4645/5716
s 17
f 3479/4661/5723 3480/4662/5724 3477/4663/5725
f 3477/4663/5725 3480/4662/5724 3478/4664/5726
f 3481/4665/5727 3482/4666/5728 3479/4661/5723
f 3479/4661/5723 3482/4666/5728 3480/4662/5724
f 3482/4666/5728 3481/4665/5727 3483/4667/5729
f 3483/4667/5729 3481/4665/5727 3484/4668/5730
s 19
f 3479/4661/5731 3477/4663/5732 3475/4669/5733
f 3475/4669/5733 3477/4663/5732 3476/4670/5734
s 20
f 3469/4671/5735 3478/4664/5736 3470/4672/5737
f 3470/4672/5737 3478/4664/5736 3480/4662/5738
s 19
f 3474/4673/5739 3481/4665/5740 3475/4669/5733
f 3475/4669/5733 3481/4665/5740 3479/4661/5731
s 20
f 3470/4672/5737 3480/4662/5738 3471/4674/5741
f 3471/4674/5741 3480/4662/5738 3482/4666/5742
f 3482/4666/5742 3483/4667/5743 3471/4674/5741
f 3471/4674/5741 3483/4667/5743 3472/4675/5744
s 19
f 3473/4676/5745 3484/4668/5746 3474/4673/5739
f 3474/4673/5739 3484/4668/5746 3481/4665/5740
s 20
f 3485/4677/5747 3486/4678/5748 3469/4671/5735
f 3469/4671/5735 3486/4678/5748 3478/4664/5736
s 17
f 3477/4663/5725 3478/4664/5726 3487/4679/5749
f 3487/4679/5749 3478/4664/5726 3486/4678/5750
s 19
f 3477/4663/5732 3487/4679/5751 3476/4670/5734
f 3476/4670/5734 3487/4679/5751 3488/4680/5752
f 3489/4681/5753 3490/4682/5754 3473/4676/5745
f 3473/4676/5745 3490/4682/5754 3484/4668/5746
s 17
f 3491/4683/5755 3483/4667/5729 3490/4682/5756
f 3490/4682/5756 3483/4667/5729 3484/4668/5730
s 20
f 3483/4667/5743 3491/4683/5757 3472/4675/5744
f 3472/4675/5744 3491/4683/5757 3492/4684/5758
s 23
f 3503/4685/5759 3501/4686/5760 3504/4687/5761
f 3504/4687/5761 3501/4686/5760 3502/4688/5762
f 3505/4689/5763 3503/4685/5759 3506/4690/5764
f 3506/4690/5764 3503/4685/5759 3504/4687/5761
f 3506/4690/5764 3507/4691/5765 3505/4689/5763
f 3505/4689/5763 3507/4691/5765 3508/4692/5766
s 24
f 3500/4693/5767 3501/4686/5768 3499/4694/5769
f 3499/4694/5769 3501/4686/5768 3503/4685/5770
s 25
f 3493/4695/5771 3494/4696/5772 3502/4688/5773
f 3502/4688/5773 3494/4696/5772 3504/4687/5774
s 24
f 3498/4697/5775 3499/4694/5769 3505/4689/5776
f 3505/4689/5776 3499/4694/5769 3503/4685/5770
s 25
f 3494/4696/5772 3495/4698/5777 3504/4687/5774
f 3504/4687/5774 3495/4698/5777 3506/4690/5778
f 3496/4699/5779 3507/4691/5780 3495/4698/5777
f 3495/4698/5777 3507/4691/5780 3506/4690/5778
s 24
f 3497/4700/5781 3498/4697/5775 3508/4692/5782
f 3508/4692/5782 3498/4697/5775 3505/4689/5776
s 25
f 3485/4701/5783 3493/4695/5771 3486/4702/5784
f 3486/4702/5784 3493/4695/5771 3502/4688/5773
s 23
f 3501/4686/5760 3487/4703/5785 3502/4688/5762
f 3502/4688/5762 3487/4703/5785 3486/4702/5786
s 24
f 3488/4704/5787 3487/4703/5788 3500/4693/5767
f 3500/4693/5767 3487/4703/5788 3501/4686/5768
f 3489/4705/5789 3497/4700/5781 3490/4706/5790
f 3490/4706/5790 3497/4700/5781 3508/4692/5782
s 23
f 3491/4707/5791 3490/4706/5792 3507/4691/5765
f 3507/4691/5765 3490/4706/5792 3508/4692/5766
s 25
f 3492/4708/5793 3491/4707/5794 3496/4699/5779
f 3496/4699/5779 3491/4707/5794 3507/4691/5780
s 27
f 3519/4709/5795 3517/4710/5796 3520/4711/5797
f 3520/4711/5797 3517/4710/5796 3518/4712/5798
f 3521/4713/5799 3519/4709/5795 3522/4714/5800
f 3522/4714/5800 3519/4709/5795 3520/4711/5797
f 3522/4714/5800 3523/4715/5801 3521/4713/5799
f 3521/4713/5799 3523/4715/5801 3524/4716/5802
f 3531/4717/5803 3524/4716/5802 3530/4718/5804
f 3530/4718/5804 3524/4716/5802 3523/4715/5801
s 28
f 3513/4719/5805 3517/4710/5806 3514/4720/5807
f 3514/4720/5807 3517/4710/5806 3519/4709/5808
s 29
f 3509/4721/5809 3510/4722/5810 3518/4712/5811
f 3518/4712/5811 3510/4722/5810 3520/4711/5812
s 28
f 3515/4723/5813 3514/4720/5807 3521/4713/5814
f 3521/4713/5814 3514/4720/5807 3519/4709/5808
s 29
f 3510/4722/5810 3511/4724/5815 3520/4711/5812
f 3520/4711/5812 3511/4724/5815 3522/4714/5816
f 3512/4725/5817 3523/4715/5818 3511/4724/5815
f 3511/4724/5815 3523/4715/5818 3522/4714/5816
s 28
f 3516/4726/5819 3515/4723/5813 3524/4716/5820
f 3524/4716/5820 3515/4723/5813 3521/4713/5814
f 3532/4727/5821 3516/4726/5819 3531/4717/5822
f 3531/4717/5822 3516/4726/5819 3524/4716/5820
s 29
f 3529/4728/5823 3530/4718/5824 3512/4725/5817
f 3512/4725/5817 3530/4718/5824 3523/4715/5818
f 3525/4729/5825 3509/4721/5809 3526/4730/5826
f 3526/4730/5826 3509/4721/5809 3518/4712/5811
s 27
f 3517/4710/5796 3527/4731/5827 3518/4712/5798
f 3518/4712/5798 3527/4731/5827 3526/4730/5828
s 28
f 3528/4732/5829 3527/4731/5830 3513/4719/5805
f 3513/4719/5805 3527/4731/5830 3517/4710/5806
s 31
f 3543/4733/5831 3544/4734/5832 3541/4735/5833
f 3541/4735/5833 3544/4734/5832 3542/4736/5834
f 3545/4737/5835 3546/4738/5836 3543/4733/5831
f 3543/4733/5831 3546/4738/5836 3544/4734/5832
f 3546/4738/5836 3545/4737/5835 3547/4739/5837
f 3547/4739/5837 3545/4737/5835 3548/4740/5838
f 3531/4741/5839 3530/4742/5840 3548/4740/5838
f 3548/4740/5838 3530/4742/5840 3547/4739/5837
s 33
f 3543/4733/5841 3541/4735/5842 3538/4743/5843
f 3538/4743/5843 3541/4735/5842 3537/4744/5844
s 34
f 3533/4745/5845 3542/4736/5846 3534/4746/5847
f 3534/4746/5847 3542/4736/5846 3544/4734/5848
s 33
f 3539/4747/5849 3545/4737/5850 3538/4743/5843
f 3538/4743/5843 3545/4737/5850 3543/4733/5841
s 34
f 3534/4746/5847 3544/4734/5848 3535/4748/5851
f 3535/4748/5851 3544/4734/5848 3546/4738/5852
f 3546/4738/5852 3547/4739/5853 3535/4748/5851
f 3535/4748/5851 3547/4739/5853 3536/4749/5854
s 33
f 3540/4750/5855 3548/4740/5856 3539/4747/5849
f 3539/4747/5849 3548/4740/5856 3545/4737/5850
f 3532/4751/5857 3531/4741/5858 3540/4750/5855
f 3540/4750/5855 3531/4741/5858 3548/4740/5856
s 34
f 3547/4739/5853 3530/4742/5859 3536/4749/5854
f 3536/4749/5854 3530/4742/5859 3529/4752/5860
f 3525/4753/5861 3526/4754/5862 3533/4745/5845
f 3533/4745/5845 3526/4754/5862 3542/4736/5846
s 31
f 3541/4735/5833 3542/4736/5834 3527/4755/5863
f 3527/4755/5863 3542/4736/5834 3526/4754/5864
s 33
f 3541/4735/5842 3527/4755/5865 3537/4744/5844
f 3537/4744/5844 3527/4755/5865 3528/4756/5866
s 37
f 3549/4757/5867 3551/4758/5868 3555/4759/5869
f 3555/4759/5869 3551/4758/5868 3556/4760/5870
f 3550/4761/5871 3554/4762/5872 3552/4763/5873
f 3552/4763/5873 3554/4762/5872 3553/4764/5874
f 3557/4765/5875 3550/4761/5871 3552/4763/5873
f 3549/4757/5867 3558/4766/5876 3551/4758/5868
f 3560/4767/5877 3550/4761/5871 3559/4768/5878
f 3559/4768/5878 3550/4761/5871 3549/4757/5867
f 3550/4761/5871 3557/4769/5875 3549/4757/5867
f 3549/4757/5867 3557/4769/5875 3558/4770/5876
f 3550/4761/5871 3560/4767/5877 3554/4762/5872
f 3549/4757/5867 3555/4759/5869 3559/4768/5878
f 3552/4763/5873 3553/4764/5874 3562/4771/5879
f 3562/4771/5879 3553/4764/5874 3561/4772/5880
f 3563/4773/5881 3557/4765/5875 3562/4771/5879
f 3562/4771/5879 3557/4765/5875 3552/4763/5873
f 3557/4769/5875 3563/4774/5881 3558/4770/5876
f 3558/4770/5876 3563/4774/5881 3564/4775/5882
f 3558/4766/5876 3564/4776/5882 3551/4758/5868
f 3551/4758/5868 3564/4776/5882 3565/4777/5883
f 3566/4778/5884 3556/4760/5870 3565/4777/5883
f 3565/4777/5883 3556/4760/5870 3551/4758/5868
s 39
f 3554/4779/5885 3567/4780/5886 3553/4781/5887
f 3553/4781/5887 3567/4780/5886 3561/4782/5888
s 40
f 3568/4783/5889 3567/4780/5890 3560/4784/5891
f 3560/4784/5891 3567/4780/5890 3554/4779/5892
s 41
f 3566/4785/5893 3569/4786/5894 3556/4787/5895
f 3556/4787/5895 3569/4786/5894 3555/4788/5896
s 42
f 3555/4788/5897 3569/4786/5898 3559/4789/5899
f 3559/4789/5899 3569/4786/5898 3570/4790/5900
s 43
f 3559/4789/5901 3570/4790/5902 3560/4784/5903
f 3560/4784/5903 3570/4790/5902 3568/4783/5904
s 44
f 3578/4791/5905 3573/4792/5906 3577/4793/5907
f 3577/4793/5907 3573/4792/5906 3571/4794/5908
f 3572/4795/5909 3574/4796/5910 3576/4797/5911
f 3576/4797/5911 3574/4796/5910 3575/4798/5912
f 3579/4799/5913 3574/4796/5910 3572/4795/5909
f 3571/4794/5908 3573/4792/5906 3580/4800/5914
f 3582/4801/5915 3581/4802/5916 3572/4795/5909
f 3572/4795/5909 3581/4802/5916 3571/4794/5908
f 3572/4795/5909 3571/4794/5908 3579/4803/5913
f 3579/4803/5913 3571/4794/5908 3580/4804/5914
f 3572/4795/5909 3576/4797/5911 3582/4801/5915
f 3571/4794/5908 3581/4802/5916 3577/4793/5907
f 3574/4796/5910 3562/4805/5917 3575/4798/5912
f 3575/4798/5912 3562/4805/5917 3561/4806/5918
f 3563/4807/5919 3562/4805/5917 3579/4799/5913
f 3579/4799/5913 3562/4805/5917 3574/4796/5910
f 3579/4803/5913 3580/4804/5914 3563/4808/5919
f 3563/4808/5919 3580/4804/5914 3564/4809/5920
f 3580/4800/5914 3573/4792/5906 3564/4810/5920
f 3564/4810/5920 3573/4792/5906 3565/4811/5921
f 3566/4812/5922 3565/4811/5921 3578/4791/5905
f 3578/4791/5905 3565/4811/5921 3573/4792/5906
s 47
f 3576/4813/5923 3575/4814/5924 3567/4815/5925
f 3567/4815/5925 3575/4814/5924 3561/4816/5926
s 48
f 3576/4813/5927 3567/4815/5928 3582/4817/5929
f 3582/4817/5929 3567/4815/5928 3568/4818/5930
s 49
f 3577/4819/5931 3569/4820/5932 3578/4821/5933
f 3578/4821/5933 3569/4820/5932 3566/4822/5934
s 50
f 3577/4819/5935 3581/4823/5936 3569/4820/5937
f 3569/4820/5937 3581/4823/5936 3570/4824/5938
s 51
f 3581/4823/5939 3582/4817/5940 3570/4824/5941
f 3570/4824/5941 3582/4817/5940 3568/4818/5942
s 52
f 3588/4825/5943 3584/4826/5944 3586/4827/5945
f 3586/4827/5945 3584/4826/5944 3587/4828/5946
f 3585/4829/5947 3586/4827/5945 3583/4830/5948
f 3583/4830/5948 3586/4827/5945 3587/4828/5946
s 53
f 3593/4831/5949 3590/4832/5950 3592/4833/5951
f 3592/4833/5951 3590/4832/5950 3594/4834/5952
f 3593/4831/5949 3592/4833/5951 3589/4835/5953
f 3589/4835/5953 3592/4833/5951 3591/4836/5954
f 3590/4832/5950 3596/4837/5955 3594/4834/5952
f 3594/4834/5952 3596/4837/5955 3600/4838/5956
s 54
f 3587/4828/5957 3593/4831/5958 3583/4830/5959
f 3583/4830/5959 3593/4831/5958 3589/4835/5960
s 55
f 3591/4839/5961 3592/4840/5962 3585/4841/5963
f 3585/4841/5963 3592/4840/5962 3586/4842/5964
s 54
f 3584/4826/5965 3590/4832/5966 3587/4828/5957
f 3587/4828/5957 3590/4832/5966 3593/4831/5958
s 55
f 3594/4843/5967 3600/4844/5968 3588/4845/5969
f 3588/4845/5969 3600/4844/5968 3606/4846/5970
s 54
f 3584/4826/5965 3602/4847/5971 3590/4832/5966
f 3590/4832/5966 3602/4847/5971 3596/4837/5972
s 55
f 3594/4843/5967 3588/4845/5969 3592/4840/5962
f 3592/4840/5962 3588/4845/5969 3586/4842/5964
s 53
f 3600/4838/5956 3596/4837/5955 3598/4848/5973
f 3598/4848/5973 3596/4837/5955 3599/4849/5974
f 3597/4850/5975 3598/4848/5973 3595/4851/5976
f 3595/4851/5976 3598/4848/5973 3599/4849/5974
s 52
f 3605/4852/5977 3602/4847/5978 3604/4853/5979
f 3604/4853/5979 3602/4847/5978 3606/4854/5980
f 3605/4852/5977 3604/4853/5979 3601/4855/5981
f 3601/4855/5981 3604/4853/5979 3603/4856/5982
f 3584/4826/5944 3588/4825/5943 3602/4847/5978
f 3602/4847/5978 3588/4825/5943 3606/4854/5980
s 54
f 3599/4849/5983 3605/4852/5984 3595/4851/5985
f 3595/4851/5985 3605/4852/5984 3601/4855/5986
s 55
f 3603/4857/5987 3604/4858/5988 3597/4859/5989
f 3597/4859/5989 3604/4858/5988 3598/4860/5990
s 54
f 3596/4837/5972 3602/4847/5971 3599/4849/5983
f 3599/4849/5983 3602/4847/5971 3605/4852/5984
s 55
f 3600/4844/5968 3598/4860/5990 3606/4846/5970
f 3606/4846/5970 3598/4860/5990 3604/4858/5988
s 61
f 3612/4861/5991 3608/4862/5992 3610/4863/5993
f 3610/4863/5993 3608/4862/5992 3611/4864/5994
f 3609/4865/5995 3610/4863/5993 3607/4866/5996
f 3607/4866/5996 3610/4863/5993 3611/4864/5994
s 62
f 3617/4867/5997 3614/4868/5998 3616/4869/5999
f 3616/4869/5999 3614/4868/5998 3618/4870/6000
f 3617/4867/5997 3616/4869/5999 3613/4871/6001
f 3613/4871/6001 3616/4869/5999 3615/4872/6002
f 3614/4868/5998 3620/4873/6003 3618/4870/6000
f 3618/4870/6000 3620/4873/6003 3624/4874/6004
s 63
f 3611/4864/6005 3617/4867/6006 3607/4866/6007
f 3607/4866/6007 3617/4867/6006 3613/4871/6008
s 64
f 3615/4875/6009 3616/4876/6010 3609/4877/6011
f 3609/4877/6011 3616/4876/6010 3610/4878/6012
s 63
f 3608/4862/6013 3614/4868/6014 3611/4864/6005
f 3611/4864/6005 3614/4868/6014 3617/4867/6006
s 64
f 3618/4879/6015 3624/4880/6016 3612/4881/6017
f 3612/4881/6017 3624/4880/6016 3630/4882/6018
s 63
f 3608/4862/6013 3626/4883/6019 3614/4868/6014
f 3614/4868/6014 3626/4883/6019 3620/4873/6020
s 64
f 3618/4879/6015 3612/4881/6017 3616/4876/6010
f 3616/4876/6010 3612/4881/6017 3610/4878/6012
s 62
f 3624/4874/6004 3620/4873/6003 3622/4884/6021
f 3622/4884/6021 3620/4873/6003 3623/4885/6022
f 3621/4886/6023 3622/4884/6021 3619/4887/6024
f 3619/4887/6024 3622/4884/6021 3623/4885/6022
s 61
f 3629/4888/6025 3626/4883/6026 3628/4889/6027
f 3628/4889/6027 3626/4883/6026 3630/4890/6028
f 3629/4888/6025 3628/4889/6027 3625/4891/6029
f 3625/4891/6029 3628/4889/6027 3627/4892/6030
f 3608/4862/5992 3612/4861/5991 3626/4883/6026
f 3626/4883/6026 3612/4861/5991 3630/4890/6028
s 63
f 3623/4885/6031 3629/4888/6032 3619/4887/6033
f 3619/4887/6033 3629/4888/6032 3625/4891/6034
s 64
f 3627/4893/6035 3628/4894/6036 3621/4895/6037
f 3621/4895/6037 3628/4894/6036 3622/4896/6038
s 63
f 3620/4873/6020 3626/4883/6019 3623/4885/6031
f 3623/4885/6031 3626/4883/6019 3629/4888/6032
s 64
f 3624/4880/6016 3622/4896/6038 3630/4882/6018
f 3630/4882/6018 3622/4896/6038 3628/4894/6036
s 70
f 3645/4897/6039 3631/4898/6040 3646/4899/6041
f 3646/4899/6041 3631/4898/6040 3637/4900/6042
f 3631/4898/6040 3645/4897/6039 3632/4901/6043
f 3632/4901/6043 3645/4897/6039 3644/4902/6044
f 3632/4901/6043 3644/4902/6044 3640/4903/6045
f 3640/4903/6045 3644/4902/6044 3643/4904/6046
f 3649/4905/6047 3636/4906/6048 3650/4907/6049
f 3650/4907/6049 3636/4906/6048 3641/4908/6050
f 3635/4909/6051 3636/4906/6048 3648/4910/6052
f 3648/4910/6052 3636/4906/6048 3649/4905/6047
f 3639/4911/6053 3635/4909/6051 3647/4912/6054
f 3647/4912/6054 3635/4909/6051 3648/4910/6052
f 3657/4913/6055 3645/4897/6039 3658/4914/6056
f 3658/4914/6056 3645/4897/6039 3646/4899/6041
f 3645/4897/6039 3657/4913/6055 3644/4902/6044
f 3644/4902/6044 3657/4913/6055 3656/4915/6057
f 3644/4902/6044 3656/4915/6057 3643/4904/6046
f 3643/4904/6046 3656/4915/6057 3655/4916/6058
f 3649/4905/6047 3650/4907/6049 3652/4917/6059
f 3652/4917/6059 3650/4907/6049 3651/4918/6060
f 3648/4910/6052 3649/4905/6047 3653/4919/6061
f 3653/4919/6061 3649/4905/6047 3652/4917/6059
f 3653/4919/6061 3654/4920/6062 3648/4910/6052
f 3648/4910/6052 3654/4920/6062 3647/4912/6054
f 3656/4915/6057 3652/4917/6059 3655/4916/6058
f 3655/4916/6058 3652/4917/6059 3651/4918/6060
f 3653/4919/6061 3652/4917/6059 3657/4913/6055
f 3657/4913/6055 3652/4917/6059 3656/4915/6057
f 3653/4919/6061 3657/4913/6055 3654/4920/6062
f 3654/4920/6062 3657/4913/6055 3658/4914/6056
s 72
f 3633/4921/6063 3666/4922/6064 3634/4923/6065
f 3634/4923/6065 3666/4922/6064 3665/4924/6066
s 73
f 3634/4923/6067 3665/4924/6068 3638/4925/6069
f 3638/4925/6069 3665/4924/6068 3664/4926/6070
s 74
f 3667/4927/6071 3666/4922/6072 3642/4928/6073
f 3642/4928/6073 3666/4922/6072 3633/4921/6074
s 70
f 3659/4929/6075 3660/4930/6076 3637/4900/6042
f 3637/4900/6042 3660/4930/6076 3646/4899/6041
f 3661/4931/6077 3658/4914/6056 3660/4930/6076
f 3660/4930/6076 3658/4914/6056 3646/4899/6041
f 3662/4932/6078 3654/4920/6062 3661/4931/6077
f 3661/4931/6077 3654/4920/6062 3658/4914/6056
f 3663/4933/6079 3647/4912/6054 3662/4932/6078
f 3662/4932/6078 3647/4912/6054 3654/4920/6062
f 3664/4934/6080 3639/4911/6053 3663/4933/6079
f 3663/4933/6079 3639/4911/6053 3647/4912/6054
s 73
f 3635/4935/6081 3639/4936/6082 3665/4924/6068
f 3665/4924/6068 3639/4936/6082 3664/4926/6070
s 72
f 3666/4922/6064 3636/4937/6083 3665/4924/6066
f 3665/4924/6066 3636/4937/6083 3635/4935/6084
s 74
f 3636/4937/6085 3666/4922/6072 3641/4938/6086
f 3641/4938/6086 3666/4922/6072 3667/4927/6071
s 70
f 3650/4907/6049 3641/4908/6050 3668/4939/6087
f 3668/4939/6087 3641/4908/6050 3667/4940/6088
f 3651/4918/6060 3650/4907/6049 3669/4941/6089
f 3669/4941/6089 3650/4907/6049 3668/4939/6087
f 3655/4916/6058 3651/4918/6060 3670/4942/6090
f 3670/4942/6090 3651/4918/6060 3669/4941/6089
f 3643/4904/6046 3655/4916/6058 3671/4943/6091
f 3671/4943/6091 3655/4916/6058 3670/4942/6090
f 3640/4903/6045 3643/4904/6046 3672/4944/6092
f 3672/4944/6092 3643/4904/6046 3671/4943/6091
s 75
f 3679/4945/6093 3680/4946/6094 3673/4947/6095
f 3673/4947/6095 3680/4946/6094 3675/4948/6096
f 3673/4947/6095 3674/4949/6097 3679/4945/6093
f 3679/4945/6093 3674/4949/6097 3678/4950/6098
f 3674/4949/6097 3676/4951/6099 3678/4950/6098
f 3678/4950/6098 3676/4951/6099 3677/4952/6100
f 3683/4953/6101 3684/4954/6102 3633/4955/6103
f 3633/4955/6103 3684/4954/6102 3642/4956/6104
f 3683/4953/6101 3633/4955/6103 3682/4957/6105
f 3682/4957/6105 3633/4955/6103 3634/4958/6106
f 3638/4959/6107 3681/4960/6108 3634/4958/6106
f 3634/4958/6106 3681/4960/6108 3682/4957/6105
f 3691/4961/6109 3692/4962/6110 3679/4945/6093
f 3679/4945/6093 3692/4962/6110 3680/4946/6094
f 3679/4945/6093 3678/4950/6098 3691/4961/6109
f 3691/4961/6109 3678/4950/6098 3690/4963/6111
f 3678/4950/6098 3677/4952/6100 3690/4963/6111
f 3690/4963/6111 3677/4952/6100 3689/4964/6112
f 3685/4965/6113 3684/4954/6102 3686/4966/6114
f 3686/4966/6114 3684/4954/6102 3683/4953/6101
f 3686/4966/6114 3683/4953/6101 3687/4967/6115
f 3687/4967/6115 3683/4953/6101 3682/4957/6105
f 3681/4960/6108 3688/4968/6116 3682/4957/6105
f 3682/4957/6105 3688/4968/6116 3687/4967/6115
f 3690/4963/6111 3689/4964/6112 3686/4966/6114
f 3686/4966/6114 3689/4964/6112 3685/4965/6113
f 3690/4963/6111 3686/4966/6114 3691/4961/6109
f 3691/4961/6109 3686/4966/6114 3687/4967/6115
f 3687/4967/6115 3688/4968/6116 3691/4961/6109
f 3691/4961/6109 3688/4968/6116 3692/4962/6110
f 3659/4969/6117 3675/4948/6096 3660/4970/6118
f 3660/4970/6118 3675/4948/6096 3680/4946/6094
f 3661/4971/6119 3660/4970/6118 3692/4962/6110
f 3692/4962/6110 3660/4970/6118 3680/4946/6094
f 3662/4972/6120 3661/4971/6119 3688/4968/6116
f 3688/4968/6116 3661/4971/6119 3692/4962/6110
f 3663/4973/6121 3662/4972/6120 3681/4960/6108
f 3681/4960/6108 3662/4972/6120 3688/4968/6116
f 3664/4974/6122 3663/4973/6121 3638/4959/6107
f 3638/4959/6107 3663/4973/6121 3681/4960/6108
f 3684/4954/6102 3668/4975/6123 3642/4956/6104
f 3642/4956/6104 3668/4975/6123 3667/4976/6124
f 3685/4965/6113 3669/4977/6125 3684/4954/6102
f 3684/4954/6102 3669/4977/6125 3668/4975/6123
f 3689/4964/6112 3670/4978/6126 3685/4965/6113
f 3685/4965/6113 3670/4978/6126 3669/4977/6125
f 3677/4952/6100 3671/4979/6127 3689/4964/6112
f 3689/4964/6112 3671/4979/6127 3670/4978/6126
f 3676/4951/6099 3672/4980/6128 3677/4952/6100
f 3677/4952/6100 3672/4980/6128 3671/4979/6127
s 80
f 3693/4981/6129 3694/4982/6130 3696/4984/6131
f 3696/4984/6131 3694/4982/6130 3697/4983/6132
f 3694/4982/6130 3695/4985/6133 3697/4983/6132
f 3697/4983/6132 3695/4985/6133 3698/4986/6134
f 3696/4984/6131 3697/4983/6132 3699/4988/6135
f 3699/4988/6135 3697/4983/6132 3700/4987/6136
f 3697/4983/6132 3698/4986/6134 3700/4987/6136
f 3700/4987/6136 3698/4986/6134 3701/4989/6137
s 81
f 3702/4990/6138 3705/4991/6139 3703/4993/6140
f 3703/4993/6140 3705/4991/6139 3706/4992/6141
f 3703/4993/6140 3706/4992/6141 3704/4995/6142
f 3704/4995/6142 3706/4992/6141 3707/4994/6143
f 3705/4991/6139 3708/4996/6144 3706/4992/6141
f 3706/4992/6141 3708/4996/6144 3709/4997/6145
f 3706/4992/6141 3709/4997/6145 3707/4994/6143
f 3707/4994/6143 3709/4997/6145 3710/4998/6146
s 82
f 3711/4999/6147 3712/5000/6148 3714/5002/6149
f 3714/5002/6149 3712/5000/6148 3715/5001/6150
f 3712/5000/6148 3713/5003/6151 3715/5001/6150
f 3715/5001/6150 3713/5003/6151 3716/5004/6152
f 3714/5002/6149 3715/5001/6150 3717/5006/6153
f 3717/5006/6153 3715/5001/6150 3718/5005/6154
f 3715/5001/6150 3716/5004/6152 3718/5005/6154
f 3718/5005/6154 3716/5004/6152 3719/5007/6155
s 83
f 3720/5008/6156 3723/5009/6157 3721/5011/6158
f 3721/5011/6158 3723/5009/6157 3724/5010/6159
f 3721/5011/6158 3724/5010/6159 3722/5013/6160
f 3722/5013/6160 3724/5010/6159 3725/5012/6161
f 3723/5009/6157 3726/5014/6162 3724/5010/6159
f 3724/5010/6159 3726/5014/6162 3727/5015/6163
f 3724/5010/6159 3727/5015/6163 3725/5012/6161
f 3725/5012/6161 3727/5015/6163 3728/5016/6164
s 84
f 3729/5017/6165 3732/5018/6166 3730/5020/6167
f 3730/5020/6167 3732/5018/6166 3733/5019/6168
f 3730/5020/6167 3733/5019/6168 3731/5022/6169
f 3731/5022/6169 3733/5019/6168 3734/5021/6170
f 3732/5018/6166 3735/5023/6171 3733/5019/6168
f 3733/5019/6168 3735/5023/6171 3736/5024/6172
f 3733/5019/6168 3736/5024/6172 3734/5021/6170
f 3734/5021/6170 3736/5024/6172 3737/5025/6173
s 85
f 3738/5026/6174 3739/5027/6175 3741/5029/6176
f 3741/5029/6176 3739/5027/6175 3742/5028/6177
f 3739/5027/6175 3740/5030/6178 3742/5028/6177
f 3742/5028/6177 3740/5030/6178 3743/5031/6179
f 3741/5029/6176 3742/5028/6177 3744/5033/6180
f 3744/5033/6180 3742/5028/6177 3745/5032/6181
f 3742/5028/6177 3743/5031/6179 3745/5032/6181
f 3745/5032/6181 3743/5031/6179 3746/5034/6182
s 86
f 3747/5035/6183 3748/5036/6184 3750/5038/6185
f 3750/5038/6185 3748/5036/6184 3751/5037/6186
f 3748/5036/6184 3749/5039/6187 3751/5037/6186
f 3751/5037/6186 3749/5039/6187 3752/5040/6188
f 3750/5038/6185 3751/5037/6186 3753/5042/6189
f 3753/5042/6189 3751/5037/6186 3754/5041/6190
f 3751/5037/6186 3752/5040/6188 3754/5041/6190
f 3754/5041/6190 3752/5040/6188 3755/5043/6191
s 87
f 3756/5044/6192 3759/5045/6193 3757/5047/6194
f 3757/5047/6194 3759/5045/6193 3760/5046/6195
f 3757/5047/6194 3760/5046/6195 3758/5049/6196
f 3758/5049/6196 3760/5046/6195 3761/5048/6197
f 3759/5045/6193 3762/5050/6198 3760/5046/6195
f 3760/5046/6195 3762/5050/6198 3763/5051/6199
f 3760/5046/6195 3763/5051/6199 3761/5048/6197
f 3761/5048/6197 3763/5051/6199 3764/5052/6200
g default
v -43.979412 43.914230 18.732080
v -38.871689 38.211838 18.732080
v -51.387512 37.385284 18.273682
v -46.279785 31.682892 18.273682
v -47.891327 40.466553 18.971573
v -42.783604 34.764160 18.971573
v -51.387512 37.385284 17.392944
v -46.279785 31.682892 17.392944
v -42.783604 34.764160 17.392944
v -38.871689 38.211838 17.392944
v -43.979412 43.914230 17.392944
v -43.979412 43.914230 16.053808
v -38.871689 38.211838 16.053808
v -51.387512 37.385284 16.512207
v -46.279785 31.682892 16.512207
v -47.891327 40.466553 15.814317
v -42.783604 34.764160 15.814317
v -51.387512 37.385284 17.392944
v -46.279785 31.682892 17.392944
v -42.783604 34.764160 17.392944
v -38.871689 38.211838 17.392944
v -43.979412 43.914230 17.392944
v -40.091438 48.186279 18.888159
v -40.783863 47.576019 21.473110
v -43.769852 44.944397 24.459995
v -47.848789 41.349518 25.553268
v -42.991646 51.477020 18.888159
v -43.684071 50.866760 21.473110
v -46.670059 48.235138 24.459995
v -50.748993 44.640259 25.553268
v -40.658722 47.686310 18.709122
v -43.558929 50.977051 18.709122
v -41.281342 47.137573 20.984550
v -44.181549 50.428314 20.984550
v -44.027096 44.717682 23.694443
v -46.927303 48.008423 23.694443
v -47.848789 41.349518 24.710073
v -50.748993 44.640259 24.710073
v -55.606140 34.512756 18.888159
v -54.913712 35.123016 21.473110
v -51.927719 37.754639 24.459995
v -58.506348 37.803497 18.888159
v -57.813919 38.413757 21.473110
v -54.827927 41.045380 24.459995
v -55.038849 35.012726 18.709122
v -57.939056 38.303467 18.709122
v -54.416229 35.561462 20.984550
v -57.316437 38.852203 20.984550
v -51.670486 37.981354 23.694443
v -54.570694 41.272095 23.694443
v -58.919342 32.313889 23.579857
v -54.391571 36.304337 28.108986
v -61.104111 34.792847 23.579857
v -56.576340 38.783295 28.108986
v -60.472816 30.944778 25.105476
v -62.657585 33.423737 25.105476
v -55.194870 35.596375 30.499561
v -57.379639 38.075317 30.499561
v -50.062031 40.120071 29.269428
v -50.303020 39.907684 31.829720
v -52.487793 42.386642 31.829720
v -52.246796 42.599030 29.269428
v -60.079437 31.291473 19.249023
v -61.873772 29.710083 19.706709
v -64.058540 32.189026 19.706709
v -62.264206 33.770432 19.249023
v -58.919342 32.313889 11.206032
v -54.391571 36.304337 6.676902
v -61.104111 34.792847 11.206032
v -56.576340 38.783295 6.676902
v -60.472816 30.944778 9.680413
v -62.657585 33.423737 9.680413
v -55.194870 35.596375 4.286326
v -57.379639 38.075317 4.286326
v -50.062031 40.120071 5.516461
v -50.303020 39.907684 2.956168
v -52.487793 42.386642 2.956168
v -52.246796 42.599030 5.516461
v -60.079437 31.291473 15.536864
v -61.873772 29.710083 15.079179
v -64.058540 32.189026 15.079179
v -62.264206 33.770432 15.536864
v -37.493679 51.196899 11.206032
v -42.021450 47.206451 6.676902
v -39.678448 53.675842 11.206032
v -44.206219 49.685410 6.676902
v -35.940201 52.566010 9.680413
v -38.124969 55.044968 9.680413
v -41.218147 47.914413 4.286326
v -43.402916 50.393372 4.286326
v -46.350986 43.390717 5.516461
v -46.109993 43.603104 2.956168
v -48.294762 46.082062 2.956168
v -48.535755 45.869675 5.516461
v -36.333584 52.219315 15.536864
v -34.539246 53.800705 15.079179
v -36.724014 56.279663 15.079179
v -38.518353 54.698273 15.536864
v -37.493679 51.196899 23.579857
v -42.021450 47.206451 28.108986
v -39.678448 53.675842 23.579857
v -44.206219 49.685410 28.108986
v -35.940201 52.566010 25.105476
v -38.124969 55.044968 25.105476
v -41.218147 47.914413 30.499561
v -43.402916 50.393372 30.499561
v -46.350986 43.390717 29.269428
v -46.109993 43.603104 31.829720
v -48.294762 46.082062 31.829720
v -48.535755 45.869675 29.269428
v -36.333584 52.219315 19.249023
v -34.539246 53.800705 19.706709
v -36.724014 56.279663 19.706709
v -38.518353 54.698273 19.249023
v -40.091438 48.186279 15.897730
v -40.783863 47.576019 13.312778
v -43.769852 44.944397 10.325894
v -47.848789 41.349518 9.232620
v -42.991646 51.477020 15.897730
v -43.684071 50.866760 13.312778
v -46.670059 48.235138 10.325894
v -50.748993 44.640259 9.232620
v -40.658722 47.686310 16.076767
v -43.558929 50.977051 16.076767
v -41.281342 47.137573 13.801338
v -44.181549 50.428314 13.801338
v -44.027096 44.717682 11.091446
v -46.927303 48.008423 11.091446
v -47.848789 41.349518 10.075815
v -50.748993 44.640259 10.075815
v -55.606140 34.512756 15.897730
v -54.913712 35.123016 13.312778
v -51.927719 37.754639 10.325894
v -58.506348 37.803497 15.897730
v -57.813919 38.413757 13.312778
v -54.827927 41.045380 10.325894
v -55.038849 35.012726 16.076767
v -57.939056 38.303467 16.076767
v -54.416229 35.561462 13.801338
v -57.316437 38.852203 13.801338
v -51.670486 37.981354 11.091446
v -54.570694 41.272095 11.091446
v -53.094498 35.789612 20.690798
v -50.681023 37.916672 23.104996
v -47.384155 40.822296 23.988655
v -44.087284 43.727905 23.104996
v -41.673813 45.854965 20.690798
v -40.790417 46.633530 17.392942
v -41.673813 45.854965 14.095088
v -44.087284 43.727905 11.680889
v -47.384155 40.822296 10.797233
v -50.681023 37.916672 11.680889
v -53.094498 35.789612 14.095088
v -53.977890 35.011063 17.392942
v -56.924026 40.134811 20.690798
v -54.510551 42.261871 23.104996
v -51.213684 45.167496 23.988655
v -47.916813 48.073105 23.104996
v -45.503342 50.200165 20.690798
v -44.619946 50.978729 17.392942
v -45.503342 50.200165 14.095088
v -47.916813 48.073105 11.680889
v -51.213684 45.167496 10.797233
v -54.510551 42.261871 11.680889
v -56.924026 40.134811 14.095088
v -57.807419 39.356262 17.392942
v -53.094498 35.789612 17.392942
v -50.681023 37.916672 17.392942
v -47.384155 40.822296 17.392942
v -44.087284 43.727905 17.392942
v -41.673813 45.854965 17.392942
v -56.924026 40.134811 17.392942
v -54.510551 42.261871 17.392942
v -51.213684 45.167496 17.392942
v -47.916813 48.073105 17.392942
v -45.503342 50.200165 17.392942
v -32.983078 30.532440 16.644768
v -39.460243 37.876389 16.644768
v -42.295914 35.377258 16.510803
v -35.848381 28.007156 16.510803
v -45.827133 32.265137 17.392942
v -39.346001 24.924591 17.392942
v -39.460243 37.876389 17.392942
v -32.983078 30.532440 17.392942
v -9.728908 5.672348 16.644768
v -12.547496 2.795189 16.510803
v -15.616572 -0.334427 17.392942
v -9.728908 5.672348 17.392942
v -32.983078 30.532440 18.141117
v -39.460243 37.876389 18.141117
v -42.295914 35.377258 18.275082
v -35.848381 28.007156 18.275082
v -9.728908 5.672348 18.141117
v -12.547496 2.795189 18.275082
v -75.361694 72.567123 20.726986
v -76.504532 72.294632 20.726986
v -78.539108 73.181061 20.726986
v -77.055298 74.488785 20.726986
v -80.174576 74.203110 20.726986
v -79.940796 75.359955 20.726986
v -81.969223 74.523071 20.726986
v -81.995575 75.926056 20.610632
v -84.070465 74.120407 20.606773
v -85.363846 77.884415 19.783770
v -78.268967 75.865875 20.726986
v -78.748886 76.410416 20.726986
v -73.922668 70.934326 19.059965
v -76.680847 70.300949 19.059965
v -78.715408 71.187378 19.059965
v -80.350876 72.209427 19.059965
v -82.097137 72.762192 19.059965
v -83.900261 72.812439 19.059965
v -85.133469 73.160553 19.001789
v -86.355392 77.096985 18.581102
v -85.363846 77.884415 18.588358
v -81.995575 75.926056 19.001789
v -79.940796 75.359955 19.059965
v -78.748886 76.410416 19.059965
v -78.995300 70.940704 17.392944
v -80.630768 71.962753 17.392944
v -82.377029 72.515518 17.392944
v -84.180161 72.565765 17.392944
v -85.413361 72.913879 17.392944
v -86.635284 76.850311 17.392944
v -85.363846 77.884415 17.392944
v -81.995575 75.926056 17.392944
v -79.940796 75.359955 17.392944
v -78.748886 76.410416 17.392944
v -74.947754 73.666672 20.726986
v -75.571495 75.796509 20.726986
v -76.379929 77.547440 20.726986
v -77.556976 77.460876 20.726986
v -76.471848 79.368057 20.726986
v -77.860382 79.570496 20.610632
v -75.808327 81.402054 20.606773
v -79.379974 83.158157 19.783770
v -72.947739 73.591034 19.059965
v -73.571465 75.720871 19.059965
v -74.379898 77.471802 19.059965
v -74.708847 79.273682 19.059965
v -74.532120 81.068848 19.059965
v -74.722504 82.335999 19.001789
v -78.474197 84.042892 18.581102
v -79.379974 83.158157 18.588358
v -77.860382 79.570496 19.001789
v -77.556976 77.460876 19.059965
v -73.291573 75.967560 17.392944
v -74.100006 77.718491 17.392944
v -74.428955 79.520370 17.392944
v -74.252228 81.315521 17.392944
v -74.442612 82.582672 17.392944
v -78.194305 84.289581 17.392944
v -79.379974 83.158157 17.392944
v -77.860382 79.570496 17.392944
v -77.556976 77.460876 17.392944
v -79.298706 83.781372 17.392944
v -79.747101 83.386185 19.509375
v -80.972115 82.306549 20.349335
v -84.318909 79.356934 20.349335
v -85.543922 78.277298 19.509375
v -85.992310 77.882111 17.392944
v -82.581146 84.205551 17.392944
v -82.810211 84.003662 18.252846
v -83.436028 83.452118 18.814373
v -85.145798 81.945251 18.814373
v -85.771606 81.393707 18.252846
v -86.000671 81.191818 17.392944
v -84.290909 82.698685 17.392944
v -82.035980 83.027481 19.879406
v -80.987503 83.951538 19.084848
v -80.603729 84.289764 17.392944
v -86.332703 79.240662 17.392944
v -85.948936 79.578888 19.084850
v -84.900459 80.502945 19.879406
v -78.936676 83.370575 17.392944
v -77.781021 81.155350 19.509375
v -77.075493 77.885223 20.349335
v -80.422287 74.935608 20.349335
v -83.577843 76.046463 19.509375
v -85.630280 77.471344 17.392944
v -75.361694 72.567123 14.058904
v -76.504532 72.294632 14.058904
v -78.539108 73.181061 14.058904
v -77.055298 74.488785 14.058904
v -80.174576 74.203110 14.058904
v -79.940796 75.359955 14.058904
v -81.969223 74.523071 14.058904
v -81.995575 75.926056 14.175257
v -84.070465 74.120407 14.179116
v -85.363846 77.884415 15.002119
v -78.268967 75.865875 14.058904
v -78.748886 76.410416 14.058904
v -73.922668 70.934326 15.725924
v -76.680847 70.300949 15.725924
v -78.715408 71.187378 15.725924
v -80.350876 72.209427 15.725924
v -82.097137 72.762192 15.725924
v -83.900261 72.812439 15.725924
v -85.133469 73.160553 15.784101
v -86.355392 77.096985 16.204786
v -85.363846 77.884415 16.197531
v -81.995575 75.926056 15.784101
v -79.940796 75.359955 15.725924
v -78.748886 76.410416 15.725924
v -74.947754 73.666672 14.058904
v -75.571495 75.796509 14.058904
v -76.379929 77.547440 14.058904
v -77.556976 77.460876 14.058904
v -76.471848 79.368057 14.058904
v -77.860382 79.570496 14.175257
v -75.808327 81.402054 14.179116
v -79.379974 83.158157 15.002119
v -72.947739 73.591034 15.725924
v -73.571465 75.720871 15.725924
v -74.379898 77.471802 15.725924
v -74.708847 79.273682 15.725924
v -74.532120 81.068848 15.725924
v -74.722504 82.335999 15.784101
v -78.474197 84.042892 16.204786
v -79.379974 83.158157 16.197531
v -77.860382 79.570496 15.784101
v -77.556976 77.460876 15.725924
v -79.747101 83.386185 15.276514
v -80.972115 82.306549 14.436554
v -84.318909 79.356934 14.436554
v -85.543922 78.277298 15.276514
v -82.810211 84.003662 16.533043
v -83.436028 83.452118 15.971515
v -85.145798 81.945251 15.971515
v -85.771606 81.393707 16.533043
v -82.035980 83.027481 14.906483
v -80.987503 83.951538 15.701040
v -85.948936 79.578888 15.701039
v -84.900459 80.502945 14.906482
v -77.781021 81.155350 15.276514
v -77.075493 77.885223 14.436554
v -80.422287 74.935608 14.436554
v -83.577843 76.046463 15.276514
v -47.621571 48.181732 17.392944
v -48.092743 47.766464 15.683192
v -49.380024 46.631958 14.431568
v -51.138489 45.082184 13.973440
v -52.896942 43.532394 14.431568
v -54.184219 42.397888 15.683192
v -54.655396 41.982635 17.392944
v -73.906128 77.253479 17.392944
v -73.970840 76.477783 15.860191
v -74.564720 74.831787 14.738140
v -75.260284 72.452057 14.327439
v -77.708557 72.061035 14.738140
v -79.416122 71.678711 15.860191
v -80.193794 71.711975 17.392944
v -74.875320 64.925232 17.392944
v -74.404152 65.340485 15.683192
v -73.116875 66.475006 14.431568
v -71.358414 68.024780 13.973440
v -69.599960 69.574554 14.431568
v -68.312675 70.709076 15.683192
v -67.841507 71.124329 17.392944
v -63.264587 51.751068 17.392944
v -62.793404 52.166321 15.683192
v -61.506126 53.300842 14.431568
v -59.747665 54.850616 13.973440
v -57.989212 56.400391 14.431568
v -56.701927 57.534912 15.683192
v -56.230751 57.950165 17.392944
v -74.204163 71.253723 14.239403
v -72.582474 72.682953 14.661897
v -71.395325 73.729233 15.816174
v -70.960785 74.112198 17.392944
v -77.447540 68.395248 17.392944
v -77.013016 68.778214 15.816174
v -75.825851 69.824493 14.661897
v -69.806412 62.955124 14.628993
v -64.582108 57.027344 14.628993
v -62.940887 58.473801 14.201407
v -68.165176 64.401581 14.201407
v -61.299652 59.920258 14.628993
v -66.523941 65.848053 14.628993
v -60.098190 60.979141 15.797175
v -65.322487 66.906921 15.797175
v -59.658424 61.366714 17.392944
v -64.882721 67.294495 17.392944
v -66.223343 55.580887 17.392944
v -71.447639 61.508667 17.392944
v -65.783569 55.968460 15.797175
v -71.007866 61.896240 15.797175
v -60.652390 49.535522 17.392944
v -60.230949 49.906952 15.863667
v -59.079552 50.921707 14.744158
v -57.506714 52.307892 14.334388
v -55.933868 53.694077 14.744158
v -54.782455 54.708847 15.863667
v -54.361023 55.080261 17.392944
v -48.092743 47.766464 19.102695
v -49.380024 46.631958 20.354321
v -51.138489 45.082184 20.812449
v -52.896942 43.532394 20.354321
v -54.184219 42.397888 19.102695
v -73.970840 76.477783 18.925697
v -74.564720 74.831787 20.047749
v -75.260284 72.452057 20.458450
v -77.708557 72.061035 20.047749
v -79.416122 71.678711 18.925697
v -74.404152 65.340485 19.102695
v -73.116875 66.475006 20.354321
v -71.358414 68.024780 20.812449
v -69.599960 69.574554 20.354321
v -68.312675 70.709076 19.102695
v -62.793404 52.166321 19.102695
v -61.506126 53.300842 20.354321
v -59.747665 54.850616 20.812449
v -57.989212 56.400391 20.354321
v -56.701927 57.534912 19.102695
v -74.204163 71.253723 20.546486
v -72.582474 72.682953 20.123993
v -71.395325 73.729233 18.969715
v -77.013016 68.778214 18.969715
v -75.825851 69.824493 20.123993
v -69.806412 62.955124 20.156895
v -64.582108 57.027344 20.156895
v -62.940887 58.473801 20.584482
v -68.165176 64.401581 20.584482
v -61.299652 59.920258 20.156895
v -66.523941 65.848053 20.156895
v -60.098190 60.979141 18.988712
v -65.322487 66.906921 18.988712
v -65.783569 55.968460 18.988712
v -71.007866 61.896240 18.988712
v -60.230949 49.906952 18.922222
v -59.079552 50.921707 20.041731
v -57.506714 52.307892 20.451500
v -55.933868 53.694077 20.041731
v -54.782455 54.708847 18.922222
v -55.601044 41.300766 20.068998
v -53.746727 42.935013 22.028021
v -51.213699 45.167435 22.745071
v -48.680676 47.399857 22.028021
v -46.826363 49.034119 20.068998
v -46.147652 49.632278 17.392925
v -46.826363 49.034119 14.716850
v -48.680676 47.399857 12.757828
v -51.213699 45.167435 12.040777
v -53.746727 42.935013 12.757828
v -55.601044 41.300766 14.716850
v -56.279755 40.702591 17.392925
v -55.729065 41.691452 19.997202
v -53.926193 43.280365 21.903666
v -51.463470 45.450836 22.601479
v -49.000721 47.621323 21.903666
v -47.197868 49.210220 19.997202
v -46.537975 49.791809 17.392925
v -47.197868 49.210220 14.788647
v -49.000721 47.621323 12.882183
v -51.463470 45.450836 12.184369
v -53.926193 43.280365 12.882183
v -55.729065 41.691452 14.788647
v -56.388954 41.109879 17.392925
v -54.939102 41.884140 19.561300
v -53.380417 43.257843 21.191914
v -53.699203 43.480438 21.306185
v -55.307434 42.063049 19.626369
v -51.213699 45.167435 21.801815
v -51.463470 45.450836 21.934551
v -49.046982 47.077026 21.191914
v -49.227726 47.421265 21.306185
v -47.488304 48.450729 19.561300
v -47.619503 48.838623 19.626369
v -46.929401 48.943298 17.392925
v -47.042885 49.346817 17.392925
v -47.488304 48.450729 15.224548
v -47.619503 48.838623 15.159479
v -49.046982 47.077026 13.593935
v -49.227726 47.421265 13.479664
v -51.213699 45.167435 12.984034
v -51.463470 45.450836 12.851297
v -53.380417 43.257843 13.593935
v -53.699203 43.480438 13.479664
v -54.939102 41.884140 15.224548
v -55.307434 42.063049 15.159479
v -55.498009 41.391571 17.392925
v -55.884048 41.554871 17.392925
v -42.996784 44.688995 20.068998
v -44.851097 43.054749 22.028021
v -47.384121 40.822327 22.745071
v -49.917149 38.589905 22.028021
v -51.771461 36.955643 20.068998
v -52.450172 36.357483 17.392925
v -51.771461 36.955643 14.716850
v -49.917149 38.589905 12.757828
v -47.384121 40.822327 12.040777
v -44.851097 43.054749 12.757828
v -42.996784 44.688995 14.716850
v -42.318066 45.287170 17.392925
v -42.868748 44.298309 19.997202
v -44.671619 42.709381 21.903666
v -47.134350 40.538910 22.601479
v -49.597095 38.368439 21.903666
v -51.399948 36.779541 19.997202
v -52.059845 36.197952 17.392925
v -51.399948 36.779541 14.788647
v -49.597095 38.368439 12.882183
v -47.134350 40.538910 12.184369
v -44.671619 42.709381 12.882183
v -42.868748 44.298309 14.788647
v -42.208862 44.879883 17.392925
v -43.658718 44.105621 19.561300
v -45.217403 42.731903 21.191914
v -44.898617 42.509338 21.306185
v -43.290386 43.926712 19.626369
v -47.384121 40.822327 21.801815
v -47.134350 40.538910 21.934551
v -49.550842 38.912735 21.191914
v -49.370090 38.568497 21.306185
v -51.109520 37.539032 19.561300
v -50.978317 37.151123 19.626369
v -51.668427 37.046448 17.392925
v -51.554932 36.642944 17.392925
v -51.109520 37.539032 15.224548
v -50.978317 37.151123 15.159479
v -49.550842 38.912735 13.593935
v -49.370090 38.568497 13.479664
v -47.384121 40.822327 12.984034
v -47.134350 40.538910 12.851297
v -45.217403 42.731903 13.593935
v -44.898617 42.509338 13.479664
v -43.658718 44.105621 15.224548
v -43.290386 43.926712 15.159479
v -43.099815 44.598190 17.392925
v -42.713768 44.434891 17.392925
v 18.702114 -58.357780 16.510803
v 14.948645 -57.355179 17.392942
v 17.103401 -70.222816 17.392942
v 21.631763 -59.140331 16.644768
v 19.229088 -73.540466 17.392942
v 27.983576 -30.834238 16.644768
v 24.789423 -30.402481 16.510803
v 20.467119 -29.669468 17.392942
v 20.180920 -67.120888 16.802816
v 27.983576 -30.834238 17.392942
v 21.631763 -59.140331 17.392942
v 14.999410 -62.118450 17.392942
v 15.735925 -65.775047 17.392942
v 18.799053 -62.990028 16.609034
v 20.180931 -67.120918 17.392942
v 47.878105 38.027851 16.644768
v 38.802849 7.927989 16.644768
v 34.985977 8.847940 16.510803
v 43.996937 39.104431 16.510803
v 30.831779 9.846398 17.392942
v 39.773689 40.278263 17.392942
v 47.878105 38.027851 17.392942
v 38.802849 7.927989 17.392942
v 18.702114 -58.357780 18.275082
v 21.631763 -59.140331 18.141117
v 27.983576 -30.834238 18.141117
v 24.789423 -30.402481 18.275082
v 20.180920 -67.120888 17.983068
v 18.799053 -62.990028 18.176851
v 47.878105 38.027851 18.141117
v 38.802849 7.927989 18.141117
v 34.985977 8.847940 18.275082
v 43.996937 39.104431 18.275082
vt 0.514089 0.436454
vt 0.500008 0.436778
vt 0.498538 0.352552
vt 0.512605 0.352267
vt 0.394653 0.437798
vt 0.385390 0.437695
vt 0.385875 0.353962
vt 0.396450 0.354061
vt 0.444389 0.438030
vt 0.444389 0.355144
vt 0.396325 0.344655
vt 0.444210 0.338823
vt 0.498286 0.338157
vt 0.514089 0.436454
vt 0.512605 0.352267
vt 0.498538 0.352552
vt 0.500008 0.436778
vt 0.394653 0.437798
vt 0.396450 0.354061
vt 0.385875 0.353962
vt 0.385390 0.437695
vt 0.444389 0.355144
vt 0.444389 0.438030
vt 0.444210 0.338823
vt 0.396325 0.344655
vt 0.498286 0.338157
vt 0.868881 0.984365
vt 0.826025 0.984365
vt 0.826025 0.958422
vt 0.868881 0.958422
vt 0.826025 0.909644
vt 0.868881 0.909644
vt 0.826025 0.854007
vt 0.868881 0.854008
vt 0.759276 0.981218
vt 0.761046 0.952856
vt 0.807357 0.952795
vt 0.807567 0.982229
vt 0.760794 0.900188
vt 0.807861 0.900272
vt 0.760761 0.841489
vt 0.808068 0.841531
vt 0.751761 0.978992
vt 0.752551 0.951799
vt 0.814799 0.951978
vt 0.814764 0.980725
vt 0.752053 0.900127
vt 0.815563 0.900286
vt 0.752044 0.841481
vt 0.815743 0.841539
vt 0.807242 0.990595
vt 0.759146 0.989584
vt 0.868881 0.726930
vt 0.868881 0.749593
vt 0.826025 0.749593
vt 0.826025 0.726930
vt 0.868881 0.798370
vt 0.826025 0.798370
vt 0.759525 0.704526
vt 0.807461 0.704356
vt 0.807555 0.730266
vt 0.761244 0.730122
vt 0.807965 0.782790
vt 0.760898 0.782790
vt 0.752747 0.731164
vt 0.751781 0.706737
vt 0.816101 0.705816
vt 0.814995 0.731098
vt 0.752158 0.782836
vt 0.815667 0.782792
vt 0.759410 0.696160
vt 0.807151 0.695236
vt 0.679066 0.887188
vt 0.678554 0.796703
vt 0.713505 0.796514
vt 0.713505 0.887170
vt 0.677633 0.730168
vt 0.714777 0.730705
vt 0.918168 0.928001
vt 0.886125 0.928001
vt 0.886125 0.865111
vt 0.918168 0.865111
vt 0.886125 0.816050
vt 0.918168 0.816050
vt 0.652352 0.885749
vt 0.651665 0.798256
vt 0.740461 0.798153
vt 0.740241 0.885207
vt 0.649581 0.734571
vt 0.742791 0.735030
vt 0.678165 0.943292
vt 0.651640 0.939007
vt 0.715936 0.942214
vt 0.742258 0.937624
vt 0.918168 0.966328
vt 0.886125 0.966328
vt 0.886125 0.986624
vt 0.918168 0.986624
vt 0.918168 0.797589
vt 0.886125 0.797589
vt 0.679066 0.887188
vt 0.713505 0.887170
vt 0.713505 0.796514
vt 0.678554 0.796703
vt 0.714777 0.730705
vt 0.677633 0.730168
vt 0.918168 0.928001
vt 0.918168 0.865111
vt 0.886125 0.865111
vt 0.886125 0.928001
vt 0.918168 0.816050
vt 0.886125 0.816050
vt 0.652352 0.885749
vt 0.651665 0.798256
vt 0.740461 0.798153
vt 0.740241 0.885207
vt 0.649581 0.734571
vt 0.742791 0.735030
vt 0.678165 0.943292
vt 0.651640 0.939007
vt 0.715936 0.942214
vt 0.742258 0.937624
vt 0.918168 0.966328
vt 0.886125 0.966328
vt 0.886125 0.986624
vt 0.918168 0.986624
vt 0.918168 0.797589
vt 0.886125 0.797589
vt 0.679066 0.887188
vt 0.678554 0.796703
vt 0.713505 0.796514
vt 0.713505 0.887170
vt 0.677633 0.730168
vt 0.714777 0.730705
vt 0.918168 0.928001
vt 0.886125 0.928001
vt 0.886125 0.865111
vt 0.918168 0.865111
vt 0.886125 0.816050
vt 0.918168 0.816050
vt 0.652352 0.885749
vt 0.651665 0.798256
vt 0.740461 0.798153
vt 0.740241 0.885207
vt 0.649581 0.734571
vt 0.742791 0.735030
vt 0.678165 0.943292
vt 0.651640 0.939007
vt 0.715936 0.942214
vt 0.742258 0.937624
vt 0.918168 0.966328
vt 0.886125 0.966328
vt 0.886125 0.986624
vt 0.918168 0.986624
vt 0.918168 0.797589
vt 0.886125 0.797589
vt 0.679066 0.887188
vt 0.713505 0.887170
vt 0.713505 0.796514
vt 0.678554 0.796703
vt 0.714777 0.730705
vt 0.677633 0.730168
vt 0.918168 0.928001
vt 0.918168 0.865111
vt 0.886125 0.865111
vt 0.886125 0.928001
vt 0.918168 0.816050
vt 0.886125 0.816050
vt 0.652352 0.885749
vt 0.651665 0.798256
vt 0.740461 0.798153
vt 0.740241 0.885207
vt 0.649581 0.734571
vt 0.742791 0.735030
vt 0.678165 0.943292
vt 0.651640 0.939007
vt 0.715936 0.942214
vt 0.742258 0.937624
vt 0.918168 0.966328
vt 0.886125 0.966328
vt 0.886125 0.986624
vt 0.918168 0.986624
vt 0.918168 0.797589
vt 0.886125 0.797589
vt 0.868881 0.984365
vt 0.826025 0.984365
vt 0.826025 0.958422
vt 0.868881 0.958422
vt 0.826025 0.909644
vt 0.868881 0.909644
vt 0.826025 0.854007
vt 0.868881 0.854008
vt 0.759276 0.981218
vt 0.761046 0.952856
vt 0.807357 0.952795
vt 0.807567 0.982229
vt 0.760794 0.900188
vt 0.807861 0.900272
vt 0.760761 0.841489
vt 0.808068 0.841531
vt 0.751761 0.978992
vt 0.752551 0.951799
vt 0.814799 0.951978
vt 0.814764 0.980725
vt 0.752053 0.900127
vt 0.815563 0.900286
vt 0.752044 0.841481
vt 0.815743 0.841539
vt 0.807242 0.990595
vt 0.759146 0.989584
vt 0.868881 0.726930
vt 0.868881 0.749593
vt 0.826025 0.749593
vt 0.826025 0.726930
vt 0.868881 0.798370
vt 0.826025 0.798370
vt 0.759525 0.704526
vt 0.807461 0.704356
vt 0.807555 0.730266
vt 0.761244 0.730122
vt 0.807965 0.782790
vt 0.760898 0.782790
vt 0.752747 0.731164
vt 0.751781 0.706737
vt 0.816101 0.705816
vt 0.814995 0.731098
vt 0.752158 0.782836
vt 0.815667 0.782792
vt 0.759410 0.696160
vt 0.807151 0.695236
vt 0.991123 0.547926
vt 0.991123 0.587786
vt 0.933724 0.587786
vt 0.933724 0.547926
vt 0.991123 0.632209
vt 0.933724 0.632209
vt 0.991123 0.676631
vt 0.933724 0.676631
vt 0.991123 0.716491
vt 0.933724 0.716491
vt 0.991123 0.751195
vt 0.933724 0.751195
vt 0.991123 0.785898
vt 0.933724 0.785898
vt 0.991123 0.825758
vt 0.933724 0.825758
vt 0.991123 0.870181
vt 0.933724 0.870181
vt 0.991123 0.914603
vt 0.933724 0.914603
vt 0.991123 0.954463
vt 0.933724 0.954464
vt 0.991123 0.989167
vt 0.933724 0.989167
vt 0.991123 0.513223
vt 0.933724 0.513223
vt 0.612325 0.890287
vt 0.583193 0.929107
vt 0.543398 0.929107
vt 0.543398 0.890287
vt 0.622988 0.837259
vt 0.543398 0.837259
vt 0.612325 0.785201
vt 0.543398 0.785201
vt 0.583193 0.747741
vt 0.543398 0.747741
vt 0.543398 0.733532
vt 0.503603 0.747741
vt 0.474471 0.785201
vt 0.463808 0.837259
vt 0.474471 0.890287
vt 0.503603 0.929107
vt 0.543398 0.942458
vt 0.503598 0.929092
vt 0.474466 0.890273
vt 0.543393 0.890273
vt 0.543393 0.929092
vt 0.463803 0.837244
vt 0.543393 0.837244
vt 0.474466 0.785187
vt 0.543393 0.785187
vt 0.503598 0.747727
vt 0.543393 0.747727
vt 0.543393 0.733518
vt 0.583188 0.747727
vt 0.612320 0.785187
vt 0.622983 0.837244
vt 0.612320 0.890273
vt 0.583188 0.929092
vt 0.543393 0.942444
vt 0.058005 0.927139
vt 0.081370 0.927614
vt 0.080199 0.987476
vt 0.057101 0.987128
vt 0.110377 0.928207
vt 0.109455 0.987963
vt 0.053430 0.927134
vt 0.052529 0.987067
vt 0.056755 0.718836
vt 0.052181 0.718895
vt 0.081370 0.717703
vt 0.108684 0.716480
vt 0.058005 0.927139
vt 0.057101 0.987128
vt 0.080199 0.987476
vt 0.081370 0.927614
vt 0.109455 0.987963
vt 0.110377 0.928207
vt 0.053430 0.927134
vt 0.052529 0.987067
vt 0.056755 0.718836
vt 0.052181 0.718895
vt 0.081370 0.717703
vt 0.108684 0.716480
vt 0.336947 0.766565
vt 0.336947 0.793184
vt 0.358313 0.792549
vt 0.347632 0.772102
vt 0.354589 0.819708
vt 0.366537 0.839474
vt 0.376521 0.827236
vt 0.364954 0.811793
vt 0.385232 0.879752
vt 0.394734 0.838578
vt 0.336947 0.812566
vt 0.336947 0.820289
vt 0.336325 0.740059
vt 0.365205 0.753638
vt 0.378010 0.775201
vt 0.386885 0.792722
vt 0.397236 0.809821
vt 0.409633 0.825437
vt 0.416835 0.837995
vt 0.404567 0.881711
vt 0.416058 0.972074
vt 0.429620 0.972151
vt 0.416057 0.959270
vt 0.374325 0.967645
vt 0.374325 0.950413
vt 0.351496 0.967022
vt 0.351496 0.949167
vt 0.334479 0.967022
vt 0.334479 0.949167
vt 0.403131 0.785424
vt 0.394789 0.768858
vt 0.413401 0.801991
vt 0.425196 0.818256
vt 0.432207 0.830417
vt 0.417123 0.884824
vt 0.433398 0.843415
vt 0.416058 0.984878
vt 0.433612 0.984879
vt 0.374325 0.984878
vt 0.351496 0.984878
vt 0.334479 0.984878
vt 0.326261 0.772102
vt 0.315580 0.792549
vt 0.319304 0.819708
vt 0.308939 0.811793
vt 0.297372 0.827236
vt 0.307356 0.839474
vt 0.279159 0.838578
vt 0.288661 0.879752
vt 0.307445 0.753638
vt 0.294640 0.775201
vt 0.287008 0.792722
vt 0.276657 0.809821
vt 0.264260 0.825437
vt 0.257058 0.837995
vt 0.269327 0.881711
vt 0.252901 0.972074
vt 0.252901 0.959269
vt 0.239339 0.972151
vt 0.294633 0.967645
vt 0.294633 0.950413
vt 0.317462 0.967022
vt 0.317462 0.949167
vt 0.277860 0.768858
vt 0.269935 0.785424
vt 0.259666 0.801991
vt 0.247870 0.818256
vt 0.240860 0.830417
vt 0.239961 0.843601
vt 0.256315 0.884824
vt 0.235347 0.984879
vt 0.252901 0.984878
vt 0.294633 0.984878
vt 0.317462 0.984878
vt 0.382416 0.519521
vt 0.391903 0.533535
vt 0.407813 0.524785
vt 0.403413 0.510774
vt 0.424035 0.522483
vt 0.421162 0.508228
vt 0.463597 0.523319
vt 0.466916 0.509215
vt 0.479767 0.525928
vt 0.484548 0.511971
vt 0.495300 0.535197
vt 0.505256 0.521372
vt 0.250799 0.941863
vt 0.336447 0.941863
vt 0.262273 0.909699
vt 0.293622 0.888695
vt 0.379270 0.888696
vt 0.410620 0.909699
vt 0.422094 0.941863
vt 0.456638 0.540736
vt 0.430355 0.540736
vt 0.418375 0.543478
vt 0.409608 0.549043
vt 0.468466 0.544166
vt 0.476979 0.550089
vt 0.399495 0.479791
vt 0.380086 0.513730
vt 0.419434 0.448292
vt 0.469621 0.447758
vt 0.489063 0.480692
vt 0.507774 0.515609
vt 0.336947 0.766565
vt 0.347632 0.772102
vt 0.358313 0.792549
vt 0.336947 0.793184
vt 0.354589 0.819708
vt 0.364954 0.811793
vt 0.376521 0.827236
vt 0.366537 0.839474
vt 0.394734 0.838578
vt 0.385232 0.879752
vt 0.336947 0.812566
vt 0.336947 0.820289
vt 0.336325 0.740059
vt 0.365205 0.753638
vt 0.378010 0.775201
vt 0.386885 0.792722
vt 0.397236 0.809821
vt 0.409633 0.825437
vt 0.416835 0.837995
vt 0.404567 0.881711
vt 0.416058 0.972074
vt 0.416057 0.959270
vt 0.429620 0.972151
vt 0.374325 0.967645
vt 0.374325 0.950413
vt 0.351496 0.967022
vt 0.351496 0.949167
vt 0.334479 0.967022
vt 0.334479 0.949167
vt 0.394789 0.768858
vt 0.403131 0.785424
vt 0.413401 0.801991
vt 0.425196 0.818256
vt 0.432207 0.830417
vt 0.433398 0.843415
vt 0.417123 0.884824
vt 0.433612 0.984879
vt 0.416058 0.984878
vt 0.374325 0.984878
vt 0.351496 0.984878
vt 0.334479 0.984878
vt 0.315580 0.792549
vt 0.326261 0.772102
vt 0.319304 0.819708
vt 0.307356 0.839474
vt 0.297372 0.827236
vt 0.308939 0.811793
vt 0.288661 0.879752
vt 0.279159 0.838578
vt 0.307445 0.753638
vt 0.294640 0.775201
vt 0.287008 0.792722
vt 0.276657 0.809821
vt 0.264260 0.825437
vt 0.257058 0.837995
vt 0.269327 0.881711
vt 0.252901 0.972074
vt 0.239339 0.972151
vt 0.252901 0.959269
vt 0.294633 0.967645
vt 0.294633 0.950413
vt 0.317462 0.967022
vt 0.317462 0.949167
vt 0.269935 0.785424
vt 0.277860 0.768858
vt 0.259666 0.801991
vt 0.247870 0.818256
vt 0.240860 0.830417
vt 0.256315 0.884824
vt 0.239961 0.843601
vt 0.252901 0.984878
vt 0.235347 0.984879
vt 0.294633 0.984878
vt 0.317462 0.984878
vt 0.382416 0.519521
vt 0.403413 0.510774
vt 0.407813 0.524785
vt 0.391903 0.533535
vt 0.421162 0.508228
vt 0.424035 0.522483
vt 0.466916 0.509215
vt 0.463597 0.523319
vt 0.484548 0.511971
vt 0.479767 0.525928
vt 0.505256 0.521372
vt 0.495300 0.535197
vt 0.250799 0.941863
vt 0.262273 0.909699
vt 0.336447 0.941863
vt 0.293622 0.888695
vt 0.379270 0.888696
vt 0.410620 0.909699
vt 0.422094 0.941863
vt 0.456638 0.540736
vt 0.430355 0.540736
vt 0.418375 0.543478
vt 0.409608 0.549043
vt 0.476979 0.550089
vt 0.468466 0.544166
vt 0.380086 0.513730
vt 0.399495 0.479791
vt 0.419434 0.448292
vt 0.469621 0.447758
vt 0.489063 0.480692
vt 0.507774 0.515609
vt 0.233119 0.349516
vt 0.252430 0.348754
vt 0.256325 0.446725
vt 0.238867 0.446853
vt 0.274886 0.348464
vt 0.276895 0.446626
vt 0.300103 0.348443
vt 0.300107 0.446622
vt 0.325319 0.348463
vt 0.323320 0.446626
vt 0.347776 0.348750
vt 0.343890 0.446724
vt 0.367086 0.349510
vt 0.361347 0.446851
vt 0.345998 0.641030
vt 0.364698 0.641204
vt 0.364839 0.688085
vt 0.346267 0.687286
vt 0.324360 0.625354
vt 0.324529 0.671374
vt 0.300088 0.613450
vt 0.300093 0.659356
vt 0.275816 0.625352
vt 0.275656 0.671375
vt 0.254177 0.641029
vt 0.253918 0.687291
vt 0.235477 0.641209
vt 0.235346 0.688096
vt 0.300095 0.676480
vt 0.277125 0.702651
vt 0.256951 0.727659
vt 0.239733 0.734203
vt 0.360468 0.734191
vt 0.343248 0.727653
vt 0.323069 0.702650
vt 0.323704 0.589207
vt 0.323749 0.531840
vt 0.344781 0.531896
vt 0.344675 0.589160
vt 0.300096 0.589239
vt 0.300096 0.531784
vt 0.276480 0.589200
vt 0.276450 0.531842
vt 0.255501 0.589148
vt 0.255424 0.531895
vt 0.237561 0.588927
vt 0.237435 0.532071
vt 0.362796 0.532080
vt 0.362591 0.588946
vt 0.346409 0.482261
vt 0.365425 0.482105
vt 0.324563 0.482208
vt 0.300107 0.482137
vt 0.275651 0.482207
vt 0.253807 0.482258
vt 0.234791 0.482104
vt 0.233119 0.349516
vt 0.238867 0.446853
vt 0.256325 0.446725
vt 0.252430 0.348754
vt 0.276895 0.446626
vt 0.274886 0.348464
vt 0.300107 0.446622
vt 0.300103 0.348443
vt 0.323320 0.446626
vt 0.325319 0.348463
vt 0.343890 0.446724
vt 0.347776 0.348750
vt 0.361347 0.446851
vt 0.367086 0.349510
vt 0.345998 0.641030
vt 0.346267 0.687286
vt 0.364839 0.688085
vt 0.364698 0.641204
vt 0.324360 0.625354
vt 0.324529 0.671374
vt 0.300088 0.613450
vt 0.300093 0.659356
vt 0.275816 0.625352
vt 0.275656 0.671375
vt 0.254177 0.641029
vt 0.253918 0.687291
vt 0.235477 0.641209
vt 0.235346 0.688096
vt 0.277125 0.702651
vt 0.300095 0.676480
vt 0.256951 0.727659
vt 0.239733 0.734203
vt 0.343248 0.727653
vt 0.360468 0.734191
vt 0.323069 0.702650
vt 0.323704 0.589207
vt 0.344675 0.589160
vt 0.344781 0.531896
vt 0.323749 0.531840
vt 0.300096 0.531784
vt 0.300096 0.589239
vt 0.276450 0.531842
vt 0.276480 0.589200
vt 0.255424 0.531895
vt 0.255501 0.589148
vt 0.237435 0.532071
vt 0.237561 0.588927
vt 0.362796 0.532080
vt 0.362591 0.588946
vt 0.346409 0.482261
vt 0.365425 0.482105
vt 0.324563 0.482208
vt 0.300107 0.482137
vt 0.275651 0.482207
vt 0.253807 0.482258
vt 0.234791 0.482104
vt 0.516851 0.678642
vt 0.520705 0.680100
vt 0.495035 0.705560
vt 0.492793 0.703001
vt 0.459349 0.715084
vt 0.459349 0.712112
vt 0.423663 0.705560
vt 0.425906 0.703001
vt 0.397994 0.680100
vt 0.401847 0.678642
vt 0.388790 0.646250
vt 0.393220 0.646250
vt 0.397994 0.612400
vt 0.401847 0.613858
vt 0.423663 0.586940
vt 0.425906 0.589498
vt 0.459349 0.577416
vt 0.459349 0.580387
vt 0.495035 0.586940
vt 0.492793 0.589498
vt 0.520705 0.612400
vt 0.516851 0.613857
vt 0.529909 0.646250
vt 0.525478 0.646250
vt 0.533337 0.688338
vt 0.502066 0.719148
vt 0.498658 0.714615
vt 0.527435 0.685721
vt 0.459349 0.730425
vt 0.459349 0.725192
vt 0.416632 0.719148
vt 0.420040 0.714615
vt 0.385361 0.688338
vt 0.391264 0.685721
vt 0.373915 0.646250
vt 0.380731 0.646250
vt 0.385361 0.604162
vt 0.391264 0.606779
vt 0.416632 0.573352
vt 0.420040 0.577884
vt 0.459349 0.562074
vt 0.459349 0.567308
vt 0.502066 0.573352
vt 0.498658 0.577884
vt 0.533337 0.604162
vt 0.527435 0.606779
vt 0.544783 0.646250
vt 0.537968 0.646250
vt 0.516851 0.678642
vt 0.520705 0.680100
vt 0.495035 0.705560
vt 0.492793 0.703001
vt 0.459349 0.715084
vt 0.459349 0.712112
vt 0.423663 0.705560
vt 0.425906 0.703001
vt 0.397994 0.680100
vt 0.401847 0.678642
vt 0.388790 0.646250
vt 0.393220 0.646250
vt 0.397994 0.612400
vt 0.401847 0.613858
vt 0.423663 0.586940
vt 0.425906 0.589498
vt 0.459349 0.577416
vt 0.459349 0.580387
vt 0.495035 0.586940
vt 0.492793 0.589498
vt 0.520705 0.612400
vt 0.516851 0.613857
vt 0.529909 0.646250
vt 0.525478 0.646250
vt 0.533337 0.688338
vt 0.502066 0.719148
vt 0.498658 0.714615
vt 0.527435 0.685721
vt 0.459349 0.730425
vt 0.459349 0.725192
vt 0.416632 0.719148
vt 0.420040 0.714615
vt 0.385361 0.688338
vt 0.391264 0.685721
vt 0.373915 0.646250
vt 0.380731 0.646250
vt 0.385361 0.604162
vt 0.391264 0.606779
vt 0.416632 0.573352
vt 0.420040 0.577884
vt 0.459349 0.562074
vt 0.459349 0.567308
vt 0.502066 0.573352
vt 0.498658 0.577884
vt 0.533337 0.604162
vt 0.527435 0.606779
vt 0.544783 0.646250
vt 0.537968 0.646250
vt 0.043877 0.087625
vt 0.028795 0.066435
vt 0.040276 0.044402
vt 0.057424 0.066409
vt 0.033724 0.114154
vt 0.029161 0.114472
vt 0.025197 0.066669
vt 0.052289 0.113710
vt 0.064167 0.277100
vt 0.044704 0.280320
vt 0.076629 0.112982
vt 0.091291 0.273581
vt 0.040135 0.280549
vt 0.068114 0.086001
vt 0.023917 0.030510
vt 0.056755 0.718836
vt 0.052181 0.718895
vt 0.048295 0.526600
vt 0.052869 0.526474
vt 0.076824 0.524725
vt 0.081370 0.717703
vt 0.103427 0.522789
vt 0.108684 0.716480
vt 0.042423 0.075680
vt 0.055970 0.053740
vt 0.040024 0.030016
vt 0.027341 0.053767
vt 0.023743 0.054009
vt 0.027707 0.103443
vt 0.032270 0.103114
vt 0.050835 0.102654
vt 0.044704 0.280320
vt 0.064167 0.277100
vt 0.091291 0.273581
vt 0.075175 0.101902
vt 0.040135 0.280549
vt 0.066660 0.074001
vt 0.021662 0.014407
vt 0.056755 0.718836
vt 0.052869 0.526474
vt 0.048295 0.526600
vt 0.052181 0.718895
vt 0.081370 0.717703
vt 0.076824 0.524725
vt 0.108684 0.716480
vt 0.103427 0.522789
vn 0.744879 0.667200 0.000000
vn 0.744880 0.667199 -0.000000
vn 0.744879 0.667200 0.000000
vn 0.744880 0.667199 -0.000000
vn -0.744880 -0.667199 0.000000
vn -0.744878 -0.667200 0.000000
vn -0.744880 -0.667199 0.000000
vn -0.744878 -0.667200 0.000000
vn -0.046498 -0.041646 0.998050
vn -0.010535 -0.009432 0.999900
vn 0.025374 0.022723 0.999420
vn 0.025374 0.022723 0.999420
vn -0.082273 -0.073696 0.993881
vn -0.082273 -0.073696 0.993881
vn -0.046498 -0.041646 0.998050
vn -0.010535 -0.009432 0.999900
vn 0.661188 -0.750220 0.000000
vn 0.661188 -0.750220 0.000000
vn 0.661189 -0.750220 0.000000
vn 0.661187 -0.750221 0.000000
vn 0.661188 -0.750220 0.000000
vn 0.661188 -0.750220 0.000000
vn 0.661188 -0.750220 0.000000
vn 0.661189 -0.750220 0.000000
vn 0.744878 0.667201 0.000000
vn 0.744879 0.667200 0.000000
vn 0.744880 0.667199 -0.000000
vn 0.744880 0.667199 -0.000000
vn -0.744880 -0.667199 0.000000
vn -0.744880 -0.667199 0.000000
vn -0.744878 -0.667200 0.000000
vn -0.744878 -0.667200 0.000000
vn 0.025374 0.022723 -0.999420
vn -0.010535 -0.009432 -0.999900
vn 0.025374 0.022723 -0.999420
vn -0.046498 -0.041646 -0.998050
vn -0.010535 -0.009432 -0.999900
vn -0.082273 -0.073696 -0.993881
vn -0.046498 -0.041646 -0.998050
vn -0.082273 -0.073696 -0.993881
vn 0.661188 -0.750220 0.000000
vn 0.661188 -0.750220 0.000000
vn 0.661188 -0.750220 0.000000
vn 0.661186 -0.750222 0.000000
vn 0.661188 -0.750220 0.000000
vn 0.661188 -0.750220 0.000000
vn 0.661189 -0.750220 0.000000
vn 0.661188 -0.750220 0.000000
vn -0.598283 -0.527281 -0.603351
vn -0.557465 -0.491307 -0.669216
vn -0.598282 -0.527280 -0.603352
vn -0.557465 -0.491308 -0.669216
vn -0.293780 -0.258915 -0.920139
vn -0.293780 -0.258915 -0.920139
vn 0.000000 0.000000 -1.000000
vn -0.000001 -0.000000 -1.000000
vn 0.706534 0.622686 0.336262
vn 0.706534 0.622685 0.336263
vn 0.563206 0.496367 0.660620
vn 0.563206 0.496367 0.660620
vn 0.298256 0.262860 0.917577
vn 0.298257 0.262860 0.917577
vn -0.000000 -0.000000 1.000000
vn 0.000000 0.000000 1.000000
vn 0.661190 -0.750218 0.000006
vn 0.661190 -0.750219 0.000006
vn 0.661195 -0.750214 0.000000
vn 0.661195 -0.750214 0.000000
vn -0.661190 0.750219 -0.000005
vn -0.661192 0.750217 -0.000002
vn -0.661189 0.750219 -0.000005
vn -0.661191 0.750217 -0.000002
vn 0.661188 -0.750221 -0.000001
vn 0.661187 -0.750221 -0.000001
vn -0.661187 0.750221 -0.000001
vn -0.661187 0.750221 -0.000000
vn 0.661188 -0.750221 -0.000001
vn 0.661187 -0.750221 0.000000
vn -0.661189 0.750220 0.000000
vn -0.661189 0.750220 0.000000
vn 0.172849 0.152338 -0.973096
vn 0.172854 0.152339 -0.973095
vn 0.598281 0.527279 -0.603355
vn 0.598283 0.527281 -0.603352
vn 0.557466 0.491308 -0.669215
vn 0.557465 0.491307 -0.669216
vn 0.293780 0.258915 -0.920139
vn 0.293780 0.258915 -0.920139
vn -0.706535 -0.622685 0.336262
vn -0.563206 -0.496367 0.660620
vn -0.706534 -0.622685 0.336263
vn -0.563205 -0.496367 0.660621
vn -0.298257 -0.262860 0.917577
vn -0.298256 -0.262860 0.917577
vn 0.661191 -0.750218 -0.000002
vn 0.661188 -0.750220 -0.000002
vn 0.661190 -0.750219 -0.000001
vn 0.661187 -0.750221 -0.000002
vn -0.661190 0.750219 0.000001
vn -0.661190 0.750218 0.000001
vn -0.661192 0.750217 -0.000001
vn -0.661193 0.750216 -0.000002
vn 0.661191 -0.750218 -0.000007
vn 0.661191 -0.750218 -0.000006
vn -0.661189 0.750220 0.000007
vn -0.661189 0.750220 0.000007
vn -0.172846 -0.152338 -0.973097
vn -0.172854 -0.152337 -0.973096
vn -0.578739 -0.510059 0.636318
vn -0.333378 -0.293816 0.895841
vn -0.578739 -0.510059 0.636319
vn -0.333379 -0.293817 0.895841
vn -0.149952 -0.132157 0.979821
vn -0.149952 -0.132157 0.979821
vn 0.570012 0.502366 -0.650166
vn 0.570011 0.502366 -0.650165
vn 0.325692 0.287041 -0.900851
vn 0.325692 0.287041 -0.900851
vn 0.147895 0.130343 -0.980376
vn 0.147895 0.130343 -0.980376
vn 0.661188 -0.750220 0.000001
vn 0.661188 -0.750220 0.000001
vn 0.661187 -0.750221 0.000002
vn 0.661186 -0.750222 0.000002
vn -0.661190 0.750219 0.000002
vn -0.661187 0.750221 -0.000001
vn -0.661190 0.750219 0.000002
vn -0.661187 0.750221 -0.000001
vn 0.661187 -0.750221 0.000002
vn 0.661188 -0.750221 0.000002
vn -0.661187 0.750221 -0.000004
vn -0.661188 0.750220 -0.000002
vn 0.661187 -0.750221 -0.000001
vn 0.661187 -0.750221 -0.000000
vn -0.709003 -0.624866 0.326892
vn -0.709003 -0.624866 0.326891
vn -0.661193 0.750216 0.000002
vn -0.661191 0.750218 0.000001
vn 0.706535 0.622686 -0.336261
vn 0.706534 0.622687 -0.336261
vn -0.141002 -0.124271 -0.982179
vn -0.141003 -0.124270 -0.982179
vn -0.141004 -0.124270 -0.982179
vn -0.141005 -0.124270 -0.982178
vn 0.744385 0.656044 0.124487
vn 0.744384 0.656045 0.124489
vn 0.744384 0.656045 0.124489
vn 0.744384 0.656045 0.124490
vn -0.578740 -0.510057 -0.636319
vn -0.578739 -0.510058 -0.636319
vn -0.333379 -0.293817 -0.895840
vn -0.333379 -0.293818 -0.895840
vn -0.149953 -0.132157 -0.979821
vn -0.149953 -0.132157 -0.979821
vn 0.570011 0.502367 0.650165
vn 0.325692 0.287041 0.900851
vn 0.570011 0.502367 0.650165
vn 0.325693 0.287040 0.900851
vn 0.147894 0.130343 0.980377
vn 0.147894 0.130343 0.980376
vn 0.661187 -0.750221 -0.000002
vn 0.661188 -0.750221 -0.000001
vn 0.661187 -0.750222 -0.000002
vn 0.661187 -0.750221 -0.000001
vn -0.661190 0.750219 -0.000002
vn -0.661190 0.750219 -0.000002
vn -0.661188 0.750221 0.000001
vn -0.661187 0.750221 0.000001
vn 0.661188 -0.750221 -0.000002
vn 0.661187 -0.750221 -0.000002
vn -0.661188 0.750220 0.000002
vn -0.661188 0.750221 0.000004
vn 0.661187 -0.750221 0.000000
vn 0.661187 -0.750221 0.000001
vn -0.709003 -0.624866 -0.326891
vn -0.709004 -0.624865 -0.326891
vn -0.661191 0.750218 -0.000001
vn -0.661193 0.750216 -0.000002
vn 0.706534 0.622686 0.336262
vn 0.706534 0.622687 0.336261
vn -0.141003 -0.124271 0.982179
vn -0.141004 -0.124270 0.982179
vn -0.141003 -0.124270 0.982179
vn -0.141004 -0.124270 0.982179
vn 0.744384 0.656045 -0.124486
vn 0.744385 0.656044 -0.124489
vn 0.744384 0.656045 -0.124488
vn 0.744385 0.656043 -0.124491
vn 0.578740 0.510058 -0.636319
vn 0.333380 0.293816 -0.895840
vn 0.578740 0.510058 -0.636319
vn 0.333380 0.293816 -0.895840
vn 0.149953 0.132157 -0.979821
vn 0.149953 0.132157 -0.979821
vn -0.570011 -0.502367 0.650165
vn -0.570010 -0.502367 0.650166
vn -0.325692 -0.287041 0.900851
vn -0.325693 -0.287041 0.900850
vn -0.147894 -0.130343 0.980376
vn -0.147894 -0.130343 0.980376
vn 0.661187 -0.750221 0.000003
vn 0.661187 -0.750221 0.000003
vn 0.661187 -0.750221 0.000001
vn 0.661187 -0.750221 0.000001
vn -0.661187 0.750221 -0.000002
vn -0.661189 0.750220 -0.000000
vn -0.661188 0.750221 -0.000001
vn -0.661189 0.750219 0.000000
vn 0.661187 -0.750221 0.000002
vn 0.661187 -0.750221 0.000002
vn -0.661188 0.750220 -0.000003
vn -0.661188 0.750220 -0.000003
vn 0.661187 -0.750221 0.000000
vn 0.661186 -0.750222 0.000000
vn 0.709005 0.624864 -0.326889
vn 0.709005 0.624864 -0.326890
vn -0.661187 0.750221 -0.000001
vn -0.661188 0.750221 -0.000001
vn -0.706534 -0.622686 0.336261
vn -0.706533 -0.622687 0.336262
vn 0.141004 0.124270 0.982179
vn 0.141004 0.124270 0.982179
vn 0.141004 0.124270 0.982179
vn 0.141004 0.124271 0.982179
vn -0.744384 -0.656044 -0.124489
vn -0.744385 -0.656044 -0.124489
vn -0.744385 -0.656044 -0.124489
vn -0.744385 -0.656044 -0.124488
vn 0.578739 0.510059 0.636319
vn 0.578739 0.510058 0.636319
vn 0.333380 0.293816 0.895840
vn 0.333380 0.293816 0.895840
vn 0.149953 0.132157 0.979821
vn 0.149952 0.132157 0.979821
vn -0.570011 -0.502368 -0.650165
vn -0.325693 -0.287041 -0.900851
vn -0.570010 -0.502368 -0.650166
vn -0.325693 -0.287041 -0.900850
vn -0.147894 -0.130343 -0.980376
vn -0.147894 -0.130343 -0.980376
vn 0.661186 -0.750222 -0.000001
vn 0.661187 -0.750221 -0.000003
vn 0.661186 -0.750222 -0.000001
vn 0.661187 -0.750221 -0.000003
vn -0.661187 0.750221 0.000002
vn -0.661187 0.750221 0.000001
vn -0.661189 0.750219 -0.000000
vn -0.661189 0.750219 -0.000001
vn 0.661187 -0.750221 -0.000002
vn 0.661187 -0.750221 -0.000002
vn -0.661188 0.750220 0.000003
vn -0.661188 0.750220 0.000003
vn 0.661187 -0.750221 -0.000000
vn 0.661188 -0.750220 0.000000
vn 0.709006 0.624864 0.326889
vn 0.709005 0.624864 0.326890
vn -0.661188 0.750220 0.000001
vn -0.661188 0.750220 0.000001
vn -0.706535 -0.622685 -0.336261
vn -0.706533 -0.622687 -0.336262
vn 0.141003 0.124270 -0.982179
vn 0.141005 0.124270 -0.982179
vn 0.141004 0.124270 -0.982179
vn 0.141006 0.124271 -0.982178
vn -0.744384 -0.656045 0.124490
vn -0.744384 -0.656045 0.124489
vn -0.744384 -0.656045 0.124489
vn -0.744385 -0.656044 0.124489
vn -0.598284 -0.527282 0.603349
vn -0.598282 -0.527280 0.603353
vn -0.557465 -0.491307 0.669216
vn -0.557465 -0.491308 0.669216
vn -0.293780 -0.258915 0.920139
vn -0.293780 -0.258915 0.920139
vn 0.000000 0.000000 1.000000
vn -0.000000 -0.000000 1.000000
vn 0.706534 0.622686 -0.336261
vn 0.563206 0.496367 -0.660620
vn 0.706534 0.622685 -0.336262
vn 0.563206 0.496367 -0.660620
vn 0.298256 0.262860 -0.917577
vn 0.298256 0.262860 -0.917577
vn -0.000000 -0.000000 -1.000000
vn 0.000000 0.000000 -1.000000
vn 0.661194 -0.750215 0.000000
vn 0.661191 -0.750218 -0.000005
vn 0.661195 -0.750214 0.000000
vn 0.661191 -0.750217 -0.000005
vn -0.661190 0.750219 0.000005
vn -0.661190 0.750219 0.000005
vn -0.661193 0.750216 0.000002
vn -0.661192 0.750217 0.000002
vn 0.661188 -0.750221 0.000000
vn 0.661187 -0.750221 0.000001
vn -0.661187 0.750221 0.000000
vn -0.661187 0.750221 0.000001
vn 0.661189 -0.750220 0.000000
vn 0.661188 -0.750220 0.000000
vn -0.661190 0.750219 0.000000
vn -0.661190 0.750219 -0.000000
vn 0.172851 0.152338 0.973096
vn 0.172853 0.152339 0.973096
vn 0.598281 0.527279 0.603354
vn 0.557466 0.491308 0.669215
vn 0.598282 0.527281 0.603352
vn 0.557465 0.491307 0.669216
vn 0.293780 0.258915 0.920139
vn 0.293780 0.258915 0.920139
vn -0.706535 -0.622685 -0.336262
vn -0.706533 -0.622686 -0.336264
vn -0.563206 -0.496366 -0.660621
vn -0.563205 -0.496367 -0.660621
vn -0.298257 -0.262861 -0.917577
vn -0.298256 -0.262861 -0.917577
vn 0.661186 -0.750222 0.000002
vn 0.661187 -0.750222 0.000002
vn 0.661190 -0.750219 0.000001
vn 0.661190 -0.750218 0.000002
vn -0.661187 0.750221 -0.000001
vn -0.661193 0.750216 0.000001
vn -0.661187 0.750221 -0.000001
vn -0.661195 0.750214 0.000002
vn 0.661192 -0.750217 0.000006
vn 0.661192 -0.750217 0.000006
vn -0.661190 0.750218 -0.000007
vn -0.661191 0.750218 -0.000007
vn -0.172851 -0.152338 0.973096
vn -0.172850 -0.152337 0.973096
vn -0.594611 -0.524044 0.609767
vn -0.298256 -0.262860 0.917577
vn -0.594611 -0.524044 0.609767
vn -0.298256 -0.262860 0.917577
vn -0.000000 -0.000000 1.000000
vn -0.000000 0.000000 1.000000
vn 0.298257 0.262861 0.917577
vn 0.298257 0.262861 0.917577
vn 0.594610 0.524044 0.609768
vn 0.594610 0.524045 0.609767
vn 0.750221 0.661187 0.000000
vn 0.750221 0.661188 0.000000
vn 0.594610 0.524044 -0.609768
vn 0.594610 0.524045 -0.609767
vn 0.298256 0.262860 -0.917577
vn 0.298257 0.262861 -0.917577
vn -0.000000 -0.000000 -1.000000
vn 0.000000 0.000000 -1.000000
vn -0.298257 -0.262861 -0.917577
vn -0.298256 -0.262860 -0.917577
vn -0.594611 -0.524045 -0.609767
vn -0.594610 -0.524045 -0.609767
vn -0.750221 -0.661188 0.000001
vn -0.750221 -0.661187 -0.000000
vn 0.661189 -0.750220 0.000000
vn 0.661189 -0.750220 0.000000
vn 0.661189 -0.750220 0.000000
vn 0.661189 -0.750219 0.000000
vn 0.661191 -0.750218 0.000000
vn 0.661190 -0.750218 0.000000
vn 0.661190 -0.750219 0.000000
vn 0.661189 -0.750219 0.000000
vn 0.661186 -0.750222 0.000000
vn 0.661187 -0.750221 0.000000
vn 0.661187 -0.750222 0.000000
vn 0.661188 -0.750220 0.000000
vn 0.661188 -0.750220 0.000000
vn 0.661189 -0.750220 0.000000
vn 0.661188 -0.750220 0.000000
vn 0.661190 -0.750218 0.000000
vn 0.661192 -0.750217 0.000000
vn 0.661192 -0.750217 0.000000
vn 0.661192 -0.750217 0.000000
vn 0.661192 -0.750217 0.000000
vn 0.661192 -0.750217 0.000000
vn 0.661192 -0.750217 0.000000
vn 0.661189 -0.750220 0.000000
vn 0.661189 -0.750219 0.000000
vn 0.661189 -0.750219 0.000000
vn 0.661190 -0.750219 0.000000
vn 0.661187 -0.750222 0.000000
vn 0.661187 -0.750221 0.000000
vn 0.661188 -0.750221 0.000000
vn 0.661188 -0.750220 0.000000
vn 0.661190 -0.750219 0.000000
vn 0.661189 -0.750219 0.000000
vn 0.661190 -0.750219 0.000000
vn 0.661189 -0.750219 0.000000
vn 0.661189 -0.750220 0.000000
vn 0.661188 -0.750220 0.000000
vn 0.661188 -0.750220 0.000000
vn 0.661189 -0.750220 0.000000
vn 0.661185 -0.750223 0.000000
vn 0.661185 -0.750223 0.000000
vn 0.661185 -0.750223 0.000000
vn 0.661185 -0.750223 0.000000
vn 0.661185 -0.750223 0.000000
vn 0.661185 -0.750223 0.000000
vn -0.661189 0.750219 0.000000
vn -0.661189 0.750219 0.000000
vn -0.661189 0.750219 0.000000
vn -0.661189 0.750219 0.000000
vn -0.661189 0.750219 0.000000
vn -0.661189 0.750219 0.000000
vn -0.661189 0.750219 0.000000
vn -0.661189 0.750219 0.000000
vn -0.661187 0.750221 0.000000
vn -0.661187 0.750221 0.000000
vn -0.661188 0.750221 0.000000
vn -0.661188 0.750220 0.000000
vn -0.661187 0.750221 0.000000
vn -0.661188 0.750221 0.000000
vn -0.661188 0.750220 0.000000
vn -0.661190 0.750218 0.000000
vn -0.661192 0.750217 0.000000
vn -0.661192 0.750217 0.000000
vn -0.661192 0.750217 0.000000
vn -0.661192 0.750217 0.000000
vn -0.661192 0.750217 0.000000
vn -0.661192 0.750217 0.000000
vn -0.661188 0.750220 0.000000
vn -0.661189 0.750220 0.000000
vn -0.661189 0.750220 0.000000
vn -0.661190 0.750219 0.000000
vn -0.661187 0.750221 0.000000
vn -0.661188 0.750221 0.000000
vn -0.661187 0.750221 0.000000
vn -0.661188 0.750220 0.000000
vn -0.661190 0.750219 0.000000
vn -0.661189 0.750219 0.000000
vn -0.661189 0.750219 0.000000
vn -0.661189 0.750219 0.000000
vn -0.661189 0.750220 0.000000
vn -0.661189 0.750220 0.000000
vn -0.661189 0.750220 0.000000
vn -0.661189 0.750220 0.000000
vn -0.661185 0.750223 0.000000
vn -0.661185 0.750223 0.000000
vn -0.661185 0.750223 0.000000
vn -0.661185 0.750223 0.000000
vn -0.661185 0.750223 0.000000
vn -0.661185 0.750223 0.000000
vn -0.066008 -0.060289 -0.995996
vn -0.065867 -0.057557 -0.996167
vn 0.025790 0.023782 -0.999384
vn 0.026564 0.023429 -0.999373
vn -0.137658 -0.126057 -0.982426
vn -0.138850 -0.121791 -0.982796
vn 0.734751 0.678337 0.000000
vn 0.734751 0.678337 0.000000
vn 0.749980 0.661460 0.000000
vn 0.749981 0.661460 0.000000
vn -0.067400 -0.063388 -0.995710
vn 0.024519 0.022679 -0.999442
vn -0.143908 -0.135194 -0.980313
vn 0.730302 0.683124 0.000000
vn 0.730302 0.683124 0.000000
vn 0.026564 0.023429 0.999373
vn -0.065867 -0.057557 0.996167
vn 0.025790 0.023782 0.999385
vn -0.066008 -0.060289 0.995996
vn -0.138850 -0.121791 0.982796
vn -0.137658 -0.126057 0.982425
vn 0.734752 0.678336 0.000000
vn 0.749980 0.661461 0.000000
vn 0.734752 0.678336 0.000000
vn 0.749980 0.661461 0.000000
vn -0.067400 -0.063388 0.995710
vn 0.024519 0.022679 0.999442
vn -0.143908 -0.135194 0.980313
vn 0.730302 0.683124 0.000000
vn 0.730302 0.683124 0.000000
vn 0.321532 -0.364828 0.873795
vn 0.000000 0.000000 1.000000
vn -0.085050 -0.440112 0.893906
vn -0.194103 -0.361000 0.912142
vn -0.113704 0.137215 0.983994
vn -0.031606 -0.397847 0.916907
vn -0.007814 0.018939 0.999790
vn -0.145139 -0.370053 0.917603
vn -0.285153 0.507876 0.812865
vn -0.393012 -0.205719 0.896226
vn 0.000000 0.000000 1.000000
vn 0.000001 0.000000 1.000000
vn 0.402048 -0.456187 0.793883
vn -0.051597 -0.637048 0.769096
vn -0.364416 -0.675972 0.640518
vn -0.359220 -0.744511 0.562730
vn -0.116550 -0.834676 0.538268
vn -0.113343 -0.895048 0.431326
vn -0.784250 -0.412477 0.463480
vn -0.880327 -0.012266 0.474209
vn 0.268692 0.963226 0.000000
vn 0.420248 0.907409 0.000000
vn 0.411420 0.911446 0.000000
vn -0.149457 0.988768 0.000000
vn -0.156765 0.987636 0.000000
vn -0.661188 0.750220 0.000000
vn -0.661188 0.750220 0.000000
vn -0.518174 -0.829171 0.209695
vn -0.407409 -0.891020 0.200252
vn -0.153363 -0.973473 0.169796
vn -0.139200 -0.975649 0.169510
vn -0.847929 -0.481677 0.221367
vn -0.973300 -0.056424 0.222495
vn 0.228826 0.973465 -0.002105
vn 0.419322 0.907838 0.000000
vn -0.151320 0.988485 0.000000
vn -0.661188 0.750220 0.000000
vn 0.447312 0.029072 0.893905
vn 0.382531 0.147201 0.912142
vn 0.385359 0.097489 0.917602
vn 0.398664 -0.018637 0.916908
vn -0.017806 0.010131 0.999790
vn -0.121840 0.130044 0.983994
vn 0.253474 0.364048 0.896225
vn -0.468021 0.346707 0.812866
vn 0.638485 -0.028864 0.769093
vn 0.716407 0.276585 0.640517
vn 0.783749 0.262819 0.562728
vn 0.842706 0.010743 0.538267
vn 0.902196 -0.000028 0.431326
vn 0.507755 0.726206 0.463476
vn 0.122787 0.871807 0.474210
vn -0.989354 -0.145529 0.000000
vn -0.955920 -0.293627 0.000000
vn -0.953025 -0.302893 0.000000
vn -0.960107 0.279633 0.000000
vn -0.962149 0.272523 0.000000
vn 0.887711 0.409872 0.209700
vn 0.935154 0.292210 0.200253
vn 0.985027 0.029820 0.169799
vn 0.985406 0.015495 0.169514
vn 0.584411 0.780679 0.221369
vn 0.178280 0.958493 0.222503
vn -0.994502 -0.104693 -0.002105
vn -0.953333 -0.301919 0.000000
vn -0.961634 0.274336 0.000000
vn 0.148548 0.962701 0.226145
vn 0.048045 0.879591 0.473299
vn 0.476670 0.838624 0.263622
vn 0.478711 0.631256 0.610207
vn 0.039729 0.124671 0.991403
vn -0.259627 0.491671 0.831176
vn -0.444594 0.304448 0.842406
vn -0.130228 -0.019725 0.991288
vn -0.878657 0.062859 0.473298
vn -0.686408 -0.395593 0.610206
vn -0.891873 -0.367516 0.263620
vn -0.973736 -0.026399 0.226145
vn -0.275160 0.951681 0.136350
vn -0.661188 0.750220 -0.000004
vn -0.379001 0.882157 0.279564
vn -0.505378 0.662021 0.553463
vn -0.627891 0.602100 0.493182
vn -0.827542 0.486847 0.279560
vn -0.909562 0.392565 0.136343
vn 0.423112 0.372898 0.825787
vn 0.721986 0.636300 0.271769
vn 0.044565 0.039277 0.998234
vn -0.044565 -0.039277 0.998234
vn -0.423109 -0.372896 0.825788
vn -0.721986 -0.636300 0.271770
vn 0.321532 -0.364827 -0.873795
vn -0.085050 -0.440112 -0.893906
vn 0.000000 0.000000 -1.000000
vn -0.194102 -0.361000 -0.912142
vn -0.145138 -0.370054 -0.917603
vn -0.031606 -0.397847 -0.916907
vn -0.007814 0.018939 -0.999790
vn -0.113704 0.137214 -0.983994
vn -0.393013 -0.205720 -0.896226
vn -0.285152 0.507876 -0.812865
vn 0.000000 0.000000 -1.000000
vn -0.000000 0.000000 -1.000000
vn 0.402048 -0.456187 -0.793884
vn -0.051597 -0.637047 -0.769096
vn -0.364416 -0.675971 -0.640518
vn -0.359220 -0.744510 -0.562730
vn -0.116551 -0.834676 -0.538268
vn -0.113343 -0.895047 -0.431328
vn -0.784251 -0.412477 -0.463480
vn -0.880327 -0.012264 -0.474210
vn 0.268691 0.963226 0.000000
vn 0.411420 0.911446 0.000000
vn 0.420248 0.907409 0.000000
vn -0.156765 0.987636 0.000000
vn -0.149457 0.988768 0.000000
vn -0.661188 0.750220 0.000000
vn -0.661188 0.750220 0.000000
vn -0.518173 -0.829171 -0.209697
vn -0.407409 -0.891020 -0.200253
vn -0.153363 -0.973473 -0.169796
vn -0.139199 -0.975649 -0.169510
vn -0.847928 -0.481679 -0.221367
vn -0.973300 -0.056422 -0.222496
vn 0.228826 0.973465 0.002105
vn 0.419322 0.907838 0.000000
vn -0.151320 0.988485 0.000000
vn -0.661189 0.750219 0.000000
vn 0.447312 0.029071 -0.893905
vn 0.382530 0.147200 -0.912142
vn -0.121839 0.130044 -0.983994
vn 0.398664 -0.018636 -0.916908
vn -0.017807 0.010131 -0.999790
vn 0.385358 0.097489 -0.917603
vn -0.468020 0.346707 -0.812866
vn 0.253475 0.364048 -0.896225
vn 0.638486 -0.028864 -0.769093
vn 0.716407 0.276585 -0.640517
vn 0.783749 0.262819 -0.562729
vn 0.842706 0.010743 -0.538267
vn 0.902196 -0.000028 -0.431327
vn 0.507755 0.726205 -0.463476
vn 0.122788 0.871807 -0.474210
vn -0.989354 -0.145529 0.000000
vn -0.953025 -0.302893 0.000000
vn -0.955920 -0.293627 0.000000
vn -0.962149 0.272524 0.000000
vn -0.960107 0.279634 0.000000
vn 0.887711 0.409872 -0.209700
vn 0.935153 0.292210 -0.200253
vn 0.985027 0.029820 -0.169799
vn 0.985406 0.015493 -0.169514
vn 0.584412 0.780678 -0.221369
vn 0.178280 0.958493 -0.222503
vn -0.994502 -0.104693 0.002105
vn -0.953333 -0.301920 0.000000
vn -0.961634 0.274336 0.000000
vn 0.478710 0.631256 -0.610207
vn 0.048046 0.879590 -0.473299
vn 0.476670 0.838624 -0.263622
vn 0.148548 0.962701 -0.226143
vn 0.039728 0.124671 -0.991402
vn -0.259627 0.491672 -0.831176
vn -0.444594 0.304447 -0.842406
vn -0.130229 -0.019725 -0.991288
vn -0.686407 -0.395592 -0.610206
vn -0.878656 0.062857 -0.473299
vn -0.891872 -0.367518 -0.263621
vn -0.973736 -0.026405 -0.226146
vn -0.275160 0.951681 -0.136349
vn -0.379002 0.882157 -0.279565
vn -0.661189 0.750220 0.000004
vn -0.505378 0.662022 -0.553462
vn -0.627891 0.602100 -0.493181
vn -0.827542 0.486848 -0.279560
vn -0.909562 0.392566 -0.136343
vn 0.721986 0.636300 -0.271769
vn 0.423111 0.372898 -0.825787
vn 0.044565 0.039277 -0.998234
vn -0.044565 -0.039277 -0.998234
vn -0.423110 -0.372897 -0.825788
vn -0.721986 -0.636300 -0.271770
vn 0.671543 0.656058 -0.344408
vn 0.557116 0.552948 -0.619572
vn 0.705212 0.619508 -0.344799
vn 0.585843 0.515018 -0.625736
vn 0.264604 0.286320 -0.920872
vn 0.288262 0.253111 -0.923493
vn -0.024761 0.028096 -0.999299
vn 0.000152 -0.000173 -1.000000
vn -0.317300 -0.226528 -0.920872
vn -0.287329 -0.254174 -0.923492
vn -0.618572 -0.483219 -0.619570
vn -0.584552 -0.516482 -0.625736
vn -0.735243 -0.583784 -0.344403
vn -0.703211 -0.621773 -0.344807
vn -0.707641 -0.616733 -0.344797
vn -0.740625 -0.576407 -0.345298
vn -0.591866 -0.514989 -0.620065
vn -0.628357 -0.476957 -0.614556
vn -0.294035 -0.253414 -0.921588
vn -0.329612 -0.217617 -0.918694
vn -0.002626 0.002979 -0.999992
vn -0.039603 0.044937 -0.998205
vn 0.288353 0.259861 -0.921588
vn 0.257313 0.299654 -0.918694
vn 0.585279 0.522462 -0.620066
vn 0.552136 0.563439 -0.614559
vn 0.700766 0.624534 -0.344795
vn 0.664904 0.662321 -0.345301
vn -0.024976 0.028340 -0.999286
vn 0.324778 0.326065 -0.887807
vn 0.603255 0.571538 -0.556263
vn 0.682605 0.640027 -0.352726
vn -0.642814 -0.526652 -0.556262
vn -0.720730 -0.596769 -0.352726
vn -0.364295 -0.281228 -0.887806
vn -0.277315 -0.270064 -0.922042
vn -0.302771 -0.241182 -0.922042
vn -0.572257 -0.534319 -0.622114
vn -0.601992 -0.500578 -0.622115
vn -0.011880 0.013479 -0.999839
vn 0.011880 -0.013479 -0.999839
vn 0.277316 0.270063 -0.922042
vn 0.302770 0.241183 -0.922042
vn 0.572258 0.534318 -0.622113
vn 0.601993 0.500581 -0.622112
vn 0.688501 0.638077 -0.344709
vn 0.719535 0.602862 -0.344713
vn -0.719535 -0.602861 -0.344714
vn -0.688499 -0.638077 -0.344713
vn -0.690874 -0.635490 -0.344739
vn -0.576016 -0.533089 -0.619694
vn -0.280317 -0.269054 -0.921429
vn 0.010030 -0.011380 -0.999885
vn 0.302147 0.244286 -0.921429
vn 0.601246 0.504464 -0.619693
vn 0.717268 0.605544 -0.344736
vn 0.671543 0.656059 0.344408
vn 0.705212 0.619508 0.344798
vn 0.557117 0.552948 0.619572
vn 0.585842 0.515018 0.625735
vn 0.264605 0.286320 0.920872
vn 0.288261 0.253111 0.923494
vn -0.024761 0.028095 0.999299
vn 0.000152 -0.000173 1.000000
vn -0.287329 -0.254174 0.923492
vn -0.317301 -0.226529 0.920872
vn -0.584552 -0.516482 0.625736
vn -0.618572 -0.483220 0.619570
vn -0.703211 -0.621773 0.344808
vn -0.735243 -0.583784 0.344403
vn -0.628358 -0.476956 0.614556
vn -0.740626 -0.576406 0.345297
vn -0.591866 -0.514989 0.620065
vn -0.707640 -0.616733 0.344797
vn -0.329613 -0.217617 0.918694
vn -0.294035 -0.253414 0.921588
vn -0.039603 0.044936 0.998205
vn -0.002626 0.002979 0.999992
vn 0.288353 0.259861 0.921588
vn 0.257312 0.299655 0.918693
vn 0.585280 0.522462 0.620065
vn 0.552135 0.563440 0.614558
vn 0.700767 0.624534 0.344794
vn 0.664904 0.662322 0.345301
vn 0.324777 0.326066 0.887807
vn -0.024975 0.028340 0.999286
vn 0.603255 0.571537 0.556263
vn 0.682606 0.640027 0.352725
vn -0.642815 -0.526652 0.556262
vn -0.720730 -0.596768 0.352726
vn -0.364294 -0.281228 0.887806
vn -0.277316 -0.270064 0.922042
vn -0.572257 -0.534319 0.622114
vn -0.302771 -0.241182 0.922042
vn -0.601993 -0.500577 0.622115
vn -0.011880 0.013479 0.999839
vn 0.011880 -0.013479 0.999839
vn 0.277316 0.270063 0.922042
vn 0.302771 0.241183 0.922042
vn 0.572258 0.534318 0.622113
vn 0.601994 0.500580 0.622112
vn 0.688500 0.638077 0.344710
vn 0.719536 0.602861 0.344713
vn -0.719536 -0.602860 0.344714
vn -0.688499 -0.638077 0.344713
vn -0.576016 -0.533089 0.619695
vn -0.690874 -0.635490 0.344740
vn -0.280317 -0.269055 0.921429
vn 0.010030 -0.011380 0.999885
vn 0.302147 0.244286 0.921429
vn 0.601246 0.504464 0.619693
vn 0.717269 0.605543 0.344737
vn 0.290365 0.792960 -0.535633
vn 0.061640 0.524608 -0.849110
vn 0.279446 0.778958 -0.561369
vn 0.047393 0.508939 -0.859497
vn -0.219315 0.248846 -0.943386
vn -0.219191 0.248704 -0.943452
vn -0.510869 0.016968 -0.859491
vn -0.528216 0.004795 -0.849096
vn -0.807908 -0.179335 -0.561358
vn -0.823172 -0.188408 -0.535621
vn -0.962583 -0.270987 -0.000000
vn -0.962658 -0.270722 -0.000000
vn -0.823171 -0.188409 0.535622
vn -0.807907 -0.179335 0.561360
vn -0.528216 0.004795 0.849096
vn -0.510869 0.016968 0.859491
vn -0.219312 0.248846 0.943386
vn -0.219188 0.248704 0.943453
vn 0.047398 0.508939 0.859497
vn 0.061645 0.524608 0.849109
vn 0.279449 0.778957 0.561369
vn 0.290368 0.792959 0.535633
vn 0.389841 0.920882 -0.000000
vn 0.389590 0.920989 0.000000
vn -0.832462 -0.176143 0.525338
vn -0.542774 0.020453 0.839629
vn -0.819296 -0.167852 0.548251
vn -0.527354 0.031626 0.849057
vn -0.235007 0.266650 0.934703
vn -0.234930 0.266563 0.934747
vn 0.047936 0.541017 0.839644
vn 0.034924 0.527133 0.849065
vn 0.279363 0.803728 0.525335
vn 0.269484 0.791709 0.548248
vn 0.378336 0.925668 0.000000
vn 0.378473 0.925612 -0.000000
vn 0.279362 0.803727 -0.525338
vn 0.269483 0.791707 -0.548250
vn 0.047938 0.541019 -0.839643
vn 0.034927 0.527135 -0.849063
vn -0.235002 0.266649 -0.934705
vn -0.234925 0.266561 -0.934749
vn -0.542770 0.020452 -0.839632
vn -0.527349 0.031625 -0.849060
vn -0.832463 -0.176143 -0.525337
vn -0.819297 -0.167853 -0.548250
vn -0.965884 -0.258976 0.000000
vn -0.965845 -0.259122 0.000000
vn -0.661198 0.750211 0.000019
vn -0.661191 0.750218 0.000005
vn -0.661198 0.750211 0.000019
vn -0.661191 0.750218 0.000004
vn -0.661185 0.750223 0.000000
vn -0.661186 0.750222 0.000003
vn -0.661184 0.750224 0.000009
vn -0.661184 0.750224 0.000008
vn -0.661193 0.750216 0.000001
vn -0.661193 0.750216 0.000001
vn -0.661188 0.750221 0.000000
vn -0.661188 0.750220 -0.000000
vn -0.661191 0.750218 -0.000001
vn -0.661191 0.750217 -0.000001
vn -0.661185 0.750223 -0.000008
vn -0.661186 0.750222 -0.000009
vn -0.661189 0.750220 0.000000
vn -0.661189 0.750219 -0.000003
vn -0.661197 0.750212 -0.000019
vn -0.661198 0.750212 -0.000019
vn -0.661192 0.750217 -0.000004
vn -0.661192 0.750217 -0.000005
vn -0.661194 0.750215 -0.000000
vn -0.661194 0.750215 0.000000
vn -0.290362 -0.792961 -0.535632
vn -0.061614 -0.524631 -0.849097
vn -0.279442 -0.778960 -0.561368
vn -0.047359 -0.508953 -0.859491
vn 0.219313 -0.248839 -0.943388
vn 0.219182 -0.248701 -0.943455
vn 0.510866 -0.016964 -0.859493
vn 0.528211 -0.004793 -0.849100
vn 0.807905 0.179334 -0.561363
vn 0.823169 0.188411 -0.535625
vn 0.962571 0.271030 -0.000000
vn 0.962644 0.270769 -0.000000
vn 0.823167 0.188417 0.535626
vn 0.807903 0.179341 0.561364
vn 0.528210 -0.004792 0.849101
vn 0.510865 -0.016964 0.859494
vn 0.219313 -0.248839 0.943388
vn 0.219182 -0.248700 0.943455
vn -0.047361 -0.508953 0.859490
vn -0.061617 -0.524632 0.849097
vn -0.279444 -0.778962 0.561363
vn -0.290364 -0.792963 0.535629
vn -0.389832 -0.920886 -0.000000
vn -0.389581 -0.920992 -0.000000
vn 0.832449 0.176176 0.525348
vn 0.542766 -0.020435 0.839635
vn 0.819285 0.167887 0.548257
vn 0.527345 -0.031610 0.849063
vn 0.235004 -0.266641 0.934706
vn 0.234923 -0.266558 0.934750
vn -0.047936 -0.541010 0.839649
vn -0.034923 -0.527123 0.849071
vn -0.279358 -0.803729 0.525336
vn -0.269479 -0.791709 0.548251
vn -0.378331 -0.925670 0.000001
vn -0.378468 -0.925614 0.000001
vn -0.279358 -0.803731 -0.525334
vn -0.269478 -0.791710 -0.548249
vn -0.047938 -0.541012 -0.839647
vn -0.034925 -0.527126 -0.849069
vn 0.234999 -0.266643 -0.934707
vn 0.234918 -0.266560 -0.934751
vn 0.542763 -0.020433 -0.839638
vn 0.527342 -0.031608 -0.849065
vn 0.832449 0.176184 -0.525346
vn 0.819285 0.167896 -0.548255
vn 0.965882 0.258982 0.000000
vn 0.965842 0.259132 0.000000
vn 0.661184 -0.750224 -0.000012
vn 0.661189 -0.750219 0.000000
vn 0.661184 -0.750224 -0.000012
vn 0.661189 -0.750219 0.000001
vn 0.661188 -0.750220 0.000000
vn 0.661188 -0.750221 -0.000001
vn 0.661185 -0.750223 0.000007
vn 0.661186 -0.750222 0.000006
vn 0.661181 -0.750227 0.000006
vn 0.661180 -0.750227 0.000006
vn 0.661190 -0.750219 0.000000
vn 0.661188 -0.750220 0.000000
vn 0.661178 -0.750229 -0.000006
vn 0.661180 -0.750227 -0.000006
vn 0.661186 -0.750222 -0.000006
vn 0.661186 -0.750222 -0.000007
vn 0.661190 -0.750219 0.000000
vn 0.661189 -0.750219 0.000001
vn 0.661185 -0.750223 0.000012
vn 0.661185 -0.750223 0.000012
vn 0.661190 -0.750219 -0.000001
vn 0.661190 -0.750218 -0.000000
vn 0.661188 -0.750220 -0.000000
vn 0.661188 -0.750220 0.000000
vn -0.083558 -0.042919 -0.995578
vn -0.113298 -0.064388 -0.991473
vn -0.169518 -0.063264 -0.983495
vn -0.126960 -0.062371 -0.989945
vn 0.977635 -0.210308 0.000000
vn 0.977639 -0.210290 -0.000000
vn 0.986249 -0.165265 -0.000027
vn 0.986365 -0.164575 -0.000028
vn 0.043162 -0.011488 -0.999002
vn -0.105660 0.016896 -0.994259
vn -0.098001 0.023245 -0.994915
vn 0.040231 -0.009930 -0.999141
vn -0.215913 0.040766 -0.975561
vn -0.192390 0.045251 -0.980275
vn 0.968754 -0.248024 0.000000
vn 0.968754 -0.248024 0.000000
vn -0.215411 -0.023871 -0.976232
vn 0.989186 -0.146669 -0.000028
vn -0.115412 -0.073946 -0.990562
vn 0.957429 -0.288669 0.000000
vn 0.957429 -0.288669 0.000000
vn 0.960710 -0.277554 0.000000
vn 0.960710 -0.277554 0.000000
vn -0.089198 0.024369 -0.995716
vn -0.083943 0.024948 -0.996158
vn 0.032771 -0.009429 -0.999418
vn 0.031835 -0.009598 -0.999447
vn -0.194927 0.053484 -0.979359
vn -0.189551 0.056386 -0.980251
vn -0.083558 -0.042919 0.995578
vn -0.169518 -0.063264 0.983495
vn -0.113298 -0.064388 0.991473
vn -0.126959 -0.062372 0.989945
vn 0.986365 -0.164576 0.000028
vn 0.977639 -0.210290 0.000000
vn 0.986249 -0.165266 0.000027
vn 0.977635 -0.210308 0.000000
vn -0.105660 0.016896 0.994259
vn 0.043161 -0.011488 0.999002
vn -0.098001 0.023245 0.994915
vn 0.040230 -0.009930 0.999141
vn -0.215913 0.040766 0.975561
vn -0.192390 0.045251 0.980275
vn 0.968754 -0.248024 0.000000
vn 0.968754 -0.248024 0.000000
vn -0.215411 -0.023871 0.976232
vn 0.989186 -0.146669 0.000028
vn -0.115411 -0.073946 0.990562
vn 0.957429 -0.288669 0.000000
vn 0.960710 -0.277554 0.000000
vn 0.957429 -0.288669 0.000000
vn 0.960710 -0.277554 0.000000
vn 0.031835 -0.009598 0.999447
vn -0.083943 0.024948 0.996158
vn 0.032771 -0.009429 0.999418
vn -0.089197 0.024369 0.995716
vn -0.189551 0.056386 0.980250
vn -0.194927 0.053484 0.979359
s 1
g item_damaged
f 3775/5053/6201 3765/5054/6202 3774/5056/6203
f 3774/5056/6203 3765/5054/6202 3766/5055/6204
s 2
f 3767/5057/6205 3771/5058/6206 3768/5060/6207
f 3768/5060/6207 3771/5058/6206 3772/5059/6208
s 3
f 3769/5061/6209 3770/5062/6210 3765/5054/6211
f 3765/5054/6211 3770/5062/6210 3766/5055/6212
s 4
f 3767/5057/6213 3768/5060/6214 3769/5061/6215
f 3769/5061/6215 3768/5060/6214 3770/5062/6216
s 5
f 3770/5062/6217 3768/5060/6218 3773/5064/6219
f 3773/5064/6219 3768/5060/6218 3772/5063/6220
s 6
f 3770/5062/6221 3773/5064/6222 3766/5055/6223
f 3766/5055/6223 3773/5064/6222 3774/5065/6224
s 7
f 3786/5066/6225 3785/5067/6226 3776/5069/6227
f 3776/5069/6227 3785/5067/6226 3777/5068/6228
s 8
f 3778/5070/6229 3779/5071/6230 3782/5073/6231
f 3782/5073/6231 3779/5071/6230 3783/5072/6232
s 9
f 3777/5068/6233 3781/5074/6234 3776/5069/6235
f 3776/5069/6235 3781/5074/6234 3780/5075/6236
s 10
f 3781/5074/6237 3779/5071/6238 3780/5075/6239
f 3780/5075/6239 3779/5071/6238 3778/5070/6240
s 11
f 3781/5074/6241 3784/5076/6242 3779/5071/6243
f 3779/5071/6243 3784/5076/6242 3783/5077/6244
s 12
f 3781/5074/6245 3777/5068/6246 3784/5076/6247
f 3784/5076/6247 3777/5068/6246 3785/5078/6248
s 13
f 3795/5079/6249 3797/5082/6250 3796/5080/6251
f 3796/5080/6251 3797/5082/6250 3798/5081/6252
f 3797/5082/6250 3799/5084/6253 3798/5081/6252
f 3798/5081/6252 3799/5084/6253 3800/5083/6254
f 3799/5084/6253 3801/5086/6255 3800/5083/6254
f 3800/5083/6254 3801/5086/6255 3802/5085/6256
s 14
f 3787/5087/6257 3791/5090/6258 3788/5088/6259
f 3788/5088/6259 3791/5090/6258 3792/5089/6260
f 3788/5088/6259 3792/5089/6260 3789/5091/6261
f 3789/5091/6261 3792/5089/6260 3793/5092/6262
f 3789/5091/6261 3793/5092/6262 3790/5093/6263
f 3790/5093/6263 3793/5092/6262 3794/5094/6264
s 15
f 3788/5088/6265 3797/5096/6266 3787/5087/6267
f 3787/5087/6267 3797/5096/6266 3795/5095/6268
s 16
f 3792/5089/6269 3791/5090/6270 3798/5097/6271
f 3798/5097/6271 3791/5090/6270 3796/5098/6272
s 15
f 3788/5088/6265 3789/5091/6273 3797/5096/6266
f 3797/5096/6266 3789/5091/6273 3799/5099/6274
s 16
f 3792/5089/6269 3798/5097/6271 3793/5092/6275
f 3793/5092/6275 3798/5097/6271 3800/5100/6276
s 15
f 3789/5091/6273 3790/5093/6277 3799/5099/6274
f 3799/5099/6274 3790/5093/6277 3801/5101/6278
s 16
f 3793/5092/6275 3800/5100/6276 3794/5094/6279
f 3794/5094/6279 3800/5100/6276 3802/5102/6280
s 13
f 3791/5090/6281 3787/5087/6282 3796/5103/6251
f 3796/5103/6251 3787/5087/6282 3795/5104/6249
f 3809/5105/6283 3810/5108/6284 3811/5106/6285
f 3811/5106/6285 3810/5108/6284 3812/5107/6286
f 3811/5106/6285 3812/5107/6286 3813/5109/6287
f 3813/5109/6287 3812/5107/6286 3814/5110/6288
f 3813/5109/6287 3814/5110/6288 3801/5086/6255
f 3801/5086/6255 3814/5110/6288 3802/5085/6256
s 14
f 3803/5111/6289 3804/5114/6290 3806/5112/6291
f 3806/5112/6291 3804/5114/6290 3807/5113/6292
f 3804/5114/6290 3805/5116/6293 3807/5113/6292
f 3807/5113/6292 3805/5116/6293 3808/5115/6294
f 3805/5116/6293 3790/5093/6263 3808/5115/6294
f 3808/5115/6294 3790/5093/6263 3794/5094/6264
s 15
f 3809/5118/6295 3811/5117/6296 3803/5111/6297
f 3803/5111/6297 3811/5117/6296 3804/5114/6298
s 16
f 3807/5113/6299 3812/5120/6300 3806/5112/6301
f 3806/5112/6301 3812/5120/6300 3810/5119/6302
s 15
f 3804/5114/6298 3811/5117/6296 3805/5116/6303
f 3805/5116/6303 3811/5117/6296 3813/5121/6304
s 16
f 3814/5122/6305 3812/5120/6300 3808/5115/6306
f 3808/5115/6306 3812/5120/6300 3807/5113/6299
s 15
f 3805/5116/6303 3813/5121/6304 3790/5093/6277
f 3790/5093/6277 3813/5121/6304 3801/5101/6278
s 16
f 3802/5102/6280 3814/5122/6305 3794/5094/6279
f 3794/5094/6279 3814/5122/6305 3808/5115/6306
s 13
f 3806/5112/6307 3810/5124/6284 3803/5111/6308
f 3803/5111/6308 3810/5124/6284 3809/5123/6283
s 21
f 3819/5125/6309 3821/5126/6310 3820/5128/6311
f 3820/5128/6311 3821/5126/6310 3822/5127/6312
f 3821/5126/6310 3824/5129/6313 3822/5127/6312
f 3822/5127/6312 3824/5129/6313 3825/5130/6314
s 22
f 3815/5131/6315 3817/5132/6316 3816/5134/6317
f 3816/5134/6317 3817/5132/6316 3818/5133/6318
f 3816/5134/6317 3818/5133/6318 3823/5136/6319
f 3823/5136/6319 3818/5133/6318 3826/5135/6320
s 23
f 3816/5138/6321 3821/5126/6322 3815/5137/6323
f 3815/5137/6323 3821/5126/6322 3819/5125/6324
s 24
f 3818/5139/6325 3817/5140/6326 3822/5127/6327
f 3822/5127/6327 3817/5140/6326 3820/5128/6328
s 23
f 3823/5141/6329 3824/5129/6330 3816/5138/6321
f 3816/5138/6321 3824/5129/6330 3821/5126/6322
s 24
f 3826/5142/6331 3818/5139/6325 3825/5130/6332
f 3825/5130/6332 3818/5139/6325 3822/5127/6327
s 23
f 3827/5144/6333 3815/5137/6323 3828/5143/6334
f 3828/5143/6334 3815/5137/6323 3819/5125/6324
s 21
f 3829/5145/6335 3828/5143/6336 3820/5128/6311
f 3820/5128/6311 3828/5143/6336 3819/5125/6309
s 24
f 3830/5146/6337 3829/5145/6338 3817/5140/6326
f 3817/5140/6326 3829/5145/6338 3820/5128/6328
s 22
f 3827/5147/6339 3830/5148/6340 3815/5131/6315
f 3815/5131/6315 3830/5148/6340 3817/5132/6316
s 25
f 3829/5149/6341 3830/5148/6342 3828/5150/6343
f 3828/5150/6343 3830/5148/6342 3827/5147/6344
s 26
f 3824/5151/6345 3823/5136/6346 3825/5152/6347
f 3825/5152/6347 3823/5136/6346 3826/5135/6348
s 27
f 3835/5153/6349 3836/5154/6350 3837/5156/6351
f 3837/5156/6351 3836/5154/6350 3838/5155/6352
f 3837/5156/6351 3838/5155/6352 3840/5158/6353
f 3840/5158/6353 3838/5155/6352 3841/5157/6354
s 28
f 3831/5159/6355 3832/5160/6356 3833/5162/6357
f 3833/5162/6357 3832/5160/6356 3834/5161/6358
f 3832/5160/6356 3839/5163/6359 3834/5161/6358
f 3834/5161/6358 3839/5163/6359 3842/5164/6360
s 29
f 3835/5153/6361 3837/5156/6362 3831/5165/6363
f 3831/5165/6363 3837/5156/6362 3832/5166/6364
s 30
f 3834/5167/6365 3838/5155/6366 3833/5168/6367
f 3833/5168/6367 3838/5155/6366 3836/5154/6368
s 29
f 3837/5156/6362 3840/5158/6369 3832/5166/6364
f 3832/5166/6364 3840/5158/6369 3839/5169/6370
s 30
f 3838/5155/6366 3834/5167/6365 3841/5157/6371
f 3841/5157/6371 3834/5167/6365 3842/5170/6372
s 29
f 3835/5153/6361 3831/5165/6363 3844/5171/6373
f 3844/5171/6373 3831/5165/6363 3843/5172/6374
s 27
f 3845/5173/6375 3836/5154/6350 3844/5171/6376
f 3844/5171/6376 3836/5154/6350 3835/5153/6349
s 30
f 3836/5154/6368 3845/5173/6377 3833/5168/6367
f 3833/5168/6367 3845/5173/6377 3846/5174/6378
s 28
f 3843/5175/6379 3831/5159/6355 3846/5176/6380
f 3846/5176/6380 3831/5159/6355 3833/5162/6357
s 31
f 3845/5177/6381 3844/5178/6382 3846/5176/6383
f 3846/5176/6383 3844/5178/6382 3843/5175/6384
s 32
f 3840/5179/6385 3841/5180/6386 3839/5163/6387
f 3839/5163/6387 3841/5180/6386 3842/5164/6388
s 33
f 3851/5181/6389 3853/5182/6390 3852/5184/6391
f 3852/5184/6391 3853/5182/6390 3854/5183/6392
f 3853/5182/6390 3856/5185/6393 3854/5183/6392
f 3854/5183/6392 3856/5185/6393 3857/5186/6394
s 34
f 3847/5187/6395 3849/5188/6396 3848/5190/6397
f 3848/5190/6397 3849/5188/6396 3850/5189/6398
f 3848/5190/6397 3850/5189/6398 3855/5192/6399
f 3855/5192/6399 3850/5189/6398 3858/5191/6400
s 35
f 3848/5194/6401 3853/5182/6402 3847/5193/6403
f 3847/5193/6403 3853/5182/6402 3851/5181/6404
s 36
f 3850/5195/6405 3849/5196/6406 3854/5183/6407
f 3854/5183/6407 3849/5196/6406 3852/5184/6408
s 35
f 3855/5197/6409 3856/5185/6410 3848/5194/6401
f 3848/5194/6401 3856/5185/6410 3853/5182/6402
s 36
f 3858/5198/6411 3850/5195/6405 3857/5186/6412
f 3857/5186/6412 3850/5195/6405 3854/5183/6407
s 35
f 3859/5200/6413 3847/5193/6403 3860/5199/6414
f 3860/5199/6414 3847/5193/6403 3851/5181/6404
s 33
f 3861/5201/6415 3860/5199/6416 3852/5184/6391
f 3852/5184/6391 3860/5199/6416 3851/5181/6389
s 36
f 3862/5202/6417 3861/5201/6418 3849/5196/6406
f 3849/5196/6406 3861/5201/6418 3852/5184/6408
s 34
f 3859/5203/6419 3862/5204/6420 3847/5187/6395
f 3847/5187/6395 3862/5204/6420 3849/5188/6396
s 37
f 3861/5205/6421 3862/5204/6422 3860/5206/6423
f 3860/5206/6423 3862/5204/6422 3859/5203/6424
s 38
f 3856/5207/6425 3855/5192/6426 3857/5208/6427
f 3857/5208/6427 3855/5192/6426 3858/5191/6428
s 39
f 3867/5209/6429 3868/5210/6430 3869/5212/6431
f 3869/5212/6431 3868/5210/6430 3870/5211/6432
f 3869/5212/6431 3870/5211/6432 3872/5214/6433
f 3872/5214/6433 3870/5211/6432 3873/5213/6434
s 40
f 3863/5215/6435 3864/5216/6436 3865/5218/6437
f 3865/5218/6437 3864/5216/6436 3866/5217/6438
f 3864/5216/6436 3871/5219/6439 3866/5217/6438
f 3866/5217/6438 3871/5219/6439 3874/5220/6440
s 41
f 3867/5209/6441 3869/5212/6442 3863/5221/6443
f 3863/5221/6443 3869/5212/6442 3864/5222/6444
s 42
f 3866/5223/6445 3870/5211/6446 3865/5224/6447
f 3865/5224/6447 3870/5211/6446 3868/5210/6448
s 41
f 3869/5212/6442 3872/5214/6449 3864/5222/6444
f 3864/5222/6444 3872/5214/6449 3871/5225/6450
s 42
f 3870/5211/6446 3866/5223/6445 3873/5213/6451
f 3873/5213/6451 3866/5223/6445 3874/5226/6452
s 41
f 3867/5209/6441 3863/5221/6443 3876/5227/6453
f 3876/5227/6453 3863/5221/6443 3875/5228/6454
s 39
f 3877/5229/6455 3868/5210/6430 3876/5227/6456
f 3876/5227/6456 3868/5210/6430 3867/5209/6429
s 42
f 3868/5210/6448 3877/5229/6457 3865/5224/6447
f 3865/5224/6447 3877/5229/6457 3878/5230/6458
s 40
f 3875/5231/6459 3863/5215/6435 3878/5232/6460
f 3878/5232/6460 3863/5215/6435 3865/5218/6437
s 43
f 3877/5233/6461 3876/5234/6462 3878/5232/6463
f 3878/5232/6463 3876/5234/6462 3875/5231/6464
s 44
f 3872/5235/6465 3873/5236/6466 3871/5219/6467
f 3871/5219/6467 3873/5236/6466 3874/5220/6468
s 45
f 3887/5237/6469 3888/5238/6470 3889/5240/6471
f 3889/5240/6471 3888/5238/6470 3890/5239/6472
f 3889/5240/6471 3890/5239/6472 3891/5242/6473
f 3891/5242/6473 3890/5239/6472 3892/5241/6474
f 3891/5242/6473 3892/5241/6474 3893/5244/6475
f 3893/5244/6475 3892/5241/6474 3894/5243/6476
s 46
f 3879/5245/6477 3880/5246/6478 3883/5248/6479
f 3883/5248/6479 3880/5246/6478 3884/5247/6480
f 3880/5246/6478 3881/5249/6481 3884/5247/6480
f 3884/5247/6480 3881/5249/6481 3885/5250/6482
f 3881/5249/6481 3882/5251/6483 3885/5250/6482
f 3885/5250/6482 3882/5251/6483 3886/5252/6484
s 47
f 3887/5253/6485 3889/5254/6486 3879/5245/6487
f 3879/5245/6487 3889/5254/6486 3880/5246/6488
s 48
f 3884/5247/6489 3890/5255/6490 3883/5248/6491
f 3883/5248/6491 3890/5255/6490 3888/5256/6492
s 47
f 3880/5246/6488 3889/5254/6486 3881/5249/6493
f 3881/5249/6493 3889/5254/6486 3891/5257/6494
s 48
f 3892/5258/6495 3890/5255/6490 3885/5250/6496
f 3885/5250/6496 3890/5255/6490 3884/5247/6489
s 47
f 3881/5249/6493 3891/5257/6494 3882/5251/6497
f 3882/5251/6497 3891/5257/6494 3893/5259/6498
s 48
f 3894/5260/6499 3892/5258/6495 3886/5252/6500
f 3886/5252/6500 3892/5258/6495 3885/5250/6496
s 45
f 3883/5248/6501 3888/5261/6470 3879/5245/6502
f 3879/5245/6502 3888/5261/6470 3887/5262/6469
f 3901/5263/6503 3903/5264/6504 3902/5266/6505
f 3902/5266/6505 3903/5264/6504 3904/5265/6506
f 3903/5264/6504 3905/5267/6507 3904/5265/6506
f 3904/5265/6506 3905/5267/6507 3906/5268/6508
f 3905/5267/6507 3893/5244/6475 3906/5268/6508
f 3906/5268/6508 3893/5244/6475 3894/5243/6476
s 46
f 3895/5269/6509 3898/5270/6510 3896/5272/6511
f 3896/5272/6511 3898/5270/6510 3899/5271/6512
f 3896/5272/6511 3899/5271/6512 3897/5274/6513
f 3897/5274/6513 3899/5271/6512 3900/5273/6514
f 3897/5274/6513 3900/5273/6514 3882/5251/6483
f 3882/5251/6483 3900/5273/6514 3886/5252/6484
s 47
f 3896/5272/6515 3903/5275/6516 3895/5269/6517
f 3895/5269/6517 3903/5275/6516 3901/5276/6518
s 48
f 3899/5271/6519 3898/5270/6520 3904/5278/6521
f 3904/5278/6521 3898/5270/6520 3902/5277/6522
s 47
f 3896/5272/6515 3897/5274/6523 3903/5275/6516
f 3903/5275/6516 3897/5274/6523 3905/5279/6524
s 48
f 3899/5271/6519 3904/5278/6521 3900/5273/6525
f 3900/5273/6525 3904/5278/6521 3906/5280/6526
s 47
f 3897/5274/6523 3882/5251/6497 3905/5279/6524
f 3905/5279/6524 3882/5251/6497 3893/5259/6498
s 48
f 3900/5273/6525 3906/5280/6526 3886/5252/6500
f 3886/5252/6500 3906/5280/6526 3894/5260/6499
s 45
f 3898/5270/6527 3895/5269/6528 3902/5282/6505
f 3902/5282/6505 3895/5269/6528 3901/5281/6503
s 53
f 3907/5283/6529 3908/5284/6530 3919/5286/6531
f 3919/5286/6531 3908/5284/6530 3920/5285/6532
f 3908/5284/6530 3909/5287/6533 3920/5285/6532
f 3920/5285/6532 3909/5287/6533 3921/5288/6534
f 3909/5287/6533 3910/5289/6535 3921/5288/6534
f 3921/5288/6534 3910/5289/6535 3922/5290/6536
f 3910/5289/6535 3911/5291/6537 3922/5290/6536
f 3922/5290/6536 3911/5291/6537 3923/5292/6538
f 3911/5291/6537 3912/5293/6539 3923/5292/6538
f 3923/5292/6538 3912/5293/6539 3924/5294/6540
f 3912/5293/6539 3913/5295/6541 3924/5294/6540
f 3924/5294/6540 3913/5295/6541 3925/5296/6542
f 3913/5295/6541 3914/5297/6543 3925/5296/6542
f 3925/5296/6542 3914/5297/6543 3926/5298/6544
f 3914/5297/6543 3915/5299/6545 3926/5298/6544
f 3926/5298/6544 3915/5299/6545 3927/5300/6546
f 3915/5299/6545 3916/5301/6547 3927/5300/6546
f 3927/5300/6546 3916/5301/6547 3928/5302/6548
f 3916/5301/6547 3917/5303/6549 3928/5302/6548
f 3928/5302/6548 3917/5303/6549 3929/5304/6550
f 3917/5303/6549 3918/5305/6551 3929/5304/6550
f 3929/5304/6550 3918/5305/6551 3930/5306/6552
f 3918/5307/6551 3907/5283/6529 3930/5308/6552
f 3930/5308/6552 3907/5283/6529 3919/5286/6531
s 54
f 3908/5309/6553 3907/5310/6554 3932/5312/6555
f 3932/5312/6555 3907/5310/6554 3931/5311/6556
s 55
f 3909/5313/6557 3908/5309/6558 3933/5314/6559
f 3933/5314/6559 3908/5309/6558 3932/5312/6560
s 56
f 3909/5313/6561 3933/5314/6562 3910/5315/6563
f 3910/5315/6563 3933/5314/6562 3934/5316/6564
s 57
f 3910/5315/6565 3934/5316/6566 3911/5317/6567
f 3911/5317/6567 3934/5316/6566 3935/5318/6568
s off
f 3912/5319/6569 3911/5317/6570 3935/5318/6571
f 3913/5320/6572 3912/5319/6573 3935/5318/6574
s 58
f 3914/5321/6575 3913/5320/6576 3934/5316/6577
f 3934/5316/6577 3913/5320/6576 3935/5318/6578
s 59
f 3915/5322/6579 3914/5321/6580 3933/5314/6581
f 3933/5314/6581 3914/5321/6580 3934/5316/6582
s 60
f 3915/5322/6583 3933/5314/6584 3916/5323/6585
f 3916/5323/6585 3933/5314/6584 3932/5312/6586
s 61
f 3916/5323/6587 3932/5312/6588 3917/5324/6589
f 3917/5324/6589 3932/5312/6588 3931/5311/6590
s off
f 3918/5325/6591 3917/5324/6592 3931/5311/6593
f 3907/5310/6594 3918/5325/6595 3931/5311/6596
s 62
f 3920/5327/6597 3937/5328/6598 3919/5326/6599
f 3919/5326/6599 3937/5328/6598 3936/5329/6600
s 63
f 3921/5330/6601 3938/5331/6602 3920/5327/6603
f 3920/5327/6603 3938/5331/6602 3937/5328/6604
s 64
f 3921/5330/6605 3922/5332/6606 3938/5331/6607
f 3938/5331/6607 3922/5332/6606 3939/5333/6608
s 65
f 3922/5332/6609 3923/5334/6610 3939/5333/6611
f 3939/5333/6611 3923/5334/6610 3940/5335/6612
s off
f 3923/5334/6613 3924/5336/6614 3940/5335/6615
f 3924/5336/6616 3925/5337/6617 3940/5335/6618
s 66
f 3926/5338/6619 3939/5333/6620 3925/5337/6621
f 3925/5337/6621 3939/5333/6620 3940/5335/6622
s 67
f 3927/5339/6623 3938/5331/6624 3926/5338/6625
f 3926/5338/6625 3938/5331/6624 3939/5333/6626
s 68
f 3927/5339/6627 3928/5340/6628 3938/5331/6629
f 3938/5331/6629 3928/5340/6628 3937/5328/6630
s 69
f 3928/5340/6631 3929/5341/6632 3937/5328/6633
f 3937/5328/6633 3929/5341/6632 3936/5329/6634
s off
f 3929/5341/6635 3930/5342/6636 3936/5329/6637
f 3930/5342/6638 3919/5326/6639 3936/5329/6640
s 70
f 3944/5344/6641 3943/5345/6642 3941/5343/6643
f 3941/5343/6643 3943/5345/6642 3942/5346/6644
f 3946/5347/6645 3945/5348/6646 3944/5344/6641
f 3944/5344/6641 3945/5348/6646 3943/5345/6642
s 71
f 3948/5349/6647 3941/5343/6648 3947/5350/6649
f 3947/5350/6649 3941/5343/6648 3942/5346/6650
s 70
f 3950/5353/6651 3944/5344/6641 3949/5351/6652
f 3949/5351/6652 3944/5344/6641 3941/5343/6643
f 3951/5354/6653 3946/5347/6645 3950/5353/6651
f 3950/5353/6651 3946/5347/6645 3944/5344/6641
s 71
f 3949/5351/6654 3941/5343/6648 3952/5352/6655
f 3952/5352/6655 3941/5343/6648 3948/5349/6647
s 72
f 3954/5356/6656 3955/5357/6657 3953/5355/6658
f 3953/5355/6658 3955/5357/6657 3956/5358/6659
f 3955/5357/6657 3945/5359/6660 3956/5358/6659
f 3956/5358/6659 3945/5359/6660 3946/5360/6661
s 73
f 3948/5361/6662 3947/5362/6663 3953/5355/6664
f 3953/5355/6664 3947/5362/6663 3954/5356/6665
s 72
f 3958/5365/6666 3957/5363/6667 3956/5358/6659
f 3956/5358/6659 3957/5363/6667 3953/5355/6658
f 3951/5366/6668 3958/5365/6666 3946/5360/6661
f 3946/5360/6661 3958/5365/6666 3956/5358/6659
s 73
f 3957/5363/6669 3952/5364/6670 3953/5355/6664
f 3953/5355/6664 3952/5364/6670 3948/5361/6662
s 74
f 3959/5367/6671 3962/5368/6672 3960/5370/6673
f 3960/5370/6673 3962/5368/6672 3961/5369/6674
f 3966/5372/6675 3965/5373/6676 3964/5371/6677
f 3964/5371/6677 3965/5373/6676 3963/5374/6678
f 3968/5375/6679 3967/5376/6680 3966/5372/6675
f 3966/5372/6675 3967/5376/6680 3965/5373/6676
f 3962/5368/6672 3969/5377/6681 3961/5369/6674
f 3961/5369/6674 3969/5377/6681 3963/5374/6678
f 3970/5378/6682 3964/5371/6677 3969/5377/6681
f 3969/5377/6681 3964/5371/6677 3963/5374/6678
f 3971/5379/6683 3959/5367/6671 3972/5380/6684
f 3972/5380/6684 3959/5367/6671 3960/5370/6673
f 3972/5380/6684 3960/5370/6673 3973/5381/6685
f 3973/5381/6685 3960/5370/6673 3961/5369/6674
f 3973/5381/6685 3961/5369/6674 3974/5382/6686
f 3974/5382/6686 3961/5369/6674 3963/5374/6678
f 3974/5382/6686 3963/5374/6678 3975/5383/6687
f 3975/5383/6687 3963/5374/6678 3965/5373/6676
f 3976/5384/6688 3975/5383/6687 3967/5376/6680
f 3967/5376/6680 3975/5383/6687 3965/5373/6676
f 3977/5385/6689 3976/5384/6688 3967/5376/6680
f 3977/5385/6689 3967/5376/6680 3978/5386/6690
f 3978/5386/6690 3967/5376/6680 3968/5375/6679
f 3979/5387/6691 3978/5388/6690 3968/5389/6679
f 3979/5387/6691 3968/5389/6679 3980/5390/6692
f 3980/5390/6692 3968/5389/6679 3966/5391/6693
f 3980/5390/6692 3966/5391/6693 3981/5392/6694
f 3981/5392/6694 3966/5391/6693 3964/5393/6695
f 3982/5394/6696 3981/5392/6694 3970/5395/6697
f 3970/5395/6697 3981/5392/6694 3964/5393/6695
f 3973/5381/6685 3974/5382/6686 3983/5397/6698
f 3983/5397/6698 3974/5382/6686 3984/5396/6699
f 3974/5382/6686 3975/5383/6687 3984/5396/6699
f 3984/5396/6699 3975/5383/6687 3985/5398/6700
f 3975/5383/6687 3976/5384/6688 3985/5398/6700
f 3985/5398/6700 3976/5384/6688 3986/5399/6701
f 3976/5384/6688 3977/5385/6689 3986/5399/6701
f 3986/5399/6701 3977/5385/6689 3987/5400/6702
f 3978/5386/6690 3988/5401/6703 3977/5385/6689
f 3977/5385/6689 3988/5401/6703 3987/5402/6702
f 3979/5387/6691 3989/5403/6704 3978/5388/6690
f 3978/5388/6690 3989/5403/6704 3988/5404/6703
f 3980/5390/6692 3990/5405/6705 3979/5387/6691
f 3979/5387/6691 3990/5405/6705 3989/5403/6704
f 3981/5392/6694 3991/5406/6706 3980/5390/6692
f 3980/5390/6692 3991/5406/6706 3990/5405/6705
f 3981/5392/6694 3982/5394/6696 3991/5406/6706
f 3991/5406/6706 3982/5394/6696 3992/5407/6707
f 3959/5367/6671 3993/5408/6708 3962/5368/6672
f 3962/5368/6672 3993/5408/6708 3994/5409/6709
f 3995/5411/6710 3997/5412/6711 3996/5410/6712
f 3996/5410/6712 3997/5412/6711 3998/5413/6713
f 3997/5412/6711 3999/5414/6714 3998/5413/6713
f 3998/5413/6713 3999/5414/6714 4000/5415/6715
f 3962/5368/6672 3994/5409/6709 3969/5377/6681
f 3969/5377/6681 3994/5409/6709 3995/5411/6710
f 3995/5411/6710 3996/5410/6712 3969/5377/6681
f 3969/5377/6681 3996/5410/6712 3970/5378/6682
f 3971/5379/6683 4001/5416/6716 3959/5367/6671
f 3959/5367/6671 4001/5416/6716 3993/5408/6708
f 3994/5409/6709 3993/5408/6708 4002/5417/6717
f 4002/5417/6717 3993/5408/6708 4001/5416/6716
f 3995/5411/6710 3994/5409/6709 4003/5418/6718
f 4003/5418/6718 3994/5409/6709 4002/5417/6717
f 3997/5412/6711 3995/5411/6710 4004/5419/6719
f 4004/5419/6719 3995/5411/6710 4003/5418/6718
f 4005/5420/6720 3999/5414/6714 4004/5419/6719
f 4004/5419/6719 3999/5414/6714 3997/5412/6711
f 4006/5421/6721 3999/5414/6714 4005/5420/6720
f 4000/5415/6715 3999/5414/6714 4007/5422/6722
f 4007/5422/6722 3999/5414/6714 4006/5421/6721
f 4008/5423/6723 4000/5424/6715 4007/5425/6722
f 3998/5427/6724 4000/5424/6715 4009/5426/6725
f 4009/5426/6725 4000/5424/6715 4008/5423/6723
f 3996/5429/6726 3998/5427/6724 4010/5428/6727
f 4010/5428/6727 3998/5427/6724 4009/5426/6725
f 3982/5394/6696 3970/5395/6697 4010/5428/6727
f 4010/5428/6727 3970/5395/6697 3996/5429/6726
f 4002/5417/6717 4011/5430/6728 4003/5418/6718
f 4003/5418/6718 4011/5430/6728 4012/5431/6729
f 4003/5418/6718 4012/5431/6729 4004/5419/6719
f 4004/5419/6719 4012/5431/6729 4013/5432/6730
f 4004/5419/6719 4013/5432/6730 4005/5420/6720
f 4005/5420/6720 4013/5432/6730 4014/5433/6731
f 4005/5420/6720 4014/5433/6731 4006/5421/6721
f 4006/5421/6721 4014/5433/6731 4015/5434/6732
f 4015/5435/6732 4016/5436/6733 4006/5421/6721
f 4006/5421/6721 4016/5436/6733 4007/5422/6722
f 4016/5437/6733 4017/5438/6734 4007/5425/6722
f 4007/5425/6722 4017/5438/6734 4008/5423/6723
f 4017/5438/6734 4018/5439/6735 4008/5423/6723
f 4008/5423/6723 4018/5439/6735 4009/5426/6725
f 4018/5439/6735 4019/5440/6736 4009/5426/6725
f 4009/5426/6725 4019/5440/6736 4010/5428/6727
f 4010/5428/6727 4019/5440/6736 3982/5394/6696
f 3982/5394/6696 4019/5440/6736 3992/5407/6707
s 82
f 4035/5442/6737 4034/5443/6738 4020/5441/6739
f 4020/5441/6739 4034/5443/6738 4021/5444/6740
f 4021/5444/6740 4034/5443/6738 4022/5446/6741
f 4022/5446/6741 4034/5443/6738 4033/5445/6742
f 4033/5445/6742 4038/5447/6743 4022/5446/6741
f 4022/5446/6741 4038/5447/6743 4023/5448/6744
f 4038/5447/6743 4037/5449/6745 4023/5448/6744
f 4023/5448/6744 4037/5449/6745 4024/5450/6746
f 4024/5450/6746 4037/5449/6745 4025/5452/6747
f 4025/5452/6747 4037/5449/6745 4036/5451/6748
f 4026/5453/6749 4032/5454/6750 4027/5455/6751
f 4027/5455/6751 4032/5454/6750 4028/5456/6752
f 4032/5454/6750 4029/5457/6753 4028/5456/6752
f 4029/5457/6753 4032/5454/6750 4030/5458/6754
f 4030/5458/6754 4032/5454/6750 4031/5459/6755
f 4029/5460/6753 4038/5447/6743 4028/5461/6752
f 4028/5461/6752 4038/5447/6743 4033/5445/6742
f 4034/5443/6738 4027/5462/6751 4033/5445/6742
f 4033/5445/6742 4027/5462/6751 4028/5461/6752
f 4035/5442/6737 4026/5463/6749 4034/5443/6738
f 4034/5443/6738 4026/5463/6749 4027/5462/6751
f 4030/5464/6754 4031/5465/6755 4037/5449/6745
f 4037/5449/6745 4031/5465/6755 4036/5451/6748
f 4029/5460/6753 4030/5464/6754 4038/5447/6743
f 4038/5447/6743 4030/5464/6754 4037/5449/6745
f 4040/5466/6756 4039/5467/6757 4021/5444/6740
f 4021/5444/6740 4039/5467/6757 4020/5441/6739
f 4041/5468/6758 4040/5466/6756 4022/5446/6741
f 4022/5446/6741 4040/5466/6756 4021/5444/6740
f 4041/5468/6758 4022/5446/6741 4042/5469/6759
f 4042/5469/6759 4022/5446/6741 4023/5448/6744
f 4024/5450/6746 4043/5470/6760 4023/5448/6744
f 4023/5448/6744 4043/5470/6760 4042/5469/6759
f 4025/5452/6747 4044/5471/6761 4024/5450/6746
f 4024/5450/6746 4044/5471/6761 4043/5470/6760
s 84
f 4045/5472/6762 4046/5473/6763 4048/5475/6764
f 4048/5475/6764 4046/5473/6763 4047/5474/6765
f 4049/5477/6766 4051/5478/6767 4050/5476/6768
f 4050/5476/6768 4051/5478/6767 4052/5479/6769
f 4051/5478/6767 4053/5480/6770 4052/5479/6769
f 4052/5479/6769 4053/5480/6770 4054/5481/6771
f 4048/5475/6764 4047/5474/6765 4055/5482/6772
f 4055/5482/6772 4047/5474/6765 4049/5477/6766
f 4049/5477/6766 4050/5476/6768 4055/5482/6772
f 4055/5482/6772 4050/5476/6768 4056/5483/6773
f 4057/5484/6774 4058/5485/6775 4045/5472/6762
f 4045/5472/6762 4058/5485/6775 4046/5473/6763
f 4047/5474/6765 4046/5473/6763 4059/5486/6776
f 4059/5486/6776 4046/5473/6763 4058/5485/6775
f 4049/5477/6766 4047/5474/6765 4060/5487/6777
f 4060/5487/6777 4047/5474/6765 4059/5486/6776
f 4051/5478/6767 4049/5477/6766 4061/5488/6778
f 4061/5488/6778 4049/5477/6766 4060/5487/6777
f 4062/5489/6779 4053/5480/6770 4061/5488/6778
f 4061/5488/6778 4053/5480/6770 4051/5478/6767
f 4063/5490/6780 4053/5480/6770 4062/5489/6779
f 4054/5481/6771 4053/5480/6770 4064/5491/6781
f 4064/5491/6781 4053/5480/6770 4063/5490/6780
f 4065/5492/6782 4054/5493/6771 4064/5494/6781
f 4052/5496/6783 4054/5493/6771 4066/5495/6784
f 4066/5495/6784 4054/5493/6771 4065/5492/6782
f 4050/5498/6785 4052/5496/6783 4067/5497/6786
f 4067/5497/6786 4052/5496/6783 4066/5495/6784
f 4068/5499/6787 4056/5500/6788 4067/5497/6786
f 4067/5497/6786 4056/5500/6788 4050/5498/6785
f 4059/5486/6776 3983/5501/6789 4060/5487/6777
f 4060/5487/6777 3983/5501/6789 3984/5502/6790
f 4060/5487/6777 3984/5502/6790 4061/5488/6778
f 4061/5488/6778 3984/5502/6790 3985/5503/6791
f 4061/5488/6778 3985/5503/6791 4062/5489/6779
f 4062/5489/6779 3985/5503/6791 3986/5504/6792
f 4062/5489/6779 3986/5504/6792 4063/5490/6780
f 4063/5490/6780 3986/5504/6792 3987/5505/6793
f 3987/5506/6793 3988/5507/6794 4063/5490/6780
f 4063/5490/6780 3988/5507/6794 4064/5491/6781
f 3988/5508/6794 3989/5509/6795 4064/5494/6781
f 4064/5494/6781 3989/5509/6795 4065/5492/6782
f 3989/5509/6795 3990/5510/6796 4065/5492/6782
f 4065/5492/6782 3990/5510/6796 4066/5495/6784
f 3990/5510/6796 3991/5511/6797 4066/5495/6784
f 4066/5495/6784 3991/5511/6797 4067/5497/6786
f 4067/5497/6786 3991/5511/6797 4068/5499/6787
f 4068/5499/6787 3991/5511/6797 3992/5512/6798
f 4045/5472/6762 4048/5475/6764 4069/5514/6799
f 4069/5514/6799 4048/5475/6764 4070/5513/6800
f 4074/5516/6801 4073/5517/6802 4072/5515/6803
f 4072/5515/6803 4073/5517/6802 4071/5518/6804
f 4076/5519/6805 4075/5520/6806 4074/5516/6801
f 4074/5516/6801 4075/5520/6806 4073/5517/6802
f 4048/5475/6764 4055/5482/6772 4070/5513/6800
f 4070/5513/6800 4055/5482/6772 4071/5518/6804
f 4056/5483/6773 4072/5515/6803 4055/5482/6772
f 4055/5482/6772 4072/5515/6803 4071/5518/6804
f 4057/5484/6774 4045/5472/6762 4077/5521/6807
f 4077/5521/6807 4045/5472/6762 4069/5514/6799
f 4077/5521/6807 4069/5514/6799 4078/5522/6808
f 4078/5522/6808 4069/5514/6799 4070/5513/6800
f 4078/5522/6808 4070/5513/6800 4079/5523/6809
f 4079/5523/6809 4070/5513/6800 4071/5518/6804
f 4079/5523/6809 4071/5518/6804 4080/5524/6810
f 4080/5524/6810 4071/5518/6804 4073/5517/6802
f 4081/5525/6811 4080/5524/6810 4075/5520/6806
f 4075/5520/6806 4080/5524/6810 4073/5517/6802
f 4082/5526/6812 4081/5525/6811 4075/5520/6806
f 4082/5526/6812 4075/5520/6806 4083/5527/6813
f 4083/5527/6813 4075/5520/6806 4076/5519/6805
f 4084/5528/6814 4083/5529/6813 4076/5530/6805
f 4084/5528/6814 4076/5530/6805 4085/5531/6815
f 4085/5531/6815 4076/5530/6805 4074/5532/6816
f 4085/5531/6815 4074/5532/6816 4086/5533/6817
f 4086/5533/6817 4074/5532/6816 4072/5534/6818
f 4068/5499/6787 4086/5533/6817 4056/5500/6788
f 4056/5500/6788 4086/5533/6817 4072/5534/6818
f 4078/5522/6808 4079/5523/6809 4011/5536/6819
f 4011/5536/6819 4079/5523/6809 4012/5535/6820
f 4079/5523/6809 4080/5524/6810 4012/5535/6820
f 4012/5535/6820 4080/5524/6810 4013/5537/6821
f 4080/5524/6810 4081/5525/6811 4013/5537/6821
f 4013/5537/6821 4081/5525/6811 4014/5538/6822
f 4081/5525/6811 4082/5526/6812 4014/5538/6822
f 4014/5538/6822 4082/5526/6812 4015/5539/6823
f 4083/5527/6813 4016/5540/6824 4082/5526/6812
f 4082/5526/6812 4016/5540/6824 4015/5541/6823
f 4084/5528/6814 4017/5542/6825 4083/5529/6813
f 4083/5529/6813 4017/5542/6825 4016/5543/6824
f 4085/5531/6815 4018/5544/6826 4084/5528/6814
f 4084/5528/6814 4018/5544/6826 4017/5542/6825
f 4086/5533/6817 4019/5545/6827 4085/5531/6815
f 4085/5531/6815 4019/5545/6827 4018/5544/6826
f 4086/5533/6817 4068/5499/6787 4019/5545/6827
f 4019/5545/6827 4068/5499/6787 3992/5512/6798
s 91
f 4087/5547/6828 4096/5548/6829 4020/5546/6830
f 4020/5546/6830 4096/5548/6829 4035/5549/6831
f 4087/5547/6828 4088/5550/6832 4096/5548/6829
f 4096/5548/6829 4088/5550/6832 4095/5551/6833
f 4095/5551/6833 4088/5550/6832 4098/5553/6834
f 4098/5553/6834 4088/5550/6832 4089/5552/6835
f 4090/5554/6836 4097/5555/6837 4089/5552/6835
f 4089/5552/6835 4097/5555/6837 4098/5553/6834
f 4090/5554/6836 4025/5556/6838 4097/5555/6837
f 4097/5555/6837 4025/5556/6838 4036/5557/6839
f 4026/5558/6840 4091/5559/6841 4032/5560/6842
f 4091/5559/6841 4092/5561/6843 4032/5560/6842
f 4032/5560/6842 4092/5561/6843 4093/5562/6844
f 4093/5562/6844 4094/5563/6845 4032/5560/6842
f 4094/5563/6845 4031/5564/6846 4032/5560/6842
f 4093/5565/6844 4092/5566/6843 4098/5553/6834
f 4098/5553/6834 4092/5566/6843 4095/5551/6833
f 4096/5548/6829 4095/5551/6833 4091/5567/6841
f 4091/5567/6841 4095/5551/6833 4092/5566/6843
f 4035/5549/6831 4096/5548/6829 4026/5568/6840
f 4026/5568/6840 4096/5548/6829 4091/5567/6841
f 4036/5557/6839 4031/5569/6846 4097/5555/6837
f 4097/5555/6837 4031/5569/6846 4094/5570/6845
f 4097/5555/6837 4094/5570/6845 4098/5553/6834
f 4098/5553/6834 4094/5570/6845 4093/5565/6844
f 4020/5546/6830 4039/5571/6847 4087/5547/6828
f 4087/5547/6828 4039/5571/6847 4099/5572/6848
f 4087/5547/6828 4099/5572/6848 4088/5550/6832
f 4088/5550/6832 4099/5572/6848 4100/5573/6849
f 4100/5573/6849 4101/5574/6850 4088/5550/6832
f 4088/5550/6832 4101/5574/6850 4089/5552/6835
f 4090/5554/6836 4089/5552/6835 4102/5575/6851
f 4102/5575/6851 4089/5552/6835 4101/5574/6850
f 4025/5556/6838 4090/5554/6836 4044/5576/6852
f 4044/5576/6852 4090/5554/6836 4102/5575/6851
s 94
f 4103/5577/6853 4104/5578/6854 4158/5580/6855
f 4158/5580/6855 4104/5578/6854 4157/5579/6856
f 4104/5578/6854 4105/5581/6857 4157/5579/6856
f 4157/5579/6856 4105/5581/6857 4156/5582/6858
f 4105/5581/6857 4106/5583/6859 4156/5582/6858
f 4156/5582/6858 4106/5583/6859 4155/5584/6860
f 4107/5585/6861 4154/5586/6862 4106/5583/6859
f 4106/5583/6859 4154/5586/6862 4155/5584/6860
f 4108/5587/6863 4153/5588/6864 4107/5585/6861
f 4107/5585/6861 4153/5588/6864 4154/5586/6862
f 4109/5589/6865 4152/5590/6866 4108/5587/6863
f 4108/5587/6863 4152/5590/6866 4153/5588/6864
f 4117/5592/6867 4135/5593/6868 4118/5591/6869
f 4118/5591/6869 4135/5593/6868 4136/5594/6870
f 4118/5591/6869 4136/5594/6870 4119/5595/6871
f 4119/5595/6871 4136/5594/6870 4137/5596/6872
f 4119/5595/6871 4137/5596/6872 4120/5597/6873
f 4120/5597/6873 4137/5596/6872 4131/5598/6874
f 4121/5599/6875 4120/5597/6873 4132/5600/6876
f 4132/5600/6876 4120/5597/6873 4131/5598/6874
f 4122/5601/6877 4121/5599/6875 4133/5602/6878
f 4133/5602/6878 4121/5599/6875 4132/5600/6876
f 4123/5603/6879 4122/5601/6877 4134/5604/6880
f 4134/5604/6880 4122/5601/6877 4133/5602/6878
f 4131/5598/6874 4113/5605/6881 4132/5600/6876
f 4132/5600/6876 4113/5605/6881 4112/5606/6882
f 4132/5600/6876 4112/5606/6882 4133/5602/6878
f 4133/5602/6878 4112/5606/6882 4111/5607/6883
f 4133/5602/6878 4111/5607/6883 4134/5604/6880
f 4134/5604/6880 4111/5607/6883 4110/5608/6884
f 4136/5594/6870 4135/5593/6868 4115/5610/6885
f 4115/5610/6885 4135/5593/6868 4116/5609/6886
f 4137/5596/6872 4136/5594/6870 4114/5611/6887
f 4114/5611/6887 4136/5594/6870 4115/5610/6885
f 4131/5598/6874 4137/5596/6872 4113/5605/6881
f 4113/5605/6881 4137/5596/6872 4114/5611/6887
f 4138/5612/6888 4139/5613/6889 4151/5615/6890
f 4151/5615/6890 4139/5613/6889 4150/5614/6891
f 4139/5613/6889 4138/5612/6888 4140/5617/6892
f 4140/5617/6892 4138/5612/6888 4141/5616/6893
f 4140/5617/6892 4141/5616/6893 4142/5619/6894
f 4142/5619/6894 4141/5616/6893 4143/5618/6895
f 4142/5619/6894 4143/5618/6895 4144/5621/6896
f 4144/5621/6896 4143/5618/6895 4145/5620/6897
f 4144/5621/6896 4145/5620/6897 4146/5623/6898
f 4146/5623/6898 4145/5620/6897 4147/5622/6899
f 4148/5624/6900 4149/5625/6901 4150/5614/6891
f 4150/5614/6891 4149/5625/6901 4151/5615/6890
f 4124/5627/6902 4148/5624/6900 4125/5626/6903
f 4125/5626/6903 4148/5624/6900 4150/5614/6891
f 4125/5626/6903 4150/5614/6891 4126/5628/6904
f 4126/5628/6904 4150/5614/6891 4139/5613/6889
f 4126/5628/6904 4139/5613/6889 4127/5629/6905
f 4127/5629/6905 4139/5613/6889 4140/5617/6892
f 4128/5630/6906 4127/5629/6905 4142/5619/6894
f 4142/5619/6894 4127/5629/6905 4140/5617/6892
f 4129/5631/6907 4128/5630/6906 4144/5621/6896
f 4144/5621/6896 4128/5630/6906 4142/5619/6894
f 4130/5632/6908 4129/5631/6907 4146/5623/6898
f 4146/5623/6898 4129/5631/6907 4144/5621/6896
f 4141/5616/6893 4138/5612/6888 4120/5597/6873
f 4120/5597/6873 4138/5612/6888 4119/5595/6871
f 4141/5616/6893 4120/5597/6873 4143/5618/6895
f 4143/5618/6895 4120/5597/6873 4121/5599/6875
f 4143/5618/6895 4121/5599/6875 4145/5620/6897
f 4145/5620/6897 4121/5599/6875 4122/5601/6877
f 4145/5620/6897 4122/5601/6877 4147/5622/6899
f 4147/5622/6899 4122/5601/6877 4123/5603/6879
f 4151/5615/6890 4149/5625/6901 4118/5591/6869
f 4118/5591/6869 4149/5625/6901 4117/5592/6867
f 4138/5612/6888 4151/5615/6890 4119/5595/6871
f 4119/5595/6871 4151/5615/6890 4118/5591/6869
f 4153/5588/6864 4152/5590/6866 4125/5626/6903
f 4125/5626/6903 4152/5590/6866 4124/5627/6902
f 4154/5586/6862 4153/5588/6864 4126/5628/6904
f 4126/5628/6904 4153/5588/6864 4125/5626/6903
f 4155/5584/6860 4154/5586/6862 4127/5629/6905
f 4127/5629/6905 4154/5586/6862 4126/5628/6904
f 4155/5584/6860 4127/5629/6905 4156/5582/6858
f 4156/5582/6858 4127/5629/6905 4128/5630/6906
f 4156/5582/6858 4128/5630/6906 4157/5579/6856
f 4157/5579/6856 4128/5630/6906 4129/5631/6907
f 4157/5579/6856 4129/5631/6907 4158/5580/6855
f 4158/5580/6855 4129/5631/6907 4130/5632/6908
s 105
f 4103/5633/6909 4158/5634/6910 4159/5636/6911
f 4159/5636/6911 4158/5634/6910 4198/5635/6912
f 4159/5636/6911 4198/5635/6912 4160/5638/6913
f 4160/5638/6913 4198/5635/6912 4197/5637/6914
f 4160/5638/6913 4197/5637/6914 4161/5640/6915
f 4161/5640/6915 4197/5637/6914 4196/5639/6916
f 4196/5639/6916 4195/5641/6917 4161/5640/6915
f 4161/5640/6915 4195/5641/6917 4162/5642/6918
f 4195/5641/6917 4194/5643/6919 4162/5642/6918
f 4162/5642/6918 4194/5643/6919 4163/5644/6920
f 4194/5643/6919 4152/5645/6921 4163/5644/6920
f 4163/5644/6920 4152/5645/6921 4109/5646/6922
f 4182/5648/6923 4135/5649/6924 4169/5647/6925
f 4169/5647/6925 4135/5649/6924 4117/5650/6926
f 4183/5652/6927 4182/5648/6923 4170/5651/6928
f 4170/5651/6928 4182/5648/6923 4169/5647/6925
f 4179/5654/6929 4183/5652/6927 4171/5653/6930
f 4171/5653/6930 4183/5652/6927 4170/5651/6928
f 4172/5655/6931 4180/5656/6932 4171/5653/6930
f 4171/5653/6930 4180/5656/6932 4179/5654/6929
f 4173/5657/6933 4181/5658/6934 4172/5655/6931
f 4172/5655/6931 4181/5658/6934 4180/5656/6932
f 4123/5659/6935 4134/5660/6936 4173/5657/6933
f 4173/5657/6933 4134/5660/6936 4181/5658/6934
f 4165/5661/6937 4166/5662/6938 4180/5656/6932
f 4180/5656/6932 4166/5662/6938 4179/5654/6929
f 4164/5663/6939 4165/5661/6937 4181/5658/6934
f 4181/5658/6934 4165/5661/6937 4180/5656/6932
f 4110/5664/6940 4164/5663/6939 4134/5660/6936
f 4134/5660/6936 4164/5663/6939 4181/5658/6934
f 4182/5648/6923 4168/5665/6941 4135/5649/6924
f 4135/5649/6924 4168/5665/6941 4116/5666/6942
f 4183/5652/6927 4167/5667/6943 4182/5648/6923
f 4182/5648/6923 4167/5667/6943 4168/5665/6941
f 4179/5654/6929 4166/5662/6938 4183/5652/6927
f 4183/5652/6927 4166/5662/6938 4167/5667/6943
f 4184/5668/6944 4193/5669/6945 4185/5671/6946
f 4185/5671/6946 4193/5669/6945 4192/5670/6947
f 4185/5671/6946 4186/5672/6948 4184/5668/6944
f 4184/5668/6944 4186/5672/6948 4187/5673/6949
f 4186/5672/6948 4188/5674/6950 4187/5673/6949
f 4187/5673/6949 4188/5674/6950 4189/5675/6951
f 4188/5674/6950 4190/5676/6952 4189/5675/6951
f 4189/5675/6951 4190/5676/6952 4191/5677/6953
f 4190/5676/6952 4146/5678/6954 4191/5677/6953
f 4191/5677/6953 4146/5678/6954 4147/5679/6955
f 4148/5680/6956 4192/5670/6947 4149/5681/6957
f 4149/5681/6957 4192/5670/6947 4193/5669/6945
f 4192/5670/6947 4148/5680/6956 4174/5682/6958
f 4174/5682/6958 4148/5680/6956 4124/5683/6959
f 4185/5671/6946 4192/5670/6947 4175/5684/6960
f 4175/5684/6960 4192/5670/6947 4174/5682/6958
f 4186/5672/6948 4185/5671/6946 4176/5685/6961
f 4176/5685/6961 4185/5671/6946 4175/5684/6960
f 4177/5686/6962 4188/5674/6950 4176/5685/6961
f 4176/5685/6961 4188/5674/6950 4186/5672/6948
f 4178/5687/6963 4190/5676/6952 4177/5686/6962
f 4177/5686/6962 4190/5676/6952 4188/5674/6950
f 4130/5688/6964 4146/5678/6954 4178/5687/6963
f 4178/5687/6963 4146/5678/6954 4190/5676/6952
f 4187/5673/6949 4171/5653/6930 4184/5668/6944
f 4184/5668/6944 4171/5653/6930 4170/5651/6928
f 4172/5655/6931 4171/5653/6930 4189/5675/6951
f 4189/5675/6951 4171/5653/6930 4187/5673/6949
f 4173/5657/6933 4172/5655/6931 4191/5677/6953
f 4191/5677/6953 4172/5655/6931 4189/5675/6951
f 4123/5659/6935 4173/5657/6933 4147/5679/6955
f 4147/5679/6955 4173/5657/6933 4191/5677/6953
f 4193/5669/6945 4169/5647/6925 4149/5681/6957
f 4149/5681/6957 4169/5647/6925 4117/5650/6926
f 4184/5668/6944 4170/5651/6928 4193/5669/6945
f 4193/5669/6945 4170/5651/6928 4169/5647/6925
f 4194/5643/6919 4174/5682/6958 4152/5645/6921
f 4152/5645/6921 4174/5682/6958 4124/5683/6959
f 4195/5641/6917 4175/5684/6960 4194/5643/6919
f 4194/5643/6919 4175/5684/6960 4174/5682/6958
f 4196/5639/6916 4176/5685/6961 4195/5641/6917
f 4195/5641/6917 4176/5685/6961 4175/5684/6960
f 4177/5686/6962 4176/5685/6961 4197/5637/6914
f 4197/5637/6914 4176/5685/6961 4196/5639/6916
f 4178/5687/6963 4177/5686/6962 4198/5635/6912
f 4198/5635/6912 4177/5686/6962 4197/5637/6914
f 4130/5688/6964 4178/5687/6963 4158/5634/6910
f 4158/5634/6910 4178/5687/6963 4198/5635/6912
s 113
f 4226/5690/6965 4225/5691/6966 4223/5689/6967
f 4223/5689/6967 4225/5691/6966 4224/5692/6968
f 4225/5691/6966 4228/5693/6969 4224/5692/6968
f 4224/5692/6968 4228/5693/6969 4227/5694/6970
f 4227/5694/6970 4228/5693/6969 4229/5696/6971
f 4229/5696/6971 4228/5693/6969 4230/5695/6972
f 4229/5696/6971 4230/5695/6972 4231/5698/6973
f 4231/5698/6973 4230/5695/6972 4232/5697/6974
f 4231/5698/6973 4232/5697/6974 4233/5700/6975
f 4233/5700/6975 4232/5697/6974 4234/5699/6976
f 4234/5699/6976 4236/5701/6977 4233/5700/6975
f 4233/5700/6975 4236/5701/6977 4235/5702/6978
f 4236/5701/6977 4238/5703/6979 4235/5702/6978
f 4235/5702/6978 4238/5703/6979 4237/5704/6980
f 4238/5703/6979 4240/5705/6981 4237/5704/6980
f 4237/5704/6980 4240/5705/6981 4239/5706/6982
f 4239/5706/6982 4240/5705/6981 4241/5708/6983
f 4241/5708/6983 4240/5705/6981 4242/5707/6984
f 4241/5708/6983 4242/5707/6984 4243/5710/6985
f 4243/5710/6985 4242/5707/6984 4244/5709/6986
f 4243/5710/6985 4244/5709/6986 4245/5712/6987
f 4245/5712/6987 4244/5709/6986 4246/5711/6988
f 4246/5711/6988 4226/5690/6965 4245/5712/6987
f 4245/5712/6987 4226/5690/6965 4223/5689/6967
s 114
f 4199/5713/6989 4200/5714/6990 4211/5716/6991
f 4211/5716/6991 4200/5714/6990 4212/5715/6992
f 4200/5714/6990 4201/5717/6993 4212/5715/6992
f 4212/5715/6992 4201/5717/6993 4213/5718/6994
f 4202/5719/6995 4214/5720/6996 4201/5717/6993
f 4201/5717/6993 4214/5720/6996 4213/5718/6994
f 4203/5721/6997 4215/5722/6998 4202/5719/6995
f 4202/5719/6995 4215/5722/6998 4214/5720/6996
f 4204/5723/6999 4216/5724/7000 4203/5721/6997
f 4203/5721/6997 4216/5724/7000 4215/5722/6998
f 4204/5723/6999 4205/5725/7001 4216/5724/7000
f 4216/5724/7000 4205/5725/7001 4217/5726/7002
f 4205/5725/7001 4206/5727/7003 4217/5726/7002
f 4217/5726/7002 4206/5727/7003 4218/5728/7004
f 4206/5727/7003 4207/5729/7005 4218/5728/7004
f 4218/5728/7004 4207/5729/7005 4219/5730/7006
f 4208/5731/7007 4220/5732/7008 4207/5729/7005
f 4207/5729/7005 4220/5732/7008 4219/5730/7006
f 4209/5733/7009 4221/5734/7010 4208/5731/7007
f 4208/5731/7007 4221/5734/7010 4220/5732/7008
f 4210/5735/7011 4222/5736/7012 4209/5733/7009
f 4209/5733/7009 4222/5736/7012 4221/5734/7010
f 4210/5735/7011 4199/5713/6989 4222/5736/7012
f 4222/5736/7012 4199/5713/6989 4211/5716/6991
s 121
f 4225/5691/7013 4226/5690/7014 4212/5715/7015
f 4212/5715/7015 4226/5690/7014 4211/5716/7016
f 4228/5693/7017 4225/5691/7013 4213/5718/7018
f 4213/5718/7018 4225/5691/7013 4212/5715/7015
f 4214/5720/7019 4230/5695/7020 4213/5718/7018
f 4213/5718/7018 4230/5695/7020 4228/5693/7017
f 4215/5722/7021 4232/5697/7022 4214/5720/7019
f 4214/5720/7019 4232/5697/7022 4230/5695/7020
f 4216/5724/7023 4234/5699/7024 4215/5722/7021
f 4215/5722/7021 4234/5699/7024 4232/5697/7022
f 4236/5701/7025 4234/5699/7024 4217/5726/7026
f 4217/5726/7026 4234/5699/7024 4216/5724/7023
f 4238/5703/7027 4236/5701/7025 4218/5728/7028
f 4218/5728/7028 4236/5701/7025 4217/5726/7026
f 4240/5705/7029 4238/5703/7027 4219/5730/7030
f 4219/5730/7030 4238/5703/7027 4218/5728/7028
f 4220/5732/7031 4242/5707/7032 4219/5730/7030
f 4219/5730/7030 4242/5707/7032 4240/5705/7029
f 4221/5734/7033 4244/5709/7034 4220/5732/7031
f 4220/5732/7031 4244/5709/7034 4242/5707/7032
f 4222/5736/7035 4246/5711/7036 4221/5734/7033
f 4221/5734/7033 4246/5711/7036 4244/5709/7034
f 4226/5690/7014 4246/5711/7036 4211/5716/7016
f 4211/5716/7016 4246/5711/7036 4222/5736/7035
s 128
f 4274/5738/7037 4273/5739/7038 4271/5737/7039
f 4271/5737/7039 4273/5739/7038 4272/5740/7040
f 4273/5739/7038 4276/5741/7041 4272/5740/7040
f 4272/5740/7040 4276/5741/7041 4275/5742/7042
f 4275/5742/7042 4276/5741/7041 4277/5744/7043
f 4277/5744/7043 4276/5741/7041 4278/5743/7044
f 4277/5744/7043 4278/5743/7044 4279/5746/7045
f 4279/5746/7045 4278/5743/7044 4280/5745/7046
f 4279/5746/7045 4280/5745/7046 4281/5748/7047
f 4281/5748/7047 4280/5745/7046 4282/5747/7048
f 4282/5747/7048 4284/5749/7049 4281/5748/7047
f 4281/5748/7047 4284/5749/7049 4283/5750/7050
f 4284/5749/7049 4286/5751/7051 4283/5750/7050
f 4283/5750/7050 4286/5751/7051 4285/5752/7052
f 4286/5751/7051 4288/5753/7053 4285/5752/7052
f 4285/5752/7052 4288/5753/7053 4287/5754/7054
f 4287/5754/7054 4288/5753/7053 4289/5756/7055
f 4289/5756/7055 4288/5753/7053 4290/5755/7056
f 4289/5756/7055 4290/5755/7056 4291/5758/7057
f 4291/5758/7057 4290/5755/7056 4292/5757/7058
f 4291/5758/7057 4292/5757/7058 4293/5760/7059
f 4293/5760/7059 4292/5757/7058 4294/5759/7060
f 4294/5759/7060 4274/5738/7037 4293/5760/7059
f 4293/5760/7059 4274/5738/7037 4271/5737/7039
s 129
f 4247/5761/7061 4248/5762/7062 4259/5764/7063
f 4259/5764/7063 4248/5762/7062 4260/5763/7064
f 4248/5762/7062 4249/5765/7065 4260/5763/7064
f 4260/5763/7064 4249/5765/7065 4261/5766/7066
f 4250/5767/7067 4262/5768/7068 4249/5765/7065
f 4249/5765/7065 4262/5768/7068 4261/5766/7066
f 4251/5769/7069 4263/5770/7070 4250/5767/7067
f 4250/5767/7067 4263/5770/7070 4262/5768/7068
f 4252/5771/7071 4264/5772/7072 4251/5769/7069
f 4251/5769/7069 4264/5772/7072 4263/5770/7070
f 4252/5771/7071 4253/5773/7073 4264/5772/7072
f 4264/5772/7072 4253/5773/7073 4265/5774/7074
f 4253/5773/7073 4254/5775/7075 4265/5774/7074
f 4265/5774/7074 4254/5775/7075 4266/5776/7076
f 4254/5775/7075 4255/5777/7077 4266/5776/7076
f 4266/5776/7076 4255/5777/7077 4267/5778/7078
f 4256/5779/7079 4268/5780/7080 4255/5777/7077
f 4255/5777/7077 4268/5780/7080 4267/5778/7078
f 4257/5781/7081 4269/5782/7082 4256/5779/7079
f 4256/5779/7079 4269/5782/7082 4268/5780/7080
f 4258/5783/7083 4270/5784/7084 4257/5781/7081
f 4257/5781/7081 4270/5784/7084 4269/5782/7082
f 4258/5783/7083 4247/5761/7061 4270/5784/7084
f 4270/5784/7084 4247/5761/7061 4259/5764/7063
s 136
f 4273/5739/7085 4274/5738/7086 4260/5763/7087
f 4260/5763/7087 4274/5738/7086 4259/5764/7088
f 4276/5741/7089 4273/5739/7085 4261/5766/7090
f 4261/5766/7090 4273/5739/7085 4260/5763/7087
f 4262/5768/7091 4278/5743/7092 4261/5766/7090
f 4261/5766/7090 4278/5743/7092 4276/5741/7089
f 4263/5770/7093 4280/5745/7094 4262/5768/7091
f 4262/5768/7091 4280/5745/7094 4278/5743/7092
f 4264/5772/7095 4282/5747/7096 4263/5770/7093
f 4263/5770/7093 4282/5747/7096 4280/5745/7094
f 4284/5749/7097 4282/5747/7096 4265/5774/7098
f 4265/5774/7098 4282/5747/7096 4264/5772/7095
f 4286/5751/7099 4284/5749/7097 4266/5776/7100
f 4266/5776/7100 4284/5749/7097 4265/5774/7098
f 4288/5753/7101 4286/5751/7099 4267/5778/7102
f 4267/5778/7102 4286/5751/7099 4266/5776/7100
f 4268/5780/7103 4290/5755/7104 4267/5778/7102
f 4267/5778/7102 4290/5755/7104 4288/5753/7101
f 4269/5782/7105 4292/5757/7106 4268/5780/7103
f 4268/5780/7103 4292/5757/7106 4290/5755/7104
f 4270/5784/7107 4294/5759/7108 4269/5782/7105
f 4269/5782/7105 4294/5759/7108 4292/5757/7106
f 4274/5738/7086 4294/5759/7108 4259/5764/7088
f 4259/5764/7088 4294/5759/7108 4270/5784/7107
s 143
f 4308/5785/7109 4303/5786/7110 4307/5788/7111
f 4307/5788/7111 4303/5786/7110 4297/5787/7112
s 144
f 4298/5789/7113 4305/5790/7114 4303/5786/7115
f 4303/5786/7115 4305/5790/7114 4309/5791/7116
s 143
f 4303/5786/7110 4308/5785/7109 4298/5789/7117
f 4298/5789/7117 4308/5785/7109 4295/5792/7118
f 4295/5792/7118 4301/5793/7119 4298/5789/7117
f 4298/5789/7117 4301/5793/7119 4300/5794/7120
f 4295/5792/7118 4296/5795/7121 4301/5793/7119
f 4301/5793/7119 4296/5795/7121 4302/5796/7122
s 144
f 4298/5789/7113 4300/5794/7123 4305/5790/7114
f 4305/5790/7114 4300/5794/7123 4304/5797/7124
s 143
f 4308/5785/7109 4306/5798/7125 4295/5792/7118
f 4295/5792/7118 4306/5798/7125 4296/5795/7121
s 144
f 4299/5799/7126 4303/5786/7115 4309/5791/7116
s 143
f 4303/5786/7110 4299/5799/7127 4297/5787/7112
f 4308/5785/7109 4307/5788/7111 4306/5798/7125
s 144
f 4310/5800/7128 4316/5801/7129 4311/5803/7130
f 4311/5803/7130 4316/5801/7129 4317/5802/7131
s 143
f 4312/5804/7132 4313/5805/7133 4311/5803/7134
f 4311/5803/7134 4313/5805/7133 4310/5800/7135
f 4314/5806/7136 4315/5807/7137 4312/5804/7132
f 4312/5804/7132 4315/5807/7137 4313/5805/7133
f 4301/5793/7119 4312/5804/7132 4300/5794/7120
f 4300/5794/7120 4312/5804/7132 4311/5803/7134
f 4302/5796/7122 4314/5806/7136 4301/5793/7119
f 4301/5793/7119 4314/5806/7136 4312/5804/7132
s 144
f 4300/5794/7123 4311/5803/7130 4304/5797/7124
f 4304/5797/7124 4311/5803/7130 4317/5802/7131
s 147
f 4323/5808/7138 4307/5809/7139 4322/5811/7140
f 4322/5811/7140 4307/5809/7139 4297/5810/7141
s 148
f 4309/5812/7142 4305/5813/7143 4322/5811/7144
f 4322/5811/7144 4305/5813/7143 4319/5814/7145
s 147
f 4318/5815/7146 4323/5808/7138 4319/5814/7147
f 4319/5814/7147 4323/5808/7138 4322/5811/7140
f 4318/5815/7146 4319/5814/7147 4321/5817/7148
f 4321/5817/7148 4319/5814/7147 4320/5816/7149
f 4318/5815/7146 4321/5817/7148 4296/5819/7150
f 4296/5819/7150 4321/5817/7148 4302/5818/7151
s 148
f 4319/5814/7145 4305/5813/7143 4320/5816/7152
f 4320/5816/7152 4305/5813/7143 4304/5820/7153
s 147
f 4296/5819/7150 4306/5821/7154 4318/5815/7146
f 4318/5815/7146 4306/5821/7154 4323/5808/7138
s 148
f 4299/5822/7155 4309/5812/7142 4322/5811/7144
s 147
f 4322/5811/7140 4297/5810/7141 4299/5822/7156
f 4323/5808/7138 4306/5821/7154 4307/5809/7139
s 148
f 4324/5823/7157 4325/5824/7158 4316/5826/7159
f 4316/5826/7159 4325/5824/7158 4317/5825/7160
s 147
f 4324/5823/7161 4327/5827/7162 4325/5824/7163
f 4325/5824/7163 4327/5827/7162 4326/5828/7164
f 4327/5827/7162 4315/5829/7165 4326/5828/7164
f 4326/5828/7164 4315/5829/7165 4314/5830/7166
f 4321/5817/7148 4320/5816/7149 4326/5828/7164
f 4326/5828/7164 4320/5816/7149 4325/5824/7163
f 4302/5818/7151 4321/5817/7148 4314/5830/7166
f 4314/5830/7166 4321/5817/7148 4326/5828/7164
s 148
f 4320/5816/7152 4304/5820/7153 4325/5824/7158
f 4325/5824/7158 4304/5820/7153 4317/5825/7160
