# This file uses centimeters as units for non-parametric coordinates.

g default
v -278.539962 -27.738762 -0.000000
v -214.156589 -21.627118 0.000000
v -147.777074 -16.944893 0.000000
v -71.929554 -13.318626 0.000000
v 18.721114 -8.508788 0.000000
v 17.045609 23.068972 -0.000000
v -74.136258 18.230489 0.000000
v -149.135591 13.020489 0.000000
v -217.968258 8.037935 0.000000
v -284.370919 1.281543 0.000000
v -279.347133 -21.806879 -9.787691
v -278.594549 -27.319111 -4.254533
v -214.899644 -15.715970 -9.777199
v -214.202632 -21.201666 -4.265243
v -148.137825 -11.001631 -9.777044
v -147.804299 -16.517884 -4.266857
v -72.293806 -7.400185 -9.766941
v -71.949901 -12.895227 -4.256960
v 18.698612 -8.084695 -4.259127
v 18.406687 -2.582807 -9.768910
v 17.068113 22.644848 -4.259215
v 17.360044 17.142836 -9.768945
v -73.722580 12.324795 -9.762775
v -74.107566 17.809333 -4.252957
v -148.782688 7.101055 -9.767464
v -149.099224 12.598094 -4.256519
v -217.327713 2.164583 -9.757512
v -217.919576 7.620775 -4.247159
v -283.504787 -4.554153 -9.750834
v -284.311029 0.859686 -4.261359
v -279.347133 -21.806879 9.787687
v -278.594549 -27.319111 4.254533
v -214.899644 -15.715970 9.777199
v -214.202632 -21.201666 4.265243
v -148.137825 -11.001631 9.777044
v -147.804299 -16.517884 4.266857
v -72.293806 -7.400185 9.766941
v -71.949901 -12.895227 4.256960
v 18.698612 -8.084695 4.259127
v 18.406687 -2.582807 9.768910
v 17.068113 22.644848 4.259215
v 17.360044 17.142836 9.768945
v -73.722580 12.324795 9.762775
v -74.107566 17.809333 4.252957
v -148.782688 7.101055 9.767464
v -149.099224 12.598094 4.256519
v -217.327713 2.164583 9.757512
v -217.919576 7.620775 4.247159
v -283.504787 -4.554153 9.750834
v -284.311029 0.859686 4.261359
vt 0.212280 0.239436
vt 0.198452 0.239309
vt 0.210970 0.402095
vt 0.197205 0.401600
vt 0.210155 0.570248
vt 0.196381 0.570292
vt 0.212365 0.762317
vt 0.198598 0.762185
vt 0.212381 0.991533
vt 0.198610 0.991535
vt 0.138061 0.991535
vt 0.124286 0.991527
vt 0.124302 0.761229
vt 0.138067 0.761377
vt 0.128417 0.571763
vt 0.142196 0.571588
vt 0.129694 0.399257
vt 0.143471 0.399404
vt 0.132252 0.234048
vt 0.146049 0.234591
vt 0.220616 0.239513
vt 0.219271 0.402167
vt 0.218461 0.570219
vt 0.220669 0.762273
vt 0.115998 0.761145
vt 0.115981 0.991521
vt 0.120114 0.571640
vt 0.121391 0.399166
vt 0.123952 0.233717
vt 0.220687 0.991535
vt 0.212280 0.239436
vt 0.198452 0.239309
vt 0.210970 0.402095
vt 0.197205 0.401600
vt 0.210155 0.570248
vt 0.196381 0.570292
vt 0.212365 0.762317
vt 0.198598 0.762185
vt 0.212381 0.991533
vt 0.198610 0.991535
vt 0.138061 0.991535
vt 0.124286 0.991527
vt 0.124302 0.761229
vt 0.138067 0.761377
vt 0.128417 0.571763
vt 0.142196 0.571588
vt 0.129694 0.399257
vt 0.143471 0.399404
vt 0.132252 0.234048
vt 0.146049 0.234591
vt 0.220616 0.239513
vt 0.219271 0.402167
vt 0.218461 0.570219
vt 0.220669 0.762273
vt 0.220687 0.991535
vt 0.115981 0.991521
vt 0.115998 0.761145
vt 0.120114 0.571640
vt 0.121391 0.399166
vt 0.123952 0.233717
vn 0.066493 -0.702341 -0.708729
vn 0.058140 -0.703875 -0.707940
vn 0.066511 -0.702405 -0.708663
vn 0.058010 -0.703901 -0.707925
vn 0.041098 -0.704895 -0.708120
vn 0.041119 -0.704934 -0.708080
vn 0.035816 -0.706442 -0.706864
vn 0.035842 -0.706481 -0.706824
vn 0.037459 -0.706143 -0.707077
vn 0.037456 -0.706124 -0.707097
vn -0.037400 0.706116 -0.707108
vn -0.042723 0.706542 -0.706381
vn -0.037410 0.706173 -0.707051
vn -0.042739 0.706588 -0.706333
vn -0.049962 0.705679 -0.706768
vn -0.049957 0.705757 -0.706691
vn -0.061253 0.705896 -0.705662
vn -0.061252 0.705959 -0.705599
vn -0.071636 0.704885 -0.705695
vn -0.071636 0.704888 -0.705692
vn -0.000310 0.002061 -0.999998
vn -0.000124 0.001191 -0.999999
vn -0.000233 0.001861 -0.999998
vn -0.000068 0.001031 -0.999999
vn 0.000017 0.000547 -1.000000
vn 0.000040 0.000531 -1.000000
vn -0.000021 0.000210 -1.000000
vn -0.000012 0.000215 -1.000000
vn -0.000032 0.000034 -1.000000
vn -0.000022 -0.000003 -1.000000
vn 0.081886 -0.991632 -0.099798
vn 0.081880 -0.991636 -0.099773
vn 0.094040 -0.990637 -0.098970
vn 0.094037 -0.990642 -0.098920
vn 0.058029 -0.993318 -0.099760
vn 0.058028 -0.993316 -0.099777
vn 0.050336 -0.993805 -0.099088
vn 0.050337 -0.993804 -0.099100
vn 0.052730 -0.993667 -0.099221
vn 0.052729 -0.993668 -0.099215
vn -0.060050 0.993296 -0.098775
vn -0.060050 0.993296 -0.098778
vn -0.052727 0.993669 -0.099208
vn -0.052728 0.993667 -0.099226
vn -0.070348 0.992590 -0.099081
vn -0.070349 0.992588 -0.099092
vn -0.086035 0.991422 -0.098391
vn -0.086040 0.991422 -0.098385
vn -0.100790 0.989928 -0.099415
vn -0.100787 0.989934 -0.099361
vn 0.066493 -0.702341 0.708729
vn 0.066511 -0.702405 0.708664
vn 0.058140 -0.703875 0.707940
vn 0.058010 -0.703901 0.707925
vn 0.041098 -0.704895 0.708120
vn 0.041119 -0.704934 0.708080
vn 0.035816 -0.706442 0.706864
vn 0.035842 -0.706481 0.706824
vn 0.037459 -0.706143 0.707077
vn 0.037456 -0.706124 0.707097
vn -0.037400 0.706116 0.707108
vn -0.037410 0.706173 0.707051
vn -0.042723 0.706542 0.706381
vn -0.042739 0.706588 0.706333
vn -0.049957 0.705757 0.706691
vn -0.049962 0.705679 0.706768
vn -0.061253 0.705896 0.705662
vn -0.061252 0.705959 0.705599
vn -0.071636 0.704888 0.705692
vn -0.071636 0.704885 0.705695
vn -0.000310 0.002061 0.999998
vn -0.000233 0.001860 0.999998
vn -0.000124 0.001191 0.999999
vn -0.000068 0.001031 0.999999
vn 0.000017 0.000547 1.000000
vn 0.000040 0.000531 1.000000
vn -0.000012 0.000215 1.000000
vn -0.000021 0.000210 1.000000
vn -0.000032 0.000034 1.000000
vn -0.000022 -0.000003 1.000000
vn 0.081886 -0.991632 0.099798
vn 0.094040 -0.990637 0.098970
vn 0.081880 -0.991636 0.099774
vn 0.094037 -0.990642 0.098920
vn 0.058029 -0.993318 0.099760
vn 0.058028 -0.993316 0.099777
vn 0.050336 -0.993805 0.099088
vn 0.050337 -0.993804 0.099100
vn 0.052730 -0.993667 0.099221
vn 0.052729 -0.993668 0.099215
vn -0.060050 0.993296 0.098775
vn -0.052727 0.993669 0.099208
vn -0.060050 0.993296 0.098778
vn -0.052728 0.993667 0.099226
vn -0.070348 0.992590 0.099081
vn -0.070349 0.992588 0.099092
vn -0.086035 0.991422 0.098391
vn -0.086040 0.991422 0.098385
vn -0.100790 0.989928 0.099415
vn -0.100787 0.989934 0.099361
s 1
g effect
f 11/2/1 13/4/2 12/1/3
f 12/1/3 13/4/2 14/3/4
f 13/4/2 15/6/5 14/3/4
f 14/3/4 15/6/5 16/5/6
f 15/6/5 17/8/7 16/5/6
f 16/5/6 17/8/7 18/7/8
f 17/8/7 20/10/9 18/7/8
f 18/7/8 20/10/9 19/9/10
s 2
f 22/11/11 23/14/12 21/12/13
f 21/12/13 23/14/12 24/13/14
f 25/16/15 26/15/16 23/14/12
f 23/14/12 26/15/16 24/13/14
f 25/16/15 27/18/17 26/15/16
f 26/15/16 27/18/17 28/17/18
f 29/20/19 30/19/20 27/18/17
f 27/18/17 30/19/20 28/17/18
s 4
f 29/20/21 27/18/22 11/2/23
f 11/2/23 27/18/22 13/4/24
f 27/18/22 25/16/25 13/4/24
f 13/4/24 25/16/25 15/6/26
f 23/14/27 17/8/28 25/16/25
f 25/16/25 17/8/28 15/6/26
f 23/14/27 22/11/29 17/8/28
f 17/8/28 22/11/29 20/10/30
s 6
f 14/3/31 2/22/32 12/1/33
f 12/1/33 2/22/32 1/21/34
f 16/5/35 3/23/36 14/3/31
f 14/3/31 3/23/36 2/22/32
f 18/7/37 4/24/38 16/5/35
f 16/5/35 4/24/38 3/23/36
f 19/9/39 5/30/40 18/7/37
f 18/7/37 5/30/40 4/24/38
s 9
f 24/13/41 7/25/42 21/12/43
f 21/12/43 7/25/42 6/26/44
f 26/15/45 8/27/46 24/13/41
f 24/13/41 8/27/46 7/25/42
f 28/17/47 9/28/48 26/15/45
f 26/15/45 9/28/48 8/27/46
f 30/19/49 10/29/50 28/17/47
f 28/17/47 10/29/50 9/28/48
s 12
f 31/32/51 32/31/52 33/34/53
f 33/34/53 32/31/52 34/33/54
f 33/34/53 34/33/54 35/36/55
f 35/36/55 34/33/54 36/35/56
f 35/36/55 36/35/56 37/38/57
f 37/38/57 36/35/56 38/37/58
f 37/38/57 38/37/58 40/40/59
f 40/40/59 38/37/58 39/39/60
s 13
f 42/41/61 41/42/62 43/44/63
f 43/44/63 41/42/62 44/43/64
f 44/43/64 46/45/65 43/44/63
f 43/44/63 46/45/65 45/46/66
f 45/46/66 46/45/65 47/48/67
f 47/48/67 46/45/65 48/47/68
f 48/47/68 50/49/69 47/48/67
f 47/48/67 50/49/69 49/50/70
s 14
f 49/50/71 31/32/72 47/48/73
f 47/48/73 31/32/72 33/34/74
f 47/48/73 33/34/74 45/46/75
f 45/46/75 33/34/74 35/36/76
f 35/36/76 37/38/77 45/46/75
f 45/46/75 37/38/77 43/44/78
f 43/44/78 37/38/77 42/41/79
f 42/41/79 37/38/77 40/40/80
s 15
f 34/33/81 32/31/82 2/52/83
f 2/52/83 32/31/82 1/51/84
f 36/35/85 34/33/81 3/53/86
f 3/53/86 34/33/81 2/52/83
f 38/37/87 36/35/85 4/54/88
f 4/54/88 36/35/85 3/53/86
f 39/39/89 38/37/87 5/55/90
f 5/55/90 38/37/87 4/54/88
s 16
f 44/43/91 41/42/92 7/57/93
f 7/57/93 41/42/92 6/56/94
f 46/45/95 44/43/91 8/58/96
f 8/58/96 44/43/91 7/57/93
f 48/47/97 46/45/95 9/59/98
f 9/59/98 46/45/95 8/58/96
f 50/49/99 48/47/97 10/60/100
f 10/60/100 48/47/97 9/59/98
g default
v -58.783038 3.298615 -2.360448
v -57.850614 4.473283 -2.354200
v -50.566608 4.906026 -2.370488
v -49.252715 6.874139 -2.340112
v -37.349284 7.498428 -2.355291
v -37.090392 2.619121 -2.367495
v -48.766198 1.984161 -2.354105
v -50.201663 3.196084 -2.371560
v -57.977645 2.679194 -2.361588
v -59.792826 3.024583 -1.624692
v -58.247300 5.089059 -1.589304
v -58.487067 1.895301 -1.607663
v -50.759154 5.602552 -1.563579
v -50.146496 2.426172 -1.581427
v -49.323861 7.717118 -1.112270
v -48.697796 1.149194 -1.594190
v -37.395098 8.361878 -1.112147
v -37.045178 1.766983 -1.602717
v -32.526882 5.165088 0.000000
v -37.713437 4.889895 -0.000000
v -33.284071 19.306241 0.000000
v -34.581508 22.507177 0.000000
v -37.505417 22.352037 -0.000000
v -38.456921 19.031785 -0.000000
v -36.929537 22.392486 -1.669545
v -37.379858 20.276654 -3.108851
v -38.451996 19.048957 -3.111304
v -35.158442 22.486459 -1.669545
v -34.486744 20.430150 -3.108851
v -38.548361 21.167855 -5.700859
v -38.549010 21.167605 -8.399895
v -38.460825 19.529001 -10.559108
v -38.223004 14.788574 -8.965443
v -33.332805 19.801079 -10.559103
v -33.418513 21.439823 -8.399895
v -33.419185 21.439994 -5.700861
v -33.290787 19.322806 -3.111304
v -33.067657 15.062112 -8.965436
v -32.931563 12.475309 -8.968986
v -32.789162 9.894474 -9.467223
v -38.084598 12.201894 -8.968988
v -37.953095 9.620483 -9.467225
v -37.857613 8.059671 -11.068076
v -32.718943 8.332324 -11.068070
v -37.694737 4.890887 -11.063704
v -32.545582 5.164096 -11.063699
v -36.929537 22.392486 1.669545
v -37.379858 20.276654 3.108851
v -38.451996 19.048957 3.111304
v -35.158442 22.486459 1.669545
v -34.486744 20.430150 3.108851
v -34.655432 22.533515 5.672922
v -37.434695 22.386050 5.672922
v -38.548361 21.167855 5.700859
v -37.436886 22.387558 8.422802
v -38.549010 21.167605 8.399895
v -38.460825 19.529001 10.559108
v -38.223004 14.788574 8.965443
v -34.653413 22.535247 8.422802
v -37.319323 20.160150 11.707471
v -34.534611 20.307904 11.707471
v -37.043806 14.828632 10.148911
v -34.244399 14.977166 10.148906
v -33.332805 19.801079 10.559103
v -33.418513 21.439823 8.399895
v -33.419185 21.439994 5.700861
v -33.290787 19.322806 3.111304
v -33.067657 15.062112 8.965436
v -34.107276 12.431064 10.149252
v -32.931563 12.475309 8.968986
v -36.910729 12.282315 10.149252
v -32.789162 9.894474 9.467223
v -33.991367 10.428318 10.639599
v -38.084598 12.201894 8.968988
v -37.953095 9.620483 9.467225
v -36.814056 10.278551 10.639599
v -33.922254 8.840975 12.224815
v -36.714808 8.692804 12.224815
v -37.857613 8.059671 11.068076
v -32.718943 8.332324 11.068070
v -33.721905 5.101682 12.241733
v -36.518339 4.953305 12.241738
v -37.694737 4.890887 11.063704
v -32.545582 5.164096 11.063699
v -31.783399 -8.976795 0.000000
v -32.734828 -12.297050 -0.000000
v -35.658736 -12.452190 0.000000
v -36.956248 -9.251264 0.000000
v -35.081809 -12.431473 1.669545
v -35.753499 -10.375174 3.108851
v -36.949533 -9.267823 3.111304
v -33.310714 -12.337500 1.669545
v -32.860387 -10.221658 3.108851
v -32.805549 -12.331063 5.672922
v -35.584812 -12.478529 5.672922
v -36.821134 -11.385022 5.700859
v -35.586831 -12.480261 8.422802
v -36.821806 -11.384842 8.399895
v -36.907515 -9.746102 10.559108
v -37.172662 -5.007129 8.965443
v -32.803358 -12.332572 8.422802
v -35.705633 -10.252917 11.707471
v -32.920922 -10.105163 11.707471
v -35.995845 -4.922179 10.148911
v -33.196439 -4.773645 10.148906
v -31.779495 -9.474013 10.559103
v -31.691310 -11.112621 8.399895
v -31.691960 -11.112862 5.700861
v -31.788324 -8.993969 3.111304
v -32.017315 -4.733589 8.965436
v -33.329515 -2.227329 10.149252
v -32.155722 -2.146906 8.968981
v -36.132968 -2.376077 10.149252
v -32.287225 0.434504 9.467223
v -33.426188 -0.223562 10.639599
v -37.308757 -2.420322 8.968988
v -37.451158 0.160508 9.467225
v -36.248877 -0.373334 10.639599
v -33.525436 1.362183 12.224815
v -36.317990 1.214012 12.224815
v -37.521377 1.722659 11.068076
v -32.382707 1.995315 11.068070
v -35.081809 -12.431473 -1.669545
v -35.753499 -10.375174 -3.108851
v -36.949533 -9.267823 -3.111304
v -33.310714 -12.337500 -1.669545
v -32.860387 -10.221658 -3.108851
v -36.821134 -11.385022 -5.700859
v -36.821806 -11.384842 -8.399895
v -36.907515 -9.746102 -10.559108
v -37.172662 -5.007129 -8.965443
v -31.779495 -9.474013 -10.559103
v -31.691310 -11.112621 -8.399895
v -31.691960 -11.112862 -5.700861
v -31.788324 -8.993969 -3.111304
v -32.017315 -4.733589 -8.965436
v -32.155722 -2.146906 -8.968986
v -32.287225 0.434504 -9.467223
v -37.308757 -2.420322 -8.968988
v -37.451158 0.160508 -9.467225
v -37.521377 1.722659 -11.068076
v -32.382707 1.995315 -11.068070
v -34.655432 22.533515 -5.672922
v -37.434695 22.386050 -5.672922
v -37.436886 22.387558 -8.422802
v -34.653413 22.535247 -8.422802
v -37.319323 20.160150 -11.707471
v -34.534611 20.307904 -11.707471
v -37.043806 14.828632 -10.148911
v -34.244399 14.977166 -10.148906
v -34.107276 12.431064 -10.149252
v -36.910729 12.282315 -10.149252
v -33.991367 10.428318 -10.639599
v -36.814056 10.278551 -10.639599
v -33.922254 8.840975 -12.224815
v -36.714808 8.692804 -12.224815
v -33.721905 5.101682 -12.241733
v -36.518339 4.953305 -12.241738
v -32.805549 -12.331063 -5.672922
v -35.584812 -12.478529 -5.672922
v -35.586831 -12.480261 -8.422802
v -32.803358 -12.332572 -8.422802
v -35.705633 -10.252917 -11.707471
v -32.920922 -10.105163 -11.707471
v -35.995845 -4.922179 -10.148911
v -33.196439 -4.773645 -10.148906
v -33.329515 -2.227329 -10.149252
v -36.132968 -2.376077 -10.149252
v -33.426188 -0.223562 -10.639599
v -36.248877 -0.373334 -10.639599
v -33.525436 1.362183 -12.224815
v -36.317990 1.214012 -12.224815
v -26.508946 7.368886 -4.407595
v -26.400748 5.490136 -4.433015
v -33.207235 6.907947 -4.505169
v -33.294192 8.546813 -4.498991
v -33.454138 11.561830 -2.463056
v -30.136780 11.686590 -2.431305
v -30.054599 8.768492 -4.463448
v -33.389799 10.348702 -3.633614
v -30.068706 10.488251 -3.580834
v -33.494822 12.328594 0.000001
v -30.179395 12.446196 0.000001
v -32.731343 -2.060622 0.000001
v -29.422087 -1.826727 0.000001
v -26.309529 3.610485 -4.407595
v -33.018985 3.360020 -4.505169
v -32.932029 1.721152 -4.498994
v -32.772041 -1.293866 -2.463055
v -29.460093 -1.066877 -2.431307
v -29.687167 1.843534 -4.463448
v -32.836422 -0.080731 -3.633616
v -29.519209 0.131939 -3.580836
v -33.113110 5.133984 -4.505169
v -26.508946 7.368886 4.407596
v -26.400748 5.490136 4.433017
v -33.207235 6.907947 4.505170
v -33.294192 8.546813 4.498993
v -33.454138 11.561830 2.463058
v -30.136773 11.686588 2.431305
v -30.054592 8.768492 4.463450
v -33.389799 10.348702 3.633616
v -30.068706 10.488252 3.580836
v -26.468262 7.397917 0.000003
v -26.328714 5.493957 0.000003
v -29.982875 10.388866 0.000002
v -29.937227 8.802450 0.000003
v -26.309529 3.610485 4.407596
v -33.018985 3.360020 4.505170
v -32.932029 1.721152 4.498995
v -32.772041 -1.293866 2.463056
v -29.460099 -1.066878 2.431311
v -29.687174 1.843534 4.463450
v -32.836422 -0.080731 3.633618
v -29.519209 0.131939 3.580838
v -26.266001 3.585921 0.000003
v -29.444377 0.239848 0.000003
v -29.566861 1.822188 0.000003
v -33.113110 5.133984 4.505170
v -285.770344 -24.397208 0.000000
v -268.205311 -9.897235 -0.000000
v -256.801316 -7.087192 -0.000000
v -37.583394 13.691490 0.000000
v -104.958331 10.116430 -0.000000
v -278.128803 -16.790044 -0.000000
v -36.727985 -2.414724 1.595905
v -100.287318 -5.793207 1.583147
v -103.787959 -4.078526 1.611411
v -246.714579 -17.319521 1.596398
v -258.846785 -19.048887 1.597673
v -274.549503 -22.294757 1.611179
v -263.270837 -13.112966 1.664575
v -251.715092 -10.701546 1.664993
v -37.242702 7.284536 1.666586
v -104.141234 3.291152 1.666706
v -269.622539 -17.608068 1.665930
v -36.724162 -2.486779 -0.000000
v -100.299147 -5.852305 0.000000
v -103.804567 -4.166151 0.000000
v -246.704963 -17.391527 0.000000
v -258.834062 -19.121722 0.000000
v -274.512732 -22.379221 0.000000
v -120.399128 8.655094 -0.000000
v -116.804044 10.435248 -0.000000
v -116.672732 3.105787 1.666550
v -222.482710 -1.642048 0.000000
v -147.352442 6.353156 0.000000
v -146.987214 0.972730 1.665935
v -222.140283 -6.827536 1.665503
v -146.604293 -7.261691 1.595954
v -221.734778 -14.199464 1.596341
v -146.628568 -7.336077 0.000000
v -221.696845 -14.268376 -0.000000
v -184.196684 -10.177340 -0.000000
v -184.203370 -10.104984 1.596819
v -184.567514 -2.852413 1.665891
v -184.937356 2.744045 0.000000
v -36.727985 -2.414724 -1.595905
v -100.287318 -5.793207 -1.583147
v -103.787959 -4.078526 -1.611411
v -246.714579 -17.319521 -1.596398
v -258.846785 -19.048887 -1.597673
v -274.549503 -22.294757 -1.611179
v -263.270837 -13.112966 -1.664575
v -251.715092 -10.701546 -1.664993
v -37.242702 7.284536 -1.666586
v -104.141234 3.291152 -1.666706
v -269.622539 -17.608068 -1.665930
v -116.672732 3.105787 -1.666550
v -146.987214 0.972730 -1.665935
v -222.140283 -6.827536 -1.665503
v -146.604293 -7.261691 -1.595954
v -221.734778 -14.199464 -1.596341
v -184.203370 -10.104984 -1.596819
v -184.567514 -2.852413 -1.665891
v -58.783038 3.298615 2.360448
v -57.850614 4.473283 2.354200
v -50.566608 4.906026 2.370488
v -49.252715 6.874139 2.340112
v -37.349284 7.498428 2.355291
v -37.090392 2.619121 2.367495
v -48.766198 1.984161 2.354105
v -50.201663 3.196084 2.371560
v -57.977645 2.679194 2.361588
v -59.792826 3.024583 1.624692
v -58.247300 5.089059 1.589304
v -58.487067 1.895301 1.607663
v -50.759154 5.602552 1.563580
v -50.146496 2.426172 1.581427
v -49.323861 7.717118 1.112270
v -48.697796 1.149194 1.594190
v -37.395098 8.361878 1.112147
v -37.045178 1.766983 1.602717
v -33.249763 11.297068 0.000000
v -33.175360 9.882323 -3.000108
v -32.933540 5.309925 -3.708781
v -32.692297 0.787438 -3.001267
v -32.613553 -0.676368 0.000000
v 25.153960 11.580180 0.000000
v 25.213326 10.291223 -2.661200
v 25.392591 6.675453 -3.286994
v 25.585860 2.851932 -2.653486
v 25.637416 1.772576 0.000000
v -3.808058 6.699718 -3.564045
v -4.028731 10.955466 -2.881695
v -4.094614 12.261133 0.000000
v -3.516529 1.138211 0.000000
v -3.588012 2.510401 -2.883654
v -18.375807 6.097399 -3.652471
v -18.610191 10.552265 -2.953994
v -18.680347 11.901000 0.000000
v -18.067074 0.294324 0.000000
v -18.144101 1.738256 -2.955980
v 10.778537 6.951817 -3.446759
v 10.576958 10.938200 -2.786582
v 10.515546 12.218901 0.000000
v 11.046998 1.683048 0.000000
v 10.984563 2.940896 -2.787142
v -33.175360 9.882323 3.000108
v -32.933540 5.309925 3.708782
v -32.692297 0.787438 3.001267
v 25.213326 10.291223 2.661201
v 25.392591 6.675453 3.286995
v 25.585860 2.851929 2.653486
v -3.808058 6.699718 3.564045
v -4.028731 10.955466 2.881696
v -3.588012 2.510401 2.883654
v -18.375807 6.097399 3.652472
v -18.610191 10.552265 2.953995
v -18.144101 1.738256 2.955980
v 10.778537 6.951817 3.446759
v 10.576958 10.938200 2.786583
v 10.984563 2.940896 2.787142
v 27.863266 12.506980 0.000003
v 33.355490 12.488470 0.000003
v 36.064375 9.707669 0.000003
v 36.041749 6.547528 0.000003
v 27.879586 12.511484 -2.930400
v 27.869811 11.373020 -4.393020
v 33.353334 12.471383 -2.957887
v 36.047243 9.705981 -2.957887
v 32.235246 11.340557 -4.437402
v 34.887560 8.617925 -4.437401
v 36.028576 6.547705 -2.948920
v 27.847067 9.635843 -4.393020
v 34.859334 6.563013 -4.440674
v 32.553039 6.593210 -4.440677
v 32.598509 8.062001 -4.449824
v 31.104115 9.596038 -4.449824
v 31.945383 8.003236 -3.623525
v 31.906183 6.601684 -3.624044
v 31.028284 8.944683 -3.623522
v 27.833858 9.019824 -3.605522
v 27.709977 0.804263 0.000003
v 33.200830 0.678964 0.000003
v 35.981676 3.387879 0.000003
v 27.726218 0.799335 -2.930398
v 27.746266 1.937663 -4.393018
v 33.199176 0.696102 -2.957886
v 35.964590 3.390017 -2.957885
v 32.111093 1.855812 -4.437402
v 34.833692 4.508061 -4.437401
v 27.768996 3.674839 -4.393017
v 32.560013 5.123730 -4.449824
v 31.026028 3.629349 -4.449824
v 31.908672 5.199577 -3.623522
v 30.967212 4.282466 -3.623522
v 27.771946 4.290994 -3.605521
v 30.946288 8.801974 -3.701108
v 31.980852 7.875424 -3.698248
v 31.963323 6.600933 -3.718586
v 24.731426 6.695627 -3.718584
v 25.266066 8.586477 -3.737155
v 23.137828 9.674667 -4.371271
v 23.179103 12.573036 -2.930398
v 27.407573 12.517660 -2.930400
v 27.357706 9.697464 -4.416418
v 28.026261 8.772894 -3.747378
v 27.913535 6.653960 -3.790740
v 30.851124 6.615496 -3.790740
v 23.169301 11.434572 -4.393018
v 27.387496 11.379340 -4.393020
v 24.738922 7.738176 -3.707892
v 25.346246 6.687577 -3.790740
v 23.162784 12.568530 0.000003
v 27.423827 12.512729 0.000003
v 23.009495 0.865813 0.000003
v 27.270524 0.810025 0.000003
v 30.889044 4.427278 -3.701108
v 31.947547 5.326414 -3.698248
v 25.216386 4.791431 -3.737153
v 23.060328 3.759338 -4.371271
v 23.025736 0.860880 -2.930398
v 27.254204 0.805520 -2.930400
v 27.278221 3.626060 -4.416418
v 27.970720 4.532803 -3.747378
v 23.045757 1.999208 -4.393018
v 27.263952 1.943981 -4.393020
v 24.711599 5.653243 -3.707893
v 27.879586 12.511484 2.930406
v 27.869811 11.373020 4.393024
v 33.353334 12.471383 2.957893
v 36.047243 9.705981 2.957891
v 32.235246 11.340557 4.437408
v 34.887560 8.617925 4.437407
v 36.028576 6.547705 2.948926
v 27.847067 9.635842 4.393023
v 34.859334 6.563013 4.440680
v 32.553039 6.593210 4.440681
v 32.598509 8.062001 4.449830
v 31.104115 9.596038 4.449830
v 31.945383 8.003235 3.623530
v 31.906183 6.601684 3.624049
v 31.028285 8.944682 3.623527
v 27.833858 9.019824 3.605527
v 27.726218 0.799335 2.930405
v 27.746266 1.937663 4.393024
v 33.199176 0.696102 2.957892
v 35.964590 3.390017 2.957893
v 32.111093 1.855812 4.437408
v 34.833692 4.508061 4.437407
v 27.768996 3.674842 4.393023
v 32.560013 5.123730 4.449830
v 31.026028 3.629349 4.449830
v 31.908672 5.199577 3.623529
v 30.967212 4.282466 3.623529
v 27.771946 4.290994 3.605527
v 27.817617 9.024756 0.000003
v 27.755626 4.286487 0.000003
v 31.930082 8.006044 0.000003
v 31.892927 6.601856 0.000003
v 31.030675 8.929278 0.000003
v 31.893235 5.197172 0.000003
v 30.970041 4.297804 0.000003
v 30.946288 8.801974 3.701114
v 31.980852 7.875424 3.698254
v 31.963323 6.600932 3.718592
v 24.731426 6.695628 3.718590
v 25.266066 8.586477 3.737159
v 23.137828 9.674667 4.371277
v 23.179103 12.573036 2.930405
v 27.407586 12.517660 2.930406
v 27.357706 9.697462 4.416424
v 28.026261 8.772894 3.747384
v 27.913535 6.653960 3.790746
v 30.851124 6.615496 3.790746
v 23.169301 11.434572 4.393024
v 27.387496 11.379340 4.393026
v 24.738922 7.738176 3.707898
v 25.346246 6.687577 3.790746
v 30.966687 8.854431 0.000003
v 32.030285 7.897170 0.000003
v 32.035485 6.599990 0.000003
v 24.659263 6.696571 0.000003
v 24.678262 7.751707 0.000003
v 25.139607 8.616768 0.000003
v 23.088902 9.654299 0.000003
v 23.074649 11.350677 0.000003
v 27.479921 11.292983 0.000003
v 27.449018 9.800357 0.000003
v 28.056411 8.880317 0.000003
v 30.889044 4.427278 3.701114
v 31.947547 5.326414 3.698254
v 25.216386 4.791431 3.737158
v 23.060328 3.759338 4.371277
v 23.025722 0.860883 2.930405
v 27.254190 0.805520 2.930406
v 27.278207 3.626059 4.416426
v 27.970720 4.532803 3.747384
v 23.045757 1.999208 4.393024
v 27.263952 1.943984 4.393026
v 24.711599 5.653243 3.707899
v 30.908000 4.374303 0.000003
v 31.996375 5.303388 0.000003
v 24.650718 5.641302 0.000003
v 25.089156 4.764464 0.000003
v 23.011987 3.780979 0.000003
v 22.953332 2.085557 0.000003
v 27.358603 2.027882 0.000003
v 27.366750 3.520813 0.000003
v 27.997986 4.424627 0.000003
vt 0.439176 0.139740
vt 0.442791 0.143861
vt 0.432681 0.145687
vt 0.443033 0.195335
vt 0.451411 0.204915
vt 0.422666 0.204137
vt 0.431732 0.193611
vt 0.451938 0.281564
vt 0.422666 0.281838
vt 0.426745 0.142888
vt 0.440108 0.131735
vt 0.449118 0.139687
vt 0.413564 0.203236
vt 0.425413 0.192435
vt 0.449666 0.195127
vt 0.458349 0.204755
vt 0.413411 0.281758
vt 0.458888 0.281495
vt 0.321874 0.413404
vt 0.300004 0.413404
vt 0.298665 0.402714
vt 0.312602 0.392470
vt 0.414709 0.413404
vt 0.322136 0.392794
vt 0.462626 0.570561
vt 0.471898 0.549626
vt 0.472160 0.570237
vt 0.308416 0.358489
vt 0.308415 0.375639
vt 0.318707 0.344771
vt 0.349570 0.355072
vt 0.458440 0.604542
vt 0.458439 0.587391
vt 0.468731 0.618259
vt 0.564733 0.549626
vt 0.499593 0.607959
vt 0.516735 0.607955
vt 0.533876 0.611382
vt 0.366712 0.355076
vt 0.383852 0.351650
vt 0.394138 0.341360
vt 0.544162 0.621671
vt 0.414709 0.341361
vt 0.564733 0.621670
vt 0.885364 0.022857
vt 0.872456 0.011370
vt 0.889844 0.012858
vt 0.322136 0.434016
vt 0.312601 0.434340
vt 0.298665 0.424095
vt 0.875023 0.022181
vt 0.888146 0.040095
vt 0.897622 0.059364
vt 0.888146 0.061207
vt 0.897622 0.035938
vt 0.888146 0.077302
vt 0.308416 0.468320
vt 0.308415 0.451170
vt 0.897622 0.080055
vt 0.318707 0.482038
vt 0.897622 0.100563
vt 0.349570 0.471738
vt 0.888146 0.099259
vt 0.870728 0.099252
vt 0.870728 0.077232
vt 0.897622 0.134377
vt 0.888146 0.133310
vt 0.870728 0.133310
vt 0.861253 0.100566
vt 0.861253 0.080092
vt 0.870728 0.061088
vt 0.861253 0.059269
vt 0.870728 0.039740
vt 0.458440 0.494710
vt 0.472160 0.529015
vt 0.458439 0.511860
vt 0.861253 0.035624
vt 0.468731 0.480993
vt 0.462626 0.528691
vt 0.499593 0.491293
vt 0.861253 0.134380
vt 0.870728 0.151186
vt 0.516735 0.491297
vt 0.861253 0.150488
vt 0.888146 0.151188
vt 0.861253 0.166629
vt 0.533876 0.487871
vt 0.870728 0.165938
vt 0.897622 0.150475
vt 0.366712 0.471734
vt 0.897622 0.166554
vt 0.383852 0.475160
vt 0.888146 0.165953
vt 0.870728 0.180145
vt 0.888146 0.180126
vt 0.897622 0.181405
vt 0.394138 0.485450
vt 0.861253 0.181355
vt 0.544162 0.477581
vt 0.870728 0.203590
vt 0.888146 0.203590
vt 0.897622 0.203590
vt 0.414709 0.485448
vt 0.861253 0.203590
vt 0.564733 0.477583
vt 0.884681 0.384668
vt 0.888202 0.395102
vt 0.870784 0.395156
vt 0.507544 0.413404
vt 0.529414 0.413404
vt 0.530754 0.424095
vt 0.516817 0.434340
vt 0.507283 0.434016
vt 0.874235 0.384691
vt 0.666840 0.528691
vt 0.657568 0.549626
vt 0.657306 0.529015
vt 0.888146 0.367263
vt 0.888146 0.346027
vt 0.897622 0.347895
vt 0.897622 0.371404
vt 0.888146 0.329901
vt 0.521002 0.468320
vt 0.521003 0.451170
vt 0.897622 0.327154
vt 0.510711 0.482038
vt 0.897622 0.306628
vt 0.479849 0.471738
vt 0.888146 0.307929
vt 0.870728 0.329925
vt 0.870728 0.307922
vt 0.897622 0.272806
vt 0.888146 0.273872
vt 0.870728 0.273868
vt 0.861253 0.306604
vt 0.861253 0.327059
vt 0.870728 0.346037
vt 0.861253 0.347834
vt 0.870728 0.367264
vt 0.671026 0.494710
vt 0.671027 0.511860
vt 0.861253 0.371396
vt 0.660735 0.480993
vt 0.629872 0.491293
vt 0.861253 0.272798
vt 0.870728 0.255993
vt 0.612731 0.491297
vt 0.861253 0.256691
vt 0.888146 0.255993
vt 0.861253 0.240550
vt 0.595590 0.487871
vt 0.870728 0.241242
vt 0.897622 0.256707
vt 0.462707 0.471734
vt 0.897622 0.240627
vt 0.445566 0.475160
vt 0.888146 0.241228
vt 0.870728 0.227035
vt 0.888146 0.227054
vt 0.897622 0.225775
vt 0.435280 0.485450
vt 0.861253 0.225825
vt 0.585304 0.477581
vt 0.507283 0.392794
vt 0.516817 0.392470
vt 0.530754 0.402714
vt 0.521002 0.358489
vt 0.521003 0.375639
vt 0.510711 0.344771
vt 0.479849 0.355072
vt 0.671026 0.604542
vt 0.657306 0.570238
vt 0.671027 0.587392
vt 0.660735 0.618259
vt 0.666840 0.570561
vt 0.629872 0.607959
vt 0.612730 0.607955
vt 0.595589 0.611382
vt 0.462707 0.355076
vt 0.445566 0.351650
vt 0.435280 0.341360
vt 0.585304 0.621671
vt 0.448689 0.560316
vt 0.450028 0.549626
vt 0.448689 0.538936
vt 0.680777 0.538936
vt 0.679438 0.549626
vt 0.680777 0.560316
vt 0.885364 0.022857
vt 0.889844 0.012858
vt 0.872456 0.011370
vt 0.875023 0.022181
vt 0.888146 0.040095
vt 0.888146 0.061207
vt 0.897622 0.059364
vt 0.897622 0.035938
vt 0.888146 0.077302
vt 0.897622 0.080055
vt 0.897622 0.100563
vt 0.888146 0.099259
vt 0.870728 0.077232
vt 0.870728 0.099252
vt 0.897622 0.134377
vt 0.888146 0.133310
vt 0.870728 0.133310
vt 0.861253 0.100566
vt 0.861253 0.080092
vt 0.870728 0.061088
vt 0.861253 0.059269
vt 0.870728 0.039740
vt 0.861253 0.035624
vt 0.861253 0.134380
vt 0.870728 0.151186
vt 0.861253 0.150488
vt 0.888146 0.151188
vt 0.861253 0.166629
vt 0.870728 0.165938
vt 0.897622 0.150475
vt 0.897622 0.166554
vt 0.888146 0.165953
vt 0.870728 0.180145
vt 0.888146 0.180126
vt 0.897622 0.181405
vt 0.861253 0.181355
vt 0.870728 0.203590
vt 0.888146 0.203590
vt 0.897622 0.203590
vt 0.861253 0.203590
vt 0.884681 0.384668
vt 0.870784 0.395156
vt 0.888202 0.395102
vt 0.874235 0.384691
vt 0.888146 0.367263
vt 0.897622 0.347895
vt 0.888146 0.346027
vt 0.897622 0.371404
vt 0.888146 0.329901
vt 0.897622 0.327154
vt 0.897622 0.306628
vt 0.888146 0.307929
vt 0.870728 0.307922
vt 0.870728 0.329925
vt 0.897622 0.272806
vt 0.888146 0.273872
vt 0.870728 0.273868
vt 0.861253 0.306604
vt 0.861253 0.327059
vt 0.870728 0.346037
vt 0.861253 0.347834
vt 0.870728 0.367264
vt 0.861253 0.371396
vt 0.861253 0.272798
vt 0.870728 0.255993
vt 0.861253 0.256691
vt 0.888146 0.255993
vt 0.861253 0.240550
vt 0.870728 0.241242
vt 0.897622 0.256707
vt 0.897622 0.240627
vt 0.888146 0.241228
vt 0.870728 0.227035
vt 0.888146 0.227054
vt 0.897622 0.225775
vt 0.861253 0.225825
vt 0.553570 0.409184
vt 0.545469 0.410283
vt 0.545439 0.433308
vt 0.553545 0.432237
vt 0.565972 0.408321
vt 0.565955 0.431395
vt 0.540783 0.412539
vt 0.540749 0.435506
vt 0.628183 0.408776
vt 0.628209 0.431832
vt 0.636828 0.432811
vt 0.636796 0.409783
vt 0.615393 0.408050
vt 0.615410 0.431126
vt 0.642599 0.434953
vt 0.642564 0.411982
vt 0.603754 0.455993
vt 0.603735 0.408114
vt 0.590682 0.408185
vt 0.590682 0.456064
vt 0.577628 0.408257
vt 0.577610 0.456135
vt 0.800335 0.731007
vt 0.800335 0.758975
vt 0.775757 0.758975
vt 0.775757 0.731007
vt 0.812001 0.731007
vt 0.812001 0.758975
vt 0.756945 0.746329
vt 0.752145 0.731007
vt 0.764470 0.731007
vt 0.764470 0.753540
vt 0.553570 0.409184
vt 0.553545 0.432237
vt 0.545439 0.433308
vt 0.545469 0.410283
vt 0.565972 0.408321
vt 0.565955 0.431395
vt 0.540749 0.435506
vt 0.540783 0.412539
vt 0.800335 0.703039
vt 0.812001 0.703039
vt 0.756945 0.715685
vt 0.764470 0.708474
vt 0.775758 0.703039
vt 0.628183 0.408776
vt 0.636796 0.409783
vt 0.636828 0.432811
vt 0.628209 0.431832
vt 0.615393 0.408050
vt 0.615410 0.431126
vt 0.642564 0.411982
vt 0.642599 0.434953
vt 0.823667 0.731007
vt 0.823667 0.703039
vt 0.848244 0.703039
vt 0.848244 0.731007
vt 0.867057 0.715684
vt 0.871856 0.731007
vt 0.859532 0.731007
vt 0.859532 0.708474
vt 0.823667 0.758975
vt 0.867057 0.746329
vt 0.859532 0.753539
vt 0.848244 0.758975
vt 0.603754 0.455993
vt 0.590682 0.456064
vt 0.590682 0.408185
vt 0.603735 0.408114
vt 0.577610 0.456135
vt 0.577628 0.408257
vt 0.089782 0.109007
vt 0.085387 0.155112
vt 0.063931 0.137734
vt 0.071205 0.093788
vt 0.051174 0.121056
vt 0.059013 0.078702
vt 0.087690 0.069054
vt 0.083765 0.040784
vt 0.036791 0.714721
vt 0.046691 0.902038
vt 0.018342 0.903133
vt 0.010949 0.714128
vt 0.068970 0.728371
vt 0.070156 0.902779
vt 0.061323 0.714657
vt 0.035061 0.664536
vt 0.008150 0.666152
vt 0.111533 0.011025
vt 0.099469 0.049558
vt 0.075590 0.729560
vt 0.076779 0.903577
vt 0.067955 0.715866
vt 0.096367 0.111083
vt 0.091978 0.157124
vt 0.106039 0.051716
vt 0.014462 0.650782
vt 0.025817 0.397634
vt 0.036912 0.252489
vt 0.054344 0.250738
vt 0.045814 0.396134
vt 0.078046 0.250641
vt 0.069265 0.395934
vt 0.084642 0.252633
vt 0.075881 0.397607
vt 0.065439 0.543535
vt 0.072067 0.544878
vt 0.019568 0.545084
vt 0.037769 0.543853
vt 0.089782 0.109007
vt 0.071205 0.093788
vt 0.063931 0.137734
vt 0.085387 0.155112
vt 0.059013 0.078702
vt 0.051174 0.121056
vt 0.087690 0.069054
vt 0.083765 0.040784
vt 0.036791 0.714721
vt 0.010949 0.714128
vt 0.018342 0.903133
vt 0.046691 0.902038
vt 0.068970 0.728371
vt 0.070156 0.902779
vt 0.061323 0.714657
vt 0.035061 0.664536
vt 0.008150 0.666152
vt 0.111533 0.011025
vt 0.099469 0.049558
vt 0.076779 0.903577
vt 0.075590 0.729560
vt 0.067955 0.715866
vt 0.091978 0.157124
vt 0.096367 0.111083
vt 0.106039 0.051716
vt 0.014462 0.650782
vt 0.025817 0.397634
vt 0.045814 0.396134
vt 0.054344 0.250738
vt 0.036912 0.252489
vt 0.069265 0.395934
vt 0.078046 0.250641
vt 0.075881 0.397607
vt 0.084642 0.252633
vt 0.072067 0.544878
vt 0.065439 0.543535
vt 0.037769 0.543853
vt 0.019568 0.545084
vt 0.439176 0.139740
vt 0.442791 0.143861
vt 0.432681 0.145687
vt 0.443033 0.195335
vt 0.451411 0.204915
vt 0.422666 0.204137
vt 0.431732 0.193611
vt 0.451938 0.281564
vt 0.422666 0.281838
vt 0.426745 0.142888
vt 0.440108 0.131735
vt 0.449118 0.139687
vt 0.413564 0.203236
vt 0.425413 0.192435
vt 0.449666 0.195127
vt 0.458349 0.204755
vt 0.413411 0.281758
vt 0.458888 0.281495
vt 0.546740 -0.001314
vt 0.550200 0.108393
vt 0.566672 0.108393
vt 0.563213 -0.001314
vt 0.589285 0.108393
vt 0.585826 -0.001314
vt 0.611712 0.108393
vt 0.608253 -0.001314
vt 0.627603 0.108393
vt 0.624143 -0.001314
vt 0.566672 0.205380
vt 0.566672 0.302377
vt 0.589285 0.302377
vt 0.589285 0.205380
vt 0.550200 0.205380
vt 0.550200 0.302377
vt 0.611712 0.205380
vt 0.611712 0.302377
vt 0.627603 0.302377
vt 0.627603 0.205380
vt 0.566672 0.399538
vt 0.589285 0.399538
vt 0.550200 0.399538
vt 0.611712 0.399538
vt 0.627603 0.399538
vt 0.546740 -0.001314
vt 0.563213 -0.001314
vt 0.566672 0.108393
vt 0.550200 0.108393
vt 0.585826 -0.001314
vt 0.589285 0.108393
vt 0.608253 -0.001314
vt 0.611712 0.108393
vt 0.624143 -0.001314
vt 0.627603 0.108393
vt 0.566672 0.205380
vt 0.589285 0.205380
vt 0.589285 0.302377
vt 0.566672 0.302377
vt 0.550200 0.205380
vt 0.550200 0.302377
vt 0.611712 0.205380
vt 0.627603 0.205380
vt 0.627603 0.302377
vt 0.611712 0.302377
vt 0.589285 0.399538
vt 0.566672 0.399538
vt 0.550200 0.399538
vt 0.627603 0.399538
vt 0.611712 0.399538
vt 0.231312 0.669296
vt 0.253116 0.696373
vt 0.245063 0.656805
vt 0.264773 0.683727
vt 0.277827 0.711100
vt 0.283743 0.694386
vt 0.301668 0.714769
vt 0.270212 0.672203
vt 0.255303 0.650063
vt 0.289980 0.683177
vt 0.301668 0.695124
vt 0.264876 0.644475
vt 0.301668 0.683259
vt 0.301668 0.668812
vt 0.290671 0.669438
vt 0.276637 0.661862
vt 0.301667 0.663247
vt 0.290757 0.663645
vt 0.281466 0.658742
vt 0.269670 0.641382
vt 0.372829 0.669410
vt 0.358272 0.656804
vt 0.350220 0.697639
vt 0.338563 0.683727
vt 0.325624 0.711791
vt 0.319593 0.694386
vt 0.333123 0.672202
vt 0.348032 0.650063
vt 0.313355 0.683177
vt 0.338459 0.644474
vt 0.312664 0.669438
vt 0.326698 0.661862
vt 0.312578 0.663645
vt 0.321869 0.658742
vt 0.333665 0.641381
vt 0.925163 0.364452
vt 0.925075 0.375663
vt 0.950771 0.375863
vt 0.950859 0.364652
vt 0.939006 0.346035
vt 0.925243 0.354161
vt 0.950939 0.354362
vt 0.955867 0.346166
vt 0.975159 0.346317
vt 0.981362 0.341015
vt 0.981423 0.333169
vt 0.975262 0.333121
vt 0.955970 0.332970
vt 0.939109 0.332839
vt 0.936215 0.332816
vt 0.936164 0.339414
vt 0.924928 0.394505
vt 0.950625 0.394705
vt 0.925657 0.301012
vt 0.951353 0.301213
vt 0.951441 0.290002
vt 0.925745 0.289801
vt 0.939212 0.319643
vt 0.956073 0.319774
vt 0.951273 0.311504
vt 0.925577 0.311303
vt 0.975365 0.319925
vt 0.981484 0.325323
vt 0.936267 0.326218
vt 0.951588 0.271160
vt 0.925892 0.270959
vt 0.231312 0.669296
vt 0.245063 0.656805
vt 0.253116 0.696373
vt 0.264773 0.683727
vt 0.277827 0.711100
vt 0.283743 0.694386
vt 0.301668 0.714769
vt 0.270212 0.672203
vt 0.255303 0.650063
vt 0.289980 0.683177
vt 0.301668 0.695124
vt 0.264876 0.644475
vt 0.301668 0.683259
vt 0.301668 0.668812
vt 0.290671 0.669438
vt 0.276637 0.661862
vt 0.290757 0.663645
vt 0.301667 0.663247
vt 0.281466 0.658742
vt 0.269670 0.641382
vt 0.372829 0.669410
vt 0.350220 0.697639
vt 0.358272 0.656804
vt 0.338563 0.683727
vt 0.325624 0.711791
vt 0.319593 0.694386
vt 0.333123 0.672202
vt 0.348032 0.650063
vt 0.313355 0.683177
vt 0.338459 0.644474
vt 0.312664 0.669438
vt 0.326698 0.661862
vt 0.312578 0.663645
vt 0.321869 0.658742
vt 0.333665 0.641381
vt 0.961697 0.125928
vt 0.952830 0.132788
vt 0.957263 0.112206
vt 0.961697 0.115637
vt 0.915145 0.132788
vt 0.906277 0.125928
vt 0.906277 0.115637
vt 0.910711 0.112207
vt 0.906277 0.018231
vt 0.915144 0.011371
vt 0.910711 0.031953
vt 0.906277 0.028522
vt 0.952829 0.011371
vt 0.961696 0.018231
vt 0.961696 0.028522
vt 0.957263 0.031952
vt 0.933987 0.132788
vt 0.933987 0.112206
vt 0.933987 0.011371
vt 0.933987 0.031952
vt 0.910711 0.081922
vt 0.910711 0.072080
vt 0.933987 0.072079
vt 0.933987 0.081922
vt 0.910711 0.091625
vt 0.933987 0.091625
vt 0.957263 0.072079
vt 0.957263 0.081922
vt 0.957263 0.091625
vt 0.957263 0.062236
vt 0.933987 0.062237
vt 0.957263 0.052534
vt 0.933987 0.052534
vt 0.910711 0.062237
vt 0.910711 0.052534
vt 0.404956 0.743966
vt 0.404956 0.720690
vt 0.413115 0.720690
vt 0.413115 0.743966
vt 0.420962 0.720690
vt 0.420961 0.743966
vt 0.910711 0.187611
vt 0.933987 0.187611
vt 0.933987 0.194209
vt 0.910711 0.194209
vt 0.910711 0.201414
vt 0.933987 0.201414
vt 0.933987 0.216770
vt 0.906277 0.216770
vt 0.933987 0.227061
vt 0.906277 0.227061
vt 0.361090 0.739532
vt 0.361090 0.720690
vt 0.366899 0.720690
vt 0.366899 0.748399
vt 0.377190 0.748399
vt 0.377190 0.720690
vt 0.385663 0.720690
vt 0.385663 0.743966
vt 0.933987 0.233922
vt 0.915144 0.233922
vt 0.925163 0.364452
vt 0.950859 0.364652
vt 0.950771 0.375863
vt 0.925075 0.375663
vt 0.939006 0.346035
vt 0.955867 0.346166
vt 0.950939 0.354362
vt 0.925243 0.354161
vt 0.975159 0.346317
vt 0.975262 0.333121
vt 0.981423 0.333169
vt 0.981362 0.341015
vt 0.955970 0.332970
vt 0.939109 0.332839
vt 0.936164 0.339414
vt 0.936215 0.332816
vt 0.950625 0.394705
vt 0.924928 0.394505
vt 0.404956 0.697414
vt 0.413115 0.697414
vt 0.420961 0.697414
vt 0.957263 0.187611
vt 0.957263 0.194209
vt 0.957263 0.201414
vt 0.961696 0.216770
vt 0.961697 0.227061
vt 0.361090 0.701847
vt 0.366899 0.692980
vt 0.377190 0.692980
vt 0.385663 0.697414
vt 0.952829 0.233922
vt 0.925657 0.301012
vt 0.925745 0.289801
vt 0.951441 0.290002
vt 0.951353 0.301213
vt 0.939212 0.319643
vt 0.925577 0.311303
vt 0.951273 0.311504
vt 0.956073 0.319774
vt 0.975365 0.319925
vt 0.981484 0.325323
vt 0.936267 0.326218
vt 0.925892 0.270959
vt 0.951588 0.271160
vt 0.436967 0.697414
vt 0.436967 0.720690
vt 0.428808 0.720690
vt 0.428808 0.697414
vt 0.933987 0.181013
vt 0.957263 0.181013
vt 0.957263 0.173808
vt 0.933987 0.173808
vt 0.933987 0.158452
vt 0.961696 0.158452
vt 0.933987 0.148161
vt 0.961696 0.148161
vt 0.481884 0.701847
vt 0.481884 0.720690
vt 0.475024 0.720690
vt 0.475024 0.692980
vt 0.464733 0.692980
vt 0.464733 0.720690
vt 0.456260 0.720690
vt 0.456260 0.697414
vt 0.933987 0.141301
vt 0.952829 0.141301
vt 0.436967 0.743966
vt 0.428808 0.743966
vt 0.910711 0.181013
vt 0.910711 0.173808
vt 0.906277 0.158452
vt 0.906277 0.148161
vt 0.481884 0.739532
vt 0.475024 0.748399
vt 0.464733 0.748399
vt 0.456260 0.743966
vt 0.915144 0.141301
vn 0.472761 -0.073500 0.878120
vn -0.001571 0.371122 0.928583
vn 0.065350 -0.340456 0.937987
vn 0.008561 0.297325 0.954738
vn 0.012002 0.136058 0.990628
vn 0.042032 -0.199786 0.978938
vn 0.047559 -0.231161 0.971752
vn -0.005790 0.129425 0.991572
vn 0.012445 -0.215003 0.976534
vn 0.172437 -0.723474 0.668468
vn 0.586752 0.011799 0.809681
vn 0.042668 0.680609 0.731403
vn 0.248309 -0.716832 0.651533
vn 0.111623 -0.816224 0.566850
vn 0.081428 0.714098 0.695294
vn 0.010800 0.673265 0.739322
vn 0.043779 -0.819985 0.570708
vn -0.034791 0.666501 0.744692
vn 0.999875 -0.015810 0.000000
vn 0.613229 -0.785459 -0.083684
vn 0.953751 -0.300598 0.000001
vn 0.361987 -0.782656 0.506375
vn 0.998595 0.052985 0.000000
vn 0.999884 0.010305 -0.011233
vn -0.532947 -0.837357 -0.121659
vn -0.995360 -0.095558 -0.011231
vn -0.992589 -0.121523 0.000001
vn 0.976762 -0.192650 0.093930
vn 0.918955 -0.353927 -0.173949
vn 0.968325 0.008998 0.249531
vn 0.996250 0.063759 0.058488
vn -0.950577 -0.296021 0.093669
vn -0.876765 -0.448218 -0.174307
vn -0.963843 -0.093518 0.249520
vn -0.998595 -0.052985 -0.000000
vn -0.997404 -0.042023 0.058483
vn -0.992812 -0.062595 0.102009
vn -0.994467 -0.084529 0.062373
vn 0.993861 0.042815 0.102017
vn 0.997848 0.021048 0.062105
vn 0.990034 0.011698 0.140340
vn -0.985717 -0.093477 0.140089
vn 0.993876 0.052734 0.097106
vn -0.993877 -0.052734 0.097100
vn 0.361986 -0.782656 -0.506375
vn 0.052985 -0.998595 0.000000
vn 0.052985 -0.998595 -0.000000
vn 0.999884 0.010305 0.011233
vn 0.613229 -0.785459 0.083684
vn -0.355393 -0.787951 -0.502821
vn 0.285459 -0.894566 0.343897
vn 0.918955 -0.353927 0.173947
vn 0.277930 -0.904350 -0.323892
vn 0.976762 -0.192650 -0.093931
vn 0.968325 0.008998 -0.249532
vn 0.996250 0.063759 -0.058488
vn 0.249549 -0.213085 -0.944627
vn -0.181977 -0.928643 -0.323276
vn -0.225763 -0.238657 -0.944496
vn 0.266764 0.206625 -0.941352
vn -0.287373 0.177183 -0.941288
vn -0.963844 -0.093518 -0.249519
vn -0.950578 -0.296021 -0.093669
vn -0.186442 -0.919125 0.347057
vn -0.876765 -0.448218 0.174307
vn -0.532947 -0.837357 0.121659
vn -0.995360 -0.095558 0.011231
vn -0.997403 -0.042023 -0.058484
vn -0.306808 -0.117941 -0.944436
vn -0.992812 -0.062595 -0.102012
vn 0.317136 -0.084977 -0.944565
vn -0.994467 -0.084529 -0.062372
vn -0.313358 -0.488328 -0.814458
vn 0.993861 0.042815 -0.102018
vn 0.997848 0.021048 -0.062104
vn 0.360321 -0.454410 -0.814666
vn -0.250625 -0.294572 -0.922180
vn 0.279177 -0.266716 -0.922455
vn 0.990034 0.011698 -0.140339
vn -0.985717 -0.093477 -0.140088
vn -0.261838 -0.013893 -0.965012
vn 0.261731 0.013887 -0.965041
vn 0.993876 0.052734 -0.097106
vn -0.993877 -0.052734 -0.097100
vn 0.277134 0.816567 -0.506375
vn -0.052984 0.998595 0.000000
vn -0.052985 0.998595 0.000000
vn 0.992588 0.121528 0.000000
vn 0.526670 0.845941 0.083685
vn 0.916586 0.399837 0.000001
vn 0.995360 0.095561 0.011233
vn -0.436779 0.745919 -0.502821
vn -0.618565 0.776258 0.121659
vn -0.999884 -0.010308 0.011233
vn -0.999875 0.015805 -0.000000
vn 0.876342 0.449183 0.173949
vn 0.189192 0.919750 0.343898
vn 0.180671 0.928683 -0.323892
vn 0.950891 0.294929 -0.093930
vn 0.963840 0.093520 -0.249533
vn 0.997403 0.042022 -0.058487
vn 0.225599 0.238295 -0.944627
vn -0.249750 0.213426 -0.944497
vn -0.279224 0.904172 -0.323276
vn 0.287133 -0.177237 -0.941351
vn -0.267009 -0.206598 -0.941288
vn -0.968328 -0.009001 -0.249518
vn -0.976565 0.193769 -0.093669
vn -0.282657 0.894235 0.347057
vn -0.919274 0.352921 0.174307
vn -0.996250 -0.063759 -0.058483
vn -0.317566 0.084812 -0.944436
vn -0.993861 -0.042816 -0.102012
vn 0.306362 0.118060 -0.944566
vn -0.997828 -0.021181 -0.062371
vn -0.363275 0.452427 -0.814457
vn 0.992811 0.062596 -0.102021
vn 0.994472 0.084662 -0.062108
vn 0.310212 0.489988 -0.814666
vn -0.280390 0.266397 -0.922179
vn 0.249385 0.294760 -0.922455
vn 0.985713 0.093134 -0.140340
vn -0.990074 -0.011357 -0.140087
vn 0.995360 0.095561 -0.011233
vn 0.526670 0.845941 -0.083684
vn 0.277133 0.816567 0.506375
vn 0.950891 0.294929 0.093931
vn 0.876343 0.449184 -0.173947
vn 0.963840 0.093520 0.249534
vn 0.997403 0.042022 0.058488
vn -0.976565 0.193768 0.093669
vn -0.919274 0.352921 -0.174307
vn -0.999884 -0.010308 -0.011233
vn -0.968328 -0.009001 0.249517
vn -0.618565 0.776258 -0.121659
vn -0.996250 -0.063759 0.058482
vn -0.993861 -0.042816 0.102014
vn -0.997828 -0.021181 0.062372
vn 0.992811 0.062596 0.102022
vn 0.994472 0.084662 0.062108
vn 0.985713 0.093134 0.140339
vn -0.990074 -0.011357 0.140088
vn -0.916593 -0.399822 0.000000
vn -0.355394 -0.787951 0.502820
vn -0.953756 0.300583 -0.000000
vn -0.436779 0.745919 0.502821
vn 0.285459 -0.894566 -0.343898
vn 0.277930 -0.904350 0.323892
vn 0.249549 -0.213085 0.944627
vn -0.225764 -0.238657 0.944496
vn -0.181977 -0.928643 0.323276
vn 0.266764 0.206625 0.941352
vn -0.287373 0.177183 0.941288
vn -0.186442 -0.919125 -0.347057
vn -0.306808 -0.117941 0.944436
vn 0.317135 -0.084977 0.944566
vn -0.313358 -0.488328 0.814459
vn 0.360321 -0.454410 0.814666
vn -0.250624 -0.294571 0.922180
vn 0.279177 -0.266716 0.922455
vn -0.261838 -0.013893 0.965012
vn 0.261731 0.013887 0.965041
vn 0.189193 0.919750 -0.343897
vn 0.180671 0.928683 0.323892
vn 0.225599 0.238295 0.944627
vn -0.279224 0.904172 0.323276
vn -0.249750 0.213426 0.944497
vn 0.287134 -0.177237 0.941351
vn -0.267010 -0.206598 0.941288
vn -0.282657 0.894235 -0.347057
vn -0.317566 0.084812 0.944436
vn 0.306363 0.118059 0.944565
vn -0.363275 0.452427 0.814458
vn 0.310211 0.489987 0.814666
vn -0.280390 0.266398 0.922179
vn 0.249385 0.294761 0.922455
vn 0.011036 -0.572675 0.819708
vn 0.027926 -0.876411 0.480754
vn 0.016768 -0.564085 0.825547
vn 0.028683 -0.876934 0.479753
vn 0.005979 -0.242903 0.970032
vn -0.007698 -0.126711 0.991910
vn 0.034954 -0.999389 -0.000000
vn 0.035449 -0.999372 -0.000000
vn -0.064276 0.875046 0.479752
vn -0.064973 0.874445 0.480755
vn -0.043017 0.562693 0.825546
vn -0.049626 0.570627 0.819709
vn -0.019760 0.242172 0.970032
vn -0.021063 0.125184 0.991910
vn -0.070503 0.997512 -0.000000
vn -0.070997 0.997477 0.000001
vn -0.014893 0.009431 0.999845
vn -0.013736 -0.000729 0.999905
vn -0.011907 0.001094 0.999929
vn -0.010719 -0.000569 0.999942
vn -0.013811 -0.010954 0.999845
vn -0.011724 -0.002348 0.999929
vn -0.675825 -0.737062 0.000000
vn -0.619913 -0.784671 0.000000
vn -0.670696 -0.741557 0.016121
vn -0.590892 -0.806459 0.021674
vn -0.998463 -0.052978 0.016271
vn -0.998595 -0.052985 -0.000000
vn -0.999110 -0.033914 0.025082
vn -0.998401 -0.056519 -0.000000
vn -0.996352 -0.083282 0.018618
vn -0.995469 -0.095089 0.000002
vn 0.028682 -0.876934 -0.479754
vn 0.027926 -0.876411 -0.480754
vn 0.016768 -0.564085 -0.825547
vn 0.011036 -0.572675 -0.819708
vn 0.005979 -0.242904 -0.970032
vn -0.007698 -0.126710 -0.991910
vn -0.670697 -0.741556 -0.016123
vn -0.998463 -0.052978 -0.016272
vn -0.996352 -0.083279 -0.018617
vn -0.999110 -0.033915 -0.025080
vn -0.590892 -0.806459 -0.021672
vn -0.049626 0.570626 -0.819709
vn -0.064972 0.874445 -0.480755
vn -0.043017 0.562693 -0.825546
vn -0.064275 0.875046 -0.479753
vn -0.019760 0.242173 -0.970032
vn -0.021063 0.125184 -0.991910
vn -0.750026 0.661408 -0.000000
vn -0.699466 0.714666 -0.000000
vn -0.745402 0.666420 -0.016125
vn -0.672914 0.739403 -0.021674
vn -0.997089 -0.072004 -0.025081
vn -0.998777 -0.049449 -0.000000
vn -0.999571 -0.022616 -0.018616
vn -0.999942 -0.010785 -0.000001
vn -0.745402 0.666420 0.016126
vn -0.999571 -0.022620 0.018615
vn -0.997089 -0.072003 0.025079
vn -0.672914 0.739403 0.021673
vn -0.014893 0.009431 -0.999845
vn -0.011907 0.001094 -0.999929
vn -0.013736 -0.000729 -0.999905
vn -0.010719 -0.000569 -0.999942
vn -0.011724 -0.002349 -0.999928
vn -0.013811 -0.010954 -0.999845
vn 0.052701 -0.155074 -0.986496
vn 0.029109 -0.178640 -0.983484
vn -0.002679 0.009674 -0.999950
vn -0.001251 0.009403 -0.999955
vn 0.142361 -0.272072 -0.951688
vn 0.064606 -0.345157 -0.936319
vn 0.085791 -0.110779 -0.990135
vn 0.170207 -0.189552 -0.967006
vn 0.009385 -0.236155 -0.971670
vn 0.014804 -0.249890 -0.968161
vn 0.004962 -0.112944 -0.993589
vn 0.006215 -0.101928 -0.994772
vn -0.000569 0.008814 -0.999961
vn -0.000186 0.007277 -0.999974
vn -0.000808 0.007376 -0.999972
vn 0.004540 -0.065787 -0.997823
vn 0.020295 -0.225272 -0.974084
vn 0.171569 -0.172345 -0.969980
vn 0.141291 -0.138632 -0.980213
vn -0.053017 0.997572 -0.045167
vn -0.053068 0.998591 0.000000
vn -0.024673 0.998993 -0.037478
vn -0.025028 0.999687 0.000000
vn -0.031996 0.999488 -0.000000
vn -0.031841 0.998036 -0.053943
vn -0.129436 0.990545 -0.045458
vn -0.129572 0.991570 -0.000000
vn -0.176336 0.983229 -0.046556
vn -0.176546 0.984292 -0.000000
vn -0.191784 0.981437 0.000000
vn -0.191834 0.979843 -0.055744
vn -0.176443 0.984311 0.000001
vn 0.028409 -0.271653 -0.961976
vn 0.030886 -0.283768 -0.958396
vn 0.013414 -0.122300 -0.992403
vn 0.036065 -0.304398 -0.951862
vn 0.015304 -0.130320 -0.991354
vn -0.000870 0.009471 -0.999955
vn -0.001072 0.009322 -0.999956
vn -0.091955 0.995763 0.000000
vn -0.114560 0.993416 0.000000
vn -0.091860 0.994734 -0.045456
vn -0.114617 0.992365 -0.045559
vn -0.074480 0.996188 -0.045402
vn -0.074572 0.997216 0.000000
vn 0.010403 -0.114099 -0.993415
vn 0.026906 -0.294001 -0.955426
vn -0.000684 0.008411 -0.999964
vn -0.001251 0.009403 0.999955
vn 0.029109 -0.178640 0.983484
vn -0.002679 0.009674 0.999950
vn 0.052701 -0.155074 0.986496
vn 0.064606 -0.345157 0.936319
vn 0.142361 -0.272072 0.951688
vn 0.085791 -0.110779 0.990135
vn 0.170207 -0.189552 0.967006
vn 0.006215 -0.101928 0.994772
vn 0.014804 -0.249890 0.968161
vn 0.004962 -0.112944 0.993589
vn 0.009385 -0.236155 0.971670
vn -0.000186 0.007277 0.999974
vn -0.000569 0.008814 0.999961
vn -0.000808 0.007376 0.999972
vn 0.004540 -0.065787 0.997823
vn 0.020295 -0.225272 0.974084
vn 0.171570 -0.172345 0.969980
vn 0.141291 -0.138632 0.980213
vn -0.053017 0.997572 0.045167
vn -0.024673 0.998993 0.037478
vn -0.031841 0.998036 0.053943
vn -0.129436 0.990545 0.045458
vn -0.176336 0.983228 0.046556
vn -0.191834 0.979843 0.055745
vn 0.028409 -0.271653 0.961976
vn 0.030886 -0.283768 0.958396
vn 0.036065 -0.304398 0.951862
vn 0.013414 -0.122300 0.992403
vn 0.015304 -0.130320 0.991354
vn -0.000870 0.009471 0.999955
vn -0.001072 0.009322 0.999956
vn -0.114617 0.992365 0.045559
vn -0.091860 0.994734 0.045456
vn -0.074480 0.996188 0.045402
vn 0.010403 -0.114099 0.993415
vn 0.026906 -0.294001 0.955426
vn -0.000684 0.008411 0.999964
vn 0.472763 -0.073500 -0.878119
vn 0.065351 -0.340456 -0.937987
vn -0.001571 0.371122 -0.928583
vn 0.008561 0.297325 -0.954738
vn 0.042032 -0.199785 -0.978938
vn 0.012002 0.136058 -0.990628
vn 0.047558 -0.231161 -0.971753
vn 0.012445 -0.215003 -0.976534
vn -0.005790 0.129425 -0.991572
vn 0.586754 0.011799 -0.809679
vn 0.172437 -0.723475 -0.668468
vn 0.042668 0.680609 -0.731403
vn 0.248308 -0.716831 -0.651534
vn 0.111623 -0.816224 -0.566850
vn 0.010800 0.673265 -0.739322
vn 0.081427 0.714098 -0.695294
vn 0.043779 -0.819985 -0.570708
vn -0.034791 0.666501 -0.744692
vn 0.041416 -0.999142 0.000000
vn 0.020408 -0.526527 0.849913
vn 0.034429 -0.999407 0.000000
vn 0.016211 -0.532676 0.846164
vn -0.004484 -0.000292 0.999990
vn -0.005138 -0.000970 0.999986
vn -0.036984 0.526255 0.849522
vn -0.034313 0.529632 0.847533
vn -0.066582 0.997781 0.000000
vn -0.061252 0.998122 -0.000000
vn 0.002871 -0.540491 0.841345
vn -0.007504 -0.001454 0.999971
vn -0.017450 -0.549648 0.835214
vn -0.010106 -0.001905 0.999947
vn 0.011363 -0.999935 -0.000000
vn -0.023407 -0.999726 -0.000000
vn -0.027424 0.536973 0.843153
vn -0.045605 0.998960 -0.000000
vn -0.013936 0.544276 0.838790
vn -0.018090 0.999836 0.000000
vn -0.029912 -0.537323 0.842846
vn -0.010924 0.008347 0.999905
vn -0.047656 -0.998864 0.000000
vn -0.007477 0.569217 0.822153
vn -0.006136 0.999981 0.000000
vn 0.020408 -0.526527 -0.849913
vn 0.016211 -0.532676 -0.846164
vn -0.004484 -0.000292 -0.999990
vn -0.005138 -0.000970 -0.999986
vn -0.034313 0.529632 -0.847533
vn -0.036984 0.526255 -0.849522
vn 0.002871 -0.540491 -0.841345
vn -0.017450 -0.549648 -0.835214
vn -0.007504 -0.001454 -0.999971
vn -0.010106 -0.001905 -0.999947
vn -0.027424 0.536973 -0.843153
vn -0.013936 0.544276 -0.838791
vn -0.029912 -0.537323 -0.842846
vn -0.010924 0.008347 -0.999905
vn -0.007477 0.569217 -0.822153
vn -0.003370 -0.999994 -0.000000
vn -0.003374 -0.974592 0.223963
vn -0.325209 -0.945642 0.000000
vn -0.333445 -0.901087 0.277230
vn -0.911613 -0.411048 -0.000001
vn -0.860021 -0.412863 0.299847
vn -0.999914 0.013085 0.000000
vn -0.140126 -0.498075 0.855737
vn 0.005687 -0.453625 0.891174
vn -0.462609 -0.190247 0.865909
vn -0.974572 0.012756 0.223712
vn 0.016136 0.268852 0.963046
vn -0.394039 0.005165 0.919079
vn 0.233331 -0.003056 0.972393
vn 0.160549 0.060243 0.985188
vn 0.059734 0.177525 0.982302
vn 0.922277 0.351867 0.159984
vn 0.989116 -0.012809 0.146580
vn 0.258974 0.950178 0.173479
vn 0.026402 0.989980 0.138716
vn 0.022814 0.999740 0.000000
vn -0.300329 0.953836 0.000000
vn 0.022145 0.974346 0.223961
vn -0.309737 0.909509 0.277229
vn -0.900539 0.434776 0.000001
vn -0.848914 0.435233 0.299863
vn -0.127039 0.501575 0.855736
vn 0.017563 0.453323 0.891173
vn -0.457458 0.202290 0.865916
vn 0.009092 -0.269178 0.963047
vn 0.158920 -0.064429 0.985187
vn 0.055066 -0.179022 0.982303
vn 0.912535 -0.376615 0.159501
vn 0.233501 -0.956729 0.173628
vn 0.000471 -0.990332 0.138717
vn -0.001549 -0.449865 0.893095
vn -0.006121 -0.467450 0.883998
vn -0.012682 -0.968476 0.248785
vn -0.012685 -0.968596 0.248315
vn -0.006920 0.072053 0.997377
vn -0.006941 0.230827 0.972970
vn 0.262220 0.716142 0.646823
vn 0.681271 0.507358 0.527691
vn -0.019413 -0.040108 0.999007
vn -0.017795 0.000233 0.999842
vn -0.043782 -0.034040 0.998461
vn -0.064727 0.000846 0.997903
vn 0.001697 -0.000022 0.999998
vn 0.013891 -0.000181 0.999903
vn 0.097072 -0.022348 0.995026
vn 0.116539 -0.001527 0.993185
vn -0.013095 -0.999914 -0.000000
vn -0.013094 -0.999914 -0.000000
vn 0.010229 0.449748 0.893097
vn 0.012680 0.968476 0.248783
vn 0.006120 0.467447 0.884000
vn 0.012681 0.968595 0.248320
vn 0.667755 -0.525023 0.527687
vn -0.012982 -0.230565 0.972970
vn 0.243376 -0.722766 0.646821
vn -0.008804 -0.071847 0.997377
vn -0.018356 0.040602 0.999007
vn -0.042873 0.035173 0.998461
vn 0.097616 0.019800 0.995027
vn 0.013091 0.999914 -0.000000
vn 0.013091 0.999914 0.000000
vn -0.003374 -0.974592 -0.223962
vn -0.333444 -0.901087 -0.277230
vn -0.860020 -0.412863 -0.299850
vn -0.140126 -0.498075 -0.855737
vn 0.005687 -0.453626 -0.891174
vn -0.462607 -0.190246 -0.865910
vn -0.974572 0.012756 -0.223712
vn 0.016137 0.268852 -0.963046
vn -0.394036 0.005165 -0.919080
vn 0.233331 -0.003056 -0.972392
vn 0.160549 0.060244 -0.985188
vn 0.059734 0.177525 -0.982302
vn 0.989111 -0.013098 -0.146587
vn 0.922089 0.352581 -0.159497
vn 0.258476 0.950287 -0.173620
vn 0.026402 0.989980 -0.138716
vn 0.022145 0.974346 -0.223961
vn -0.309737 0.909509 -0.277229
vn -0.848914 0.435233 -0.299860
vn -0.127039 0.501575 -0.855736
vn 0.017563 0.453321 -0.891174
vn -0.457459 0.202290 -0.865916
vn 0.009091 -0.269178 -0.963047
vn 0.158920 -0.064430 -0.985187
vn 0.055066 -0.179023 -0.982303
vn 0.912747 -0.375896 -0.159988
vn 0.234001 -0.956633 -0.173482
vn 0.000471 -0.990332 -0.138717
vn 0.999893 -0.013091 -0.006548
vn 0.999893 -0.013927 -0.004560
vn 0.999895 -0.013853 -0.004252
vn 0.999895 -0.013629 -0.004863
vn 0.999895 -0.013629 0.004863
vn 0.999893 -0.013927 0.004560
vn 0.999895 -0.013853 0.004252
vn 0.999893 -0.013091 0.006548
vn 0.999893 -0.013083 0.006476
vn 0.999914 -0.012265 0.004546
vn 0.999915 -0.012335 0.004265
vn 0.999909 -0.012572 0.004865
vn 0.999909 -0.012572 -0.004865
vn 0.999914 -0.012265 -0.004546
vn 0.999915 -0.012335 -0.004265
vn 0.999893 -0.013083 -0.006476
vn 0.999914 -0.013108 0.000000
vn 0.999907 -0.013631 0.000000
vn 0.999914 -0.013108 0.000000
vn 0.999921 -0.012571 0.000000
vn 0.937384 0.348297 -0.000130
vn 0.999914 -0.013114 0.000004
vn 0.240020 0.970768 0.000001
vn 0.029702 0.999559 0.000000
vn 0.927944 -0.372720 0.000132
vn 0.214526 -0.976718 -0.000003
vn 0.003520 -0.999994 0.000000
vn -0.224047 -0.974349 0.021153
vn -0.907834 -0.418964 0.017539
vn -0.238826 -0.971062 0.000000
vn -0.903608 -0.428360 -0.000000
vn -0.999727 0.013062 0.019398
vn -0.999915 0.013071 -0.000001
vn 0.999726 -0.013101 0.019401
vn 0.962709 -0.269341 0.025440
vn 0.999915 -0.013060 0.000000
vn 0.970128 -0.242592 0.000001
vn 0.812719 0.582656 0.000000
vn 0.451448 0.892298 0.000001
vn 0.999543 -0.021649 0.021124
vn 0.999813 -0.019354 0.000001
vn -0.999721 0.011638 0.020575
vn -1.000000 0.000312 0.000001
vn -0.999728 -0.013453 0.019059
vn -0.998944 -0.045940 0.000006
vn -0.983908 -0.176991 0.024472
vn -0.341799 -0.939214 0.032412
vn -0.977595 -0.210495 0.000000
vn -0.256350 -0.966584 0.000000
vn 0.999030 -0.039686 0.019055
vn 0.997392 -0.072180 0.000003
vn 0.849412 -0.526696 0.033011
vn 0.877086 -0.480333 -0.000001
vn -0.001550 -0.449864 -0.893096
vn -0.012682 -0.968476 -0.248785
vn -0.006121 -0.467451 -0.883998
vn -0.012684 -0.968596 -0.248316
vn 0.681270 0.507357 -0.527694
vn -0.006941 0.230827 -0.972970
vn 0.262220 0.716142 -0.646824
vn -0.006920 0.072052 -0.997377
vn -0.019413 -0.040108 -0.999007
vn -0.043783 -0.034040 -0.998461
vn -0.017795 0.000233 -0.999842
vn -0.064727 0.000846 -0.997903
vn 0.013891 -0.000182 -0.999903
vn 0.001697 -0.000022 -0.999999
vn 0.116538 -0.001527 -0.993185
vn 0.097070 -0.022349 -0.995027
vn -0.224047 -0.974349 -0.021152
vn -0.907834 -0.418964 -0.017538
vn -0.999727 0.013062 -0.019398
vn 0.999726 -0.013101 -0.019401
vn 0.962709 -0.269341 -0.025438
vn 0.999542 -0.021649 -0.021125
vn -0.999728 -0.013443 -0.019062
vn -0.999721 0.011641 -0.020572
vn -0.983908 -0.176991 -0.024468
vn -0.341799 -0.939214 -0.032413
vn 0.999030 -0.039687 -0.019056
vn 0.849412 -0.526696 -0.033011
vn 0.010229 0.449750 -0.893096
vn 0.006121 0.467450 -0.883998
vn 0.012680 0.968476 -0.248783
vn 0.012681 0.968595 -0.248321
vn -0.008804 -0.071847 -0.997377
vn -0.012982 -0.230566 -0.972970
vn 0.243376 -0.722766 -0.646821
vn 0.667756 -0.525023 -0.527687
vn -0.018356 0.040602 -0.999007
vn -0.042873 0.035173 -0.998461
vn 0.097616 0.019800 -0.995027
vn -0.198456 0.979882 -0.021150
vn -0.896556 0.442582 -0.017537
vn -0.213308 0.976985 -0.000000
vn -0.892079 0.451880 -0.000001
vn 0.969430 0.244046 -0.025434
vn 0.976148 0.217105 -0.000001
vn 0.797182 -0.603739 -0.000000
vn 0.427931 -0.903812 -0.000000
vn 0.999767 -0.004514 -0.021127
vn 0.999977 -0.006836 0.000001
vn -0.999683 0.014542 -0.020566
vn -0.999665 0.025870 -0.000000
vn -0.999032 0.039650 -0.019050
vn -0.997395 0.072135 -0.000005
vn -0.978938 0.202688 -0.024458
vn -0.317084 0.947844 -0.032408
vn -0.971754 0.235995 -0.000000
vn -0.230954 0.972965 -0.000000
vn 0.999727 0.013491 -0.019065
vn 0.998942 0.045996 0.000006
vn 0.862897 0.504301 -0.033011
vn 0.889393 0.457144 0.000000
vn -0.198456 0.979882 0.021149
vn -0.896556 0.442582 0.017536
vn 0.969430 0.244046 0.025431
vn 0.999767 -0.004512 0.021125
vn -0.999032 0.039640 0.019057
vn -0.999683 0.014544 0.020565
vn -0.978937 0.202690 0.024454
vn -0.317085 0.947843 0.032408
vn 0.999727 0.013502 0.019058
vn 0.862897 0.504301 0.033011
s 1
g blade_luminous
f 51/61/101 59/62/102 52/63/103
f 58/64/104 57/65/105 53/67/106
f 53/67/106 57/65/105 54/66/107
f 56/68/108 55/69/109 57/65/105
f 57/65/105 55/69/109 54/66/107
f 58/64/104 53/67/106 59/62/102
f 59/62/102 53/67/106 52/63/103
f 52/63/103 61/70/110 51/61/101
f 51/61/101 61/70/110 60/71/111
f 59/62/102 51/61/101 62/72/112
f 62/72/112 51/61/101 60/71/111
f 53/67/106 54/66/107 63/74/113
f 63/74/113 54/66/107 65/73/114
f 58/64/104 64/75/115 57/65/105
f 57/65/105 64/75/115 66/76/116
f 55/69/109 67/77/117 54/66/107
f 54/66/107 67/77/117 65/73/114
f 57/65/105 66/76/116 56/68/108
f 56/68/108 66/76/116 68/78/118
f 53/67/106 63/74/113 52/63/103
f 52/63/103 63/74/113 61/70/110
f 58/64/104 59/62/102 64/75/115
f 64/75/115 59/62/102 62/72/112
s 3
f 74/79/119 76/82/120 73/80/121
f 73/80/121 76/82/120 75/81/122
f 70/83/123 77/84/124 74/79/119
f 79/85/125 87/87/126 71/86/127
f 81/88/128 80/89/129 77/84/124
f 77/84/124 82/90/130 81/88/128
f 77/84/124 83/91/131 82/90/130
f 77/84/124 70/83/123 83/91/131
f 85/92/132 87/87/126 86/93/133
f 85/92/132 84/94/134 87/87/126
f 87/87/126 69/95/135 71/86/127
f 84/94/134 88/96/136 87/87/126
f 88/96/136 69/95/135 87/87/126
f 88/96/136 89/97/137 69/95/135
f 90/98/138 69/95/135 89/97/137
f 83/91/131 70/83/123 91/99/139
f 91/99/139 70/83/123 92/100/140
f 92/100/140 70/83/123 93/101/141
f 94/102/142 69/95/135 90/98/138
f 93/101/141 70/83/123 95/103/143
f 96/104/144 69/95/135 94/102/142
f 97/105/145 73/107/146 72/106/147
f 70/83/123 74/79/119 99/108/148
f 74/79/119 73/80/121 98/109/149
f 98/109/149 73/80/121 97/110/145
f 72/106/147 100/111/150 97/105/145
f 98/112/149 103/114/151 104/113/152
f 98/112/149 104/113/152 99/115/148
f 103/114/151 105/116/153 104/113/152
f 106/117/154 99/108/148 104/118/152
f 106/119/154 104/113/152 105/116/153
f 99/108/148 106/117/154 107/120/155
f 107/121/155 106/119/154 105/116/153
f 99/108/148 107/120/155 108/122/156
f 107/121/155 105/116/153 110/123/157
f 105/116/153 109/125/158 111/124/159
f 105/116/153 111/124/159 110/123/157
f 99/108/148 108/122/156 70/83/123
f 108/126/156 107/121/155 112/127/160
f 112/127/160 107/121/155 110/123/157
f 110/123/157 111/124/159 113/128/161
f 110/123/157 113/128/161 112/127/160
f 111/124/159 109/125/158 114/129/162
f 111/124/159 114/129/162 113/128/161
f 114/129/162 109/125/158 115/130/163
f 115/130/163 109/125/158 102/131/164
f 115/130/163 102/131/164 116/132/165
f 116/132/165 102/131/164 101/133/166
f 115/134/163 116/136/165 117/135/167
f 117/137/167 116/132/165 101/133/166
f 115/134/163 117/135/167 114/138/162
f 101/139/166 71/86/127 117/135/167
f 117/135/167 71/86/127 69/95/135
f 114/138/162 117/135/167 118/140/168
f 114/129/162 118/141/168 113/128/161
f 118/140/168 117/135/167 69/95/135
f 113/128/161 118/141/168 119/142/169
f 113/128/161 119/142/169 112/127/160
f 118/140/168 69/95/135 120/143/170
f 118/141/168 120/144/170 119/142/169
f 112/127/160 119/142/169 121/145/171
f 112/127/160 121/145/171 108/126/156
f 119/142/169 120/144/170 122/146/172
f 122/147/172 120/143/170 69/95/135
f 119/142/169 122/146/172 123/148/173
f 119/142/169 123/148/173 121/145/171
f 108/126/156 121/145/171 124/149/174
f 108/122/156 124/150/174 70/83/123
f 124/149/174 121/145/171 125/151/175
f 124/150/174 125/152/175 70/83/123
f 121/145/171 123/148/173 126/153/176
f 121/145/171 126/153/176 125/151/175
f 127/154/177 123/148/173 122/146/172
f 126/153/176 123/148/173 128/155/178
f 128/155/178 123/148/173 127/154/177
f 125/151/175 126/153/176 129/156/179
f 129/156/179 126/153/176 128/155/178
f 125/152/175 129/157/179 70/83/123
f 127/154/177 122/146/172 130/158/180
f 130/159/180 122/147/172 69/95/135
f 128/155/178 127/154/177 131/160/181
f 131/160/181 127/154/177 130/158/180
f 129/156/179 128/155/178 132/161/182
f 132/161/182 128/155/178 131/160/181
f 129/156/179 132/161/182 133/162/183
f 129/157/179 133/163/183 70/83/123
f 134/164/184 131/160/181 130/158/180
f 134/165/184 130/159/180 69/95/135
f 105/116/153 103/114/151 109/125/158
f 109/125/158 103/114/151 102/131/164
f 101/133/166 102/131/164 98/112/149
f 98/112/149 102/131/164 103/114/151
f 98/112/149 97/105/145 101/133/166
f 101/133/166 97/105/145 100/111/150
f 139/166/185 136/168/186 137/167/187
f 138/169/188 140/172/189 137/170/190
f 137/170/190 140/172/189 139/171/185
f 70/83/123 141/173/191 138/169/188
f 136/168/186 139/166/185 142/174/192
f 143/175/193 159/177/194 135/176/195
f 140/178/189 146/180/196 145/179/197
f 140/178/189 141/181/191 146/180/196
f 145/179/197 146/180/196 147/182/198
f 148/183/199 146/184/196 141/173/191
f 148/185/199 147/182/198 146/180/196
f 141/173/191 149/186/200 148/183/199
f 149/187/200 147/182/198 148/185/199
f 141/173/191 150/188/201 149/186/200
f 149/187/200 152/189/202 147/182/198
f 147/182/198 153/191/203 151/190/204
f 147/182/198 152/189/202 153/191/203
f 141/173/191 70/83/123 150/188/201
f 150/192/201 154/193/205 149/187/200
f 154/193/205 152/189/202 149/187/200
f 152/189/202 155/194/206 153/191/203
f 152/189/202 154/193/205 155/194/206
f 153/191/203 156/195/207 151/190/204
f 153/191/203 155/194/206 156/195/207
f 156/195/207 157/196/208 151/190/204
f 157/196/208 144/197/209 151/190/204
f 157/196/208 158/198/210 144/197/209
f 158/198/210 143/199/193 144/197/209
f 157/200/208 159/177/194 158/201/210
f 159/202/194 143/199/193 158/198/210
f 157/200/208 156/203/207 159/177/194
f 159/177/194 69/95/135 135/176/195
f 156/203/207 160/204/211 159/177/194
f 156/195/207 155/194/206 160/205/211
f 160/204/211 69/95/135 159/177/194
f 155/194/206 161/206/212 160/205/211
f 155/194/206 154/193/205 161/206/212
f 160/204/211 162/207/213 69/95/135
f 160/205/211 161/206/212 162/208/213
f 154/193/205 163/209/214 161/206/212
f 154/193/205 150/192/201 163/209/214
f 161/206/212 164/210/215 162/208/213
f 164/211/215 69/95/135 162/207/213
f 161/206/212 165/212/216 164/210/215
f 161/206/212 163/209/214 165/212/216
f 150/192/201 166/213/217 163/209/214
f 150/188/201 70/83/123 166/214/217
f 166/213/217 167/215/218 163/209/214
f 166/214/217 70/83/123 167/216/218
f 163/209/214 168/217/219 165/212/216
f 163/209/214 167/215/218 168/217/219
f 169/218/220 164/210/215 165/212/216
f 168/217/219 170/219/221 165/212/216
f 170/219/221 169/218/220 165/212/216
f 167/215/218 171/220/222 168/217/219
f 171/220/222 170/219/221 168/217/219
f 167/216/218 70/83/123 171/221/222
f 169/218/220 172/222/223 164/210/215
f 172/223/223 69/95/135 164/211/215
f 170/219/221 131/160/181 169/218/220
f 131/160/181 172/222/223 169/218/220
f 171/220/222 132/161/182 170/219/221
f 132/161/182 131/160/181 170/219/221
f 171/220/222 133/162/183 132/161/182
f 171/221/222 70/83/123 133/163/183
f 134/164/184 172/222/223 131/160/181
f 134/165/184 69/95/135 172/223/223
f 147/182/198 151/190/204 145/179/197
f 145/179/197 151/190/204 144/197/209
f 143/199/193 140/178/189 144/197/209
f 144/197/209 140/178/189 145/179/197
f 140/178/189 143/199/193 139/166/185
f 139/166/185 143/199/193 142/174/192
f 70/83/123 138/169/188 175/224/224
f 138/169/188 137/170/190 174/225/225
f 174/225/225 137/170/190 173/226/226
f 179/227/227 175/224/224 178/228/228
f 175/224/224 179/227/227 180/229/229
f 175/224/224 180/229/229 181/230/230
f 175/224/224 181/230/230 70/83/123
f 183/231/231 184/233/232 185/232/233
f 183/231/231 185/232/233 182/234/234
f 177/235/235 135/176/195 185/232/233
f 185/232/233 135/176/195 69/95/135
f 182/234/234 185/232/233 186/236/236
f 186/236/236 185/232/233 69/95/135
f 186/236/236 69/95/135 187/237/237
f 188/238/238 187/237/237 69/95/135
f 181/230/230 189/239/239 70/83/123
f 189/239/239 190/240/240 70/83/123
f 190/240/240 191/241/241 70/83/123
f 192/242/242 188/238/238 69/95/135
f 191/241/241 95/103/143 70/83/123
f 96/104/144 192/242/242 69/95/135
f 71/86/127 72/244/243 79/85/125
f 79/85/125 72/244/243 78/243/244
f 100/245/150 72/244/243 101/139/166
f 101/139/166 72/244/243 71/86/127
f 74/79/119 77/84/124 76/82/120
f 74/79/119 98/109/149 99/108/148
f 138/169/188 141/173/191 140/172/189
f 138/169/188 174/225/225 175/224/224
f 135/176/195 136/247/245 143/175/193
f 143/175/193 136/247/245 142/246/192
f 176/248/246 136/247/245 177/235/235
f 177/235/235 136/247/245 135/176/195
f 75/249/122 72/251/147 73/250/146
f 72/251/147 75/249/122 78/252/244
f 76/253/120 80/255/129 194/254/247
f 76/253/120 77/256/124 80/255/129
f 194/254/247 80/255/129 195/257/248
f 81/258/128 195/257/248 80/255/129
f 82/259/130 195/257/248 81/258/128
f 82/259/130 197/260/249 195/257/248
f 195/257/248 198/262/250 196/261/251
f 195/257/248 197/260/249 198/262/250
f 83/263/131 199/264/252 82/259/130
f 199/264/252 197/260/249 82/259/130
f 197/260/249 200/265/253 198/262/250
f 197/260/249 199/264/252 200/265/253
f 198/262/250 84/266/134 196/261/251
f 198/262/250 200/265/253 84/266/134
f 84/266/134 85/267/132 196/261/251
f 85/267/132 193/268/254 196/261/251
f 85/267/132 86/269/133 193/268/254
f 86/269/133 79/270/125 193/268/254
f 87/271/126 79/270/125 86/269/133
f 84/266/134 200/265/253 88/272/136
f 200/265/253 201/273/255 88/272/136
f 200/265/253 199/264/252 201/273/255
f 88/272/136 201/273/255 89/274/137
f 199/264/252 202/275/256 201/273/255
f 199/264/252 83/263/131 202/275/256
f 201/273/255 90/276/138 89/274/137
f 201/273/255 203/277/257 90/276/138
f 201/273/255 202/275/256 203/277/257
f 83/263/131 91/278/139 202/275/256
f 91/278/139 92/279/140 202/275/256
f 202/275/256 204/280/258 203/277/257
f 202/275/256 92/279/140 204/280/258
f 205/281/259 90/276/138 203/277/257
f 204/280/258 206/282/260 203/277/257
f 206/282/260 205/281/259 203/277/257
f 92/279/140 93/283/141 204/280/258
f 93/283/141 206/282/260 204/280/258
f 205/281/259 94/284/142 90/276/138
f 206/282/260 207/285/261 205/281/259
f 207/285/261 94/284/142 205/281/259
f 93/283/141 208/286/262 206/282/260
f 208/286/262 207/285/261 206/282/260
f 93/283/141 95/287/143 208/286/262
f 96/288/144 94/284/142 207/285/261
f 195/257/248 196/261/251 194/254/247
f 194/254/247 196/261/251 193/268/254
f 79/270/125 76/253/120 193/268/254
f 193/268/254 76/253/120 194/254/247
f 76/253/120 79/270/125 75/249/122
f 75/249/122 79/270/125 78/252/244
f 173/289/226 137/291/187 136/290/186
f 136/290/186 176/292/246 173/289/226
f 174/293/225 210/295/263 178/294/228
f 174/293/225 178/294/228 175/296/224
f 210/295/263 211/297/264 178/294/228
f 179/298/227 178/294/228 211/297/264
f 180/299/229 179/298/227 211/297/264
f 180/299/229 211/297/264 213/300/265
f 211/297/264 212/302/266 214/301/267
f 211/297/264 214/301/267 213/300/265
f 181/303/230 180/299/229 215/304/268
f 215/304/268 180/299/229 213/300/265
f 213/300/265 214/301/267 216/305/269
f 213/300/265 216/305/269 215/304/268
f 214/301/267 212/302/266 182/306/234
f 214/301/267 182/306/234 216/305/269
f 182/306/234 212/302/266 183/307/231
f 183/307/231 212/302/266 209/308/270
f 183/307/231 209/308/270 184/309/232
f 184/309/232 209/308/270 177/310/235
f 185/311/233 184/309/232 177/310/235
f 182/306/234 186/312/236 216/305/269
f 216/305/269 186/312/236 217/313/271
f 216/305/269 217/313/271 215/304/268
f 186/312/236 187/314/237 217/313/271
f 215/304/268 217/313/271 218/315/272
f 215/304/268 218/315/272 181/303/230
f 217/313/271 187/314/237 188/316/238
f 217/313/271 188/316/238 219/317/273
f 217/313/271 219/317/273 218/315/272
f 181/303/230 218/315/272 189/318/239
f 189/318/239 218/315/272 190/319/240
f 218/315/272 219/317/273 220/320/274
f 218/315/272 220/320/274 190/319/240
f 221/321/275 219/317/273 188/316/238
f 220/320/274 219/317/273 222/322/276
f 222/322/276 219/317/273 221/321/275
f 190/319/240 220/320/274 191/323/241
f 191/323/241 220/320/274 222/322/276
f 221/321/275 188/316/238 192/324/242
f 222/322/276 221/321/275 207/285/261
f 207/285/261 221/321/275 192/324/242
f 191/323/241 222/322/276 208/286/262
f 208/286/262 222/322/276 207/285/261
f 191/323/241 208/286/262 95/287/143
f 96/288/144 207/285/261 192/324/242
f 211/297/264 210/295/263 212/302/266
f 212/302/266 210/295/263 209/308/270
f 177/310/235 209/308/270 174/293/225
f 174/293/225 209/308/270 210/295/263
f 174/293/225 173/289/226 177/310/235
f 177/310/235 173/289/226 176/292/246
s 21
f 231/328/277 228/327/278 230/325/279
f 230/325/279 228/327/278 227/326/280
f 226/329/281 229/330/282 230/325/279
f 230/325/279 229/330/282 231/328/277
f 228/327/278 233/332/283 227/326/280
f 227/326/280 233/332/283 232/331/284
f 239/336/285 240/335/286 242/333/287
f 242/333/287 240/335/286 243/334/288
f 238/337/289 242/333/287 241/338/290
f 241/338/290 242/333/287 243/334/288
f 234/340/291 235/339/292 239/336/285
f 239/336/285 235/339/292 240/335/286
f 236/341/293 224/344/294 237/342/295
f 237/342/295 224/344/294 244/343/296
f 223/346/297 225/345/298 224/344/294
f 224/344/294 225/345/298 244/343/296
f 238/337/289 241/338/290 237/342/295
f 237/342/295 241/338/290 236/341/293
f 223/346/297 229/330/282 225/345/298
f 225/345/298 229/330/282 226/329/281
s 27
f 254/347/299 257/350/300 223/348/301
f 223/348/301 257/350/300 229/349/302
f 224/352/303 255/351/304 223/348/301
f 223/348/301 255/351/304 254/347/299
f 231/356/305 256/355/306 228/353/307
f 228/353/307 256/355/306 233/354/308
f 229/349/302 257/350/300 231/356/305
f 231/356/305 257/350/300 256/355/306
s 21
f 249/360/309 250/359/310 252/357/311
f 252/357/311 250/359/310 253/358/312
f 248/361/313 252/357/311 251/362/314
f 251/362/314 252/357/311 253/358/312
f 232/364/284 233/363/283 249/360/309
f 249/360/309 233/363/283 250/359/310
s 27
f 254/347/299 255/351/304 245/365/315
f 245/365/315 255/351/304 246/366/316
f 233/354/308 256/355/306 250/367/317
f 250/367/317 256/355/306 253/368/318
f 256/355/306 257/350/300 253/368/318
f 253/368/318 257/350/300 251/369/319
s 21
f 265/373/320 262/372/321 264/370/322
f 264/370/322 262/372/321 261/371/323
f 260/374/324 263/375/325 264/370/322
f 264/370/322 263/375/325 265/373/320
f 262/372/321 235/377/292 261/371/323
f 261/371/323 235/377/292 234/376/291
s 27
f 266/378/326 268/381/327 258/379/328
f 258/379/328 268/381/327 263/380/329
f 246/366/316 255/351/304 258/379/328
f 258/379/328 255/351/304 266/378/326
f 265/385/330 267/384/331 262/382/332
f 262/382/332 267/384/331 235/383/333
f 263/380/329 268/381/327 265/385/330
f 265/385/330 268/381/327 267/384/331
f 266/378/326 255/351/304 236/386/334
f 236/386/334 255/351/304 224/352/303
f 235/383/333 267/384/331 240/387/335
f 240/387/335 267/384/331 243/388/336
f 267/384/331 268/381/327 243/388/336
f 243/388/336 268/381/327 241/389/337
f 254/347/299 245/365/315 257/350/300
f 257/350/300 245/365/315 251/369/319
f 266/378/326 236/386/334 268/381/327
f 268/381/327 236/386/334 241/389/337
s 21
f 258/390/338 259/393/339 246/391/340
f 246/391/340 259/393/339 269/392/341
f 269/392/341 247/395/342 246/391/340
f 246/391/340 247/395/342 245/394/343
f 260/374/324 259/393/339 263/375/325
f 263/375/325 259/393/339 258/390/338
f 245/394/343 247/395/342 251/362/314
f 251/362/314 247/395/342 248/361/313
s 36
f 282/399/344 283/398/345 280/396/346
f 280/396/346 283/398/345 279/397/347
f 271/401/348 272/400/349 282/399/344
f 282/399/344 272/400/349 283/398/345
f 286/402/350 282/399/344 280/396/346
f 275/403/351 271/401/348 286/402/350
f 286/402/350 271/401/348 282/399/344
f 274/407/352 273/406/353 285/404/354
f 285/404/354 273/406/353 284/405/355
f 285/404/354 284/405/355 277/408/356
f 277/408/356 284/405/355 276/409/357
f 278/410/358 285/404/354 277/408/356
f 295/411/359 285/404/354 278/410/358
f 285/404/354 294/412/360 274/407/352
f 270/413/361 275/403/351 281/414/362
f 281/414/362 275/403/351 286/402/350
f 281/414/362 286/402/350 280/396/346
s 38
f 276/409/363 287/416/364 277/408/365
f 277/408/365 287/416/364 288/415/366
f 288/415/366 289/417/367 277/408/365
f 277/408/365 289/417/367 278/410/368
f 279/397/369 290/419/370 280/396/371
f 280/396/371 290/419/370 291/418/372
f 291/418/372 292/420/373 280/396/371
f 280/396/371 292/420/373 281/414/374
f 281/414/374 292/420/373 270/413/375
s 36
f 285/404/354 295/411/359 294/412/360
f 294/412/360 295/411/359 293/421/376
f 307/422/377 306/425/378 296/423/379
f 296/423/379 306/425/378 299/424/380
f 306/425/378 305/427/381 299/424/380
f 299/424/380 305/427/381 301/426/382
s 38
f 304/429/383 303/428/384 305/427/385
f 305/427/385 303/428/384 301/426/386
s 36
f 283/398/345 299/424/380 279/397/347
f 279/397/347 299/424/380 301/426/382
f 299/424/380 283/398/345 296/423/379
f 296/423/379 283/398/345 272/400/349
s 38
f 278/410/368 289/417/367 300/430/387
f 300/430/387 289/417/367 302/431/388
f 303/428/384 290/419/370 301/426/386
f 301/426/386 290/419/370 279/397/369
s 36
f 295/411/359 298/433/389 293/421/376
f 293/421/376 298/433/389 297/432/390
f 298/433/389 295/411/359 300/430/391
f 300/430/391 295/411/359 278/410/358
s 38
f 300/430/387 302/431/388 305/427/385
f 305/427/385 302/431/388 304/429/383
s 36
f 298/433/389 300/430/391 306/425/378
f 306/425/378 300/430/391 305/427/381
f 297/432/390 298/433/389 307/422/377
f 307/422/377 298/433/389 306/425/378
s 42
f 311/437/392 315/436/393 312/434/394
f 312/434/394 315/436/393 314/435/395
f 315/436/393 272/439/396 314/435/395
f 314/435/395 272/439/396 271/438/397
f 318/440/398 312/434/394 314/435/395
f 275/441/399 318/440/398 271/438/397
f 271/438/397 318/440/398 314/435/395
f 316/445/400 273/444/401 317/442/402
f 317/442/402 273/444/401 274/443/403
f 308/447/404 316/445/400 309/446/405
f 309/446/405 316/445/400 317/442/402
f 310/448/406 309/446/405 317/442/402
f 319/449/407 310/448/406 317/442/402
f 317/442/402 274/443/403 294/450/408
f 270/451/409 313/452/410 275/441/399
f 275/441/399 313/452/410 318/440/398
f 313/452/410 312/434/394 318/440/398
s 38
f 308/447/411 309/446/412 287/453/364
f 287/453/364 309/446/412 288/454/366
f 310/448/413 289/455/367 309/446/412
f 309/446/412 289/455/367 288/454/366
f 311/437/414 312/434/415 290/456/370
f 290/456/370 312/434/415 291/457/372
f 313/452/416 292/458/373 312/434/415
f 312/434/415 292/458/373 291/457/372
f 313/452/416 270/451/375 292/458/373
s 42
f 317/442/402 294/450/408 319/449/407
f 319/449/407 294/450/408 293/459/417
f 307/460/418 296/463/419 325/461/420
f 325/461/420 296/463/419 321/462/421
f 325/461/420 321/462/421 324/464/422
f 324/464/422 321/462/421 323/465/423
s 38
f 323/465/424 303/467/384 324/464/425
f 324/464/425 303/467/384 304/466/383
s 42
f 323/465/423 321/462/421 311/437/392
f 311/437/392 321/462/421 315/436/393
f 321/462/421 296/463/419 315/436/393
f 315/436/393 296/463/419 272/439/396
s 38
f 310/448/413 322/469/426 289/455/367
f 289/455/367 322/469/426 302/468/388
f 311/437/414 290/456/370 323/465/424
f 323/465/424 290/456/370 303/467/384
s 42
f 319/449/407 293/459/417 320/470/427
f 320/470/427 293/459/417 297/471/428
f 310/448/406 319/449/407 322/469/429
f 322/469/429 319/449/407 320/470/427
s 38
f 322/469/426 324/464/425 302/468/388
f 302/468/388 324/464/425 304/466/383
s 42
f 320/470/427 325/461/420 322/469/429
f 322/469/429 325/461/420 324/464/422
f 297/471/428 307/460/418 320/470/427
f 320/470/427 307/460/418 325/461/420
s 47
f 326/472/430 327/474/431 334/473/432
f 333/475/433 328/478/434 332/476/435
f 332/476/435 328/478/434 329/477/436
f 329/477/436 330/480/437 332/476/435
f 332/476/435 330/480/437 331/479/438
f 327/474/431 328/478/434 334/473/432
f 334/473/432 328/478/434 333/475/433
f 335/482/439 336/481/440 326/472/430
f 326/472/430 336/481/440 327/474/431
f 334/473/432 337/483/441 326/472/430
f 326/472/430 337/483/441 335/482/439
f 328/478/434 338/485/442 329/477/436
f 329/477/436 338/485/442 340/484/443
f 341/487/444 339/486/445 332/476/435
f 332/476/435 339/486/445 333/475/433
f 340/484/443 342/488/446 329/477/436
f 329/477/436 342/488/446 330/480/437
f 343/489/447 341/487/444 331/479/438
f 331/479/438 341/487/444 332/476/435
f 336/481/440 338/485/442 327/474/431
f 327/474/431 338/485/442 328/478/434
f 333/475/433 339/486/445 334/473/432
f 334/473/432 339/486/445 337/483/441
s 49
f 344/490/448 345/493/449 361/491/450
f 361/491/450 345/493/449 360/492/451
f 345/493/449 346/495/452 360/492/451
f 360/492/451 346/495/452 359/494/453
f 347/497/454 363/496/455 346/495/452
f 346/495/452 363/496/455 359/494/453
f 348/499/456 362/498/457 347/497/454
f 347/497/454 362/498/457 363/496/455
f 355/500/458 354/503/459 365/501/460
f 365/501/460 354/503/459 364/502/461
f 356/504/462 355/500/458 366/505/463
f 366/505/463 355/500/458 365/501/460
f 358/506/464 357/509/465 368/507/466
f 368/507/466 357/509/465 367/508/467
f 354/503/459 358/506/464 364/502/461
f 364/502/461 358/506/464 368/507/466
f 360/492/451 359/494/453 355/500/458
f 355/500/458 359/494/453 354/503/459
f 361/491/450 360/492/451 356/504/462
f 356/504/462 360/492/451 355/500/458
f 363/496/455 362/498/457 358/506/464
f 358/506/464 362/498/457 357/509/465
f 359/494/453 363/496/455 354/503/459
f 354/503/459 363/496/455 358/506/464
f 365/501/460 364/502/461 350/510/468
f 350/510/468 364/502/461 351/511/469
f 366/505/463 365/501/460 349/512/470
f 349/512/470 365/501/460 350/510/468
f 368/507/466 367/508/467 352/513/471
f 352/513/471 367/508/467 353/514/472
f 364/502/461 368/507/466 351/511/469
f 351/511/469 368/507/466 352/513/471
f 344/515/448 361/518/450 369/516/473
f 369/516/473 361/518/450 379/517/474
f 369/516/473 379/517/474 370/519/475
f 370/519/475 379/517/474 378/520/476
f 378/520/476 380/522/477 370/519/475
f 370/519/475 380/522/477 371/521/478
f 380/522/477 362/524/457 371/521/478
f 371/521/478 362/524/457 348/523/456
f 376/525/479 382/528/480 375/526/481
f 375/526/481 382/528/480 381/527/482
f 356/529/462 366/530/463 376/525/479
f 376/525/479 366/530/463 382/528/480
f 377/531/483 383/534/484 357/532/465
f 357/532/465 383/534/484 367/533/467
f 375/526/481 381/527/482 377/531/483
f 377/531/483 381/527/482 383/534/484
f 379/517/474 376/525/479 378/520/476
f 378/520/476 376/525/479 375/526/481
f 361/518/450 356/529/462 379/517/474
f 379/517/474 356/529/462 376/525/479
f 380/522/477 377/531/483 362/524/457
f 362/524/457 377/531/483 357/532/465
f 378/520/476 375/526/481 380/522/477
f 380/522/477 375/526/481 377/531/483
f 382/528/480 372/536/485 381/527/482
f 381/527/482 372/536/485 373/535/486
f 366/530/463 349/537/470 382/528/480
f 382/528/480 349/537/470 372/536/485
f 383/534/484 374/539/487 367/533/467
f 367/533/467 374/539/487 353/538/472
f 381/527/482 373/535/486 383/534/484
f 383/534/484 373/535/486 374/539/487
s 57
f 384/540/488 388/542/489 385/541/490
f 385/541/490 388/542/489 390/543/491
f 386/544/492 385/541/490 390/543/491
f 386/544/492 390/543/491 391/545/493
f 386/544/492 391/545/493 387/546/494
f 390/543/491 388/542/489 392/547/495
f 392/547/495 388/542/489 389/548/496
f 391/545/493 390/543/491 393/549/497
f 393/549/497 390/543/491 392/547/495
f 387/546/494 391/545/493 394/550/498
f 394/550/498 391/545/493 393/549/497
f 392/547/495 389/548/496 395/551/499
f 396/552/500 394/550/498 393/549/497
f 397/553/501 396/552/500 393/549/497
f 397/553/501 393/549/497 398/554/502
f 398/554/502 393/549/497 399/555/503
f 399/555/503 393/549/497 392/547/495
f 398/554/502 400/557/504 397/553/501
f 397/553/501 400/557/504 401/556/505
f 400/557/504 398/554/502 402/558/506
f 402/558/506 398/554/502 399/555/503
f 399/555/503 392/547/495 395/551/499
f 399/555/503 395/551/499 402/558/506
f 402/558/506 395/551/499 403/559/507
f 404/560/508 405/562/509 407/561/510
f 405/562/509 409/563/511 407/561/510
f 406/564/512 409/563/511 405/562/509
f 406/564/512 410/565/513 409/563/511
f 406/564/512 387/546/494 410/565/513
f 409/563/511 411/566/514 407/561/510
f 411/566/514 408/567/515 407/561/510
f 410/565/513 412/568/516 409/563/511
f 412/568/516 411/566/514 409/563/511
f 387/546/494 394/550/498 410/565/513
f 394/550/498 412/568/516 410/565/513
f 411/566/514 413/569/517 408/567/515
f 396/552/500 412/568/516 394/550/498
f 397/553/501 412/568/516 396/552/500
f 397/553/501 414/570/518 412/568/516
f 414/570/518 415/571/519 412/568/516
f 415/571/519 411/566/514 412/568/516
f 415/571/519 413/569/517 411/566/514
f 401/556/505 416/572/520 397/553/501
f 397/553/501 416/572/520 414/570/518
f 416/572/520 417/573/521 414/570/518
f 414/570/518 417/573/521 415/571/519
f 418/574/522 413/569/517 417/573/521
f 417/573/521 413/569/517 415/571/519
s 59
f 431/575/523 432/578/524 425/576/525
f 425/576/525 432/578/524 426/577/526
f 428/582/527 427/581/528 423/579/529
f 423/579/529 427/581/528 424/580/530
f 419/583/531 430/586/532 420/584/533
f 420/584/533 430/586/532 421/585/534
f 428/582/527 423/579/529 429/587/535
f 429/587/535 423/579/529 434/588/536
f 419/583/531 428/582/527 430/586/532
f 430/586/532 428/582/527 429/587/535
f 424/580/530 427/581/528 431/575/523
f 431/575/523 427/581/528 432/578/524
f 423/579/529 433/590/537 434/588/536
f 434/588/536 433/590/537 422/589/538
f 425/576/525 426/577/526 435/591/539
f 435/591/539 426/577/526 436/592/540
f 447/593/541 443/596/542 448/594/543
f 448/594/543 443/596/542 444/595/544
f 442/600/545 445/599/546 441/597/547
f 441/597/547 445/599/546 446/598/548
f 439/601/549 440/602/550 430/586/532
f 430/586/532 440/602/550 421/585/534
f 434/588/536 441/597/547 429/587/535
f 429/587/535 441/597/547 446/598/548
f 439/601/549 430/586/532 446/598/548
f 446/598/548 430/586/532 429/587/535
f 442/600/545 447/593/541 445/599/546
f 445/599/546 447/593/541 448/594/543
f 422/589/538 449/603/551 434/588/536
f 434/588/536 449/603/551 441/597/547
f 443/596/542 437/605/552 444/595/544
f 444/595/544 437/605/552 438/604/553
s 57
f 384/606/488 385/608/490 450/607/554
f 385/608/490 452/609/555 450/607/554
f 386/610/492 452/609/555 385/608/490
f 386/610/492 453/611/556 452/609/555
f 386/610/492 387/612/494 453/611/556
f 452/609/555 454/613/557 450/607/554
f 454/613/557 451/614/558 450/607/554
f 453/611/556 455/615/559 452/609/555
f 455/615/559 454/613/557 452/609/555
f 387/612/494 456/616/560 453/611/556
f 456/616/560 455/615/559 453/611/556
f 454/613/557 457/617/561 451/614/558
f 458/618/562 455/615/559 456/616/560
f 459/619/563 455/615/559 458/618/562
f 459/619/563 460/620/564 455/615/559
f 460/620/564 461/621/565 455/615/559
f 461/621/565 454/613/557 455/615/559
f 463/623/566 462/622/567 459/619/563
f 459/619/563 462/622/567 460/620/564
f 462/622/567 464/624/568 460/620/564
f 460/620/564 464/624/568 461/621/565
f 461/621/565 457/617/561 454/613/557
f 465/625/569 457/617/561 464/624/568
f 464/624/568 457/617/561 461/621/565
f 404/626/508 466/628/570 405/627/509
f 405/627/509 466/628/570 468/629/571
f 406/630/512 405/627/509 468/629/571
f 406/630/512 468/629/571 469/631/572
f 406/630/512 469/631/572 387/612/494
f 468/629/571 466/628/570 470/632/573
f 470/632/573 466/628/570 467/633/574
f 469/631/572 468/629/571 471/634/575
f 471/634/575 468/629/571 470/632/573
f 387/612/494 469/631/572 456/616/560
f 456/616/560 469/631/572 471/634/575
f 470/632/573 467/633/574 472/635/576
f 458/618/562 456/616/560 471/634/575
f 459/619/563 458/618/562 471/634/575
f 459/619/563 471/634/575 473/636/577
f 473/636/577 471/634/575 474/637/578
f 474/637/578 471/634/575 470/632/573
f 474/637/578 470/632/573 472/635/576
f 473/636/577 475/638/579 459/619/563
f 459/619/563 475/638/579 463/623/566
f 475/638/579 473/636/577 476/639/580
f 476/639/580 473/636/577 474/637/578
f 474/637/578 472/635/576 476/639/580
f 476/639/580 472/635/576 477/640/581
s 65
f 457/644/582 465/643/583 451/641/584
f 451/641/584 465/643/583 450/642/585
f 388/645/586 403/648/587 389/646/588
f 389/646/588 403/648/587 395/647/589
s 67
f 413/652/590 418/651/591 408/649/592
f 408/649/592 418/651/591 407/650/593
f 466/653/594 477/656/595 467/654/596
f 467/654/596 477/656/595 472/655/597
s 65
f 384/657/598 478/658/599 388/645/586
f 388/645/586 478/658/599 403/648/587
f 465/643/583 478/658/599 450/642/585
f 450/642/585 478/658/599 384/657/598
s 67
f 404/659/600 479/660/601 466/653/594
f 466/653/594 479/660/601 477/656/595
f 418/651/591 479/660/601 407/650/593
f 407/650/593 479/660/601 404/659/600
s 57
f 400/661/504 480/664/602 401/662/505
f 401/662/505 480/664/602 481/663/603
f 402/665/506 482/666/604 400/661/504
f 400/661/504 482/666/604 480/664/602
f 478/658/605 482/666/604 403/648/507
f 403/648/507 482/666/604 402/665/506
f 463/667/566 481/663/603 462/668/567
f 462/668/567 481/663/603 480/664/602
f 462/668/567 480/664/602 464/669/568
f 464/669/568 480/664/602 482/666/604
f 464/669/568 482/666/604 465/643/569
f 465/643/569 482/666/604 478/658/605
f 475/670/579 483/671/606 463/667/566
f 463/667/566 483/671/606 481/663/603
f 476/672/580 484/673/607 475/670/579
f 475/670/579 484/673/607 483/671/606
f 479/660/608 484/673/607 477/656/581
f 477/656/581 484/673/607 476/672/580
f 401/662/505 481/663/603 416/674/520
f 416/674/520 481/663/603 483/671/606
f 416/674/520 483/671/606 417/675/521
f 417/675/521 483/671/606 484/673/607
f 417/675/521 484/673/607 418/651/522
f 418/651/522 484/673/607 479/660/608
s 73
f 419/676/609 420/679/610 501/677/611
f 501/677/611 420/679/610 502/678/612
f 421/681/613 503/680/614 420/679/610
f 420/679/610 503/680/614 502/678/612
s 75
f 422/682/615 433/685/616 504/683/617
f 504/683/617 433/685/616 505/684/618
s 59
f 424/689/530 507/688/619 423/686/529
f 423/686/529 507/688/619 506/687/620
f 431/691/621 508/690/622 424/689/530
f 424/689/530 508/690/622 507/688/619
s 73
f 432/695/623 509/694/624 426/692/625
f 426/692/625 509/694/624 436/693/626
f 427/696/627 428/699/628 510/697/629
f 510/697/629 428/699/628 511/698/630
f 428/699/628 419/676/609 511/698/630
f 511/698/630 419/676/609 501/677/611
s 59
f 431/691/621 425/701/631 508/690/622
f 508/690/622 425/701/631 435/700/632
s 73
f 427/696/627 510/697/629 432/695/623
f 432/695/623 510/697/629 509/694/624
s 75
f 423/686/633 506/687/634 433/685/616
f 433/685/616 506/687/634 505/684/618
s 59
f 497/702/635 491/705/636 498/703/637
f 498/703/637 491/705/636 492/704/638
f 490/709/639 493/708/640 489/706/641
f 489/706/641 493/708/640 494/707/642
f 485/710/643 486/713/644 496/711/645
f 496/711/645 486/713/644 487/712/646
f 500/715/647 489/706/641 495/714/648
f 495/714/648 489/706/641 494/707/642
f 485/710/643 496/711/645 494/707/642
f 494/707/642 496/711/645 495/714/648
f 490/709/639 497/702/635 493/708/640
f 493/708/640 497/702/635 498/703/637
f 488/717/649 499/716/650 500/715/647
f 500/715/647 499/716/650 489/706/641
f 491/705/636 435/719/539 492/704/638
f 492/704/638 435/719/539 436/718/540
s 73
f 485/720/651 501/677/611 486/721/652
f 486/721/652 501/677/611 502/678/612
f 502/678/612 503/680/614 486/721/652
f 486/721/652 503/680/614 487/722/653
s 75
f 488/723/654 504/683/617 499/724/655
f 499/724/655 504/683/617 505/684/618
s 59
f 506/687/620 507/688/619 489/725/641
f 489/725/641 507/688/619 490/726/639
f 507/688/619 508/690/622 490/726/639
f 490/726/639 508/690/622 497/727/656
s 73
f 436/693/626 509/694/624 492/728/657
f 492/728/657 509/694/624 498/729/658
f 493/730/659 510/697/629 494/731/660
f 494/731/660 510/697/629 511/698/630
f 494/731/660 511/698/630 485/720/651
f 485/720/651 511/698/630 501/677/611
s 59
f 497/727/656 508/690/622 491/732/661
f 491/732/661 508/690/622 435/700/632
s 73
f 509/694/624 510/697/629 498/729/658
f 498/729/658 510/697/629 493/730/659
s 75
f 505/684/618 506/687/634 499/724/655
f 499/724/655 506/687/634 489/725/662
s 59
f 520/733/663 521/736/664 516/734/665
f 516/734/665 521/736/664 517/735/666
f 519/740/667 518/739/668 514/737/669
f 514/737/669 518/739/668 515/738/670
f 512/741/671 496/711/645 513/742/672
f 513/742/672 496/711/645 487/712/646
f 519/740/667 514/737/669 495/714/648
f 495/714/648 514/737/669 500/715/647
f 512/741/671 519/740/667 496/711/645
f 496/711/645 519/740/667 495/714/648
f 515/738/670 518/739/668 520/733/663
f 520/733/663 518/739/668 521/736/664
f 514/737/669 522/743/673 500/715/647
f 500/715/647 522/743/673 488/717/649
f 516/734/665 517/735/666 437/744/552
f 437/744/552 517/735/666 438/745/553
s 73
f 512/746/674 513/749/675 523/747/676
f 523/747/676 513/749/675 524/748/677
f 487/722/653 503/680/614 513/749/675
f 513/749/675 503/680/614 524/748/677
s 75
f 488/723/654 522/751/678 504/683/617
f 504/683/617 522/751/678 525/750/679
s 59
f 515/755/670 527/754/680 514/752/669
f 514/752/669 527/754/680 526/753/681
f 520/757/682 528/756/683 515/755/670
f 515/755/670 528/756/683 527/754/680
s 73
f 521/761/684 529/760/685 517/758/686
f 517/758/686 529/760/685 438/759/687
f 518/762/688 519/765/689 530/763/690
f 530/763/690 519/765/689 531/764/691
f 519/765/689 512/746/674 531/764/691
f 531/764/691 512/746/674 523/747/676
s 59
f 520/757/682 516/767/692 528/756/683
f 528/756/683 516/767/692 437/766/693
s 73
f 518/762/688 530/763/690 521/761/684
f 521/761/684 530/763/690 529/760/685
s 75
f 514/752/694 526/753/695 522/751/678
f 522/751/678 526/753/695 525/750/679
s 73
f 439/768/696 523/747/676 440/769/697
f 440/769/697 523/747/676 524/748/677
f 524/748/677 503/680/614 440/769/697
f 440/769/697 503/680/614 421/681/613
s 75
f 422/682/615 504/683/617 449/770/698
f 449/770/698 504/683/617 525/750/679
s 59
f 526/753/681 527/754/680 441/771/547
f 441/771/547 527/754/680 442/772/545
f 527/754/680 528/756/683 442/772/545
f 442/772/545 528/756/683 447/773/699
s 73
f 438/759/687 529/760/685 444/774/700
f 444/774/700 529/760/685 448/775/701
f 445/776/702 530/763/690 446/777/703
f 446/777/703 530/763/690 531/764/691
f 446/777/703 531/764/691 439/768/696
f 439/768/696 531/764/691 523/747/676
s 59
f 447/773/699 528/756/683 443/778/704
f 443/778/704 528/756/683 437/766/693
s 73
f 529/760/685 530/763/690 448/775/701
f 448/775/701 530/763/690 445/776/702
s 75
f 525/750/679 526/753/695 449/770/698
f 449/770/698 526/753/695 441/771/705
g default
v 70.710701 0.000000 0.000000
v 0.000000 70.710701 0.000000
v 0.000000 55.656200 4.000000
v 55.656200 0.000000 4.000000
v 0.000000 -70.710602 0.000000
v 0.000000 -55.656101 4.000000
v -70.710701 0.000000 0.000000
v -55.656101 0.000000 4.000000
v 0.000000 55.656200 -4.000000
v 0.000000 70.710701 0.000000
v 70.710701 0.000000 0.000000
v 55.656200 0.000000 -4.000000
v 0.000000 -70.710602 0.000000
v 0.000000 -55.656101 -4.000000
v -70.710701 0.000000 0.000000
v -55.656101 0.000000 -4.000000
vt 0.044291 0.664041
vt 0.039931 0.664041
vt 0.041381 0.662591
vt 0.042831 0.662591
vt 0.044291 0.659681
vt 0.042831 0.661131
vt 0.039931 0.659681
vt 0.041381 0.661131
vt 0.499126 0.548636
vt 0.566572 0.481179
vt 0.634029 0.548636
vt 0.566572 0.616082
vt 0.041211 0.654991
vt 0.039621 0.656591
vt 0.044401 0.656591
vt 0.042811 0.654991
vt 0.044401 0.651801
vt 0.042811 0.653401
vt 0.039621 0.651801
vt 0.041211 0.653401
vt 0.498999 0.548509
vt 0.566445 0.481051
vt 0.633902 0.548509
vt 0.566445 0.615954
vn 0.248722 0.248722 0.936096
vn 0.248722 0.248722 0.936096
vn 0.248722 0.248722 0.936096
vn 0.153151 -0.051050 0.986883
vn 0.255859 0.085290 0.962944
vn 0.063960 0.191880 0.979332
vn 0.085290 -0.255859 0.962944
vn 0.255859 0.085290 0.962944
vn 0.153151 -0.051050 0.986883
vn -0.063960 -0.191880 0.979332
vn 0.085290 -0.255859 0.962944
vn 0.153151 -0.051050 0.986883
vn -0.255849 -0.085290 0.962947
vn 0.085290 -0.255859 0.962944
vn -0.063960 -0.191880 0.979332
vn -0.153151 0.051050 0.986883
vn -0.255849 -0.085290 0.962947
vn -0.063960 -0.191880 0.979332
vn -0.085280 0.255859 0.962945
vn -0.255849 -0.085290 0.962947
vn -0.153151 0.051050 0.986883
vn 0.063960 0.191880 0.979332
vn -0.085280 0.255859 0.962945
vn -0.153151 0.051050 0.986883
vn -0.153151 0.051050 0.986883
vn -0.063960 -0.191880 0.979332
vn 0.153151 -0.051050 0.986883
vn 0.063960 0.191880 0.979332
vn -0.153151 0.051050 0.986883
vn 0.153151 -0.051050 0.986883
vn 0.063960 0.191880 -0.979332
vn -0.085280 0.255859 -0.962945
vn 0.255859 0.085290 -0.962944
vn 0.153151 -0.051050 -0.986883
vn 0.063960 0.191880 -0.979332
vn 0.255859 0.085290 -0.962944
vn 0.153151 -0.051050 -0.986883
vn 0.255859 0.085290 -0.962944
vn 0.085290 -0.255859 -0.962944
vn -0.063960 -0.191880 -0.979332
vn 0.153151 -0.051050 -0.986883
vn 0.085290 -0.255859 -0.962944
vn -0.063960 -0.191880 -0.979332
vn 0.085290 -0.255859 -0.962944
vn -0.255849 -0.085290 -0.962947
vn -0.153151 0.051050 -0.986883
vn -0.063960 -0.191880 -0.979332
vn -0.255849 -0.085290 -0.962947
vn -0.153151 0.051050 -0.986883
vn -0.255849 -0.085290 -0.962947
vn -0.085280 0.255859 -0.962945
vn 0.063960 0.191880 -0.979332
vn -0.153151 0.051050 -0.986883
vn -0.085280 0.255859 -0.962945
vn 0.153151 -0.051050 -0.986883
vn -0.063960 -0.191880 -0.979332
vn -0.153151 0.051050 -0.986883
vn 0.063960 0.191880 -0.979332
vn 0.153151 -0.051050 -0.986883
vn -0.153151 0.051050 -0.986883
s off
g item_back
f 532/779/706 533/780/707 534/781/708
f 535/782/709 532/779/710 534/781/711
f 536/783/712 532/779/713 535/782/714
f 537/784/715 536/783/716 535/782/717
f 538/785/718 536/783/719 537/784/720
f 539/786/721 538/785/722 537/784/723
f 533/780/724 538/785/725 539/786/726
f 534/781/727 533/780/728 539/786/729
f 539/787/730 537/788/731 535/789/732
f 534/790/733 539/787/734 535/789/735
f 540/791/736 541/792/737 542/793/738
f 543/794/739 540/791/740 542/793/741
f 543/794/742 542/793/743 544/795/744
f 545/796/745 543/794/746 544/795/747
f 545/796/748 544/795/749 546/797/750
f 547/798/751 545/796/752 546/797/753
f 547/798/754 546/797/755 541/792/756
f 540/791/757 547/798/758 541/792/759
f 543/799/760 545/800/761 547/801/762
f 540/802/763 543/799/764 547/801/765
g default
v -43.466370 -42.854717 6.019841
v -51.042213 -36.075127 6.019841
v -28.326822 -16.938486 6.019841
v -11.266085 -1.602747 6.019841
v 6.199205 14.541311 6.019841
v 25.793879 33.378254 6.019841
v 49.365479 55.674068 6.019841
v 57.151070 47.442970 6.019841
v 33.456062 25.030422 6.019841
v 13.490117 7.080413 6.019841
v -4.514606 -9.482170 6.019841
v -22.129057 -24.974129 6.019841
v -51.042213 -36.075127 7.195843
v -50.265945 -37.223900 8.574533
v -27.421583 -17.978582 8.574533
v -28.326822 -16.938486 7.195843
v -10.377111 -2.657523 8.574533
v -11.266085 -1.602747 7.195137
v 7.144951 13.538050 8.574533
v 6.199205 14.541311 7.195843
v 26.723940 32.360382 8.574533
v 25.793879 33.378254 7.195746
v 49.365479 55.674068 7.195843
v 50.312874 54.672462 8.574533
v 57.151070 47.442970 7.195843
v 56.203671 48.444576 8.574533
v 32.521343 26.044020 8.574533
v 33.456062 25.030422 7.195843
v 12.523620 8.064142 8.574533
v 13.490117 7.080413 7.195482
v -5.436674 -8.457081 8.574533
v -4.514606 -9.482170 7.195843
v -23.027201 -23.927996 8.574533
v -22.129057 -24.974129 7.195843
v -43.466370 -42.854717 7.195843
v -45.594543 -42.839348 8.574533
v -45.594543 -42.839348 6.019841
v -50.265938 -37.223892 6.019841
v -51.042213 -36.075127 4.843839
v -50.265945 -37.223900 3.465149
v -27.421583 -17.978582 3.465149
v -28.326822 -16.938486 4.843839
v -10.377111 -2.657523 3.465149
v -11.266085 -1.602747 4.844545
v 7.144951 13.538050 3.465149
v 6.199205 14.541311 4.843839
v 26.723940 32.360382 3.465149
v 25.793879 33.378254 4.843935
v 49.365479 55.674068 4.843839
v 50.312874 54.672462 3.465149
v 57.151070 47.442970 4.843839
v 56.203671 48.444576 3.465149
v 32.521343 26.044020 3.465149
v 33.456062 25.030422 4.843839
v 12.523620 8.064142 3.465149
v 13.490117 7.080413 4.844199
v -5.436674 -8.457081 3.465149
v -4.514606 -9.482170 4.843839
v -23.027201 -23.927996 3.465149
v -22.129057 -24.974129 4.843839
v -43.466370 -42.854717 4.843839
v -45.594543 -42.839348 3.465149
v 18.014263 27.222641 7.195782
v 18.950058 26.210110 9.027790
v 14.322197 23.673349 6.019841
v 14.322199 23.673349 7.195800
v 17.009796 20.814661 9.024599
v 1.359335 11.354500 6.019841
v 1.359335 11.354500 7.195698
v 4.042227 8.491711 9.024599
v -1.601522 8.631130 7.195552
v -0.679138 7.606674 9.027790
v 15.241587 22.695435 9.028876
v 2.260599 10.392803 9.020321
v 18.014263 27.222641 4.843900
v 18.950058 26.210110 3.011891
v 14.322199 23.673349 4.843882
v 17.009796 20.814661 3.015083
v 1.359335 11.354500 4.843984
v 4.042227 8.491711 3.015083
v -1.601522 8.631130 4.844129
v -0.679138 7.606674 3.011891
v 15.241587 22.695435 3.010805
v 2.260599 10.392803 3.019360
v 18.950058 26.210110 6.019841
v 17.009796 20.814661 6.019841
v 18.014263 27.222641 6.019841
v 4.042227 8.491711 6.019841
v -0.679138 7.606674 6.019841
v -1.601522 8.631130 6.019841
v 4.857630 12.854120 9.022033
v 12.644554 20.234118 9.027164
v 14.414513 18.348392 9.024599
v 6.637510 10.957983 9.024599
v 14.414513 18.348392 6.019841
v 6.637510 10.957983 6.019841
v 14.414584 18.348459 3.015083
v 6.637438 10.957912 3.015083
v 12.644554 20.234118 3.012516
v 4.857630 12.854120 3.017648
v 11.729212 21.209185 4.843902
v 3.952320 13.818665 4.843964
v 11.729212 21.209185 6.019841
v 3.952320 13.818665 6.019841
v 11.729237 21.209211 7.195779
v 3.952297 13.818640 7.195718
v 4.958179 14.091757 9.022033
v 11.402769 20.202074 9.027164
v 10.541414 21.118584 7.343251
v 4.106806 14.997692 7.343190
v 4.958179 14.091757 3.015082
v 11.402769 20.202074 3.009951
v 4.106827 14.997715 4.696492
v 10.541397 21.118565 4.696430
v 4.073748 15.032433 6.019841
v 10.508314 21.153280 6.019841
v 45.431862 45.921646 2.827730
v 46.338303 44.963348 2.827730
v 51.907707 53.285057 2.827730
v 52.779533 55.715103 3.137138
v 50.798088 57.809883 4.059603
v 47.659542 54.841209 4.059603
v 49.640968 52.746399 3.137138
v 49.848457 51.337265 2.827730
v 51.590675 56.971992 3.137138
v 48.452129 54.003311 3.137138
v 50.798088 57.809883 6.019838
v 47.659542 54.841209 6.019838
v 45.431862 45.921646 9.211946
v 46.338303 44.963348 9.211946
v 51.907707 53.285057 9.211946
v 52.779533 55.715103 8.902540
v 50.798092 57.809891 7.980074
v 47.659542 54.841209 7.980074
v 49.640968 52.746399 8.902540
v 49.848457 51.337265 9.211946
v 51.590675 56.971992 8.902540
v 48.452129 54.003311 8.902540
v 45.431862 45.921646 6.019839
v 46.338303 44.963348 6.019839
v 51.907707 53.285057 6.019839
v 52.779533 55.715103 6.019839
v 51.590675 56.971992 6.019839
v 48.452129 54.003311 6.019839
v 49.640968 52.746399 6.019839
v 49.848457 51.337265 6.019839
v 47.244732 44.005043 9.211946
v 54.956726 50.061569 9.211946
v 57.431465 50.796982 8.902540
v 59.412880 48.702156 7.980074
v 56.274330 45.733475 7.980074
v 54.292896 47.828285 8.902540
v 52.897476 48.113777 9.211946
v 58.620331 49.540092 8.902540
v 55.481781 46.571415 8.902540
v 59.412880 48.702148 6.019838
v 56.274330 45.733475 6.019838
v 47.244732 44.005043 2.827730
v 54.956726 50.061569 2.827730
v 57.431465 50.796982 3.137138
v 59.412888 48.702160 4.059603
v 56.274330 45.733475 4.059603
v 54.292896 47.828285 3.137138
v 52.897476 48.113777 2.827730
v 58.620331 49.540092 3.137138
v 55.481781 46.571415 3.137138
v 47.244732 44.005043 6.019839
v 54.956726 50.061569 6.019839
v 57.431465 50.796982 6.019839
v 58.620331 49.540092 6.019839
v 55.481781 46.571415 6.019839
v 54.292896 47.828285 6.019839
v 52.897476 48.113777 6.019839
v 53.432220 51.673309 9.211946
v 53.432220 51.673309 6.019839
v 53.432220 51.673309 2.827730
v 51.372971 49.725517 2.827730
v 51.372971 49.725517 9.211946
v 43.575974 51.400848 7.195782
v 44.511765 50.388321 9.027790
v 39.883904 47.851555 6.019841
v 39.883907 47.851555 7.195800
v 42.571503 44.992870 9.024599
v 26.921043 35.532707 6.019841
v 26.921043 35.532707 7.195698
v 29.603937 32.669922 9.024599
v 23.960186 32.809341 7.195552
v 24.882570 31.784882 9.027790
v 40.803295 46.873642 9.028876
v 27.822308 34.571014 9.020321
v 43.575974 51.400848 4.843900
v 44.511765 50.388321 3.011891
v 39.883907 47.851555 4.843882
v 42.571503 44.992870 3.015083
v 26.921043 35.532707 4.843984
v 29.603937 32.669922 3.015083
v 23.960186 32.809341 4.844129
v 24.882570 31.784882 3.011891
v 40.803295 46.873642 3.010805
v 27.822308 34.571014 3.019360
v 44.511765 50.388321 6.019841
v 42.571503 44.992870 6.019841
v 43.575974 51.400848 6.019841
v 29.603937 32.669922 6.019841
v 24.882570 31.784882 6.019841
v 23.960186 32.809341 6.019841
v 30.419340 37.032330 9.022033
v 38.206261 44.412323 9.027164
v 39.976219 42.526600 9.024599
v 32.199219 35.136192 9.024599
v 39.976219 42.526600 6.019841
v 32.199219 35.136192 6.019841
v 39.976295 42.526669 3.015083
v 32.199146 35.136124 3.015083
v 38.206261 44.412323 3.012516
v 30.419340 37.032330 3.017648
v 37.290920 45.387394 4.843902
v 29.514029 37.996872 4.843964
v 37.290920 45.387394 6.019841
v 29.514029 37.996872 6.019841
v 37.290947 45.387421 7.195779
v 29.514006 37.996849 7.195718
v 30.519888 38.269966 9.022033
v 36.964478 44.380280 9.027164
v 36.103123 45.296791 7.343251
v 29.668516 39.175903 7.343190
v 30.519888 38.269966 3.015082
v 36.964478 44.380280 3.009951
v 29.668535 39.175926 4.696492
v 36.103104 45.296772 4.696430
v 29.635456 39.210640 6.019841
v 36.070023 45.331490 6.019841
v -60.964058 -46.885895 7.266943
v -58.573730 -40.700844 7.266943
v -45.103096 -29.607414 7.266943
v -44.652252 -32.566074 9.227474
v -50.953308 -37.887863 9.227474
v -54.109306 -42.599651 9.227474
v -50.636665 -42.454247 9.227474
v -55.036392 -46.929768 7.266943
v -52.654541 -44.506878 9.227474
v -56.732300 -44.385796 9.227474
v -45.035866 -31.924768 9.227474
v -55.309456 -40.641319 9.227474
v -51.382324 -37.302605 9.227474
v -52.251404 -35.494244 7.266943
v -60.964058 -46.885895 6.019841
v -58.573730 -40.700844 6.019841
v -52.251404 -35.494244 6.019841
v -55.036392 -46.929768 6.019841
v -45.103096 -29.607414 6.019841
v -52.654541 -44.506878 6.019841
v -60.964058 -46.885895 4.772738
v -58.573730 -40.700844 4.772738
v -45.103096 -29.607414 4.772738
v -44.652252 -32.566074 2.812208
v -50.953308 -37.887863 2.812208
v -54.109306 -42.599651 2.812208
v -50.636665 -42.454247 2.812208
v -55.036392 -46.929768 4.772738
v -52.654541 -44.506878 2.812208
v -56.732300 -44.385796 2.812208
v -45.035866 -31.924768 2.812208
v -55.309456 -40.641319 2.812208
v -51.382324 -37.302605 2.812208
v -52.251404 -35.494244 4.772738
v -45.035866 -31.924768 6.019841
v -44.652252 -32.566074 6.019841
v -50.953308 -37.887863 6.019841
v -54.109306 -42.599651 6.019841
v -50.636665 -42.454247 6.019841
v -50.636665 -42.454247 9.227474
v -52.654541 -44.506878 9.227474
v -41.079948 -44.105762 7.258517
v -44.275848 -42.825508 7.258517
v -46.500877 -44.862652 7.258517
v -30.254618 -31.247217 7.258517
v -34.238380 -38.359497 7.258517
v -50.636665 -42.454247 2.812207
v -52.654541 -44.506878 2.812207
v -50.636665 -42.454247 6.019841
v -52.654541 -44.506878 6.019841
v -41.079948 -44.105762 4.781164
v -41.079948 -44.105762 6.019841
v -44.275848 -42.825508 4.781164
v -46.500877 -44.862652 4.781164
v -46.500877 -44.862652 6.019841
v -44.275848 -42.825508 6.019841
v -30.254618 -31.247217 6.019841
v -34.238380 -38.359497 6.019841
v -30.254618 -31.247217 4.781164
v -34.238380 -38.359497 4.781164
v -28.998871 34.706684 4.836042
v -29.762732 34.765934 4.836042
v -32.281952 37.914230 4.836042
v -33.582924 37.917179 4.836042
v -37.626534 43.085407 4.836042
v -35.585609 44.682220 4.836042
v -31.614735 39.606956 4.836042
v -31.684824 38.568001 4.836042
v -28.993319 35.199505 4.836042
v -28.573362 34.343807 5.232671
v -29.902628 34.422413 5.232671
v -28.508896 35.214569 5.232671
v -32.518116 37.670013 5.232671
v -31.414330 38.832752 5.232671
v -33.912415 37.641102 5.479785
v -31.285242 39.883034 5.232671
v -37.964897 42.820671 5.479785
v -35.247242 44.946960 5.232671
v -38.066483 45.866535 6.019841
v -36.462532 43.816490 6.019841
v -44.216614 41.054684 6.019841
v -45.226894 39.529839 6.019841
v -44.335804 38.390919 6.019841
v -42.612663 39.004639 6.019841
v -44.514019 38.618706 5.152192
v -43.424671 39.103786 4.284542
v -42.612663 39.004639 4.284542
v -45.048672 39.302052 5.152192
v -44.315762 40.242702 4.284542
v -43.523796 38.291775 2.838460
v -43.523796 38.291775 1.392377
v -42.840446 38.826424 0.235512
v -40.790401 40.430374 1.103160
v -44.444397 40.876469 0.235512
v -45.127747 40.341820 1.392377
v -45.127747 40.341820 2.838460
v -44.216614 41.054684 4.284542
v -42.394352 42.480419 1.103161
v -41.255440 43.371502 1.103161
v -40.116528 44.262585 0.813945
v -39.651489 41.321457 1.103160
v -38.512577 42.212540 0.813944
v -37.829227 42.747189 -0.053706
v -39.433178 44.797234 -0.053706
v -36.462532 43.816490 -0.053706
v -38.066483 45.866535 -0.053706
v -44.514019 38.618706 6.887490
v -43.424671 39.103786 7.755140
v -42.612663 39.004639 7.755140
v -45.048672 39.302052 6.887490
v -44.315762 40.242702 7.755140
v -45.226894 39.529839 9.201221
v -44.335804 38.390919 9.201221
v -43.523796 38.291775 9.201221
v -44.335804 38.390919 10.647305
v -43.523796 38.291775 10.647305
v -42.840446 38.826424 11.804170
v -40.790401 40.430374 10.936522
v -45.226894 39.529839 10.647305
v -43.424671 39.103783 12.382603
v -44.315762 40.242702 12.382603
v -41.146847 40.885952 11.514954
v -42.037937 42.024872 11.514954
v -44.444397 40.876469 11.804170
v -45.127747 40.341820 10.647305
v -45.127747 40.341820 9.201221
v -44.216614 41.054684 7.755140
v -42.394352 42.480419 10.936521
v -40.899021 42.915955 11.514954
v -41.255440 43.371502 10.936521
v -40.007931 41.777035 11.514954
v -40.116528 44.262585 11.225737
v -39.987892 43.628822 11.804170
v -39.651489 41.321457 10.936522
v -38.512577 42.212540 11.225738
v -39.096802 42.489902 11.804170
v -39.304543 44.163471 12.671821
v -38.413452 43.024551 12.671821
v -37.829227 42.747189 12.093388
v -39.433178 44.797234 12.093388
v -37.710064 45.410988 12.671821
v -36.818974 44.272068 12.671821
v -36.462532 43.816490 12.093388
v -38.066483 45.866535 12.093388
v -31.916348 50.678383 6.019841
v -30.193233 51.292137 6.019841
v -29.302143 50.153217 6.019841
v -30.312397 48.628342 6.019841
v -29.480362 50.381004 6.887490
v -30.213272 49.440350 7.755140
v -30.312397 48.628342 7.755140
v -30.015015 51.064350 6.887490
v -31.104362 50.579273 7.755140
v -30.193233 51.292137 9.201221
v -29.302143 50.153217 9.201221
v -29.401266 49.341206 9.201221
v -29.302143 50.153217 10.647305
v -29.401264 49.341206 10.647305
v -30.084614 48.806557 11.804170
v -32.134659 47.202606 10.936522
v -30.193233 51.292137 10.647305
v -30.213272 49.440353 12.382603
v -31.104362 50.579273 12.382603
v -32.491100 47.658184 11.514954
v -33.382191 48.797104 11.514954
v -31.688564 50.856602 11.804170
v -31.005217 51.391251 10.647305
v -31.005217 51.391251 9.201221
v -31.916348 50.678387 7.755140
v -33.738609 49.252651 10.936521
v -34.521107 47.906021 11.514954
v -34.877522 48.361568 10.936521
v -33.630013 46.767101 11.514954
v -36.016438 47.470486 11.225737
v -35.432236 47.193153 11.804170
v -33.273571 46.311523 10.936522
v -34.412487 45.420441 11.225738
v -34.541145 46.054234 11.804170
v -36.115582 46.658504 12.671821
v -35.224491 45.519585 12.671821
v -35.095833 44.885792 12.093388
v -36.699783 46.935837 12.093388
v -29.480362 50.381004 5.152192
v -30.213272 49.440350 4.284542
v -30.312397 48.628342 4.284542
v -30.015015 51.064350 5.152192
v -31.104362 50.579273 4.284542
v -29.401266 49.341206 2.838460
v -29.401264 49.341206 1.392377
v -30.084614 48.806557 0.235512
v -32.134659 47.202606 1.103160
v -31.688564 50.856602 0.235512
v -31.005217 51.391251 1.392377
v -31.005217 51.391251 2.838460
v -31.916348 50.678387 4.284542
v -33.738609 49.252651 1.103161
v -34.877522 48.361568 1.103161
v -36.016438 47.470486 0.813945
v -33.273571 46.311523 1.103160
v -34.412487 45.420441 0.813944
v -35.095833 44.885792 -0.053706
v -36.699783 46.935837 -0.053706
v -45.226894 39.529839 2.838460
v -44.335804 38.390919 2.838460
v -44.335804 38.390919 1.392377
v -45.226894 39.529839 1.392377
v -43.424671 39.103783 -0.342921
v -44.315762 40.242702 -0.342921
v -41.146847 40.885952 0.524728
v -42.037937 42.024872 0.524728
v -40.899021 42.915955 0.524728
v -40.007931 41.777035 0.524728
v -39.987892 43.628822 0.235512
v -39.096802 42.489902 0.235512
v -39.304543 44.163471 -0.632139
v -38.413452 43.024551 -0.632139
v -37.710064 45.410988 -0.632139
v -36.818974 44.272068 -0.632139
v -30.193233 51.292137 2.838460
v -29.302143 50.153217 2.838460
v -29.302143 50.153217 1.392377
v -30.193233 51.292137 1.392377
v -30.213272 49.440353 -0.342921
v -31.104362 50.579273 -0.342921
v -32.491100 47.658184 0.524728
v -33.382191 48.797104 0.524728
v -34.521107 47.906021 0.524728
v -33.630013 46.767101 0.524728
v -35.432236 47.193153 0.235512
v -34.541145 46.054234 0.235512
v -36.115582 46.658504 -0.632139
v -35.224491 45.519585 -0.632139
v -40.958813 47.967083 3.661822
v -40.184147 48.573174 3.661822
v -38.724895 45.111866 3.661822
v -39.416660 44.570629 3.661823
v -40.665882 43.593258 4.727990
v -41.743301 44.970337 4.727994
v -40.494087 45.947720 3.661822
v -40.166191 43.984196 4.120064
v -41.243614 45.361279 4.120064
v -40.984581 43.343910 6.019841
v -42.062004 44.720989 6.019841
v -34.915905 48.092026 6.019841
v -35.993328 49.469105 6.019841
v -39.409492 49.179272 3.661822
v -37.175575 46.324051 3.661822
v -36.483810 46.865284 3.661822
v -35.234596 47.842678 4.727991
v -36.312023 49.219757 4.727993
v -37.561237 48.242374 3.661822
v -35.734280 47.451714 4.120063
v -36.811707 48.828793 4.120063
v -37.950237 45.717957 3.661822
v -40.958813 47.967083 8.377861
v -40.184147 48.573174 8.377861
v -38.724895 45.111866 8.377861
v -39.416660 44.570629 8.377859
v -40.665882 43.593258 7.311692
v -41.743305 44.970337 7.311689
v -40.494091 45.947720 8.377861
v -40.166191 43.984196 7.919618
v -41.243614 45.361279 7.919618
v -40.958813 47.967083 6.019843
v -40.184147 48.573174 6.019842
v -41.243614 45.361279 6.019842
v -40.494087 45.947716 6.019843
v -39.409492 49.179272 8.377861
v -37.175575 46.324051 8.377861
v -36.483810 46.865284 8.377861
v -35.234596 47.842678 7.311691
v -36.312023 49.219753 7.311691
v -37.561237 48.242371 8.377861
v -35.734280 47.451714 7.919619
v -36.811707 48.828793 7.919619
v -39.409492 49.179272 6.019842
v -36.811707 48.828793 6.019842
v -37.561237 48.242371 6.019842
v -37.950237 45.717957 8.377861
v 55.571712 -59.417610 6.019841
v 43.594421 -56.009789 6.019841
v 38.728497 -51.751755 6.019841
v -40.304474 41.057110 6.019841
v -17.281437 11.630854 6.019841
v 49.841660 -58.309753 6.019841
v -33.454525 46.416492 6.807011
v -11.754475 18.681170 6.807011
v -11.405320 16.554531 6.807011
v 40.001404 -44.091736 6.807011
v 44.642052 -49.047153 6.807011
v 51.101528 -55.125954 6.807011
v 43.435925 -52.852882 6.807011
v 38.674129 -48.381298 6.807011
v -37.602337 43.171253 6.807011
v -14.544847 14.098172 6.807011
v 47.484070 -54.307499 6.807011
v -33.454525 46.416492 6.019841
v -11.754475 18.681170 6.019841
v -11.405320 16.554531 6.019841
v 40.001404 -44.091736 6.019841
v 44.642052 -49.047153 6.019841
v 51.101528 -55.125954 6.019841
v -11.721481 5.100658 6.019841
v -13.670651 6.165816 6.019841
v -10.480793 8.474797 6.807011
v 25.366770 -37.923832 6.019841
v -2.116796 -6.393012 6.019841
v 0.116678 -4.594809 6.807011
v 27.523472 -36.200298 6.807011
v 3.641333 -1.878469 6.807011
v 30.651779 -33.752285 6.807011
v 3.651833 -1.891164 6.019841
v 30.640945 -33.739895 6.019841
v 16.873455 -18.029074 6.019841
v 16.873623 -18.028921 6.807011
v 13.786807 -20.423584 6.807011
v 11.455398 -22.291105 6.019841
v -33.454525 46.416492 5.232671
v -11.754475 18.681170 5.232671
v -11.405320 16.554531 5.232671
v 40.001404 -44.091736 5.232671
v 44.642052 -49.047153 5.232671
v 51.101528 -55.125954 5.232671
v 43.435925 -52.852882 5.232671
v 38.674129 -48.381298 5.232671
v -37.602337 43.171253 5.232671
v -14.544847 14.098172 5.232671
v 47.484070 -54.307499 5.232671
v -10.480793 8.474797 5.232671
v 0.116678 -4.594809 5.232671
v 27.523472 -36.200298 5.232671
v 3.641333 -1.878469 5.232671
v 30.651779 -33.752285 5.232671
v 16.873623 -18.028921 5.232671
v 13.786807 -20.423584 5.232671
v -28.998871 34.706684 7.203640
v -29.762732 34.765934 7.203640
v -32.281952 37.914230 7.203640
v -33.582924 37.917179 7.203640
v -37.626534 43.085407 7.203640
v -35.585609 44.682220 7.203640
v -31.614735 39.606956 7.203640
v -31.684824 38.568001 7.203640
v -28.993319 35.199505 7.203640
v -28.573362 34.343807 6.807011
v -29.902628 34.422413 6.807011
v -28.508896 35.214569 6.807011
v -32.518116 37.670013 6.807011
v -31.414330 38.832752 6.807011
v -33.912415 37.641102 6.559896
v -31.285242 39.883034 6.807011
v -37.964897 42.820671 6.559896
v -35.247242 44.946960 6.807011
v -40.593739 43.781574 6.019841
v -40.018864 44.231358 4.467800
v -38.086849 45.742962 4.102764
v -36.175621 47.238300 4.467799
v -35.579956 47.704346 6.019841
v -59.264000 70.169853 6.019841
v -58.745586 70.575462 4.656859
v -57.230114 71.761162 4.336290
v -55.627491 73.015053 4.656859
v -55.196224 73.352470 6.019841
v -47.966862 58.510780 4.182899
v -49.760025 57.107815 4.532676
v -50.287941 56.694771 6.019841
v -45.645782 60.326786 6.019841
v -46.201645 59.891884 4.532676
v -43.067307 52.095226 4.133941
v -44.947742 50.623978 4.493040
v -45.494083 50.196522 6.019841
v -40.640530 53.993927 6.019841
v -41.227322 53.534824 4.493040
v -52.713318 65.046127 4.247834
v -54.389072 63.735020 4.585246
v -54.906178 63.330437 6.019841
v -50.520454 66.761818 6.019841
v -51.027256 66.365295 4.585246
v -40.018864 44.231358 7.571882
v -38.086849 45.742962 7.936918
v -36.175621 47.238300 7.571882
v -58.745586 70.575462 7.382823
v -57.230114 71.761162 7.703392
v -55.627491 73.015053 7.382823
v -47.966862 58.510780 7.856782
v -49.760025 57.107815 7.507006
v -46.201645 59.891884 7.507006
v -43.067307 52.095226 7.905741
v -44.947742 50.623978 7.546642
v -41.227322 53.534824 7.546642
v -52.713318 65.046127 7.791848
v -54.389072 63.735020 7.454435
v -51.027256 66.365295 7.454436
v -60.634548 71.165230 6.019842
v -62.262356 73.555794 6.019842
v -61.880981 75.564995 6.019842
v -60.477863 76.520416 6.019842
v -60.634548 71.165230 4.431188
v -60.156433 71.490791 3.683584
v -62.262356 73.555794 4.431188
v -61.880981 75.564995 4.431188
v -61.458675 73.403229 3.683584
v -61.077297 75.412430 3.683585
v -60.477863 76.520416 4.431189
v -59.439266 71.979134 3.683584
v -60.152298 76.042290 3.683585
v -59.501175 75.086067 3.683585
v -60.187119 74.618988 3.683584
v -60.415947 73.413475 3.683584
v -60.024334 74.379921 4.057386
v -59.338383 74.847000 4.057386
v -60.176888 73.576256 4.057386
v -59.200207 72.141914 4.057386
v -55.437740 74.703896 6.019842
v -57.065548 77.094452 6.019842
v -59.074745 77.475845 6.019842
v -55.437740 74.703896 4.431188
v -55.915855 74.378334 3.683584
v -57.065548 77.094452 4.431188
v -59.074745 77.475845 4.431188
v -57.218098 76.290771 3.683584
v -59.227295 76.672165 3.683585
v -56.633026 73.889977 3.683584
v -58.815228 75.553146 3.683584
v -57.609711 75.324326 3.683584
v -58.652435 75.314079 4.057386
v -57.848766 75.161537 4.057386
v -56.872086 73.727203 4.057386
v -59.856586 73.631226 4.057386
v -59.776077 74.314438 4.057386
v -59.229282 74.686775 4.057386
v -57.083961 71.536201 4.057386
v -58.140945 71.111679 4.057386
v -57.974316 69.827744 3.683584
v -59.169609 69.013847 4.431188
v -60.389015 70.804642 4.431188
v -59.193726 71.618553 3.683584
v -58.941059 72.286705 4.057386
v -58.021412 72.912926 4.057386
v -58.936932 74.257439 4.057386
v -58.691490 69.339401 3.683584
v -59.910892 71.130196 3.683584
v -57.543781 71.223091 4.057386
v -57.221298 71.737892 4.057386
v -59.169609 69.013847 6.019842
v -60.389019 70.804649 6.019842
v -53.972801 72.552513 6.019842
v -55.192207 74.343307 6.019842
v -58.017288 74.883659 4.057386
v -58.682487 75.059113 4.057386
v -56.301643 72.364105 4.057386
v -55.168083 71.738594 3.683584
v -53.972801 72.552513 4.431188
v -55.192207 74.343307 4.431188
v -56.387493 73.529396 3.683584
v -57.101757 73.539131 4.057386
v -54.450909 72.226944 3.683584
v -55.670315 74.017731 3.683584
v -56.624142 71.849319 4.057386
v -60.634548 71.165230 7.608497
v -60.156433 71.490791 8.356100
v -62.262356 73.555794 7.608497
v -61.880981 75.564995 7.608497
v -61.458675 73.403229 8.356100
v -61.077297 75.412430 8.356100
v -60.477863 76.520416 7.608496
v -59.439266 71.979134 8.356100
v -60.152298 76.042290 8.356100
v -59.501175 75.086067 8.356100
v -60.187119 74.618988 8.356100
v -60.415947 73.413475 8.356100
v -60.024334 74.379921 7.982298
v -59.338383 74.847000 7.982298
v -60.176888 73.576256 7.982298
v -59.200207 72.141914 7.982298
v -55.437740 74.703896 7.608497
v -55.915855 74.378334 8.356100
v -57.065548 77.094452 7.608497
v -59.074745 77.475845 7.608497
v -57.218098 76.290771 8.356100
v -59.227295 76.672165 8.356100
v -56.633026 73.889977 8.356100
v -58.815228 75.553146 8.356100
v -57.609711 75.324326 8.356100
v -58.652435 75.314079 7.982298
v -57.848766 75.161537 7.982298
v -56.872086 73.727203 7.982298
v -59.200207 72.141914 6.019842
v -56.872086 73.727203 6.019842
v -60.024334 74.379921 6.019842
v -59.338383 74.847000 6.019842
v -60.176888 73.576256 6.019842
v -58.652435 75.314079 6.019842
v -57.848766 75.161537 6.019842
v -59.856586 73.631226 7.982298
v -59.776077 74.314438 7.982298
v -59.229282 74.686775 7.982298
v -57.083961 71.536201 7.982298
v -58.140945 71.111679 7.982298
v -57.974316 69.827744 8.356100
v -59.169609 69.013847 7.608497
v -60.389019 70.804649 7.608497
v -59.193726 71.618553 8.356100
v -58.941059 72.286705 7.982298
v -58.021412 72.912926 7.982298
v -58.936932 74.257439 7.982298
v -58.691490 69.339401 8.356100
v -59.910892 71.130196 8.356100
v -57.543781 71.223091 7.982298
v -57.221298 71.737892 7.982298
v -59.856586 73.631226 6.019842
v -59.776077 74.314438 6.019842
v -59.229282 74.686775 6.019842
v -57.083961 71.536201 6.019842
v -57.543781 71.223091 6.019842
v -58.140945 71.111679 6.019842
v -57.974316 69.827744 6.019842
v -58.691490 69.339401 6.019842
v -59.910892 71.130196 6.019842
v -59.193726 71.618538 6.019842
v -58.941059 72.286705 6.019842
v -58.017288 74.883659 7.982298
v -58.682487 75.059113 7.982298
v -56.301643 72.364105 7.982298
v -55.168083 71.738594 8.356100
v -53.972797 72.552505 7.608497
v -55.192204 74.343300 7.608497
v -56.387489 73.529396 8.356100
v -57.101757 73.539131 7.982298
v -54.450909 72.226944 8.356100
v -55.670315 74.017731 8.356100
v -56.624142 71.849319 7.982298
v -58.017288 74.883659 6.019842
v -58.682487 75.059113 6.019842
v -56.624142 71.849319 6.019842
v -56.301643 72.364105 6.019842
v -55.168083 71.738594 6.019842
v -54.450909 72.226944 6.019842
v -55.670315 74.017731 6.019842
v -56.387489 73.529396 6.019842
v -57.101757 73.539131 6.019842
v 70.710701 0.000000 0.000000
v 0.000000 70.710701 0.000000
v 0.000000 55.656200 4.000000
v 55.656200 0.000000 4.000000
v 0.000000 -70.710602 0.000000
v 0.000000 -55.656101 4.000000
v -70.710701 0.000000 0.000000
v -55.656101 0.000000 4.000000
v 0.000000 55.656200 -4.000000
v 0.000000 70.710701 0.000000
v 70.710701 0.000000 0.000000
v 55.656200 0.000000 -4.000000
v 0.000000 -70.710602 0.000000
v 0.000000 -55.656101 -4.000000
v -70.710701 0.000000 0.000000
v -55.656101 0.000000 -4.000000
vt 0.206370 0.014695
vt 0.203604 0.030333
vt 0.153163 0.029568
vt 0.216814 0.029385
vt 0.212280 0.239436
vt 0.198452 0.239309
vt 0.210970 0.402095
vt 0.197205 0.401600
vt 0.210155 0.570248
vt 0.196381 0.570292
vt 0.212365 0.762317
vt 0.198598 0.762185
vt 0.212381 0.991533
vt 0.198610 0.991535
vt 0.138061 0.991535
vt 0.124286 0.991527
vt 0.124302 0.761229
vt 0.138067 0.761377
vt 0.128417 0.571763
vt 0.142196 0.571588
vt 0.129694 0.399257
vt 0.143471 0.399404
vt 0.132252 0.234048
vt 0.146049 0.234591
vt 0.139370 0.037727
vt 0.220616 0.239513
vt 0.217642 0.019649
vt 0.219271 0.402167
vt 0.218461 0.570219
vt 0.220669 0.762273
vt 0.115998 0.761145
vt 0.115981 0.991521
vt 0.120114 0.571640
vt 0.121391 0.399166
vt 0.123952 0.233717
vt 0.131108 0.037165
vt 0.148310 0.014402
vt 0.220687 0.991535
vt 0.134596 0.029943
vt 0.225094 0.029519
vt 0.206370 0.014695
vt 0.203604 0.030333
vt 0.153163 0.029568
vt 0.148310 0.014402
vt 0.216814 0.029385
vt 0.212280 0.239436
vt 0.198452 0.239309
vt 0.210970 0.402095
vt 0.197205 0.401600
vt 0.210155 0.570248
vt 0.196381 0.570292
vt 0.212365 0.762317
vt 0.198598 0.762185
vt 0.212381 0.991533
vt 0.198610 0.991535
vt 0.138061 0.991535
vt 0.124286 0.991527
vt 0.124302 0.761229
vt 0.138067 0.761377
vt 0.128417 0.571763
vt 0.142196 0.571588
vt 0.129694 0.399257
vt 0.143471 0.399404
vt 0.132252 0.234048
vt 0.146049 0.234591
vt 0.139370 0.037727
vt 0.225094 0.029519
vt 0.220616 0.239513
vt 0.219271 0.402167
vt 0.218461 0.570219
vt 0.220669 0.762273
vt 0.220687 0.991535
vt 0.115981 0.991521
vt 0.115998 0.761145
vt 0.120114 0.571640
vt 0.121391 0.399166
vt 0.123952 0.233717
vt 0.131108 0.037165
vt 0.134596 0.029943
vt 0.217642 0.019649
vt 0.351174 0.333313
vt 0.325120 0.333632
vt 0.325411 0.275341
vt 0.351882 0.275122
vt 0.351233 0.011370
vt 0.351663 0.059581
vt 0.325407 0.059661
vt 0.325019 0.011745
vt 0.381262 0.275364
vt 0.381446 0.059359
vt 0.272252 0.333425
vt 0.271407 0.275198
vt 0.297877 0.275354
vt 0.298309 0.333688
vt 0.271800 0.011448
vt 0.298008 0.011790
vt 0.297710 0.059651
vt 0.271456 0.059625
vt 0.242020 0.275492
vt 0.241673 0.059435
vt 0.853551 0.096840
vt 0.853515 0.164846
vt 0.820185 0.164846
vt 0.820185 0.096840
vt 0.833229 0.080487
vt 0.820185 0.080487
vt 0.853515 0.377022
vt 0.853550 0.433996
vt 0.820185 0.433996
vt 0.820185 0.377022
vt 0.833226 0.450346
vt 0.820185 0.450346
vt 0.786855 0.164846
vt 0.786820 0.096840
vt 0.807141 0.080487
vt 0.786819 0.433996
vt 0.786855 0.377022
vt 0.807143 0.450346
vt 0.346469 0.114695
vt 0.346559 0.220210
vt 0.325039 0.219546
vt 0.325141 0.115410
vt 0.354937 0.232279
vt 0.354717 0.102639
vt 0.383735 0.102216
vt 0.383863 0.232313
vt 0.853515 0.207310
vt 0.853515 0.334558
vt 0.820185 0.334558
vt 0.820185 0.207310
vt 0.786855 0.334559
vt 0.786855 0.207309
vt 0.239349 0.232389
vt 0.239423 0.102273
vt 0.268438 0.102701
vt 0.268276 0.232342
vt 0.276549 0.220241
vt 0.276784 0.114735
vt 0.298125 0.115428
vt 0.298094 0.219557
vt 0.311600 0.115066
vt 0.311600 0.219894
vt 0.311645 0.275345
vt 0.311600 0.233575
vt 0.326295 0.233262
vt 0.296903 0.233267
vt 0.296950 0.101611
vt 0.311607 0.101347
vt 0.311548 0.059623
vt 0.326233 0.101581
vt 0.311712 0.333647
vt 0.311515 0.011782
vt 0.738862 0.562416
vt 0.776723 0.562415
vt 0.776723 0.645301
vt 0.738862 0.645301
vt 0.738862 0.546770
vt 0.776723 0.546770
vt 0.607051 0.705904
vt 0.607051 0.668044
vt 0.637672 0.668044
vt 0.637672 0.702235
vt 0.658192 0.668044
vt 0.658192 0.702235
vt 0.762111 0.696395
vt 0.738862 0.696395
vt 0.738862 0.682715
vt 0.773053 0.682715
vt 0.773053 0.662195
vt 0.738862 0.662195
vt 0.671872 0.668044
vt 0.671872 0.691294
vt 0.407168 0.632398
vt 0.407168 0.581158
vt 0.424685 0.581158
vt 0.424686 0.632398
vt 0.372336 0.605080
vt 0.372336 0.571461
vt 0.386648 0.581158
vt 0.386648 0.632398
vt 0.447935 0.581158
vt 0.447935 0.632398
vt 0.701001 0.562416
vt 0.701001 0.546770
vt 0.607051 0.630183
vt 0.637672 0.633853
vt 0.658192 0.633853
vt 0.715612 0.696395
vt 0.704671 0.682715
vt 0.704671 0.662195
vt 0.701001 0.645301
vt 0.671872 0.644794
vt 0.284878 0.632398
vt 0.267361 0.632398
vt 0.267361 0.581158
vt 0.284878 0.581158
vt 0.319710 0.605080
vt 0.305398 0.632398
vt 0.305398 0.581158
vt 0.319710 0.571461
vt 0.244111 0.632398
vt 0.244111 0.581158
vt 0.738862 0.531125
vt 0.701001 0.531125
vt 0.701001 0.448240
vt 0.738862 0.448240
vt 0.554425 0.630183
vt 0.554425 0.668044
vt 0.523804 0.668044
vt 0.523804 0.633853
vt 0.503284 0.668044
vt 0.503284 0.633853
vt 0.715612 0.397146
vt 0.738862 0.397146
vt 0.738862 0.410826
vt 0.704671 0.410826
vt 0.704671 0.431346
vt 0.738862 0.431346
vt 0.489604 0.668044
vt 0.489604 0.644794
vt 0.776723 0.531125
vt 0.554425 0.705905
vt 0.523804 0.702235
vt 0.503284 0.702235
vt 0.762112 0.397146
vt 0.773053 0.410826
vt 0.773053 0.431346
vt 0.776723 0.448240
vt 0.489604 0.691294
vt 0.346023 0.605080
vt 0.346023 0.571461
vt 0.580738 0.668044
vt 0.580738 0.630183
vt 0.580738 0.705905
vt 0.330378 0.489264
vt 0.346023 0.489264
vt 0.361668 0.489264
vt 0.407168 0.632398
vt 0.424686 0.632398
vt 0.424685 0.581158
vt 0.407168 0.581158
vt 0.372336 0.605080
vt 0.386648 0.632398
vt 0.386648 0.581158
vt 0.372336 0.571461
vt 0.447935 0.632398
vt 0.447935 0.581158
vt 0.284878 0.632398
vt 0.284878 0.581158
vt 0.267361 0.581158
vt 0.267361 0.632398
vt 0.319710 0.605080
vt 0.319710 0.571461
vt 0.305398 0.581158
vt 0.305398 0.632398
vt 0.244111 0.581158
vt 0.244111 0.632398
vt 0.346023 0.571461
vt 0.346023 0.605080
vt 0.346023 0.489264
vt 0.330378 0.489264
vt 0.361668 0.489264
vt 0.351174 0.333313
vt 0.325120 0.333632
vt 0.325411 0.275341
vt 0.351882 0.275122
vt 0.351233 0.011370
vt 0.351663 0.059581
vt 0.325407 0.059661
vt 0.325019 0.011745
vt 0.381262 0.275364
vt 0.381446 0.059359
vt 0.272252 0.333425
vt 0.271407 0.275198
vt 0.297877 0.275354
vt 0.298309 0.333688
vt 0.271800 0.011448
vt 0.298008 0.011790
vt 0.297710 0.059651
vt 0.271456 0.059625
vt 0.242020 0.275492
vt 0.241673 0.059435
vt 0.853551 0.096840
vt 0.853515 0.164846
vt 0.820185 0.164846
vt 0.820185 0.096840
vt 0.833229 0.080487
vt 0.820185 0.080487
vt 0.853515 0.377022
vt 0.853550 0.433996
vt 0.820185 0.433996
vt 0.820185 0.377022
vt 0.833226 0.450346
vt 0.820185 0.450346
vt 0.786855 0.164846
vt 0.786820 0.096840
vt 0.807141 0.080487
vt 0.786819 0.433996
vt 0.786855 0.377022
vt 0.807143 0.450346
vt 0.346469 0.114695
vt 0.346559 0.220210
vt 0.325039 0.219546
vt 0.325141 0.115410
vt 0.354937 0.232279
vt 0.354717 0.102639
vt 0.383735 0.102216
vt 0.383863 0.232313
vt 0.853515 0.207310
vt 0.853515 0.334558
vt 0.820185 0.334558
vt 0.820185 0.207310
vt 0.786855 0.334559
vt 0.786855 0.207309
vt 0.239349 0.232389
vt 0.239423 0.102273
vt 0.268438 0.102701
vt 0.268276 0.232342
vt 0.276549 0.220241
vt 0.276784 0.114735
vt 0.298125 0.115428
vt 0.298094 0.219557
vt 0.311600 0.115066
vt 0.311600 0.219894
vt 0.311645 0.275345
vt 0.311600 0.233575
vt 0.326295 0.233262
vt 0.296903 0.233267
vt 0.296950 0.101611
vt 0.311607 0.101347
vt 0.311548 0.059623
vt 0.326233 0.101581
vt 0.311712 0.333647
vt 0.311515 0.011782
vt 0.424544 0.096548
vt 0.416514 0.130453
vt 0.453097 0.109129
vt 0.465117 0.074246
vt 0.472350 0.179141
vt 0.474317 0.278574
vt 0.483219 0.279859
vt 0.481160 0.179660
vt 0.493350 0.023385
vt 0.431058 0.046176
vt 0.515684 0.296672
vt 0.514659 0.185341
vt 0.481160 0.117590
vt 0.516829 0.089458
vt 0.531647 0.086235
vt 0.499222 0.011370
vt 0.529804 0.185180
vt 0.428358 0.031124
vt 0.530701 0.296534
vt 0.419471 0.036905
vt 0.394135 0.070031
vt 0.424544 0.096548
vt 0.465117 0.074246
vt 0.453097 0.109129
vt 0.416514 0.130453
vt 0.472350 0.179141
vt 0.481160 0.179660
vt 0.483219 0.279859
vt 0.474317 0.278574
vt 0.493350 0.023385
vt 0.431058 0.046176
vt 0.514659 0.185341
vt 0.515684 0.296672
vt 0.481160 0.117590
vt 0.516829 0.089458
vt 0.499222 0.011370
vt 0.531647 0.086235
vt 0.529804 0.185180
vt 0.428358 0.031124
vt 0.530701 0.296534
vt 0.920295 0.670302
vt 0.897042 0.697799
vt 0.882250 0.697799
vt 0.882250 0.670302
vt 0.920295 0.563615
vt 0.920295 0.661439
vt 0.882250 0.661438
vt 0.882250 0.563615
vt 0.920295 0.496351
vt 0.882250 0.496351
vt 0.920295 0.455127
vt 0.882250 0.455127
vt 0.394135 0.070031
vt 0.419471 0.036905
vt 0.867459 0.697799
vt 0.844205 0.670302
vt 0.844205 0.661439
vt 0.844205 0.563615
vt 0.844205 0.496351
vt 0.844205 0.455127
vt 0.814476 0.011347
vt 0.759346 0.064741
vt 0.760875 0.100489
vt 0.817581 0.045345
vt 0.724868 0.119748
vt 0.724868 0.225718
vt 0.759074 0.316153
vt 0.715717 0.121083
vt 0.677672 0.121083
vt 0.677673 0.086943
vt 0.715718 0.086943
vt 0.639628 0.086943
vt 0.639628 0.121083
vt 0.814476 0.011347
vt 0.817581 0.045345
vt 0.760875 0.100489
vt 0.759346 0.064741
vt 0.677673 0.011371
vt 0.692364 0.011371
vt 0.692364 0.194191
vt 0.677672 0.194191
vt 0.662981 0.194191
vt 0.662981 0.011371
vt 0.724868 0.119748
vt 0.692364 0.259111
vt 0.677672 0.259111
vt 0.662981 0.259111
vt 0.677672 0.461770
vt 0.662981 0.461770
vt 0.662981 0.365082
vt 0.677672 0.365082
vt 0.692364 0.461770
vt 0.692364 0.365082
vt 0.759074 0.316153
vt 0.724868 0.225718
vt 0.439176 0.139740
vt 0.432681 0.145687
vt 0.442791 0.143861
vt 0.443033 0.195335
vt 0.431732 0.193611
vt 0.422666 0.204137
vt 0.451411 0.204915
vt 0.422666 0.281838
vt 0.451938 0.281564
vt 0.440108 0.131735
vt 0.426745 0.142888
vt 0.449118 0.139687
vt 0.425413 0.192435
vt 0.413564 0.203236
vt 0.458349 0.204755
vt 0.449666 0.195127
vt 0.413411 0.281758
vt 0.458888 0.281495
vt 0.321874 0.413404
vt 0.300004 0.413404
vt 0.298665 0.402714
vt 0.312602 0.392470
vt 0.414709 0.413404
vt 0.322136 0.392794
vt 0.462626 0.570561
vt 0.471898 0.549626
vt 0.472160 0.570237
vt 0.308416 0.358489
vt 0.308415 0.375639
vt 0.318707 0.344771
vt 0.349570 0.355072
vt 0.458440 0.604542
vt 0.458439 0.587391
vt 0.468731 0.618259
vt 0.564733 0.549626
vt 0.499593 0.607959
vt 0.516735 0.607955
vt 0.533876 0.611382
vt 0.366712 0.355076
vt 0.383852 0.351650
vt 0.394138 0.341360
vt 0.544162 0.621671
vt 0.414709 0.341361
vt 0.564733 0.621670
vt 0.885364 0.022857
vt 0.872456 0.011370
vt 0.889844 0.012858
vt 0.322136 0.434016
vt 0.312601 0.434340
vt 0.298665 0.424095
vt 0.875023 0.022181
vt 0.888146 0.040095
vt 0.897622 0.059364
vt 0.888146 0.061207
vt 0.897622 0.035938
vt 0.888146 0.077302
vt 0.308416 0.468320
vt 0.308415 0.451170
vt 0.897622 0.080055
vt 0.318707 0.482038
vt 0.897622 0.100563
vt 0.349570 0.471738
vt 0.888146 0.099259
vt 0.870728 0.099252
vt 0.870728 0.077232
vt 0.897622 0.134377
vt 0.888146 0.133310
vt 0.870728 0.133310
vt 0.861253 0.100566
vt 0.861253 0.080092
vt 0.870728 0.061088
vt 0.861253 0.059269
vt 0.870728 0.039740
vt 0.458440 0.494710
vt 0.472160 0.529015
vt 0.458439 0.511860
vt 0.861253 0.035624
vt 0.468731 0.480993
vt 0.462626 0.528691
vt 0.499593 0.491293
vt 0.861253 0.134380
vt 0.870728 0.151186
vt 0.516735 0.491297
vt 0.861253 0.150488
vt 0.888146 0.151188
vt 0.861253 0.166629
vt 0.533876 0.487871
vt 0.870728 0.165938
vt 0.897622 0.150475
vt 0.366712 0.471734
vt 0.897622 0.166554
vt 0.383852 0.475160
vt 0.888146 0.165953
vt 0.870728 0.180145
vt 0.888146 0.180126
vt 0.897622 0.181405
vt 0.394138 0.485450
vt 0.861253 0.181355
vt 0.544162 0.477581
vt 0.870728 0.203590
vt 0.888146 0.203590
vt 0.897622 0.203590
vt 0.414709 0.485448
vt 0.861253 0.203590
vt 0.564733 0.477583
vt 0.884681 0.384668
vt 0.888202 0.395102
vt 0.870784 0.395156
vt 0.507544 0.413404
vt 0.529414 0.413404
vt 0.530754 0.424095
vt 0.516817 0.434340
vt 0.507283 0.434016
vt 0.874235 0.384691
vt 0.666840 0.528691
vt 0.657568 0.549626
vt 0.657306 0.529015
vt 0.888146 0.367263
vt 0.888146 0.346027
vt 0.897622 0.347895
vt 0.897622 0.371404
vt 0.888146 0.329901
vt 0.521002 0.468320
vt 0.521003 0.451170
vt 0.897622 0.327154
vt 0.510711 0.482038
vt 0.897622 0.306628
vt 0.479849 0.471738
vt 0.888146 0.307929
vt 0.870728 0.329925
vt 0.870728 0.307922
vt 0.897622 0.272806
vt 0.888146 0.273872
vt 0.870728 0.273868
vt 0.861253 0.306604
vt 0.861253 0.327059
vt 0.870728 0.346037
vt 0.861253 0.347834
vt 0.870728 0.367264
vt 0.671026 0.494710
vt 0.671027 0.511860
vt 0.861253 0.371396
vt 0.660735 0.480993
vt 0.629872 0.491293
vt 0.861253 0.272798
vt 0.870728 0.255993
vt 0.612731 0.491297
vt 0.861253 0.256691
vt 0.888146 0.255993
vt 0.861253 0.240550
vt 0.595590 0.487871
vt 0.870728 0.241242
vt 0.897622 0.256707
vt 0.462707 0.471734
vt 0.897622 0.240627
vt 0.445566 0.475160
vt 0.888146 0.241228
vt 0.870728 0.227035
vt 0.888146 0.227054
vt 0.897622 0.225775
vt 0.435280 0.485450
vt 0.861253 0.225825
vt 0.585304 0.477581
vt 0.507283 0.392794
vt 0.516817 0.392470
vt 0.530754 0.402714
vt 0.521002 0.358489
vt 0.521003 0.375639
vt 0.510711 0.344771
vt 0.479849 0.355072
vt 0.671026 0.604542
vt 0.657306 0.570238
vt 0.671027 0.587392
vt 0.660735 0.618259
vt 0.666840 0.570561
vt 0.629872 0.607959
vt 0.612730 0.607955
vt 0.595589 0.611382
vt 0.462707 0.355076
vt 0.445566 0.351650
vt 0.435280 0.341360
vt 0.585304 0.621671
vt 0.448689 0.560316
vt 0.450028 0.549626
vt 0.448689 0.538936
vt 0.680777 0.538936
vt 0.679438 0.549626
vt 0.680777 0.560316
vt 0.885364 0.022857
vt 0.889844 0.012858
vt 0.872456 0.011370
vt 0.875023 0.022181
vt 0.888146 0.040095
vt 0.888146 0.061207
vt 0.897622 0.059364
vt 0.897622 0.035938
vt 0.888146 0.077302
vt 0.897622 0.080055
vt 0.897622 0.100563
vt 0.888146 0.099259
vt 0.870728 0.077232
vt 0.870728 0.099252
vt 0.897622 0.134377
vt 0.888146 0.133310
vt 0.870728 0.133310
vt 0.861253 0.100566
vt 0.861253 0.080092
vt 0.870728 0.061088
vt 0.861253 0.059269
vt 0.870728 0.039740
vt 0.861253 0.035624
vt 0.861253 0.134380
vt 0.870728 0.151186
vt 0.861253 0.150488
vt 0.888146 0.151188
vt 0.861253 0.166629
vt 0.870728 0.165938
vt 0.897622 0.150475
vt 0.897622 0.166554
vt 0.888146 0.165953
vt 0.870728 0.180145
vt 0.888146 0.180126
vt 0.897622 0.181405
vt 0.861253 0.181355
vt 0.870728 0.203590
vt 0.888146 0.203590
vt 0.897622 0.203590
vt 0.861253 0.203590
vt 0.884681 0.384668
vt 0.870784 0.395156
vt 0.888202 0.395102
vt 0.874235 0.384691
vt 0.888146 0.367263
vt 0.897622 0.347895
vt 0.888146 0.346027
vt 0.897622 0.371404
vt 0.888146 0.329901
vt 0.897622 0.327154
vt 0.897622 0.306628
vt 0.888146 0.307929
vt 0.870728 0.307922
vt 0.870728 0.329925
vt 0.897622 0.272806
vt 0.888146 0.273872
vt 0.870728 0.273868
vt 0.861253 0.306604
vt 0.861253 0.327059
vt 0.870728 0.346037
vt 0.861253 0.347834
vt 0.870728 0.367264
vt 0.861253 0.371396
vt 0.861253 0.272798
vt 0.870728 0.255993
vt 0.861253 0.256691
vt 0.888146 0.255993
vt 0.861253 0.240550
vt 0.870728 0.241242
vt 0.897622 0.256707
vt 0.897622 0.240627
vt 0.888146 0.241228
vt 0.870728 0.227035
vt 0.888146 0.227054
vt 0.897622 0.225775
vt 0.861253 0.225825
vt 0.553570 0.409184
vt 0.545469 0.410283
vt 0.545439 0.433308
vt 0.553545 0.432237
vt 0.565972 0.408321
vt 0.565955 0.431395
vt 0.540783 0.412539
vt 0.540749 0.435506
vt 0.628183 0.408776
vt 0.628209 0.431832
vt 0.636828 0.432811
vt 0.636796 0.409783
vt 0.615393 0.408050
vt 0.615410 0.431126
vt 0.642599 0.434953
vt 0.642564 0.411982
vt 0.603754 0.455993
vt 0.603735 0.408114
vt 0.590682 0.408185
vt 0.590682 0.456064
vt 0.577628 0.408257
vt 0.577610 0.456135
vt 0.800335 0.731007
vt 0.800335 0.758975
vt 0.775757 0.758975
vt 0.775757 0.731007
vt 0.812001 0.731007
vt 0.812001 0.758975
vt 0.756945 0.746329
vt 0.752145 0.731007
vt 0.764470 0.731007
vt 0.764470 0.753540
vt 0.553570 0.409184
vt 0.553545 0.432237
vt 0.545439 0.433308
vt 0.545469 0.410283
vt 0.565972 0.408321
vt 0.565955 0.431395
vt 0.540749 0.435506
vt 0.540783 0.412539
vt 0.800335 0.703039
vt 0.812001 0.703039
vt 0.756945 0.715685
vt 0.764470 0.708474
vt 0.775758 0.703039
vt 0.628183 0.408776
vt 0.636796 0.409783
vt 0.636828 0.432811
vt 0.628209 0.431832
vt 0.615393 0.408050
vt 0.615410 0.431126
vt 0.642564 0.411982
vt 0.642599 0.434953
vt 0.823667 0.731007
vt 0.823667 0.703039
vt 0.848244 0.703039
vt 0.848244 0.731007
vt 0.867057 0.715684
vt 0.871856 0.731007
vt 0.859532 0.731007
vt 0.859532 0.708474
vt 0.823667 0.758975
vt 0.867057 0.746329
vt 0.859532 0.753539
vt 0.848244 0.758975
vt 0.603754 0.455993
vt 0.590682 0.456064
vt 0.590682 0.408185
vt 0.603735 0.408114
vt 0.577610 0.456135
vt 0.577628 0.408257
vt 0.089782 0.109007
vt 0.085387 0.155112
vt 0.063931 0.137734
vt 0.071205 0.093788
vt 0.051174 0.121056
vt 0.059013 0.078702
vt 0.087690 0.069054
vt 0.083765 0.040784
vt 0.036791 0.714721
vt 0.046691 0.902038
vt 0.018342 0.903133
vt 0.010949 0.714128
vt 0.068970 0.728371
vt 0.070156 0.902779
vt 0.061323 0.714657
vt 0.035061 0.664536
vt 0.008150 0.666152
vt 0.111533 0.011025
vt 0.099469 0.049558
vt 0.075590 0.729560
vt 0.076779 0.903577
vt 0.067955 0.715866
vt 0.096367 0.111083
vt 0.091978 0.157124
vt 0.106039 0.051716
vt 0.014462 0.650782
vt 0.025817 0.397634
vt 0.036912 0.252489
vt 0.054344 0.250738
vt 0.045814 0.396134
vt 0.078046 0.250641
vt 0.069265 0.395934
vt 0.084642 0.252633
vt 0.075881 0.397607
vt 0.065439 0.543535
vt 0.072067 0.544878
vt 0.019568 0.545084
vt 0.037769 0.543853
vt 0.089782 0.109007
vt 0.071205 0.093788
vt 0.063931 0.137734
vt 0.085387 0.155112
vt 0.059013 0.078702
vt 0.051174 0.121056
vt 0.087690 0.069054
vt 0.083765 0.040784
vt 0.036791 0.714721
vt 0.010949 0.714128
vt 0.018342 0.903133
vt 0.046691 0.902038
vt 0.068970 0.728371
vt 0.070156 0.902779
vt 0.061323 0.714657
vt 0.035061 0.664536
vt 0.008150 0.666152
vt 0.111533 0.011025
vt 0.099469 0.049558
vt 0.076779 0.903577
vt 0.075590 0.729560
vt 0.067955 0.715866
vt 0.091978 0.157124
vt 0.096367 0.111083
vt 0.106039 0.051716
vt 0.014462 0.650782
vt 0.025817 0.397634
vt 0.045814 0.396134
vt 0.054344 0.250738
vt 0.036912 0.252489
vt 0.069265 0.395934
vt 0.078046 0.250641
vt 0.075881 0.397607
vt 0.084642 0.252633
vt 0.072067 0.544878
vt 0.065439 0.543535
vt 0.037769 0.543853
vt 0.019568 0.545084
vt 0.439176 0.139740
vt 0.442791 0.143861
vt 0.432681 0.145687
vt 0.443033 0.195335
vt 0.451411 0.204915
vt 0.422666 0.204137
vt 0.431732 0.193611
vt 0.451938 0.281564
vt 0.422666 0.281838
vt 0.426745 0.142888
vt 0.440108 0.131735
vt 0.449118 0.139687
vt 0.413564 0.203236
vt 0.425413 0.192435
vt 0.449666 0.195127
vt 0.458349 0.204755
vt 0.413411 0.281758
vt 0.458888 0.281495
vt 0.546740 -0.001314
vt 0.550200 0.108393
vt 0.566672 0.108393
vt 0.563213 -0.001314
vt 0.589285 0.108393
vt 0.585826 -0.001314
vt 0.611712 0.108393
vt 0.608253 -0.001314
vt 0.627603 0.108393
vt 0.624143 -0.001314
vt 0.566672 0.205380
vt 0.566672 0.302377
vt 0.589285 0.302377
vt 0.589285 0.205380
vt 0.550200 0.205380
vt 0.550200 0.302377
vt 0.611712 0.205380
vt 0.611712 0.302377
vt 0.627603 0.302377
vt 0.627603 0.205380
vt 0.566672 0.399538
vt 0.589285 0.399538
vt 0.550200 0.399538
vt 0.611712 0.399538
vt 0.627603 0.399538
vt 0.546740 -0.001314
vt 0.563213 -0.001314
vt 0.566672 0.108393
vt 0.550200 0.108393
vt 0.585826 -0.001314
vt 0.589285 0.108393
vt 0.608253 -0.001314
vt 0.611712 0.108393
vt 0.624143 -0.001314
vt 0.627603 0.108393
vt 0.566672 0.205380
vt 0.589285 0.205380
vt 0.589285 0.302377
vt 0.566672 0.302377
vt 0.550200 0.205380
vt 0.550200 0.302377
vt 0.611712 0.205380
vt 0.627603 0.205380
vt 0.627603 0.302377
vt 0.611712 0.302377
vt 0.589285 0.399538
vt 0.566672 0.399538
vt 0.550200 0.399538
vt 0.627603 0.399538
vt 0.611712 0.399538
vt 0.231312 0.669296
vt 0.253116 0.696373
vt 0.245063 0.656805
vt 0.264773 0.683727
vt 0.277827 0.711100
vt 0.283743 0.694386
vt 0.301668 0.714769
vt 0.270212 0.672203
vt 0.255303 0.650063
vt 0.289980 0.683177
vt 0.301668 0.695124
vt 0.264876 0.644475
vt 0.301668 0.683259
vt 0.301668 0.668812
vt 0.290671 0.669438
vt 0.276637 0.661862
vt 0.301667 0.663247
vt 0.290757 0.663645
vt 0.281466 0.658742
vt 0.269670 0.641382
vt 0.372829 0.669410
vt 0.358272 0.656804
vt 0.350220 0.697639
vt 0.338563 0.683727
vt 0.325624 0.711791
vt 0.319593 0.694386
vt 0.333123 0.672202
vt 0.348032 0.650063
vt 0.313355 0.683177
vt 0.338459 0.644474
vt 0.312664 0.669438
vt 0.326698 0.661862
vt 0.312578 0.663645
vt 0.321869 0.658742
vt 0.333665 0.641381
vt 0.925163 0.364452
vt 0.925075 0.375663
vt 0.950771 0.375863
vt 0.950859 0.364652
vt 0.939006 0.346035
vt 0.925243 0.354161
vt 0.950939 0.354362
vt 0.955867 0.346166
vt 0.975159 0.346317
vt 0.981362 0.341015
vt 0.981423 0.333169
vt 0.975262 0.333121
vt 0.955970 0.332970
vt 0.939109 0.332839
vt 0.936215 0.332816
vt 0.936164 0.339414
vt 0.924928 0.394505
vt 0.950625 0.394705
vt 0.925657 0.301012
vt 0.951353 0.301213
vt 0.951441 0.290002
vt 0.925745 0.289801
vt 0.939212 0.319643
vt 0.956073 0.319774
vt 0.951273 0.311504
vt 0.925577 0.311303
vt 0.975365 0.319925
vt 0.981484 0.325323
vt 0.936267 0.326218
vt 0.951588 0.271160
vt 0.925892 0.270959
vt 0.231312 0.669296
vt 0.245063 0.656805
vt 0.253116 0.696373
vt 0.264773 0.683727
vt 0.277827 0.711100
vt 0.283743 0.694386
vt 0.301668 0.714769
vt 0.270212 0.672203
vt 0.255303 0.650063
vt 0.289980 0.683177
vt 0.301668 0.695124
vt 0.264876 0.644475
vt 0.301668 0.683259
vt 0.301668 0.668812
vt 0.290671 0.669438
vt 0.276637 0.661862
vt 0.290757 0.663645
vt 0.301667 0.663247
vt 0.281466 0.658742
vt 0.269670 0.641382
vt 0.372829 0.669410
vt 0.350220 0.697639
vt 0.358272 0.656804
vt 0.338563 0.683727
vt 0.325624 0.711791
vt 0.319593 0.694386
vt 0.333123 0.672202
vt 0.348032 0.650063
vt 0.313355 0.683177
vt 0.338459 0.644474
vt 0.312664 0.669438
vt 0.326698 0.661862
vt 0.312578 0.663645
vt 0.321869 0.658742
vt 0.333665 0.641381
vt 0.961697 0.125928
vt 0.952830 0.132788
vt 0.957263 0.112206
vt 0.961697 0.115637
vt 0.915145 0.132788
vt 0.906277 0.125928
vt 0.906277 0.115637
vt 0.910711 0.112207
vt 0.906277 0.018231
vt 0.915144 0.011371
vt 0.910711 0.031953
vt 0.906277 0.028522
vt 0.952829 0.011371
vt 0.961696 0.018231
vt 0.961696 0.028522
vt 0.957263 0.031952
vt 0.933987 0.132788
vt 0.933987 0.112206
vt 0.933987 0.011371
vt 0.933987 0.031952
vt 0.910711 0.081922
vt 0.910711 0.072080
vt 0.933987 0.072079
vt 0.933987 0.081922
vt 0.910711 0.091625
vt 0.933987 0.091625
vt 0.957263 0.072079
vt 0.957263 0.081922
vt 0.957263 0.091625
vt 0.957263 0.062236
vt 0.933987 0.062237
vt 0.957263 0.052534
vt 0.933987 0.052534
vt 0.910711 0.062237
vt 0.910711 0.052534
vt 0.404956 0.743966
vt 0.404956 0.720690
vt 0.413115 0.720690
vt 0.413115 0.743966
vt 0.420962 0.720690
vt 0.420961 0.743966
vt 0.910711 0.187611
vt 0.933987 0.187611
vt 0.933987 0.194209
vt 0.910711 0.194209
vt 0.910711 0.201414
vt 0.933987 0.201414
vt 0.933987 0.216770
vt 0.906277 0.216770
vt 0.933987 0.227061
vt 0.906277 0.227061
vt 0.361090 0.739532
vt 0.361090 0.720690
vt 0.366899 0.720690
vt 0.366899 0.748399
vt 0.377190 0.748399
vt 0.377190 0.720690
vt 0.385663 0.720690
vt 0.385663 0.743966
vt 0.933987 0.233922
vt 0.915144 0.233922
vt 0.925163 0.364452
vt 0.950859 0.364652
vt 0.950771 0.375863
vt 0.925075 0.375663
vt 0.939006 0.346035
vt 0.955867 0.346166
vt 0.950939 0.354362
vt 0.925243 0.354161
vt 0.975159 0.346317
vt 0.975262 0.333121
vt 0.981423 0.333169
vt 0.981362 0.341015
vt 0.955970 0.332970
vt 0.939109 0.332839
vt 0.936164 0.339414
vt 0.936215 0.332816
vt 0.950625 0.394705
vt 0.924928 0.394505
vt 0.404956 0.697414
vt 0.413115 0.697414
vt 0.420961 0.697414
vt 0.957263 0.187611
vt 0.957263 0.194209
vt 0.957263 0.201414
vt 0.961696 0.216770
vt 0.961697 0.227061
vt 0.361090 0.701847
vt 0.366899 0.692980
vt 0.377190 0.692980
vt 0.385663 0.697414
vt 0.952829 0.233922
vt 0.925657 0.301012
vt 0.925745 0.289801
vt 0.951441 0.290002
vt 0.951353 0.301213
vt 0.939212 0.319643
vt 0.925577 0.311303
vt 0.951273 0.311504
vt 0.956073 0.319774
vt 0.975365 0.319925
vt 0.981484 0.325323
vt 0.936267 0.326218
vt 0.925892 0.270959
vt 0.951588 0.271160
vt 0.436967 0.697414
vt 0.436967 0.720690
vt 0.428808 0.720690
vt 0.428808 0.697414
vt 0.933987 0.181013
vt 0.957263 0.181013
vt 0.957263 0.173808
vt 0.933987 0.173808
vt 0.933987 0.158452
vt 0.961696 0.158452
vt 0.933987 0.148161
vt 0.961696 0.148161
vt 0.481884 0.701847
vt 0.481884 0.720690
vt 0.475024 0.720690
vt 0.475024 0.692980
vt 0.464733 0.692980
vt 0.464733 0.720690
vt 0.456260 0.720690
vt 0.456260 0.697414
vt 0.933987 0.141301
vt 0.952829 0.141301
vt 0.436967 0.743966
vt 0.428808 0.743966
vt 0.910711 0.181013
vt 0.910711 0.173808
vt 0.906277 0.158452
vt 0.906277 0.148161
vt 0.481884 0.739532
vt 0.475024 0.748399
vt 0.464733 0.748399
vt 0.456260 0.743966
vt 0.915144 0.141301
vt 0.044291 0.664041
vt 0.039931 0.664041
vt 0.041381 0.662591
vt 0.042831 0.662591
vt 0.044291 0.659681
vt 0.042831 0.661131
vt 0.039931 0.659681
vt 0.041381 0.661131
vt 0.499126 0.548636
vt 0.566572 0.481179
vt 0.634029 0.548636
vt 0.566572 0.616082
vt 0.041211 0.654991
vt 0.039621 0.656591
vt 0.044401 0.656591
vt 0.042811 0.654991
vt 0.044401 0.651801
vt 0.042811 0.653401
vt 0.039621 0.651801
vt 0.041211 0.653401
vt 0.498999 0.548509
vt 0.566445 0.481051
vt 0.633902 0.548509
vt 0.566445 0.615954
vn -0.776717 -0.629849 -0.000004
vn -0.768769 -0.639526 -0.000001
vn -0.774275 -0.632850 -0.000003
vn -0.768769 -0.639527 0.000000
vn -0.455581 0.540778 0.707110
vn -0.463070 0.534326 0.707151
vn -0.455581 0.540779 0.707110
vn -0.463073 0.534328 0.707147
vn -0.476515 0.522773 0.706853
vn -0.476641 0.522656 0.706855
vn -0.485370 0.514202 0.707115
vn -0.485367 0.514196 0.707121
vn -0.487864 0.511948 0.707035
vn -0.487825 0.511986 0.707034
vn -0.485910 0.513711 0.707102
vn -0.485909 0.513709 0.707104
vn 0.485906 -0.513710 0.707105
vn 0.479986 -0.519216 0.707127
vn 0.485906 -0.513710 0.707106
vn 0.479980 -0.519211 0.707134
vn 0.475839 -0.523391 0.706852
vn 0.475735 -0.523484 0.706853
vn 0.472986 -0.525599 0.707128
vn 0.472990 -0.525602 0.707123
vn 0.460038 -0.536964 0.707131
vn 0.460046 -0.536957 0.707131
vn 0.454169 -0.541970 0.707106
vn 0.454169 -0.541970 0.707106
vn 0.000000 0.000000 1.000000
vn 0.000000 0.000000 1.000000
vn -0.000000 0.000000 1.000000
vn 0.000000 0.000000 1.000000
vn -0.000000 0.000000 1.000000
vn 0.000000 0.000000 1.000000
vn -0.000000 0.000000 1.000000
vn -0.000000 0.000000 1.000000
vn 0.000000 0.000000 1.000000
vn 0.000000 0.000000 1.000000
vn 0.000000 0.000000 1.000000
vn 0.000000 0.000000 1.000000
vn -0.654927 0.755692 0.000000
vn -0.654928 0.755692 0.000000
vn -0.644291 0.764781 0.000000
vn -0.644291 0.764781 0.000000
vn -0.673756 0.738954 0.000000
vn -0.673756 0.738954 0.000000
vn -0.686415 0.727210 0.000000
vn -0.686415 0.727210 0.000000
vn -0.689849 0.723954 0.000000
vn -0.689849 0.723953 0.000000
vn -0.687173 0.726494 0.000000
vn -0.687173 0.726494 0.000000
vn 0.678826 -0.734299 0.000000
vn 0.678826 -0.734299 0.000000
vn 0.687173 -0.726494 0.000000
vn 0.687173 -0.726494 0.000000
vn 0.672607 -0.740000 0.000000
vn 0.672607 -0.740000 0.000000
vn 0.668934 -0.743322 0.000000
vn 0.668933 -0.743322 0.000000
vn 0.650626 -0.759398 0.000000
vn 0.650626 -0.759398 0.000000
vn 0.642292 -0.766460 0.000000
vn 0.642292 -0.766460 0.000000
vn -0.007222 -0.999974 0.000000
vn -0.007222 -0.999974 0.000000
vn -0.007222 -0.999974 0.000000
vn -0.007222 -0.999974 0.000000
vn -0.828561 -0.559899 0.000000
vn -0.828564 -0.559894 -0.000003
vn -0.776717 -0.629849 0.000003
vn -0.774274 -0.632850 0.000003
vn -0.768769 -0.639526 0.000001
vn -0.768769 -0.639527 0.000000
vn -0.455581 0.540779 -0.707110
vn -0.455581 0.540779 -0.707110
vn -0.463070 0.534326 -0.707151
vn -0.463073 0.534328 -0.707147
vn -0.476515 0.522773 -0.706853
vn -0.476641 0.522656 -0.706855
vn -0.485370 0.514202 -0.707116
vn -0.485367 0.514196 -0.707122
vn -0.487864 0.511948 -0.707035
vn -0.487825 0.511986 -0.707034
vn -0.485909 0.513710 -0.707102
vn -0.485908 0.513709 -0.707104
vn 0.485906 -0.513710 -0.707105
vn 0.485906 -0.513710 -0.707105
vn 0.479986 -0.519216 -0.707127
vn 0.479981 -0.519211 -0.707134
vn 0.475734 -0.523484 -0.706853
vn 0.475838 -0.523391 -0.706852
vn 0.472990 -0.525602 -0.707123
vn 0.472986 -0.525599 -0.707128
vn 0.460038 -0.536964 -0.707131
vn 0.460046 -0.536957 -0.707131
vn 0.454169 -0.541970 -0.707106
vn 0.454169 -0.541970 -0.707106
vn 0.000000 0.000000 -1.000000
vn 0.000000 0.000000 -1.000000
vn 0.000000 0.000000 -1.000000
vn -0.000000 0.000000 -1.000000
vn -0.000000 0.000000 -1.000000
vn -0.000000 0.000000 -1.000000
vn -0.000000 0.000000 -1.000000
vn 0.000000 0.000000 -1.000000
vn -0.000000 0.000000 -1.000000
vn 0.000000 0.000000 -1.000000
vn -0.000000 0.000000 -1.000000
vn -0.000000 0.000000 -1.000000
vn -0.654928 0.755692 0.000000
vn -0.644291 0.764780 0.000000
vn -0.654928 0.755691 0.000000
vn -0.644291 0.764780 0.000000
vn -0.673756 0.738954 0.000000
vn -0.673756 0.738954 0.000000
vn -0.686415 0.727210 0.000000
vn -0.686415 0.727210 0.000000
vn -0.689849 0.723953 0.000000
vn -0.689849 0.723953 0.000000
vn -0.687173 0.726494 0.000000
vn -0.687173 0.726494 0.000000
vn 0.678826 -0.734299 0.000000
vn 0.687173 -0.726494 0.000000
vn 0.678826 -0.734299 0.000000
vn 0.687173 -0.726494 0.000000
vn 0.672607 -0.740000 0.000000
vn 0.672607 -0.740000 0.000000
vn 0.668934 -0.743322 0.000000
vn 0.668933 -0.743322 0.000000
vn 0.650626 -0.759398 0.000000
vn 0.650626 -0.759398 0.000000
vn 0.642291 -0.766460 0.000000
vn 0.642291 -0.766461 0.000000
vn -0.007222 -0.999974 0.000000
vn -0.007222 -0.999974 0.000000
vn -0.007222 -0.999974 0.000000
vn -0.007222 -0.999974 0.000000
vn -0.828563 -0.559897 0.000003
vn -0.828561 -0.559899 0.000000
vn -0.630345 0.655704 0.415593
vn -0.629619 0.660572 0.408930
vn -0.450672 0.470692 0.758514
vn -0.290595 0.306360 0.906476
vn -0.423334 0.448784 0.787008
vn -0.287894 0.307827 0.906841
vn -0.620268 0.666782 0.413121
vn -0.624662 0.669010 0.402770
vn 0.001021 -0.001132 0.999999
vn -0.000565 0.001721 0.999998
vn -0.290596 0.306360 -0.906476
vn -0.629620 0.660572 -0.408931
vn -0.450672 0.470692 -0.758514
vn -0.630345 0.655704 -0.415594
vn -0.423334 0.448783 -0.787008
vn -0.620269 0.666783 -0.413118
vn -0.287895 0.307828 -0.906840
vn -0.624662 0.669010 -0.402768
vn 0.001021 -0.001132 -0.999999
vn -0.000564 0.001721 -0.999998
vn 0.965984 -0.258602 0.000000
vn 0.866226 -0.499652 0.000000
vn 0.979509 -0.201401 0.000000
vn 0.866198 -0.499702 0.000000
vn 0.734388 0.678730 0.000000
vn 0.734387 0.678731 0.000000
vn 0.416378 -0.909192 0.000000
vn 0.090604 -0.995887 0.000000
vn 0.416408 -0.909178 0.000000
vn 0.026140 -0.999658 0.000000
vn -0.743160 -0.669114 0.000000
vn -0.743159 -0.669114 0.000000
vn 0.866209 -0.499682 0.000000
vn 0.965991 -0.258577 0.000000
vn 0.734387 0.678731 0.000000
vn 0.090638 -0.995884 0.000000
vn 0.416325 -0.909216 0.000000
vn -0.743159 -0.669114 0.000000
vn -0.418498 0.353062 0.836784
vn -0.351497 0.462558 0.813935
vn -0.679949 0.618832 0.393341
vn -0.582537 0.709954 0.395748
vn -0.096749 0.136603 0.985890
vn -0.130245 0.102696 0.986149
vn 0.000305 -0.000765 1.000000
vn -0.000778 0.000714 1.000000
vn 0.688860 -0.724895 0.000000
vn 0.688860 -0.724894 0.000000
vn 0.688860 -0.724895 0.000000
vn 0.688860 -0.724894 0.000000
vn 0.688860 -0.724894 0.000001
vn 0.688860 -0.724894 0.000000
vn -0.000778 0.000714 -1.000000
vn -0.131892 0.103844 -0.985810
vn 0.000305 -0.000765 -1.000000
vn -0.095243 0.134691 -0.986300
vn -0.445124 0.375387 -0.812988
vn -0.680039 0.618910 -0.393061
vn -0.330160 0.434681 -0.837882
vn -0.582611 0.710050 -0.395466
vn -0.633595 0.773665 0.000000
vn -0.740721 0.671813 -0.000001
vn -0.691323 0.722546 -0.000000
vn -0.488087 0.774710 0.401989
vn -0.551283 0.834318 -0.000004
vn -0.487968 0.774815 -0.401932
vn -0.750091 0.528616 -0.397402
vn -0.804602 0.593814 -0.000002
vn -0.682596 0.730796 0.000000
vn -0.749981 0.528729 0.397459
vn -0.693030 0.720908 -0.000000
vn -0.676973 0.736008 0.000000
vn -0.774963 0.632006 0.000000
vn -0.774964 0.632006 0.000000
vn -0.846962 0.531654 0.000000
vn -0.842714 0.538362 0.000000
vn -0.726489 -0.687178 0.000000
vn -0.726491 -0.687176 0.000000
vn -0.726494 -0.687173 0.000000
vn -0.726494 -0.687173 0.000000
vn 0.983072 0.183218 0.000000
vn 0.984486 0.175463 0.000000
vn 0.998848 0.047990 0.000000
vn 0.996323 0.085672 0.000000
vn 0.726490 0.687177 0.000000
vn 0.726488 0.687179 -0.000000
vn -0.726475 -0.687193 0.000000
vn -0.726496 -0.687170 0.000000
vn -0.726477 -0.687191 0.000000
vn -0.726499 -0.687168 0.000000
vn -0.885855 -0.463963 0.000000
vn -0.900308 -0.435252 0.000000
vn 0.726479 0.687189 -0.000000
vn 0.726474 0.687194 -0.000001
vn -0.209383 0.221364 -0.952448
vn -0.209385 0.221366 -0.952447
vn -0.638001 0.674509 -0.371475
vn -0.638003 0.674510 -0.371468
vn -0.016661 0.017614 -0.999706
vn -0.073970 0.078203 -0.994190
vn -0.100603 0.106360 -0.989225
vn -0.031245 0.033033 -0.998966
vn -0.687173 0.726494 0.000000
vn -0.687173 0.726494 0.000000
vn -0.726489 -0.687178 0.000000
vn -0.726493 -0.687174 0.000000
vn 0.983073 0.183217 0.000000
vn 0.998848 0.047988 0.000000
vn 0.726489 0.687178 0.000000
vn -0.726499 -0.687168 0.000000
vn -0.726477 -0.687191 0.000000
vn -0.842713 0.538363 0.000000
vn -0.900309 -0.435251 0.000000
vn -0.774964 0.632006 0.000000
vn 0.726474 0.687194 0.000000
vn 0.209383 -0.221364 -0.952448
vn 0.638000 -0.674508 -0.371477
vn 0.209384 -0.221366 -0.952447
vn 0.638001 -0.674509 -0.371472
vn 0.031245 -0.033033 -0.998966
vn 0.073970 -0.078203 -0.994190
vn 0.100604 -0.106361 -0.989225
vn 0.016661 -0.017614 -0.999706
vn 0.687173 -0.726494 -0.000003
vn 0.687172 -0.726494 0.000000
vn 0.587951 -0.808897 0.000000
vn 0.587951 -0.808896 0.000000
vn 0.483754 -0.875204 0.000000
vn 0.490688 -0.871335 0.000000
vn -0.726496 -0.687171 0.000000
vn -0.726496 -0.687171 0.000000
vn 0.237577 0.971369 0.000000
vn 0.229912 0.973211 0.000000
vn 0.103435 0.994636 0.000000
vn 0.140919 0.990021 0.000000
vn 0.726496 0.687171 0.000000
vn 0.726499 0.687168 0.000000
vn -0.726511 -0.687155 0.000000
vn -0.726492 -0.687175 0.000000
vn -0.726510 -0.687156 0.000000
vn -0.726488 -0.687179 0.000000
vn -0.512486 -0.858695 0.000000
vn -0.484624 -0.874722 0.000000
vn 0.726505 0.687162 0.000001
vn 0.726513 0.687153 0.000001
vn -0.726499 -0.687167 0.000000
vn 0.237576 0.971369 0.000000
vn 0.103435 0.994636 0.000000
vn 0.726496 0.687170 0.000000
vn -0.726488 -0.687179 0.000000
vn -0.726509 -0.687157 0.000000
vn 0.490688 -0.871336 0.000000
vn -0.484624 -0.874723 0.000000
vn 0.587951 -0.808896 0.000000
vn 0.726507 0.687159 -0.000001
vn 0.000000 0.000000 -1.000000
vn -0.000000 0.000000 -1.000000
vn 0.726494 0.687173 0.000000
vn 0.726494 0.687173 0.000000
vn 0.726494 0.687173 0.000000
vn -0.000000 0.000000 -1.000000
vn 0.000000 0.000000 -1.000000
vn 0.000000 0.000000 -1.000000
vn -0.209384 0.221365 0.952447
vn -0.638002 0.674509 0.371471
vn -0.209384 0.221366 0.952447
vn -0.638002 0.674510 0.371470
vn -0.031245 0.033033 0.998966
vn -0.073970 0.078203 0.994190
vn -0.100603 0.106359 0.989225
vn -0.016661 0.017614 0.999706
vn -0.687173 0.726494 -0.000003
vn -0.687172 0.726494 0.000000
vn 0.209383 -0.221364 0.952448
vn 0.209385 -0.221365 0.952447
vn 0.638001 -0.674507 0.371477
vn 0.638002 -0.674509 0.371472
vn 0.016661 -0.017614 0.999706
vn 0.073970 -0.078203 0.994190
vn 0.100603 -0.106360 0.989225
vn 0.031245 -0.033033 0.998966
vn 0.687173 -0.726494 0.000003
vn 0.687172 -0.726494 0.000000
vn 0.000000 0.000000 1.000000
vn -0.000000 0.000000 1.000000
vn 0.000000 0.000000 1.000000
vn 0.000000 0.000000 1.000000
vn -0.000000 0.000000 1.000000
vn -0.630345 0.655703 0.415593
vn -0.629620 0.660572 0.408929
vn -0.450672 0.470692 0.758514
vn -0.290596 0.306361 0.906475
vn -0.423334 0.448782 0.787009
vn -0.287894 0.307827 0.906840
vn -0.620268 0.666782 0.413122
vn -0.624662 0.669011 0.402768
vn 0.001021 -0.001132 0.999999
vn -0.000565 0.001721 0.999998
vn -0.290596 0.306361 -0.906475
vn -0.629619 0.660572 -0.408930
vn -0.450673 0.470692 -0.758514
vn -0.630345 0.655703 -0.415594
vn -0.423334 0.448782 -0.787009
vn -0.620269 0.666783 -0.413119
vn -0.287895 0.307829 -0.906840
vn -0.624662 0.669011 -0.402767
vn 0.001021 -0.001132 -0.999999
vn -0.000564 0.001721 -0.999998
vn 0.965984 -0.258601 0.000000
vn 0.866227 -0.499651 0.000000
vn 0.979509 -0.201401 0.000000
vn 0.866198 -0.499702 0.000000
vn 0.734388 0.678730 0.000000
vn 0.734388 0.678730 0.000000
vn 0.416378 -0.909191 0.000000
vn 0.090604 -0.995887 0.000000
vn 0.416408 -0.909178 0.000000
vn 0.026140 -0.999658 0.000000
vn -0.743161 -0.669112 0.000000
vn -0.743160 -0.669114 0.000000
vn 0.866209 -0.499682 0.000000
vn 0.965991 -0.258578 0.000000
vn 0.734387 0.678731 0.000000
vn 0.090638 -0.995884 0.000000
vn 0.416325 -0.909216 0.000000
vn -0.743161 -0.669113 0.000000
vn -0.418498 0.353061 0.836784
vn -0.351498 0.462559 0.813934
vn -0.679949 0.618832 0.393340
vn -0.582538 0.709954 0.395747
vn -0.096749 0.136603 0.985890
vn -0.130245 0.102696 0.986149
vn 0.000305 -0.000765 1.000000
vn -0.000778 0.000714 1.000000
vn 0.688860 -0.724894 0.000000
vn 0.688860 -0.724894 0.000000
vn 0.688860 -0.724894 0.000001
vn 0.688860 -0.724895 -0.000001
vn 0.688860 -0.724894 0.000001
vn 0.688860 -0.724895 -0.000003
vn -0.000778 0.000714 -0.999999
vn -0.131892 0.103844 -0.985810
vn 0.000305 -0.000765 -1.000000
vn -0.095243 0.134691 -0.986300
vn -0.445124 0.375387 -0.812988
vn -0.680039 0.618910 -0.393060
vn -0.330160 0.434681 -0.837882
vn -0.582611 0.710050 -0.395467
vn -0.633595 0.773665 -0.000002
vn -0.740721 0.671812 0.000001
vn -0.691322 0.722546 0.000000
vn -0.488087 0.774710 0.401990
vn -0.551283 0.834318 -0.000002
vn -0.487968 0.774814 -0.401933
vn -0.750091 0.528616 -0.397403
vn -0.804602 0.593814 -0.000002
vn -0.682595 0.730797 0.000000
vn -0.749981 0.528728 0.397460
vn -0.693030 0.720909 0.000000
vn -0.676973 0.736008 0.000000
vn 0.000000 0.000000 1.000000
vn -0.000000 0.000000 1.000000
vn -0.000000 0.000000 1.000000
vn -0.000000 0.000000 1.000000
vn -0.000000 0.000000 1.000000
vn -0.000000 0.000000 1.000000
vn -0.000000 0.000000 1.000000
vn 0.000000 0.000000 1.000000
vn -0.004532 -0.612309 0.790606
vn -0.010312 -0.614692 0.788700
vn -0.009212 -0.614241 0.789065
vn -0.018349 -0.617963 0.785993
vn -0.459787 0.541819 0.703582
vn -0.463764 0.560732 0.685932
vn -0.457334 0.543858 0.703608
vn -0.464530 0.564073 0.682667
vn 0.000000 0.000000 1.000000
vn 0.000000 0.000000 1.000000
vn -0.504836 0.195103 0.840878
vn -0.505639 0.194518 0.840531
vn -0.505993 0.194260 0.840378
vn -0.507784 0.192950 0.839599
vn -0.444176 0.537056 0.717132
vn -0.441712 0.536367 0.719166
vn 0.000000 0.000000 1.000000
vn 0.000000 0.000000 1.000000
vn 0.000000 0.000000 1.000000
vn -0.932766 0.360483 0.000000
vn -0.932766 0.360483 0.000000
vn -0.932765 0.360485 0.000000
vn -0.932765 0.360485 0.000000
vn -0.635706 0.771931 0.000000
vn -0.635706 0.771931 0.000000
vn -0.635705 0.771932 0.000000
vn -0.635705 0.771932 0.000000
vn -0.007401 -0.999973 0.000000
vn -0.007401 -0.999973 0.000000
vn -0.007401 -0.999973 0.000000
vn -0.007401 -0.999973 0.000000
vn -0.635706 0.771931 0.000000
vn -0.635706 0.771931 0.000000
vn 0.713120 -0.701042 0.000000
vn 0.713120 -0.701042 0.000000
vn 0.713120 -0.701042 0.000000
vn 0.713120 -0.701042 0.000000
vn -0.000000 0.000000 -1.000000
vn -0.000000 0.000000 -1.000000
vn -0.000000 0.000000 -1.000000
vn 0.000000 0.000000 -1.000000
vn -0.000000 0.000000 -1.000000
vn -0.000000 0.000000 -1.000000
vn 0.000000 0.000000 -1.000000
vn 0.000000 0.000000 -1.000000
vn -0.004532 -0.612309 -0.790606
vn -0.009212 -0.614241 -0.789065
vn -0.010312 -0.614692 -0.788700
vn -0.018349 -0.617963 -0.785993
vn -0.459787 0.541819 -0.703582
vn -0.457334 0.543858 -0.703608
vn -0.463764 0.560732 -0.685932
vn -0.464530 0.564073 -0.682667
vn 0.000000 0.000000 -1.000000
vn 0.000000 0.000000 -1.000000
vn -0.504836 0.195103 -0.840878
vn -0.505993 0.194259 -0.840378
vn -0.505639 0.194518 -0.840531
vn -0.507783 0.192949 -0.839599
vn -0.441713 0.536367 -0.719166
vn -0.444176 0.537056 -0.717132
vn 0.000000 0.000000 -1.000000
vn 0.000000 0.000000 -1.000000
vn 0.000000 0.000000 -1.000000
vn -0.932766 0.360483 0.000000
vn -0.932765 0.360485 0.000000
vn -0.932766 0.360483 0.000000
vn -0.932765 0.360485 0.000000
vn -0.635706 0.771931 0.000000
vn -0.635705 0.771932 0.000000
vn -0.635706 0.771931 0.000000
vn -0.635705 0.771932 0.000000
vn -0.007401 -0.999973 0.000000
vn -0.007401 -0.999973 0.000000
vn -0.007401 -0.999973 0.000000
vn -0.007401 -0.999973 0.000000
vn -0.635706 0.771931 0.000000
vn -0.635706 0.771931 0.000000
vn 0.999579 0.029002 0.000000
vn 0.999579 0.029002 0.000000
vn 0.999579 0.028999 0.000000
vn 0.999579 0.029001 0.000000
vn 0.727704 -0.685891 0.000000
vn 0.709818 -0.704385 0.000000
vn 0.727704 -0.685891 0.000000
vn 0.709819 -0.704384 0.000000
vn 0.830843 -0.556507 0.000000
vn 0.830843 -0.556507 0.000000
vn -0.041835 0.999125 0.000000
vn -0.041835 0.999125 0.000000
vn -0.041835 0.999125 0.000000
vn -0.041835 0.999125 0.000000
vn 0.713120 -0.701042 0.000000
vn 0.713120 -0.701042 0.000000
vn 0.713120 -0.701042 0.000000
vn 0.713120 -0.701042 0.000000
vn 0.858186 0.513339 0.000000
vn 0.858181 0.513346 0.000000
vn 0.999580 0.028996 0.000000
vn 0.999579 0.028997 0.000000
vn 0.709819 -0.704384 0.000000
vn 0.727705 -0.685891 0.000000
vn 0.830844 -0.556506 0.000000
vn -0.041835 0.999125 0.000000
vn -0.041835 0.999125 0.000000
vn 0.858182 0.513346 0.000000
vn 0.278682 -0.273962 0.920479
vn 0.233645 -0.250191 0.939582
vn 0.276341 -0.277654 0.920078
vn 0.109266 -0.119344 0.986822
vn 0.000000 0.000000 1.000000
vn 0.000000 0.000000 1.000000
vn -0.000000 0.000000 1.000000
vn -0.000000 0.000000 1.000000
vn -0.000000 0.000000 1.000000
vn -0.713119 0.701043 0.000000
vn -0.713119 0.701043 0.000000
vn -0.713119 0.701043 0.000000
vn -0.713118 0.701044 0.000000
vn -0.713117 0.701045 0.000000
vn -0.713118 0.701044 0.000000
vn 0.278682 -0.273963 -0.920479
vn 0.276341 -0.277655 -0.920078
vn 0.233644 -0.250190 -0.939583
vn 0.109266 -0.119343 -0.986822
vn 0.058268 0.998301 0.000000
vn 0.058268 0.998301 0.000000
vn 0.058268 0.998301 0.000000
vn 0.058268 0.998301 0.000000
vn -0.057719 -0.998333 0.000000
vn 0.009304 -0.999957 0.000000
vn -0.057719 -0.998333 0.000000
vn 0.034634 -0.999400 0.000000
vn -0.057719 -0.998333 0.000000
vn -0.057719 -0.998333 0.000000
vn 0.009304 -0.999957 0.000000
vn 0.034634 -0.999400 0.000000
vn 0.058268 0.998301 0.000000
vn 0.058268 0.998301 0.000000
vn 0.058268 0.998301 0.000000
vn 0.058268 0.998301 0.000000
vn -0.000000 0.000000 -1.000000
vn 0.138282 -0.990393 0.000000
vn 0.138282 -0.990393 0.000000
vn 0.138282 -0.990393 0.000000
vn 0.138282 -0.990393 0.000000
vn 0.872460 -0.488686 0.000000
vn 0.872460 -0.488686 0.000000
vn 0.872460 -0.488686 0.000000
vn 0.872460 -0.488686 0.000000
vn 0.872460 -0.488686 0.000000
vn 0.872460 -0.488686 0.000000
vn 0.872460 -0.488686 0.000000
vn 0.872460 -0.488686 0.000000
vn 0.643149 -0.765741 0.000000
vn 0.643149 -0.765741 0.000000
vn 0.643150 -0.765741 0.000000
vn 0.643150 -0.765741 0.000000
vn 0.643149 -0.765741 0.000000
vn 0.643149 -0.765741 0.000000
vn 0.643149 -0.765741 0.000000
vn 0.643149 -0.765741 0.000000
vn 0.000000 0.000000 -1.000000
vn 0.000000 0.000000 -1.000000
vn 0.000000 0.000000 -1.000000
vn 0.000000 0.000000 -1.000000
vn 0.000000 0.000000 -1.000000
vn 0.000000 0.000000 -1.000000
vn 0.000000 0.000000 -1.000000
vn 0.000000 0.000000 -1.000000
vn 0.000000 0.000000 -1.000000
vn 0.000000 0.000000 -1.000000
vn 0.000000 0.000000 -1.000000
vn -0.000000 0.000000 -1.000000
vn -0.000000 0.000000 -1.000000
vn -0.000000 0.000000 -1.000000
vn 0.000000 0.000000 -1.000000
vn 0.000000 0.000000 -1.000000
vn 0.000000 0.000000 -1.000000
vn 0.000000 0.000000 -1.000000
vn 0.000000 0.000000 -1.000000
vn -0.044979 -0.760619 -0.647639
vn -0.051043 -0.753023 -0.656012
vn -0.046952 -0.758162 -0.650374
vn -0.057746 -0.744470 -0.665154
vn 0.633620 -0.007141 -0.773612
vn 0.650845 -0.035649 -0.758373
vn 0.651319 -0.036454 -0.757928
vn 0.658478 -0.048751 -0.751019
vn -0.001929 -0.851015 -0.525139
vn -0.020340 -0.872121 -0.488867
vn -0.047323 -0.899819 -0.433689
vn -0.055141 -0.907117 -0.417250
vn 0.797986 -0.098077 -0.594642
vn 0.830051 -0.068671 -0.553443
vn 0.809580 -0.087784 -0.580409
vn 0.842074 -0.056808 -0.536362
vn -0.655096 -0.512544 -0.555111
vn -0.655094 -0.512544 -0.555113
vn -0.655095 -0.512544 -0.555111
vn -0.655094 -0.512544 -0.555114
vn 0.534239 0.417987 -0.734762
vn 0.534245 0.417993 -0.734755
vn 0.534240 0.417987 -0.734762
vn 0.534245 0.417993 -0.734754
vn -0.602848 -0.485510 -0.633131
vn -0.595658 -0.476882 -0.646355
vn -0.602333 -0.484889 -0.634096
vn -0.595036 -0.476139 -0.647475
vn 0.566547 0.452685 -0.688550
vn 0.565769 0.452267 -0.689463
vn 0.558462 0.448323 -0.697945
vn 0.557978 0.448061 -0.698500
vn 0.564376 -0.825518 0.000000
vn 0.142796 -0.989752 0.000001
vn 0.180259 -0.971653 -0.152960
vn 0.190634 -0.939164 -0.285711
vn 0.616205 -0.787585 -0.000000
vn 0.596074 -0.802929 -0.000001
vn -0.899737 0.408753 -0.152952
vn -0.665489 0.746407 0.000000
vn -0.635940 0.771739 0.000001
vn 0.616202 -0.787588 0.000000
vn 0.616205 -0.787586 0.000000
vn 0.616204 -0.787587 0.000000
vn 0.616205 -0.787586 -0.000001
vn -0.616203 0.787587 0.000001
vn -0.616205 0.787586 0.000000
vn -0.616204 0.787587 0.000001
vn -0.616205 0.787586 -0.000000
vn -0.616205 0.787586 0.000001
vn -0.616206 0.787585 -0.000001
vn -0.616206 0.787585 -0.000001
vn 0.616207 -0.787584 0.000000
vn 0.616205 -0.787586 0.000001
vn 0.616204 -0.787587 0.000001
vn -0.616205 0.787586 0.000000
vn 0.616205 -0.787586 0.000000
vn -0.616205 0.787586 0.000000
vn -0.415384 -0.760181 0.499582
vn -0.914102 0.405483 0.000001
vn 0.584455 -0.811341 -0.011776
vn -0.306503 -0.948074 -0.084925
vn -0.857881 -0.138473 0.494838
vn 0.257742 -0.950674 -0.172593
vn -0.573004 -0.742157 -0.347663
vn -0.586480 -0.744254 0.319573
vn 0.420453 -0.903276 0.085516
vn 0.571595 -0.787617 0.230084
vn 0.623637 -0.779973 0.052153
vn -0.025801 -0.314755 0.948822
vn -0.311718 0.050680 0.948822
vn -0.863492 -0.390200 0.319572
vn 0.318998 -0.092272 0.943253
vn -0.012821 0.331833 0.943251
vn -0.626966 0.744299 0.230070
vn -0.775580 0.625430 0.085510
vn -0.858214 -0.377622 -0.347664
vn -0.860734 0.478906 -0.172584
vn -0.991626 -0.056687 -0.116036
vn -0.646898 0.762485 -0.011776
vn -0.607029 0.792967 0.052148
vn -0.267770 0.172334 0.947945
vn -0.620459 0.778955 0.090890
vn 0.102848 -0.301361 0.947947
vn -0.638435 0.767664 0.055611
vn -0.572321 -0.031621 0.819420
vn 0.606806 -0.789636 0.090896
vn 0.591520 -0.804370 0.055613
vn -0.168390 -0.547899 0.819422
vn -0.381605 0.031812 0.923778
vn -0.060931 -0.378049 0.923779
vn 0.581838 -0.803635 0.125042
vn -0.640049 0.758092 0.125035
vn -0.157346 0.201107 0.966850
vn 0.157344 -0.201105 0.966850
vn 0.613889 -0.784625 0.086632
vn -0.613889 0.784625 0.086626
vn 0.837786 0.220299 0.499583
vn 0.926328 -0.376719 0.000001
vn -0.173657 0.984806 0.000001
vn 0.665492 -0.746405 -0.000000
vn 0.993967 0.069410 -0.084926
vn 0.646900 -0.762484 -0.011777
vn 0.340796 0.799369 0.494840
vn 0.293592 0.948862 -0.116034
vn -0.564379 0.825516 0.000000
vn -0.584458 0.811339 -0.011776
vn 0.858212 0.377625 -0.347666
vn 0.860743 -0.478888 -0.172591
vn 0.863490 0.390202 0.319575
vn 0.775590 -0.625418 0.085516
vn 0.626966 -0.744294 0.230086
vn 0.607028 -0.792967 0.052150
vn 0.311718 -0.050681 0.948822
vn 0.586478 0.744255 0.319575
vn 0.025800 0.314755 0.948822
vn 0.012817 -0.331830 0.943252
vn -0.319002 0.092279 0.943251
vn -0.571600 0.787617 0.230071
vn -0.420466 0.903270 0.085509
vn 0.573002 0.742158 -0.347664
vn -0.257765 0.950670 -0.172581
vn -0.623636 0.779973 0.052148
vn -0.102851 0.301365 0.947946
vn -0.606806 0.789636 0.090891
vn 0.267766 -0.172328 0.947948
vn -0.591520 0.804371 0.055610
vn 0.168384 0.547902 0.819421
vn 0.620458 -0.778954 0.090899
vn 0.638435 -0.767664 0.055614
vn 0.572319 0.031627 0.819421
vn 0.060929 0.378051 0.923778
vn 0.381604 -0.031811 0.923779
vn 0.640050 -0.758090 0.125043
vn -0.581840 0.803634 0.125037
vn 0.635941 -0.771738 0.000001
vn 0.899746 -0.408731 -0.152959
vn 0.865715 -0.410979 -0.285717
vn 0.616202 -0.787588 0.000000
vn 0.616205 -0.787586 0.000000
vn 0.616205 -0.787586 0.000000
vn 0.616206 -0.787585 0.000001
vn -0.616204 0.787587 -0.000002
vn -0.596075 0.802928 0.000000
vn -0.616205 0.787586 0.000000
vn -0.616205 0.787586 -0.000001
vn -0.180285 0.971650 -0.152950
vn -0.616205 0.787586 -0.000000
vn -0.616207 0.787584 -0.000002
vn -0.616204 0.787587 0.000000
vn 0.616205 -0.787586 -0.000002
vn 0.616204 -0.787587 0.000000
vn 0.616205 -0.787586 0.000000
vn -0.616205 0.787586 0.000000
vn -0.865713 0.410985 -0.285712
vn -0.190629 0.939160 -0.285727
vn -0.787585 -0.616207 -0.000003
vn -0.787584 -0.616207 -0.000003
vn -0.787584 -0.616207 -0.000003
vn -0.787584 -0.616208 -0.000005
vn -0.787584 -0.616208 -0.000005
vn -0.787584 -0.616208 -0.000005
vn -0.105488 -0.863967 0.492375
vn -0.105488 -0.863967 0.492375
vn -0.105488 -0.863967 0.492375
vn -0.105492 -0.863969 0.492371
vn -0.105492 -0.863969 0.492371
vn -0.105492 -0.863969 0.492371
vn -0.121198 -0.992628 0.000000
vn -0.121198 -0.992628 0.000000
vn -0.121198 -0.992628 0.000000
vn -0.121197 -0.992629 0.000000
vn -0.121197 -0.992628 0.000000
vn -0.121197 -0.992628 0.000000
vn -0.107071 -0.876934 -0.468533
vn -0.107071 -0.876934 -0.468533
vn -0.107071 -0.876934 -0.468533
vn -0.041014 -0.916459 -0.398021
vn -0.041014 -0.916459 -0.398021
vn -0.041014 -0.916459 -0.398021
vn -0.655311 -0.512716 -0.554698
vn -0.655311 -0.512716 -0.554698
vn -0.655311 -0.512716 -0.554698
vn -0.655311 -0.512716 -0.554699
vn -0.655311 -0.512716 -0.554699
vn -0.655311 -0.512716 -0.554699
vn 0.604781 -0.400671 -0.688261
vn 0.604781 -0.400671 -0.688261
vn 0.604781 -0.400671 -0.688261
vn 0.564548 -0.359934 -0.742787
vn 0.564548 -0.359934 -0.742787
vn 0.564548 -0.359934 -0.742787
vn 0.226310 0.177065 -0.957827
vn 0.226310 0.177065 -0.957827
vn 0.226310 0.177065 -0.957827
vn 0.226310 0.177064 -0.957827
vn 0.226310 0.177064 -0.957827
vn 0.226310 0.177064 -0.957827
vn -0.899407 0.180702 -0.398012
vn -0.899407 0.180702 -0.398012
vn -0.899407 0.180702 -0.398012
vn -0.213562 0.634580 -0.742765
vn -0.213562 0.634580 -0.742765
vn -0.213562 0.634580 -0.742765
vn -0.876942 0.107087 -0.468514
vn -0.876942 0.107087 -0.468514
vn -0.876942 0.107087 -0.468514
vn -0.992628 0.121202 0.000000
vn -0.992628 0.121202 0.000000
vn -0.992628 0.121202 0.000000
vn -0.992628 0.121202 0.000000
vn -0.992628 0.121202 0.000000
vn -0.992628 0.121202 0.000000
vn -0.863976 0.105493 0.492359
vn -0.863975 0.105493 0.492359
vn -0.863976 0.105493 0.492359
vn -0.863973 0.105493 0.492363
vn -0.863973 0.105493 0.492363
vn -0.863973 0.105493 0.492363
vn -0.243429 0.683425 -0.688238
vn -0.243429 0.683425 -0.688238
vn -0.243429 0.683425 -0.688238
vn -0.435732 0.556920 -0.707091
vn -0.435732 0.556920 -0.707091
vn -0.435732 0.556920 -0.707091
vn -0.000000 0.000000 -1.000000
vn -0.000000 0.000000 -1.000000
vn -0.000000 0.000000 -1.000000
vn -0.435732 0.556918 -0.707092
vn -0.435732 0.556918 -0.707093
vn -0.435732 0.556918 -0.707092
vn 0.000000 0.000000 -1.000000
vn 0.000000 0.000000 -1.000000
vn 0.000000 0.000000 -1.000000
vn 0.435715 -0.556900 -0.707117
vn 0.435715 -0.556900 -0.707117
vn 0.435715 -0.556900 -0.707117
vn -0.541721 0.465149 -0.700125
vn -0.541721 0.465149 -0.700125
vn -0.541721 0.465149 -0.700125
vn -0.583381 0.479745 -0.655371
vn -0.583381 0.479745 -0.655371
vn -0.583381 0.479745 -0.655371
vn -0.191018 -0.149453 -0.970142
vn -0.191018 -0.149453 -0.970142
vn -0.191018 -0.149453 -0.970142
vn 0.435717 -0.556895 -0.707120
vn 0.435717 -0.556895 -0.707120
vn 0.435717 -0.556895 -0.707120
vn 0.321137 -0.637700 -0.700150
vn 0.321137 -0.637700 -0.700150
vn 0.321137 -0.637700 -0.700150
vn -0.191018 -0.149451 -0.970143
vn -0.191018 -0.149451 -0.970143
vn -0.191018 -0.149451 -0.970143
vn 0.325284 -0.681653 -0.655392
vn 0.325284 -0.681653 -0.655392
vn 0.325284 -0.681653 -0.655392
vn -0.830394 0.274169 -0.485053
vn -0.830394 0.274169 -0.485053
vn -0.830394 0.274169 -0.485053
vn -0.556907 -0.435723 -0.707107
vn -0.556907 -0.435723 -0.707107
vn -0.556907 -0.435723 -0.707107
vn -0.556909 -0.435725 -0.707104
vn -0.556909 -0.435725 -0.707104
vn -0.556909 -0.435725 -0.707104
vn 0.066306 -0.871951 -0.485082
vn 0.066306 -0.871951 -0.485082
vn 0.066306 -0.871951 -0.485082
vn 0.066306 -0.871955 -0.485076
vn 0.066306 -0.871955 -0.485076
vn 0.066306 -0.871955 -0.485076
vn -0.830391 0.274164 -0.485062
vn -0.830391 0.274164 -0.485062
vn -0.830391 0.274164 -0.485062
vn 0.000000 0.000000 -1.000000
vn 0.000000 0.000000 -1.000000
vn 0.000000 0.000000 -1.000000
vn -0.435734 0.556920 -0.707090
vn -0.435734 0.556920 -0.707090
vn -0.435734 0.556920 -0.707090
vn 0.435719 -0.556902 -0.707113
vn 0.435719 -0.556902 -0.707113
vn 0.435719 -0.556902 -0.707113
vn 0.000000 0.000000 -1.000000
vn 0.000000 0.000000 -1.000000
vn 0.000000 0.000000 -1.000000
vn 0.435716 -0.556895 -0.707121
vn 0.435716 -0.556895 -0.707121
vn 0.435716 -0.556895 -0.707121
vn -0.435734 0.556918 -0.707091
vn -0.435734 0.556918 -0.707091
vn -0.435734 0.556918 -0.707091
vn -0.787585 -0.616206 0.000000
vn -0.787585 -0.616206 0.000000
vn -0.787585 -0.616206 0.000000
vn -0.787585 -0.616206 0.000000
vn -0.614999 -0.481176 0.624696
vn -0.615001 -0.481176 0.624694
vn -0.615001 -0.481176 0.624695
vn -0.615003 -0.481175 0.624693
vn -0.472551 -0.369722 -0.800000
vn -0.472551 -0.369725 -0.800000
vn -0.472551 -0.369724 -0.800000
vn -0.472549 -0.369730 -0.799998
vn 0.787584 0.616207 -0.000005
vn 0.787584 0.616207 -0.000005
vn 0.787584 0.616207 -0.000005
vn 0.787583 0.616208 0.000005
vn 0.787583 0.616208 0.000005
vn 0.787583 0.616208 0.000005
vn 0.863972 -0.105467 0.492372
vn 0.863972 -0.105467 0.492372
vn 0.863972 -0.105467 0.492372
vn 0.863970 -0.105467 0.492374
vn 0.863970 -0.105467 0.492374
vn 0.863970 -0.105467 0.492374
vn 0.992632 -0.121172 0.000000
vn 0.992631 -0.121172 0.000000
vn 0.992631 -0.121172 0.000000
vn 0.992632 -0.121166 0.000001
vn 0.992632 -0.121166 0.000001
vn 0.992632 -0.121166 0.000001
vn 0.876937 -0.107046 -0.468533
vn 0.876937 -0.107046 -0.468533
vn 0.876937 -0.107046 -0.468533
vn 0.899412 -0.180674 -0.398013
vn 0.899412 -0.180674 -0.398013
vn 0.899412 -0.180674 -0.398013
vn 0.655310 0.512715 -0.554700
vn 0.655310 0.512715 -0.554700
vn 0.655310 0.512715 -0.554700
vn 0.655310 0.512712 -0.554703
vn 0.655310 0.512712 -0.554703
vn 0.655310 0.512712 -0.554703
vn 0.243409 -0.683417 -0.688254
vn 0.243409 -0.683417 -0.688254
vn 0.243409 -0.683417 -0.688254
vn 0.213539 -0.634554 -0.742793
vn 0.213539 -0.634554 -0.742793
vn 0.213539 -0.634554 -0.742793
vn -0.226312 -0.177068 -0.957826
vn -0.226312 -0.177068 -0.957826
vn -0.226312 -0.177068 -0.957826
vn -0.226310 -0.177065 -0.957827
vn -0.226310 -0.177065 -0.957827
vn -0.226310 -0.177065 -0.957827
vn 0.040984 0.916467 -0.398005
vn 0.040984 0.916467 -0.398005
vn 0.040984 0.916467 -0.398005
vn -0.564557 0.359957 -0.742769
vn -0.564557 0.359957 -0.742769
vn -0.564557 0.359957 -0.742769
vn 0.107043 0.876945 -0.468519
vn 0.107043 0.876945 -0.468519
vn 0.107043 0.876945 -0.468519
vn 0.121164 0.992633 0.000000
vn 0.121164 0.992633 0.000000
vn 0.121164 0.992633 0.000000
vn 0.121163 0.992633 0.000000
vn 0.121163 0.992633 0.000000
vn 0.121163 0.992633 0.000000
vn 0.105461 0.863984 0.492351
vn 0.105461 0.863984 0.492351
vn 0.105461 0.863984 0.492351
vn 0.105460 0.863979 0.492360
vn 0.105460 0.863979 0.492360
vn 0.105460 0.863979 0.492360
vn -0.604791 0.400703 -0.688233
vn -0.604791 0.400703 -0.688233
vn -0.604791 0.400703 -0.688233
vn -0.435729 0.556916 -0.707096
vn -0.435729 0.556916 -0.707096
vn -0.435729 0.556916 -0.707096
vn 0.000000 0.000000 -1.000000
vn 0.000000 0.000000 -1.000000
vn 0.000000 0.000000 -1.000000
vn -0.435734 0.556920 -0.707089
vn -0.435734 0.556920 -0.707089
vn -0.435734 0.556920 -0.707089
vn -0.000000 0.000000 -1.000000
vn -0.000000 0.000000 -1.000000
vn -0.000000 0.000000 -1.000000
vn 0.435720 -0.556903 -0.707112
vn 0.435720 -0.556903 -0.707112
vn 0.435720 -0.556903 -0.707112
vn -0.321157 0.637717 -0.700125
vn -0.321157 0.637717 -0.700125
vn -0.321157 0.637717 -0.700125
vn -0.325302 0.681663 -0.655373
vn -0.325302 0.681663 -0.655373
vn -0.325302 0.681663 -0.655373
vn 0.191016 0.149452 -0.970143
vn 0.191016 0.149452 -0.970143
vn 0.191016 0.149452 -0.970143
vn 0.435717 -0.556896 -0.707120
vn 0.435717 -0.556896 -0.707120
vn 0.435717 -0.556895 -0.707120
vn 0.541707 -0.465127 -0.700150
vn 0.541707 -0.465127 -0.700150
vn 0.541707 -0.465127 -0.700150
vn 0.191018 0.149452 -0.970142
vn 0.191018 0.149452 -0.970142
vn 0.191018 0.149452 -0.970142
vn 0.583375 -0.479723 -0.655393
vn 0.583375 -0.479723 -0.655393
vn 0.583375 -0.479723 -0.655393
vn -0.066334 0.871962 -0.485059
vn -0.066334 0.871962 -0.485059
vn -0.066334 0.871962 -0.485059
vn 0.556910 0.435722 -0.707105
vn 0.556910 0.435722 -0.707105
vn 0.556910 0.435722 -0.707105
vn 0.556907 0.435728 -0.707104
vn 0.556907 0.435728 -0.707104
vn 0.556907 0.435728 -0.707104
vn 0.830391 -0.274134 -0.485079
vn 0.830391 -0.274134 -0.485079
vn 0.830391 -0.274134 -0.485079
vn 0.830389 -0.274138 -0.485080
vn 0.830389 -0.274138 -0.485080
vn 0.830389 -0.274139 -0.485080
vn -0.066334 0.871960 -0.485063
vn -0.066334 0.871960 -0.485063
vn -0.066334 0.871960 -0.485063
vn 0.000000 0.000000 -1.000000
vn 0.000000 0.000000 -1.000000
vn 0.000000 0.000000 -1.000000
vn -0.435731 0.556917 -0.707095
vn -0.435731 0.556917 -0.707095
vn -0.435731 0.556917 -0.707095
vn 0.435718 -0.556900 -0.707116
vn 0.435718 -0.556900 -0.707116
vn 0.435718 -0.556900 -0.707116
vn -0.000000 0.000000 -1.000000
vn -0.000000 0.000000 -1.000000
vn -0.000000 0.000000 -1.000000
vn 0.435716 -0.556901 -0.707116
vn 0.435716 -0.556901 -0.707116
vn 0.435716 -0.556901 -0.707116
vn -0.435732 0.556921 -0.707090
vn -0.435732 0.556921 -0.707090
vn -0.435732 0.556921 -0.707090
vn 0.787585 0.616206 0.000000
vn 0.787585 0.616206 0.000000
vn 0.787585 0.616206 0.000000
vn 0.787585 0.616206 0.000000
vn 0.615002 0.481175 0.624695
vn 0.615000 0.481175 0.624696
vn 0.615000 0.481175 0.624696
vn 0.614999 0.481175 0.624697
vn 0.472551 0.369722 -0.800001
vn 0.472551 0.369723 -0.800000
vn 0.472552 0.369724 -0.800000
vn 0.472553 0.369726 -0.799998
vn -0.439366 -0.343758 -0.829932
vn -0.690981 -0.540619 -0.479871
vn -0.439367 -0.343759 -0.829932
vn -0.690982 -0.540620 -0.479869
vn -0.191308 -0.149679 -0.970050
vn -0.094120 -0.073639 -0.992834
vn -0.751578 -0.588030 -0.298916
vn -0.751578 -0.588030 -0.298918
vn 0.439364 0.343757 -0.829934
vn 0.439367 0.343762 -0.829931
vn 0.690978 0.540623 -0.479871
vn 0.690980 0.540624 -0.479868
vn 0.191308 0.149677 -0.970051
vn 0.094119 0.073639 -0.992834
vn 0.751578 0.588035 -0.298908
vn 0.751579 0.588033 -0.298908
vn -0.000000 0.000000 -1.000000
vn -0.000000 0.000000 -1.000000
vn -0.000000 0.000000 -1.000000
vn 0.000000 0.000000 -1.000000
vn -0.000000 0.000000 -1.000000
vn -0.000000 -0.000000 -1.000000
vn -0.993104 0.117237 0.000000
vn -0.993104 0.117238 -0.000000
vn -0.997408 0.071960 -0.000000
vn -0.999580 0.028975 0.000000
vn -0.616206 0.787585 0.000000
vn -0.616208 0.787584 0.000000
vn -0.616196 0.787593 0.000000
vn -0.616203 0.787587 0.000000
vn -0.616195 0.787593 0.000001
vn -0.616209 0.787582 0.000002
vn -0.439366 -0.343758 0.829932
vn -0.439368 -0.343759 0.829931
vn -0.690980 -0.540620 0.479871
vn -0.690981 -0.540621 0.479868
vn -0.191307 -0.149678 0.970051
vn -0.094119 -0.073639 0.992834
vn -0.751577 -0.588032 0.298914
vn -0.751577 -0.588033 0.298914
vn -0.993104 0.117238 -0.000000
vn -0.616206 0.787585 0.000000
vn -0.616209 0.787583 -0.000002
vn -0.616190 0.787598 -0.000001
vn -0.999580 0.028975 -0.000002
vn 0.439364 0.343757 0.829934
vn 0.690977 0.540624 0.479872
vn 0.439366 0.343760 0.829932
vn 0.690980 0.540624 0.479867
vn 0.191308 0.149677 0.970051
vn 0.094119 0.073638 0.992834
vn 0.751576 0.588036 0.298909
vn 0.751579 0.588033 0.298908
vn 0.125130 0.992140 0.000000
vn 0.125129 0.992141 0.000000
vn 0.170115 0.985424 0.000000
vn 0.212359 0.977192 0.000000
vn -0.616213 0.787579 0.000001
vn -0.616207 0.787585 0.000000
vn -0.616216 0.787577 -0.000001
vn -0.616201 0.787589 0.000000
vn 0.125128 0.992141 0.000000
vn -0.616202 0.787588 0.000000
vn -0.616216 0.787577 0.000002
vn 0.212359 0.977192 0.000000
vn 0.000000 0.000000 1.000000
vn 0.000001 0.000000 1.000000
vn -0.000000 0.000000 1.000000
vn -0.000000 0.000000 1.000000
vn 0.000001 0.000000 1.000000
vn -0.000000 -0.000000 1.000000
vn 0.000000 0.000000 1.000000
vn 0.000000 0.000000 1.000000
vn 0.000000 0.000000 1.000000
vn -0.000000 0.000000 1.000000
vn -0.228421 -0.222343 0.947833
vn -0.222487 -0.227409 0.948043
vn -0.177748 -0.242858 0.953638
vn -0.126081 -0.245034 0.961281
vn 0.000000 0.000000 1.000000
vn -0.056906 -0.228157 0.971960
vn -0.081376 -0.238878 0.967634
vn -0.175214 -0.138960 0.974674
vn -0.174508 -0.138279 0.974898
vn -0.166049 -0.127630 0.977823
vn -0.166799 -0.126949 0.977784
vn 0.000000 0.000000 1.000000
vn 0.000000 0.000000 1.000000
vn 0.000000 0.000000 1.000000
vn 0.000000 0.000000 1.000000
vn 0.000000 0.000000 1.000000
vn -0.000000 0.000000 1.000000
vn -0.152938 -0.129009 0.979779
vn -0.043238 -0.223634 0.973714
vn -0.046201 -0.222492 0.973839
vn 0.000000 0.000000 1.000000
vn 0.787586 0.616205 0.000000
vn 0.787586 0.616205 0.000000
vn 0.787585 0.616205 0.000000
vn 0.787586 0.616205 0.000000
vn 0.986789 0.162013 0.000000
vn 0.986789 0.162012 0.000000
vn 0.986789 0.162013 0.000000
vn 0.986789 0.162012 0.000000
vn 0.737875 0.674937 0.000000
vn 0.729909 0.683545 0.000000
vn 0.737876 0.674936 0.000008
vn 0.729909 0.683544 0.000000
vn 0.685323 0.728239 0.000000
vn 0.685322 0.728240 0.000000
vn 0.685323 0.728240 0.000000
vn 0.685322 0.728240 0.000000
vn 0.692555 0.721365 0.000000
vn 0.692555 0.721365 0.000000
vn 0.692555 0.721365 0.000000
vn -0.174176 -0.140100 0.974697
vn -0.184320 -0.159868 0.969777
vn -0.192187 -0.168333 0.966813
vn -0.205466 -0.183410 0.961324
vn -0.192430 -0.168599 0.966719
vn -0.205004 -0.182640 0.961569
vn 0.000000 0.000000 1.000000
vn 0.000000 0.000000 1.000000
vn 0.000000 0.000000 1.000000
vn 0.000000 0.000000 1.000000
vn 0.747903 0.663808 0.000150
vn 0.748035 0.663659 0.000147
vn 0.762911 0.646503 -0.000279
vn 0.762911 0.646503 -0.000288
vn 0.774676 0.632359 0.000000
vn 0.774146 0.633007 0.000115
vn 0.774676 0.632359 0.000003
vn 0.774131 0.633026 0.000112
vn -0.200943 -0.169821 0.964771
vn -0.202163 -0.171029 0.964303
vn 0.000000 0.000000 1.000000
vn -0.000000 0.000000 1.000000
vn -0.000000 0.000000 -1.000000
vn -0.000000 0.000000 -1.000000
vn -0.000000 0.000000 -1.000000
vn -0.000000 0.000000 -1.000000
vn -0.126081 -0.245034 -0.961281
vn -0.222487 -0.227409 -0.948043
vn -0.177748 -0.242858 -0.953638
vn -0.228421 -0.222343 -0.947833
vn -0.000000 0.000000 -1.000000
vn -0.056906 -0.228157 -0.971960
vn -0.081376 -0.238878 -0.967634
vn -0.166799 -0.126949 -0.977784
vn -0.174508 -0.138279 -0.974898
vn -0.166049 -0.127630 -0.977823
vn -0.175214 -0.138960 -0.974674
vn -0.000000 0.000000 -1.000000
vn -0.000000 0.000000 -1.000000
vn -0.000000 0.000000 -1.000000
vn 0.000000 0.000000 -1.000000
vn 0.000000 0.000000 -1.000000
vn 0.000000 0.000000 -1.000000
vn -0.152938 -0.129009 -0.979779
vn -0.043238 -0.223634 -0.973714
vn -0.046201 -0.222492 -0.973839
vn 0.000000 0.000000 -1.000000
vn 0.787586 0.616205 0.000000
vn 0.787586 0.616205 0.000000
vn 0.787585 0.616205 0.000000
vn 0.787586 0.616205 0.000000
vn 0.986789 0.162013 0.000000
vn 0.986789 0.162013 0.000000
vn 0.986789 0.162012 0.000000
vn 0.986789 0.162012 0.000000
vn 0.737875 0.674937 0.000000
vn 0.737876 0.674937 -0.000008
vn 0.729909 0.683545 0.000000
vn 0.729909 0.683545 0.000000
vn 0.685323 0.728239 0.000000
vn 0.685323 0.728239 0.000000
vn 0.685322 0.728240 0.000000
vn 0.685322 0.728240 0.000000
vn 0.692555 0.721365 0.000000
vn 0.692555 0.721365 0.000000
vn 0.692555 0.721365 0.000000
vn -0.174176 -0.140100 -0.974697
vn -0.184320 -0.159868 -0.969777
vn -0.192187 -0.168333 -0.966813
vn -0.192430 -0.168599 -0.966719
vn -0.205466 -0.183410 -0.961324
vn -0.205004 -0.182640 -0.961570
vn -0.000000 0.000000 -1.000000
vn -0.000000 0.000000 -1.000000
vn 0.000000 0.000000 -1.000000
vn 0.000000 0.000000 -1.000000
vn 0.762911 0.646503 0.000288
vn 0.748035 0.663659 -0.000147
vn 0.762911 0.646503 0.000280
vn 0.747903 0.663808 -0.000150
vn 0.774675 0.632359 0.000000
vn 0.774675 0.632359 -0.000003
vn 0.774146 0.633007 -0.000115
vn 0.774131 0.633026 -0.000112
vn -0.200942 -0.169821 -0.964771
vn -0.202162 -0.171029 -0.964303
vn 0.000000 0.000000 -1.000000
vn 0.000000 0.000000 -1.000000
vn -0.000000 0.000000 1.000000
vn -0.000000 0.000000 1.000000
vn -0.000000 0.000000 1.000000
vn -0.000002 0.000000 1.000000
vn 0.000000 0.000000 1.000000
vn 0.000000 0.000000 1.000000
vn 0.000001 0.000000 1.000000
vn 0.000000 0.000000 1.000000
vn 0.000000 0.000000 1.000000
vn 0.000000 0.000000 1.000000
vn 0.000000 0.000000 1.000000
vn 0.000001 0.000000 1.000000
vn -0.000001 0.000000 1.000000
vn 0.000000 0.000000 1.000000
vn -0.000001 0.000000 1.000000
vn -0.057746 -0.744470 0.665154
vn -0.051043 -0.753023 0.656012
vn -0.046952 -0.758162 0.650374
vn -0.044979 -0.760619 0.647639
vn 0.633623 -0.007141 0.773609
vn 0.651319 -0.036454 0.757928
vn 0.650845 -0.035649 0.758373
vn 0.658477 -0.048751 0.751020
vn -0.001929 -0.851012 0.525143
vn -0.047323 -0.899820 0.433687
vn -0.020340 -0.872120 0.488869
vn -0.055141 -0.907119 0.417247
vn 0.842074 -0.056808 0.536362
vn 0.830051 -0.068671 0.553443
vn 0.809580 -0.087784 0.580409
vn 0.797985 -0.098077 0.594643
vn -0.655094 -0.512544 0.555114
vn -0.655094 -0.512544 0.555113
vn -0.655095 -0.512544 0.555111
vn -0.655095 -0.512545 0.555111
vn 0.534245 0.417993 0.734754
vn 0.534245 0.417993 0.734755
vn 0.534240 0.417987 0.734762
vn 0.534239 0.417987 0.734762
vn -0.595036 -0.476139 0.647475
vn -0.595658 -0.476882 0.646356
vn -0.602333 -0.484889 0.634096
vn -0.602848 -0.485509 0.633131
vn 0.566548 0.452685 0.688549
vn 0.558461 0.448322 0.697946
vn 0.565770 0.452267 0.689463
vn 0.557977 0.448060 0.698501
vn -0.719121 -0.549333 -0.425557
vn -0.727062 -0.547401 -0.414407
vn -0.411595 -0.312581 -0.856086
vn -0.419008 -0.312718 -0.852432
vn -0.002660 0.003564 -0.999990
vn -0.003520 0.003793 -0.999987
vn 0.406219 0.325689 -0.853764
vn 0.401971 0.325872 -0.855702
vn 0.703449 0.559826 -0.437897
vn 0.700397 0.563536 -0.438030
vn -0.432938 -0.306436 -0.847739
vn -0.451895 -0.295242 -0.841798
vn -0.005227 0.005453 -0.999972
vn -0.007241 0.007248 -0.999948
vn -0.740828 -0.531430 -0.410801
vn -0.757334 -0.504362 -0.414806
vn 0.416118 0.324433 -0.849464
vn 0.429665 0.317872 -0.845190
vn 0.716044 0.551760 -0.427600
vn 0.738546 0.537402 -0.407123
vn -0.448045 -0.277790 -0.849758
vn -0.000121 0.013080 -0.999915
vn -0.762972 -0.481975 -0.430783
vn 0.454240 0.327206 -0.828615
vn 0.756916 0.536998 -0.372440
vn -0.719121 -0.549333 0.425556
vn -0.411595 -0.312581 0.856085
vn -0.727062 -0.547401 0.414407
vn -0.419008 -0.312718 0.852432
vn -0.002660 0.003564 0.999990
vn -0.003520 0.003793 0.999987
vn 0.401972 0.325872 0.855702
vn 0.406219 0.325688 0.853764
vn 0.700397 0.563536 0.438030
vn 0.703449 0.559826 0.437898
vn -0.432938 -0.306436 0.847739
vn -0.005227 0.005453 0.999972
vn -0.451894 -0.295242 0.841798
vn -0.007241 0.007248 0.999947
vn -0.740828 -0.531429 0.410801
vn -0.757334 -0.504362 0.414807
vn 0.416117 0.324433 0.849464
vn 0.716044 0.551760 0.427600
vn 0.429666 0.317872 0.845189
vn 0.738547 0.537402 0.407121
vn -0.448045 -0.277790 0.849758
vn -0.000121 0.013080 0.999915
vn -0.762972 -0.481975 0.430783
vn 0.454241 0.327206 0.828614
vn 0.756917 0.536998 0.372438
vn -0.826568 -0.562836 0.000000
vn -0.826568 -0.562836 0.000000
vn -0.826568 -0.562836 0.000000
vn -0.826568 -0.562837 0.000000
vn -0.826568 -0.562837 0.000000
vn -0.826568 -0.562837 0.000000
vn -0.982458 0.186482 0.000000
vn -0.982458 0.186482 0.000000
vn -0.982458 0.186482 0.000000
vn -0.982458 0.186487 0.000000
vn -0.982458 0.186487 0.000000
vn -0.982458 0.186487 0.000000
vn -0.562832 0.826571 0.000000
vn -0.562832 0.826571 0.000000
vn -0.562832 0.826571 0.000000
vn -0.653742 -0.445151 -0.611933
vn -0.653742 -0.445151 -0.611933
vn -0.653742 -0.445151 -0.611933
vn -0.653740 -0.445151 -0.611935
vn -0.653740 -0.445151 -0.611935
vn -0.653740 -0.445151 -0.611935
vn -0.662783 0.125802 -0.738168
vn -0.662783 0.125802 -0.738168
vn -0.662783 0.125802 -0.738168
vn -0.662778 0.125805 -0.738173
vn -0.662778 0.125805 -0.738173
vn -0.662778 0.125805 -0.738173
vn -0.562837 0.826568 0.000000
vn -0.562837 0.826568 0.000000
vn -0.562837 0.826568 0.000000
vn -0.445141 0.653728 -0.611955
vn -0.445141 0.653728 -0.611955
vn -0.445141 0.653728 -0.611955
vn 0.000000 0.000000 -1.000000
vn 0.000000 0.000000 -1.000000
vn 0.000000 0.000000 -1.000000
vn -0.445142 0.653730 -0.611953
vn -0.445142 0.653730 -0.611953
vn -0.445142 0.653730 -0.611953
vn 0.000000 0.000000 -1.000000
vn 0.000000 0.000000 -1.000000
vn 0.000000 0.000000 -1.000000
vn 0.000000 0.000000 -1.000000
vn 0.000000 0.000000 -1.000000
vn 0.000000 0.000000 -1.000000
vn -0.000001 0.000000 -1.000000
vn -0.000001 0.000000 -1.000000
vn -0.000001 0.000000 -1.000000
vn 0.000001 0.000000 -1.000000
vn 0.000001 0.000000 -1.000000
vn 0.000001 0.000000 -1.000000
vn 0.445149 -0.653737 -0.611940
vn 0.445146 -0.653737 -0.611942
vn 0.445143 -0.653737 -0.611944
vn 0.445140 -0.653737 -0.611946
vn 0.861895 -0.163599 -0.479972
vn 0.861892 -0.163603 -0.479976
vn 0.861893 -0.163601 -0.479974
vn 0.861891 -0.163604 -0.479976
vn 0.000001 0.000000 -1.000000
vn 0.000001 0.000000 -1.000000
vn 0.000001 0.000000 -1.000000
vn 0.653739 0.445149 -0.611938
vn 0.653746 0.445150 -0.611929
vn 0.653741 0.445149 -0.611936
vn 0.653748 0.445150 -0.611928
vn 0.826569 0.562836 0.000000
vn 0.826569 0.562836 0.000000
vn 0.826569 0.562836 0.000000
vn 0.826568 0.562838 0.000000
vn 0.826568 0.562838 0.000000
vn 0.826568 0.562838 0.000000
vn 0.186494 0.982456 0.000000
vn 0.186494 0.982456 0.000000
vn 0.186494 0.982456 0.000000
vn 0.186492 0.982456 0.000000
vn 0.186492 0.982456 0.000000
vn 0.186492 0.982456 0.000000
vn -0.562838 0.826568 0.000000
vn -0.562838 0.826568 0.000000
vn -0.562838 0.826568 0.000000
vn 0.653738 0.445153 -0.611936
vn 0.653738 0.445153 -0.611936
vn 0.653738 0.445153 -0.611936
vn 0.653740 0.445151 -0.611935
vn 0.653740 0.445151 -0.611935
vn 0.653740 0.445151 -0.611935
vn 0.125811 0.662777 -0.738172
vn 0.125811 0.662777 -0.738172
vn 0.125811 0.662777 -0.738172
vn 0.125811 0.662780 -0.738170
vn 0.125811 0.662780 -0.738169
vn 0.125811 0.662780 -0.738170
vn -0.562835 0.826569 0.000000
vn -0.562835 0.826569 0.000000
vn -0.562835 0.826569 0.000000
vn -0.445151 0.653739 -0.611936
vn -0.445151 0.653739 -0.611936
vn -0.445151 0.653739 -0.611936
vn 0.000000 -0.000000 -1.000000
vn 0.000000 -0.000000 -1.000000
vn 0.000000 -0.000000 -1.000000
vn -0.445149 0.653721 -0.611957
vn -0.445149 0.653721 -0.611957
vn -0.445149 0.653721 -0.611957
vn 0.000000 0.000000 -1.000000
vn 0.000000 0.000000 -1.000000
vn 0.000000 0.000000 -1.000000
vn -0.000000 0.000000 -1.000000
vn -0.000000 0.000000 -1.000000
vn -0.000000 0.000000 -1.000000
vn 0.000000 0.000000 -1.000000
vn 0.000000 0.000000 -1.000000
vn 0.000000 0.000000 -1.000000
vn -0.000001 -0.000000 -1.000000
vn -0.000001 -0.000000 -1.000000
vn -0.000001 -0.000000 -1.000000
vn -0.000001 -0.000000 -1.000000
vn -0.000001 -0.000000 -1.000000
vn -0.000001 -0.000000 -1.000000
vn 0.445139 -0.653719 -0.611966
vn 0.445142 -0.653728 -0.611955
vn 0.445140 -0.653723 -0.611961
vn 0.445143 -0.653732 -0.611950
vn -0.163591 -0.861884 -0.479994
vn -0.163594 -0.861890 -0.479981
vn -0.163598 -0.861896 -0.479970
vn -0.163599 -0.861898 -0.479966
vn -0.653738 -0.445149 -0.611939
vn -0.653739 -0.445150 -0.611938
vn -0.653743 -0.445150 -0.611933
vn -0.653744 -0.445150 -0.611931
vn -0.653737 -0.445151 -0.611939
vn -0.653736 -0.445150 -0.611939
vn -0.653736 -0.445148 -0.611941
vn -0.653736 -0.445147 -0.611942
vn 0.445110 0.303085 -0.842625
vn 0.445111 0.303088 -0.842623
vn 0.445110 0.303086 -0.842624
vn 0.445112 0.303091 -0.842622
vn 0.000001 0.000000 -1.000000
vn 0.000001 0.000000 -1.000000
vn 0.000000 0.000000 -1.000000
vn 0.000000 0.000000 -1.000000
vn 0.000000 0.000000 -1.000000
vn 0.000000 0.000000 -1.000000
vn 0.000000 0.000000 -1.000000
vn 0.000000 0.000000 -1.000000
vn 0.000000 0.000000 -1.000000
vn -0.000000 0.000000 -1.000000
vn -0.000000 0.000000 -1.000000
vn -0.000000 0.000000 -1.000000
vn 0.000001 0.000000 -1.000000
vn 0.000000 0.000000 -1.000000
vn -0.000000 0.000000 -1.000000
vn -0.000000 0.000000 -1.000000
vn -0.000001 0.000000 -1.000000
vn -0.000000 0.000000 -1.000000
vn -0.000001 0.000000 -1.000000
vn 0.000000 0.000000 -1.000000
vn -0.826569 -0.562835 0.000000
vn -0.826570 -0.562834 0.000001
vn -0.826570 -0.562834 0.000002
vn -0.826571 -0.562833 0.000003
vn 0.653734 0.445151 -0.611942
vn 0.653739 0.445150 -0.611937
vn 0.653736 0.445151 -0.611940
vn 0.653741 0.445150 -0.611935
vn -0.445105 -0.303090 -0.842625
vn -0.445106 -0.303088 -0.842626
vn -0.445107 -0.303085 -0.842626
vn -0.445107 -0.303084 -0.842627
vn -0.000000 0.000000 -1.000000
vn 0.000000 0.000000 -1.000000
vn 0.000000 0.000000 -1.000000
vn 0.000001 0.000000 -1.000000
vn 0.000001 0.000000 -1.000000
vn 0.000000 0.000000 -1.000000
vn 0.000000 0.000000 -1.000000
vn -0.000000 0.000000 -1.000000
vn -0.000000 0.000000 -1.000000
vn -0.000000 0.000000 -1.000000
vn -0.000000 0.000000 -1.000000
vn 0.000000 0.000000 -1.000000
vn -0.000000 0.000000 -1.000000
vn -0.000001 0.000000 -1.000000
vn 0.826567 0.562838 0.000000
vn 0.826569 0.562836 0.000000
vn 0.826568 0.562837 0.000000
vn 0.826569 0.562835 0.000000
vn -0.826568 -0.562837 0.000000
vn -0.826568 -0.562837 0.000000
vn -0.826568 -0.562837 0.000000
vn -0.826568 -0.562836 0.000000
vn -0.826568 -0.562836 0.000000
vn -0.826568 -0.562836 0.000000
vn -0.982458 0.186482 0.000000
vn -0.982458 0.186482 0.000000
vn -0.982458 0.186482 0.000000
vn -0.982458 0.186487 0.000000
vn -0.982457 0.186487 0.000000
vn -0.982458 0.186487 0.000000
vn -0.562832 0.826571 0.000000
vn -0.562832 0.826571 0.000000
vn -0.562832 0.826571 0.000000
vn -0.653743 -0.445152 0.611932
vn -0.653743 -0.445152 0.611931
vn -0.653743 -0.445152 0.611932
vn -0.653739 -0.445151 0.611936
vn -0.653739 -0.445151 0.611936
vn -0.653739 -0.445151 0.611936
vn -0.662782 0.125803 0.738169
vn -0.662782 0.125803 0.738169
vn -0.662782 0.125803 0.738169
vn -0.662778 0.125805 0.738173
vn -0.662778 0.125805 0.738173
vn -0.662778 0.125805 0.738173
vn -0.562835 0.826569 0.000000
vn -0.562835 0.826569 0.000000
vn -0.562835 0.826569 0.000000
vn -0.445141 0.653731 0.611952
vn -0.445141 0.653731 0.611952
vn -0.445141 0.653731 0.611952
vn 0.000000 0.000000 1.000000
vn 0.000000 0.000000 1.000000
vn 0.000000 0.000000 1.000000
vn -0.445143 0.653731 0.611950
vn -0.445143 0.653731 0.611950
vn -0.445143 0.653731 0.611950
vn 0.000000 0.000000 1.000000
vn 0.000000 0.000000 1.000000
vn 0.000000 0.000000 1.000000
vn -0.000000 0.000000 1.000000
vn -0.000000 0.000000 1.000000
vn -0.000000 0.000000 1.000000
vn 0.000000 0.000000 1.000000
vn 0.000000 0.000000 1.000000
vn 0.000000 0.000000 1.000000
vn 0.000000 0.000000 1.000000
vn 0.000000 0.000000 1.000000
vn 0.000000 0.000000 1.000000
vn 0.445148 -0.653740 0.611937
vn 0.445142 -0.653738 0.611943
vn 0.445145 -0.653739 0.611940
vn 0.445139 -0.653738 0.611946
vn 0.861893 -0.163600 0.479975
vn 0.861892 -0.163601 0.479975
vn 0.861892 -0.163603 0.479975
vn 0.861892 -0.163603 0.479975
vn 0.000000 0.000000 1.000000
vn 0.000000 0.000000 1.000000
vn 0.000000 0.000000 1.000000
vn 0.653739 0.445149 0.611938
vn 0.653740 0.445149 0.611937
vn 0.653742 0.445151 0.611933
vn 0.653742 0.445151 0.611932
vn 0.826569 0.562836 0.000000
vn 0.826569 0.562836 0.000000
vn 0.826569 0.562836 0.000000
vn 0.826567 0.562838 0.000000
vn 0.826567 0.562838 0.000000
vn 0.826567 0.562838 0.000000
vn 0.186494 0.982456 0.000000
vn 0.186494 0.982456 0.000000
vn 0.186494 0.982456 0.000000
vn 0.186493 0.982456 0.000000
vn 0.186493 0.982456 0.000000
vn 0.186493 0.982456 0.000000
vn -0.562835 0.826569 0.000000
vn -0.562835 0.826569 0.000000
vn -0.562835 0.826569 0.000000
vn 0.653738 0.445152 0.611937
vn 0.653738 0.445152 0.611937
vn 0.653738 0.445152 0.611937
vn 0.653740 0.445151 0.611935
vn 0.653740 0.445151 0.611935
vn 0.653740 0.445151 0.611935
vn 0.125812 0.662778 0.738172
vn 0.125812 0.662778 0.738172
vn 0.125812 0.662778 0.738172
vn 0.125811 0.662781 0.738168
vn 0.125811 0.662781 0.738168
vn 0.125811 0.662781 0.738168
vn -0.562838 0.826567 0.000000
vn -0.562838 0.826567 0.000000
vn -0.562838 0.826567 0.000000
vn -0.445151 0.653738 0.611937
vn -0.445151 0.653738 0.611937
vn -0.445151 0.653738 0.611937
vn 0.000000 0.000000 1.000000
vn 0.000000 0.000000 1.000000
vn 0.000000 0.000000 1.000000
vn -0.445149 0.653723 0.611954
vn -0.445150 0.653724 0.611954
vn -0.445149 0.653723 0.611954
vn -0.000001 0.000000 1.000000
vn -0.000001 0.000000 1.000000
vn -0.000001 0.000000 1.000000
vn 0.000000 0.000000 1.000000
vn 0.000000 0.000000 1.000000
vn 0.000000 0.000000 1.000000
vn -0.000002 0.000000 1.000000
vn -0.000002 0.000000 1.000000
vn -0.000002 0.000000 1.000000
vn 0.000001 0.000000 1.000000
vn 0.000001 0.000000 1.000000
vn 0.000001 0.000000 1.000000
vn 0.000000 0.000000 1.000000
vn 0.000000 0.000000 1.000000
vn 0.000000 0.000000 1.000000
vn 0.445138 -0.653724 0.611962
vn 0.445140 -0.653724 0.611960
vn 0.445142 -0.653724 0.611959
vn 0.445144 -0.653725 0.611957
vn -0.163591 -0.861886 0.479990
vn -0.163599 -0.861902 0.479959
vn -0.163595 -0.861894 0.479974
vn -0.163600 -0.861904 0.479954
vn -0.653732 -0.445148 0.611946
vn -0.653740 -0.445147 0.611938
vn -0.653733 -0.445148 0.611945
vn -0.653742 -0.445147 0.611936
vn 0.562834 -0.826570 0.000000
vn 0.562833 -0.826570 0.000000
vn 0.562834 -0.826570 0.000000
vn 0.562832 -0.826571 0.000000
vn 0.562834 -0.826570 0.000000
vn 0.562834 -0.826570 0.000000
vn 0.562834 -0.826570 0.000000
vn 0.562832 -0.826571 0.000000
vn 0.562838 -0.826567 -0.000007
vn 0.562840 -0.826566 -0.000005
vn 0.562838 -0.826567 -0.000007
vn 0.562844 -0.826563 0.000000
vn 0.562837 -0.826568 0.000000
vn 0.562838 -0.826567 0.000000
vn 0.562839 -0.826567 0.000000
vn 0.562843 -0.826564 0.000000
vn 0.562835 -0.826569 0.000000
vn 0.562835 -0.826569 0.000000
vn 0.562835 -0.826569 0.000000
vn 0.562835 -0.826570 0.000000
vn 0.562835 -0.826569 0.000000
vn 0.562835 -0.826570 0.000000
vn 0.562835 -0.826570 0.000000
vn 0.562834 -0.826570 0.000000
vn 0.562836 -0.826569 0.000000
vn 0.562838 -0.826567 0.000000
vn 0.562838 -0.826567 0.000000
vn 0.562840 -0.826566 0.000000
vn 0.562836 -0.826569 0.000000
vn 0.562838 -0.826567 0.000000
vn 0.562838 -0.826567 0.000000
vn 0.562840 -0.826566 0.000000
vn 0.562832 -0.826571 0.000000
vn 0.562832 -0.826571 0.000000
vn 0.562832 -0.826571 0.000000
vn 0.562832 -0.826571 0.000000
vn 0.982455 -0.186500 0.000000
vn 0.982455 -0.186498 0.000000
vn 0.982456 -0.186493 0.000000
vn 0.982457 -0.186491 0.000000
vn 0.826571 0.562832 0.000000
vn 0.826570 0.562834 0.000000
vn 0.826570 0.562834 0.000000
vn 0.826569 0.562835 0.000000
vn 0.562832 -0.826571 0.000000
vn 0.562832 -0.826571 0.000000
vn 0.562832 -0.826571 0.000000
vn 0.562832 -0.826571 0.000000
vn 0.982457 -0.186491 0.000000
vn 0.982457 -0.186491 0.000000
vn 0.982457 -0.186491 0.000000
vn 0.982457 -0.186491 0.000000
vn 0.826569 0.562835 0.000000
vn 0.826570 0.562834 0.000000
vn 0.826570 0.562834 0.000000
vn 0.826571 0.562832 0.000000
vn 0.562836 -0.826568 0.000000
vn 0.562834 -0.826570 0.000000
vn 0.562830 -0.826573 0.000000
vn 0.562828 -0.826574 0.000000
vn -0.186478 -0.982459 0.000000
vn -0.186478 -0.982459 0.000000
vn -0.186478 -0.982459 0.000000
vn -0.186478 -0.982459 0.000000
vn -0.826568 -0.562837 0.000000
vn -0.826569 -0.562836 0.000000
vn -0.826569 -0.562836 0.000000
vn -0.826570 -0.562835 0.000000
vn 0.562832 -0.826571 0.000000
vn 0.562832 -0.826571 0.000000
vn 0.562832 -0.826571 0.000000
vn 0.562832 -0.826571 0.000000
vn -0.186480 -0.982459 0.000000
vn -0.186479 -0.982459 0.000000
vn -0.186477 -0.982459 0.000000
vn -0.186476 -0.982459 0.000000
vn -0.826570 -0.562834 0.000000
vn -0.826569 -0.562836 0.000000
vn -0.826569 -0.562836 0.000000
vn -0.826568 -0.562837 0.000000
vn -0.993128 0.117036 0.000000
vn -0.993129 0.117027 0.000000
vn -0.993128 0.117034 0.000000
vn -0.993129 0.117025 0.000000
vn -0.562839 0.826566 0.000000
vn -0.562848 0.826560 0.000000
vn -0.562842 0.826565 0.000000
vn -0.562850 0.826559 0.000000
vn 0.562843 -0.826564 0.000000
vn 0.562843 -0.826564 0.000000
vn 0.562843 -0.826564 0.000000
vn 0.562843 -0.826564 0.000000
vn 0.991684 0.128698 0.000000
vn 0.991683 0.128702 0.000000
vn 0.991683 0.128705 0.000000
vn 0.991683 0.128707 0.000000
vn 0.562833 -0.826571 0.000000
vn 0.562832 -0.826571 0.000000
vn 0.562833 -0.826571 0.000000
vn 0.562832 -0.826571 0.000000
vn -0.562820 0.826580 -0.000002
vn -0.562819 0.826581 -0.000001
vn -0.562816 0.826582 -0.000000
vn -0.562816 0.826583 0.000000
vn -0.935353 0.353716 0.000002
vn -0.935359 0.353701 0.000001
vn -0.935354 0.353713 0.000002
vn -0.935360 0.353696 0.000000
vn -0.826569 -0.562836 0.000000
vn -0.826568 -0.562837 0.000000
vn -0.826568 -0.562837 0.000000
vn -0.826567 -0.562839 0.000000
vn 0.562818 -0.826581 0.000000
vn 0.562820 -0.826579 0.000000
vn 0.562819 -0.826581 0.000000
vn 0.562821 -0.826579 0.000000
vn -0.562845 0.826563 0.000000
vn -0.562841 0.826566 0.000006
vn -0.562843 0.826564 0.000002
vn -0.562840 0.826566 0.000008
vn 0.183404 -0.983038 0.000000
vn 0.183404 -0.983038 0.000000
vn 0.183404 -0.983038 0.000000
vn 0.183404 -0.983038 0.000000
vn -0.653736 -0.445151 0.611939
vn -0.653739 -0.445148 0.611938
vn -0.653737 -0.445150 0.611939
vn -0.653740 -0.445147 0.611938
vn 0.445110 0.303088 0.842624
vn 0.445110 0.303087 0.842624
vn 0.445110 0.303087 0.842624
vn 0.445110 0.303087 0.842624
vn 0.000000 0.000000 1.000000
vn 0.000000 0.000000 1.000000
vn 0.000000 0.000000 1.000000
vn 0.000000 0.000000 1.000000
vn 0.000000 0.000000 1.000000
vn 0.000000 0.000000 1.000000
vn 0.000000 0.000000 1.000000
vn 0.000001 0.000000 1.000000
vn 0.000001 0.000000 1.000000
vn 0.000000 0.000000 1.000000
vn 0.000000 0.000000 1.000000
vn 0.000000 0.000000 1.000000
vn -0.000001 0.000000 1.000000
vn 0.000001 0.000000 1.000000
vn -0.000001 0.000000 1.000000
vn 0.000001 0.000000 1.000000
vn 0.000000 0.000000 1.000000
vn -0.000000 0.000000 1.000000
vn -0.000001 0.000000 1.000000
vn -0.000002 0.000000 1.000000
vn -0.826570 -0.562833 0.000000
vn -0.826569 -0.562835 0.000000
vn -0.826570 -0.562834 0.000000
vn -0.826569 -0.562836 0.000000
vn -0.993129 0.117025 0.000000
vn -0.993129 0.117025 0.000000
vn -0.993129 0.117025 0.000000
vn -0.993129 0.117025 0.000000
vn -0.562839 0.826566 0.000000
vn -0.562841 0.826566 0.000000
vn -0.562844 0.826563 0.000000
vn -0.562845 0.826563 0.000000
vn 0.562837 -0.826568 0.000000
vn 0.562838 -0.826568 0.000000
vn 0.562842 -0.826565 0.000000
vn 0.562843 -0.826564 0.000000
vn 0.991683 0.128709 0.000000
vn 0.991683 0.128702 0.000000
vn 0.991683 0.128706 0.000000
vn 0.991684 0.128698 0.000000
vn 0.562832 -0.826571 0.000000
vn 0.562832 -0.826571 0.000000
vn 0.562832 -0.826571 0.000000
vn 0.562832 -0.826571 0.000000
vn -0.562807 0.826589 0.000000
vn -0.562810 0.826586 0.000000
vn -0.562807 0.826588 0.000000
vn -0.562812 0.826585 0.000000
vn -0.935354 0.353714 -0.000002
vn -0.935355 0.353711 -0.000002
vn -0.935359 0.353701 -0.000001
vn -0.935360 0.353696 0.000000
vn -0.826569 -0.562836 0.000000
vn -0.826569 -0.562836 0.000000
vn -0.826569 -0.562836 0.000000
vn -0.826569 -0.562836 0.000000
vn 0.562813 -0.826584 0.000000
vn 0.562814 -0.826584 0.000000
vn 0.562819 -0.826580 0.000000
vn 0.562821 -0.826579 0.000000
vn -0.562844 0.826563 0.000000
vn -0.562843 0.826564 -0.000002
vn -0.562841 0.826566 -0.000006
vn -0.562839 0.826566 -0.000008
vn 0.183407 -0.983037 0.000000
vn 0.183406 -0.983037 0.000000
vn 0.183403 -0.983038 0.000000
vn 0.183402 -0.983038 0.000000
vn 0.653738 0.445154 0.611935
vn 0.653738 0.445152 0.611936
vn 0.653738 0.445150 0.611938
vn 0.653738 0.445148 0.611939
vn -0.445111 -0.303087 0.842624
vn -0.445106 -0.303086 0.842627
vn -0.445109 -0.303087 0.842625
vn -0.445102 -0.303085 0.842629
vn -0.000000 0.000000 1.000000
vn -0.000001 0.000000 1.000000
vn -0.000000 0.000000 1.000000
vn 0.000000 0.000000 1.000000
vn 0.000001 0.000000 1.000000
vn 0.000000 0.000000 1.000000
vn 0.000000 0.000000 1.000000
vn -0.000000 0.000000 1.000000
vn 0.000000 0.000000 1.000000
vn 0.000000 0.000000 1.000000
vn 0.000000 0.000000 1.000000
vn 0.000000 0.000000 1.000000
vn 0.000002 0.000000 1.000000
vn -0.000003 0.000000 1.000000
vn 0.826567 0.562838 -0.000004
vn 0.826568 0.562837 -0.000003
vn 0.826569 0.562836 -0.000002
vn 0.826570 0.562835 -0.000001
vn 0.255039 0.966931 0.000000
vn 0.255039 0.966931 0.000000
vn 0.255039 0.966931 0.000000
vn 0.255039 0.966931 0.000000
vn -0.562839 0.826566 0.000000
vn -0.562848 0.826560 0.000000
vn -0.562842 0.826565 0.000000
vn -0.562850 0.826559 0.000000
vn 0.562852 -0.826557 0.000000
vn 0.562852 -0.826558 0.000000
vn 0.562852 -0.826558 0.000000
vn 0.562852 -0.826558 0.000000
vn -0.483136 -0.875546 0.000000
vn -0.483136 -0.875546 0.000000
vn -0.483136 -0.875546 0.000000
vn -0.483136 -0.875546 0.000000
vn 0.562839 -0.826567 0.000000
vn 0.562839 -0.826567 0.000000
vn 0.562839 -0.826567 0.000000
vn 0.562839 -0.826567 0.000000
vn -0.562864 0.826550 0.000011
vn -0.562859 0.826553 0.000008
vn -0.562848 0.826560 0.000001
vn -0.562847 0.826561 0.000000
vn 0.013628 0.999907 0.000000
vn 0.013628 0.999907 0.000000
vn 0.013628 0.999907 0.000000
vn 0.013628 0.999907 0.000000
vn 0.826568 0.562837 0.000000
vn 0.826568 0.562837 0.000000
vn 0.826568 0.562837 0.000000
vn 0.826568 0.562837 0.000000
vn 0.562840 -0.826566 0.000000
vn 0.562845 -0.826563 0.000003
vn 0.562841 -0.826565 0.000000
vn 0.562847 -0.826561 0.000004
vn -0.562826 0.826575 0.000000
vn -0.562826 0.826575 0.000000
vn -0.562826 0.826575 0.000000
vn -0.562826 0.826575 0.000000
vn 0.847438 -0.530895 0.000000
vn 0.847438 -0.530895 0.000000
vn 0.847438 -0.530895 0.000000
vn 0.847438 -0.530895 0.000000
vn 0.255039 0.966931 0.000000
vn 0.255039 0.966931 0.000000
vn 0.255039 0.966931 0.000000
vn 0.255039 0.966931 0.000000
vn -0.562839 0.826566 0.000000
vn -0.562840 0.826566 0.000000
vn -0.562844 0.826564 0.000000
vn -0.562845 0.826563 0.000000
vn 0.562846 -0.826562 0.000000
vn 0.562848 -0.826560 0.000000
vn 0.562856 -0.826555 0.000000
vn 0.562859 -0.826553 0.000000
vn -0.483135 -0.875546 0.000000
vn -0.483135 -0.875546 0.000000
vn -0.483135 -0.875546 0.000000
vn -0.483136 -0.875546 0.000000
vn 0.562838 -0.826567 0.000000
vn 0.562838 -0.826567 0.000000
vn 0.562838 -0.826567 0.000000
vn 0.562838 -0.826567 0.000000
vn -0.562856 0.826555 0.000000
vn -0.562861 0.826551 0.000000
vn -0.562857 0.826555 0.000000
vn -0.562864 0.826550 0.000000
vn 0.013628 0.999907 0.000002
vn 0.013628 0.999907 0.000002
vn 0.013628 0.999907 0.000001
vn 0.013628 0.999907 0.000000
vn 0.826566 0.562840 0.000000
vn 0.826568 0.562837 0.000000
vn 0.826568 0.562836 0.000000
vn 0.826570 0.562834 0.000000
vn 0.562852 -0.826558 0.000000
vn 0.562851 -0.826558 0.000000
vn 0.562848 -0.826560 0.000000
vn 0.562847 -0.826561 0.000000
vn -0.562826 0.826575 0.000000
vn -0.562826 0.826575 -0.000001
vn -0.562826 0.826575 -0.000003
vn -0.562827 0.826575 -0.000004
vn 0.847432 -0.530904 0.000000
vn 0.847434 -0.530901 0.000000
vn 0.847441 -0.530889 0.000000
vn 0.847443 -0.530886 0.000000
vn 0.248722 0.248722 0.936096
vn 0.248722 0.248722 0.936096
vn 0.248722 0.248722 0.936096
vn 0.153151 -0.051050 0.986883
vn 0.255859 0.085290 0.962944
vn 0.063960 0.191880 0.979332
vn 0.085290 -0.255859 0.962944
vn 0.255859 0.085290 0.962944
vn 0.153151 -0.051050 0.986883
vn -0.063960 -0.191880 0.979332
vn 0.085290 -0.255859 0.962944
vn 0.153151 -0.051050 0.986883
vn -0.255849 -0.085290 0.962947
vn 0.085290 -0.255859 0.962944
vn -0.063960 -0.191880 0.979332
vn -0.153151 0.051050 0.986883
vn -0.255849 -0.085290 0.962947
vn -0.063960 -0.191880 0.979332
vn -0.085280 0.255859 0.962945
vn -0.255849 -0.085290 0.962947
vn -0.153151 0.051050 0.986883
vn 0.063960 0.191880 0.979332
vn -0.085280 0.255859 0.962945
vn -0.153151 0.051050 0.986883
vn -0.153151 0.051050 0.986883
vn -0.063960 -0.191880 0.979332
vn 0.153151 -0.051050 0.986883
vn 0.063960 0.191880 0.979332
vn -0.153151 0.051050 0.986883
vn 0.153151 -0.051050 0.986883
vn 0.063960 0.191880 -0.979332
vn -0.085280 0.255859 -0.962945
vn 0.255859 0.085290 -0.962944
vn 0.153151 -0.051050 -0.986883
vn 0.063960 0.191880 -0.979332
vn 0.255859 0.085290 -0.962944
vn 0.153151 -0.051050 -0.986883
vn 0.255859 0.085290 -0.962944
vn 0.085290 -0.255859 -0.962944
vn -0.063960 -0.191880 -0.979332
vn 0.153151 -0.051050 -0.986883
vn 0.085290 -0.255859 -0.962944
vn -0.063960 -0.191880 -0.979332
vn 0.085290 -0.255859 -0.962944
vn -0.255849 -0.085290 -0.962947
vn -0.153151 0.051050 -0.986883
vn -0.063960 -0.191880 -0.979332
vn -0.255849 -0.085290 -0.962947
vn -0.153151 0.051050 -0.986883
vn -0.255849 -0.085290 -0.962947
vn -0.085280 0.255859 -0.962945
vn 0.063960 0.191880 -0.979332
vn -0.153151 0.051050 -0.986883
vn -0.085280 0.255859 -0.962945
vn 0.153151 -0.051050 -0.986883
vn -0.063960 -0.191880 -0.979332
vn -0.153151 0.051050 -0.986883
vn 0.063960 0.191880 -0.979332
vn 0.153151 -0.051050 -0.986883
vn -0.153151 0.051050 -0.986883
s 1
g item_blade
f 585/803/766 584/839/767 561/804/768
f 561/804/768 584/839/767 583/805/769
s 2
f 561/804/770 562/808/771 560/806/772
f 560/806/772 562/808/771 563/807/773
f 562/808/771 564/810/774 563/807/773
f 563/807/773 564/810/774 565/809/775
f 564/810/774 566/812/776 565/809/775
f 565/809/775 566/812/776 567/811/777
f 566/812/776 568/814/778 567/811/777
f 567/811/777 568/814/778 569/813/779
f 568/814/778 571/816/780 569/813/779
f 569/813/779 571/816/780 570/815/781
s 3
f 573/817/782 574/820/783 572/818/784
f 572/818/784 574/820/783 575/819/785
f 576/822/786 577/821/787 574/820/783
f 574/820/783 577/821/787 575/819/785
f 578/824/788 579/823/789 576/822/786
f 576/822/786 579/823/789 577/821/787
f 578/824/788 580/826/790 579/823/789
f 579/823/789 580/826/790 581/825/791
f 583/805/792 582/827/793 580/826/790
f 580/826/790 582/827/793 581/825/791
s 6
f 562/808/794 561/804/795 580/826/796
f 580/826/796 561/804/795 583/805/797
f 580/826/796 578/824/798 562/808/794
f 562/808/794 578/824/798 564/810/799
f 578/824/798 576/822/800 564/810/799
f 564/810/799 576/822/800 566/812/801
f 574/820/802 568/814/803 576/822/800
f 576/822/800 568/814/803 566/812/801
f 574/820/802 573/817/804 568/814/803
f 568/814/803 573/817/804 571/816/805
s 8
f 563/807/806 550/828/807 560/806/808
f 560/806/808 550/828/807 549/842/809
f 565/809/810 551/830/811 563/807/806
f 563/807/806 551/830/811 550/828/807
f 567/811/812 552/831/813 565/809/810
f 565/809/810 552/831/813 551/830/811
f 569/813/814 553/832/815 567/811/812
f 567/811/812 553/832/815 552/831/813
f 570/815/816 554/840/817 569/813/814
f 569/813/814 554/840/817 553/832/815
s 12
f 575/819/818 556/833/819 572/818/820
f 572/818/820 556/833/819 555/834/821
f 577/821/822 557/835/823 575/819/818
f 575/819/818 557/835/823 556/833/819
f 579/823/824 558/836/825 577/821/822
f 577/821/822 558/836/825 557/835/823
f 581/825/826 559/837/827 579/823/824
f 579/823/824 559/837/827 558/836/825
f 582/827/828 548/838/829 581/825/826
f 581/825/826 548/838/829 559/837/827
s 16
f 548/841/830 582/827/831 584/839/832
f 584/839/832 582/827/831 583/805/833
s 1
f 549/829/834 585/803/766 560/806/835
f 560/806/835 585/803/766 561/804/768
s 17
f 585/843/836 587/844/837 584/846/838
f 584/846/838 587/844/837 609/845/839
s 18
f 587/844/840 586/847/841 588/849/842
f 588/849/842 586/847/841 589/848/843
f 588/849/842 589/848/843 590/851/844
f 590/851/844 589/848/843 591/850/845
f 590/851/844 591/850/845 592/853/846
f 592/853/846 591/850/845 593/852/847
f 592/853/846 593/852/847 594/855/848
f 594/855/848 593/852/847 595/854/849
f 594/855/848 595/854/849 597/857/850
f 597/857/850 595/854/849 596/856/851
s 19
f 599/858/852 598/859/853 600/861/854
f 600/861/854 598/859/853 601/860/855
f 601/860/855 603/862/856 600/861/854
f 600/861/854 603/862/856 602/863/857
f 603/862/856 605/864/858 602/863/857
f 602/863/857 605/864/858 604/865/859
f 604/865/859 605/864/858 606/867/860
f 606/867/860 605/864/858 607/866/861
f 607/866/861 608/868/862 606/867/860
f 606/867/860 608/868/862 609/845/863
s 20
f 609/845/864 587/844/865 606/867/866
f 606/867/866 587/844/865 588/849/867
f 606/867/866 588/849/867 604/865/868
f 604/865/868 588/849/867 590/851/869
f 604/865/868 590/851/869 602/863/870
f 602/863/870 590/851/869 592/853/871
f 592/853/871 594/855/872 602/863/870
f 602/863/870 594/855/872 600/861/873
f 600/861/873 594/855/872 599/858/874
f 599/858/874 594/855/872 597/857/875
s 21
f 589/848/876 586/847/877 550/870/878
f 550/870/878 586/847/877 549/869/879
f 591/850/880 589/848/876 551/871/881
f 551/871/881 589/848/876 550/870/878
f 593/852/882 591/850/880 552/872/883
f 552/872/883 591/850/880 551/871/881
f 595/854/884 593/852/882 553/873/885
f 553/873/885 593/852/882 552/872/883
f 596/856/886 595/854/884 554/874/887
f 554/874/887 595/854/884 553/873/885
s 22
f 601/860/888 598/859/889 556/876/890
f 556/876/890 598/859/889 555/875/891
f 603/862/892 601/860/888 557/877/893
f 557/877/893 601/860/888 556/876/890
f 605/864/894 603/862/892 558/878/895
f 558/878/895 603/862/892 557/877/893
f 607/866/896 605/864/894 559/879/897
f 559/879/897 605/864/894 558/878/895
f 608/868/898 607/866/896 548/880/899
f 548/880/899 607/866/896 559/879/897
s 23
f 609/845/900 608/868/901 584/846/902
f 584/846/902 608/868/901 548/881/903
s 17
f 587/844/837 585/843/836 586/847/904
f 586/847/904 585/843/836 549/882/905
s 24
f 610/884/906 613/885/907 611/883/908
f 611/883/908 613/885/907 620/886/909
f 619/887/910 621/888/911 618/890/912
f 618/890/912 621/888/911 616/889/913
f 614/891/914 611/883/908 620/886/909
f 619/887/910 617/892/915 621/888/911
f 630/894/916 624/895/917 623/893/918
f 623/893/918 624/895/917 622/896/919
f 629/897/920 628/898/921 631/900/922
f 631/900/922 628/898/921 626/899/923
f 625/901/924 630/894/916 623/893/918
f 629/897/920 631/900/922 627/902/925
s 28
f 611/903/926 614/904/927 632/906/928
f 632/906/928 614/904/927 633/905/929
f 611/903/926 632/906/928 610/907/930
f 610/907/930 632/906/928 634/908/931
f 617/909/932 619/910/933 635/912/934
f 635/912/934 619/910/933 636/911/935
f 619/910/933 618/913/936 636/911/935
f 636/911/935 618/913/936 637/914/937
f 625/915/938 623/916/939 633/905/929
f 633/905/929 623/916/939 632/906/928
f 623/916/939 622/917/940 632/906/928
f 632/906/928 622/917/940 634/908/931
f 629/918/941 627/919/942 636/911/935
f 636/911/935 627/919/942 635/912/934
f 629/918/941 636/911/935 628/920/943
f 628/920/943 636/911/935 637/914/937
s 24
f 654/921/944 655/922/945 657/924/946
f 657/924/946 655/922/945 656/923/947
f 639/925/948 638/926/949 640/928/950
f 640/928/950 638/926/949 641/927/951
s 28
f 640/929/952 641/930/953 642/932/954
f 642/932/954 641/930/953 643/931/955
f 642/932/954 643/931/955 644/934/956
f 644/934/956 643/931/955 645/933/957
s 24
f 645/936/958 647/937/959 644/935/960
f 644/935/960 647/937/959 646/938/961
f 658/940/962 660/941/963 659/939/964
f 659/939/964 660/941/963 661/942/965
f 661/942/965 660/941/963 663/944/966
f 663/944/966 660/941/963 662/943/967
f 663/944/966 662/943/967 656/923/947
f 656/923/947 662/943/967 657/924/946
f 613/885/907 612/945/968 652/947/969
f 652/947/969 612/945/968 650/946/970
f 613/885/907 652/947/969 620/886/909
f 620/886/909 652/947/969 639/925/948
f 640/928/950 614/891/914 639/925/948
f 639/925/948 614/891/914 620/886/909
f 624/895/917 648/948/971 612/945/968
f 612/945/968 648/948/971 650/946/970
f 646/938/961 648/948/971 630/894/916
f 630/894/916 648/948/971 624/895/917
f 644/935/960 646/938/961 625/901/924
f 625/901/924 646/938/961 630/894/916
s 28
f 614/904/927 640/929/952 633/905/929
f 633/905/929 640/929/952 642/932/954
f 644/934/956 625/915/938 642/932/954
f 642/932/954 625/915/938 633/905/929
s 24
f 617/892/915 641/927/951 621/888/911
f 621/888/911 641/927/951 638/926/949
s 28
f 643/931/955 641/930/953 635/912/934
f 635/912/934 641/930/953 617/909/932
f 627/919/942 645/933/957 635/912/934
f 635/912/934 645/933/957 643/931/955
s 24
f 627/902/925 631/900/922 645/936/958
f 645/936/958 631/900/922 647/937/959
f 649/949/972 647/937/959 626/899/923
f 626/899/923 647/937/959 631/900/922
f 651/950/973 649/949/972 615/951/974
f 615/951/974 649/949/972 626/899/923
f 653/952/975 651/950/973 616/889/913
f 616/889/913 651/950/973 615/951/974
f 653/952/975 616/889/913 638/926/949
f 638/926/949 616/889/913 621/888/911
f 638/926/949 639/925/948 654/921/944
f 654/921/944 639/925/948 655/922/945
f 639/925/948 652/947/969 655/922/945
f 655/922/945 652/947/969 656/923/947
f 638/926/949 654/921/944 653/952/975
f 653/952/975 654/921/944 657/924/946
f 646/938/961 647/937/959 659/939/964
f 659/939/964 647/937/959 658/940/962
f 647/937/959 649/949/972 658/940/962
f 658/940/962 649/949/972 660/941/963
f 646/938/961 659/939/964 648/948/971
f 648/948/971 659/939/964 661/942/965
f 651/950/973 662/943/967 649/949/972
f 649/949/972 662/943/967 660/941/963
f 650/946/970 648/948/971 663/944/966
f 663/944/966 648/948/971 661/942/965
f 651/950/973 653/952/975 662/943/967
f 662/943/967 653/952/975 657/924/946
f 650/946/970 663/944/966 652/947/969
f 652/947/969 663/944/966 656/923/947
f 613/885/907 610/884/906 612/945/968
f 612/945/968 610/884/906 634/953/976
f 622/896/919 624/895/917 634/953/976
f 634/953/976 624/895/917 612/945/968
f 618/890/912 616/889/913 637/954/977
f 637/954/977 616/889/913 615/951/974
f 626/899/923 628/898/921 615/951/974
f 615/951/974 628/898/921 637/954/977
s 39
f 686/955/978 676/956/979 693/958/980
f 693/958/980 676/956/979 683/957/981
s 40
f 676/956/982 686/955/983 677/960/984
f 677/960/984 686/955/983 687/959/985
s 41
f 678/961/986 688/962/987 679/964/988
f 679/964/988 688/962/987 689/963/989
f 679/964/988 689/963/989 684/966/990
f 684/966/990 689/963/989 690/965/991
s 39
f 675/968/992 691/969/993 681/967/994
f 681/967/994 691/969/993 685/970/995
f 692/972/996 693/958/980 682/971/997
f 682/971/997 693/958/980 683/957/981
s 41
f 684/966/990 690/965/991 680/974/998
f 680/974/998 690/965/991 674/973/999
s 39
f 685/970/995 691/969/993 682/971/997
f 682/971/997 691/969/993 692/972/996
s 44
f 672/975/1000 673/976/1001 668/978/1002
f 668/978/1002 673/976/1001 669/977/1003
f 671/980/1004 670/981/1005 666/979/1006
f 666/979/1006 670/981/1005 667/982/1007
f 667/982/1007 670/981/1005 672/975/1000
f 672/975/1000 670/981/1005 673/976/1001
f 668/978/1002 669/977/1003 674/984/1008
f 674/984/1008 669/977/1003 675/983/1009
s 40
f 664/985/1010 665/986/1011 686/955/983
f 686/955/983 665/986/1011 687/959/985
s 41
f 666/987/1012 667/988/1013 688/962/987
f 688/962/987 667/988/1013 689/963/989
f 667/988/1013 672/989/1014 689/963/989
f 689/963/989 672/989/1014 690/965/991
s 39
f 673/991/1015 691/969/993 669/990/1016
f 669/990/1016 691/969/993 675/968/992
f 671/993/1017 693/958/980 670/992/1018
f 670/992/1018 693/958/980 692/972/996
f 686/955/978 693/958/980 664/985/1019
f 664/985/1019 693/958/980 671/993/1017
s 41
f 672/989/1014 668/994/1020 690/965/991
f 690/965/991 668/994/1020 674/973/999
s 39
f 673/991/1015 670/992/1018 691/969/993
f 691/969/993 670/992/1018 692/972/996
s 44
f 712/995/1021 708/996/1022 713/998/1023
f 713/998/1023 708/996/1022 709/997/1024
f 707/1000/1025 710/1001/1026 706/999/1027
f 706/999/1027 710/1001/1026 711/1002/1028
f 707/1000/1025 712/995/1021 710/1001/1026
f 710/1001/1026 712/995/1021 713/998/1023
f 708/996/1022 703/1003/1029 709/997/1024
f 709/997/1024 703/1003/1029 704/1004/1030
s 50
f 714/1005/1031 705/1006/1032 720/1008/1033
f 720/1008/1033 705/1006/1032 711/1007/1034
s 40
f 705/1006/1035 714/1005/1036 665/986/1011
f 665/986/1011 714/1005/1036 687/959/985
s 41
f 706/1009/1037 715/1010/1038 707/1012/1039
f 707/1012/1039 715/1010/1038 716/1011/1040
f 707/1012/1039 716/1011/1040 712/1014/1041
f 712/1014/1041 716/1011/1040 717/1013/1042
s 50
f 704/1016/1043 718/1017/1044 709/1015/1045
f 709/1015/1045 718/1017/1044 713/1018/1046
f 719/1020/1047 720/1008/1033 710/1019/1048
f 710/1019/1048 720/1008/1033 711/1007/1034
s 41
f 712/1014/1041 717/1013/1042 708/1022/1049
f 708/1022/1049 717/1013/1042 703/1021/1050
s 50
f 713/1018/1046 718/1017/1044 710/1019/1048
f 710/1019/1048 718/1017/1044 719/1020/1047
s 40
f 694/1023/1051 677/960/984 714/1005/1036
f 714/1005/1036 677/960/984 687/959/985
s 41
f 695/1024/1052 696/1025/1053 715/1010/1038
f 715/1010/1038 696/1025/1053 716/1011/1040
f 696/1025/1053 701/1026/1054 716/1011/1040
f 716/1011/1040 701/1026/1054 717/1013/1042
s 50
f 702/1028/1055 718/1017/1044 698/1027/1056
f 698/1027/1056 718/1017/1044 704/1016/1043
f 700/1030/1057 720/1008/1033 699/1029/1058
f 699/1029/1058 720/1008/1033 719/1020/1047
f 714/1005/1031 720/1008/1033 694/1023/1059
f 694/1023/1059 720/1008/1033 700/1030/1057
s 41
f 701/1026/1054 697/1031/1060 717/1013/1042
f 717/1013/1042 697/1031/1060 703/1021/1050
s 50
f 702/1028/1055 699/1029/1058 718/1017/1044
f 718/1017/1044 699/1029/1058 719/1020/1047
s 44
f 671/980/1004 666/979/1006 724/1033/1061
f 724/1033/1061 666/979/1006 723/1032/1062
s 41
f 666/987/1012 688/962/987 723/1035/1063
f 723/1035/1063 688/962/987 722/1034/1064
f 688/962/987 678/961/986 722/1034/1064
f 722/1034/1064 678/961/986 721/1036/1065
f 722/1034/1064 721/1036/1065 715/1010/1038
f 715/1010/1038 721/1036/1065 695/1024/1052
f 723/1035/1063 722/1034/1064 706/1009/1037
f 706/1009/1037 722/1034/1064 715/1010/1038
s 44
f 724/1033/1061 723/1032/1062 711/1002/1028
f 711/1002/1028 723/1032/1062 706/999/1027
f 711/1002/1028 705/1037/1066 724/1033/1061
f 724/1033/1061 705/1037/1066 665/1038/1067
f 665/1038/1067 664/1039/1068 724/1033/1061
f 724/1033/1061 664/1039/1068 671/980/1004
s 56
f 684/1040/1069 680/1041/1070 685/1043/1071
f 685/1043/1071 680/1041/1070 681/1042/1072
f 679/1045/1073 682/1046/1074 678/1044/1075
f 678/1044/1075 682/1046/1074 683/1047/1076
f 679/1045/1073 684/1040/1069 682/1046/1074
f 682/1046/1074 684/1040/1069 685/1043/1071
f 680/1041/1070 674/1048/1077 681/1042/1072
f 681/1042/1072 674/1048/1077 675/1049/1078
f 701/1050/1079 702/1051/1080 697/1053/1081
f 697/1053/1081 702/1051/1080 698/1052/1082
f 700/1055/1083 699/1056/1084 695/1054/1085
f 695/1054/1085 699/1056/1084 696/1057/1086
f 696/1057/1086 699/1056/1084 701/1050/1079
f 701/1050/1079 699/1056/1084 702/1051/1080
f 697/1053/1081 698/1052/1082 703/1059/1087
f 703/1059/1087 698/1052/1082 704/1058/1088
f 683/1047/1076 725/1060/1089 678/1044/1075
f 678/1044/1075 725/1060/1089 721/1061/1090
f 725/1060/1089 700/1055/1083 721/1061/1090
f 721/1061/1090 700/1055/1083 695/1054/1085
f 700/1055/1083 725/1060/1089 694/1063/1091
f 694/1063/1091 725/1060/1089 677/1062/1092
f 683/1047/1076 676/1064/1093 725/1060/1089
f 725/1060/1089 676/1064/1093 677/1062/1092
s 60
f 726/1066/1094 729/1067/1095 727/1065/1096
f 727/1065/1096 729/1067/1095 736/1068/1097
f 735/1069/1098 737/1070/1099 734/1072/1100
f 734/1072/1100 737/1070/1099 732/1071/1101
f 730/1073/1102 727/1065/1096 736/1068/1097
f 735/1069/1098 733/1074/1103 737/1070/1099
f 746/1076/1104 740/1077/1105 739/1075/1106
f 739/1075/1106 740/1077/1105 738/1078/1107
f 745/1079/1108 744/1080/1109 747/1082/1110
f 747/1082/1110 744/1080/1109 742/1081/1111
f 741/1083/1112 746/1076/1104 739/1075/1106
f 745/1079/1108 747/1082/1110 743/1084/1113
s 64
f 727/1085/1114 730/1086/1115 748/1088/1116
f 748/1088/1116 730/1086/1115 749/1087/1117
f 727/1085/1114 748/1088/1116 726/1089/1118
f 726/1089/1118 748/1088/1116 750/1090/1119
f 733/1091/1120 735/1092/1121 751/1094/1122
f 751/1094/1122 735/1092/1121 752/1093/1123
f 735/1092/1121 734/1095/1124 752/1093/1123
f 752/1093/1123 734/1095/1124 753/1096/1125
f 741/1097/1126 739/1098/1127 749/1087/1117
f 749/1087/1117 739/1098/1127 748/1088/1116
f 739/1098/1127 738/1099/1128 748/1088/1116
f 748/1088/1116 738/1099/1128 750/1090/1119
f 745/1100/1129 743/1101/1130 752/1093/1123
f 752/1093/1123 743/1101/1130 751/1094/1122
f 745/1100/1129 752/1093/1123 744/1102/1131
f 744/1102/1131 752/1093/1123 753/1096/1125
s 60
f 770/1103/1132 771/1104/1133 773/1106/1134
f 773/1106/1134 771/1104/1133 772/1105/1135
f 755/1107/1136 754/1108/1137 756/1110/1138
f 756/1110/1138 754/1108/1137 757/1109/1139
s 64
f 756/1111/1140 757/1112/1141 758/1114/1142
f 758/1114/1142 757/1112/1141 759/1113/1143
f 758/1114/1142 759/1113/1143 760/1116/1144
f 760/1116/1144 759/1113/1143 761/1115/1145
s 60
f 761/1118/1146 763/1119/1147 760/1117/1148
f 760/1117/1148 763/1119/1147 762/1120/1149
f 774/1122/1150 776/1123/1151 775/1121/1152
f 775/1121/1152 776/1123/1151 777/1124/1153
f 777/1124/1153 776/1123/1151 779/1126/1154
f 779/1126/1154 776/1123/1151 778/1125/1155
f 779/1126/1154 778/1125/1155 772/1105/1135
f 772/1105/1135 778/1125/1155 773/1106/1134
f 729/1067/1095 728/1127/1156 768/1129/1157
f 768/1129/1157 728/1127/1156 766/1128/1158
f 729/1067/1095 768/1129/1157 736/1068/1097
f 736/1068/1097 768/1129/1157 755/1107/1136
f 756/1110/1138 730/1073/1102 755/1107/1136
f 755/1107/1136 730/1073/1102 736/1068/1097
f 740/1077/1105 764/1130/1159 728/1127/1156
f 728/1127/1156 764/1130/1159 766/1128/1158
f 762/1120/1149 764/1130/1159 746/1076/1104
f 746/1076/1104 764/1130/1159 740/1077/1105
f 760/1117/1148 762/1120/1149 741/1083/1112
f 741/1083/1112 762/1120/1149 746/1076/1104
s 64
f 730/1086/1115 756/1111/1140 749/1087/1117
f 749/1087/1117 756/1111/1140 758/1114/1142
f 760/1116/1144 741/1097/1126 758/1114/1142
f 758/1114/1142 741/1097/1126 749/1087/1117
s 60
f 733/1074/1103 757/1109/1139 737/1070/1099
f 737/1070/1099 757/1109/1139 754/1108/1137
s 64
f 759/1113/1143 757/1112/1141 751/1094/1122
f 751/1094/1122 757/1112/1141 733/1091/1120
f 743/1101/1130 761/1115/1145 751/1094/1122
f 751/1094/1122 761/1115/1145 759/1113/1143
s 60
f 743/1084/1113 747/1082/1110 761/1118/1146
f 761/1118/1146 747/1082/1110 763/1119/1147
f 765/1131/1160 763/1119/1147 742/1081/1111
f 742/1081/1111 763/1119/1147 747/1082/1110
f 767/1132/1161 765/1131/1160 731/1133/1162
f 731/1133/1162 765/1131/1160 742/1081/1111
f 769/1134/1163 767/1132/1161 732/1071/1101
f 732/1071/1101 767/1132/1161 731/1133/1162
f 769/1134/1163 732/1071/1101 754/1108/1137
f 754/1108/1137 732/1071/1101 737/1070/1099
f 754/1108/1137 755/1107/1136 770/1103/1132
f 770/1103/1132 755/1107/1136 771/1104/1133
f 755/1107/1136 768/1129/1157 771/1104/1133
f 771/1104/1133 768/1129/1157 772/1105/1135
f 754/1108/1137 770/1103/1132 769/1134/1163
f 769/1134/1163 770/1103/1132 773/1106/1134
f 762/1120/1149 763/1119/1147 775/1121/1152
f 775/1121/1152 763/1119/1147 774/1122/1150
f 763/1119/1147 765/1131/1160 774/1122/1150
f 774/1122/1150 765/1131/1160 776/1123/1151
f 762/1120/1149 775/1121/1152 764/1130/1159
f 764/1130/1159 775/1121/1152 777/1124/1153
f 767/1132/1161 778/1125/1155 765/1131/1160
f 765/1131/1160 778/1125/1155 776/1123/1151
f 766/1128/1158 764/1130/1159 779/1126/1154
f 779/1126/1154 764/1130/1159 777/1124/1153
f 767/1132/1161 769/1134/1163 778/1125/1155
f 778/1125/1155 769/1134/1163 773/1106/1134
f 766/1128/1158 779/1126/1154 768/1129/1157
f 768/1129/1157 779/1126/1154 772/1105/1135
f 729/1067/1095 726/1066/1094 728/1127/1156
f 728/1127/1156 726/1066/1094 750/1135/1164
f 738/1078/1107 740/1077/1105 750/1135/1164
f 750/1135/1164 740/1077/1105 728/1127/1156
f 734/1072/1100 732/1071/1101 753/1136/1165
f 753/1136/1165 732/1071/1101 731/1133/1162
f 742/1081/1111 744/1080/1109 731/1133/1162
f 731/1133/1162 744/1080/1109 753/1136/1165
s 75
f 786/1138/1166 785/1139/1167 788/1137/1168
f 788/1137/1168 785/1139/1167 789/1140/1169
s 76
f 784/1141/1170 783/1142/1171 792/1144/1172
f 792/1144/1172 783/1142/1171 790/1143/1173
s 77
f 780/1145/1174 787/1146/1175 789/1140/1176
f 789/1140/1176 787/1146/1175 788/1137/1177
s 78
f 792/1144/1178 790/1143/1179 793/1148/1180
f 793/1148/1180 790/1143/1179 782/1147/1181
s 76
f 785/1139/1182 784/1141/1170 791/1149/1183
f 791/1149/1183 784/1141/1170 792/1144/1172
s 79
f 780/1145/1184 789/1140/1185 781/1150/1186
f 781/1150/1186 789/1140/1185 791/1149/1187
s 78
f 792/1144/1178 793/1148/1180 791/1149/1188
f 791/1149/1188 793/1148/1180 781/1150/1189
s off
f 789/1140/1190 785/1139/1191 791/1149/1192
s 80
f 781/1150/1193 795/1151/1194 780/1145/1195
f 780/1145/1195 795/1151/1194 794/1152/1196
s 81
f 793/1148/1197 796/1153/1198 781/1150/1199
f 781/1150/1199 796/1153/1198 795/1151/1200
s 82
f 780/1145/1201 794/1152/1202 787/1146/1203
f 787/1146/1203 794/1152/1202 797/1154/1204
s 81
f 782/1147/1205 798/1155/1206 793/1148/1197
f 793/1148/1197 798/1155/1206 796/1153/1198
s 83
f 797/1156/1207 799/1157/1208 787/1146/1209
f 787/1146/1209 799/1157/1208 788/1137/1210
s 84
f 809/1159/1211 805/1160/1212 808/1158/1213
f 808/1158/1213 805/1160/1212 806/1161/1214
s 85
f 804/1162/1215 812/1163/1216 803/1165/1217
f 803/1165/1217 812/1163/1216 810/1164/1218
s 86
f 800/1166/1219 809/1159/1220 807/1167/1221
f 807/1167/1221 809/1159/1220 808/1158/1222
s 87
f 812/1163/1223 813/1168/1224 810/1164/1225
f 810/1164/1225 813/1168/1224 802/1169/1226
s 85
f 805/1160/1227 811/1170/1228 804/1162/1215
f 804/1162/1215 811/1170/1228 812/1163/1216
s 88
f 800/1166/1229 801/1171/1230 809/1159/1231
f 809/1159/1231 801/1171/1230 811/1170/1232
s 87
f 801/1171/1233 813/1168/1224 811/1170/1234
f 811/1170/1234 813/1168/1224 812/1163/1223
s off
f 809/1159/1235 811/1170/1236 805/1160/1237
s 89
f 801/1171/1238 800/1166/1239 795/1173/1240
f 795/1173/1240 800/1166/1239 794/1172/1241
s 90
f 813/1168/1242 801/1171/1243 796/1174/1244
f 796/1174/1244 801/1171/1243 795/1173/1245
s 91
f 800/1166/1246 807/1167/1247 794/1172/1248
f 794/1172/1248 807/1167/1247 797/1175/1249
s 90
f 802/1169/1250 813/1168/1242 798/1176/1251
f 798/1176/1251 813/1168/1242 796/1174/1244
s 92
f 810/1177/1252 802/1178/1253 814/1180/1254
f 814/1180/1254 802/1178/1253 798/1179/1255
s 93
f 804/1181/1256 803/1182/1257 816/1184/1258
f 816/1184/1258 803/1182/1257 815/1183/1259
f 805/1185/1260 804/1181/1256 817/1186/1261
f 817/1186/1261 804/1181/1256 816/1184/1258
s 94
f 806/1187/1262 805/1185/1263 818/1188/1264
f 818/1188/1264 805/1185/1263 817/1186/1265
s 95
f 808/1158/1266 799/1189/1267 807/1167/1268
f 807/1167/1268 799/1189/1267 797/1190/1269
s 93
f 803/1182/1257 810/1177/1270 815/1183/1259
f 815/1183/1259 810/1177/1270 814/1180/1271
s 92
f 790/1192/1272 814/1180/1254 782/1191/1273
f 782/1191/1273 814/1180/1254 798/1179/1255
s 93
f 783/1193/1274 784/1194/1275 815/1183/1259
f 815/1183/1259 784/1194/1275 816/1184/1258
f 784/1194/1275 785/1195/1276 816/1184/1258
f 816/1184/1258 785/1195/1276 817/1186/1261
s 94
f 785/1195/1277 786/1196/1278 817/1186/1265
f 817/1186/1265 786/1196/1278 818/1188/1264
s 93
f 790/1192/1279 783/1193/1274 814/1180/1271
f 814/1180/1271 783/1193/1274 815/1183/1259
s 96
f 820/1197/1280 823/1198/1281 819/1200/1282
f 819/1200/1282 823/1198/1281 822/1199/1283
f 823/1198/1281 821/1201/1284 822/1199/1283
s 97
f 821/1201/1285 825/1202/1286 822/1199/1287
f 822/1199/1287 825/1202/1286 824/1203/1288
s 98
f 827/1204/1289 829/1205/1290 826/1207/1291
f 826/1207/1291 829/1205/1290 828/1206/1292
f 819/1208/1293 828/1206/1292 820/1209/1294
f 820/1209/1294 828/1206/1292 829/1205/1290
s 99
f 827/1210/1295 826/1211/1296 833/1213/1297
f 833/1213/1297 826/1211/1296 832/1212/1298
s 100
f 826/1207/1299 828/1206/1300 832/1215/1301
f 832/1215/1301 828/1206/1300 835/1214/1302
s 101
f 827/1204/1303 833/1216/1304 829/1205/1305
f 829/1205/1305 833/1216/1304 834/1217/1306
s 102
f 820/1209/1307 829/1205/1308 823/1218/1309
f 823/1218/1309 829/1205/1308 834/1217/1310
s 103
f 819/1208/1311 822/1219/1312 828/1206/1313
f 828/1206/1313 822/1219/1312 835/1214/1314
s 99
f 833/1213/1297 832/1212/1298 830/1220/1315
s 101
f 834/1217/1306 833/1216/1304 831/1222/1316
f 831/1222/1316 833/1216/1304 830/1221/1317
s 102
f 823/1218/1309 834/1217/1310 821/1223/1318
f 821/1223/1318 834/1217/1310 831/1222/1319
s 104
f 836/1224/1320 824/1225/1321 837/1227/1322
f 837/1227/1322 824/1225/1321 825/1226/1323
s 105
f 838/1228/1324 836/1224/1325 839/1229/1326
f 839/1229/1326 836/1224/1325 837/1227/1327
s 106
f 821/1223/1328 831/1222/1329 825/1226/1330
f 825/1226/1330 831/1222/1329 837/1227/1331
s 107
f 831/1222/1332 830/1221/1333 837/1227/1334
f 837/1227/1334 830/1221/1333 839/1229/1335
s 108
f 830/1220/1336 832/1212/1337 839/1231/1338
f 839/1231/1338 832/1212/1337 838/1230/1339
s off
f 840/1232/1340 841/1233/1341 848/1234/1342
s 109
f 847/1235/1343 842/1236/1344 846/1238/1345
f 846/1238/1345 842/1236/1344 843/1237/1346
s 110
f 843/1237/1347 844/1239/1348 846/1238/1349
f 846/1238/1349 844/1239/1348 845/1240/1350
s 111
f 848/1234/1351 841/1233/1352 847/1235/1353
f 847/1235/1353 841/1233/1352 842/1236/1354
s 112
f 849/1241/1355 850/1242/1356 840/1232/1357
f 840/1232/1357 850/1242/1356 841/1233/1358
s 113
f 848/1234/1359 851/1243/1360 840/1232/1361
f 840/1232/1361 851/1243/1360 849/1241/1362
s 114
f 842/1236/1363 852/1244/1364 843/1237/1365
f 843/1237/1365 852/1244/1364 854/1245/1366
s 115
f 855/1246/1367 853/1247/1368 846/1238/1369
f 846/1238/1369 853/1247/1368 847/1235/1370
s 116
f 854/1245/1371 856/1248/1372 843/1237/1373
f 843/1237/1373 856/1248/1372 844/1239/1374
s 117
f 857/1249/1375 855/1246/1376 845/1240/1377
f 845/1240/1377 855/1246/1376 846/1238/1378
s 118
f 850/1242/1379 852/1244/1380 841/1233/1381
f 841/1233/1381 852/1244/1380 842/1236/1382
s 119
f 847/1235/1383 853/1247/1384 848/1234/1385
f 848/1234/1385 853/1247/1384 851/1243/1386
s 120
f 863/1250/1387 862/1251/1388 865/1253/1389
f 865/1253/1389 862/1251/1388 864/1252/1390
f 859/1254/1391 863/1250/1387 866/1255/1392
f 868/1256/1393 860/1257/1394 876/1258/1395
f 870/1259/1396 866/1255/1392 869/1260/1397
f 866/1255/1392 870/1259/1396 871/1261/1398
f 866/1255/1392 871/1261/1398 872/1262/1399
f 866/1255/1392 872/1262/1399 859/1254/1391
f 874/1263/1400 875/1264/1401 876/1258/1395
f 874/1263/1400 876/1258/1395 873/1265/1402
f 876/1258/1395 860/1257/1394 858/1266/1403
f 873/1265/1402 876/1258/1395 877/1267/1404
f 877/1267/1404 876/1258/1395 858/1266/1403
f 877/1267/1404 858/1266/1403 878/1268/1405
f 879/1269/1406 878/1268/1405 858/1266/1403
f 872/1262/1399 880/1270/1407 859/1254/1391
f 880/1270/1407 881/1271/1408 859/1254/1391
f 881/1271/1408 882/1272/1409 859/1254/1391
f 883/1273/1410 879/1269/1406 858/1266/1403
f 882/1272/1409 884/1274/1411 859/1254/1391
f 885/1275/1412 883/1273/1410 858/1266/1403
f 886/1276/1413 861/1277/1414 862/1278/1388
f 859/1254/1391 888/1279/1415 863/1250/1387
f 863/1250/1387 887/1280/1416 862/1251/1388
f 862/1251/1388 887/1280/1416 886/1281/1413
f 861/1277/1414 886/1276/1413 889/1282/1417
f 887/1283/1416 893/1284/1418 892/1285/1419
f 887/1283/1416 888/1286/1415 893/1284/1418
f 892/1285/1419 893/1284/1418 894/1287/1420
f 895/1288/1421 893/1289/1418 888/1279/1415
f 895/1290/1421 894/1287/1420 893/1284/1418
f 888/1279/1415 896/1291/1422 895/1288/1421
f 896/1292/1422 894/1287/1420 895/1290/1421
f 888/1279/1415 897/1293/1423 896/1291/1422
f 896/1292/1422 899/1294/1424 894/1287/1420
f 894/1287/1420 900/1295/1425 898/1296/1426
f 894/1287/1420 899/1294/1424 900/1295/1425
f 888/1279/1415 859/1254/1391 897/1293/1423
f 897/1297/1423 901/1298/1427 896/1292/1422
f 901/1298/1427 899/1294/1424 896/1292/1422
f 899/1294/1424 902/1299/1428 900/1295/1425
f 899/1294/1424 901/1298/1427 902/1299/1428
f 900/1295/1425 903/1300/1429 898/1296/1426
f 900/1295/1425 902/1299/1428 903/1300/1429
f 903/1300/1429 904/1301/1430 898/1296/1426
f 904/1301/1430 891/1302/1431 898/1296/1426
f 904/1301/1430 905/1303/1432 891/1302/1431
f 905/1303/1432 890/1304/1433 891/1302/1431
f 904/1305/1430 906/1306/1434 905/1307/1432
f 906/1308/1434 890/1304/1433 905/1303/1432
f 904/1305/1430 903/1309/1429 906/1306/1434
f 890/1310/1433 906/1306/1434 860/1257/1394
f 906/1306/1434 858/1266/1403 860/1257/1394
f 903/1309/1429 907/1311/1435 906/1306/1434
f 903/1300/1429 902/1299/1428 907/1312/1435
f 907/1311/1435 858/1266/1403 906/1306/1434
f 902/1299/1428 908/1313/1436 907/1312/1435
f 902/1299/1428 901/1298/1427 908/1313/1436
f 907/1311/1435 909/1314/1437 858/1266/1403
f 907/1312/1435 908/1313/1436 909/1315/1437
f 901/1298/1427 910/1316/1438 908/1313/1436
f 901/1298/1427 897/1297/1423 910/1316/1438
f 908/1313/1436 911/1317/1439 909/1315/1437
f 911/1318/1439 858/1266/1403 909/1314/1437
f 908/1313/1436 912/1319/1440 911/1317/1439
f 908/1313/1436 910/1316/1438 912/1319/1440
f 897/1297/1423 913/1320/1441 910/1316/1438
f 897/1293/1423 859/1254/1391 913/1321/1441
f 913/1320/1441 914/1322/1442 910/1316/1438
f 913/1321/1441 859/1254/1391 914/1323/1442
f 910/1316/1438 915/1324/1443 912/1319/1440
f 910/1316/1438 914/1322/1442 915/1324/1443
f 916/1325/1444 911/1317/1439 912/1319/1440
f 915/1324/1443 917/1326/1445 912/1319/1440
f 917/1326/1445 916/1325/1444 912/1319/1440
f 914/1322/1442 918/1327/1446 915/1324/1443
f 918/1327/1446 917/1326/1445 915/1324/1443
f 914/1323/1442 859/1254/1391 918/1328/1446
f 916/1325/1444 919/1329/1447 911/1317/1439
f 919/1330/1447 858/1266/1403 911/1318/1439
f 917/1326/1445 920/1331/1448 916/1325/1444
f 920/1331/1448 919/1329/1447 916/1325/1444
f 918/1327/1446 921/1332/1449 917/1326/1445
f 921/1332/1449 920/1331/1448 917/1326/1445
f 918/1327/1446 922/1333/1450 921/1332/1449
f 918/1328/1446 859/1254/1391 922/1334/1450
f 923/1335/1451 919/1329/1447 920/1331/1448
f 923/1336/1451 858/1266/1403 919/1330/1447
f 894/1287/1420 898/1296/1426 892/1285/1419
f 892/1285/1419 898/1296/1426 891/1302/1431
f 890/1304/1433 887/1283/1416 891/1302/1431
f 891/1302/1431 887/1283/1416 892/1285/1419
f 887/1283/1416 890/1304/1433 886/1276/1413
f 886/1276/1413 890/1304/1433 889/1282/1417
f 928/1337/1452 926/1338/1453 925/1339/1454
f 927/1340/1455 926/1341/1453 929/1343/1456
f 929/1343/1456 926/1341/1453 928/1342/1452
f 859/1254/1391 927/1340/1455 930/1344/1457
f 925/1339/1454 931/1345/1458 928/1337/1452
f 932/1346/1459 924/1347/1460 948/1348/1461
f 929/1349/1456 934/1350/1462 935/1351/1463
f 929/1349/1456 935/1351/1463 930/1352/1457
f 934/1350/1462 936/1353/1464 935/1351/1463
f 937/1354/1465 930/1344/1457 935/1355/1463
f 937/1356/1465 935/1351/1463 936/1353/1464
f 930/1344/1457 937/1354/1465 938/1357/1466
f 938/1358/1466 937/1356/1465 936/1353/1464
f 930/1344/1457 938/1357/1466 939/1359/1467
f 938/1358/1466 936/1353/1464 941/1360/1468
f 936/1353/1464 940/1361/1469 942/1362/1470
f 936/1353/1464 942/1362/1470 941/1360/1468
f 930/1344/1457 939/1359/1467 859/1254/1391
f 939/1363/1467 938/1358/1466 943/1364/1471
f 943/1364/1471 938/1358/1466 941/1360/1468
f 941/1360/1468 942/1362/1470 944/1365/1472
f 941/1360/1468 944/1365/1472 943/1364/1471
f 942/1362/1470 940/1361/1469 945/1366/1473
f 942/1362/1470 945/1366/1473 944/1365/1472
f 945/1366/1473 940/1361/1469 946/1367/1474
f 946/1367/1474 940/1361/1469 933/1368/1475
f 946/1367/1474 933/1368/1475 947/1369/1476
f 947/1369/1476 933/1368/1475 932/1370/1459
f 946/1371/1474 947/1372/1476 948/1348/1461
f 948/1373/1461 947/1369/1476 932/1370/1459
f 946/1371/1474 948/1348/1461 945/1374/1473
f 948/1348/1461 924/1347/1460 858/1266/1403
f 945/1374/1473 948/1348/1461 949/1375/1477
f 945/1366/1473 949/1376/1477 944/1365/1472
f 949/1375/1477 948/1348/1461 858/1266/1403
f 944/1365/1472 949/1376/1477 950/1377/1478
f 944/1365/1472 950/1377/1478 943/1364/1471
f 949/1375/1477 858/1266/1403 951/1378/1479
f 949/1376/1477 951/1379/1479 950/1377/1478
f 943/1364/1471 950/1377/1478 952/1380/1480
f 943/1364/1471 952/1380/1480 939/1363/1467
f 950/1377/1478 951/1379/1479 953/1381/1481
f 953/1382/1481 951/1378/1479 858/1266/1403
f 950/1377/1478 953/1381/1481 954/1383/1482
f 950/1377/1478 954/1383/1482 952/1380/1480
f 939/1363/1467 952/1380/1480 955/1384/1483
f 939/1359/1467 955/1385/1483 859/1254/1391
f 955/1384/1483 952/1380/1480 956/1386/1484
f 955/1385/1483 956/1387/1484 859/1254/1391
f 952/1380/1480 954/1383/1482 957/1388/1485
f 952/1380/1480 957/1388/1485 956/1386/1484
f 958/1389/1486 954/1383/1482 953/1381/1481
f 957/1388/1485 954/1383/1482 959/1390/1487
f 959/1390/1487 954/1383/1482 958/1389/1486
f 956/1386/1484 957/1388/1485 960/1391/1488
f 960/1391/1488 957/1388/1485 959/1390/1487
f 956/1387/1484 960/1392/1488 859/1254/1391
f 958/1389/1486 953/1381/1481 961/1393/1489
f 961/1394/1489 953/1382/1481 858/1266/1403
f 959/1390/1487 958/1389/1486 920/1331/1448
f 920/1331/1448 958/1389/1486 961/1393/1489
f 960/1391/1488 959/1390/1487 921/1332/1449
f 921/1332/1449 959/1390/1487 920/1331/1448
f 960/1391/1488 921/1332/1449 922/1333/1450
f 960/1392/1488 922/1334/1450 859/1254/1391
f 923/1335/1451 920/1331/1448 961/1393/1489
f 923/1336/1451 961/1394/1489 858/1266/1403
f 936/1353/1464 934/1350/1462 940/1361/1469
f 940/1361/1469 934/1350/1462 933/1368/1475
f 932/1370/1459 933/1368/1475 929/1349/1456
f 929/1349/1456 933/1368/1475 934/1350/1462
f 929/1349/1456 928/1337/1452 932/1370/1459
f 932/1370/1459 928/1337/1452 931/1345/1458
f 859/1254/1391 964/1395/1490 927/1340/1455
f 927/1340/1455 963/1396/1491 926/1341/1453
f 926/1341/1453 963/1396/1491 962/1397/1492
f 968/1398/1493 967/1399/1494 964/1395/1490
f 964/1395/1490 969/1400/1495 968/1398/1493
f 964/1395/1490 970/1401/1496 969/1400/1495
f 964/1395/1490 859/1254/1391 970/1401/1496
f 972/1402/1497 974/1403/1498 973/1404/1499
f 972/1402/1497 971/1405/1500 974/1403/1498
f 966/1406/1501 974/1403/1498 924/1347/1460
f 974/1403/1498 858/1266/1403 924/1347/1460
f 971/1405/1500 975/1407/1502 974/1403/1498
f 975/1407/1502 858/1266/1403 974/1403/1498
f 975/1407/1502 976/1408/1503 858/1266/1403
f 977/1409/1504 858/1266/1403 976/1408/1503
f 970/1401/1496 859/1254/1391 978/1410/1505
f 978/1410/1505 859/1254/1391 979/1411/1506
f 979/1411/1506 859/1254/1391 980/1412/1507
f 981/1413/1508 858/1266/1403 977/1409/1504
f 980/1412/1507 859/1254/1391 884/1274/1411
f 885/1275/1412 858/1266/1403 981/1413/1508
f 867/1414/1509 861/1415/1414 868/1256/1393
f 868/1256/1393 861/1415/1414 860/1257/1394
f 860/1257/1394 861/1415/1414 890/1310/1433
f 890/1310/1433 861/1415/1414 889/1416/1417
f 863/1250/1387 865/1253/1389 866/1255/1392
f 863/1250/1387 888/1279/1415 887/1280/1416
f 927/1340/1455 929/1343/1456 930/1344/1457
f 927/1340/1455 964/1395/1490 963/1396/1491
f 931/1417/1458 925/1418/1454 932/1346/1459
f 932/1346/1459 925/1418/1454 924/1347/1460
f 924/1347/1460 925/1418/1454 966/1406/1501
f 966/1406/1501 925/1418/1454 965/1419/1510
s off
f 864/1420/1511 862/1421/1512 861/1422/1513
f 861/1422/1514 867/1423/1515 864/1420/1516
f 865/1424/1517 983/1425/1518 869/1426/1519
f 865/1424/1520 869/1426/1521 866/1427/1522
f 983/1425/1523 984/1428/1524 869/1426/1525
f 870/1429/1526 869/1426/1527 984/1428/1528
f 871/1430/1529 870/1429/1530 984/1428/1531
f 871/1430/1532 984/1428/1533 986/1431/1534
f 984/1428/1535 985/1432/1536 987/1433/1537
f 984/1428/1538 987/1433/1539 986/1431/1540
f 872/1434/1541 871/1430/1542 988/1435/1543
f 988/1435/1544 871/1430/1545 986/1431/1546
f 986/1431/1547 987/1433/1548 989/1436/1549
f 986/1431/1550 989/1436/1551 988/1435/1552
f 987/1433/1553 985/1432/1554 873/1437/1555
f 987/1433/1556 873/1437/1557 989/1436/1558
f 873/1437/1559 985/1432/1560 874/1438/1561
f 874/1438/1562 985/1432/1563 982/1439/1564
f 874/1438/1565 982/1439/1566 875/1440/1567
f 875/1440/1568 982/1439/1569 868/1441/1570
f 876/1442/1571 875/1440/1572 868/1441/1573
f 873/1437/1574 877/1443/1575 989/1436/1576
f 989/1436/1577 877/1443/1578 990/1444/1579
f 989/1436/1580 990/1444/1581 988/1435/1582
f 877/1443/1583 878/1445/1584 990/1444/1585
f 988/1435/1586 990/1444/1587 991/1446/1588
f 988/1435/1589 991/1446/1590 872/1434/1591
f 990/1444/1592 878/1445/1593 879/1447/1594
f 990/1444/1595 879/1447/1596 992/1448/1597
f 990/1444/1598 992/1448/1599 991/1446/1600
f 872/1434/1601 991/1446/1602 880/1449/1603
f 880/1449/1604 991/1446/1605 881/1450/1606
f 991/1446/1607 992/1448/1608 993/1451/1609
f 991/1446/1610 993/1451/1611 881/1450/1612
f 994/1452/1613 992/1448/1614 879/1447/1615
f 993/1451/1616 992/1448/1617 995/1453/1618
f 995/1453/1619 992/1448/1620 994/1452/1621
f 881/1450/1622 993/1451/1623 882/1454/1624
f 882/1454/1625 993/1451/1626 995/1453/1627
f 994/1452/1628 879/1447/1629 883/1455/1630
f 995/1453/1631 994/1452/1632 996/1456/1633
f 996/1456/1634 994/1452/1635 883/1455/1636
f 882/1454/1637 995/1453/1638 997/1457/1639
f 997/1457/1640 995/1453/1641 996/1456/1642
f 882/1454/1643 997/1457/1644 884/1458/1645
f 885/1459/1646 996/1456/1647 883/1455/1648
s 134
f 984/1428/1649 983/1425/1650 985/1432/1651
f 985/1432/1651 983/1425/1650 982/1439/1652
s 135
f 868/1441/1653 982/1439/1654 865/1424/1655
f 865/1424/1655 982/1439/1654 983/1425/1656
s 136
f 865/1424/1657 864/1420/1658 868/1441/1659
f 868/1441/1659 864/1420/1658 867/1423/1660
s off
f 962/1460/1661 925/1461/1662 926/1462/1663
f 925/1461/1664 962/1460/1665 965/1463/1666
f 963/1464/1667 967/1465/1668 999/1466/1669
f 963/1464/1670 964/1467/1671 967/1465/1672
f 999/1466/1673 967/1465/1674 1000/1468/1675
f 968/1469/1676 1000/1468/1677 967/1465/1678
f 969/1470/1679 1000/1468/1680 968/1469/1681
f 969/1470/1682 1002/1471/1683 1000/1468/1684
f 1000/1468/1685 1003/1472/1686 1001/1473/1687
f 1000/1468/1688 1002/1471/1689 1003/1472/1690
f 970/1474/1691 1004/1475/1692 969/1470/1693
f 1004/1475/1694 1002/1471/1695 969/1470/1696
f 1002/1471/1697 1005/1476/1698 1003/1472/1699
f 1002/1471/1700 1004/1475/1701 1005/1476/1702
f 1003/1472/1703 971/1477/1704 1001/1473/1705
f 1003/1472/1706 1005/1476/1707 971/1477/1708
f 971/1477/1709 972/1478/1710 1001/1473/1711
f 972/1478/1712 998/1479/1713 1001/1473/1714
f 972/1478/1715 973/1480/1716 998/1479/1717
f 973/1480/1718 966/1481/1719 998/1479/1720
f 974/1482/1721 966/1481/1722 973/1480/1723
f 971/1477/1724 1005/1476/1725 975/1483/1726
f 1005/1476/1727 1006/1484/1728 975/1483/1729
f 1005/1476/1730 1004/1475/1731 1006/1484/1732
f 975/1483/1733 1006/1484/1734 976/1485/1735
f 1004/1475/1736 1007/1486/1737 1006/1484/1738
f 1004/1475/1739 970/1474/1740 1007/1486/1741
f 1006/1484/1742 977/1487/1743 976/1485/1744
f 1006/1484/1745 1008/1488/1746 977/1487/1747
f 1006/1484/1748 1007/1486/1749 1008/1488/1750
f 970/1474/1751 978/1489/1752 1007/1486/1753
f 978/1489/1754 979/1490/1755 1007/1486/1756
f 1007/1486/1757 1009/1491/1758 1008/1488/1759
f 1007/1486/1760 979/1490/1761 1009/1491/1762
f 1010/1492/1763 977/1487/1764 1008/1488/1765
f 1009/1491/1766 1011/1493/1767 1008/1488/1768
f 1011/1493/1769 1010/1492/1770 1008/1488/1771
f 979/1490/1772 980/1494/1773 1009/1491/1774
f 980/1494/1775 1011/1493/1776 1009/1491/1777
f 1010/1492/1778 981/1495/1779 977/1487/1780
f 1011/1493/1781 996/1456/1782 1010/1492/1783
f 996/1456/1784 981/1495/1785 1010/1492/1786
f 980/1494/1787 997/1457/1788 1011/1493/1789
f 997/1457/1790 996/1456/1791 1011/1493/1792
f 980/1494/1793 884/1458/1794 997/1457/1795
f 885/1459/1796 981/1495/1797 996/1456/1798
s 137
f 1000/1468/1799 1001/1473/1800 999/1466/1801
f 999/1466/1801 1001/1473/1800 998/1479/1802
s 138
f 966/1481/1803 963/1464/1804 998/1479/1805
f 998/1479/1805 963/1464/1804 999/1466/1806
s 139
f 963/1464/1807 966/1481/1808 962/1460/1809
f 962/1460/1809 966/1481/1808 965/1463/1810
s 140
f 1019/1496/1811 1016/1497/1812 1020/1499/1813
f 1020/1499/1813 1016/1497/1812 1017/1498/1814
f 1015/1500/1815 1019/1496/1811 1018/1501/1816
f 1018/1501/1816 1019/1496/1811 1020/1499/1813
f 1016/1497/1812 1021/1502/1817 1017/1498/1814
f 1017/1498/1814 1021/1502/1817 1022/1503/1818
f 1031/1504/1819 1032/1505/1820 1028/1507/1821
f 1028/1507/1821 1032/1505/1820 1029/1506/1822
f 1027/1508/1823 1030/1509/1824 1031/1504/1819
f 1031/1504/1819 1030/1509/1824 1032/1505/1820
f 1028/1507/1821 1029/1506/1822 1023/1511/1825
f 1023/1511/1825 1029/1506/1822 1024/1510/1826
f 1025/1512/1827 1026/1513/1828 1013/1515/1829
f 1013/1515/1829 1026/1513/1828 1033/1514/1830
f 1013/1515/1829 1033/1514/1830 1012/1517/1831
f 1012/1517/1831 1033/1514/1830 1014/1516/1832
f 1027/1508/1823 1026/1513/1828 1030/1509/1824
f 1030/1509/1824 1026/1513/1828 1025/1512/1827
f 1012/1517/1831 1014/1516/1832 1018/1501/1816
f 1018/1501/1816 1014/1516/1832 1015/1500/1815
s 144
f 1043/1518/1833 1012/1519/1834 1046/1521/1835
f 1046/1521/1835 1012/1519/1834 1018/1520/1836
f 1012/1519/1834 1043/1518/1833 1013/1523/1837
f 1013/1523/1837 1043/1518/1833 1044/1522/1838
f 1022/1525/1839 1045/1526/1840 1017/1524/1841
f 1017/1524/1841 1045/1526/1840 1020/1527/1842
f 1045/1526/1840 1046/1521/1835 1020/1527/1842
f 1020/1527/1842 1046/1521/1835 1018/1520/1836
s 146
f 1041/1528/1843 1042/1529/1844 1038/1531/1845
f 1038/1531/1845 1042/1529/1844 1039/1530/1846
f 1037/1532/1847 1040/1533/1848 1041/1528/1843
f 1041/1528/1843 1040/1533/1848 1042/1529/1844
f 1038/1531/1845 1039/1530/1846 1021/1535/1849
f 1021/1535/1849 1039/1530/1846 1022/1534/1850
s 144
f 1034/1536/1851 1035/1537/1852 1043/1518/1833
f 1043/1518/1833 1035/1537/1852 1044/1522/1838
f 1042/1539/1853 1045/1526/1840 1039/1538/1854
f 1039/1538/1854 1045/1526/1840 1022/1525/1839
f 1040/1540/1855 1046/1521/1835 1042/1539/1853
f 1042/1539/1853 1046/1521/1835 1045/1526/1840
s 146
f 1053/1541/1856 1050/1542/1857 1054/1544/1858
f 1054/1544/1858 1050/1542/1857 1051/1543/1859
f 1049/1545/1860 1053/1541/1856 1052/1546/1861
f 1052/1546/1861 1053/1541/1856 1054/1544/1858
f 1050/1542/1857 1023/1547/1862 1051/1543/1859
f 1051/1543/1859 1023/1547/1862 1024/1548/1863
s 144
f 1055/1549/1864 1047/1550/1865 1057/1552/1866
f 1057/1552/1866 1047/1550/1865 1052/1551/1867
f 1047/1550/1865 1055/1549/1864 1035/1537/1852
f 1035/1537/1852 1055/1549/1864 1044/1522/1838
f 1024/1554/1868 1056/1555/1869 1051/1553/1870
f 1051/1553/1870 1056/1555/1869 1054/1556/1871
f 1056/1555/1869 1057/1552/1866 1054/1556/1871
f 1054/1556/1871 1057/1552/1866 1052/1551/1867
f 1025/1557/1872 1013/1523/1837 1055/1549/1864
f 1055/1549/1864 1013/1523/1837 1044/1522/1838
f 1032/1559/1873 1056/1555/1869 1029/1558/1874
f 1029/1558/1874 1056/1555/1869 1024/1554/1868
f 1030/1560/1875 1057/1552/1866 1032/1559/1873
f 1032/1559/1873 1057/1552/1866 1056/1555/1869
f 1043/1518/1833 1046/1521/1835 1034/1536/1851
f 1034/1536/1851 1046/1521/1835 1040/1540/1855
f 1055/1549/1864 1057/1552/1866 1025/1557/1872
f 1025/1557/1872 1057/1552/1866 1030/1560/1875
s 146
f 1047/1561/1876 1035/1562/1877 1048/1564/1878
f 1048/1564/1878 1035/1562/1877 1058/1563/1879
f 1035/1562/1877 1034/1565/1880 1058/1563/1879
f 1058/1563/1879 1034/1565/1880 1036/1566/1881
f 1049/1545/1860 1052/1546/1861 1048/1564/1878
f 1048/1564/1878 1052/1546/1861 1047/1561/1876
f 1034/1565/1880 1040/1533/1848 1036/1566/1881
f 1036/1566/1881 1040/1533/1848 1037/1532/1847
s 154
f 1068/1568/1882 1072/1569/1883 1069/1567/1884
f 1069/1567/1884 1072/1569/1883 1071/1570/1885
s 155
f 1072/1569/1886 1061/1571/1887 1071/1570/1888
f 1071/1570/1888 1061/1571/1887 1060/1572/1889
s 154
f 1075/1573/1890 1069/1567/1884 1071/1570/1885
s 155
f 1064/1574/1891 1075/1573/1892 1060/1572/1889
f 1060/1572/1889 1075/1573/1892 1071/1570/1888
f 1073/1576/1893 1062/1577/1894 1074/1575/1895
f 1074/1575/1895 1062/1577/1894 1063/1578/1896
s 154
f 1065/1580/1897 1073/1576/1898 1066/1579/1899
f 1066/1579/1899 1073/1576/1898 1074/1575/1900
f 1067/1581/1901 1066/1579/1899 1074/1575/1900
f 1084/1582/1902 1067/1581/1901 1074/1575/1900
s 155
f 1074/1575/1895 1063/1578/1896 1083/1583/1903
f 1059/1584/1904 1070/1585/1905 1064/1574/1891
f 1064/1574/1891 1070/1585/1905 1075/1573/1892
s 154
f 1070/1585/1906 1069/1567/1884 1075/1573/1890
s 159
f 1065/1580/1907 1066/1579/1908 1076/1587/1909
f 1076/1587/1909 1066/1579/1908 1077/1586/1910
s 160
f 1066/1579/1911 1067/1581/1912 1077/1586/1913
f 1077/1586/1913 1067/1581/1912 1078/1588/1914
s 161
f 1068/1568/1915 1069/1567/1916 1079/1590/1917
f 1079/1590/1917 1069/1567/1916 1080/1589/1918
s 162
f 1069/1567/1919 1070/1585/1920 1080/1589/1921
f 1080/1589/1921 1070/1585/1920 1081/1591/1922
s off
f 1070/1585/1923 1059/1584/1924 1081/1591/1925
s 155
f 1074/1575/1895 1083/1583/1903 1084/1582/1926
f 1084/1582/1926 1083/1583/1903 1082/1592/1927
f 1096/1593/1928 1085/1594/1929 1095/1596/1930
f 1095/1596/1930 1085/1594/1929 1088/1595/1931
s 154
f 1095/1596/1932 1088/1595/1933 1094/1598/1934
f 1094/1598/1934 1088/1595/1933 1090/1597/1935
s 161
f 1090/1597/1936 1092/1599/1937 1094/1598/1938
f 1094/1598/1938 1092/1599/1937 1093/1600/1939
s 154
f 1090/1597/1935 1088/1595/1933 1068/1568/1882
f 1068/1568/1882 1088/1595/1933 1072/1569/1883
s 155
f 1088/1595/1931 1085/1594/1929 1072/1569/1886
f 1072/1569/1886 1085/1594/1929 1061/1571/1887
s 161
f 1067/1581/1940 1089/1601/1941 1078/1588/1942
f 1078/1588/1942 1089/1601/1941 1091/1602/1943
f 1068/1568/1915 1079/1590/1917 1090/1597/1936
f 1090/1597/1936 1079/1590/1917 1092/1599/1937
s 155
f 1084/1582/1926 1082/1592/1927 1087/1604/1944
f 1087/1604/1944 1082/1592/1927 1086/1603/1945
s 154
f 1067/1581/1901 1084/1582/1902 1089/1601/1946
f 1089/1601/1946 1084/1582/1902 1087/1604/1947
s 161
f 1089/1601/1941 1094/1598/1938 1091/1602/1943
f 1091/1602/1943 1094/1598/1938 1093/1600/1939
s 154
f 1087/1604/1947 1095/1596/1932 1089/1601/1946
f 1089/1601/1946 1095/1596/1932 1094/1598/1934
s 155
f 1086/1603/1945 1096/1593/1928 1087/1604/1944
f 1087/1604/1944 1096/1593/1928 1095/1596/1930
s 167
f 1103/1606/1948 1104/1607/1949 1101/1605/1950
f 1101/1605/1950 1104/1607/1949 1100/1608/1951
s 168
f 1060/1609/1952 1061/1610/1953 1103/1606/1954
f 1103/1606/1954 1061/1610/1953 1104/1607/1955
s 167
f 1107/1611/1956 1103/1606/1948 1101/1605/1950
s 168
f 1064/1612/1957 1060/1609/1952 1107/1611/1958
f 1107/1611/1958 1060/1609/1952 1103/1606/1954
f 1063/1614/1959 1062/1615/1960 1106/1613/1961
f 1106/1613/1961 1062/1615/1960 1105/1616/1962
s 167
f 1106/1613/1963 1105/1616/1964 1098/1617/1965
f 1098/1617/1965 1105/1616/1964 1097/1618/1966
f 1099/1619/1967 1106/1613/1963 1098/1617/1965
f 1108/1620/1968 1106/1613/1963 1099/1619/1967
s 168
f 1106/1613/1961 1083/1621/1969 1063/1614/1959
f 1059/1622/1970 1064/1612/1957 1102/1623/1971
f 1102/1623/1971 1064/1612/1957 1107/1611/1958
s 167
f 1102/1623/1972 1107/1611/1956 1101/1605/1950
s 171
f 1097/1618/1973 1076/1624/1974 1098/1617/1975
f 1098/1617/1975 1076/1624/1974 1077/1625/1976
s 172
f 1098/1617/1977 1077/1625/1978 1099/1619/1979
f 1099/1619/1979 1077/1625/1978 1078/1626/1980
s 173
f 1100/1608/1981 1079/1627/1982 1101/1605/1983
f 1101/1605/1983 1079/1627/1982 1080/1628/1984
s 174
f 1101/1605/1985 1080/1628/1986 1102/1623/1987
f 1102/1623/1987 1080/1628/1986 1081/1629/1988
s off
f 1102/1623/1989 1081/1629/1990 1059/1622/1991
s 168
f 1106/1613/1961 1108/1620/1992 1083/1621/1969
f 1083/1621/1969 1108/1620/1992 1082/1630/1993
f 1096/1631/1994 1114/1632/1995 1085/1634/1996
f 1085/1634/1996 1114/1632/1995 1110/1633/1997
s 167
f 1114/1632/1998 1113/1635/1999 1110/1633/2000
f 1110/1633/2000 1113/1635/1999 1112/1636/2001
s 173
f 1093/1637/2002 1092/1638/2003 1113/1635/2004
f 1113/1635/2004 1092/1638/2003 1112/1636/2005
s 167
f 1104/1607/1949 1110/1633/2000 1100/1608/1951
f 1100/1608/1951 1110/1633/2000 1112/1636/2001
s 168
f 1110/1633/1997 1104/1607/1955 1085/1634/1996
f 1085/1634/1996 1104/1607/1955 1061/1610/1953
s 173
f 1099/1619/2006 1078/1626/2007 1111/1640/2008
f 1111/1640/2008 1078/1626/2007 1091/1639/2009
f 1092/1638/2003 1079/1627/1982 1112/1636/2005
f 1112/1636/2005 1079/1627/1982 1100/1608/1981
s 168
f 1108/1620/1992 1109/1641/2010 1082/1630/1993
f 1082/1630/1993 1109/1641/2010 1086/1642/2011
s 167
f 1109/1641/2012 1108/1620/1968 1111/1640/2013
f 1111/1640/2013 1108/1620/1968 1099/1619/1967
s 173
f 1111/1640/2008 1091/1639/2009 1113/1635/2004
f 1113/1635/2004 1091/1639/2009 1093/1637/2002
s 167
f 1109/1641/2012 1111/1640/2013 1114/1632/1998
f 1114/1632/1998 1111/1640/2013 1113/1635/1999
s 168
f 1086/1642/2011 1109/1641/2010 1096/1631/1994
f 1096/1631/1994 1109/1641/2010 1114/1632/1995
s off
f 1115/1643/2014 1123/1644/2015 1116/1645/2016
s 179
f 1122/1646/2017 1121/1647/2018 1117/1649/2019
f 1117/1649/2019 1121/1647/2018 1118/1648/2020
s 180
f 1120/1650/2021 1119/1651/2022 1121/1647/2023
f 1121/1647/2023 1119/1651/2022 1118/1648/2024
s 181
f 1123/1644/2025 1122/1646/2026 1116/1645/2027
f 1116/1645/2027 1122/1646/2026 1117/1649/2028
s 182
f 1116/1645/2029 1125/1652/2030 1115/1643/2031
f 1115/1643/2031 1125/1652/2030 1124/1653/2032
s 183
f 1123/1644/2033 1115/1643/2034 1126/1654/2035
f 1126/1654/2035 1115/1643/2034 1124/1653/2036
s 184
f 1117/1649/2037 1118/1648/2038 1127/1656/2039
f 1127/1656/2039 1118/1648/2038 1129/1655/2040
s 185
f 1122/1646/2041 1128/1657/2042 1121/1647/2043
f 1121/1647/2043 1128/1657/2042 1130/1658/2044
s 186
f 1119/1651/2045 1131/1659/2046 1118/1648/2047
f 1118/1648/2047 1131/1659/2046 1129/1655/2048
s 187
f 1121/1647/2049 1130/1658/2050 1120/1650/2051
f 1120/1650/2051 1130/1658/2050 1132/1660/2052
s 188
f 1117/1649/2053 1127/1656/2054 1116/1645/2055
f 1116/1645/2055 1127/1656/2054 1125/1652/2056
s 189
f 1122/1646/2057 1123/1644/2058 1128/1657/2059
f 1128/1657/2059 1123/1644/2058 1126/1654/2060
s 190
f 1133/1661/2061 1150/1662/2062 1134/1664/2063
f 1134/1664/2063 1150/1662/2062 1149/1663/2064
f 1134/1664/2063 1149/1663/2064 1135/1666/2065
f 1135/1666/2065 1149/1663/2064 1148/1665/2066
f 1148/1665/2066 1152/1667/2067 1135/1666/2065
f 1135/1666/2065 1152/1667/2067 1136/1668/2068
f 1152/1667/2067 1151/1669/2069 1136/1668/2068
f 1136/1668/2068 1151/1669/2069 1137/1670/2070
f 1144/1671/2071 1154/1672/2072 1143/1674/2073
f 1143/1674/2073 1154/1672/2072 1153/1673/2074
f 1145/1675/2075 1155/1676/2076 1144/1671/2071
f 1144/1671/2071 1155/1676/2076 1154/1672/2072
f 1147/1677/2077 1157/1678/2078 1146/1680/2079
f 1146/1680/2079 1157/1678/2078 1156/1679/2080
f 1143/1674/2073 1153/1673/2074 1147/1677/2077
f 1147/1677/2077 1153/1673/2074 1157/1678/2078
f 1149/1663/2064 1144/1671/2071 1148/1665/2066
f 1148/1665/2066 1144/1671/2071 1143/1674/2073
f 1150/1662/2062 1145/1675/2075 1149/1663/2064
f 1149/1663/2064 1145/1675/2075 1144/1671/2071
f 1152/1667/2067 1147/1677/2077 1151/1669/2069
f 1151/1669/2069 1147/1677/2077 1146/1680/2079
f 1148/1665/2066 1143/1674/2073 1152/1667/2067
f 1152/1667/2067 1143/1674/2073 1147/1677/2077
f 1154/1672/2072 1139/1681/2081 1153/1673/2074
f 1153/1673/2074 1139/1681/2081 1140/1682/2082
f 1155/1676/2076 1138/1683/2083 1154/1672/2072
f 1154/1672/2072 1138/1683/2083 1139/1681/2081
f 1157/1678/2078 1141/1684/2084 1156/1679/2080
f 1156/1679/2080 1141/1684/2084 1142/1685/2085
f 1153/1673/2074 1140/1682/2082 1157/1678/2078
f 1157/1678/2078 1140/1682/2082 1141/1684/2084
s 193
f 1133/1686/2086 1158/1687/2087 1150/1689/2088
f 1150/1689/2088 1158/1687/2087 1168/1688/2089
f 1158/1687/2087 1159/1690/2090 1168/1688/2089
f 1168/1688/2089 1159/1690/2090 1167/1691/2091
f 1160/1692/2092 1169/1693/2093 1159/1690/2090
f 1159/1690/2090 1169/1693/2093 1167/1691/2091
f 1137/1694/2094 1151/1695/2095 1160/1692/2092
f 1160/1692/2092 1151/1695/2095 1169/1693/2093
f 1165/1696/2096 1164/1697/2097 1171/1699/2098
f 1171/1699/2098 1164/1697/2097 1170/1698/2099
f 1145/1700/2100 1165/1696/2096 1155/1701/2101
f 1155/1701/2101 1165/1696/2096 1171/1699/2098
f 1166/1702/2102 1146/1703/2103 1172/1705/2104
f 1172/1705/2104 1146/1703/2103 1156/1704/2105
f 1164/1697/2097 1166/1702/2102 1170/1698/2099
f 1170/1698/2099 1166/1702/2102 1172/1705/2104
f 1168/1688/2089 1167/1691/2091 1165/1696/2096
f 1165/1696/2096 1167/1691/2091 1164/1697/2097
f 1150/1689/2088 1168/1688/2089 1145/1700/2100
f 1145/1700/2100 1168/1688/2089 1165/1696/2096
f 1169/1693/2093 1151/1695/2095 1166/1702/2102
f 1166/1702/2102 1151/1695/2095 1146/1703/2103
f 1167/1691/2091 1169/1693/2093 1164/1697/2097
f 1164/1697/2097 1169/1693/2093 1166/1702/2102
f 1171/1699/2098 1170/1698/2099 1161/1707/2106
f 1161/1707/2106 1170/1698/2099 1162/1706/2107
f 1155/1701/2101 1171/1699/2098 1138/1708/2108
f 1138/1708/2108 1171/1699/2098 1161/1707/2106
f 1172/1705/2104 1156/1704/2105 1163/1710/2109
f 1163/1710/2109 1156/1704/2105 1142/1709/2110
f 1170/1698/2099 1172/1705/2104 1162/1706/2107
f 1162/1706/2107 1172/1705/2104 1163/1710/2109
s off
f 1173/1711/2111 1174/1712/2112 1177/1713/2113
f 1174/1712/2114 1179/1714/2115 1177/1713/2116
f 1175/1715/2117 1179/1714/2118 1174/1712/2119
f 1175/1715/2120 1180/1716/2121 1179/1714/2122
f 1175/1715/2123 1176/1717/2124 1180/1716/2125
f 1179/1714/2126 1181/1718/2127 1177/1713/2128
f 1181/1718/2129 1178/1719/2130 1177/1713/2131
f 1180/1716/2132 1182/1720/2133 1179/1714/2134
f 1182/1720/2135 1181/1718/2136 1179/1714/2137
f 1176/1717/2138 1183/1721/2139 1180/1716/2140
f 1183/1721/2141 1182/1720/2142 1180/1716/2143
f 1181/1718/2144 1184/1722/2145 1178/1719/2146
f 1185/1723/2147 1182/1720/2148 1183/1721/2149
f 1186/1724/2150 1182/1720/2151 1185/1723/2152
f 1186/1724/2153 1187/1725/2154 1182/1720/2155
f 1187/1725/2156 1188/1726/2157 1182/1720/2158
f 1188/1726/2159 1181/1718/2160 1182/1720/2161
s 198
f 1186/1724/2162 1190/1727/2163 1187/1725/2164
f 1187/1725/2164 1190/1727/2163 1189/1728/2165
s 199
f 1189/1728/2166 1191/1729/2167 1187/1725/2168
f 1187/1725/2168 1191/1729/2167 1188/1726/2169
s off
f 1188/1726/2170 1184/1722/2171 1181/1718/2172
s 200
f 1191/1729/2173 1192/1730/2174 1188/1726/2175
f 1188/1726/2175 1192/1730/2174 1184/1722/2176
s off
f 1193/1731/2177 1196/1732/2178 1194/1733/2179
f 1194/1733/2180 1196/1732/2181 1198/1734/2182
f 1195/1735/2183 1194/1733/2184 1198/1734/2185
f 1195/1735/2186 1198/1734/2187 1199/1736/2188
f 1195/1735/2189 1199/1736/2190 1176/1717/2191
f 1198/1734/2192 1196/1732/2193 1200/1737/2194
f 1200/1737/2195 1196/1732/2196 1197/1738/2197
f 1199/1736/2198 1198/1734/2199 1201/1739/2200
f 1201/1739/2201 1198/1734/2202 1200/1737/2203
f 1176/1717/2204 1199/1736/2205 1183/1721/2206
f 1183/1721/2207 1199/1736/2208 1201/1739/2209
f 1200/1737/2210 1197/1738/2211 1202/1740/2212
f 1185/1723/2213 1183/1721/2214 1201/1739/2215
f 1186/1724/2216 1185/1723/2217 1201/1739/2218
f 1186/1724/2219 1201/1739/2220 1203/1741/2221
f 1203/1741/2222 1201/1739/2223 1204/1742/2224
f 1204/1742/2225 1201/1739/2226 1200/1737/2227
f 1204/1742/2228 1200/1737/2229 1202/1740/2230
s 201
f 1186/1724/2231 1203/1741/2232 1190/1727/2233
f 1190/1727/2233 1203/1741/2232 1205/1743/2234
s 202
f 1205/1743/2235 1203/1741/2236 1206/1744/2237
f 1206/1744/2237 1203/1741/2236 1204/1742/2238
s 203
f 1206/1744/2239 1204/1742/2240 1207/1745/2241
f 1207/1745/2241 1204/1742/2240 1202/1740/2242
s 204
f 1220/1746/2243 1214/1747/2244 1221/1749/2245
f 1221/1749/2245 1214/1747/2244 1215/1748/2246
s 205
f 1213/1751/2247 1216/1752/2248 1212/1750/2249
f 1212/1750/2249 1216/1752/2248 1217/1753/2250
s 206
f 1208/1754/2251 1209/1755/2252 1219/1757/2253
f 1219/1757/2253 1209/1755/2252 1210/1756/2254
s 207
f 1218/1758/2255 1223/1759/2256 1217/1753/2257
f 1217/1753/2257 1223/1759/2256 1212/1750/2258
s 208
f 1208/1754/2259 1219/1757/2260 1217/1753/2261
f 1217/1753/2261 1219/1757/2260 1218/1758/2262
s 209
f 1213/1751/2263 1220/1746/2264 1216/1752/2265
f 1216/1752/2265 1220/1746/2264 1221/1749/2266
s 210
f 1211/1760/2267 1222/1761/2268 1223/1759/2269
f 1223/1759/2269 1222/1761/2268 1212/1750/2270
s 211
f 1214/1747/2271 1224/1762/2272 1215/1748/2273
f 1215/1748/2273 1224/1762/2272 1225/1763/2274
s 212
f 1236/1764/2275 1237/1765/2276 1232/1767/2277
f 1232/1767/2277 1237/1765/2276 1233/1766/2278
s 213
f 1235/1769/2279 1234/1770/2280 1230/1768/2281
f 1230/1768/2281 1234/1770/2280 1231/1771/2282
s 214
f 1228/1772/2283 1219/1757/2284 1229/1773/2285
f 1229/1773/2285 1219/1757/2284 1210/1756/2286
f 1218/1758/2287 1235/1769/2288 1223/1759/2289
f 1223/1759/2289 1235/1769/2288 1230/1768/2290
f 1228/1772/2283 1235/1769/2288 1219/1757/2284
f 1219/1757/2284 1235/1769/2288 1218/1758/2287
s 216
f 1231/1771/2291 1234/1770/2292 1236/1764/2293
f 1236/1764/2293 1234/1770/2292 1237/1765/2294
s 214
f 1230/1768/2290 1238/1774/2295 1223/1759/2289
f 1223/1759/2289 1238/1774/2295 1211/1760/2296
s 217
f 1232/1767/2297 1233/1766/2298 1226/1776/2299
f 1226/1776/2299 1233/1766/2298 1227/1775/2300
s off
f 1173/1777/2301 1239/1778/2302 1174/1779/2303
f 1174/1779/2304 1239/1778/2305 1241/1780/2306
f 1175/1781/2307 1174/1779/2308 1241/1780/2309
f 1175/1781/2310 1241/1780/2311 1242/1782/2312
f 1175/1781/2313 1242/1782/2314 1176/1783/2315
f 1241/1780/2316 1239/1778/2317 1243/1784/2318
f 1243/1784/2319 1239/1778/2320 1240/1785/2321
f 1242/1782/2322 1241/1780/2323 1244/1786/2324
f 1244/1786/2325 1241/1780/2326 1243/1784/2327
f 1176/1783/2328 1242/1782/2329 1245/1787/2330
f 1245/1787/2331 1242/1782/2332 1244/1786/2333
f 1243/1784/2334 1240/1785/2335 1246/1788/2336
f 1247/1789/2337 1245/1787/2338 1244/1786/2339
f 1248/1790/2340 1247/1789/2341 1244/1786/2342
f 1248/1790/2343 1244/1786/2344 1249/1791/2345
f 1249/1791/2346 1244/1786/2347 1250/1792/2348
f 1250/1792/2349 1244/1786/2350 1243/1784/2351
s 218
f 1248/1790/2352 1249/1791/2353 1252/1794/2354
f 1252/1794/2354 1249/1791/2353 1251/1793/2355
s 219
f 1251/1793/2356 1249/1791/2357 1253/1795/2358
f 1253/1795/2358 1249/1791/2357 1250/1792/2359
s off
f 1250/1792/2360 1243/1784/2361 1246/1788/2362
s 220
f 1253/1795/2363 1250/1792/2364 1254/1796/2365
f 1254/1796/2365 1250/1792/2364 1246/1788/2366
s off
f 1193/1797/2367 1194/1798/2368 1255/1799/2369
f 1194/1798/2370 1257/1800/2371 1255/1799/2372
f 1195/1801/2373 1257/1800/2374 1194/1798/2375
f 1195/1801/2376 1258/1802/2377 1257/1800/2378
f 1195/1801/2379 1176/1783/2380 1258/1802/2381
f 1257/1800/2382 1259/1803/2383 1255/1799/2384
f 1259/1803/2385 1256/1804/2386 1255/1799/2387
f 1258/1802/2388 1260/1805/2389 1257/1800/2390
f 1260/1805/2391 1259/1803/2392 1257/1800/2393
f 1176/1783/2394 1245/1787/2395 1258/1802/2396
f 1245/1787/2397 1260/1805/2398 1258/1802/2399
f 1259/1803/2400 1261/1806/2401 1256/1804/2402
f 1247/1789/2403 1260/1805/2404 1245/1787/2405
f 1248/1790/2406 1260/1805/2407 1247/1789/2408
f 1248/1790/2409 1262/1807/2410 1260/1805/2411
f 1262/1807/2412 1263/1808/2413 1260/1805/2414
f 1263/1808/2415 1259/1803/2416 1260/1805/2417
f 1263/1808/2418 1261/1806/2419 1259/1803/2420
s 221
f 1248/1790/2421 1252/1794/2422 1262/1807/2423
f 1262/1807/2423 1252/1794/2422 1264/1809/2424
s 222
f 1264/1809/2425 1265/1810/2426 1262/1807/2427
f 1262/1807/2427 1265/1810/2426 1263/1808/2428
s 223
f 1265/1810/2429 1266/1811/2430 1263/1808/2431
f 1263/1808/2431 1266/1811/2430 1261/1806/2432
s 224
f 1239/1813/2433 1254/1814/2434 1240/1812/2435
f 1240/1812/2435 1254/1814/2434 1246/1815/2436
s 225
f 1177/1816/2437 1178/1817/2438 1192/1819/2439
f 1192/1819/2439 1178/1817/2438 1184/1818/2440
s 226
f 1196/1821/2441 1207/1822/2442 1197/1820/2443
f 1197/1820/2443 1207/1822/2442 1202/1823/2444
s 227
f 1255/1824/2445 1256/1825/2446 1266/1827/2447
f 1266/1827/2447 1256/1825/2446 1261/1826/2448
s 228
f 1173/1828/2449 1177/1816/2450 1267/1829/2451
f 1267/1829/2451 1177/1816/2450 1192/1819/2452
s 229
f 1173/1828/2453 1267/1829/2454 1239/1813/2455
f 1239/1813/2455 1267/1829/2454 1254/1814/2456
s 230
f 1193/1830/2457 1255/1824/2458 1268/1831/2459
f 1268/1831/2459 1255/1824/2458 1266/1827/2460
s 231
f 1193/1830/2461 1268/1831/2462 1196/1821/2463
f 1196/1821/2463 1268/1831/2462 1207/1822/2464
s 232
f 1189/1832/2465 1190/1833/2466 1269/1835/2467
f 1269/1835/2467 1190/1833/2466 1270/1834/2468
s 233
f 1191/1836/2469 1189/1832/2470 1271/1837/2471
f 1271/1837/2471 1189/1832/2470 1269/1835/2472
s 234
f 1192/1819/2473 1191/1836/2474 1267/1829/2475
f 1267/1829/2475 1191/1836/2474 1271/1837/2476
s 235
f 1252/1838/2477 1251/1839/2478 1270/1834/2479
f 1270/1834/2479 1251/1839/2478 1269/1835/2480
s 236
f 1251/1839/2481 1253/1840/2482 1269/1835/2483
f 1269/1835/2483 1253/1840/2482 1271/1837/2484
s 237
f 1253/1840/2485 1254/1814/2486 1271/1837/2487
f 1271/1837/2487 1254/1814/2486 1267/1829/2488
s 238
f 1264/1841/2489 1252/1838/2490 1272/1842/2491
f 1272/1842/2491 1252/1838/2490 1270/1834/2492
s 239
f 1265/1843/2493 1264/1841/2494 1273/1844/2495
f 1273/1844/2495 1264/1841/2494 1272/1842/2496
s 240
f 1266/1827/2497 1265/1843/2498 1268/1831/2499
f 1268/1831/2499 1265/1843/2498 1273/1844/2500
s 241
f 1190/1833/2501 1205/1845/2502 1270/1834/2503
f 1270/1834/2503 1205/1845/2502 1272/1842/2504
s 242
f 1205/1845/2505 1206/1846/2506 1272/1842/2507
f 1272/1842/2507 1206/1846/2506 1273/1844/2508
s 243
f 1206/1846/2509 1207/1822/2510 1273/1844/2511
f 1273/1844/2511 1207/1822/2510 1268/1831/2512
s 244
f 1208/1847/2513 1290/1848/2514 1209/1850/2515
f 1209/1850/2515 1290/1848/2514 1291/1849/2516
s 245
f 1209/1850/2517 1291/1849/2518 1210/1852/2519
f 1210/1852/2519 1291/1849/2518 1292/1851/2520
s 246
f 1211/1853/2521 1293/1854/2522 1222/1856/2523
f 1222/1856/2523 1293/1854/2522 1294/1855/2524
s 247
f 1295/1858/2525 1296/1859/2526 1212/1857/2527
f 1212/1857/2527 1296/1859/2526 1213/1860/2528
s 248
f 1213/1860/2529 1296/1859/2530 1220/1862/2531
f 1220/1862/2531 1296/1859/2530 1297/1861/2532
s 249
f 1225/1864/2533 1298/1865/2534 1215/1863/2535
f 1215/1863/2535 1298/1865/2534 1221/1866/2536
s 250
f 1216/1867/2537 1299/1868/2538 1217/1870/2539
f 1217/1870/2539 1299/1868/2538 1300/1869/2540
s 251
f 1217/1870/2541 1300/1869/2542 1208/1847/2543
f 1208/1847/2543 1300/1869/2542 1290/1848/2544
s 252
f 1220/1862/2545 1297/1861/2546 1214/1872/2547
f 1214/1872/2547 1297/1861/2546 1224/1871/2548
s 253
f 1221/1866/2549 1298/1865/2550 1216/1867/2551
f 1216/1867/2551 1298/1865/2550 1299/1868/2552
s 254
f 1222/1856/2553 1294/1855/2554 1212/1857/2555
f 1212/1857/2555 1294/1855/2554 1295/1858/2556
s 255
f 1286/1873/2557 1287/1874/2558 1280/1876/2559
f 1280/1876/2559 1287/1874/2558 1281/1875/2560
s 256
f 1283/1878/2561 1282/1879/2562 1278/1877/2563
f 1278/1877/2563 1282/1879/2562 1279/1880/2564
s 257
f 1274/1881/2565 1285/1882/2566 1275/1884/2567
f 1275/1884/2567 1285/1882/2566 1276/1883/2568
s 258
f 1284/1885/2569 1283/1878/2570 1289/1886/2571
f 1289/1886/2571 1283/1878/2570 1278/1877/2572
s 259
f 1274/1881/2573 1283/1878/2574 1285/1882/2575
f 1285/1882/2575 1283/1878/2574 1284/1885/2576
s 260
f 1279/1880/2577 1282/1879/2578 1286/1873/2579
f 1286/1873/2579 1282/1879/2578 1287/1874/2580
s 261
f 1278/1877/2581 1288/1887/2582 1289/1886/2583
f 1289/1886/2583 1288/1887/2582 1277/1888/2584
s 262
f 1280/1876/2585 1281/1875/2586 1224/1890/2587
f 1224/1890/2587 1281/1875/2586 1225/1889/2588
s 263
f 1274/1891/2589 1275/1892/2590 1290/1848/2591
f 1290/1848/2591 1275/1892/2590 1291/1849/2592
s 264
f 1275/1892/2593 1276/1893/2594 1291/1849/2595
f 1291/1849/2595 1276/1893/2594 1292/1851/2596
s 265
f 1277/1894/2597 1288/1895/2598 1293/1854/2599
f 1293/1854/2599 1288/1895/2598 1294/1855/2600
s 266
f 1279/1897/2601 1296/1859/2602 1278/1896/2603
f 1278/1896/2603 1296/1859/2602 1295/1858/2604
s 267
f 1279/1897/2605 1286/1898/2606 1296/1859/2607
f 1296/1859/2607 1286/1898/2606 1297/1861/2608
s 268
f 1287/1900/2609 1298/1865/2610 1281/1899/2611
f 1281/1899/2611 1298/1865/2610 1225/1864/2612
s 269
f 1282/1901/2613 1283/1902/2614 1299/1868/2615
f 1299/1868/2615 1283/1902/2614 1300/1869/2616
s 270
f 1283/1902/2617 1274/1891/2618 1300/1869/2619
f 1300/1869/2619 1274/1891/2618 1290/1848/2620
s 271
f 1286/1898/2621 1280/1903/2622 1297/1861/2623
f 1297/1861/2623 1280/1903/2622 1224/1871/2624
s 272
f 1287/1900/2625 1282/1901/2626 1298/1865/2627
f 1298/1865/2627 1282/1901/2626 1299/1868/2628
s 273
f 1288/1895/2629 1278/1896/2630 1294/1855/2631
f 1294/1855/2631 1278/1896/2630 1295/1858/2632
s 274
f 1309/1904/2633 1305/1905/2634 1310/1907/2635
f 1310/1907/2635 1305/1905/2634 1306/1906/2636
s 275
f 1304/1909/2637 1307/1910/2638 1303/1908/2639
f 1303/1908/2639 1307/1910/2638 1308/1911/2640
s 276
f 1301/1912/2641 1302/1913/2642 1285/1882/2643
f 1285/1882/2643 1302/1913/2642 1276/1883/2644
f 1284/1885/2645 1289/1886/2646 1308/1911/2647
f 1308/1911/2647 1289/1886/2646 1303/1908/2648
f 1301/1912/2641 1285/1882/2643 1308/1911/2647
f 1308/1911/2647 1285/1882/2643 1284/1885/2645
s 278
f 1304/1909/2649 1309/1904/2650 1307/1910/2651
f 1307/1910/2651 1309/1904/2650 1310/1907/2652
s 276
f 1277/1888/2653 1311/1914/2654 1289/1886/2646
f 1289/1886/2646 1311/1914/2654 1303/1908/2648
s 279
f 1305/1905/2655 1226/1915/2656 1306/1906/2657
f 1306/1906/2657 1226/1915/2656 1227/1916/2658
s 280
f 1301/1917/2659 1312/1918/2660 1302/1920/2661
f 1302/1920/2661 1312/1918/2660 1313/1919/2662
s 281
f 1302/1920/2663 1313/1919/2664 1276/1893/2665
f 1276/1893/2665 1313/1919/2664 1292/1851/2666
s 282
f 1277/1894/2667 1293/1854/2668 1311/1922/2669
f 1311/1922/2669 1293/1854/2668 1314/1921/2670
s 283
f 1315/1924/2671 1316/1925/2672 1303/1923/2673
f 1303/1923/2673 1316/1925/2672 1304/1926/2674
s 284
f 1304/1926/2675 1316/1925/2676 1309/1928/2677
f 1309/1928/2677 1316/1925/2676 1317/1927/2678
s 285
f 1227/1930/2679 1318/1931/2680 1306/1929/2681
f 1306/1929/2681 1318/1931/2680 1310/1932/2682
s 286
f 1307/1933/2683 1319/1934/2684 1308/1936/2685
f 1308/1936/2685 1319/1934/2684 1320/1935/2686
s 287
f 1308/1936/2687 1320/1935/2688 1301/1917/2689
f 1301/1917/2689 1320/1935/2688 1312/1918/2690
s 288
f 1309/1928/2691 1317/1927/2692 1305/1938/2693
f 1305/1938/2693 1317/1927/2692 1226/1937/2694
s 289
f 1310/1932/2695 1318/1931/2696 1307/1933/2697
f 1307/1933/2697 1318/1931/2696 1319/1934/2698
s 290
f 1311/1922/2699 1314/1921/2700 1303/1923/2701
f 1303/1923/2701 1314/1921/2700 1315/1924/2702
s 291
f 1228/1939/2703 1229/1940/2704 1312/1918/2705
f 1312/1918/2705 1229/1940/2704 1313/1919/2706
s 292
f 1229/1940/2707 1210/1852/2708 1313/1919/2709
f 1313/1919/2709 1210/1852/2708 1292/1851/2710
s 293
f 1211/1853/2711 1238/1941/2712 1293/1854/2713
f 1293/1854/2713 1238/1941/2712 1314/1921/2714
s 294
f 1231/1943/2715 1316/1925/2716 1230/1942/2717
f 1230/1942/2717 1316/1925/2716 1315/1924/2718
s 295
f 1231/1943/2719 1236/1944/2720 1316/1925/2721
f 1316/1925/2721 1236/1944/2720 1317/1927/2722
s 296
f 1237/1946/2723 1318/1931/2724 1233/1945/2725
f 1233/1945/2725 1318/1931/2724 1227/1930/2726
s 297
f 1234/1947/2727 1235/1948/2728 1319/1934/2729
f 1319/1934/2729 1235/1948/2728 1320/1935/2730
s 298
f 1235/1948/2731 1228/1939/2732 1320/1935/2733
f 1320/1935/2733 1228/1939/2732 1312/1918/2734
s 299
f 1236/1944/2735 1232/1949/2736 1317/1927/2737
f 1317/1927/2737 1232/1949/2736 1226/1937/2738
s 300
f 1237/1946/2739 1234/1947/2740 1318/1931/2741
f 1318/1931/2741 1234/1947/2740 1319/1934/2742
s 301
f 1238/1941/2743 1230/1942/2744 1314/1921/2745
f 1314/1921/2745 1230/1942/2744 1315/1924/2746
s off
f 1321/1950/2747 1322/1951/2748 1323/1952/2749
f 1324/1953/2750 1321/1950/2751 1323/1952/2752
f 1325/1954/2753 1321/1950/2754 1324/1953/2755
f 1326/1955/2756 1325/1954/2757 1324/1953/2758
f 1327/1956/2759 1325/1954/2760 1326/1955/2761
f 1328/1957/2762 1327/1956/2763 1326/1955/2764
f 1322/1951/2765 1327/1956/2766 1328/1957/2767
f 1323/1952/2768 1322/1951/2769 1328/1957/2770
f 1328/1958/2771 1326/1959/2772 1324/1960/2773
f 1323/1961/2774 1328/1958/2775 1324/1960/2776
f 1329/1962/2777 1330/1963/2778 1331/1964/2779
f 1332/1965/2780 1329/1962/2781 1331/1964/2782
f 1332/1965/2783 1331/1964/2784 1333/1966/2785
f 1334/1967/2786 1332/1965/2787 1333/1966/2788
f 1334/1967/2789 1333/1966/2790 1335/1968/2791
f 1336/1969/2792 1334/1967/2793 1335/1968/2794
f 1336/1969/2795 1335/1968/2796 1330/1963/2797
f 1329/1962/2798 1336/1969/2799 1330/1963/2800
f 1332/1970/2801 1334/1971/2802 1336/1972/2803
f 1329/1973/2804 1332/1970/2805 1336/1972/2806
g default
v 70.710701 0.000000 0.000000
v 0.000000 70.710701 0.000000
v 0.000000 55.656200 4.000000
v 55.656200 0.000000 4.000000
v 0.000000 -70.710602 0.000000
v 0.000000 -55.656101 4.000000
v -70.710701 0.000000 0.000000
v -55.656101 0.000000 4.000000
v 0.000000 55.656200 -4.000000
v 0.000000 70.710701 0.000000
v 70.710701 0.000000 0.000000
v 55.656200 0.000000 -4.000000
v 0.000000 -70.710602 0.000000
v 0.000000 -55.656101 -4.000000
v -70.710701 0.000000 0.000000
v -55.656101 0.000000 -4.000000
v -28.998871 34.706684 4.836042
v -29.762732 34.765934 4.836042
v -32.281952 37.914230 4.836042
v -33.582924 37.917179 4.836042
v -37.626534 43.085407 4.836042
v -35.585609 44.682220 4.836042
v -31.614735 39.606956 4.836042
v -31.684824 38.568001 4.836042
v -28.993319 35.199505 4.836042
v -28.573362 34.343807 5.232671
v -29.902628 34.422413 5.232671
v -28.508896 35.214569 5.232671
v -32.518116 37.670013 5.232671
v -31.414330 38.832752 5.232671
v -33.912415 37.641102 5.479785
v -31.285242 39.883034 5.232671
v -37.964897 42.820671 5.479785
v -35.247242 44.946960 5.232671
v -38.066483 45.866535 6.019841
v -36.462532 43.816490 6.019841
v -44.216614 41.054684 6.019841
v -45.226894 39.529839 6.019841
v -44.335804 38.390919 6.019841
v -42.612663 39.004639 6.019841
v -44.514019 38.618706 5.152192
v -43.424671 39.103786 4.284542
v -42.612663 39.004639 4.284542
v -45.048672 39.302052 5.152192
v -44.315762 40.242702 4.284542
v -43.523796 38.291775 2.838460
v -43.523796 38.291775 1.392377
v -42.840446 38.826424 0.235512
v -40.790401 40.430374 1.103160
v -44.444397 40.876469 0.235512
v -45.127747 40.341820 1.392377
v -45.127747 40.341820 2.838460
v -44.216614 41.054684 4.284542
v -42.394352 42.480419 1.103161
v -41.255440 43.371502 1.103161
v -40.116528 44.262585 0.813945
v -39.651489 41.321457 1.103160
v -38.512577 42.212540 0.813944
v -37.829227 42.747189 -0.053706
v -39.433178 44.797234 -0.053706
v -36.462532 43.816490 -0.053706
v -38.066483 45.866535 -0.053706
v -44.514019 38.618706 6.887490
v -43.424671 39.103786 7.755140
v -42.612663 39.004639 7.755140
v -45.048672 39.302052 6.887490
v -44.315762 40.242702 7.755140
v -45.226894 39.529839 9.201221
v -44.335804 38.390919 9.201221
v -43.523796 38.291775 9.201221
v -44.335804 38.390919 10.647305
v -43.523796 38.291775 10.647305
v -42.840446 38.826424 11.804170
v -40.790401 40.430374 10.936522
v -45.226894 39.529839 10.647305
v -43.424671 39.103783 12.382603
v -44.315762 40.242702 12.382603
v -41.146847 40.885952 11.514954
v -42.037937 42.024872 11.514954
v -44.444397 40.876469 11.804170
v -45.127747 40.341820 10.647305
v -45.127747 40.341820 9.201221
v -44.216614 41.054684 7.755140
v -42.394352 42.480419 10.936521
v -40.899021 42.915955 11.514954
v -41.255440 43.371502 10.936521
v -40.007931 41.777035 11.514954
v -40.116528 44.262585 11.225737
v -39.987892 43.628822 11.804170
v -39.651489 41.321457 10.936522
v -38.512577 42.212540 11.225738
v -39.096802 42.489902 11.804170
v -39.304543 44.163471 12.671821
v -38.413452 43.024551 12.671821
v -37.829227 42.747189 12.093388
v -39.433178 44.797234 12.093388
v -37.710064 45.410988 12.671821
v -36.818974 44.272068 12.671821
v -36.462532 43.816490 12.093388
v -38.066483 45.866535 12.093388
v -31.916348 50.678383 6.019841
v -30.193233 51.292137 6.019841
v -29.302143 50.153217 6.019841
v -30.312397 48.628342 6.019841
v -29.480362 50.381004 6.887490
v -30.213272 49.440350 7.755140
v -30.312397 48.628342 7.755140
v -30.015015 51.064350 6.887490
v -31.104362 50.579273 7.755140
v -30.193233 51.292137 9.201221
v -29.302143 50.153217 9.201221
v -29.401266 49.341206 9.201221
v -29.302143 50.153217 10.647305
v -29.401264 49.341206 10.647305
v -30.084614 48.806557 11.804170
v -32.134659 47.202606 10.936522
v -30.193233 51.292137 10.647305
v -30.213272 49.440353 12.382603
v -31.104362 50.579273 12.382603
v -32.491100 47.658184 11.514954
v -33.382191 48.797104 11.514954
v -31.688564 50.856602 11.804170
v -31.005217 51.391251 10.647305
v -31.005217 51.391251 9.201221
v -31.916348 50.678387 7.755140
v -33.738609 49.252651 10.936521
v -34.521107 47.906021 11.514954
v -34.877522 48.361568 10.936521
v -33.630013 46.767101 11.514954
v -36.016438 47.470486 11.225737
v -35.432236 47.193153 11.804170
v -33.273571 46.311523 10.936522
v -34.412487 45.420441 11.225738
v -34.541145 46.054234 11.804170
v -36.115582 46.658504 12.671821
v -35.224491 45.519585 12.671821
v -35.095833 44.885792 12.093388
v -36.699783 46.935837 12.093388
v -29.480362 50.381004 5.152192
v -30.213272 49.440350 4.284542
v -30.312397 48.628342 4.284542
v -30.015015 51.064350 5.152192
v -31.104362 50.579273 4.284542
v -29.401266 49.341206 2.838460
v -29.401264 49.341206 1.392377
v -30.084614 48.806557 0.235512
v -32.134659 47.202606 1.103160
v -31.688564 50.856602 0.235512
v -31.005217 51.391251 1.392377
v -31.005217 51.391251 2.838460
v -31.916348 50.678387 4.284542
v -33.738609 49.252651 1.103161
v -34.877522 48.361568 1.103161
v -36.016438 47.470486 0.813945
v -33.273571 46.311523 1.103160
v -34.412487 45.420441 0.813944
v -35.095833 44.885792 -0.053706
v -36.699783 46.935837 -0.053706
v -45.226894 39.529839 2.838460
v -44.335804 38.390919 2.838460
v -44.335804 38.390919 1.392377
v -45.226894 39.529839 1.392377
v -43.424671 39.103783 -0.342921
v -44.315762 40.242702 -0.342921
v -41.146847 40.885952 0.524728
v -42.037937 42.024872 0.524728
v -40.899021 42.915955 0.524728
v -40.007931 41.777035 0.524728
v -39.987892 43.628822 0.235512
v -39.096802 42.489902 0.235512
v -39.304543 44.163471 -0.632139
v -38.413452 43.024551 -0.632139
v -37.710064 45.410988 -0.632139
v -36.818974 44.272068 -0.632139
v -30.193233 51.292137 2.838460
v -29.302143 50.153217 2.838460
v -29.302143 50.153217 1.392377
v -30.193233 51.292137 1.392377
v -30.213272 49.440353 -0.342921
v -31.104362 50.579273 -0.342921
v -32.491100 47.658184 0.524728
v -33.382191 48.797104 0.524728
v -34.521107 47.906021 0.524728
v -33.630013 46.767101 0.524728
v -35.432236 47.193153 0.235512
v -34.541145 46.054234 0.235512
v -36.115582 46.658504 -0.632139
v -35.224491 45.519585 -0.632139
v -40.958813 47.967083 3.661822
v -40.184147 48.573174 3.661822
v -38.724895 45.111866 3.661822
v -39.416660 44.570629 3.661823
v -40.665882 43.593258 4.727990
v -41.743301 44.970337 4.727994
v -40.494087 45.947720 3.661822
v -40.166191 43.984196 4.120064
v -41.243614 45.361279 4.120064
v -40.984581 43.343910 6.019841
v -42.062004 44.720989 6.019841
v -34.915905 48.092026 6.019841
v -35.993328 49.469105 6.019841
v -39.409492 49.179272 3.661822
v -37.175575 46.324051 3.661822
v -36.483810 46.865284 3.661822
v -35.234596 47.842678 4.727991
v -36.312023 49.219757 4.727993
v -37.561237 48.242374 3.661822
v -35.734280 47.451714 4.120063
v -36.811707 48.828793 4.120063
v -37.950237 45.717957 3.661822
v -40.958813 47.967083 8.377861
v -40.184147 48.573174 8.377861
v -38.724895 45.111866 8.377861
v -39.416660 44.570629 8.377859
v -40.665882 43.593258 7.311692
v -41.743305 44.970337 7.311689
v -40.494091 45.947720 8.377861
v -40.166191 43.984196 7.919618
v -41.243614 45.361279 7.919618
v -40.958813 47.967083 6.019843
v -40.184147 48.573174 6.019842
v -41.243614 45.361279 6.019842
v -40.494087 45.947716 6.019843
v -39.409492 49.179272 8.377861
v -37.175575 46.324051 8.377861
v -36.483810 46.865284 8.377861
v -35.234596 47.842678 7.311691
v -36.312023 49.219753 7.311691
v -37.561237 48.242371 8.377861
v -35.734280 47.451714 7.919619
v -36.811707 48.828793 7.919619
v -39.409492 49.179272 6.019842
v -36.811707 48.828793 6.019842
v -37.561237 48.242371 6.019842
v -37.950237 45.717957 8.377861
v 26.457516 -27.311193 6.019841
v 14.480223 -23.903368 6.019841
v 7.187193 15.396359 6.019841
v -40.304474 41.057110 6.019841
v -17.281437 11.630854 6.019841
v 20.727463 -26.203337 6.019841
v -33.454525 46.416492 6.807011
v -11.754475 18.681170 6.807011
v -54.746792 -4.146359 6.807011
v 13.281626 20.208233 6.807011
v 15.527853 -16.940731 6.807011
v 21.987333 -23.019535 6.807011
v 14.321726 -20.746466 6.807011
v 9.414106 17.926926 6.807011
v -37.602337 43.171253 6.807011
v -14.544847 14.098172 6.807011
v 18.369873 -22.201077 6.807011
v -33.454525 46.416492 6.019841
v -11.754475 18.681170 6.019841
v -54.746792 -4.146359 6.019841
v 13.281626 20.208233 6.019841
v 15.527853 -16.940731 6.019841
v 21.987333 -23.019535 6.019841
v -43.367054 -5.485328 6.019841
v -13.670651 6.165816 6.019841
v -46.616745 -3.947932 6.807011
v 6.601429 34.616230 6.019841
v 34.349236 12.352127 6.019841
v 37.143028 11.706624 6.807011
v 9.356646 34.440865 6.807011
v 41.456448 10.612948 6.807011
v 13.318130 34.148029 6.807011
v 41.452953 10.596848 6.019841
v 13.318440 34.164490 6.019841
v 36.930157 -9.769502 6.019841
v 36.930386 -9.769535 6.807011
v 33.140392 -8.821449 6.807011
v 30.231598 -8.141747 6.019841
v -33.454525 46.416492 5.232671
v -11.754475 18.681170 5.232671
v -54.746792 -4.146359 5.232671
v 13.281626 20.208233 5.232671
v 15.527853 -16.940731 5.232671
v 21.987333 -23.019535 5.232671
v 14.321726 -20.746466 5.232671
v 9.414106 17.926926 5.232671
v -37.602337 43.171253 5.232671
v -14.544847 14.098172 5.232671
v 18.369873 -22.201077 5.232671
v -46.616745 -3.947932 5.232671
v 37.143028 11.706624 5.232671
v 9.356646 34.440865 5.232671
v 41.456448 10.612948 5.232671
v 13.318130 34.148029 5.232671
v 36.930386 -9.769535 5.232671
v 33.140392 -8.821449 5.232671
v -28.998871 34.706684 7.203640
v -29.762732 34.765934 7.203640
v -32.281952 37.914230 7.203640
v -33.582924 37.917179 7.203640
v -37.626534 43.085407 7.203640
v -35.585609 44.682220 7.203640
v -31.614735 39.606956 7.203640
v -31.684824 38.568001 7.203640
v -28.993319 35.199505 7.203640
v -28.573362 34.343807 6.807011
v -29.902628 34.422413 6.807011
v -28.508896 35.214569 6.807011
v -32.518116 37.670013 6.807011
v -31.414330 38.832752 6.807011
v -33.912415 37.641102 6.559896
v -31.285242 39.883034 6.807011
v -37.964897 42.820671 6.559896
v -35.247242 44.946960 6.807011
v -40.593739 43.781574 6.019841
v -40.018864 44.231358 4.467800
v -38.086849 45.742962 4.102764
v -36.175621 47.238300 4.467799
v -35.579956 47.704346 6.019841
v -59.264000 70.169853 6.019841
v -58.745586 70.575462 4.656859
v -57.230114 71.761162 4.336290
v -55.627491 73.015053 4.656859
v -55.196224 73.352470 6.019841
v -47.966862 58.510780 4.182899
v -49.760025 57.107815 4.532676
v -50.287941 56.694771 6.019841
v -45.645782 60.326786 6.019841
v -46.201645 59.891884 4.532676
v -43.067307 52.095226 4.133941
v -44.947742 50.623978 4.493040
v -45.494083 50.196522 6.019841
v -40.640530 53.993927 6.019841
v -41.227322 53.534824 4.493040
v -52.713318 65.046127 4.247834
v -54.389072 63.735020 4.585246
v -54.906178 63.330437 6.019841
v -50.520454 66.761818 6.019841
v -51.027256 66.365295 4.585246
v -40.018864 44.231358 7.571882
v -38.086849 45.742962 7.936918
v -36.175621 47.238300 7.571882
v -58.745586 70.575462 7.382823
v -57.230114 71.761162 7.703392
v -55.627491 73.015053 7.382823
v -47.966862 58.510780 7.856782
v -49.760025 57.107815 7.507006
v -46.201645 59.891884 7.507006
v -43.067307 52.095226 7.905741
v -44.947742 50.623978 7.546642
v -41.227322 53.534824 7.546642
v -52.713318 65.046127 7.791848
v -54.389072 63.735020 7.454435
v -51.027256 66.365295 7.454436
v -60.634548 71.165230 6.019842
v -62.262356 73.555794 6.019842
v -61.880981 75.564995 6.019842
v -60.477863 76.520416 6.019842
v -60.634548 71.165230 4.431188
v -60.156433 71.490791 3.683584
v -62.262356 73.555794 4.431188
v -61.880981 75.564995 4.431188
v -61.458675 73.403229 3.683584
v -61.077297 75.412430 3.683585
v -60.477863 76.520416 4.431189
v -59.439266 71.979134 3.683584
v -60.152298 76.042290 3.683585
v -59.501175 75.086067 3.683585
v -60.187119 74.618988 3.683584
v -60.415947 73.413475 3.683584
v -60.024334 74.379921 4.057386
v -59.338383 74.847000 4.057386
v -60.176888 73.576256 4.057386
v -59.200207 72.141914 4.057386
v -55.437740 74.703896 6.019842
v -57.065548 77.094452 6.019842
v -59.074745 77.475845 6.019842
v -55.437740 74.703896 4.431188
v -55.915855 74.378334 3.683584
v -57.065548 77.094452 4.431188
v -59.074745 77.475845 4.431188
v -57.218098 76.290771 3.683584
v -59.227295 76.672165 3.683585
v -56.633026 73.889977 3.683584
v -58.815228 75.553146 3.683584
v -57.609711 75.324326 3.683584
v -58.652435 75.314079 4.057386
v -57.848766 75.161537 4.057386
v -56.872086 73.727203 4.057386
v -59.856586 73.631226 4.057386
v -59.776077 74.314438 4.057386
v -59.229282 74.686775 4.057386
v -57.083961 71.536201 4.057386
v -58.140945 71.111679 4.057386
v -57.974316 69.827744 3.683584
v -59.169609 69.013847 4.431188
v -60.389015 70.804642 4.431188
v -59.193726 71.618553 3.683584
v -58.941059 72.286705 4.057386
v -58.021412 72.912926 4.057386
v -58.936932 74.257439 4.057386
v -58.691490 69.339401 3.683584
v -59.910892 71.130196 3.683584
v -57.543781 71.223091 4.057386
v -57.221298 71.737892 4.057386
v -59.169609 69.013847 6.019842
v -60.389019 70.804649 6.019842
v -53.972801 72.552513 6.019842
v -55.192207 74.343307 6.019842
v -58.017288 74.883659 4.057386
v -58.682487 75.059113 4.057386
v -56.301643 72.364105 4.057386
v -55.168083 71.738594 3.683584
v -53.972801 72.552513 4.431188
v -55.192207 74.343307 4.431188
v -56.387493 73.529396 3.683584
v -57.101757 73.539131 4.057386
v -54.450909 72.226944 3.683584
v -55.670315 74.017731 3.683584
v -56.624142 71.849319 4.057386
v -60.634548 71.165230 7.608497
v -60.156433 71.490791 8.356100
v -62.262356 73.555794 7.608497
v -61.880981 75.564995 7.608497
v -61.458675 73.403229 8.356100
v -61.077297 75.412430 8.356100
v -60.477863 76.520416 7.608496
v -59.439266 71.979134 8.356100
v -60.152298 76.042290 8.356100
v -59.501175 75.086067 8.356100
v -60.187119 74.618988 8.356100
v -60.415947 73.413475 8.356100
v -60.024334 74.379921 7.982298
v -59.338383 74.847000 7.982298
v -60.176888 73.576256 7.982298
v -59.200207 72.141914 7.982298
v -55.437740 74.703896 7.608497
v -55.915855 74.378334 8.356100
v -57.065548 77.094452 7.608497
v -59.074745 77.475845 7.608497
v -57.218098 76.290771 8.356100
v -59.227295 76.672165 8.356100
v -56.633026 73.889977 8.356100
v -58.815228 75.553146 8.356100
v -57.609711 75.324326 8.356100
v -58.652435 75.314079 7.982298
v -57.848766 75.161537 7.982298
v -56.872086 73.727203 7.982298
v -59.200207 72.141914 6.019842
v -56.872086 73.727203 6.019842
v -60.024334 74.379921 6.019842
v -59.338383 74.847000 6.019842
v -60.176888 73.576256 6.019842
v -58.652435 75.314079 6.019842
v -57.848766 75.161537 6.019842
v -59.856586 73.631226 7.982298
v -59.776077 74.314438 7.982298
v -59.229282 74.686775 7.982298
v -57.083961 71.536201 7.982298
v -58.140945 71.111679 7.982298
v -57.974316 69.827744 8.356100
v -59.169609 69.013847 7.608497
v -60.389019 70.804649 7.608497
v -59.193726 71.618553 8.356100
v -58.941059 72.286705 7.982298
v -58.021412 72.912926 7.982298
v -58.936932 74.257439 7.982298
v -58.691490 69.339401 8.356100
v -59.910892 71.130196 8.356100
v -57.543781 71.223091 7.982298
v -57.221298 71.737892 7.982298
v -59.856586 73.631226 6.019842
v -59.776077 74.314438 6.019842
v -59.229282 74.686775 6.019842
v -57.083961 71.536201 6.019842
v -57.543781 71.223091 6.019842
v -58.140945 71.111679 6.019842
v -57.974316 69.827744 6.019842
v -58.691490 69.339401 6.019842
v -59.910892 71.130196 6.019842
v -59.193726 71.618538 6.019842
v -58.941059 72.286705 6.019842
v -58.017288 74.883659 7.982298
v -58.682487 75.059113 7.982298
v -56.301643 72.364105 7.982298
v -55.168083 71.738594 8.356100
v -53.972797 72.552505 7.608497
v -55.192204 74.343300 7.608497
v -56.387489 73.529396 8.356100
v -57.101757 73.539131 7.982298
v -54.450909 72.226944 8.356100
v -55.670315 74.017731 8.356100
v -56.624142 71.849319 7.982298
v -58.017288 74.883659 6.019842
v -58.682487 75.059113 6.019842
v -56.624142 71.849319 6.019842
v -56.301643 72.364105 6.019842
v -55.168083 71.738594 6.019842
v -54.450909 72.226944 6.019842
v -55.670315 74.017731 6.019842
v -56.387489 73.529396 6.019842
v -57.101757 73.539131 6.019842
v 9.559931 -16.274881 6.807011
v 10.887207 -11.985314 6.807011
v 10.887207 -11.985314 6.019841
v 10.887207 -11.985314 5.232671
v 9.559931 -16.274881 5.232671
v 9.614298 -19.645334 6.019841
v 2.074242 -37.950222 6.019841
v 2.679371 -35.256573 6.807011
v -17.905964 -31.535730 6.807011
v -18.557381 -34.450993 6.019841
v -17.905964 -31.535730 5.232671
v 2.679371 -35.256573 5.232671
v -16.994726 -27.736717 5.232671
v 3.589625 -31.389980 5.232671
v -16.994761 -27.736938 6.019841
v 3.573423 -31.387089 6.019841
v 3.589625 -31.389980 6.807011
v -16.994726 -27.736717 6.807011
v -35.028728 9.201281 6.019841
v -35.042309 9.191961 6.807011
v -32.651981 5.438553 6.807011
v -31.060671 3.053241 6.019841
v -32.651981 5.438553 5.232671
v -35.042309 9.191961 5.232671
v -11.405320 16.554531 6.807011
v -11.405320 16.554531 6.019841
v -11.405320 16.554531 5.232671
v -10.480793 8.474797 5.232671
v -11.721481 5.100658 6.019841
v -10.480793 8.474797 6.807011
vt 0.044291 0.664041
vt 0.039931 0.664041
vt 0.041381 0.662591
vt 0.042831 0.662591
vt 0.044291 0.659681
vt 0.042831 0.661131
vt 0.039931 0.659681
vt 0.041381 0.661131
vt 0.499126 0.548636
vt 0.566572 0.481179
vt 0.634029 0.548636
vt 0.566572 0.616082
vt 0.041211 0.654991
vt 0.039621 0.656591
vt 0.044401 0.656591
vt 0.042811 0.654991
vt 0.044401 0.651801
vt 0.042811 0.653401
vt 0.039621 0.651801
vt 0.041211 0.653401
vt 0.498999 0.548509
vt 0.566445 0.481051
vt 0.633902 0.548509
vt 0.566445 0.615954
vt 0.439176 0.139740
vt 0.432681 0.145687
vt 0.442791 0.143861
vt 0.443033 0.195335
vt 0.431732 0.193611
vt 0.422666 0.204137
vt 0.451411 0.204915
vt 0.422666 0.281838
vt 0.451938 0.281564
vt 0.440108 0.131735
vt 0.426745 0.142888
vt 0.449118 0.139687
vt 0.425413 0.192435
vt 0.413564 0.203236
vt 0.458349 0.204755
vt 0.449666 0.195127
vt 0.413411 0.281758
vt 0.458888 0.281495
vt 0.321874 0.413404
vt 0.300004 0.413404
vt 0.298665 0.402714
vt 0.312602 0.392470
vt 0.414709 0.413404
vt 0.322136 0.392794
vt 0.462626 0.570561
vt 0.471898 0.549626
vt 0.472160 0.570237
vt 0.308416 0.358489
vt 0.308415 0.375639
vt 0.318707 0.344771
vt 0.349570 0.355072
vt 0.458440 0.604542
vt 0.458439 0.587391
vt 0.468731 0.618259
vt 0.564733 0.549626
vt 0.499593 0.607959
vt 0.516735 0.607955
vt 0.533876 0.611382
vt 0.366712 0.355076
vt 0.383852 0.351650
vt 0.394138 0.341360
vt 0.544162 0.621671
vt 0.414709 0.341361
vt 0.564733 0.621670
vt 0.885364 0.022857
vt 0.872456 0.011370
vt 0.889844 0.012858
vt 0.322136 0.434016
vt 0.312601 0.434340
vt 0.298665 0.424095
vt 0.875023 0.022181
vt 0.888146 0.040095
vt 0.897622 0.059364
vt 0.888146 0.061207
vt 0.897622 0.035938
vt 0.888146 0.077302
vt 0.308416 0.468320
vt 0.308415 0.451170
vt 0.897622 0.080055
vt 0.318707 0.482038
vt 0.897622 0.100563
vt 0.349570 0.471738
vt 0.888146 0.099259
vt 0.870728 0.099252
vt 0.870728 0.077232
vt 0.897622 0.134377
vt 0.888146 0.133310
vt 0.870728 0.133310
vt 0.861253 0.100566
vt 0.861253 0.080092
vt 0.870728 0.061088
vt 0.861253 0.059269
vt 0.870728 0.039740
vt 0.458440 0.494710
vt 0.472160 0.529015
vt 0.458439 0.511860
vt 0.861253 0.035624
vt 0.468731 0.480993
vt 0.462626 0.528691
vt 0.499593 0.491293
vt 0.861253 0.134380
vt 0.870728 0.151186
vt 0.516735 0.491297
vt 0.861253 0.150488
vt 0.888146 0.151188
vt 0.861253 0.166629
vt 0.533876 0.487871
vt 0.870728 0.165938
vt 0.897622 0.150475
vt 0.366712 0.471734
vt 0.897622 0.166554
vt 0.383852 0.475160
vt 0.888146 0.165953
vt 0.870728 0.180145
vt 0.888146 0.180126
vt 0.897622 0.181405
vt 0.394138 0.485450
vt 0.861253 0.181355
vt 0.544162 0.477581
vt 0.870728 0.203590
vt 0.888146 0.203590
vt 0.897622 0.203590
vt 0.414709 0.485448
vt 0.861253 0.203590
vt 0.564733 0.477583
vt 0.884681 0.384668
vt 0.888202 0.395102
vt 0.870784 0.395156
vt 0.507544 0.413404
vt 0.529414 0.413404
vt 0.530754 0.424095
vt 0.516817 0.434340
vt 0.507283 0.434016
vt 0.874235 0.384691
vt 0.666840 0.528691
vt 0.657568 0.549626
vt 0.657306 0.529015
vt 0.888146 0.367263
vt 0.888146 0.346027
vt 0.897622 0.347895
vt 0.897622 0.371404
vt 0.888146 0.329901
vt 0.521002 0.468320
vt 0.521003 0.451170
vt 0.897622 0.327154
vt 0.510711 0.482038
vt 0.897622 0.306628
vt 0.479849 0.471738
vt 0.888146 0.307929
vt 0.870728 0.329925
vt 0.870728 0.307922
vt 0.897622 0.272806
vt 0.888146 0.273872
vt 0.870728 0.273868
vt 0.861253 0.306604
vt 0.861253 0.327059
vt 0.870728 0.346037
vt 0.861253 0.347834
vt 0.870728 0.367264
vt 0.671026 0.494710
vt 0.671027 0.511860
vt 0.861253 0.371396
vt 0.660735 0.480993
vt 0.629872 0.491293
vt 0.861253 0.272798
vt 0.870728 0.255993
vt 0.612731 0.491297
vt 0.861253 0.256691
vt 0.888146 0.255993
vt 0.861253 0.240550
vt 0.595590 0.487871
vt 0.870728 0.241242
vt 0.897622 0.256707
vt 0.462707 0.471734
vt 0.897622 0.240627
vt 0.445566 0.475160
vt 0.888146 0.241228
vt 0.870728 0.227035
vt 0.888146 0.227054
vt 0.897622 0.225775
vt 0.435280 0.485450
vt 0.861253 0.225825
vt 0.585304 0.477581
vt 0.507283 0.392794
vt 0.516817 0.392470
vt 0.530754 0.402714
vt 0.521002 0.358489
vt 0.521003 0.375639
vt 0.510711 0.344771
vt 0.479849 0.355072
vt 0.671026 0.604542
vt 0.657306 0.570238
vt 0.671027 0.587392
vt 0.660735 0.618259
vt 0.666840 0.570561
vt 0.629872 0.607959
vt 0.612730 0.607955
vt 0.595589 0.611382
vt 0.462707 0.355076
vt 0.445566 0.351650
vt 0.435280 0.341360
vt 0.585304 0.621671
vt 0.448689 0.560316
vt 0.450028 0.549626
vt 0.448689 0.538936
vt 0.680777 0.538936
vt 0.679438 0.549626
vt 0.680777 0.560316
vt 0.885364 0.022857
vt 0.889844 0.012858
vt 0.872456 0.011370
vt 0.875023 0.022181
vt 0.888146 0.040095
vt 0.888146 0.061207
vt 0.897622 0.059364
vt 0.897622 0.035938
vt 0.888146 0.077302
vt 0.897622 0.080055
vt 0.897622 0.100563
vt 0.888146 0.099259
vt 0.870728 0.077232
vt 0.870728 0.099252
vt 0.897622 0.134377
vt 0.888146 0.133310
vt 0.870728 0.133310
vt 0.861253 0.100566
vt 0.861253 0.080092
vt 0.870728 0.061088
vt 0.861253 0.059269
vt 0.870728 0.039740
vt 0.861253 0.035624
vt 0.861253 0.134380
vt 0.870728 0.151186
vt 0.861253 0.150488
vt 0.888146 0.151188
vt 0.861253 0.166629
vt 0.870728 0.165938
vt 0.897622 0.150475
vt 0.897622 0.166554
vt 0.888146 0.165953
vt 0.870728 0.180145
vt 0.888146 0.180126
vt 0.897622 0.181405
vt 0.861253 0.181355
vt 0.870728 0.203590
vt 0.888146 0.203590
vt 0.897622 0.203590
vt 0.861253 0.203590
vt 0.884681 0.384668
vt 0.870784 0.395156
vt 0.888202 0.395102
vt 0.874235 0.384691
vt 0.888146 0.367263
vt 0.897622 0.347895
vt 0.888146 0.346027
vt 0.897622 0.371404
vt 0.888146 0.329901
vt 0.897622 0.327154
vt 0.897622 0.306628
vt 0.888146 0.307929
vt 0.870728 0.307922
vt 0.870728 0.329925
vt 0.897622 0.272806
vt 0.888146 0.273872
vt 0.870728 0.273868
vt 0.861253 0.306604
vt 0.861253 0.327059
vt 0.870728 0.346037
vt 0.861253 0.347834
vt 0.870728 0.367264
vt 0.861253 0.371396
vt 0.861253 0.272798
vt 0.870728 0.255993
vt 0.861253 0.256691
vt 0.888146 0.255993
vt 0.861253 0.240550
vt 0.870728 0.241242
vt 0.897622 0.256707
vt 0.897622 0.240627
vt 0.888146 0.241228
vt 0.870728 0.227035
vt 0.888146 0.227054
vt 0.897622 0.225775
vt 0.861253 0.225825
vt 0.553570 0.409184
vt 0.545469 0.410283
vt 0.545439 0.433308
vt 0.553545 0.432237
vt 0.565972 0.408321
vt 0.565955 0.431395
vt 0.540783 0.412539
vt 0.540749 0.435506
vt 0.628183 0.408776
vt 0.628209 0.431832
vt 0.636828 0.432811
vt 0.636796 0.409783
vt 0.615393 0.408050
vt 0.615410 0.431126
vt 0.642599 0.434953
vt 0.642564 0.411982
vt 0.603754 0.455993
vt 0.603735 0.408114
vt 0.590682 0.408185
vt 0.590682 0.456064
vt 0.577628 0.408257
vt 0.577610 0.456135
vt 0.800335 0.731007
vt 0.800335 0.758975
vt 0.775757 0.758975
vt 0.775757 0.731007
vt 0.812001 0.731007
vt 0.812001 0.758975
vt 0.756945 0.746329
vt 0.752145 0.731007
vt 0.764470 0.731007
vt 0.764470 0.753540
vt 0.553570 0.409184
vt 0.553545 0.432237
vt 0.545439 0.433308
vt 0.545469 0.410283
vt 0.565972 0.408321
vt 0.565955 0.431395
vt 0.540749 0.435506
vt 0.540783 0.412539
vt 0.800335 0.703039
vt 0.812001 0.703039
vt 0.756945 0.715685
vt 0.764470 0.708474
vt 0.775758 0.703039
vt 0.628183 0.408776
vt 0.636796 0.409783
vt 0.636828 0.432811
vt 0.628209 0.431832
vt 0.615393 0.408050
vt 0.615410 0.431126
vt 0.642564 0.411982
vt 0.642599 0.434953
vt 0.823667 0.731007
vt 0.823667 0.703039
vt 0.848244 0.703039
vt 0.848244 0.731007
vt 0.867057 0.715684
vt 0.871856 0.731007
vt 0.859532 0.731007
vt 0.859532 0.708474
vt 0.823667 0.758975
vt 0.867057 0.746329
vt 0.859532 0.753539
vt 0.848244 0.758975
vt 0.603754 0.455993
vt 0.590682 0.456064
vt 0.590682 0.408185
vt 0.603735 0.408114
vt 0.577610 0.456135
vt 0.577628 0.408257
vt 0.089782 0.109007
vt 0.085387 0.155112
vt 0.063931 0.137734
vt 0.071205 0.093788
vt 0.051174 0.121056
vt 0.059013 0.078702
vt 0.087690 0.069054
vt 0.083765 0.040784
vt 0.036791 0.714721
vt 0.046691 0.902038
vt 0.018342 0.903133
vt 0.010949 0.714128
vt 0.068970 0.728371
vt 0.070156 0.902779
vt 0.061323 0.714657
vt 0.035061 0.664536
vt 0.008150 0.666152
vt 0.111533 0.011025
vt 0.099469 0.049558
vt 0.075590 0.729560
vt 0.076779 0.903577
vt 0.067955 0.715866
vt 0.096367 0.111083
vt 0.091978 0.157124
vt 0.106039 0.051716
vt 0.014462 0.650782
vt 0.025817 0.397634
vt 0.036912 0.252489
vt 0.054344 0.250738
vt 0.045814 0.396134
vt 0.078046 0.250641
vt 0.069265 0.395934
vt 0.084642 0.252633
vt 0.075881 0.397607
vt 0.085387 0.155112
vt 0.078046 0.250641
vt 0.054344 0.250738
vt 0.063931 0.137734
vt 0.036912 0.252489
vt 0.051174 0.121056
vt 0.061323 0.714657
vt 0.065439 0.543535
vt 0.072067 0.544878
vt 0.067955 0.715866
vt 0.091978 0.157124
vt 0.084642 0.252633
vt 0.035061 0.664536
vt 0.014462 0.650782
vt 0.019568 0.545084
vt 0.037769 0.543853
vt 0.065439 0.543535
vt 0.069265 0.395934
vt 0.075881 0.397607
vt 0.072067 0.544878
vt 0.037769 0.543853
vt 0.045814 0.396134
vt 0.019568 0.545084
vt 0.025817 0.397634
vt 0.089782 0.109007
vt 0.071205 0.093788
vt 0.063931 0.137734
vt 0.085387 0.155112
vt 0.059013 0.078702
vt 0.051174 0.121056
vt 0.087690 0.069054
vt 0.083765 0.040784
vt 0.036791 0.714721
vt 0.010949 0.714128
vt 0.018342 0.903133
vt 0.046691 0.902038
vt 0.068970 0.728371
vt 0.070156 0.902779
vt 0.061323 0.714657
vt 0.035061 0.664536
vt 0.008150 0.666152
vt 0.111533 0.011025
vt 0.099469 0.049558
vt 0.076779 0.903577
vt 0.075590 0.729560
vt 0.067955 0.715866
vt 0.091978 0.157124
vt 0.096367 0.111083
vt 0.106039 0.051716
vt 0.014462 0.650782
vt 0.025817 0.397634
vt 0.045814 0.396134
vt 0.054344 0.250738
vt 0.036912 0.252489
vt 0.069265 0.395934
vt 0.078046 0.250641
vt 0.075881 0.397607
vt 0.084642 0.252633
vt 0.085387 0.155112
vt 0.063931 0.137734
vt 0.054344 0.250738
vt 0.078046 0.250641
vt 0.051174 0.121056
vt 0.036912 0.252489
vt 0.061323 0.714657
vt 0.067955 0.715866
vt 0.072067 0.544878
vt 0.065439 0.543535
vt 0.084642 0.252633
vt 0.091978 0.157124
vt 0.035061 0.664536
vt 0.037769 0.543853
vt 0.019568 0.545084
vt 0.014462 0.650782
vt 0.065439 0.543535
vt 0.072067 0.544878
vt 0.075881 0.397607
vt 0.069265 0.395934
vt 0.037769 0.543853
vt 0.045814 0.396134
vt 0.019568 0.545084
vt 0.025817 0.397634
vt 0.439176 0.139740
vt 0.442791 0.143861
vt 0.432681 0.145687
vt 0.443033 0.195335
vt 0.451411 0.204915
vt 0.422666 0.204137
vt 0.431732 0.193611
vt 0.451938 0.281564
vt 0.422666 0.281838
vt 0.426745 0.142888
vt 0.440108 0.131735
vt 0.449118 0.139687
vt 0.413564 0.203236
vt 0.425413 0.192435
vt 0.449666 0.195127
vt 0.458349 0.204755
vt 0.413411 0.281758
vt 0.458888 0.281495
vt 0.546740 -0.001314
vt 0.550200 0.108393
vt 0.566672 0.108393
vt 0.563213 -0.001314
vt 0.589285 0.108393
vt 0.585826 -0.001314
vt 0.611712 0.108393
vt 0.608253 -0.001314
vt 0.627603 0.108393
vt 0.624143 -0.001314
vt 0.566672 0.205380
vt 0.566672 0.302377
vt 0.589285 0.302377
vt 0.589285 0.205380
vt 0.550200 0.205380
vt 0.550200 0.302377
vt 0.611712 0.205380
vt 0.611712 0.302377
vt 0.627603 0.302377
vt 0.627603 0.205380
vt 0.566672 0.399538
vt 0.589285 0.399538
vt 0.550200 0.399538
vt 0.611712 0.399538
vt 0.627603 0.399538
vt 0.546740 -0.001314
vt 0.563213 -0.001314
vt 0.566672 0.108393
vt 0.550200 0.108393
vt 0.585826 -0.001314
vt 0.589285 0.108393
vt 0.608253 -0.001314
vt 0.611712 0.108393
vt 0.624143 -0.001314
vt 0.627603 0.108393
vt 0.566672 0.205380
vt 0.589285 0.205380
vt 0.589285 0.302377
vt 0.566672 0.302377
vt 0.550200 0.205380
vt 0.550200 0.302377
vt 0.611712 0.205380
vt 0.627603 0.205380
vt 0.627603 0.302377
vt 0.611712 0.302377
vt 0.589285 0.399538
vt 0.566672 0.399538
vt 0.550200 0.399538
vt 0.627603 0.399538
vt 0.611712 0.399538
vt 0.231312 0.669296
vt 0.253116 0.696373
vt 0.245063 0.656805
vt 0.264773 0.683727
vt 0.277827 0.711100
vt 0.283743 0.694386
vt 0.301668 0.714769
vt 0.270212 0.672203
vt 0.255303 0.650063
vt 0.289980 0.683177
vt 0.301668 0.695124
vt 0.264876 0.644475
vt 0.301668 0.683259
vt 0.301668 0.668812
vt 0.290671 0.669438
vt 0.276637 0.661862
vt 0.301667 0.663247
vt 0.290757 0.663645
vt 0.281466 0.658742
vt 0.269670 0.641382
vt 0.372829 0.669410
vt 0.358272 0.656804
vt 0.350220 0.697639
vt 0.338563 0.683727
vt 0.325624 0.711791
vt 0.319593 0.694386
vt 0.333123 0.672202
vt 0.348032 0.650063
vt 0.313355 0.683177
vt 0.338459 0.644474
vt 0.312664 0.669438
vt 0.326698 0.661862
vt 0.312578 0.663645
vt 0.321869 0.658742
vt 0.333665 0.641381
vt 0.925163 0.364452
vt 0.925075 0.375663
vt 0.950771 0.375863
vt 0.950859 0.364652
vt 0.939006 0.346035
vt 0.925243 0.354161
vt 0.950939 0.354362
vt 0.955867 0.346166
vt 0.975159 0.346317
vt 0.981362 0.341015
vt 0.981423 0.333169
vt 0.975262 0.333121
vt 0.955970 0.332970
vt 0.939109 0.332839
vt 0.936215 0.332816
vt 0.936164 0.339414
vt 0.924928 0.394505
vt 0.950625 0.394705
vt 0.925657 0.301012
vt 0.951353 0.301213
vt 0.951441 0.290002
vt 0.925745 0.289801
vt 0.939212 0.319643
vt 0.956073 0.319774
vt 0.951273 0.311504
vt 0.925577 0.311303
vt 0.975365 0.319925
vt 0.981484 0.325323
vt 0.936267 0.326218
vt 0.951588 0.271160
vt 0.925892 0.270959
vt 0.231312 0.669296
vt 0.245063 0.656805
vt 0.253116 0.696373
vt 0.264773 0.683727
vt 0.277827 0.711100
vt 0.283743 0.694386
vt 0.301668 0.714769
vt 0.270212 0.672203
vt 0.255303 0.650063
vt 0.289980 0.683177
vt 0.301668 0.695124
vt 0.264876 0.644475
vt 0.301668 0.683259
vt 0.301668 0.668812
vt 0.290671 0.669438
vt 0.276637 0.661862
vt 0.290757 0.663645
vt 0.301667 0.663247
vt 0.281466 0.658742
vt 0.269670 0.641382
vt 0.372829 0.669410
vt 0.350220 0.697639
vt 0.358272 0.656804
vt 0.338563 0.683727
vt 0.325624 0.711791
vt 0.319593 0.694386
vt 0.333123 0.672202
vt 0.348032 0.650063
vt 0.313355 0.683177
vt 0.338459 0.644474
vt 0.312664 0.669438
vt 0.326698 0.661862
vt 0.312578 0.663645
vt 0.321869 0.658742
vt 0.333665 0.641381
vt 0.961697 0.125928
vt 0.952830 0.132788
vt 0.957263 0.112206
vt 0.961697 0.115637
vt 0.915145 0.132788
vt 0.906277 0.125928
vt 0.906277 0.115637
vt 0.910711 0.112207
vt 0.906277 0.018231
vt 0.915144 0.011371
vt 0.910711 0.031953
vt 0.906277 0.028522
vt 0.952829 0.011371
vt 0.961696 0.018231
vt 0.961696 0.028522
vt 0.957263 0.031952
vt 0.933987 0.132788
vt 0.933987 0.112206
vt 0.933987 0.011371
vt 0.933987 0.031952
vt 0.910711 0.081922
vt 0.910711 0.072080
vt 0.933987 0.072079
vt 0.933987 0.081922
vt 0.910711 0.091625
vt 0.933987 0.091625
vt 0.957263 0.072079
vt 0.957263 0.081922
vt 0.957263 0.091625
vt 0.957263 0.062236
vt 0.933987 0.062237
vt 0.957263 0.052534
vt 0.933987 0.052534
vt 0.910711 0.062237
vt 0.910711 0.052534
vt 0.404956 0.743966
vt 0.404956 0.720690
vt 0.413115 0.720690
vt 0.413115 0.743966
vt 0.420962 0.720690
vt 0.420961 0.743966
vt 0.910711 0.187611
vt 0.933987 0.187611
vt 0.933987 0.194209
vt 0.910711 0.194209
vt 0.910711 0.201414
vt 0.933987 0.201414
vt 0.933987 0.216770
vt 0.906277 0.216770
vt 0.933987 0.227061
vt 0.906277 0.227061
vt 0.361090 0.739532
vt 0.361090 0.720690
vt 0.366899 0.720690
vt 0.366899 0.748399
vt 0.377190 0.748399
vt 0.377190 0.720690
vt 0.385663 0.720690
vt 0.385663 0.743966
vt 0.933987 0.233922
vt 0.915144 0.233922
vt 0.925163 0.364452
vt 0.950859 0.364652
vt 0.950771 0.375863
vt 0.925075 0.375663
vt 0.939006 0.346035
vt 0.955867 0.346166
vt 0.950939 0.354362
vt 0.925243 0.354161
vt 0.975159 0.346317
vt 0.975262 0.333121
vt 0.981423 0.333169
vt 0.981362 0.341015
vt 0.955970 0.332970
vt 0.939109 0.332839
vt 0.936164 0.339414
vt 0.936215 0.332816
vt 0.950625 0.394705
vt 0.924928 0.394505
vt 0.404956 0.697414
vt 0.413115 0.697414
vt 0.420961 0.697414
vt 0.957263 0.187611
vt 0.957263 0.194209
vt 0.957263 0.201414
vt 0.961696 0.216770
vt 0.961697 0.227061
vt 0.361090 0.701847
vt 0.366899 0.692980
vt 0.377190 0.692980
vt 0.385663 0.697414
vt 0.952829 0.233922
vt 0.925657 0.301012
vt 0.925745 0.289801
vt 0.951441 0.290002
vt 0.951353 0.301213
vt 0.939212 0.319643
vt 0.925577 0.311303
vt 0.951273 0.311504
vt 0.956073 0.319774
vt 0.975365 0.319925
vt 0.981484 0.325323
vt 0.936267 0.326218
vt 0.925892 0.270959
vt 0.951588 0.271160
vt 0.436967 0.697414
vt 0.436967 0.720690
vt 0.428808 0.720690
vt 0.428808 0.697414
vt 0.933987 0.181013
vt 0.957263 0.181013
vt 0.957263 0.173808
vt 0.933987 0.173808
vt 0.933987 0.158452
vt 0.961696 0.158452
vt 0.933987 0.148161
vt 0.961696 0.148161
vt 0.481884 0.701847
vt 0.481884 0.720690
vt 0.475024 0.720690
vt 0.475024 0.692980
vt 0.464733 0.692980
vt 0.464733 0.720690
vt 0.456260 0.720690
vt 0.456260 0.697414
vt 0.933987 0.141301
vt 0.952829 0.141301
vt 0.436967 0.743966
vt 0.428808 0.743966
vt 0.910711 0.181013
vt 0.910711 0.173808
vt 0.906277 0.158452
vt 0.906277 0.148161
vt 0.481884 0.739532
vt 0.475024 0.748399
vt 0.464733 0.748399
vt 0.456260 0.743966
vt 0.915144 0.141301
vn 0.248722 0.248722 0.936096
vn 0.248722 0.248722 0.936096
vn 0.248722 0.248722 0.936096
vn 0.153151 -0.051050 0.986883
vn 0.255859 0.085290 0.962944
vn 0.063960 0.191880 0.979332
vn 0.085290 -0.255859 0.962944
vn 0.255859 0.085290 0.962944
vn 0.153151 -0.051050 0.986883
vn -0.063960 -0.191880 0.979332
vn 0.085290 -0.255859 0.962944
vn 0.153151 -0.051050 0.986883
vn -0.255849 -0.085290 0.962947
vn 0.085290 -0.255859 0.962944
vn -0.063960 -0.191880 0.979332
vn -0.153151 0.051050 0.986883
vn -0.255849 -0.085290 0.962947
vn -0.063960 -0.191880 0.979332
vn -0.085280 0.255859 0.962945
vn -0.255849 -0.085290 0.962947
vn -0.153151 0.051050 0.986883
vn 0.063960 0.191880 0.979332
vn -0.085280 0.255859 0.962945
vn -0.153151 0.051050 0.986883
vn -0.153151 0.051050 0.986883
vn -0.063960 -0.191880 0.979332
vn 0.153151 -0.051050 0.986883
vn 0.063960 0.191880 0.979332
vn -0.153151 0.051050 0.986883
vn 0.153151 -0.051050 0.986883
vn 0.063960 0.191880 -0.979332
vn -0.085280 0.255859 -0.962945
vn 0.255859 0.085290 -0.962944
vn 0.153151 -0.051050 -0.986883
vn 0.063960 0.191880 -0.979332
vn 0.255859 0.085290 -0.962944
vn 0.153151 -0.051050 -0.986883
vn 0.255859 0.085290 -0.962944
vn 0.085290 -0.255859 -0.962944
vn -0.063960 -0.191880 -0.979332
vn 0.153151 -0.051050 -0.986883
vn 0.085290 -0.255859 -0.962944
vn -0.063960 -0.191880 -0.979332
vn 0.085290 -0.255859 -0.962944
vn -0.255849 -0.085290 -0.962947
vn -0.153151 0.051050 -0.986883
vn -0.063960 -0.191880 -0.979332
vn -0.255849 -0.085290 -0.962947
vn -0.153151 0.051050 -0.986883
vn -0.255849 -0.085290 -0.962947
vn -0.085280 0.255859 -0.962945
vn 0.063960 0.191880 -0.979332
vn -0.153151 0.051050 -0.986883
vn -0.085280 0.255859 -0.962945
vn 0.153151 -0.051050 -0.986883
vn -0.063960 -0.191880 -0.979332
vn -0.153151 0.051050 -0.986883
vn 0.063960 0.191880 -0.979332
vn 0.153151 -0.051050 -0.986883
vn -0.153151 0.051050 -0.986883
vn 0.000000 0.000000 -1.000000
vn 0.000000 0.000000 -1.000000
vn 0.000000 0.000000 -1.000000
vn 0.000000 0.000000 -1.000000
vn 0.000000 0.000000 -1.000000
vn 0.000000 0.000000 -1.000000
vn 0.000000 0.000000 -1.000000
vn -0.000000 0.000000 -1.000000
vn -0.000000 0.000000 -1.000000
vn -0.000000 0.000000 -1.000000
vn 0.000000 0.000000 -1.000000
vn 0.000000 0.000000 -1.000000
vn 0.000000 0.000000 -1.000000
vn 0.000000 0.000000 -1.000000
vn 0.000000 0.000000 -1.000000
vn -0.044979 -0.760619 -0.647639
vn -0.051043 -0.753023 -0.656012
vn -0.046952 -0.758162 -0.650374
vn -0.057746 -0.744470 -0.665154
vn 0.633620 -0.007141 -0.773612
vn 0.650845 -0.035649 -0.758373
vn 0.651319 -0.036454 -0.757928
vn 0.658478 -0.048751 -0.751019
vn -0.001929 -0.851015 -0.525139
vn -0.020340 -0.872121 -0.488867
vn -0.047323 -0.899819 -0.433689
vn -0.055141 -0.907117 -0.417250
vn 0.797986 -0.098077 -0.594642
vn 0.830051 -0.068671 -0.553443
vn 0.809580 -0.087784 -0.580409
vn 0.842074 -0.056808 -0.536362
vn -0.655096 -0.512544 -0.555111
vn -0.655094 -0.512544 -0.555113
vn -0.655095 -0.512544 -0.555111
vn -0.655094 -0.512544 -0.555114
vn 0.534239 0.417987 -0.734762
vn 0.534245 0.417993 -0.734755
vn 0.534240 0.417987 -0.734762
vn 0.534245 0.417993 -0.734754
vn -0.602848 -0.485510 -0.633131
vn -0.595658 -0.476882 -0.646355
vn -0.602333 -0.484889 -0.634096
vn -0.595036 -0.476139 -0.647475
vn 0.566547 0.452685 -0.688550
vn 0.565769 0.452267 -0.689463
vn 0.558462 0.448323 -0.697945
vn 0.557978 0.448061 -0.698500
vn 0.564376 -0.825518 0.000000
vn 0.142796 -0.989752 0.000001
vn 0.180259 -0.971653 -0.152960
vn 0.190634 -0.939164 -0.285711
vn 0.616205 -0.787585 -0.000000
vn 0.596074 -0.802929 -0.000001
vn -0.899737 0.408753 -0.152952
vn -0.665489 0.746407 0.000000
vn -0.635940 0.771739 0.000001
vn 0.616202 -0.787588 0.000000
vn 0.616205 -0.787586 0.000000
vn 0.616204 -0.787587 0.000000
vn 0.616205 -0.787586 -0.000001
vn -0.616203 0.787587 0.000001
vn -0.616205 0.787586 0.000000
vn -0.616204 0.787587 0.000001
vn -0.616205 0.787586 -0.000000
vn -0.616205 0.787586 0.000001
vn -0.616206 0.787585 -0.000001
vn -0.616206 0.787585 -0.000001
vn 0.616207 -0.787584 0.000000
vn 0.616205 -0.787586 0.000001
vn 0.616204 -0.787587 0.000001
vn -0.616205 0.787586 0.000000
vn 0.616205 -0.787586 0.000000
vn -0.616205 0.787586 0.000000
vn -0.415384 -0.760181 0.499582
vn -0.914102 0.405483 0.000001
vn 0.584455 -0.811341 -0.011776
vn -0.306503 -0.948074 -0.084925
vn -0.857881 -0.138473 0.494838
vn 0.257742 -0.950674 -0.172593
vn -0.573004 -0.742157 -0.347663
vn -0.586480 -0.744254 0.319573
vn 0.420453 -0.903276 0.085516
vn 0.571595 -0.787617 0.230084
vn 0.623637 -0.779973 0.052153
vn -0.025801 -0.314755 0.948822
vn -0.311718 0.050680 0.948822
vn -0.863492 -0.390200 0.319572
vn 0.318998 -0.092272 0.943253
vn -0.012821 0.331833 0.943251
vn -0.626966 0.744299 0.230070
vn -0.775580 0.625430 0.085510
vn -0.858214 -0.377622 -0.347664
vn -0.860734 0.478906 -0.172584
vn -0.991626 -0.056687 -0.116036
vn -0.646898 0.762485 -0.011776
vn -0.607029 0.792967 0.052148
vn -0.267770 0.172334 0.947945
vn -0.620459 0.778955 0.090890
vn 0.102848 -0.301361 0.947947
vn -0.638435 0.767664 0.055611
vn -0.572321 -0.031621 0.819420
vn 0.606806 -0.789636 0.090896
vn 0.591520 -0.804370 0.055613
vn -0.168390 -0.547899 0.819422
vn -0.381605 0.031812 0.923778
vn -0.060931 -0.378049 0.923779
vn 0.581838 -0.803635 0.125042
vn -0.640049 0.758092 0.125035
vn -0.157346 0.201107 0.966850
vn 0.157344 -0.201105 0.966850
vn 0.613889 -0.784625 0.086632
vn -0.613889 0.784625 0.086626
vn 0.837786 0.220299 0.499583
vn 0.926328 -0.376719 0.000001
vn -0.173657 0.984806 0.000001
vn 0.665492 -0.746405 -0.000000
vn 0.993967 0.069410 -0.084926
vn 0.646900 -0.762484 -0.011777
vn 0.340796 0.799369 0.494840
vn 0.293592 0.948862 -0.116034
vn -0.564379 0.825516 0.000000
vn -0.584458 0.811339 -0.011776
vn 0.858212 0.377625 -0.347666
vn 0.860743 -0.478888 -0.172591
vn 0.863490 0.390202 0.319575
vn 0.775590 -0.625418 0.085516
vn 0.626966 -0.744294 0.230086
vn 0.607028 -0.792967 0.052150
vn 0.311718 -0.050681 0.948822
vn 0.586478 0.744255 0.319575
vn 0.025800 0.314755 0.948822
vn 0.012817 -0.331830 0.943252
vn -0.319002 0.092279 0.943251
vn -0.571600 0.787617 0.230071
vn -0.420466 0.903270 0.085509
vn 0.573002 0.742158 -0.347664
vn -0.257765 0.950670 -0.172581
vn -0.623636 0.779973 0.052148
vn -0.102851 0.301365 0.947946
vn -0.606806 0.789636 0.090891
vn 0.267766 -0.172328 0.947948
vn -0.591520 0.804371 0.055610
vn 0.168384 0.547902 0.819421
vn 0.620458 -0.778954 0.090899
vn 0.638435 -0.767664 0.055614
vn 0.572319 0.031627 0.819421
vn 0.060929 0.378051 0.923778
vn 0.381604 -0.031811 0.923779
vn 0.640050 -0.758090 0.125043
vn -0.581840 0.803634 0.125037
vn 0.635941 -0.771738 0.000001
vn 0.899746 -0.408731 -0.152959
vn 0.865715 -0.410979 -0.285717
vn 0.616202 -0.787588 0.000000
vn 0.616205 -0.787586 0.000000
vn 0.616205 -0.787586 0.000000
vn 0.616206 -0.787585 0.000001
vn -0.616204 0.787587 -0.000002
vn -0.596075 0.802928 0.000000
vn -0.616205 0.787586 0.000000
vn -0.616205 0.787586 -0.000001
vn -0.180285 0.971650 -0.152950
vn -0.616205 0.787586 -0.000000
vn -0.616207 0.787584 -0.000002
vn -0.616204 0.787587 0.000000
vn 0.616205 -0.787586 -0.000002
vn 0.616204 -0.787587 0.000000
vn 0.616205 -0.787586 0.000000
vn -0.616205 0.787586 0.000000
vn -0.865713 0.410985 -0.285712
vn -0.190629 0.939160 -0.285727
vn -0.787585 -0.616207 -0.000003
vn -0.787584 -0.616207 -0.000003
vn -0.787584 -0.616207 -0.000003
vn -0.787584 -0.616208 -0.000005
vn -0.787584 -0.616208 -0.000005
vn -0.787584 -0.616208 -0.000005
vn -0.105488 -0.863967 0.492375
vn -0.105488 -0.863967 0.492375
vn -0.105488 -0.863967 0.492375
vn -0.105492 -0.863969 0.492371
vn -0.105492 -0.863969 0.492371
vn -0.105492 -0.863969 0.492371
vn -0.121198 -0.992628 0.000000
vn -0.121198 -0.992628 0.000000
vn -0.121198 -0.992628 0.000000
vn -0.121197 -0.992629 0.000000
vn -0.121197 -0.992628 0.000000
vn -0.121197 -0.992628 0.000000
vn -0.107071 -0.876934 -0.468533
vn -0.107071 -0.876934 -0.468533
vn -0.107071 -0.876934 -0.468533
vn -0.041014 -0.916459 -0.398021
vn -0.041014 -0.916459 -0.398021
vn -0.041014 -0.916459 -0.398021
vn -0.655311 -0.512716 -0.554698
vn -0.655311 -0.512716 -0.554698
vn -0.655311 -0.512716 -0.554698
vn -0.655311 -0.512716 -0.554699
vn -0.655311 -0.512716 -0.554699
vn -0.655311 -0.512716 -0.554699
vn 0.604781 -0.400671 -0.688261
vn 0.604781 -0.400671 -0.688261
vn 0.604781 -0.400671 -0.688261
vn 0.564548 -0.359934 -0.742787
vn 0.564548 -0.359934 -0.742787
vn 0.564548 -0.359934 -0.742787
vn 0.226310 0.177065 -0.957827
vn 0.226310 0.177065 -0.957827
vn 0.226310 0.177065 -0.957827
vn 0.226310 0.177064 -0.957827
vn 0.226310 0.177064 -0.957827
vn 0.226310 0.177064 -0.957827
vn -0.899407 0.180702 -0.398012
vn -0.899407 0.180702 -0.398012
vn -0.899407 0.180702 -0.398012
vn -0.213562 0.634580 -0.742765
vn -0.213562 0.634580 -0.742765
vn -0.213562 0.634580 -0.742765
vn -0.876942 0.107087 -0.468514
vn -0.876942 0.107087 -0.468514
vn -0.876942 0.107087 -0.468514
vn -0.992628 0.121202 0.000000
vn -0.992628 0.121202 0.000000
vn -0.992628 0.121202 0.000000
vn -0.992628 0.121202 0.000000
vn -0.992628 0.121202 0.000000
vn -0.992628 0.121202 0.000000
vn -0.863976 0.105493 0.492359
vn -0.863975 0.105493 0.492359
vn -0.863976 0.105493 0.492359
vn -0.863973 0.105493 0.492363
vn -0.863973 0.105493 0.492363
vn -0.863973 0.105493 0.492363
vn -0.243429 0.683425 -0.688238
vn -0.243429 0.683425 -0.688238
vn -0.243429 0.683425 -0.688238
vn -0.435732 0.556920 -0.707091
vn -0.435732 0.556920 -0.707091
vn -0.435732 0.556920 -0.707091
vn -0.000000 0.000000 -1.000000
vn -0.000000 0.000000 -1.000000
vn -0.000000 0.000000 -1.000000
vn -0.435732 0.556918 -0.707092
vn -0.435732 0.556918 -0.707093
vn -0.435732 0.556918 -0.707092
vn 0.000000 0.000000 -1.000000
vn 0.000000 0.000000 -1.000000
vn 0.000000 0.000000 -1.000000
vn 0.435715 -0.556900 -0.707117
vn 0.435715 -0.556900 -0.707117
vn 0.435715 -0.556900 -0.707117
vn -0.541721 0.465149 -0.700125
vn -0.541721 0.465149 -0.700125
vn -0.541721 0.465149 -0.700125
vn -0.583381 0.479745 -0.655371
vn -0.583381 0.479745 -0.655371
vn -0.583381 0.479745 -0.655371
vn -0.191018 -0.149453 -0.970142
vn -0.191018 -0.149453 -0.970142
vn -0.191018 -0.149453 -0.970142
vn 0.435717 -0.556895 -0.707120
vn 0.435717 -0.556895 -0.707120
vn 0.435717 -0.556895 -0.707120
vn 0.321137 -0.637700 -0.700150
vn 0.321137 -0.637700 -0.700150
vn 0.321137 -0.637700 -0.700150
vn -0.191018 -0.149451 -0.970143
vn -0.191018 -0.149451 -0.970143
vn -0.191018 -0.149451 -0.970143
vn 0.325284 -0.681653 -0.655392
vn 0.325284 -0.681653 -0.655392
vn 0.325284 -0.681653 -0.655392
vn -0.830394 0.274169 -0.485053
vn -0.830394 0.274169 -0.485053
vn -0.830394 0.274169 -0.485053
vn -0.556907 -0.435723 -0.707107
vn -0.556907 -0.435723 -0.707107
vn -0.556907 -0.435723 -0.707107
vn -0.556909 -0.435725 -0.707104
vn -0.556909 -0.435725 -0.707104
vn -0.556909 -0.435725 -0.707104
vn 0.066306 -0.871951 -0.485082
vn 0.066306 -0.871951 -0.485082
vn 0.066306 -0.871951 -0.485082
vn 0.066306 -0.871955 -0.485076
vn 0.066306 -0.871955 -0.485076
vn 0.066306 -0.871955 -0.485076
vn -0.830391 0.274164 -0.485062
vn -0.830391 0.274164 -0.485062
vn -0.830391 0.274164 -0.485062
vn 0.000000 0.000000 -1.000000
vn 0.000000 0.000000 -1.000000
vn 0.000000 0.000000 -1.000000
vn -0.435734 0.556920 -0.707090
vn -0.435734 0.556920 -0.707090
vn -0.435734 0.556920 -0.707090
vn 0.435719 -0.556902 -0.707113
vn 0.435719 -0.556902 -0.707113
vn 0.435719 -0.556902 -0.707113
vn 0.000000 0.000000 -1.000000
vn 0.000000 0.000000 -1.000000
vn 0.000000 0.000000 -1.000000
vn 0.435716 -0.556895 -0.707121
vn 0.435716 -0.556895 -0.707121
vn 0.435716 -0.556895 -0.707121
vn -0.435734 0.556918 -0.707091
vn -0.435734 0.556918 -0.707091
vn -0.435734 0.556918 -0.707091
vn -0.787585 -0.616206 0.000000
vn -0.787585 -0.616206 0.000000
vn -0.787585 -0.616206 0.000000
vn -0.787585 -0.616206 0.000000
vn -0.614999 -0.481176 0.624696
vn -0.615001 -0.481176 0.624694
vn -0.615001 -0.481176 0.624695
vn -0.615003 -0.481175 0.624693
vn -0.472551 -0.369722 -0.800000
vn -0.472551 -0.369725 -0.800000
vn -0.472551 -0.369724 -0.800000
vn -0.472549 -0.369730 -0.799998
vn 0.787584 0.616207 -0.000005
vn 0.787584 0.616207 -0.000005
vn 0.787584 0.616207 -0.000005
vn 0.787583 0.616208 0.000005
vn 0.787583 0.616208 0.000005
vn 0.787583 0.616208 0.000005
vn 0.863972 -0.105467 0.492372
vn 0.863972 -0.105467 0.492372
vn 0.863972 -0.105467 0.492372
vn 0.863970 -0.105467 0.492374
vn 0.863970 -0.105467 0.492374
vn 0.863970 -0.105467 0.492374
vn 0.992632 -0.121172 0.000000
vn 0.992631 -0.121172 0.000000
vn 0.992631 -0.121172 0.000000
vn 0.992632 -0.121166 0.000001
vn 0.992632 -0.121166 0.000001
vn 0.992632 -0.121166 0.000001
vn 0.876937 -0.107046 -0.468533
vn 0.876937 -0.107046 -0.468533
vn 0.876937 -0.107046 -0.468533
vn 0.899412 -0.180674 -0.398013
vn 0.899412 -0.180674 -0.398013
vn 0.899412 -0.180674 -0.398013
vn 0.655310 0.512715 -0.554700
vn 0.655310 0.512715 -0.554700
vn 0.655310 0.512715 -0.554700
vn 0.655310 0.512712 -0.554703
vn 0.655310 0.512712 -0.554703
vn 0.655310 0.512712 -0.554703
vn 0.243409 -0.683417 -0.688254
vn 0.243409 -0.683417 -0.688254
vn 0.243409 -0.683417 -0.688254
vn 0.213539 -0.634554 -0.742793
vn 0.213539 -0.634554 -0.742793
vn 0.213539 -0.634554 -0.742793
vn -0.226312 -0.177068 -0.957826
vn -0.226312 -0.177068 -0.957826
vn -0.226312 -0.177068 -0.957826
vn -0.226310 -0.177065 -0.957827
vn -0.226310 -0.177065 -0.957827
vn -0.226310 -0.177065 -0.957827
vn 0.040984 0.916467 -0.398005
vn 0.040984 0.916467 -0.398005
vn 0.040984 0.916467 -0.398005
vn -0.564557 0.359957 -0.742769
vn -0.564557 0.359957 -0.742769
vn -0.564557 0.359957 -0.742769
vn 0.107043 0.876945 -0.468519
vn 0.107043 0.876945 -0.468519
vn 0.107043 0.876945 -0.468519
vn 0.121164 0.992633 0.000000
vn 0.121164 0.992633 0.000000
vn 0.121164 0.992633 0.000000
vn 0.121163 0.992633 0.000000
vn 0.121163 0.992633 0.000000
vn 0.121163 0.992633 0.000000
vn 0.105461 0.863984 0.492351
vn 0.105461 0.863984 0.492351
vn 0.105461 0.863984 0.492351
vn 0.105460 0.863979 0.492360
vn 0.105460 0.863979 0.492360
vn 0.105460 0.863979 0.492360
vn -0.604791 0.400703 -0.688233
vn -0.604791 0.400703 -0.688233
vn -0.604791 0.400703 -0.688233
vn -0.435729 0.556916 -0.707096
vn -0.435729 0.556916 -0.707096
vn -0.435729 0.556916 -0.707096
vn 0.000000 0.000000 -1.000000
vn 0.000000 0.000000 -1.000000
vn 0.000000 0.000000 -1.000000
vn -0.435734 0.556920 -0.707089
vn -0.435734 0.556920 -0.707089
vn -0.435734 0.556920 -0.707089
vn -0.000000 0.000000 -1.000000
vn -0.000000 0.000000 -1.000000
vn -0.000000 0.000000 -1.000000
vn 0.435720 -0.556903 -0.707112
vn 0.435720 -0.556903 -0.707112
vn 0.435720 -0.556903 -0.707112
vn -0.321157 0.637717 -0.700125
vn -0.321157 0.637717 -0.700125
vn -0.321157 0.637717 -0.700125
vn -0.325302 0.681663 -0.655373
vn -0.325302 0.681663 -0.655373
vn -0.325302 0.681663 -0.655373
vn 0.191016 0.149452 -0.970143
vn 0.191016 0.149452 -0.970143
vn 0.191016 0.149452 -0.970143
vn 0.435717 -0.556896 -0.707120
vn 0.435717 -0.556896 -0.707120
vn 0.435717 -0.556895 -0.707120
vn 0.541707 -0.465127 -0.700150
vn 0.541707 -0.465127 -0.700150
vn 0.541707 -0.465127 -0.700150
vn 0.191018 0.149452 -0.970142
vn 0.191018 0.149452 -0.970142
vn 0.191018 0.149452 -0.970142
vn 0.583375 -0.479723 -0.655393
vn 0.583375 -0.479723 -0.655393
vn 0.583375 -0.479723 -0.655393
vn -0.066334 0.871962 -0.485059
vn -0.066334 0.871962 -0.485059
vn -0.066334 0.871962 -0.485059
vn 0.556910 0.435722 -0.707105
vn 0.556910 0.435722 -0.707105
vn 0.556910 0.435722 -0.707105
vn 0.556907 0.435728 -0.707104
vn 0.556907 0.435728 -0.707104
vn 0.556907 0.435728 -0.707104
vn 0.830391 -0.274134 -0.485079
vn 0.830391 -0.274134 -0.485079
vn 0.830391 -0.274134 -0.485079
vn 0.830389 -0.274138 -0.485080
vn 0.830389 -0.274138 -0.485080
vn 0.830389 -0.274139 -0.485080
vn -0.066334 0.871960 -0.485063
vn -0.066334 0.871960 -0.485063
vn -0.066334 0.871960 -0.485063
vn 0.000000 0.000000 -1.000000
vn 0.000000 0.000000 -1.000000
vn 0.000000 0.000000 -1.000000
vn -0.435731 0.556917 -0.707095
vn -0.435731 0.556917 -0.707095
vn -0.435731 0.556917 -0.707095
vn 0.435718 -0.556900 -0.707116
vn 0.435718 -0.556900 -0.707116
vn 0.435718 -0.556900 -0.707116
vn -0.000000 0.000000 -1.000000
vn -0.000000 0.000000 -1.000000
vn -0.000000 0.000000 -1.000000
vn 0.435716 -0.556901 -0.707116
vn 0.435716 -0.556901 -0.707116
vn 0.435716 -0.556901 -0.707116
vn -0.435732 0.556921 -0.707090
vn -0.435732 0.556921 -0.707090
vn -0.435732 0.556921 -0.707090
vn 0.787585 0.616206 0.000000
vn 0.787585 0.616206 0.000000
vn 0.787585 0.616206 0.000000
vn 0.787585 0.616206 0.000000
vn 0.615002 0.481175 0.624695
vn 0.615000 0.481175 0.624696
vn 0.615000 0.481175 0.624696
vn 0.614999 0.481175 0.624697
vn 0.472551 0.369722 -0.800001
vn 0.472551 0.369723 -0.800000
vn 0.472552 0.369724 -0.800000
vn 0.472553 0.369726 -0.799998
vn -0.439366 -0.343758 -0.829932
vn -0.690981 -0.540619 -0.479871
vn -0.439367 -0.343759 -0.829932
vn -0.690982 -0.540620 -0.479869
vn -0.191308 -0.149679 -0.970050
vn -0.094120 -0.073639 -0.992834
vn -0.751578 -0.588030 -0.298916
vn -0.751578 -0.588030 -0.298918
vn 0.439364 0.343757 -0.829934
vn 0.439367 0.343762 -0.829931
vn 0.690978 0.540623 -0.479871
vn 0.690980 0.540624 -0.479868
vn 0.191308 0.149677 -0.970051
vn 0.094119 0.073639 -0.992834
vn 0.751578 0.588035 -0.298908
vn 0.751579 0.588033 -0.298908
vn -0.000000 0.000000 -1.000000
vn -0.000000 0.000000 -1.000000
vn -0.000000 0.000000 -1.000000
vn 0.000000 0.000000 -1.000000
vn -0.000000 0.000000 -1.000000
vn -0.000000 -0.000000 -1.000000
vn -0.993104 0.117237 0.000000
vn -0.993104 0.117238 -0.000000
vn -0.997408 0.071960 -0.000000
vn -0.999580 0.028975 0.000000
vn -0.616206 0.787585 0.000000
vn -0.616208 0.787584 0.000000
vn -0.616196 0.787593 0.000000
vn -0.616203 0.787587 0.000000
vn -0.616195 0.787593 0.000001
vn -0.616209 0.787582 0.000002
vn -0.439366 -0.343758 0.829932
vn -0.439368 -0.343759 0.829931
vn -0.690980 -0.540620 0.479871
vn -0.690981 -0.540621 0.479868
vn -0.191307 -0.149678 0.970051
vn -0.094119 -0.073639 0.992834
vn -0.751577 -0.588032 0.298914
vn -0.751577 -0.588033 0.298914
vn -0.993104 0.117238 -0.000000
vn -0.616206 0.787585 0.000000
vn -0.616209 0.787583 -0.000002
vn -0.616190 0.787598 -0.000001
vn -0.999580 0.028975 -0.000002
vn 0.439364 0.343757 0.829934
vn 0.690977 0.540624 0.479872
vn 0.439366 0.343760 0.829932
vn 0.690980 0.540624 0.479867
vn 0.191308 0.149677 0.970051
vn 0.094119 0.073638 0.992834
vn 0.751576 0.588036 0.298909
vn 0.751579 0.588033 0.298908
vn 0.125130 0.992140 0.000000
vn 0.125129 0.992141 0.000000
vn 0.170115 0.985424 0.000000
vn 0.212359 0.977192 0.000000
vn -0.616213 0.787579 0.000001
vn -0.616207 0.787585 0.000000
vn -0.616216 0.787577 -0.000001
vn -0.616201 0.787589 0.000000
vn 0.125128 0.992141 0.000000
vn -0.616202 0.787588 0.000000
vn -0.616216 0.787577 0.000002
vn 0.212359 0.977192 0.000000
vn 0.000000 0.000000 1.000000
vn 0.000001 0.000000 1.000000
vn -0.000000 0.000000 1.000000
vn -0.000000 0.000000 1.000000
vn 0.000001 0.000000 1.000000
vn -0.000000 -0.000000 1.000000
vn 0.000000 0.000000 1.000000
vn 0.000000 0.000000 1.000000
vn -0.000000 0.000000 1.000000
vn -0.000000 0.000000 1.000000
vn -0.211766 -0.225510 0.950947
vn -0.212601 -0.229980 0.949689
vn -0.177749 -0.242858 0.953638
vn -0.126080 -0.245034 0.961281
vn 0.000000 0.000000 1.000000
vn -0.056906 -0.228156 0.971960
vn -0.081376 -0.238878 0.967634
vn -0.175214 -0.138960 0.974674
vn -0.174508 -0.138279 0.974898
vn -0.166049 -0.127630 0.977823
vn -0.166799 -0.126949 0.977784
vn 0.000000 0.000000 1.000000
vn 0.000000 0.000000 1.000000
vn 0.000000 0.000000 1.000000
vn 0.000000 0.000000 1.000000
vn 0.000000 0.000000 1.000000
vn 0.000000 0.000000 1.000000
vn -0.152938 -0.129009 0.979779
vn -0.043238 -0.223633 0.973714
vn -0.046201 -0.222492 0.973839
vn 0.000000 0.000000 1.000000
vn 0.787586 0.616205 0.000000
vn 0.787586 0.616205 0.000000
vn 0.787585 0.616205 0.000000
vn 0.787586 0.616205 0.000000
vn 0.986789 0.162013 0.000000
vn 0.986789 0.162012 0.000000
vn 0.986789 0.162013 0.000000
vn 0.986789 0.162012 0.000000
vn 0.729909 0.683544 0.000000
vn 0.729909 0.683545 0.000000
vn 0.729909 0.683544 0.000000
vn 0.729909 0.683545 0.000000
vn 0.685322 0.728240 0.000000
vn 0.685322 0.728240 0.000000
vn 0.685322 0.728240 0.000000
vn 0.685322 0.728240 0.000000
vn 0.692555 0.721365 0.000000
vn 0.692556 0.721365 0.000000
vn 0.692556 0.721365 0.000000
vn -0.153593 -0.122101 0.980561
vn -0.103648 -0.189668 0.976362
vn -0.042664 -0.251547 0.966904
vn -0.048215 -0.268255 0.962141
vn -0.043153 -0.253023 0.966497
vn -0.048812 -0.270048 0.961609
vn 0.000000 0.000000 1.000000
vn 0.000000 0.000000 1.000000
vn 0.000000 0.000000 1.000000
vn 0.000000 0.000000 1.000000
vn 0.174747 0.984613 0.000022
vn 0.174747 0.984613 0.000015
vn 0.174736 0.984615 -0.000278
vn 0.174736 0.984615 -0.000285
vn 0.000000 0.000000 1.000000
vn 0.000000 0.000000 1.000000
vn 0.000000 0.000000 1.000000
vn 0.000000 0.000000 1.000000
vn -0.274766 -0.000956 0.961511
vn -0.279476 -0.001814 0.960151
vn -0.319825 -0.009214 0.947432
vn 0.001488 0.001165 0.999998
vn -0.560564 0.828111 0.000000
vn -0.560567 0.828109 0.000130
vn -0.560564 0.828111 0.000003
vn -0.560567 0.828109 0.000133
vn 0.999997 -0.002618 0.000000
vn 0.999997 -0.002619 0.000012
vn -0.616205 0.787586 0.000000
vn 0.999996 -0.002638 0.000340
vn 0.137763 -0.204958 0.969027
vn 0.138808 -0.205957 0.968666
vn 0.148873 -0.215570 0.965073
vn 0.150934 -0.217537 0.964311
vn 0.000000 0.000000 1.000000
vn 0.000000 0.000000 1.000000
vn 0.000000 0.000000 1.000000
vn 0.000000 0.000000 1.000000
vn 0.976222 -0.216776 0.000100
vn 0.556854 0.435681 0.707174
vn 0.976222 -0.216776 0.000091
vn 0.976218 -0.216791 -0.000293
vn -0.000000 0.000000 1.000000
vn -0.000000 0.000000 1.000000
vn -0.000000 0.000000 1.000000
vn 0.000000 0.000000 1.000000
vn -0.259643 0.052168 0.964295
vn -0.251072 0.049087 0.966723
vn -0.258753 0.051848 0.964551
vn -0.250269 0.048798 0.966946
vn 0.000000 0.000000 -1.000000
vn -0.000000 0.000000 -1.000000
vn -0.000000 0.000000 -1.000000
vn -0.000000 0.000000 -1.000000
vn -0.616205 0.787586 0.000000
vn -0.212601 -0.229980 -0.949689
vn 0.000000 0.000000 0.000000
vn -0.211766 -0.225510 -0.950947
vn 0.000000 0.000000 -1.000000
vn -0.056906 -0.228156 -0.971960
vn -0.081376 -0.238878 -0.967634
vn -0.166799 -0.126949 -0.977784
vn -0.174508 -0.138279 -0.974898
vn -0.166049 -0.127630 -0.977823
vn -0.175214 -0.138960 -0.974674
vn -0.000000 0.000000 -1.000000
vn -0.000000 0.000000 -1.000000
vn -0.000000 0.000000 -1.000000
vn 0.000000 0.000000 -1.000000
vn 0.000000 0.000000 -1.000000
vn 0.000000 0.000000 0.000000
vn 0.000000 0.000000 0.000000
vn -0.043238 -0.223633 -0.973714
vn -0.046201 -0.222492 -0.973839
vn 0.000000 0.000000 -1.000000
vn 0.787586 0.616205 0.000000
vn 0.787586 0.616205 0.000000
vn 0.787585 0.616205 0.000000
vn 0.787586 0.616205 0.000000
vn 0.986789 0.162013 0.000000
vn 0.986789 0.162013 0.000000
vn 0.986789 0.162012 0.000000
vn 0.986789 0.162012 0.000000
vn 0.729909 0.683544 0.000000
vn 0.729909 0.683544 0.000000
vn 0.556851 0.435679 0.707178
vn 0.729908 0.683545 0.000000
vn -0.616205 0.787586 0.000000
vn 0.685323 0.728239 0.000000
vn 0.685322 0.728240 0.000000
vn 0.685322 0.728240 0.000000
vn 0.692555 0.721365 0.000000
vn 0.692556 0.721365 0.000000
vn 0.692556 0.721365 0.000000
vn -0.153593 -0.122101 -0.980561
vn -0.103648 -0.189668 -0.976362
vn -0.042664 -0.251547 -0.966904
vn -0.043153 -0.253023 -0.966497
vn -0.048215 -0.268255 -0.962141
vn -0.048812 -0.270048 -0.961609
vn -0.000000 0.000000 -1.000000
vn -0.000000 0.000000 -1.000000
vn -0.616205 0.787586 0.000000
vn 0.000000 0.000000 0.000000
vn 0.174735 0.984615 0.000285
vn 0.174747 0.984613 -0.000015
vn 0.174736 0.984615 0.000278
vn 0.174747 0.984613 -0.000022
vn 0.000000 0.000000 -1.000000
vn -0.616205 0.787586 0.000000
vn 0.000000 0.000000 -1.000000
vn 0.000000 0.000000 0.000000
vn -0.274766 -0.000956 -0.961511
vn -0.319825 -0.009214 -0.947432
vn -0.279476 -0.001814 -0.960151
vn -0.323285 -0.009853 -0.946250
vn -0.560564 0.828111 0.000000
vn -0.560564 0.828111 -0.000003
vn -0.560567 0.828109 -0.000130
vn -0.560567 0.828109 -0.000133
vn 0.999997 -0.002638 -0.000340
vn 0.999997 -0.002619 -0.000012
vn 0.999996 -0.002637 -0.000328
vn 0.999997 -0.002618 0.000000
vn 0.137763 -0.204958 -0.969027
vn 0.148873 -0.215570 -0.965073
vn 0.138808 -0.205957 -0.968666
vn 0.150934 -0.217537 -0.964312
vn 0.000000 0.000000 -1.000000
vn 0.000000 0.000000 0.000000
vn 0.000000 0.000000 -1.000000
vn 0.000000 0.000000 -1.000000
vn 0.976221 -0.216776 -0.000100
vn 0.976221 -0.216777 -0.000091
vn 0.976218 -0.216790 0.000284
vn 0.976218 -0.216791 0.000293
vn 0.000000 0.000000 -1.000000
vn 0.000000 0.000000 -1.000000
vn 0.000000 0.000000 -1.000000
vn 0.000000 0.000000 -1.000000
vn -0.259643 0.052168 -0.964294
vn -0.258753 0.051847 -0.964551
vn -0.251072 0.049087 -0.966723
vn -0.250269 0.048798 -0.966946
vn -0.000000 0.000000 1.000000
vn -0.000000 0.000000 1.000000
vn 0.000000 0.000000 0.000000
vn 0.000000 0.000000 0.000000
vn 0.000000 0.000000 1.000000
vn 0.000000 0.000000 1.000000
vn 0.000001 0.000000 1.000000
vn 0.000000 0.000000 1.000000
vn 0.000000 0.000000 1.000000
vn 0.000000 0.000000 1.000000
vn 0.000000 0.000000 1.000000
vn 0.000001 0.000000 1.000000
vn -0.000001 0.000000 1.000000
vn 0.000000 0.000000 1.000000
vn -0.000001 0.000000 1.000000
vn -0.057746 -0.744470 0.665154
vn -0.051043 -0.753023 0.656012
vn -0.046952 -0.758162 0.650374
vn 0.556920 0.435733 0.707091
vn -0.616205 0.787586 0.000000
vn 0.651319 -0.036454 0.757928
vn 0.650845 -0.035649 0.758373
vn 0.658477 -0.048751 0.751020
vn -0.001929 -0.851012 0.525143
vn -0.047323 -0.899820 0.433687
vn -0.020340 -0.872120 0.488869
vn -0.055141 -0.907119 0.417247
vn 0.842074 -0.056808 0.536362
vn 0.830051 -0.068671 0.553443
vn 0.809580 -0.087784 0.580409
vn 0.797985 -0.098077 0.594643
vn -0.655094 -0.512544 0.555114
vn -0.655094 -0.512544 0.555113
vn -0.655095 -0.512544 0.555111
vn 0.000000 0.000000 0.000000
vn 0.534245 0.417993 0.734754
vn 0.534245 0.417993 0.734755
vn -0.616205 0.787586 0.000000
vn 0.534239 0.417987 0.734762
vn -0.595036 -0.476139 0.647475
vn -0.595658 -0.476882 0.646356
vn -0.602333 -0.484889 0.634096
vn -0.602848 -0.485509 0.633131
vn 0.566548 0.452685 0.688549
vn 0.558461 0.448322 0.697946
vn 0.565770 0.452267 0.689463
vn 0.557977 0.448060 0.698501
vn -0.719121 -0.549333 -0.425557
vn -0.727062 -0.547401 -0.414407
vn 0.000000 0.000000 0.000000
vn -0.419008 -0.312718 -0.852432
vn -0.002660 0.003564 -0.999990
vn 0.000000 0.000000 0.000000
vn 0.406219 0.325689 -0.853764
vn 0.401971 0.325872 -0.855702
vn 0.703449 0.559826 -0.437897
vn 0.700397 0.563536 -0.438030
vn -0.432938 -0.306436 -0.847739
vn -0.451895 -0.295242 -0.841798
vn -0.005227 0.005453 -0.999972
vn -0.007241 0.007248 -0.999948
vn -0.740828 -0.531430 -0.410801
vn -0.757334 -0.504362 -0.414806
vn 0.416118 0.324433 -0.849464
vn 0.429665 0.317872 -0.845190
vn 0.556854 0.435681 0.707174
vn 0.738546 0.537402 -0.407123
vn -0.616205 0.787586 0.000000
vn -0.000121 0.013080 -0.999915
vn -0.762972 -0.481975 -0.430783
vn 0.454240 0.327206 -0.828615
vn 0.756916 0.536998 -0.372440
vn -0.719121 -0.549333 0.425556
vn -0.411595 -0.312581 0.856085
vn -0.727062 -0.547401 0.414407
vn -0.419008 -0.312718 0.852432
vn -0.002660 0.003564 0.999990
vn -0.003520 0.003793 0.999987
vn 0.401972 0.325872 0.855702
vn 0.406219 0.325688 0.853764
vn 0.700397 0.563536 0.438030
vn 0.703449 0.559826 0.437898
vn 0.000000 0.000000 0.000000
vn 0.000000 0.000000 0.000000
vn -0.451894 -0.295242 0.841798
vn -0.007241 0.007248 0.999947
vn -0.740828 -0.531429 0.410801
vn -0.757334 -0.504362 0.414807
vn 0.416117 0.324433 0.849464
vn 0.716044 0.551760 0.427600
vn 0.429666 0.317872 0.845189
vn 0.738547 0.537402 0.407121
vn -0.448045 -0.277790 0.849758
vn -0.000121 0.013080 0.999915
vn -0.762972 -0.481975 0.430783
vn 0.454241 0.327206 0.828614
vn 0.756917 0.536998 0.372438
vn -0.826568 -0.562836 0.000000
vn 0.000000 0.000000 0.000000
vn 0.000000 0.000000 0.000000
vn -0.826568 -0.562837 0.000000
vn -0.826568 -0.562837 0.000000
vn -0.826568 -0.562837 0.000000
vn -0.982458 0.186482 0.000000
vn -0.982458 0.186482 0.000000
vn -0.982458 0.186482 0.000000
vn -0.982458 0.186487 0.000000
vn -0.982458 0.186487 0.000000
vn -0.982458 0.186487 0.000000
vn -0.562832 0.826571 0.000000
vn -0.562832 0.826571 0.000000
vn -0.562832 0.826571 0.000000
vn -0.653742 -0.445151 -0.611933
vn -0.653742 -0.445151 -0.611933
vn 0.001488 0.001164 0.999998
vn -0.616205 0.787586 0.000000
vn -0.653740 -0.445151 -0.611935
vn -0.653740 -0.445151 -0.611935
vn -0.662783 0.125802 -0.738168
vn -0.662783 0.125802 -0.738168
vn -0.662783 0.125802 -0.738168
vn -0.662778 0.125805 -0.738173
vn -0.662778 0.125805 -0.738173
vn -0.662778 0.125805 -0.738173
vn -0.562837 0.826568 0.000000
vn -0.562837 0.826568 0.000000
vn -0.562837 0.826568 0.000000
vn -0.445141 0.653728 -0.611955
vn -0.445141 0.653728 -0.611955
vn -0.445141 0.653728 -0.611955
vn 0.000000 0.000000 0.000000
vn -0.616205 0.787586 0.000000
vn 0.000000 0.000000 -1.000000
vn -0.445142 0.653730 -0.611953
vn -0.445142 0.653730 -0.611953
vn -0.445142 0.653730 -0.611953
vn 0.000000 0.000000 -1.000000
vn 0.000000 0.000000 -1.000000
vn 0.000000 0.000000 -1.000000
vn 0.000000 0.000000 -1.000000
vn 0.000000 0.000000 -1.000000
vn 0.000000 0.000000 -1.000000
vn -0.000001 0.000000 -1.000000
vn -0.000001 0.000000 -1.000000
vn -0.000001 0.000000 -1.000000
vn 0.000001 0.000000 -1.000000
vn 0.000000 0.000000 0.000000
vn 0.000000 0.000000 0.000000
vn 0.445149 -0.653737 -0.611940
vn 0.445146 -0.653737 -0.611942
vn 0.445143 -0.653737 -0.611944
vn 0.445140 -0.653737 -0.611946
vn 0.861895 -0.163599 -0.479972
vn 0.861892 -0.163603 -0.479976
vn 0.861893 -0.163601 -0.479974
vn 0.861891 -0.163604 -0.479976
vn 0.000001 0.000000 -1.000000
vn 0.000001 0.000000 -1.000000
vn 0.000001 0.000000 -1.000000
vn 0.653739 0.445149 -0.611938
vn 0.000000 0.000000 0.000000
vn 0.653741 0.445149 -0.611936
vn 0.653748 0.445150 -0.611928
vn -0.616205 0.787586 0.000000
vn 0.000000 0.000000 1.000000
vn 0.826569 0.562836 0.000000
vn 0.826568 0.562838 0.000000
vn 0.826568 0.562838 0.000000
vn 0.826568 0.562838 0.000000
vn 0.186494 0.982456 0.000000
vn 0.186494 0.982456 0.000000
vn 0.186494 0.982456 0.000000
vn 0.186492 0.982456 0.000000
vn 0.186492 0.982456 0.000000
vn 0.001488 0.001164 0.999998
vn -0.616205 0.787586 0.000000
vn -0.562838 0.826568 0.000000
vn -0.562838 0.826568 0.000000
vn 0.653738 0.445153 -0.611936
vn -0.616205 0.787586 0.000000
vn 0.000000 0.000000 0.000000
vn 0.653740 0.445151 -0.611935
vn 0.653740 0.445151 -0.611935
vn 0.653740 0.445151 -0.611935
vn 0.125811 0.662777 -0.738172
vn 0.125811 0.662777 -0.738172
vn 0.125811 0.662777 -0.738172
vn 0.125811 0.662780 -0.738170
vn 0.125811 0.662780 -0.738169
vn 0.125811 0.662780 -0.738170
vn -0.562835 0.826569 0.000000
vn 0.000000 0.000000 0.000000
vn -0.562835 0.826569 0.000000
vn -0.445151 0.653739 -0.611936
vn -0.445151 0.653739 -0.611936
vn 0.000000 0.000000 0.000000
vn 0.000000 0.000000 0.000000
vn 0.000000 -0.000000 -1.000000
vn 0.000000 -0.000000 -1.000000
vn -0.445149 0.653721 -0.611957
vn -0.445149 0.653721 -0.611957
vn -0.445149 0.653721 -0.611957
vn 0.000000 0.000000 -1.000000
vn 0.000000 0.000000 -1.000000
vn 0.000000 0.000000 -1.000000
vn -0.000000 0.000000 -1.000000
vn -0.000000 0.000000 -1.000000
vn 0.000000 0.000000 0.000000
vn 0.000000 0.000000 -1.000000
vn 0.000000 0.000000 -1.000000
vn 0.001488 0.001164 0.999998
vn -0.616205 0.787586 0.000000
vn -0.000001 -0.000000 -1.000000
vn -0.000001 -0.000000 -1.000000
vn -0.000001 -0.000000 -1.000000
vn -0.000001 -0.000000 -1.000000
vn -0.000001 -0.000000 -1.000000
vn 0.445139 -0.653719 -0.611966
vn 0.445142 -0.653728 -0.611955
vn 0.445140 -0.653723 -0.611961
vn 0.445143 -0.653732 -0.611950
vn -0.163591 -0.861884 -0.479994
vn -0.163594 -0.861890 -0.479981
vn -0.163598 -0.861896 -0.479970
vn -0.616205 0.787586 0.000000
vn -0.653738 -0.445149 -0.611939
vn 0.000000 0.000000 0.000000
vn -0.653743 -0.445150 -0.611933
vn -0.616205 0.787586 0.000000
vn -0.653737 -0.445151 -0.611939
vn -0.653736 -0.445150 -0.611939
vn -0.653736 -0.445148 -0.611941
vn -0.653736 -0.445147 -0.611942
vn 0.445110 0.303085 -0.842625
vn 0.445111 0.303088 -0.842623
vn 0.445110 0.303086 -0.842624
vn 0.445112 0.303091 -0.842622
vn 0.000001 0.000000 -1.000000
vn 0.000000 0.000000 0.000000
vn 0.000000 0.000000 -1.000000
vn -0.616205 0.787586 0.000000
vn 0.000000 0.000000 -1.000000
vn 0.000000 0.000000 0.000000
vn 0.000000 0.000000 -1.000000
vn 0.000000 0.000000 0.000000
vn 0.000000 0.000000 -1.000000
vn -0.000000 0.000000 -1.000000
vn -0.000000 0.000000 -1.000000
vn -0.000000 0.000000 -1.000000
vn 0.000001 0.000000 -1.000000
vn 0.000000 0.000000 -1.000000
vn -0.000000 0.000000 -1.000000
vn -0.000000 0.000000 -1.000000
vn -0.000001 0.000000 -1.000000
vn -0.000000 0.000000 -1.000000
vn -0.000001 0.000000 -1.000000
vn 0.000000 0.000000 -1.000000
vn -0.826569 -0.562835 0.000000
vn 0.556966 0.435769 0.707032
vn -0.826570 -0.562834 0.000002
vn -0.616205 0.787586 0.000000
vn 0.653734 0.445151 -0.611942
vn 0.653739 0.445150 -0.611937
vn 0.653736 0.445151 -0.611940
vn 0.653741 0.445150 -0.611935
vn -0.445105 -0.303090 -0.842625
vn -0.445106 -0.303088 -0.842626
vn -0.445107 -0.303085 -0.842626
vn -0.445107 -0.303084 -0.842627
vn -0.000000 0.000000 -1.000000
vn 0.000000 0.000000 -1.000000
vn 0.000000 0.000000 -1.000000
vn 0.000001 0.000000 -1.000000
vn 0.000001 0.000000 -1.000000
vn 0.000000 0.000000 0.000000
vn 0.000000 0.000000 -1.000000
vn -0.616205 0.787586 0.000000
vn -0.000000 0.000000 -1.000000
vn -0.000000 0.000000 -1.000000
vn -0.000000 0.000000 -1.000000
vn 0.000000 0.000000 -1.000000
vn -0.000000 0.000000 -1.000000
vn -0.000001 0.000000 -1.000000
vn 0.826567 0.562838 0.000000
vn 0.826569 0.562836 0.000000
vn 0.826568 0.562837 0.000000
vn 0.826569 0.562835 0.000000
vn -0.616205 0.787586 0.000000
vn 0.000000 0.000000 0.000000
vn -0.826568 -0.562837 0.000000
vn 0.000000 0.000000 0.000000
vn 0.000000 0.000000 0.000000
vn -0.826568 -0.562836 0.000000
vn -0.982458 0.186482 0.000000
vn -0.982458 0.186482 0.000000
vn -0.982458 0.186482 0.000000
vn -0.982458 0.186487 0.000000
vn -0.982457 0.186487 0.000000
vn -0.982458 0.186487 0.000000
vn -0.562832 0.826571 0.000000
vn -0.562832 0.826571 0.000000
vn -0.562832 0.826571 0.000000
vn -0.653743 -0.445152 0.611932
vn -0.653743 -0.445152 0.611931
vn -0.653743 -0.445152 0.611932
vn -0.000000 0.000000 -0.000000
vn 0.556935 0.435745 0.707071
vn -0.616205 0.787586 0.000000
vn -0.662782 0.125803 0.738169
vn -0.662782 0.125803 0.738169
vn -0.662782 0.125803 0.738169
vn -0.662778 0.125805 0.738173
vn -0.662778 0.125805 0.738173
vn -0.662778 0.125805 0.738173
vn -0.562835 0.826569 0.000000
vn -0.562835 0.826569 0.000000
vn -0.562835 0.826569 0.000000
vn -0.445141 0.653731 0.611952
vn 0.001488 0.001164 0.999998
vn -0.616205 0.787586 0.000000
vn 0.000000 0.000000 1.000000
vn 0.000000 0.000000 1.000000
vn 0.000000 0.000000 0.000000
vn -0.616205 0.787586 0.000000
vn -0.445143 0.653731 0.611950
vn -0.445143 0.653731 0.611950
vn 0.000000 0.000000 1.000000
vn 0.000000 0.000000 1.000000
vn 0.000000 0.000000 1.000000
vn -0.000000 0.000000 1.000000
vn -0.000000 0.000000 1.000000
vn -0.000000 0.000000 1.000000
vn 0.000000 0.000000 1.000000
vn 0.000000 0.000000 1.000000
vn 0.000000 0.000000 1.000000
vn -0.616205 0.787586 0.000000
vn 0.000000 0.000000 1.000000
vn 0.000000 0.000000 1.000000
vn 0.000000 0.000000 0.000000
vn 0.000000 0.000000 0.000000
vn 0.445145 -0.653739 0.611940
vn 0.445139 -0.653738 0.611946
vn 0.861893 -0.163600 0.479975
vn 0.861892 -0.163601 0.479975
vn 0.861892 -0.163603 0.479975
vn 0.861892 -0.163603 0.479975
vn 0.000000 0.000000 1.000000
vn 0.000000 0.000000 1.000000
vn 0.000000 0.000000 1.000000
vn 0.653739 0.445149 0.611938
vn 0.000000 0.000000 0.000000
vn 0.653742 0.445151 0.611933
vn 0.000000 0.000000 0.000000
vn 0.826569 0.562836 0.000000
vn 0.556870 0.435694 0.707154
vn -0.616205 0.787586 0.000000
vn 0.826567 0.562838 0.000000
vn 0.826567 0.562838 0.000000
vn 0.826567 0.562838 0.000000
vn 0.186494 0.982456 0.000000
vn 0.186494 0.982456 0.000000
vn 0.186494 0.982456 0.000000
vn 0.186493 0.982456 0.000000
vn 0.186493 0.982456 0.000000
vn 0.186493 0.982456 0.000000
vn -0.562835 0.826569 0.000000
vn -0.562835 0.826569 0.000000
vn -0.562835 0.826569 0.000000
vn 0.653738 0.445152 0.611937
vn 0.653738 0.445152 0.611937
vn 0.000000 0.000000 0.000000
vn -0.616205 0.787586 0.000000
vn 0.653740 0.445151 0.611935
vn 0.653740 0.445151 0.611935
vn 0.125812 0.662778 0.738172
vn 0.125812 0.662778 0.738172
vn 0.125812 0.662778 0.738172
vn 0.125811 0.662781 0.738168
vn 0.125811 0.662781 0.738168
vn 0.125811 0.662781 0.738168
vn -0.562838 0.826567 0.000000
vn -0.562838 0.826567 0.000000
vn -0.562838 0.826567 0.000000
vn -0.445151 0.653738 0.611937
vn -0.445151 0.653738 0.611937
vn -0.445151 0.653738 0.611937
vn 0.000000 0.000000 0.000000
vn 0.000000 0.000000 0.000000
vn 0.000000 0.000000 1.000000
vn -0.445149 0.653723 0.611954
vn -0.445150 0.653724 0.611954
vn -0.445149 0.653723 0.611954
vn -0.000001 0.000000 1.000000
vn -0.000001 0.000000 1.000000
vn -0.000001 0.000000 1.000000
vn 0.000000 0.000000 1.000000
vn 0.000000 0.000000 1.000000
vn 0.000000 0.000000 1.000000
vn -0.000002 0.000000 1.000000
vn -0.000002 0.000000 1.000000
vn -0.000002 0.000000 1.000000
vn 0.000001 0.000000 1.000000
vn 0.001488 0.001164 0.999998
vn -0.616205 0.787586 0.000000
vn 0.000000 0.000000 1.000000
vn 0.000000 0.000000 1.000000
vn 0.000000 0.000000 1.000000
vn 0.445138 -0.653724 0.611962
vn 0.445140 -0.653724 0.611960
vn 0.445142 -0.653724 0.611959
vn 0.445144 -0.653725 0.611957
vn -0.163591 -0.861886 0.479990
vn -0.163599 -0.861902 0.479959
vn 0.001488 0.001164 0.999998
vn -0.163600 -0.861904 0.479954
vn -0.653732 -0.445148 0.611946
vn -0.653740 -0.445147 0.611938
vn -0.653733 -0.445148 0.611945
vn -0.653742 -0.445147 0.611936
vn 0.000000 0.000000 0.000000
vn 0.562833 -0.826570 0.000000
vn -0.616205 0.787586 0.000000
vn 0.562832 -0.826571 0.000000
vn 0.562834 -0.826570 0.000000
vn 0.562834 -0.826570 0.000000
vn 0.562834 -0.826570 0.000000
vn 0.562832 -0.826571 0.000000
vn 0.562838 -0.826567 -0.000007
vn 0.562840 -0.826566 -0.000005
vn 0.562838 -0.826567 -0.000007
vn 0.562844 -0.826563 0.000000
vn 0.562837 -0.826568 0.000000
vn 0.562838 -0.826567 0.000000
vn 0.000000 0.000000 0.000000
vn 0.562843 -0.826564 0.000000
vn 0.000000 0.000000 0.000000
vn 0.562835 -0.826569 0.000000
vn 0.562835 -0.826569 0.000000
vn 0.562835 -0.826570 0.000000
vn 0.562835 -0.826569 0.000000
vn 0.562835 -0.826570 0.000000
vn 0.562835 -0.826570 0.000000
vn 0.562834 -0.826570 0.000000
vn 0.562836 -0.826569 0.000000
vn 0.562838 -0.826567 0.000000
vn 0.562838 -0.826567 0.000000
vn 0.562840 -0.826566 0.000000
vn 0.562836 -0.826569 0.000000
vn 0.562838 -0.826567 0.000000
vn 0.562838 -0.826567 0.000000
vn 0.556817 0.435652 0.707222
vn -0.616205 0.787586 0.000000
vn 0.562832 -0.826571 0.000000
vn 0.562832 -0.826571 0.000000
vn 0.562832 -0.826571 0.000000
vn 0.982455 -0.186500 0.000000
vn 0.982455 -0.186498 0.000000
vn 0.982456 -0.186493 0.000000
vn 0.982457 -0.186491 0.000000
vn 0.826571 0.562832 0.000000
vn 0.826570 0.562834 0.000000
vn 0.826570 0.562834 0.000000
vn 0.826569 0.562835 0.000000
vn 0.562832 -0.826571 0.000000
vn 0.562832 -0.826571 0.000000
vn 0.000000 0.000000 0.000000
vn 0.562832 -0.826571 0.000000
vn -0.616205 0.787586 0.000000
vn 0.982457 -0.186491 0.000000
vn 0.982457 -0.186491 0.000000
vn 0.982457 -0.186491 0.000000
vn 0.826569 0.562835 0.000000
vn 0.826570 0.562834 0.000000
vn 0.826570 0.562834 0.000000
vn 0.826571 0.562832 0.000000
vn 0.562836 -0.826568 0.000000
vn 0.562834 -0.826570 0.000000
vn 0.562830 -0.826573 0.000000
vn 0.562828 -0.826574 0.000000
vn -0.186478 -0.982459 0.000000
vn -0.186478 -0.982459 0.000000
vn 0.000000 0.000000 0.000000
vn -0.186478 -0.982459 0.000000
vn 0.000000 0.000000 0.000000
vn -0.826569 -0.562836 0.000000
vn -0.826569 -0.562836 0.000000
vn -0.826570 -0.562835 0.000000
vn 0.562832 -0.826571 0.000000
vn 0.562832 -0.826571 0.000000
vn 0.562832 -0.826571 0.000000
vn 0.562832 -0.826571 0.000000
vn -0.186480 -0.982459 0.000000
vn -0.186479 -0.982459 0.000000
vn -0.186477 -0.982459 0.000000
vn -0.186476 -0.982459 0.000000
vn -0.826570 -0.562834 0.000000
vn -0.826569 -0.562836 0.000000
vn 0.001487 0.001164 0.999998
vn -0.826568 -0.562837 0.000000
vn -0.616205 0.787586 0.000000
vn -0.993129 0.117027 0.000000
vn -0.993128 0.117034 0.000000
vn -0.993129 0.117025 0.000000
vn -0.562839 0.826566 0.000000
vn -0.562848 0.826560 0.000000
vn -0.562842 0.826565 0.000000
vn -0.562850 0.826559 0.000000
vn 0.562843 -0.826564 0.000000
vn 0.562843 -0.826564 0.000000
vn 0.562843 -0.826564 0.000000
vn 0.562843 -0.826564 0.000000
vn 0.991684 0.128698 0.000000
vn 0.991683 0.128702 0.000000
vn 0.991683 0.128705 0.000000
vn 0.000000 0.000000 0.000000
vn -0.616205 0.787586 0.000000
vn 0.562832 -0.826571 0.000000
vn 0.562833 -0.826571 0.000000
vn 0.562832 -0.826571 0.000000
vn -0.562820 0.826580 -0.000002
vn -0.562819 0.826581 -0.000001
vn -0.562816 0.826582 -0.000000
vn -0.562816 0.826583 0.000000
vn -0.935353 0.353716 0.000002
vn -0.935359 0.353701 0.000001
vn -0.935354 0.353713 0.000002
vn -0.935360 0.353696 0.000000
vn -0.826569 -0.562836 0.000000
vn -0.826568 -0.562837 0.000000
vn 0.000000 0.000000 0.000000
vn -0.826567 -0.562839 0.000000
vn 0.000000 0.000000 0.000000
vn 0.562820 -0.826579 0.000000
vn 0.562819 -0.826581 0.000000
vn 0.562821 -0.826579 0.000000
vn -0.562845 0.826563 0.000000
vn -0.562841 0.826566 0.000006
vn -0.562843 0.826564 0.000002
vn -0.562840 0.826566 0.000008
vn 0.183404 -0.983038 0.000000
vn 0.183404 -0.983038 0.000000
vn 0.000000 0.000000 0.000000
vn 0.183404 -0.983038 0.000000
vn -0.653736 -0.445151 0.611939
vn -0.653739 -0.445148 0.611938
vn -0.653737 -0.445150 0.611939
vn -0.653740 -0.445147 0.611938
vn 0.445110 0.303088 0.842624
vn 0.445110 0.303087 0.842624
vn -0.616205 0.787586 0.000000
vn 0.445110 0.303087 0.842624
vn 0.000000 0.000000 1.000000
vn 0.000000 0.000000 1.000000
vn 0.000000 0.000000 1.000000
vn 0.000000 0.000000 1.000000
vn 0.000000 0.000000 1.000000
vn 0.000000 0.000000 1.000000
vn 0.000000 0.000000 1.000000
vn 0.000001 0.000000 1.000000
vn 0.000001 0.000000 1.000000
vn 0.000000 0.000000 1.000000
vn 0.000000 0.000000 0.000000
vn 0.000000 0.000000 1.000000
vn -0.616205 0.787586 0.000000
vn 0.000001 0.000000 1.000000
vn -0.000001 0.000000 1.000000
vn 0.000001 0.000000 1.000000
vn 0.000000 0.000000 1.000000
vn -0.000000 0.000000 1.000000
vn -0.000001 0.000000 1.000000
vn -0.000002 0.000000 1.000000
vn -0.826570 -0.562833 0.000000
vn -0.826569 -0.562835 0.000000
vn -0.826570 -0.562834 0.000000
vn -0.826569 -0.562836 0.000000
vn -0.993129 0.117025 0.000000
vn -0.993129 0.117025 0.000000
vn 0.000000 0.000000 0.000000
vn -0.993129 0.117025 0.000000
vn 0.000000 0.000000 0.000000
vn -0.562841 0.826566 0.000000
vn -0.562844 0.826563 0.000000
vn -0.562845 0.826563 0.000000
vn 0.562837 -0.826568 0.000000
vn 0.562838 -0.826568 0.000000
vn 0.562842 -0.826565 0.000000
vn 0.562843 -0.826564 0.000000
vn 0.991683 0.128709 0.000000
vn 0.991683 0.128702 0.000000
vn 0.991683 0.128706 0.000000
vn 0.991684 0.128698 0.000000
vn 0.562832 -0.826571 0.000000
vn 0.562832 -0.826571 0.000000
vn 0.556826 0.435659 0.707210
vn 0.562832 -0.826571 0.000000
vn -0.562807 0.826589 0.000000
vn -0.562810 0.826586 0.000000
vn -0.616205 0.787586 0.000000
vn -0.562812 0.826585 0.000000
vn -0.935354 0.353714 -0.000002
vn -0.935355 0.353711 -0.000002
vn -0.935359 0.353701 -0.000001
vn -0.935360 0.353696 0.000000
vn -0.826569 -0.562836 0.000000
vn -0.826569 -0.562836 0.000000
vn -0.826569 -0.562836 0.000000
vn -0.826569 -0.562836 0.000000
vn 0.562813 -0.826584 0.000000
vn 0.562814 -0.826584 0.000000
vn 0.000000 0.000000 0.000000
vn 0.562821 -0.826579 0.000000
vn -0.616205 0.787586 0.000000
vn -0.562843 0.826564 -0.000002
vn -0.562841 0.826566 -0.000006
vn -0.562839 0.826566 -0.000008
vn 0.183407 -0.983037 0.000000
vn 0.183406 -0.983037 0.000000
vn 0.183403 -0.983038 0.000000
vn 0.183402 -0.983038 0.000000
vn 0.653738 0.445154 0.611935
vn 0.653738 0.445152 0.611936
vn 0.653738 0.445150 0.611938
vn 0.653738 0.445148 0.611939
vn -0.445111 -0.303087 0.842624
vn -0.445106 -0.303086 0.842627
vn -0.445109 -0.303087 0.842625
vn 0.000000 0.000000 0.000000
vn 0.000000 0.000000 0.000000
vn -0.000001 0.000000 1.000000
vn -0.000000 0.000000 1.000000
vn 0.000000 0.000000 1.000000
vn 0.000001 0.000000 1.000000
vn 0.000000 0.000000 1.000000
vn 0.000000 0.000000 1.000000
vn -0.000000 0.000000 1.000000
vn 0.000000 0.000000 1.000000
vn 0.000000 0.000000 1.000000
vn 0.000000 0.000000 1.000000
vn 0.000000 0.000000 1.000000
vn 0.000002 0.000000 1.000000
vn -0.000003 0.000000 1.000000
vn 0.826567 0.562838 -0.000004
vn 0.001487 0.001163 0.999998
vn 0.826569 0.562836 -0.000002
vn -0.616205 0.787586 0.000000
vn 0.255039 0.966931 0.000000
vn 0.255039 0.966931 0.000000
vn 0.255039 0.966931 0.000000
vn 0.255039 0.966931 0.000000
vn -0.562839 0.826566 0.000000
vn -0.562848 0.826560 0.000000
vn -0.562842 0.826565 0.000000
vn -0.562850 0.826559 0.000000
vn 0.562852 -0.826557 0.000000
vn 0.562852 -0.826558 0.000000
vn 0.562852 -0.826558 0.000000
vn 0.562852 -0.826558 0.000000
vn 0.000000 0.000000 0.000000
vn -0.616205 0.787586 0.000000
vn -0.483136 -0.875546 0.000000
vn -0.483136 -0.875546 0.000000
vn 0.562839 -0.826567 0.000000
vn 0.562839 -0.826567 0.000000
vn 0.562839 -0.826567 0.000000
vn 0.562839 -0.826567 0.000000
vn -0.562864 0.826550 0.000011
vn -0.562859 0.826553 0.000008
vn -0.562848 0.826560 0.000001
vn -0.562847 0.826561 0.000000
vn 0.013628 0.999907 0.000000
vn 0.013628 0.999907 0.000000
vn 0.013628 0.999907 0.000000
vn 0.013628 0.999907 0.000000
vn 0.826568 0.562837 0.000000
vn 0.826568 0.562837 0.000000
vn 0.826568 0.562837 0.000000
vn 0.826568 0.562837 0.000000
vn 0.562840 -0.826566 0.000000
vn 0.562845 -0.826563 0.000003
vn 0.562841 -0.826565 0.000000
vn 0.562847 -0.826561 0.000004
vn -0.562826 0.826575 0.000000
vn -0.562826 0.826575 0.000000
vn -0.562826 0.826575 0.000000
vn -0.562826 0.826575 0.000000
vn 0.847438 -0.530895 0.000000
vn 0.847438 -0.530895 0.000000
vn 0.847438 -0.530895 0.000000
vn 0.847438 -0.530895 0.000000
vn 0.255039 0.966931 0.000000
vn 0.255039 0.966931 0.000000
vn 0.255039 0.966931 0.000000
vn 0.255039 0.966931 0.000000
vn -0.562839 0.826566 0.000000
vn -0.562840 0.826566 0.000000
vn -0.562844 0.826564 0.000000
vn -0.562845 0.826563 0.000000
vn 0.562846 -0.826562 0.000000
vn 0.562848 -0.826560 0.000000
vn 0.562856 -0.826555 0.000000
vn 0.562859 -0.826553 0.000000
vn -0.483135 -0.875546 0.000000
vn -0.483135 -0.875546 0.000000
vn -0.483135 -0.875546 0.000000
vn -0.483136 -0.875546 0.000000
vn 0.562838 -0.826567 0.000000
vn 0.562838 -0.826567 0.000000
vn 0.562838 -0.826567 0.000000
vn 0.562838 -0.826567 0.000000
vn -0.562856 0.826555 0.000000
vn -0.562861 0.826551 0.000000
vn -0.562857 0.826555 0.000000
vn -0.562864 0.826550 0.000000
vn 0.013628 0.999907 0.000002
vn 0.013628 0.999907 0.000002
vn 0.013628 0.999907 0.000001
vn 0.013628 0.999907 0.000000
vn 0.826566 0.562840 0.000000
vn 0.826568 0.562837 0.000000
vn 0.826568 0.562836 0.000000
vn 0.826570 0.562834 0.000000
vn 0.562852 -0.826558 0.000000
vn 0.562851 -0.826558 0.000000
vn 0.562848 -0.826560 0.000000
vn 0.562847 -0.826561 0.000000
vn -0.562826 0.826575 0.000000
vn -0.562826 0.826575 -0.000001
vn -0.562826 0.826575 -0.000003
vn -0.562827 0.826575 -0.000004
vn 0.847432 -0.530904 0.000000
vn 0.847434 -0.530901 0.000000
vn 0.847441 -0.530889 0.000000
vn 0.847443 -0.530886 0.000000
s off
g item_damaged
f 1337/1974/2807 1338/1975/2808 1339/1976/2809
f 1340/1977/2810 1337/1974/2811 1339/1976/2812
f 1341/1978/2813 1337/1974/2814 1340/1977/2815
f 1342/1979/2816 1341/1978/2817 1340/1977/2818
f 1343/1980/2819 1341/1978/2820 1342/1979/2821
f 1344/1981/2822 1343/1980/2823 1342/1979/2824
f 1338/1975/2825 1343/1980/2826 1344/1981/2827
f 1339/1976/2828 1338/1975/2829 1344/1981/2830
f 1344/1982/2831 1342/1983/2832 1340/1984/2833
f 1339/1985/2834 1344/1982/2835 1340/1984/2836
f 1345/1986/2837 1346/1987/2838 1347/1988/2839
f 1348/1989/2840 1345/1986/2841 1347/1988/2842
f 1348/1989/2843 1347/1988/2844 1349/1990/2845
f 1350/1991/2846 1348/1989/2847 1349/1990/2848
f 1350/1991/2849 1349/1990/2850 1351/1992/2851
f 1352/1993/2852 1350/1991/2853 1351/1992/2854
f 1352/1993/2855 1351/1992/2856 1346/1987/2857
f 1345/1986/2858 1352/1993/2859 1346/1987/2860
f 1348/1994/2861 1350/1995/2862 1352/1996/2863
f 1345/1997/2864 1348/1994/2865 1352/1996/2866
f 1353/1998/2867 1354/1999/2868 1361/2000/2869
s 1
f 1360/2001/2870 1355/2002/2871 1359/2004/2872
f 1359/2004/2872 1355/2002/2871 1356/2003/2873
s 2
f 1356/2003/2874 1357/2005/2875 1359/2004/2876
f 1359/2004/2876 1357/2005/2875 1358/2006/2877
s 3
f 1361/2000/2878 1354/1999/2879 1360/2001/2880
f 1360/2001/2880 1354/1999/2879 1355/2002/2881
s 4
f 1362/2007/2882 1363/2008/2883 1353/1998/2884
f 1353/1998/2884 1363/2008/2883 1354/1999/2885
s 5
f 1361/2000/2886 1364/2009/2887 1353/1998/2888
f 1353/1998/2888 1364/2009/2887 1362/2007/2889
s 6
f 1355/2002/2890 1365/2010/2891 1356/2003/2892
f 1356/2003/2892 1365/2010/2891 1367/2011/2893
s 7
f 1368/2012/2894 1366/2013/2895 1359/2004/2896
f 1359/2004/2896 1366/2013/2895 1360/2001/2897
s 8
f 1367/2011/2898 1369/2014/2899 1356/2003/2900
f 1356/2003/2900 1369/2014/2899 1357/2005/2901
s 9
f 1370/2015/2902 1368/2012/2903 1358/2006/2904
f 1358/2006/2904 1368/2012/2903 1359/2004/2905
s 10
f 1363/2008/2906 1365/2010/2907 1354/1999/2908
f 1354/1999/2908 1365/2010/2907 1355/2002/2909
s 11
f 1360/2001/2910 1366/2013/2911 1361/2000/2912
f 1361/2000/2912 1366/2013/2911 1364/2009/2913
s 12
f 1376/2016/2914 1375/2017/2915 1378/2019/2916
f 1378/2019/2916 1375/2017/2915 1377/2018/2917
f 1372/2020/2918 1376/2016/2914 1379/2021/2919
f 1381/2022/2920 1373/2023/2921 1389/2024/2922
f 1383/2025/2923 1379/2021/2919 1382/2026/2924
f 1379/2021/2919 1383/2025/2923 1384/2027/2925
f 1379/2021/2919 1384/2027/2925 1385/2028/2926
f 1379/2021/2919 1385/2028/2926 1372/2020/2918
f 1387/2029/2927 1388/2030/2928 1389/2024/2922
f 1387/2029/2927 1389/2024/2922 1386/2031/2929
f 1389/2024/2922 1373/2023/2921 1371/2032/2930
f 1386/2031/2929 1389/2024/2922 1390/2033/2931
f 1390/2033/2931 1389/2024/2922 1371/2032/2930
f 1390/2033/2931 1371/2032/2930 1391/2034/2932
f 1392/2035/2933 1391/2034/2932 1371/2032/2930
f 1385/2028/2926 1393/2036/2934 1372/2020/2918
f 1393/2036/2934 1394/2037/2935 1372/2020/2918
f 1394/2037/2935 1395/2038/2936 1372/2020/2918
f 1396/2039/2937 1392/2035/2933 1371/2032/2930
f 1395/2038/2936 1397/2040/2938 1372/2020/2918
f 1398/2041/2939 1396/2039/2937 1371/2032/2930
f 1399/2042/2940 1374/2043/2941 1375/2044/2915
f 1372/2020/2918 1401/2045/2942 1376/2016/2914
f 1376/2016/2914 1400/2046/2943 1375/2017/2915
f 1375/2017/2915 1400/2046/2943 1399/2047/2940
f 1374/2043/2941 1399/2042/2940 1402/2048/2944
f 1400/2049/2943 1406/2050/2945 1405/2051/2946
f 1400/2049/2943 1401/2052/2942 1406/2050/2945
f 1405/2051/2946 1406/2050/2945 1407/2053/2947
f 1408/2054/2948 1406/2055/2945 1401/2045/2942
f 1408/2056/2948 1407/2053/2947 1406/2050/2945
f 1401/2045/2942 1409/2057/2949 1408/2054/2948
f 1409/2058/2949 1407/2053/2947 1408/2056/2948
f 1401/2045/2942 1410/2059/2950 1409/2057/2949
f 1409/2058/2949 1412/2060/2951 1407/2053/2947
f 1407/2053/2947 1413/2061/2952 1411/2062/2953
f 1407/2053/2947 1412/2060/2951 1413/2061/2952
f 1401/2045/2942 1372/2020/2918 1410/2059/2950
f 1410/2063/2950 1414/2064/2954 1409/2058/2949
f 1414/2064/2954 1412/2060/2951 1409/2058/2949
f 1412/2060/2951 1415/2065/2955 1413/2061/2952
f 1412/2060/2951 1414/2064/2954 1415/2065/2955
f 1413/2061/2952 1416/2066/2956 1411/2062/2953
f 1413/2061/2952 1415/2065/2955 1416/2066/2956
f 1416/2066/2956 1417/2067/2957 1411/2062/2953
f 1417/2067/2957 1404/2068/2958 1411/2062/2953
f 1417/2067/2957 1418/2069/2959 1404/2068/2958
f 1418/2069/2959 1403/2070/2960 1404/2068/2958
f 1417/2071/2957 1419/2072/2961 1418/2073/2959
f 1419/2074/2961 1403/2070/2960 1418/2069/2959
f 1417/2071/2957 1416/2075/2956 1419/2072/2961
f 1403/2076/2960 1419/2072/2961 1373/2023/2921
f 1419/2072/2961 1371/2032/2930 1373/2023/2921
f 1416/2075/2956 1420/2077/2962 1419/2072/2961
f 1416/2066/2956 1415/2065/2955 1420/2078/2962
f 1420/2077/2962 1371/2032/2930 1419/2072/2961
f 1415/2065/2955 1421/2079/2963 1420/2078/2962
f 1415/2065/2955 1414/2064/2954 1421/2079/2963
f 1420/2077/2962 1422/2080/2964 1371/2032/2930
f 1420/2078/2962 1421/2079/2963 1422/2081/2964
f 1414/2064/2954 1423/2082/2965 1421/2079/2963
f 1414/2064/2954 1410/2063/2950 1423/2082/2965
f 1421/2079/2963 1424/2083/2966 1422/2081/2964
f 1424/2084/2966 1371/2032/2930 1422/2080/2964
f 1421/2079/2963 1425/2085/2967 1424/2083/2966
f 1421/2079/2963 1423/2082/2965 1425/2085/2967
f 1410/2063/2950 1426/2086/2968 1423/2082/2965
f 1410/2059/2950 1372/2020/2918 1426/2087/2968
f 1426/2086/2968 1427/2088/2969 1423/2082/2965
f 1426/2087/2968 1372/2020/2918 1427/2089/2969
f 1423/2082/2965 1428/2090/2970 1425/2085/2967
f 1423/2082/2965 1427/2088/2969 1428/2090/2970
f 1429/2091/2971 1424/2083/2966 1425/2085/2967
f 1428/2090/2970 1430/2092/2972 1425/2085/2967
f 1430/2092/2972 1429/2091/2971 1425/2085/2967
f 1427/2088/2969 1431/2093/2973 1428/2090/2970
f 1431/2093/2973 1430/2092/2972 1428/2090/2970
f 1427/2089/2969 1372/2020/2918 1431/2094/2973
f 1429/2091/2971 1432/2095/2974 1424/2083/2966
f 1432/2096/2974 1371/2032/2930 1424/2084/2966
f 1430/2092/2972 1433/2097/2975 1429/2091/2971
f 1433/2097/2975 1432/2095/2974 1429/2091/2971
f 1431/2093/2973 1434/2098/2976 1430/2092/2972
f 1434/2098/2976 1433/2097/2975 1430/2092/2972
f 1431/2093/2973 1435/2099/2977 1434/2098/2976
f 1431/2094/2973 1372/2020/2918 1435/2100/2977
f 1436/2101/2978 1432/2095/2974 1433/2097/2975
f 1436/2102/2978 1371/2032/2930 1432/2096/2974
f 1407/2053/2947 1411/2062/2953 1405/2051/2946
f 1405/2051/2946 1411/2062/2953 1404/2068/2958
f 1403/2070/2960 1400/2049/2943 1404/2068/2958
f 1404/2068/2958 1400/2049/2943 1405/2051/2946
f 1400/2049/2943 1403/2070/2960 1399/2042/2940
f 1399/2042/2940 1403/2070/2960 1402/2048/2944
f 1441/2103/2979 1439/2104/2980 1438/2105/2981
f 1440/2106/2982 1439/2107/2980 1442/2109/2983
f 1442/2109/2983 1439/2107/2980 1441/2108/2979
f 1372/2020/2918 1440/2106/2982 1443/2110/2984
f 1438/2105/2981 1444/2111/2985 1441/2103/2979
f 1445/2112/2986 1437/2113/2987 1461/2114/2988
f 1442/2115/2983 1447/2116/2989 1448/2117/2990
f 1442/2115/2983 1448/2117/2990 1443/2118/2984
f 1447/2116/2989 1449/2119/2991 1448/2117/2990
f 1450/2120/2992 1443/2110/2984 1448/2121/2990
f 1450/2122/2992 1448/2117/2990 1449/2119/2991
f 1443/2110/2984 1450/2120/2992 1451/2123/2993
f 1451/2124/2993 1450/2122/2992 1449/2119/2991
f 1443/2110/2984 1451/2123/2993 1452/2125/2994
f 1451/2124/2993 1449/2119/2991 1454/2126/2995
f 1449/2119/2991 1453/2127/2996 1455/2128/2997
f 1449/2119/2991 1455/2128/2997 1454/2126/2995
f 1443/2110/2984 1452/2125/2994 1372/2020/2918
f 1452/2129/2994 1451/2124/2993 1456/2130/2998
f 1456/2130/2998 1451/2124/2993 1454/2126/2995
f 1454/2126/2995 1455/2128/2997 1457/2131/2999
f 1454/2126/2995 1457/2131/2999 1456/2130/2998
f 1455/2128/2997 1453/2127/2996 1458/2132/3000
f 1455/2128/2997 1458/2132/3000 1457/2131/2999
f 1458/2132/3000 1453/2127/2996 1459/2133/3001
f 1459/2133/3001 1453/2127/2996 1446/2134/3002
f 1459/2133/3001 1446/2134/3002 1460/2135/3003
f 1460/2135/3003 1446/2134/3002 1445/2136/2986
f 1459/2137/3001 1460/2138/3003 1461/2114/2988
f 1461/2139/2988 1460/2135/3003 1445/2136/2986
f 1459/2137/3001 1461/2114/2988 1458/2140/3000
f 1461/2114/2988 1437/2113/2987 1371/2032/2930
f 1458/2140/3000 1461/2114/2988 1462/2141/3004
f 1458/2132/3000 1462/2142/3004 1457/2131/2999
f 1462/2141/3004 1461/2114/2988 1371/2032/2930
f 1457/2131/2999 1462/2142/3004 1463/2143/3005
f 1457/2131/2999 1463/2143/3005 1456/2130/2998
f 1462/2141/3004 1371/2032/2930 1464/2144/3006
f 1462/2142/3004 1464/2145/3006 1463/2143/3005
f 1456/2130/2998 1463/2143/3005 1465/2146/3007
f 1456/2130/2998 1465/2146/3007 1452/2129/2994
f 1463/2143/3005 1464/2145/3006 1466/2147/3008
f 1466/2148/3008 1464/2144/3006 1371/2032/2930
f 1463/2143/3005 1466/2147/3008 1467/2149/3009
f 1463/2143/3005 1467/2149/3009 1465/2146/3007
f 1452/2129/2994 1465/2146/3007 1468/2150/3010
f 1452/2125/2994 1468/2151/3010 1372/2020/2918
f 1468/2150/3010 1465/2146/3007 1469/2152/3011
f 1468/2151/3010 1469/2153/3011 1372/2020/2918
f 1465/2146/3007 1467/2149/3009 1470/2154/3012
f 1465/2146/3007 1470/2154/3012 1469/2152/3011
f 1471/2155/3013 1467/2149/3009 1466/2147/3008
f 1470/2154/3012 1467/2149/3009 1472/2156/3014
f 1472/2156/3014 1467/2149/3009 1471/2155/3013
f 1469/2152/3011 1470/2154/3012 1473/2157/3015
f 1473/2157/3015 1470/2154/3012 1472/2156/3014
f 1469/2153/3011 1473/2158/3015 1372/2020/2918
f 1471/2155/3013 1466/2147/3008 1474/2159/3016
f 1474/2160/3016 1466/2148/3008 1371/2032/2930
f 1472/2156/3014 1471/2155/3013 1433/2097/2975
f 1433/2097/2975 1471/2155/3013 1474/2159/3016
f 1473/2157/3015 1472/2156/3014 1434/2098/2976
f 1434/2098/2976 1472/2156/3014 1433/2097/2975
f 1473/2157/3015 1434/2098/2976 1435/2099/2977
f 1473/2158/3015 1435/2100/2977 1372/2020/2918
f 1436/2101/2978 1433/2097/2975 1474/2159/3016
f 1436/2102/2978 1474/2160/3016 1371/2032/2930
f 1449/2119/2991 1447/2116/2989 1453/2127/2996
f 1453/2127/2996 1447/2116/2989 1446/2134/3002
f 1445/2136/2986 1446/2134/3002 1442/2115/2983
f 1442/2115/2983 1446/2134/3002 1447/2116/2989
f 1442/2115/2983 1441/2103/2979 1445/2136/2986
f 1445/2136/2986 1441/2103/2979 1444/2111/2985
f 1372/2020/2918 1477/2161/3017 1440/2106/2982
f 1440/2106/2982 1476/2162/3018 1439/2107/2980
f 1439/2107/2980 1476/2162/3018 1475/2163/3019
f 1481/2164/3020 1480/2165/3021 1477/2161/3017
f 1477/2161/3017 1482/2166/3022 1481/2164/3020
f 1477/2161/3017 1483/2167/3023 1482/2166/3022
f 1477/2161/3017 1372/2020/2918 1483/2167/3023
f 1485/2168/3024 1487/2169/3025 1486/2170/3026
f 1485/2168/3024 1484/2171/3027 1487/2169/3025
f 1479/2172/3028 1487/2169/3025 1437/2113/2987
f 1487/2169/3025 1371/2032/2930 1437/2113/2987
f 1484/2171/3027 1488/2173/3029 1487/2169/3025
f 1488/2173/3029 1371/2032/2930 1487/2169/3025
f 1488/2173/3029 1489/2174/3030 1371/2032/2930
f 1490/2175/3031 1371/2032/2930 1489/2174/3030
f 1483/2167/3023 1372/2020/2918 1491/2176/3032
f 1491/2176/3032 1372/2020/2918 1492/2177/3033
f 1492/2177/3033 1372/2020/2918 1493/2178/3034
f 1494/2179/3035 1371/2032/2930 1490/2175/3031
f 1493/2178/3034 1372/2020/2918 1397/2040/2938
f 1398/2041/2939 1371/2032/2930 1494/2179/3035
f 1380/2180/3036 1374/2181/2941 1381/2022/2920
f 1381/2022/2920 1374/2181/2941 1373/2023/2921
f 1373/2023/2921 1374/2181/2941 1403/2076/2960
f 1403/2076/2960 1374/2181/2941 1402/2182/2944
f 1376/2016/2914 1378/2019/2916 1379/2021/2919
f 1376/2016/2914 1401/2045/2942 1400/2046/2943
f 1440/2106/2982 1442/2109/2983 1443/2110/2984
f 1440/2106/2982 1477/2161/3017 1476/2162/3018
f 1444/2183/2985 1438/2184/2981 1445/2112/2986
f 1445/2112/2986 1438/2184/2981 1437/2113/2987
f 1437/2113/2987 1438/2184/2981 1479/2172/3028
f 1479/2172/3028 1438/2184/2981 1478/2185/3037
s off
f 1377/2186/3038 1375/2187/3039 1374/2188/3040
f 1374/2188/3041 1380/2189/3042 1377/2186/3043
f 1378/2190/3044 1496/2191/3045 1382/2192/3046
f 1378/2190/3047 1382/2192/3048 1379/2193/3049
f 1496/2191/3050 1497/2194/3051 1382/2192/3052
f 1383/2195/3053 1382/2192/3054 1497/2194/3055
f 1384/2196/3056 1383/2195/3057 1497/2194/3058
f 1384/2196/3059 1497/2194/3060 1499/2197/3061
f 1497/2194/3062 1498/2198/3063 1500/2199/3064
f 1497/2194/3065 1500/2199/3066 1499/2197/3067
f 1385/2200/3068 1384/2196/3069 1501/2201/3070
f 1501/2201/3071 1384/2196/3072 1499/2197/3073
f 1499/2197/3074 1500/2199/3075 1502/2202/3076
f 1499/2197/3077 1502/2202/3078 1501/2201/3079
f 1500/2199/3080 1498/2198/3081 1386/2203/3082
f 1500/2199/3083 1386/2203/3084 1502/2202/3085
f 1386/2203/3086 1498/2198/3087 1387/2204/3088
f 1387/2204/3089 1498/2198/3090 1495/2205/3091
f 1387/2204/3092 1495/2205/3093 1388/2206/3094
f 1388/2206/3095 1495/2205/3096 1381/2207/3097
f 1389/2208/3098 1388/2206/3099 1381/2207/3100
f 1386/2203/3101 1390/2209/3102 1502/2202/3103
f 1502/2202/3104 1390/2209/3105 1503/2210/3106
f 1502/2202/3107 1503/2210/3108 1501/2201/3109
f 1390/2209/3110 1391/2211/3111 1503/2210/3112
f 1501/2201/3113 1503/2210/3114 1504/2212/3115
f 1501/2201/3116 1504/2212/3117 1385/2200/3118
f 1503/2210/3119 1391/2211/3120 1392/2213/3121
f 1503/2210/3122 1392/2213/3123 1505/2214/3124
f 1503/2210/3125 1505/2214/3126 1504/2212/3127
f 1385/2200/3128 1504/2212/3129 1393/2215/3130
f 1393/2215/3131 1504/2212/3132 1394/2216/3133
f 1504/2212/3134 1505/2214/3135 1506/2217/3136
f 1504/2212/3137 1506/2217/3138 1394/2216/3139
f 1507/2218/3140 1505/2214/3141 1392/2213/3142
f 1506/2217/3143 1505/2214/3144 1508/2219/3145
f 1508/2219/3146 1505/2214/3147 1507/2218/3148
f 1394/2216/3149 1506/2217/3150 1395/2220/3151
f 1395/2220/3152 1506/2217/3153 1508/2219/3154
f 1507/2218/3155 1392/2213/3156 1396/2221/3157
f 1508/2219/3158 1507/2218/3159 1509/2222/3160
f 1509/2222/3161 1507/2218/3162 1396/2221/3163
f 1395/2220/3164 1508/2219/3165 1510/2223/3166
f 1510/2223/3167 1508/2219/3168 1509/2222/3169
f 1395/2220/3170 1510/2223/3171 1397/2224/3172
f 1398/2225/3173 1509/2222/3174 1396/2221/3175
s 26
f 1497/2194/3176 1496/2191/3177 1498/2198/3178
f 1498/2198/3178 1496/2191/3177 1495/2205/3179
s 27
f 1381/2207/3180 1495/2205/3181 1378/2190/3182
f 1378/2190/3182 1495/2205/3181 1496/2191/3183
s 28
f 1378/2190/3184 1377/2186/3185 1381/2207/3186
f 1381/2207/3186 1377/2186/3185 1380/2189/3187
s off
f 1475/2226/3188 1438/2227/3189 1439/2228/3190
f 1438/2227/3191 1475/2226/3192 1478/2229/3193
f 1476/2230/3194 1480/2231/3195 1512/2232/3196
f 1476/2230/3197 1477/2233/3198 1480/2231/3199
f 1512/2232/3200 1480/2231/3201 1513/2234/3202
f 1481/2235/3203 1513/2234/3204 1480/2231/3205
f 1482/2236/3206 1513/2234/3207 1481/2235/3208
f 1482/2236/3209 1515/2237/3210 1513/2234/3211
f 1513/2234/3212 1516/2238/3213 1514/2239/3214
f 1513/2234/3215 1515/2237/3216 1516/2238/3217
f 1483/2240/3218 1517/2241/3219 1482/2236/3220
f 1517/2241/3221 1515/2237/3222 1482/2236/3223
f 1515/2237/3224 1518/2242/3225 1516/2238/3226
f 1515/2237/3227 1517/2241/3228 1518/2242/3229
f 1516/2238/3230 1484/2243/3231 1514/2239/3232
f 1516/2238/3233 1518/2242/3234 1484/2243/3235
f 1484/2243/3236 1485/2244/3237 1514/2239/3238
f 1485/2244/3239 1511/2245/3240 1514/2239/3241
f 1485/2244/3242 1486/2246/3243 1511/2245/3244
f 1486/2246/3245 1479/2247/3246 1511/2245/3247
f 1487/2248/3248 1479/2247/3249 1486/2246/3250
f 1484/2243/3251 1518/2242/3252 1488/2249/3253
f 1518/2242/3254 1519/2250/3255 1488/2249/3256
f 1518/2242/3257 1517/2241/3258 1519/2250/3259
f 1488/2249/3260 1519/2250/3261 1489/2251/3262
f 1517/2241/3263 1520/2252/3264 1519/2250/3265
f 1517/2241/3266 1483/2240/3267 1520/2252/3268
f 1519/2250/3269 1490/2253/3270 1489/2251/3271
f 1519/2250/3272 1521/2254/3273 1490/2253/3274
f 1519/2250/3275 1520/2252/3276 1521/2254/3277
f 1483/2240/3278 1491/2255/3279 1520/2252/3280
f 1491/2255/3281 1492/2256/3282 1520/2252/3283
f 1520/2252/3284 1522/2257/3285 1521/2254/3286
f 1520/2252/3287 1492/2256/3288 1522/2257/3289
f 1523/2258/3290 1490/2253/3291 1521/2254/3292
f 1522/2257/3293 1524/2259/3294 1521/2254/3295
f 1524/2259/3296 1523/2258/3297 1521/2254/3298
f 1492/2256/3299 1493/2260/3300 1522/2257/3301
f 1493/2260/3302 1524/2259/3303 1522/2257/3304
f 1523/2258/3305 1494/2261/3306 1490/2253/3307
f 1524/2259/3308 1509/2222/3309 1523/2258/3310
f 1509/2222/3311 1494/2261/3312 1523/2258/3313
f 1493/2260/3314 1510/2223/3315 1524/2259/3316
f 1510/2223/3317 1509/2222/3318 1524/2259/3319
f 1493/2260/3320 1397/2224/3321 1510/2223/3322
f 1398/2225/3323 1494/2261/3324 1509/2222/3325
s 29
f 1513/2234/3326 1514/2239/3327 1512/2232/3328
f 1512/2232/3328 1514/2239/3327 1511/2245/3329
s 30
f 1479/2247/3330 1476/2230/3331 1511/2245/3332
f 1511/2245/3332 1476/2230/3331 1512/2232/3333
s 31
f 1476/2230/3334 1479/2247/3335 1475/2226/3336
f 1475/2226/3336 1479/2247/3335 1478/2229/3337
s 32
f 1532/2262/3338 1529/2263/3339 1533/2265/3340
f 1533/2265/3340 1529/2263/3339 1530/2264/3341
f 1528/2266/3342 1532/2262/3338 1531/2267/3343
f 1531/2267/3343 1532/2262/3338 1533/2265/3340
f 1529/2263/3339 1534/2268/3344 1530/2264/3341
f 1530/2264/3341 1534/2268/3344 1535/2269/3345
f 1544/2270/3346 1545/2271/3347 1541/2273/3348
f 1541/2273/3348 1545/2271/3347 1542/2272/3349
f 1540/2274/3350 1543/2275/3351 1544/2270/3346
f 1544/2270/3346 1543/2275/3351 1545/2271/3347
f 1541/2273/3348 1542/2272/3349 1536/2277/3352
f 1536/2277/3352 1542/2272/3349 1537/2276/3353
f 1538/2278/3354 1539/2279/3355 1526/2281/3356
f 1526/2281/3356 1539/2279/3355 1546/2280/3357
f 1526/2281/3356 1546/2280/3357 1525/2283/3358
f 1525/2283/3358 1546/2280/3357 1527/2282/3359
f 1540/2274/3350 1539/2279/3355 1543/2275/3351
f 1543/2275/3351 1539/2279/3355 1538/2278/3354
f 1525/2283/3358 1527/2282/3359 1531/2267/3343
f 1531/2267/3343 1527/2282/3359 1528/2266/3342
s 36
f 1556/2284/3360 1525/2285/3361 1559/2287/3362
f 1559/2287/3362 1525/2285/3361 1531/2286/3363
f 1525/2285/3361 1556/2284/3360 1526/2289/3364
f 1526/2289/3364 1556/2284/3360 1557/2288/3365
f 1535/2291/3366 1558/2292/3367 1530/2290/3368
f 1530/2290/3368 1558/2292/3367 1533/2293/3369
f 1558/2292/3367 1559/2287/3362 1533/2293/3369
f 1533/2293/3369 1559/2287/3362 1531/2286/3363
s 38
f 1554/2294/3370 1555/2295/3371 1551/2297/3372
f 1551/2297/3372 1555/2295/3371 1552/2296/3373
f 1550/2298/3374 1553/2299/3375 1554/2294/3370
f 1554/2294/3370 1553/2299/3375 1555/2295/3371
f 1551/2297/3372 1552/2296/3373 1534/2301/3376
f 1534/2301/3376 1552/2296/3373 1535/2300/3377
s 36
f 1547/2302/3378 1548/2303/3379 1556/2284/3360
f 1556/2284/3360 1548/2303/3379 1557/2288/3365
f 1555/2305/3380 1558/2292/3367 1552/2304/3381
f 1552/2304/3381 1558/2292/3367 1535/2291/3366
f 1553/2306/3382 1559/2287/3362 1555/2305/3380
f 1555/2305/3380 1559/2287/3362 1558/2292/3367
s 38
f 1566/2307/3383 1563/2308/3384 1567/2310/3385
f 1567/2310/3385 1563/2308/3384 1564/2309/3386
f 1562/2311/3387 1566/2307/3383 1565/2312/3388
f 1565/2312/3388 1566/2307/3383 1567/2310/3385
f 1563/2308/3384 1536/2313/3389 1564/2309/3386
f 1564/2309/3386 1536/2313/3389 1537/2314/3390
s 36
f 1568/2315/3391 1560/2316/3392 1570/2318/3393
f 1570/2318/3393 1560/2316/3392 1565/2317/3394
f 1560/2316/3392 1568/2315/3391 1548/2303/3379
f 1548/2303/3379 1568/2315/3391 1557/2288/3365
f 1537/2320/3395 1569/2321/3396 1564/2319/3397
f 1564/2319/3397 1569/2321/3396 1567/2322/3398
f 1569/2321/3396 1570/2318/3393 1567/2322/3398
f 1567/2322/3398 1570/2318/3393 1565/2317/3394
f 1538/2323/3399 1526/2289/3364 1568/2315/3391
f 1568/2315/3391 1526/2289/3364 1557/2288/3365
f 1545/2325/3400 1569/2321/3396 1542/2324/3401
f 1542/2324/3401 1569/2321/3396 1537/2320/3395
f 1543/2326/3402 1570/2318/3393 1545/2325/3400
f 1545/2325/3400 1570/2318/3393 1569/2321/3396
f 1556/2284/3360 1559/2287/3362 1547/2302/3378
f 1547/2302/3378 1559/2287/3362 1553/2306/3382
f 1568/2315/3391 1570/2318/3393 1538/2323/3399
f 1538/2323/3399 1570/2318/3393 1543/2326/3402
s 38
f 1560/2327/3403 1548/2328/3404 1561/2330/3405
f 1561/2330/3405 1548/2328/3404 1571/2329/3406
f 1548/2328/3404 1547/2331/3407 1571/2329/3406
f 1571/2329/3406 1547/2331/3407 1549/2332/3408
f 1562/2311/3387 1565/2312/3388 1561/2330/3405
f 1561/2330/3405 1565/2312/3388 1560/2327/3403
f 1547/2331/3407 1553/2299/3375 1549/2332/3408
f 1549/2332/3408 1553/2299/3375 1550/2298/3374
s 46
f 1835/2334/3409 1834/2335/3410 1582/2333/3411
f 1582/2333/3411 1834/2335/3410 1584/2336/3412
s 47
f 1834/2335/3413 1839/2337/3414 1584/2336/3415
f 1584/2336/3415 1839/2337/3414 1573/2338/3416
s 46
f 1588/2339/3417 1582/2333/3411 1584/2336/3412
s 47
f 1577/2340/3418 1588/2339/3419 1573/2338/3416
f 1573/2338/3416 1588/2339/3419 1584/2336/3415
s 49
f 1586/2342/3420 1575/2343/3421 1587/2341/3422
f 1587/2341/3422 1575/2343/3421 1576/2344/3423
s 50
f 1578/2346/3424 1586/2342/3425 1579/2345/3426
f 1579/2345/3426 1586/2342/3425 1587/2341/3427
f 1858/2347/3428 1579/2345/3426 1587/2341/3427
f 1863/2348/3429 1858/2347/3428 1587/2341/3427
s 49
f 1587/2341/3422 1576/2344/3423 1596/2349/3430
s 47
f 1572/2350/3431 1583/2351/3432 1577/2340/3418
f 1577/2340/3418 1583/2351/3432 1588/2339/3419
s 46
f 1583/2351/3433 1582/2333/3411 1588/2339/3417
s 51
f 1578/2346/3434 1579/2345/3435 1589/2353/3436
f 1589/2353/3436 1579/2345/3435 1590/2352/3437
s 52
f 1579/2345/3438 1858/2347/3439 1590/2352/3440
f 1590/2352/3440 1858/2347/3439 1859/2354/3441
s 53
f 1835/2334/3442 1582/2333/3443 1836/2356/3444
f 1836/2356/3444 1582/2333/3443 1593/2355/3445
s 54
f 1582/2333/3446 1583/2351/3447 1593/2355/3448
f 1593/2355/3448 1583/2351/3447 1594/2357/3449
s off
f 1583/2351/3450 1572/2350/3451 1594/2357/3452
s 49
f 1587/2341/3422 1596/2349/3430 1863/2348/3453
f 1863/2348/3453 1596/2349/3430 1862/2358/3454
s 55
f 1843/2359/3455 1840/2360/3456 1842/2362/3457
f 1842/2362/3457 1840/2360/3456 1841/2361/3458
s 56
f 1842/2362/3459 1841/2361/3460 1851/2364/3461
f 1851/2364/3461 1841/2361/3460 1850/2363/3462
s 57
f 1850/2363/3463 1849/2365/3464 1851/2364/3465
f 1851/2364/3465 1849/2365/3464 1848/2366/3466
s 58
f 1603/2368/3467 1601/2369/3468 1581/2367/3469
f 1581/2367/3469 1601/2369/3468 1585/2370/3470
s 59
f 1601/2369/3471 1598/2371/3472 1585/2370/3473
f 1585/2370/3473 1598/2371/3472 1574/2372/3474
s 60
f 1580/2373/3475 1853/2374/3476 1591/2376/3477
f 1591/2376/3477 1853/2374/3476 1852/2375/3478
s 61
f 1581/2367/3479 1592/2377/3480 1603/2368/3481
f 1603/2368/3481 1592/2377/3480 1605/2378/3482
s 62
f 1597/2379/3483 1595/2380/3484 1854/2382/3485
f 1854/2382/3485 1595/2380/3484 1855/2381/3486
s 63
f 1580/2373/3487 1597/2379/3488 1853/2374/3489
f 1853/2374/3489 1597/2379/3488 1854/2382/3490
s 64
f 1602/2383/3491 1607/2384/3492 1604/2386/3493
f 1604/2386/3493 1607/2384/3492 1606/2385/3494
s 65
f 1600/2387/3495 1608/2388/3496 1602/2383/3497
f 1602/2383/3497 1608/2388/3496 1607/2384/3498
s 66
f 1599/2389/3499 1609/2390/3500 1600/2387/3501
f 1600/2387/3501 1609/2390/3500 1608/2388/3502
s 67
f 1616/2392/3503 1838/2393/3504 1614/2391/3505
f 1614/2391/3505 1838/2393/3504 1837/2394/3506
s 68
f 1573/2395/3507 1839/2396/3508 1616/2392/3509
f 1616/2392/3509 1839/2396/3508 1838/2393/3510
s 67
f 1620/2397/3511 1616/2392/3503 1614/2391/3505
s 68
f 1577/2398/3512 1573/2395/3507 1620/2397/3513
f 1620/2397/3513 1573/2395/3507 1616/2392/3509
s 69
f 1576/2400/3514 1575/2401/3515 1619/2399/3516
f 1619/2399/3516 1575/2401/3515 1618/2402/3517
s 70
f 1619/2399/3518 1618/2402/3519 1611/2403/3520
f 1611/2403/3520 1618/2402/3519 1610/2404/3521
f 1860/2405/3522 1619/2399/3518 1611/2403/3520
f 1861/2406/3523 1619/2399/3518 1860/2405/3522
s 69
f 1619/2399/3516 1596/2407/3524 1576/2400/3514
s 68
f 1572/2408/3525 1577/2398/3512 1615/2409/3526
f 1615/2409/3526 1577/2398/3512 1620/2397/3513
s 67
f 1615/2409/3527 1620/2397/3511 1614/2391/3505
s 71
f 1610/2404/3528 1589/2410/3529 1611/2403/3530
f 1611/2403/3530 1589/2410/3529 1590/2411/3531
s 72
f 1611/2403/3532 1590/2411/3533 1860/2405/3534
f 1860/2405/3534 1590/2411/3533 1859/2412/3535
s 73
f 1837/2394/3536 1836/2413/3537 1614/2391/3538
f 1614/2391/3538 1836/2413/3537 1593/2414/3539
s 74
f 1614/2391/3540 1593/2414/3541 1615/2409/3542
f 1615/2409/3542 1593/2414/3541 1594/2415/3543
s off
f 1615/2409/3544 1594/2415/3545 1572/2408/3546
s 69
f 1619/2399/3516 1861/2406/3547 1596/2407/3524
f 1596/2407/3524 1861/2406/3547 1862/2416/3548
s 75
f 1843/2417/3549 1844/2418/3550 1840/2420/3551
f 1840/2420/3551 1844/2418/3550 1845/2419/3552
s 76
f 1844/2418/3553 1846/2421/3554 1845/2419/3555
f 1845/2419/3555 1846/2421/3554 1847/2422/3556
s 77
f 1848/2423/3557 1849/2424/3558 1846/2421/3559
f 1846/2421/3559 1849/2424/3558 1847/2422/3560
s 78
f 1617/2426/3561 1623/2427/3562 1613/2425/3563
f 1613/2425/3563 1623/2427/3562 1625/2428/3564
s 79
f 1623/2427/3565 1617/2426/3566 1598/2430/3567
f 1598/2430/3567 1617/2426/3566 1574/2429/3568
s 80
f 1612/2431/3569 1591/2432/3570 1857/2434/3571
f 1857/2434/3571 1591/2432/3570 1852/2433/3572
s 81
f 1605/2435/3573 1592/2436/3574 1625/2428/3575
f 1625/2428/3575 1592/2436/3574 1613/2425/3576
s 82
f 1621/2437/3577 1856/2438/3578 1595/2440/3579
f 1595/2440/3579 1856/2438/3578 1855/2439/3580
s 83
f 1856/2438/3581 1621/2437/3582 1857/2434/3583
f 1857/2434/3583 1621/2437/3582 1612/2431/3584
s 84
f 1624/2441/3585 1604/2442/3586 1626/2444/3587
f 1626/2444/3587 1604/2442/3586 1606/2443/3588
s 85
f 1622/2445/3589 1624/2441/3590 1627/2446/3591
f 1627/2446/3591 1624/2441/3590 1626/2444/3592
s 86
f 1599/2447/3593 1622/2445/3594 1609/2448/3595
f 1609/2448/3595 1622/2445/3594 1627/2446/3596
s off
f 1628/2449/3597 1636/2450/3598 1629/2451/3599
s 87
f 1635/2452/3600 1634/2453/3601 1630/2455/3602
f 1630/2455/3602 1634/2453/3601 1631/2454/3603
s 88
f 1633/2456/3604 1632/2457/3605 1634/2453/3606
f 1634/2453/3606 1632/2457/3605 1631/2454/3607
s 89
f 1636/2450/3608 1635/2452/3609 1629/2451/3610
f 1629/2451/3610 1635/2452/3609 1630/2455/3611
s 90
f 1629/2451/3612 1638/2458/3613 1628/2449/3614
f 1628/2449/3614 1638/2458/3613 1637/2459/3615
s 91
f 1636/2450/3616 1628/2449/3617 1639/2460/3618
f 1639/2460/3618 1628/2449/3617 1637/2459/3619
s 92
f 1630/2455/3620 1631/2454/3621 1640/2462/3622
f 1640/2462/3622 1631/2454/3621 1642/2461/3623
s 93
f 1635/2452/3624 1641/2463/3625 1634/2453/3626
f 1634/2453/3626 1641/2463/3625 1643/2464/3627
s 94
f 1632/2457/3628 1644/2465/3629 1631/2454/3630
f 1631/2454/3630 1644/2465/3629 1642/2461/3631
s 95
f 1634/2453/3632 1643/2464/3633 1633/2456/3634
f 1633/2456/3634 1643/2464/3633 1645/2466/3635
s 96
f 1630/2455/3636 1640/2462/3637 1629/2451/3638
f 1629/2451/3638 1640/2462/3637 1638/2458/3639
s 97
f 1635/2452/3640 1636/2450/3641 1641/2463/3642
f 1641/2463/3642 1636/2450/3641 1639/2460/3643
s 98
f 1646/2467/3644 1663/2468/3645 1647/2470/3646
f 1647/2470/3646 1663/2468/3645 1662/2469/3647
f 1647/2470/3646 1662/2469/3647 1648/2472/3648
f 1648/2472/3648 1662/2469/3647 1661/2471/3649
f 1661/2471/3649 1665/2473/3650 1648/2472/3648
f 1648/2472/3648 1665/2473/3650 1649/2474/3651
f 1665/2473/3650 1664/2475/3652 1649/2474/3651
f 1649/2474/3651 1664/2475/3652 1650/2476/3653
f 1657/2477/3654 1667/2478/3655 1656/2480/3656
f 1656/2480/3656 1667/2478/3655 1666/2479/3657
f 1658/2481/3658 1668/2482/3659 1657/2477/3654
f 1657/2477/3654 1668/2482/3659 1667/2478/3655
f 1660/2483/3660 1670/2484/3661 1659/2486/3662
f 1659/2486/3662 1670/2484/3661 1669/2485/3663
f 1656/2480/3656 1666/2479/3657 1660/2483/3660
f 1660/2483/3660 1666/2479/3657 1670/2484/3661
f 1662/2469/3647 1657/2477/3654 1661/2471/3649
f 1661/2471/3649 1657/2477/3654 1656/2480/3656
f 1663/2468/3645 1658/2481/3658 1662/2469/3647
f 1662/2469/3647 1658/2481/3658 1657/2477/3654
f 1665/2473/3650 1660/2483/3660 1664/2475/3652
f 1664/2475/3652 1660/2483/3660 1659/2486/3662
f 1661/2471/3649 1656/2480/3656 1665/2473/3650
f 1665/2473/3650 1656/2480/3656 1660/2483/3660
f 1667/2478/3655 1652/2487/3664 1666/2479/3657
f 1666/2479/3657 1652/2487/3664 1653/2488/3665
f 1668/2482/3659 1651/2489/3666 1667/2478/3655
f 1667/2478/3655 1651/2489/3666 1652/2487/3664
f 1670/2484/3661 1654/2490/3667 1669/2485/3663
f 1669/2485/3663 1654/2490/3667 1655/2491/3668
f 1666/2479/3657 1653/2488/3665 1670/2484/3661
f 1670/2484/3661 1653/2488/3665 1654/2490/3667
s 101
f 1646/2492/3669 1671/2493/3670 1663/2495/3671
f 1663/2495/3671 1671/2493/3670 1681/2494/3672
f 1671/2493/3670 1672/2496/3673 1681/2494/3672
f 1681/2494/3672 1672/2496/3673 1680/2497/3674
f 1673/2498/3675 1682/2499/3676 1672/2496/3673
f 1672/2496/3673 1682/2499/3676 1680/2497/3674
f 1650/2500/3677 1664/2501/3678 1673/2498/3675
f 1673/2498/3675 1664/2501/3678 1682/2499/3676
f 1678/2502/3679 1677/2503/3680 1684/2505/3681
f 1684/2505/3681 1677/2503/3680 1683/2504/3682
f 1658/2506/3683 1678/2502/3679 1668/2507/3684
f 1668/2507/3684 1678/2502/3679 1684/2505/3681
f 1679/2508/3685 1659/2509/3686 1685/2511/3687
f 1685/2511/3687 1659/2509/3686 1669/2510/3688
f 1677/2503/3680 1679/2508/3685 1683/2504/3682
f 1683/2504/3682 1679/2508/3685 1685/2511/3687
f 1681/2494/3672 1680/2497/3674 1678/2502/3679
f 1678/2502/3679 1680/2497/3674 1677/2503/3680
f 1663/2495/3671 1681/2494/3672 1658/2506/3683
f 1658/2506/3683 1681/2494/3672 1678/2502/3679
f 1682/2499/3676 1664/2501/3678 1679/2508/3685
f 1679/2508/3685 1664/2501/3678 1659/2509/3686
f 1680/2497/3674 1682/2499/3676 1677/2503/3680
f 1677/2503/3680 1682/2499/3676 1679/2508/3685
f 1684/2505/3681 1683/2504/3682 1674/2513/3689
f 1674/2513/3689 1683/2504/3682 1675/2512/3690
f 1668/2507/3684 1684/2505/3681 1651/2514/3691
f 1651/2514/3691 1684/2505/3681 1674/2513/3689
f 1685/2511/3687 1669/2510/3688 1676/2516/3692
f 1676/2516/3692 1669/2510/3688 1655/2515/3693
f 1683/2504/3682 1685/2511/3687 1675/2512/3690
f 1675/2512/3690 1685/2511/3687 1676/2516/3692
s off
f 1686/2517/3694 1687/2518/3695 1690/2519/3696
f 1687/2518/3697 1692/2520/3698 1690/2519/3699
f 1688/2521/3700 1692/2520/3701 1687/2518/3702
f 1688/2521/3703 1693/2522/3704 1692/2520/3705
f 1688/2521/3706 1689/2523/3707 1693/2522/3708
f 1692/2520/3709 1694/2524/3710 1690/2519/3711
f 1694/2524/3712 1691/2525/3713 1690/2519/3714
f 1693/2522/3715 1695/2526/3716 1692/2520/3717
f 1695/2526/3718 1694/2524/3719 1692/2520/3720
f 1689/2523/3721 1696/2527/3722 1693/2522/3723
f 1696/2527/3724 1695/2526/3725 1693/2522/3726
f 1694/2524/3727 1697/2528/3728 1691/2525/3729
f 1698/2529/3730 1695/2526/3731 1696/2527/3732
f 1699/2530/3733 1695/2526/3734 1698/2529/3735
f 1699/2530/3736 1700/2531/3737 1695/2526/3738
f 1700/2531/3739 1701/2532/3740 1695/2526/3741
f 1701/2532/3742 1694/2524/3743 1695/2526/3744
s 106
f 1699/2530/3745 1703/2533/3746 1700/2531/3747
f 1700/2531/3747 1703/2533/3746 1702/2534/3748
s 107
f 1702/2534/3749 1704/2535/3750 1700/2531/3751
f 1700/2531/3751 1704/2535/3750 1701/2532/3752
s off
f 1701/2532/3753 1697/2528/3754 1694/2524/3755
s 108
f 1704/2535/3756 1705/2536/3757 1701/2532/3758
f 1701/2532/3758 1705/2536/3757 1697/2528/3759
s off
f 1706/2537/3760 1709/2538/3761 1707/2539/3762
f 1707/2539/3763 1709/2538/3764 1711/2540/3765
f 1708/2541/3766 1707/2539/3767 1711/2540/3768
f 1708/2541/3769 1711/2540/3770 1712/2542/3771
f 1708/2541/3772 1712/2542/3773 1689/2523/3774
f 1711/2540/3775 1709/2538/3776 1713/2543/3777
f 1713/2543/3778 1709/2538/3779 1710/2544/3780
f 1712/2542/3781 1711/2540/3782 1714/2545/3783
f 1714/2545/3784 1711/2540/3785 1713/2543/3786
f 1689/2523/3787 1712/2542/3788 1696/2527/3789
f 1696/2527/3790 1712/2542/3791 1714/2545/3792
f 1713/2543/3793 1710/2544/3794 1715/2546/3795
f 1698/2529/3796 1696/2527/3797 1714/2545/3798
f 1699/2530/3799 1698/2529/3800 1714/2545/3801
f 1699/2530/3802 1714/2545/3803 1716/2547/3804
f 1716/2547/3805 1714/2545/3806 1717/2548/3807
f 1717/2548/3808 1714/2545/3809 1713/2543/3810
f 1717/2548/3811 1713/2543/3812 1715/2546/3813
s 109
f 1699/2530/3814 1716/2547/3815 1703/2533/3816
f 1703/2533/3816 1716/2547/3815 1718/2549/3817
s 110
f 1718/2549/3818 1716/2547/3819 1719/2550/3820
f 1719/2550/3820 1716/2547/3819 1717/2548/3821
s 111
f 1719/2550/3822 1717/2548/3823 1720/2551/3824
f 1720/2551/3824 1717/2548/3823 1715/2546/3825
s 112
f 1733/2552/3826 1727/2553/3827 1734/2555/3828
f 1734/2555/3828 1727/2553/3827 1728/2554/3829
s 113
f 1726/2557/3830 1729/2558/3831 1725/2556/3832
f 1725/2556/3832 1729/2558/3831 1730/2559/3833
s 114
f 1721/2560/3834 1722/2561/3835 1732/2563/3836
f 1732/2563/3836 1722/2561/3835 1723/2562/3837
s 115
f 1731/2564/3838 1736/2565/3839 1730/2559/3840
f 1730/2559/3840 1736/2565/3839 1725/2556/3841
s 116
f 1721/2560/3842 1732/2563/3843 1730/2559/3844
f 1730/2559/3844 1732/2563/3843 1731/2564/3845
s 117
f 1726/2557/3846 1733/2552/3847 1729/2558/3848
f 1729/2558/3848 1733/2552/3847 1734/2555/3849
s 118
f 1724/2566/3850 1735/2567/3851 1736/2565/3852
f 1736/2565/3852 1735/2567/3851 1725/2556/3853
s 119
f 1727/2553/3854 1737/2568/3855 1728/2554/3856
f 1728/2554/3856 1737/2568/3855 1738/2569/3857
s 120
f 1749/2570/3858 1750/2571/3859 1745/2573/3860
f 1745/2573/3860 1750/2571/3859 1746/2572/3861
s 121
f 1748/2575/3862 1747/2576/3863 1743/2574/3864
f 1743/2574/3864 1747/2576/3863 1744/2577/3865
s 122
f 1741/2578/3866 1732/2563/3867 1742/2579/3868
f 1742/2579/3868 1732/2563/3867 1723/2562/3869
f 1731/2564/3870 1748/2575/3871 1736/2565/3872
f 1736/2565/3872 1748/2575/3871 1743/2574/3873
f 1741/2578/3866 1748/2575/3871 1732/2563/3867
f 1732/2563/3867 1748/2575/3871 1731/2564/3870
s 124
f 1744/2577/3874 1747/2576/3875 1749/2570/3876
f 1749/2570/3876 1747/2576/3875 1750/2571/3877
s 122
f 1743/2574/3873 1751/2580/3878 1736/2565/3872
f 1736/2565/3872 1751/2580/3878 1724/2566/3879
s 125
f 1745/2573/3880 1746/2572/3881 1739/2582/3882
f 1739/2582/3882 1746/2572/3881 1740/2581/3883
s off
f 1686/2583/3884 1752/2584/3885 1687/2585/3886
f 1687/2585/3887 1752/2584/3888 1754/2586/3889
f 1688/2587/3890 1687/2585/3891 1754/2586/3892
f 1688/2587/3893 1754/2586/3894 1755/2588/3895
f 1688/2587/3896 1755/2588/3897 1689/2589/3898
f 1754/2586/3899 1752/2584/3900 1756/2590/3901
f 1756/2590/3902 1752/2584/3903 1753/2591/3904
f 1755/2588/3905 1754/2586/3906 1757/2592/3907
f 1757/2592/3908 1754/2586/3909 1756/2590/3910
f 1689/2589/3911 1755/2588/3912 1758/2593/3913
f 1758/2593/3914 1755/2588/3915 1757/2592/3916
f 1756/2590/3917 1753/2591/3918 1759/2594/3919
f 1760/2595/3920 1758/2593/3921 1757/2592/3922
f 1761/2596/3923 1760/2595/3924 1757/2592/3925
f 1761/2596/3926 1757/2592/3927 1762/2597/3928
f 1762/2597/3929 1757/2592/3930 1763/2598/3931
f 1763/2598/3932 1757/2592/3933 1756/2590/3934
s 126
f 1761/2596/3935 1762/2597/3936 1765/2600/3937
f 1765/2600/3937 1762/2597/3936 1764/2599/3938
s 127
f 1764/2599/3939 1762/2597/3940 1766/2601/3941
f 1766/2601/3941 1762/2597/3940 1763/2598/3942
s off
f 1763/2598/3943 1756/2590/3944 1759/2594/3945
s 128
f 1766/2601/3946 1763/2598/3947 1767/2602/3948
f 1767/2602/3948 1763/2598/3947 1759/2594/3949
s off
f 1706/2603/3950 1707/2604/3951 1768/2605/3952
f 1707/2604/3953 1770/2606/3954 1768/2605/3955
f 1708/2607/3956 1770/2606/3957 1707/2604/3958
f 1708/2607/3959 1771/2608/3960 1770/2606/3961
f 1708/2607/3962 1689/2589/3963 1771/2608/3964
f 1770/2606/3965 1772/2609/3966 1768/2605/3967
f 1772/2609/3968 1769/2610/3969 1768/2605/3970
f 1771/2608/3971 1773/2611/3972 1770/2606/3973
f 1773/2611/3974 1772/2609/3975 1770/2606/3976
f 1689/2589/3977 1758/2593/3978 1771/2608/3979
f 1758/2593/3980 1773/2611/3981 1771/2608/3982
f 1772/2609/3983 1774/2612/3984 1769/2610/3985
f 1760/2595/3986 1773/2611/3987 1758/2593/3988
f 1761/2596/3989 1773/2611/3990 1760/2595/3991
f 1761/2596/3992 1775/2613/3993 1773/2611/3994
f 1775/2613/3995 1776/2614/3996 1773/2611/3997
f 1776/2614/3998 1772/2609/3999 1773/2611/4000
f 1776/2614/4001 1774/2612/4002 1772/2609/4003
s 129
f 1761/2596/4004 1765/2600/4005 1775/2613/4006
f 1775/2613/4006 1765/2600/4005 1777/2615/4007
s 130
f 1777/2615/4008 1778/2616/4009 1775/2613/4010
f 1775/2613/4010 1778/2616/4009 1776/2614/4011
s 131
f 1778/2616/4012 1779/2617/4013 1776/2614/4014
f 1776/2614/4014 1779/2617/4013 1774/2612/4015
s 132
f 1752/2619/4016 1767/2620/4017 1753/2618/4018
f 1753/2618/4018 1767/2620/4017 1759/2621/4019
s 133
f 1690/2622/4020 1691/2623/4021 1705/2625/4022
f 1705/2625/4022 1691/2623/4021 1697/2624/4023
s 134
f 1709/2627/4024 1720/2628/4025 1710/2626/4026
f 1710/2626/4026 1720/2628/4025 1715/2629/4027
s 135
f 1768/2630/4028 1769/2631/4029 1779/2633/4030
f 1779/2633/4030 1769/2631/4029 1774/2632/4031
s 136
f 1686/2634/4032 1690/2622/4033 1780/2635/4034
f 1780/2635/4034 1690/2622/4033 1705/2625/4035
s 137
f 1686/2634/4036 1780/2635/4037 1752/2619/4038
f 1752/2619/4038 1780/2635/4037 1767/2620/4039
s 138
f 1706/2636/4040 1768/2630/4041 1781/2637/4042
f 1781/2637/4042 1768/2630/4041 1779/2633/4043
s 139
f 1706/2636/4044 1781/2637/4045 1709/2627/4046
f 1709/2627/4046 1781/2637/4045 1720/2628/4047
s 140
f 1702/2638/4048 1703/2639/4049 1782/2641/4050
f 1782/2641/4050 1703/2639/4049 1783/2640/4051
s 141
f 1704/2642/4052 1702/2638/4053 1784/2643/4054
f 1784/2643/4054 1702/2638/4053 1782/2641/4055
s 142
f 1705/2625/4056 1704/2642/4057 1780/2635/4058
f 1780/2635/4058 1704/2642/4057 1784/2643/4059
s 143
f 1765/2644/4060 1764/2645/4061 1783/2640/4062
f 1783/2640/4062 1764/2645/4061 1782/2641/4063
s 144
f 1764/2645/4064 1766/2646/4065 1782/2641/4066
f 1782/2641/4066 1766/2646/4065 1784/2643/4067
s 145
f 1766/2646/4068 1767/2620/4069 1784/2643/4070
f 1784/2643/4070 1767/2620/4069 1780/2635/4071
s 146
f 1777/2647/4072 1765/2644/4073 1785/2648/4074
f 1785/2648/4074 1765/2644/4073 1783/2640/4075
s 147
f 1778/2649/4076 1777/2647/4077 1786/2650/4078
f 1786/2650/4078 1777/2647/4077 1785/2648/4079
s 148
f 1779/2633/4080 1778/2649/4081 1781/2637/4082
f 1781/2637/4082 1778/2649/4081 1786/2650/4083
s 149
f 1703/2639/4084 1718/2651/4085 1783/2640/4086
f 1783/2640/4086 1718/2651/4085 1785/2648/4087
s 150
f 1718/2651/4088 1719/2652/4089 1785/2648/4090
f 1785/2648/4090 1719/2652/4089 1786/2650/4091
s 151
f 1719/2652/4092 1720/2628/4093 1786/2650/4094
f 1786/2650/4094 1720/2628/4093 1781/2637/4095
s 152
f 1721/2653/4096 1803/2654/4097 1722/2656/4098
f 1722/2656/4098 1803/2654/4097 1804/2655/4099
s 153
f 1722/2656/4100 1804/2655/4101 1723/2658/4102
f 1723/2658/4102 1804/2655/4101 1805/2657/4103
s 154
f 1724/2659/4104 1806/2660/4105 1735/2662/4106
f 1735/2662/4106 1806/2660/4105 1807/2661/4107
s 155
f 1808/2664/4108 1809/2665/4109 1725/2663/4110
f 1725/2663/4110 1809/2665/4109 1726/2666/4111
s 156
f 1726/2666/4112 1809/2665/4113 1733/2668/4114
f 1733/2668/4114 1809/2665/4113 1810/2667/4115
s 157
f 1738/2670/4116 1811/2671/4117 1728/2669/4118
f 1728/2669/4118 1811/2671/4117 1734/2672/4119
s 158
f 1729/2673/4120 1812/2674/4121 1730/2676/4122
f 1730/2676/4122 1812/2674/4121 1813/2675/4123
s 159
f 1730/2676/4124 1813/2675/4125 1721/2653/4126
f 1721/2653/4126 1813/2675/4125 1803/2654/4127
s 160
f 1733/2668/4128 1810/2667/4129 1727/2678/4130
f 1727/2678/4130 1810/2667/4129 1737/2677/4131
s 161
f 1734/2672/4132 1811/2671/4133 1729/2673/4134
f 1729/2673/4134 1811/2671/4133 1812/2674/4135
s 162
f 1735/2662/4136 1807/2661/4137 1725/2663/4138
f 1725/2663/4138 1807/2661/4137 1808/2664/4139
s 163
f 1799/2679/4140 1800/2680/4141 1793/2682/4142
f 1793/2682/4142 1800/2680/4141 1794/2681/4143
s 164
f 1796/2684/4144 1795/2685/4145 1791/2683/4146
f 1791/2683/4146 1795/2685/4145 1792/2686/4147
s 165
f 1787/2687/4148 1798/2688/4149 1788/2690/4150
f 1788/2690/4150 1798/2688/4149 1789/2689/4151
s 166
f 1797/2691/4152 1796/2684/4153 1802/2692/4154
f 1802/2692/4154 1796/2684/4153 1791/2683/4155
s 167
f 1787/2687/4156 1796/2684/4157 1798/2688/4158
f 1798/2688/4158 1796/2684/4157 1797/2691/4159
s 168
f 1792/2686/4160 1795/2685/4161 1799/2679/4162
f 1799/2679/4162 1795/2685/4161 1800/2680/4163
s 169
f 1791/2683/4164 1801/2693/4165 1802/2692/4166
f 1802/2692/4166 1801/2693/4165 1790/2694/4167
s 170
f 1793/2682/4168 1794/2681/4169 1737/2696/4170
f 1737/2696/4170 1794/2681/4169 1738/2695/4171
s 171
f 1787/2697/4172 1788/2698/4173 1803/2654/4174
f 1803/2654/4174 1788/2698/4173 1804/2655/4175
s 172
f 1788/2698/4176 1789/2699/4177 1804/2655/4178
f 1804/2655/4178 1789/2699/4177 1805/2657/4179
s 173
f 1790/2700/4180 1801/2701/4181 1806/2660/4182
f 1806/2660/4182 1801/2701/4181 1807/2661/4183
s 174
f 1792/2703/4184 1809/2665/4185 1791/2702/4186
f 1791/2702/4186 1809/2665/4185 1808/2664/4187
s 175
f 1792/2703/4188 1799/2704/4189 1809/2665/4190
f 1809/2665/4190 1799/2704/4189 1810/2667/4191
s 176
f 1800/2706/4192 1811/2671/4193 1794/2705/4194
f 1794/2705/4194 1811/2671/4193 1738/2670/4195
s 177
f 1795/2707/4196 1796/2708/4197 1812/2674/4198
f 1812/2674/4198 1796/2708/4197 1813/2675/4199
s 178
f 1796/2708/4200 1787/2697/4201 1813/2675/4202
f 1813/2675/4202 1787/2697/4201 1803/2654/4203
s 179
f 1799/2704/4204 1793/2709/4205 1810/2667/4206
f 1810/2667/4206 1793/2709/4205 1737/2677/4207
s 180
f 1800/2706/4208 1795/2707/4209 1811/2671/4210
f 1811/2671/4210 1795/2707/4209 1812/2674/4211
s 181
f 1801/2701/4212 1791/2702/4213 1807/2661/4214
f 1807/2661/4214 1791/2702/4213 1808/2664/4215
s 182
f 1822/2710/4216 1818/2711/4217 1823/2713/4218
f 1823/2713/4218 1818/2711/4217 1819/2712/4219
s 183
f 1817/2715/4220 1820/2716/4221 1816/2714/4222
f 1816/2714/4222 1820/2716/4221 1821/2717/4223
s 184
f 1814/2718/4224 1815/2719/4225 1798/2688/4226
f 1798/2688/4226 1815/2719/4225 1789/2689/4227
f 1797/2691/4228 1802/2692/4229 1821/2717/4230
f 1821/2717/4230 1802/2692/4229 1816/2714/4231
f 1814/2718/4224 1798/2688/4226 1821/2717/4230
f 1821/2717/4230 1798/2688/4226 1797/2691/4228
s 186
f 1817/2715/4232 1822/2710/4233 1820/2716/4234
f 1820/2716/4234 1822/2710/4233 1823/2713/4235
s 184
f 1790/2694/4236 1824/2720/4237 1802/2692/4229
f 1802/2692/4229 1824/2720/4237 1816/2714/4231
s 187
f 1818/2711/4238 1739/2721/4239 1819/2712/4240
f 1819/2712/4240 1739/2721/4239 1740/2722/4241
s 188
f 1814/2723/4242 1825/2724/4243 1815/2726/4244
f 1815/2726/4244 1825/2724/4243 1826/2725/4245
s 189
f 1815/2726/4246 1826/2725/4247 1789/2699/4248
f 1789/2699/4248 1826/2725/4247 1805/2657/4249
s 190
f 1790/2700/4250 1806/2660/4251 1824/2728/4252
f 1824/2728/4252 1806/2660/4251 1827/2727/4253
s 191
f 1828/2730/4254 1829/2731/4255 1816/2729/4256
f 1816/2729/4256 1829/2731/4255 1817/2732/4257
s 192
f 1817/2732/4258 1829/2731/4259 1822/2734/4260
f 1822/2734/4260 1829/2731/4259 1830/2733/4261
s 193
f 1740/2736/4262 1831/2737/4263 1819/2735/4264
f 1819/2735/4264 1831/2737/4263 1823/2738/4265
s 194
f 1820/2739/4266 1832/2740/4267 1821/2742/4268
f 1821/2742/4268 1832/2740/4267 1833/2741/4269
s 195
f 1821/2742/4270 1833/2741/4271 1814/2723/4272
f 1814/2723/4272 1833/2741/4271 1825/2724/4273
s 196
f 1822/2734/4274 1830/2733/4275 1818/2744/4276
f 1818/2744/4276 1830/2733/4275 1739/2743/4277
s 197
f 1823/2738/4278 1831/2737/4279 1820/2739/4280
f 1820/2739/4280 1831/2737/4279 1832/2740/4281
s 198
f 1824/2728/4282 1827/2727/4283 1816/2729/4284
f 1816/2729/4284 1827/2727/4283 1828/2730/4285
s 199
f 1741/2745/4286 1742/2746/4287 1825/2724/4288
f 1825/2724/4288 1742/2746/4287 1826/2725/4289
s 200
f 1742/2746/4290 1723/2658/4291 1826/2725/4292
f 1826/2725/4292 1723/2658/4291 1805/2657/4293
s 201
f 1724/2659/4294 1751/2747/4295 1806/2660/4296
f 1806/2660/4296 1751/2747/4295 1827/2727/4297
s 202
f 1744/2749/4298 1829/2731/4299 1743/2748/4300
f 1743/2748/4300 1829/2731/4299 1828/2730/4301
s 203
f 1744/2749/4302 1749/2750/4303 1829/2731/4304
f 1829/2731/4304 1749/2750/4303 1830/2733/4305
s 204
f 1750/2752/4306 1831/2737/4307 1746/2751/4308
f 1746/2751/4308 1831/2737/4307 1740/2736/4309
s 205
f 1747/2753/4310 1748/2754/4311 1832/2740/4312
f 1832/2740/4312 1748/2754/4311 1833/2741/4313
s 206
f 1748/2754/4314 1741/2745/4315 1833/2741/4316
f 1833/2741/4316 1741/2745/4315 1825/2724/4317
s 207
f 1749/2750/4318 1745/2755/4319 1830/2733/4320
f 1830/2733/4320 1745/2755/4319 1739/2743/4321
s 208
f 1750/2752/4322 1747/2753/4323 1831/2737/4324
f 1831/2737/4324 1747/2753/4323 1832/2740/4325
s 209
f 1751/2747/4326 1743/2748/4327 1827/2727/4328
f 1827/2727/4328 1743/2748/4327 1828/2730/4329
g default
v -287.116514 -8.771902 0.000000
v -287.101072 -27.143969 0.000000
v -233.491682 -19.083599 0.000000
v -191.889239 -14.174971 0.000000
v -148.894338 -10.727924 0.000000
v -99.853113 -8.523726 0.000000
v -41.335272 -5.418826 0.000000
v -42.419504 15.015338 0.000000
v -101.243707 11.894189 0.000000
v -149.586104 8.100228 0.000000
v -193.902840 4.424000 0.000000
v -236.624590 -1.067928 0.000000
v -287.101072 -27.143969 -2.123976
v -287.720874 -24.720412 -4.614026
v -233.768944 -16.611514 -4.614026
v -233.491682 -19.083599 -2.123976
v -192.176716 -11.705345 -4.614026
v -191.889239 -14.174971 -2.122701
v -149.030492 -8.241480 -4.614026
v -148.894338 -10.727924 -2.123976
v -100.027904 -6.039626 -4.614026
v -99.853113 -8.523726 -2.123802
v -41.335272 -5.418826 -2.123976
v -41.467206 -2.932276 -4.614026
v -42.419504 15.015338 -2.123976
v -42.287570 12.528787 -4.614026
v -101.080304 9.409308 -4.614026
v -101.243707 11.894189 -2.123976
v -149.501341 5.610929 -4.614026
v -149.586104 8.100228 -2.123325
v -193.695153 1.944839 -4.614026
v -193.902840 4.424000 -2.123976
v -236.328699 -3.537428 -4.614026
v -236.624590 -1.067928 -2.123976
v -287.116514 -8.771902 -2.123976
v -289.690877 -11.682559 -4.614026
v -289.690877 -11.682566 0.000000
v -287.720860 -24.720415 0.000000
v -287.101072 -27.143969 2.123976
v -287.720874 -24.720412 4.614026
v -233.768944 -16.611514 4.614026
v -233.491682 -19.083599 2.123976
v -192.176716 -11.705345 4.614026
v -191.889239 -14.174971 2.122701
v -149.030492 -8.241480 4.614026
v -148.894338 -10.727924 2.123976
v -100.027904 -6.039626 4.614026
v -99.853113 -8.523726 2.123802
v -41.335272 -5.418826 2.123976
v -41.467206 -2.932276 4.614026
v -42.419504 15.015338 2.123976
v -42.287570 12.528787 4.614026
v -101.080304 9.409308 4.614026
v -101.243707 11.894189 2.123976
v -149.501341 5.610929 4.614026
v -149.586104 8.100228 2.123325
v -193.695153 1.944839 4.614026
v -193.902840 4.424000 2.123976
v -236.328699 -3.537428 4.614026
v -236.624590 -1.067928 2.123976
v -287.116514 -8.771902 2.123976
v -289.690877 -11.682559 4.614026
v -117.591945 -11.045554 -2.123866
v -117.752612 -8.560596 -5.432655
v -126.832383 -11.460874 0.000000
v -126.832383 -11.460870 -2.123899
v -127.229301 -4.385440 -5.426891
v -159.088802 -13.096701 0.000000
v -159.088802 -13.096701 -2.123714
v -159.496941 -6.022321 -5.426891
v -166.338204 -13.582831 -2.123452
v -166.531173 -11.100585 -5.432655
v -126.968162 -9.040468 -5.434617
v -159.225908 -10.720205 -5.419165
v -117.591945 -11.045554 2.123866
v -117.752612 -8.560596 5.432655
v -126.832383 -11.460870 2.123899
v -127.229301 -4.385440 5.426891
v -159.088802 -13.096701 2.123714
v -159.496941 -6.022321 5.426891
v -166.338204 -13.582831 2.123452
v -166.531173 -11.100585 5.432655
v -126.968162 -9.040468 5.434617
v -159.225908 -10.720205 5.419165
v -117.752612 -8.560596 0.000000
v -127.229301 -4.385440 0.000000
v -117.591945 -11.045554 0.000000
v -159.496941 -6.022321 0.000000
v -166.531173 -11.100585 0.000000
v -166.338204 -13.582831 0.000000
v -152.772284 -10.384149 -5.422256
v -133.421785 -9.376524 -5.431525
v -133.687233 -4.713041 -5.426891
v -153.039011 -5.694720 -5.426891
v -133.687233 -4.713041 0.000000
v -153.039011 -5.694720 0.000000
v -133.687056 -4.713032 5.426891
v -153.039194 -5.694730 5.426891
v -133.421785 -9.376524 5.431525
v -152.772284 -10.384149 5.422256
v -133.284697 -11.788087 2.123862
v -152.636486 -12.769484 2.123751
v -133.284697 -11.788087 0.000000
v -152.636486 -12.769484 0.000000
v -133.284635 -11.788087 -2.123862
v -152.636547 -12.769484 -2.123751
v -151.027232 -11.792805 -5.422256
v -135.009146 -10.961994 -5.431525
v -134.881514 -13.230020 -2.390210
v -150.901017 -14.034602 -2.390099
v -151.027232 -11.792805 5.426891
v -135.009146 -10.961994 5.436159
v -150.900961 -14.034603 2.390099
v -134.881563 -13.230019 2.390210
v -150.896691 -14.121109 -0.000000
v -134.877299 -13.316526 -0.000000
v -58.995495 1.569600 5.765267
v -59.121697 3.948641 5.765267
v -41.298355 0.881820 5.765267
v -37.032712 -1.001293 5.206446
v -36.756835 -6.201772 3.540384
v -44.548463 -6.615182 3.540384
v -44.824396 -1.414705 5.206446
v -46.410558 0.610571 5.765267
v -36.867152 -4.121592 5.206446
v -44.658773 -4.535005 5.206446
v -36.756835 -6.201772 0.000004
v -44.548463 -6.615182 0.000004
v -58.995495 1.569600 -5.765260
v -59.121697 3.948641 -5.765260
v -41.298355 0.881820 -5.765260
v -37.032712 -1.001293 -5.206440
v -36.756821 -6.201771 -3.540376
v -44.548463 -6.615182 -3.540376
v -44.824396 -1.414705 -5.206440
v -46.410558 0.610571 -5.765260
v -36.867152 -4.121592 -5.206440
v -44.658773 -4.535005 -5.206440
v -58.995495 1.569600 0.000003
v -59.121697 3.948638 0.000003
v -41.298355 0.881820 0.000003
v -37.032712 -1.001293 0.000003
v -36.867152 -4.121592 0.000003
v -44.658773 -4.535005 0.000003
v -44.824396 -1.414705 0.000003
v -46.410558 0.610571 0.000003
v -59.247954 6.327676 -5.765260
v -41.722960 8.884307 -5.765260
v -37.680537 11.208214 -5.206440
v -37.956512 16.408701 -3.540376
v -45.748154 15.995280 -3.540376
v -45.472221 10.794794 -5.206440
v -46.835162 8.613059 -5.765260
v -37.846098 14.328517 -5.206440
v -45.637719 13.915097 -5.206440
v -37.956526 16.408700 0.000004
v -45.748154 15.995280 0.000004
v -59.247954 6.327676 5.765267
v -41.722960 8.884307 5.765267
v -37.680537 11.208214 5.206446
v -37.956498 16.408701 3.540384
v -45.748154 15.995280 3.540384
v -45.472221 10.794794 5.206446
v -46.835162 8.613059 5.765267
v -37.846098 14.328517 5.206446
v -45.637719 13.915097 5.206446
v -59.247954 6.327676 0.000003
v -41.722960 8.884307 0.000003
v -37.680537 11.208214 0.000003
v -37.846098 14.328517 0.000003
v -45.637719 13.915097 0.000003
v -45.472221 10.794794 0.000003
v -46.835162 8.613059 0.000003
v -41.510658 4.883064 -5.765260
v -41.510658 4.883064 0.000003
v -41.510658 4.883064 5.765267
v -46.622860 4.611815 5.765267
v -46.622860 4.611815 -5.765259
v -54.133552 -7.678509 -2.123866
v -54.294213 -5.193551 -5.432655
v -63.373990 -8.093829 0.000000
v -63.373990 -8.093826 -2.123899
v -63.770918 -1.018396 -5.426891
v -95.630407 -9.729656 0.000000
v -95.630407 -9.729656 -2.123714
v -96.038553 -2.655277 -5.426891
v -102.879809 -10.215786 -2.123452
v -103.072778 -7.733540 -5.432655
v -63.509769 -5.673423 -5.434617
v -95.767513 -7.353160 -5.419165
v -54.133552 -7.678509 2.123866
v -54.294213 -5.193551 5.432655
v -63.373990 -8.093826 2.123899
v -63.770918 -1.018396 5.426891
v -95.630407 -9.729656 2.123714
v -96.038553 -2.655277 5.426891
v -102.879809 -10.215786 2.123452
v -103.072778 -7.733540 5.432655
v -63.509769 -5.673423 5.434617
v -95.767513 -7.353160 5.419165
v -54.294213 -5.193551 0.000000
v -63.770918 -1.018396 0.000000
v -54.133552 -7.678509 0.000000
v -96.038553 -2.655277 0.000000
v -103.072778 -7.733540 0.000000
v -102.879809 -10.215786 0.000000
v -89.313889 -7.017104 -5.422256
v -69.963394 -6.009479 -5.431525
v -70.228841 -1.345996 -5.426891
v -89.580620 -2.327676 -5.426891
v -70.228841 -1.345996 0.000000
v -89.580620 -2.327676 0.000000
v -70.228662 -1.345987 5.426891
v -89.580799 -2.327685 5.426891
v -69.963394 -6.009479 5.431525
v -89.313889 -7.017104 5.422256
v -69.826303 -8.421042 2.123862
v -89.178097 -9.402440 2.123751
v -69.826303 -8.421042 0.000000
v -89.178097 -9.402440 0.000000
v -69.826241 -8.421042 -2.123862
v -89.178156 -9.402439 -2.123751
v -87.568840 -8.425760 -5.422256
v -71.550756 -7.594949 -5.431525
v -71.423124 -9.862976 -2.390210
v -87.442627 -10.667558 -2.390099
v -87.568840 -8.425760 5.426891
v -71.550756 -7.594949 5.436159
v -87.442569 -10.667558 2.390099
v -71.423165 -9.862974 2.390210
v -87.438303 -10.754064 -0.000000
v -71.418907 -9.949481 -0.000000
v -313.842971 -27.742143 -2.252391
v -302.508943 -31.862973 -2.252391
v -271.111975 -26.782721 -2.252391
v -274.568650 -22.643240 -5.793303
v -289.458259 -24.863141 -5.793303
v -299.705040 -23.537162 -5.793303
v -295.297164 -18.992665 -5.793303
v -306.747652 -19.639137 -2.252391
v -300.548430 -19.289142 -5.793303
v -305.317337 -24.972517 -5.793303
v -274.167120 -23.928981 -5.793303
v -298.485224 -27.500295 -5.793303
v -289.182465 -26.143376 -5.793303
v -287.777912 -29.478955 -2.252391
v -313.842971 -27.742143 0.000000
v -302.508943 -31.862973 0.000000
v -287.777912 -29.478955 0.000000
v -306.747652 -19.639137 0.000000
v -271.111975 -26.782721 0.000000
v -300.548430 -19.289142 0.000000
v -313.842971 -27.742143 2.252391
v -302.508943 -31.862973 2.252391
v -271.111975 -26.782721 2.252391
v -274.568650 -22.643240 5.793303
v -289.458259 -24.863141 5.793303
v -299.705040 -23.537162 5.793303
v -295.297164 -18.992665 5.793303
v -306.747652 -19.639137 2.252391
v -300.548430 -19.289142 5.793303
v -305.317337 -24.972517 5.793303
v -274.167120 -23.928981 5.793303
v -298.485224 -27.500295 5.793303
v -289.182465 -26.143376 5.793303
v -287.777912 -29.478955 2.252391
v -274.167120 -23.928981 0.000000
v -274.568650 -22.643240 0.000000
v -289.458259 -24.863141 0.000000
v -299.705040 -23.537162 0.000000
v -295.297164 -18.992665 0.000000
v -295.297164 -18.992665 -5.793303
v -300.548430 -19.289142 -5.793303
v -285.909390 -4.037993 -2.237172
v -288.064311 -9.906872 -2.237172
v -293.558771 -10.504199 -2.237172
v -255.137229 -4.641525 -2.237172
v -269.689754 -1.582470 -2.237172
v -295.297164 -18.992665 5.793303
v -300.548430 -19.289142 5.793303
v -295.297164 -18.992665 0.000000
v -300.548430 -19.289142 0.000000
v -285.909390 -4.037993 2.237172
v -285.909390 -4.037993 0.000000
v -288.064311 -9.906872 2.237172
v -293.558771 -10.504199 2.237172
v -293.558771 -10.504199 0.000000
v -288.064311 -9.906872 0.000000
v -255.137229 -4.641525 0.000000
v -269.689754 -1.582470 0.000000
v -255.137229 -4.641525 2.237172
v -269.689754 -1.582470 2.237172
vt 0.206370 0.014695
vt 0.203604 0.030333
vt 0.153163 0.029568
vt 0.216814 0.029385
vt 0.212280 0.239436
vt 0.198452 0.239309
vt 0.210970 0.402095
vt 0.197205 0.401600
vt 0.210155 0.570248
vt 0.196381 0.570292
vt 0.212365 0.762317
vt 0.198598 0.762185
vt 0.212381 0.991533
vt 0.198610 0.991535
vt 0.138061 0.991535
vt 0.124286 0.991527
vt 0.124302 0.761229
vt 0.138067 0.761377
vt 0.128417 0.571763
vt 0.142196 0.571588
vt 0.129694 0.399257
vt 0.143471 0.399404
vt 0.132252 0.234048
vt 0.146049 0.234591
vt 0.139370 0.037727
vt 0.220616 0.239513
vt 0.217642 0.019649
vt 0.219271 0.402167
vt 0.218461 0.570219
vt 0.220669 0.762273
vt 0.115998 0.761145
vt 0.115981 0.991521
vt 0.120114 0.571640
vt 0.121391 0.399166
vt 0.123952 0.233717
vt 0.131108 0.037165
vt 0.148310 0.014402
vt 0.220687 0.991535
vt 0.134596 0.029943
vt 0.225094 0.029519
vt 0.206370 0.014695
vt 0.203604 0.030333
vt 0.153163 0.029568
vt 0.148310 0.014402
vt 0.216814 0.029385
vt 0.212280 0.239436
vt 0.198452 0.239309
vt 0.210970 0.402095
vt 0.197205 0.401600
vt 0.210155 0.570248
vt 0.196381 0.570292
vt 0.212365 0.762317
vt 0.198598 0.762185
vt 0.212381 0.991533
vt 0.198610 0.991535
vt 0.138061 0.991535
vt 0.124286 0.991527
vt 0.124302 0.761229
vt 0.138067 0.761377
vt 0.128417 0.571763
vt 0.142196 0.571588
vt 0.129694 0.399257
vt 0.143471 0.399404
vt 0.132252 0.234048
vt 0.146049 0.234591
vt 0.139370 0.037727
vt 0.225094 0.029519
vt 0.220616 0.239513
vt 0.219271 0.402167
vt 0.218461 0.570219
vt 0.220669 0.762273
vt 0.220687 0.991535
vt 0.115981 0.991521
vt 0.115998 0.761145
vt 0.120114 0.571640
vt 0.121391 0.399166
vt 0.123952 0.233717
vt 0.131108 0.037165
vt 0.134596 0.029943
vt 0.217642 0.019649
vt 0.351174 0.333313
vt 0.325120 0.333632
vt 0.325411 0.275341
vt 0.351882 0.275122
vt 0.351233 0.011370
vt 0.351663 0.059581
vt 0.325407 0.059661
vt 0.325019 0.011745
vt 0.381262 0.275364
vt 0.381446 0.059359
vt 0.272252 0.333425
vt 0.271407 0.275198
vt 0.297877 0.275354
vt 0.298309 0.333688
vt 0.271800 0.011448
vt 0.298008 0.011790
vt 0.297710 0.059651
vt 0.271456 0.059625
vt 0.242020 0.275492
vt 0.241673 0.059435
vt 0.853551 0.096840
vt 0.853515 0.164846
vt 0.820185 0.164846
vt 0.820185 0.096840
vt 0.833229 0.080487
vt 0.820185 0.080487
vt 0.853515 0.377022
vt 0.853550 0.433996
vt 0.820185 0.433996
vt 0.820185 0.377022
vt 0.833226 0.450346
vt 0.820185 0.450346
vt 0.786855 0.164846
vt 0.786820 0.096840
vt 0.807141 0.080487
vt 0.786819 0.433996
vt 0.786855 0.377022
vt 0.807143 0.450346
vt 0.346469 0.114695
vt 0.346559 0.220210
vt 0.325039 0.219546
vt 0.325141 0.115410
vt 0.354937 0.232279
vt 0.354717 0.102639
vt 0.383735 0.102216
vt 0.383863 0.232313
vt 0.853515 0.207310
vt 0.853515 0.334558
vt 0.820185 0.334558
vt 0.820185 0.207310
vt 0.786855 0.334559
vt 0.786855 0.207309
vt 0.239349 0.232389
vt 0.239423 0.102273
vt 0.268438 0.102701
vt 0.268276 0.232342
vt 0.276549 0.220241
vt 0.276784 0.114735
vt 0.298125 0.115428
vt 0.298094 0.219557
vt 0.311600 0.115066
vt 0.311600 0.219894
vt 0.311645 0.275345
vt 0.311600 0.233575
vt 0.326295 0.233262
vt 0.296903 0.233267
vt 0.296950 0.101611
vt 0.311607 0.101347
vt 0.311548 0.059623
vt 0.326233 0.101581
vt 0.311712 0.333647
vt 0.311515 0.011782
vt 0.738862 0.562416
vt 0.776723 0.562415
vt 0.776723 0.645301
vt 0.738862 0.645301
vt 0.738862 0.546770
vt 0.776723 0.546770
vt 0.607051 0.705904
vt 0.607051 0.668044
vt 0.637672 0.668044
vt 0.637672 0.702235
vt 0.658192 0.668044
vt 0.658192 0.702235
vt 0.762111 0.696395
vt 0.738862 0.696395
vt 0.738862 0.682715
vt 0.773053 0.682715
vt 0.773053 0.662195
vt 0.738862 0.662195
vt 0.671872 0.668044
vt 0.671872 0.691294
vt 0.407168 0.632398
vt 0.407168 0.581158
vt 0.424685 0.581158
vt 0.424686 0.632398
vt 0.372336 0.605080
vt 0.372336 0.571461
vt 0.386648 0.581158
vt 0.386648 0.632398
vt 0.447935 0.581158
vt 0.447935 0.632398
vt 0.701001 0.562416
vt 0.701001 0.546770
vt 0.607051 0.630183
vt 0.637672 0.633853
vt 0.658192 0.633853
vt 0.715612 0.696395
vt 0.704671 0.682715
vt 0.704671 0.662195
vt 0.701001 0.645301
vt 0.671872 0.644794
vt 0.284878 0.632398
vt 0.267361 0.632398
vt 0.267361 0.581158
vt 0.284878 0.581158
vt 0.319710 0.605080
vt 0.305398 0.632398
vt 0.305398 0.581158
vt 0.319710 0.571461
vt 0.244111 0.632398
vt 0.244111 0.581158
vt 0.738862 0.531125
vt 0.701001 0.531125
vt 0.701001 0.448240
vt 0.738862 0.448240
vt 0.554425 0.630183
vt 0.554425 0.668044
vt 0.523804 0.668044
vt 0.523804 0.633853
vt 0.503284 0.668044
vt 0.503284 0.633853
vt 0.715612 0.397146
vt 0.738862 0.397146
vt 0.738862 0.410826
vt 0.704671 0.410826
vt 0.704671 0.431346
vt 0.738862 0.431346
vt 0.489604 0.668044
vt 0.489604 0.644794
vt 0.776723 0.531125
vt 0.554425 0.705905
vt 0.523804 0.702235
vt 0.503284 0.702235
vt 0.762112 0.397146
vt 0.773053 0.410826
vt 0.773053 0.431346
vt 0.776723 0.448240
vt 0.489604 0.691294
vt 0.346023 0.605080
vt 0.346023 0.571461
vt 0.580738 0.668044
vt 0.580738 0.630183
vt 0.580738 0.705905
vt 0.330378 0.489264
vt 0.346023 0.489264
vt 0.361668 0.489264
vt 0.407168 0.632398
vt 0.424686 0.632398
vt 0.424685 0.581158
vt 0.407168 0.581158
vt 0.372336 0.605080
vt 0.386648 0.632398
vt 0.386648 0.581158
vt 0.372336 0.571461
vt 0.447935 0.632398
vt 0.447935 0.581158
vt 0.284878 0.632398
vt 0.284878 0.581158
vt 0.267361 0.581158
vt 0.267361 0.632398
vt 0.319710 0.605080
vt 0.319710 0.571461
vt 0.305398 0.581158
vt 0.305398 0.632398
vt 0.244111 0.581158
vt 0.244111 0.632398
vt 0.346023 0.571461
vt 0.346023 0.605080
vt 0.346023 0.489264
vt 0.330378 0.489264
vt 0.361668 0.489264
vt 0.351174 0.333313
vt 0.325120 0.333632
vt 0.325411 0.275341
vt 0.351882 0.275122
vt 0.351233 0.011370
vt 0.351663 0.059581
vt 0.325407 0.059661
vt 0.325019 0.011745
vt 0.381262 0.275364
vt 0.381446 0.059359
vt 0.272252 0.333425
vt 0.271407 0.275198
vt 0.297877 0.275354
vt 0.298309 0.333688
vt 0.271800 0.011448
vt 0.298008 0.011790
vt 0.297710 0.059651
vt 0.271456 0.059625
vt 0.242020 0.275492
vt 0.241673 0.059435
vt 0.853551 0.096840
vt 0.853515 0.164846
vt 0.820185 0.164846
vt 0.820185 0.096840
vt 0.833229 0.080487
vt 0.820185 0.080487
vt 0.853515 0.377022
vt 0.853550 0.433996
vt 0.820185 0.433996
vt 0.820185 0.377022
vt 0.833226 0.450346
vt 0.820185 0.450346
vt 0.786855 0.164846
vt 0.786820 0.096840
vt 0.807141 0.080487
vt 0.786819 0.433996
vt 0.786855 0.377022
vt 0.807143 0.450346
vt 0.346469 0.114695
vt 0.346559 0.220210
vt 0.325039 0.219546
vt 0.325141 0.115410
vt 0.354937 0.232279
vt 0.354717 0.102639
vt 0.383735 0.102216
vt 0.383863 0.232313
vt 0.853515 0.207310
vt 0.853515 0.334558
vt 0.820185 0.334558
vt 0.820185 0.207310
vt 0.786855 0.334559
vt 0.786855 0.207309
vt 0.239349 0.232389
vt 0.239423 0.102273
vt 0.268438 0.102701
vt 0.268276 0.232342
vt 0.276549 0.220241
vt 0.276784 0.114735
vt 0.298125 0.115428
vt 0.298094 0.219557
vt 0.311600 0.115066
vt 0.311600 0.219894
vt 0.311645 0.275345
vt 0.311600 0.233575
vt 0.326295 0.233262
vt 0.296903 0.233267
vt 0.296950 0.101611
vt 0.311607 0.101347
vt 0.311548 0.059623
vt 0.326233 0.101581
vt 0.311712 0.333647
vt 0.311515 0.011782
vt 0.424544 0.096548
vt 0.416514 0.130453
vt 0.453097 0.109129
vt 0.465117 0.074246
vt 0.472350 0.179141
vt 0.474317 0.278574
vt 0.483219 0.279859
vt 0.481160 0.179660
vt 0.493350 0.023385
vt 0.431058 0.046176
vt 0.515684 0.296672
vt 0.514659 0.185341
vt 0.481160 0.117590
vt 0.516829 0.089458
vt 0.531647 0.086235
vt 0.499222 0.011370
vt 0.529804 0.185180
vt 0.428358 0.031124
vt 0.530701 0.296534
vt 0.419471 0.036905
vt 0.394135 0.070031
vt 0.424544 0.096548
vt 0.465117 0.074246
vt 0.453097 0.109129
vt 0.416514 0.130453
vt 0.472350 0.179141
vt 0.481160 0.179660
vt 0.483219 0.279859
vt 0.474317 0.278574
vt 0.493350 0.023385
vt 0.431058 0.046176
vt 0.514659 0.185341
vt 0.515684 0.296672
vt 0.481160 0.117590
vt 0.516829 0.089458
vt 0.499222 0.011370
vt 0.531647 0.086235
vt 0.529804 0.185180
vt 0.428358 0.031124
vt 0.530701 0.296534
vt 0.920295 0.670302
vt 0.897042 0.697799
vt 0.882250 0.697799
vt 0.882250 0.670302
vt 0.920295 0.563615
vt 0.920295 0.661439
vt 0.882250 0.661438
vt 0.882250 0.563615
vt 0.920295 0.496351
vt 0.882250 0.496351
vt 0.920295 0.455127
vt 0.882250 0.455127
vt 0.394135 0.070031
vt 0.419471 0.036905
vt 0.867459 0.697799
vt 0.844205 0.670302
vt 0.844205 0.661439
vt 0.844205 0.563615
vt 0.844205 0.496351
vt 0.844205 0.455127
vt 0.814476 0.011347
vt 0.759346 0.064741
vt 0.760875 0.100489
vt 0.817581 0.045345
vt 0.724868 0.119748
vt 0.724868 0.225718
vt 0.759074 0.316153
vt 0.715717 0.121083
vt 0.677672 0.121083
vt 0.677673 0.086943
vt 0.715718 0.086943
vt 0.639628 0.086943
vt 0.639628 0.121083
vt 0.814476 0.011347
vt 0.817581 0.045345
vt 0.760875 0.100489
vt 0.759346 0.064741
vt 0.677673 0.011371
vt 0.692364 0.011371
vt 0.692364 0.194191
vt 0.677672 0.194191
vt 0.662981 0.194191
vt 0.662981 0.011371
vt 0.724868 0.119748
vt 0.692364 0.259111
vt 0.677672 0.259111
vt 0.662981 0.259111
vt 0.677672 0.461770
vt 0.662981 0.461770
vt 0.662981 0.365082
vt 0.677672 0.365082
vt 0.692364 0.461770
vt 0.692364 0.365082
vt 0.759074 0.316153
vt 0.724868 0.225718
vn -0.986813 -0.161862 -0.000001
vn -0.999945 0.010481 -0.000000
vn -0.987437 -0.158012 0.000003
vn -0.100655 0.090529 -0.990794
vn 0.022569 -0.150164 -0.988403
vn 0.020495 -0.150648 -0.988375
vn 0.130147 -0.865776 -0.483212
vn 0.118773 -0.871471 -0.475849
vn 0.014700 -0.148554 -0.988795
vn 0.086388 -0.875165 -0.476049
vn 0.009008 -0.146874 -0.989114
vn 0.053916 -0.877705 -0.476158
vn 0.006836 -0.138597 -0.990325
vn 0.043410 -0.879037 -0.474772
vn 0.007267 -0.136960 -0.990550
vn 0.046626 -0.878791 -0.474924
vn -0.007292 0.137424 -0.990485
vn -0.008938 0.138503 -0.990322
vn -0.046630 0.878838 -0.474837
vn -0.056703 0.878705 -0.473986
vn -0.011964 0.148359 -0.988861
vn -0.070691 0.877272 -0.474759
vn -0.016572 0.156947 -0.987468
vn -0.092228 0.876446 -0.472584
vn -0.021434 0.151237 -0.988265
vn -0.123443 0.872252 -0.473222
vn -0.158943 0.837551 -0.522728
vn 0.134966 -0.990850 0.000000
vn 0.148683 -0.988885 0.000000
vn 0.098292 -0.995158 0.000000
vn 0.061287 -0.998120 0.000000
vn 0.049300 -0.998784 0.000000
vn 0.052985 -0.998595 0.000000
vn -0.064393 0.997925 0.000000
vn -0.052984 0.998595 0.000000
vn -0.080359 0.996766 0.000000
vn -0.104755 0.994498 0.000000
vn -0.140169 0.990128 0.000000
vn -0.196141 0.980576 0.000000
vn -0.968821 -0.247761 0.000000
vn -0.968821 -0.247763 0.000003
vn -0.987437 -0.158012 -0.000005
vn -0.100655 0.090529 0.990794
vn 0.022569 -0.150164 0.988403
vn 0.130147 -0.865776 0.483212
vn 0.020495 -0.150648 0.988375
vn 0.118773 -0.871471 0.475849
vn 0.014700 -0.148554 0.988795
vn 0.086388 -0.875165 0.476049
vn 0.009008 -0.146874 0.989114
vn 0.053916 -0.877705 0.476158
vn 0.006836 -0.138597 0.990325
vn 0.043410 -0.879037 0.474772
vn 0.007267 -0.136960 0.990550
vn 0.046626 -0.878791 0.474924
vn -0.007292 0.137424 0.990485
vn -0.046630 0.878838 0.474837
vn -0.008938 0.138503 0.990322
vn -0.056703 0.878705 0.473986
vn -0.070691 0.877272 0.474759
vn -0.011964 0.148359 0.988861
vn -0.092228 0.876446 0.472584
vn -0.016572 0.156947 0.987468
vn -0.123443 0.872252 0.473222
vn -0.021434 0.151237 0.988265
vn -0.158943 0.837551 0.522728
vn -0.968821 -0.247763 -0.000003
vn 0.040841 -0.908633 -0.415594
vn 0.044869 -0.911462 -0.408930
vn 0.030569 -0.650939 -0.758515
vn 0.021781 -0.421696 -0.906476
vn 0.033530 -0.616031 -0.787008
vn 0.024705 -0.420749 -0.906841
vn 0.055814 -0.908964 -0.413121
vn 0.054400 -0.913683 -0.402769
vn -0.000117 0.001520 -0.999999
vn 0.000858 -0.001595 -0.999998
vn 0.021781 -0.421697 0.906475
vn 0.044869 -0.911462 0.408931
vn 0.030569 -0.650939 0.758515
vn 0.040840 -0.908633 0.415594
vn 0.033530 -0.616031 0.787008
vn 0.055814 -0.908965 0.413118
vn 0.024705 -0.420751 0.906840
vn 0.054400 -0.913684 0.402768
vn -0.000117 0.001520 0.999999
vn 0.000858 -0.001595 0.999998
vn 0.478215 0.878243 0.000000
vn 0.234787 0.972047 0.000000
vn 0.528989 0.848628 0.000000
vn 0.234731 0.972060 0.000000
vn 0.997916 0.064521 0.000000
vn 0.997916 0.064521 0.000000
vn -0.371981 0.928240 0.000000
vn -0.659288 0.751890 0.000000
vn -0.371951 0.928252 0.000000
vn -0.706441 0.707772 0.000000
vn -0.996992 -0.077506 0.000000
vn -0.996992 -0.077506 0.000000
vn 0.234753 0.972055 -0.000000
vn 0.478238 0.878230 0.000000
vn 0.997916 0.064521 0.000000
vn -0.659263 0.751912 0.000000
vn -0.372036 0.928218 0.000000
vn -0.996992 -0.077506 0.000000
vn -0.032508 -0.546568 -0.836784
vn 0.093013 -0.573462 -0.813935
vn -0.020060 -0.919174 -0.393340
vn 0.113099 -0.911368 -0.395748
vn 0.032330 -0.164242 -0.985890
vn -0.015323 -0.165152 -0.986149
vn -0.000344 0.000748 -1.000000
vn -0.000018 -0.001055 -0.999999
vn -0.050663 0.998716 0.000000
vn -0.050663 0.998716 0.000000
vn -0.050663 0.998716 -0.000000
vn -0.050663 0.998716 0.000000
vn -0.050663 0.998716 -0.000000
vn -0.050663 0.998716 0.000000
vn -0.000018 -0.001055 0.999999
vn -0.015626 -0.167137 0.985810
vn -0.000344 0.000748 1.000000
vn 0.031982 -0.161834 0.986300
vn -0.034675 -0.581247 0.812988
vn -0.020066 -0.919294 0.393060
vn 0.087512 -0.538790 0.837882
vn 0.113117 -0.911488 0.395467
vn 0.124089 -0.992271 0.000001
vn -0.023541 -0.999723 0.000000
vn 0.047264 -0.998882 0.000000
vn 0.225110 -0.887541 -0.401989
vn 0.224762 -0.974414 0.000003
vn 0.225268 -0.887527 0.401932
vn -0.133771 -0.907842 0.397402
vn -0.124085 -0.992272 0.000002
vn 0.059257 -0.998243 0.000000
vn -0.133614 -0.907840 -0.397459
vn 0.044900 -0.998991 0.000000
vn 0.066908 -0.997759 0.000000
vn -0.075985 -0.997109 0.000000
vn -0.075984 -0.997109 0.000000
vn -0.198320 -0.980137 0.000000
vn -0.190532 -0.981681 0.000000
vn -0.998596 -0.052973 0.000000
vn -0.998596 -0.052973 0.000000
vn -0.998595 -0.052985 0.000000
vn -0.998595 -0.052985 0.000000
vn 0.810177 0.586186 0.000000
vn 0.805531 0.592554 0.000000
vn 0.723048 0.690798 0.000000
vn 0.748617 0.663003 0.000000
vn 0.998596 0.052979 0.000000
vn 0.998596 0.052976 0.000001
vn -0.998597 -0.052955 0.000000
vn -0.998595 -0.052987 0.000000
vn -0.998597 -0.052955 0.000000
vn -0.998595 -0.052991 0.000000
vn -0.946644 -0.322280 0.000000
vn -0.935798 -0.352537 0.000000
vn 0.998596 0.052964 0.000001
vn 0.998597 0.052958 0.000003
vn 0.016144 -0.304273 0.952448
vn 0.016144 -0.304276 0.952447
vn 0.049193 -0.927139 0.371474
vn 0.049192 -0.927142 0.371468
vn 0.001285 -0.024212 0.999706
vn 0.005703 -0.107493 0.994189
vn 0.007757 -0.146196 0.989225
vn 0.002409 -0.045406 0.998966
vn 0.052984 -0.998595 0.000000
vn 0.052984 -0.998595 0.000000
vn -0.998596 -0.052973 0.000000
vn -0.998595 -0.052985 0.000000
vn 0.810177 0.586186 0.000000
vn 0.723048 0.690798 0.000000
vn 0.998596 0.052977 0.000000
vn -0.998595 -0.052991 0.000000
vn -0.998597 -0.052955 0.000000
vn -0.190532 -0.981681 0.000000
vn -0.935798 -0.352537 0.000000
vn -0.075984 -0.997109 0.000000
vn 0.998597 0.052958 0.000000
vn -0.016145 0.304274 0.952448
vn -0.049194 0.927139 0.371474
vn -0.016145 0.304276 0.952447
vn -0.049194 0.927140 0.371471
vn -0.002409 0.045405 0.998966
vn -0.005703 0.107493 0.994189
vn -0.007757 0.146197 0.989225
vn -0.001285 0.024212 0.999706
vn -0.052985 0.998595 0.000000
vn -0.052985 0.998595 0.000000
vn -0.181072 0.983470 0.000000
vn -0.181072 0.983470 0.000000
vn -0.300924 0.953648 0.000000
vn -0.293342 0.956007 0.000000
vn -0.998595 -0.052996 0.000000
vn -0.998595 -0.052996 0.000000
vn 0.867657 -0.497163 0.000000
vn 0.863712 -0.503986 0.000000
vn 0.792087 -0.610408 0.000000
vn 0.814572 -0.580063 0.000000
vn 0.998595 0.052988 0.000000
vn 0.998595 0.052992 0.000000
vn -0.998594 -0.053014 0.000000
vn -0.998595 -0.052982 0.000000
vn -0.998594 -0.053014 0.000000
vn -0.998596 -0.052978 0.000000
vn -0.975433 0.220297 0.000000
vn -0.967849 0.251533 0.000000
vn 0.998595 0.053000 -0.000001
vn 0.998594 0.053011 -0.000000
vn -0.998595 -0.052996 0.000000
vn 0.867657 -0.497163 0.000000
vn 0.792088 -0.610407 0.000000
vn 0.998595 0.052990 0.000000
vn -0.998596 -0.052978 0.000000
vn -0.998594 -0.053014 0.000000
vn -0.293343 0.956007 0.000000
vn -0.967849 0.251533 0.000000
vn -0.181072 0.983470 0.000000
vn 0.998594 0.053006 0.000001
vn 0.000000 -0.000000 1.000000
vn 0.000000 0.000000 1.000000
vn 0.998595 0.052985 0.000000
vn 0.998595 0.052985 0.000000
vn 0.998595 0.052985 0.000000
vn -0.000000 0.000000 1.000000
vn 0.000000 -0.000000 1.000000
vn 0.000000 -0.000000 1.000000
vn 0.016144 -0.304274 -0.952448
vn 0.049193 -0.927139 -0.371474
vn 0.016144 -0.304277 -0.952447
vn 0.049192 -0.927141 -0.371468
vn 0.002409 -0.045406 -0.998966
vn 0.005703 -0.107493 -0.994190
vn 0.007757 -0.146196 -0.989225
vn 0.001285 -0.024211 -0.999706
vn -0.016145 0.304273 -0.952448
vn -0.016145 0.304277 -0.952447
vn -0.049194 0.927139 -0.371475
vn -0.049193 0.927141 -0.371470
vn -0.001285 0.024211 -0.999706
vn -0.005703 0.107493 -0.994190
vn -0.007757 0.146196 -0.989225
vn -0.002409 0.045405 -0.998966
vn -0.000000 -0.000000 -1.000000
vn -0.000000 -0.000000 -1.000000
vn 0.000000 -0.000000 -1.000000
vn 0.000000 -0.000000 -1.000000
vn 0.000000 0.000000 -1.000000
vn 0.040841 -0.908633 -0.415594
vn 0.044869 -0.911462 -0.408931
vn 0.030570 -0.650939 -0.758515
vn 0.021781 -0.421696 -0.906476
vn 0.033530 -0.616031 -0.787008
vn 0.024705 -0.420749 -0.906841
vn 0.055814 -0.908964 -0.413121
vn 0.054400 -0.913683 -0.402770
vn -0.000117 0.001520 -0.999999
vn 0.000858 -0.001595 -0.999998
vn 0.021781 -0.421697 0.906475
vn 0.044869 -0.911462 0.408931
vn 0.030570 -0.650939 0.758515
vn 0.040840 -0.908633 0.415595
vn 0.033530 -0.616031 0.787008
vn 0.055814 -0.908965 0.413118
vn 0.024705 -0.420751 0.906840
vn 0.054400 -0.913684 0.402768
vn -0.000117 0.001520 0.999999
vn 0.000858 -0.001595 0.999998
vn 0.478215 0.878243 0.000000
vn 0.234787 0.972047 0.000000
vn 0.528989 0.848629 0.000000
vn 0.234731 0.972060 0.000000
vn 0.997917 0.064519 0.000000
vn 0.997917 0.064519 0.000000
vn -0.371981 0.928240 0.000000
vn -0.659288 0.751890 0.000000
vn -0.371951 0.928252 0.000000
vn -0.706441 0.707772 0.000000
vn -0.996992 -0.077506 0.000000
vn -0.996992 -0.077506 0.000000
vn 0.234753 0.972055 -0.000000
vn 0.478238 0.878230 0.000000
vn 0.997917 0.064519 0.000000
vn -0.659263 0.751912 0.000000
vn -0.372036 0.928218 0.000000
vn -0.996992 -0.077506 0.000000
vn -0.032508 -0.546568 -0.836784
vn 0.093013 -0.573462 -0.813935
vn -0.020060 -0.919174 -0.393340
vn 0.113099 -0.911368 -0.395748
vn 0.032330 -0.164242 -0.985890
vn -0.015323 -0.165152 -0.986149
vn -0.000344 0.000748 -1.000000
vn -0.000018 -0.001055 -0.999999
vn -0.050663 0.998716 0.000000
vn -0.050663 0.998716 0.000000
vn -0.050663 0.998716 -0.000000
vn -0.050663 0.998716 0.000000
vn -0.050663 0.998716 -0.000000
vn -0.050663 0.998716 0.000000
vn -0.000018 -0.001055 0.999999
vn -0.015626 -0.167137 0.985810
vn -0.000344 0.000748 1.000000
vn 0.031982 -0.161834 0.986300
vn -0.034675 -0.581247 0.812988
vn -0.020065 -0.919294 0.393060
vn 0.087512 -0.538790 0.837882
vn 0.113118 -0.911488 0.395467
vn 0.124089 -0.992271 0.000001
vn -0.023542 -0.999723 0.000000
vn 0.047264 -0.998882 0.000000
vn 0.225110 -0.887542 -0.401989
vn 0.224762 -0.974414 0.000004
vn 0.225268 -0.887527 0.401933
vn -0.133771 -0.907842 0.397402
vn -0.124085 -0.992272 0.000002
vn 0.059257 -0.998243 0.000000
vn -0.133614 -0.907840 -0.397459
vn 0.044900 -0.998991 0.000000
vn 0.066908 -0.997759 0.000000
vn 0.000000 -0.000000 -1.000000
vn 0.000000 -0.000000 -1.000000
vn -0.202198 0.517688 -0.831334
vn -0.319684 -0.096850 -0.942562
vn -0.000000 0.000000 -1.000000
vn -0.000000 0.000001 -1.000000
vn 0.085585 -0.583130 -0.807858
vn 0.102087 -0.639429 -0.762043
vn -0.642926 -0.254768 -0.722315
vn -0.492593 0.690556 -0.529608
vn 0.133873 -0.859394 -0.493478
vn 0.143650 -0.887928 -0.436976
vn 0.023294 -0.490425 -0.871172
vn -0.087208 -0.799248 -0.594640
vn -0.066486 -0.997787 0.000000
vn -0.341696 -0.939811 0.000000
vn 0.159729 -0.987161 0.000000
vn -0.752338 0.658777 0.000000
vn -0.536551 0.843868 0.000000
vn 0.159705 -0.987165 0.000000
vn -0.056369 0.998410 0.000000
vn -0.319684 -0.096850 0.942562
vn -0.000000 0.000000 1.000000
vn -0.202198 0.517687 0.831334
vn 0.000000 -0.000000 1.000000
vn -0.000000 0.000000 1.000000
vn 0.085585 -0.583130 0.807858
vn -0.000000 0.000000 1.000000
vn 0.102087 -0.639429 0.762043
vn -0.642926 -0.254768 0.722315
vn -0.492593 0.690556 0.529608
vn 0.133873 -0.859393 0.493478
vn 0.143650 -0.887928 0.436976
vn 0.023294 -0.490425 0.871172
vn -0.087208 -0.799248 0.594640
vn 0.807681 0.589619 0.000000
vn 0.682609 0.730784 0.000000
vn 0.781228 0.624246 0.000000
vn 0.682608 0.730784 0.000000
vn -0.035540 0.999368 0.000000
vn -0.147461 0.989068 0.000000
vn -0.035540 0.999368 0.000000
vn -0.147461 0.989068 0.000000
vn 0.128335 0.991731 0.000000
vn 0.128335 0.991731 0.000000
vn 0.717814 -0.696234 0.000000
vn 0.717814 -0.696235 0.000000
vn 0.717814 -0.696235 0.000000
vn 0.717814 -0.696235 0.000000
vn 0.954536 0.298097 0.000000
vn 0.954536 0.298097 0.000000
vn 0.807681 0.589619 0.000000
vn 0.682609 0.730784 0.000000
vn -0.147461 0.989068 0.000000
vn -0.035540 0.999368 0.000000
vn 0.128335 0.991731 0.000000
vn 0.717814 -0.696235 0.000000
vn 0.717814 -0.696235 0.000000
vn 0.954536 0.298097 0.000000
vn -0.022027 0.390140 -0.920492
vn -0.033782 0.341553 -0.939255
vn -0.026297 0.390843 -0.920082
vn -0.008036 0.073916 -0.997232
vn -0.000000 0.000000 -1.000000
vn -0.000000 0.000000 -1.000000
vn 0.000000 0.000000 -1.000000
vn 0.056369 -0.998410 0.000000
vn 0.056369 -0.998410 0.000000
vn 0.567602 -0.823303 0.000000
vn 0.588986 -0.808143 0.000000
vn 0.567602 -0.823303 0.000000
vn 0.056368 -0.998410 0.000000
vn -0.022027 0.390141 0.920492
vn -0.026297 0.390843 0.920082
vn -0.033782 0.341552 0.939255
vn -0.008036 0.073916 0.997232
vn 0.782370 -0.622814 0.000000
vn 0.782369 -0.622815 0.000000
vn -0.782530 0.622613 0.000000
vn -0.738705 0.674029 0.000000
vn -0.782530 0.622613 0.000000
vn -0.721436 0.692481 0.000000
vn -0.782530 0.622613 0.000000
vn -0.738705 0.674029 0.000000
vn 0.782370 -0.622814 0.000000
vn 0.000000 0.000000 1.000000
vn -0.350120 0.936705 0.000000
vn -0.350120 0.936705 0.000000
vn -0.350120 0.936705 0.000000
vn 0.205712 0.978613 0.000000
vn 0.205712 0.978613 0.000000
vn 0.019609 0.999808 0.000000
vn 0.019609 0.999808 0.000000
vn 0.205712 0.978613 0.000000
vn 0.019609 0.999808 0.000000
vn 0.000000 0.000000 1.000000
vn 0.000000 0.000000 1.000000
s 1
g sheath
f 1901/2756/4330 1900/2792/4331 1877/2757/4332
f 1877/2757/4332 1900/2792/4331 1899/2758/4333
f 1877/2757/4334 1878/2761/4335 1876/2759/4336
f 1876/2759/4336 1878/2761/4335 1879/2760/4337
f 1878/2761/4335 1880/2763/4338 1879/2760/4337
f 1879/2760/4337 1880/2763/4338 1881/2762/4339
f 1880/2763/4338 1882/2765/4340 1881/2762/4339
f 1881/2762/4339 1882/2765/4340 1883/2764/4341
f 1882/2765/4340 1884/2767/4342 1883/2764/4341
f 1883/2764/4341 1884/2767/4342 1885/2766/4343
f 1884/2767/4342 1887/2769/4344 1885/2766/4343
f 1885/2766/4343 1887/2769/4344 1886/2768/4345
f 1889/2770/4346 1890/2773/4347 1888/2771/4348
f 1888/2771/4348 1890/2773/4347 1891/2772/4349
f 1892/2775/4350 1893/2774/4351 1890/2773/4347
f 1890/2773/4347 1893/2774/4351 1891/2772/4349
f 1894/2777/4352 1895/2776/4353 1892/2775/4350
f 1892/2775/4350 1895/2776/4353 1893/2774/4351
f 1896/2779/4354 1897/2778/4355 1894/2777/4352
f 1894/2777/4352 1897/2778/4355 1895/2776/4353
f 1899/2758/4333 1898/2780/4356 1896/2779/4354
f 1896/2779/4354 1898/2780/4356 1897/2778/4355
f 1878/2761/4335 1877/2757/4334 1896/2779/4354
f 1896/2779/4354 1877/2757/4334 1899/2758/4333
f 1896/2779/4354 1894/2777/4352 1878/2761/4335
f 1878/2761/4335 1894/2777/4352 1880/2763/4338
f 1892/2775/4350 1882/2765/4340 1894/2777/4352
f 1894/2777/4352 1882/2765/4340 1880/2763/4338
f 1890/2773/4347 1884/2767/4342 1892/2775/4350
f 1892/2775/4350 1884/2767/4342 1882/2765/4340
f 1890/2773/4347 1889/2770/4346 1884/2767/4342
f 1884/2767/4342 1889/2770/4346 1887/2769/4344
f 1879/2760/4337 1866/2781/4357 1876/2759/4336
f 1876/2759/4336 1866/2781/4357 1865/2795/4358
f 1881/2762/4339 1867/2783/4359 1879/2760/4337
f 1879/2760/4337 1867/2783/4359 1866/2781/4357
f 1883/2764/4341 1868/2784/4360 1881/2762/4339
f 1881/2762/4339 1868/2784/4360 1867/2783/4359
f 1885/2766/4343 1869/2785/4361 1883/2764/4341
f 1883/2764/4341 1869/2785/4361 1868/2784/4360
f 1886/2768/4345 1870/2793/4362 1885/2766/4343
f 1885/2766/4343 1870/2793/4362 1869/2785/4361
f 1891/2772/4349 1872/2786/4363 1888/2771/4348
f 1888/2771/4348 1872/2786/4363 1871/2787/4364
f 1893/2774/4351 1873/2788/4365 1891/2772/4349
f 1891/2772/4349 1873/2788/4365 1872/2786/4363
f 1895/2776/4353 1874/2789/4366 1893/2774/4351
f 1893/2774/4351 1874/2789/4366 1873/2788/4365
f 1897/2778/4355 1875/2790/4367 1895/2776/4353
f 1895/2776/4353 1875/2790/4367 1874/2789/4366
f 1898/2780/4356 1864/2791/4368 1897/2778/4355
f 1897/2778/4355 1864/2791/4368 1875/2790/4367
f 1864/2794/4368 1898/2780/4356 1900/2792/4331
f 1900/2792/4331 1898/2780/4356 1899/2758/4333
f 1865/2782/4369 1901/2756/4330 1876/2759/4370
f 1876/2759/4370 1901/2756/4330 1877/2757/4332
f 1901/2796/4330 1903/2797/4371 1900/2799/4331
f 1900/2799/4331 1903/2797/4371 1925/2798/4372
f 1903/2797/4373 1902/2800/4374 1904/2802/4375
f 1904/2802/4375 1902/2800/4374 1905/2801/4376
f 1904/2802/4375 1905/2801/4376 1906/2804/4377
f 1906/2804/4377 1905/2801/4376 1907/2803/4378
f 1906/2804/4377 1907/2803/4378 1908/2806/4379
f 1908/2806/4379 1907/2803/4378 1909/2805/4380
f 1908/2806/4379 1909/2805/4380 1910/2808/4381
f 1910/2808/4381 1909/2805/4380 1911/2807/4382
f 1910/2808/4381 1911/2807/4382 1913/2810/4383
f 1913/2810/4383 1911/2807/4382 1912/2809/4384
f 1915/2811/4385 1914/2812/4386 1916/2814/4387
f 1916/2814/4387 1914/2812/4386 1917/2813/4388
f 1917/2813/4388 1919/2815/4389 1916/2814/4387
f 1916/2814/4387 1919/2815/4389 1918/2816/4390
f 1919/2815/4389 1921/2817/4391 1918/2816/4390
f 1918/2816/4390 1921/2817/4391 1920/2818/4392
f 1921/2817/4391 1923/2819/4393 1920/2818/4392
f 1920/2818/4392 1923/2819/4393 1922/2820/4394
f 1923/2819/4393 1924/2821/4395 1922/2820/4394
f 1922/2820/4394 1924/2821/4395 1925/2798/4372
f 1925/2798/4372 1903/2797/4373 1922/2820/4394
f 1922/2820/4394 1903/2797/4373 1904/2802/4375
f 1922/2820/4394 1904/2802/4375 1920/2818/4392
f 1920/2818/4392 1904/2802/4375 1906/2804/4377
f 1906/2804/4377 1908/2806/4379 1920/2818/4392
f 1920/2818/4392 1908/2806/4379 1918/2816/4390
f 1908/2806/4379 1910/2808/4381 1918/2816/4390
f 1918/2816/4390 1910/2808/4381 1916/2814/4387
f 1916/2814/4387 1910/2808/4381 1915/2811/4385
f 1915/2811/4385 1910/2808/4381 1913/2810/4383
f 1905/2801/4376 1902/2800/4374 1866/2823/4357
f 1866/2823/4357 1902/2800/4374 1865/2822/4358
f 1907/2803/4378 1905/2801/4376 1867/2824/4359
f 1867/2824/4359 1905/2801/4376 1866/2823/4357
f 1909/2805/4380 1907/2803/4378 1868/2825/4360
f 1868/2825/4360 1907/2803/4378 1867/2824/4359
f 1911/2807/4382 1909/2805/4380 1869/2826/4361
f 1869/2826/4361 1909/2805/4380 1868/2825/4360
f 1912/2809/4384 1911/2807/4382 1870/2827/4362
f 1870/2827/4362 1911/2807/4382 1869/2826/4361
f 1917/2813/4388 1914/2812/4386 1872/2829/4363
f 1872/2829/4363 1914/2812/4386 1871/2828/4364
f 1919/2815/4389 1917/2813/4388 1873/2830/4365
f 1873/2830/4365 1917/2813/4388 1872/2829/4363
f 1921/2817/4391 1919/2815/4389 1874/2831/4366
f 1874/2831/4366 1919/2815/4389 1873/2830/4365
f 1923/2819/4393 1921/2817/4391 1875/2832/4367
f 1875/2832/4367 1921/2817/4391 1874/2831/4366
f 1924/2821/4395 1923/2819/4393 1864/2833/4368
f 1864/2833/4368 1923/2819/4393 1875/2832/4367
f 1925/2798/4372 1924/2821/4395 1900/2799/4331
f 1900/2799/4331 1924/2821/4395 1864/2834/4368
f 1903/2797/4371 1901/2796/4330 1902/2800/4396
f 1902/2800/4396 1901/2796/4330 1865/2835/4369
s 10
f 1926/2837/4397 1929/2838/4398 1927/2836/4399
f 1927/2836/4399 1929/2838/4398 1936/2839/4400
f 1935/2840/4401 1937/2841/4402 1934/2843/4403
f 1934/2843/4403 1937/2841/4402 1932/2842/4404
f 1930/2844/4405 1927/2836/4399 1936/2839/4400
f 1935/2840/4401 1933/2845/4406 1937/2841/4402
f 1946/2847/4407 1940/2848/4408 1939/2846/4409
f 1939/2846/4409 1940/2848/4408 1938/2849/4410
f 1945/2850/4411 1944/2851/4412 1947/2853/4413
f 1947/2853/4413 1944/2851/4412 1942/2852/4414
f 1941/2854/4415 1946/2847/4407 1939/2846/4409
f 1945/2850/4411 1947/2853/4413 1943/2855/4416
s 14
f 1927/2856/4417 1930/2857/4418 1948/2859/4419
f 1948/2859/4419 1930/2857/4418 1949/2858/4420
f 1927/2856/4417 1948/2859/4419 1926/2860/4421
f 1926/2860/4421 1948/2859/4419 1950/2861/4422
f 1933/2862/4423 1935/2863/4424 1951/2865/4425
f 1951/2865/4425 1935/2863/4424 1952/2864/4426
f 1935/2863/4424 1934/2866/4427 1952/2864/4426
f 1952/2864/4426 1934/2866/4427 1953/2867/4428
f 1941/2868/4429 1939/2869/4430 1949/2858/4420
f 1949/2858/4420 1939/2869/4430 1948/2859/4419
f 1939/2869/4430 1938/2870/4431 1948/2859/4419
f 1948/2859/4419 1938/2870/4431 1950/2861/4422
f 1945/2871/4432 1943/2872/4433 1952/2864/4426
f 1952/2864/4426 1943/2872/4433 1951/2865/4425
f 1945/2871/4432 1952/2864/4426 1944/2873/4434
f 1944/2873/4434 1952/2864/4426 1953/2867/4428
s 10
f 1970/2874/4435 1971/2875/4436 1973/2877/4437
f 1973/2877/4437 1971/2875/4436 1972/2876/4438
f 1955/2878/4439 1954/2879/4440 1956/2881/4441
f 1956/2881/4441 1954/2879/4440 1957/2880/4442
s 14
f 1956/2882/4443 1957/2883/4444 1958/2885/4445
f 1958/2885/4445 1957/2883/4444 1959/2884/4446
f 1958/2885/4445 1959/2884/4446 1960/2887/4447
f 1960/2887/4447 1959/2884/4446 1961/2886/4448
s 10
f 1961/2889/4449 1963/2890/4450 1960/2888/4451
f 1960/2888/4451 1963/2890/4450 1962/2891/4452
f 1974/2893/4453 1976/2894/4454 1975/2892/4455
f 1975/2892/4455 1976/2894/4454 1977/2895/4456
f 1977/2895/4456 1976/2894/4454 1979/2897/4457
f 1979/2897/4457 1976/2894/4454 1978/2896/4458
f 1979/2897/4457 1978/2896/4458 1972/2876/4438
f 1972/2876/4438 1978/2896/4458 1973/2877/4437
f 1929/2838/4398 1928/2898/4459 1968/2900/4460
f 1968/2900/4460 1928/2898/4459 1966/2899/4461
f 1929/2838/4398 1968/2900/4460 1936/2839/4400
f 1936/2839/4400 1968/2900/4460 1955/2878/4439
f 1956/2881/4441 1930/2844/4405 1955/2878/4439
f 1955/2878/4439 1930/2844/4405 1936/2839/4400
f 1940/2848/4408 1964/2901/4462 1928/2898/4459
f 1928/2898/4459 1964/2901/4462 1966/2899/4461
f 1962/2891/4452 1964/2901/4462 1946/2847/4407
f 1946/2847/4407 1964/2901/4462 1940/2848/4408
f 1960/2888/4451 1962/2891/4452 1941/2854/4415
f 1941/2854/4415 1962/2891/4452 1946/2847/4407
s 14
f 1930/2857/4418 1956/2882/4443 1949/2858/4420
f 1949/2858/4420 1956/2882/4443 1958/2885/4445
f 1960/2887/4447 1941/2868/4429 1958/2885/4445
f 1958/2885/4445 1941/2868/4429 1949/2858/4420
s 10
f 1933/2845/4406 1957/2880/4442 1937/2841/4402
f 1937/2841/4402 1957/2880/4442 1954/2879/4440
s 14
f 1959/2884/4446 1957/2883/4444 1951/2865/4425
f 1951/2865/4425 1957/2883/4444 1933/2862/4423
f 1943/2872/4433 1961/2886/4448 1951/2865/4425
f 1951/2865/4425 1961/2886/4448 1959/2884/4446
s 10
f 1943/2855/4416 1947/2853/4413 1961/2889/4449
f 1961/2889/4449 1947/2853/4413 1963/2890/4450
f 1965/2902/4463 1963/2890/4450 1942/2852/4414
f 1942/2852/4414 1963/2890/4450 1947/2853/4413
f 1967/2903/4464 1965/2902/4463 1931/2904/4465
f 1931/2904/4465 1965/2902/4463 1942/2852/4414
f 1969/2905/4466 1967/2903/4464 1932/2842/4404
f 1932/2842/4404 1967/2903/4464 1931/2904/4465
f 1969/2905/4466 1932/2842/4404 1954/2879/4440
f 1954/2879/4440 1932/2842/4404 1937/2841/4402
f 1954/2879/4440 1955/2878/4439 1970/2874/4435
f 1970/2874/4435 1955/2878/4439 1971/2875/4436
f 1955/2878/4439 1968/2900/4460 1971/2875/4436
f 1971/2875/4436 1968/2900/4460 1972/2876/4438
f 1954/2879/4440 1970/2874/4435 1969/2905/4466
f 1969/2905/4466 1970/2874/4435 1973/2877/4437
f 1962/2891/4452 1963/2890/4450 1975/2892/4455
f 1975/2892/4455 1963/2890/4450 1974/2893/4453
f 1963/2890/4450 1965/2902/4463 1974/2893/4453
f 1974/2893/4453 1965/2902/4463 1976/2894/4454
f 1962/2891/4452 1975/2892/4455 1964/2901/4462
f 1964/2901/4462 1975/2892/4455 1977/2895/4456
f 1967/2903/4464 1978/2896/4458 1965/2902/4463
f 1965/2902/4463 1978/2896/4458 1976/2894/4454
f 1966/2899/4461 1964/2901/4462 1979/2897/4457
f 1979/2897/4457 1964/2901/4462 1977/2895/4456
f 1967/2903/4464 1969/2905/4466 1978/2896/4458
f 1978/2896/4458 1969/2905/4466 1973/2877/4437
f 1966/2899/4461 1979/2897/4457 1968/2900/4460
f 1968/2900/4460 1979/2897/4457 1972/2876/4438
f 1929/2838/4398 1926/2837/4397 1928/2898/4459
f 1928/2898/4459 1926/2837/4397 1950/2906/4467
f 1938/2849/4410 1940/2848/4408 1950/2906/4467
f 1950/2906/4467 1940/2848/4408 1928/2898/4459
f 1934/2843/4403 1932/2842/4404 1953/2907/4468
f 1953/2907/4468 1932/2842/4404 1931/2904/4465
f 1942/2852/4414 1944/2851/4412 1931/2904/4465
f 1931/2904/4465 1944/2851/4412 1953/2907/4468
s 25
f 2002/2908/4469 1992/2909/4470 2009/2911/4471
f 2009/2911/4471 1992/2909/4470 1999/2910/4472
s 26
f 1992/2909/4473 2002/2908/4474 1993/2913/4475
f 1993/2913/4475 2002/2908/4474 2003/2912/4476
s 27
f 1994/2914/4477 2004/2915/4478 1995/2917/4479
f 1995/2917/4479 2004/2915/4478 2005/2916/4480
f 1995/2917/4479 2005/2916/4480 2000/2919/4481
f 2000/2919/4481 2005/2916/4480 2006/2918/4482
s 25
f 1991/2921/4483 2007/2922/4484 1997/2920/4485
f 1997/2920/4485 2007/2922/4484 2001/2923/4486
f 2008/2925/4487 2009/2911/4471 1998/2924/4488
f 1998/2924/4488 2009/2911/4471 1999/2910/4472
s 27
f 2000/2919/4481 2006/2918/4482 1996/2927/4489
f 1996/2927/4489 2006/2918/4482 1990/2926/4490
s 25
f 2001/2923/4486 2007/2922/4484 1998/2924/4488
f 1998/2924/4488 2007/2922/4484 2008/2925/4487
s 30
f 1988/2928/4491 1989/2929/4492 1984/2931/4493
f 1984/2931/4493 1989/2929/4492 1985/2930/4494
f 1987/2933/4495 1986/2934/4496 1982/2932/4497
f 1982/2932/4497 1986/2934/4496 1983/2935/4498
f 1983/2935/4498 1986/2934/4496 1988/2928/4491
f 1988/2928/4491 1986/2934/4496 1989/2929/4492
f 1984/2931/4493 1985/2930/4494 1990/2937/4499
f 1990/2937/4499 1985/2930/4494 1991/2936/4500
s 26
f 1980/2938/4501 1981/2939/4502 2002/2908/4474
f 2002/2908/4474 1981/2939/4502 2003/2912/4476
s 27
f 1982/2940/4503 1983/2941/4504 2004/2915/4478
f 2004/2915/4478 1983/2941/4504 2005/2916/4480
f 1983/2941/4504 1988/2942/4505 2005/2916/4480
f 2005/2916/4480 1988/2942/4505 2006/2918/4482
s 25
f 1989/2944/4506 2007/2922/4484 1985/2943/4507
f 1985/2943/4507 2007/2922/4484 1991/2921/4483
f 1987/2946/4508 2009/2911/4471 1986/2945/4509
f 1986/2945/4509 2009/2911/4471 2008/2925/4487
f 2002/2908/4469 2009/2911/4471 1980/2938/4510
f 1980/2938/4510 2009/2911/4471 1987/2946/4508
s 27
f 1988/2942/4505 1984/2947/4511 2006/2918/4482
f 2006/2918/4482 1984/2947/4511 1990/2926/4490
s 25
f 1989/2944/4506 1986/2945/4509 2007/2922/4484
f 2007/2922/4484 1986/2945/4509 2008/2925/4487
s 30
f 2028/2948/4512 2024/2949/4513 2029/2951/4514
f 2029/2951/4514 2024/2949/4513 2025/2950/4515
f 2023/2953/4516 2026/2954/4517 2022/2952/4518
f 2022/2952/4518 2026/2954/4517 2027/2955/4519
f 2023/2953/4516 2028/2948/4512 2026/2954/4517
f 2026/2954/4517 2028/2948/4512 2029/2951/4514
f 2024/2949/4513 2019/2956/4520 2025/2950/4515
f 2025/2950/4515 2019/2956/4520 2020/2957/4521
s 36
f 2030/2958/4522 2021/2959/4523 2036/2961/4524
f 2036/2961/4524 2021/2959/4523 2027/2960/4525
s 26
f 2021/2959/4526 2030/2958/4527 1981/2939/4502
f 1981/2939/4502 2030/2958/4527 2003/2912/4476
s 27
f 2022/2962/4528 2031/2963/4529 2023/2965/4530
f 2023/2965/4530 2031/2963/4529 2032/2964/4531
f 2023/2965/4530 2032/2964/4531 2028/2967/4532
f 2028/2967/4532 2032/2964/4531 2033/2966/4533
s 36
f 2020/2969/4534 2034/2970/4535 2025/2968/4536
f 2025/2968/4536 2034/2970/4535 2029/2971/4537
f 2035/2973/4538 2036/2961/4524 2026/2972/4539
f 2026/2972/4539 2036/2961/4524 2027/2960/4525
s 27
f 2028/2967/4532 2033/2966/4533 2024/2975/4540
f 2024/2975/4540 2033/2966/4533 2019/2974/4541
s 36
f 2029/2971/4537 2034/2970/4535 2026/2972/4539
f 2026/2972/4539 2034/2970/4535 2035/2973/4538
s 26
f 2010/2976/4542 1993/2913/4475 2030/2958/4527
f 2030/2958/4527 1993/2913/4475 2003/2912/4476
s 27
f 2011/2977/4543 2012/2978/4544 2031/2963/4529
f 2031/2963/4529 2012/2978/4544 2032/2964/4531
f 2012/2978/4544 2017/2979/4545 2032/2964/4531
f 2032/2964/4531 2017/2979/4545 2033/2966/4533
s 36
f 2018/2981/4546 2034/2970/4535 2014/2980/4547
f 2014/2980/4547 2034/2970/4535 2020/2969/4534
f 2016/2983/4548 2036/2961/4524 2015/2982/4549
f 2015/2982/4549 2036/2961/4524 2035/2973/4538
f 2030/2958/4522 2036/2961/4524 2010/2976/4550
f 2010/2976/4550 2036/2961/4524 2016/2983/4548
s 27
f 2017/2979/4545 2013/2984/4551 2033/2966/4533
f 2033/2966/4533 2013/2984/4551 2019/2974/4541
s 36
f 2018/2981/4546 2015/2982/4549 2034/2970/4535
f 2034/2970/4535 2015/2982/4549 2035/2973/4538
s 30
f 1987/2933/4495 1982/2932/4497 2040/2986/4552
f 2040/2986/4552 1982/2932/4497 2039/2985/4553
s 27
f 1982/2940/4503 2004/2915/4478 2039/2988/4554
f 2039/2988/4554 2004/2915/4478 2038/2987/4555
f 2004/2915/4478 1994/2914/4477 2038/2987/4555
f 2038/2987/4555 1994/2914/4477 2037/2989/4556
f 2038/2987/4555 2037/2989/4556 2031/2963/4529
f 2031/2963/4529 2037/2989/4556 2011/2977/4543
f 2039/2988/4554 2038/2987/4555 2022/2962/4528
f 2022/2962/4528 2038/2987/4555 2031/2963/4529
s 30
f 2040/2986/4552 2039/2985/4553 2027/2955/4519
f 2027/2955/4519 2039/2985/4553 2022/2952/4518
f 2027/2955/4519 2021/2990/4557 2040/2986/4552
f 2040/2986/4552 2021/2990/4557 1981/2991/4558
f 1981/2991/4558 1980/2992/4559 2040/2986/4552
f 2040/2986/4552 1980/2992/4559 1987/2933/4495
f 2000/2993/4560 1996/2994/4561 2001/2996/4562
f 2001/2996/4562 1996/2994/4561 1997/2995/4563
f 1995/2998/4564 1998/2999/4565 1994/2997/4566
f 1994/2997/4566 1998/2999/4565 1999/3000/4567
f 1995/2998/4564 2000/2993/4560 1998/2999/4565
f 1998/2999/4565 2000/2993/4560 2001/2996/4562
f 1996/2994/4561 1990/3001/4499 1997/2995/4563
f 1997/2995/4563 1990/3001/4499 1991/3002/4500
f 2017/3003/4568 2018/3004/4569 2013/3006/4570
f 2013/3006/4570 2018/3004/4569 2014/3005/4571
f 2016/3008/4572 2015/3009/4573 2011/3007/4574
f 2011/3007/4574 2015/3009/4573 2012/3010/4575
f 2012/3010/4575 2015/3009/4573 2017/3003/4568
f 2017/3003/4568 2015/3009/4573 2018/3004/4569
f 2013/3006/4570 2014/3005/4571 2019/3012/4520
f 2019/3012/4520 2014/3005/4571 2020/3011/4521
f 1999/3000/4567 2041/3013/4576 1994/2997/4566
f 1994/2997/4566 2041/3013/4576 2037/3014/4577
f 2041/3013/4576 2016/3008/4572 2037/3014/4577
f 2037/3014/4577 2016/3008/4572 2011/3007/4574
f 2016/3008/4572 2041/3013/4576 2010/3016/4578
f 2010/3016/4578 2041/3013/4576 1993/3015/4579
f 1999/3000/4567 1992/3017/4580 2041/3013/4576
f 2041/3013/4576 1992/3017/4580 1993/3015/4579
s 46
f 2042/3019/4581 2045/3020/4582 2043/3018/4583
f 2043/3018/4583 2045/3020/4582 2052/3021/4584
f 2051/3022/4585 2053/3023/4586 2050/3025/4587
f 2050/3025/4587 2053/3023/4586 2048/3024/4588
f 2046/3026/4589 2043/3018/4583 2052/3021/4584
f 2051/3022/4585 2049/3027/4590 2053/3023/4586
f 2062/3029/4591 2056/3030/4592 2055/3028/4593
f 2055/3028/4593 2056/3030/4592 2054/3031/4594
f 2061/3032/4595 2060/3033/4596 2063/3035/4597
f 2063/3035/4597 2060/3033/4596 2058/3034/4598
f 2057/3036/4599 2062/3029/4591 2055/3028/4593
f 2061/3032/4595 2063/3035/4597 2059/3037/4600
s 50
f 2043/3038/4601 2046/3039/4602 2064/3041/4603
f 2064/3041/4603 2046/3039/4602 2065/3040/4604
f 2043/3038/4601 2064/3041/4603 2042/3042/4605
f 2042/3042/4605 2064/3041/4603 2066/3043/4606
f 2049/3044/4607 2051/3045/4608 2067/3047/4609
f 2067/3047/4609 2051/3045/4608 2068/3046/4610
f 2051/3045/4608 2050/3048/4611 2068/3046/4610
f 2068/3046/4610 2050/3048/4611 2069/3049/4612
f 2057/3050/4613 2055/3051/4614 2065/3040/4604
f 2065/3040/4604 2055/3051/4614 2064/3041/4603
f 2055/3051/4614 2054/3052/4615 2064/3041/4603
f 2064/3041/4603 2054/3052/4615 2066/3043/4606
f 2061/3053/4616 2059/3054/4617 2068/3046/4610
f 2068/3046/4610 2059/3054/4617 2067/3047/4609
f 2061/3053/4616 2068/3046/4610 2060/3055/4618
f 2060/3055/4618 2068/3046/4610 2069/3049/4612
s 46
f 2086/3056/4619 2087/3057/4620 2089/3059/4621
f 2089/3059/4621 2087/3057/4620 2088/3058/4622
f 2071/3060/4623 2070/3061/4624 2072/3063/4625
f 2072/3063/4625 2070/3061/4624 2073/3062/4626
s 50
f 2072/3064/4627 2073/3065/4628 2074/3067/4629
f 2074/3067/4629 2073/3065/4628 2075/3066/4630
f 2074/3067/4629 2075/3066/4630 2076/3069/4631
f 2076/3069/4631 2075/3066/4630 2077/3068/4632
s 46
f 2077/3071/4633 2079/3072/4634 2076/3070/4635
f 2076/3070/4635 2079/3072/4634 2078/3073/4636
f 2090/3075/4637 2092/3076/4638 2091/3074/4639
f 2091/3074/4639 2092/3076/4638 2093/3077/4640
f 2093/3077/4640 2092/3076/4638 2095/3079/4641
f 2095/3079/4641 2092/3076/4638 2094/3078/4642
f 2095/3079/4641 2094/3078/4642 2088/3058/4622
f 2088/3058/4622 2094/3078/4642 2089/3059/4621
f 2045/3020/4582 2044/3080/4643 2084/3082/4644
f 2084/3082/4644 2044/3080/4643 2082/3081/4645
f 2045/3020/4582 2084/3082/4644 2052/3021/4584
f 2052/3021/4584 2084/3082/4644 2071/3060/4623
f 2072/3063/4625 2046/3026/4589 2071/3060/4623
f 2071/3060/4623 2046/3026/4589 2052/3021/4584
f 2056/3030/4592 2080/3083/4646 2044/3080/4643
f 2044/3080/4643 2080/3083/4646 2082/3081/4645
f 2078/3073/4636 2080/3083/4646 2062/3029/4591
f 2062/3029/4591 2080/3083/4646 2056/3030/4592
f 2076/3070/4635 2078/3073/4636 2057/3036/4599
f 2057/3036/4599 2078/3073/4636 2062/3029/4591
s 50
f 2046/3039/4602 2072/3064/4627 2065/3040/4604
f 2065/3040/4604 2072/3064/4627 2074/3067/4629
f 2076/3069/4631 2057/3050/4613 2074/3067/4629
f 2074/3067/4629 2057/3050/4613 2065/3040/4604
s 46
f 2049/3027/4590 2073/3062/4626 2053/3023/4586
f 2053/3023/4586 2073/3062/4626 2070/3061/4624
s 50
f 2075/3066/4630 2073/3065/4628 2067/3047/4609
f 2067/3047/4609 2073/3065/4628 2049/3044/4607
f 2059/3054/4617 2077/3068/4632 2067/3047/4609
f 2067/3047/4609 2077/3068/4632 2075/3066/4630
s 46
f 2059/3037/4600 2063/3035/4597 2077/3071/4633
f 2077/3071/4633 2063/3035/4597 2079/3072/4634
f 2081/3084/4647 2079/3072/4634 2058/3034/4598
f 2058/3034/4598 2079/3072/4634 2063/3035/4597
f 2083/3085/4648 2081/3084/4647 2047/3086/4649
f 2047/3086/4649 2081/3084/4647 2058/3034/4598
f 2085/3087/4650 2083/3085/4648 2048/3024/4588
f 2048/3024/4588 2083/3085/4648 2047/3086/4649
f 2085/3087/4650 2048/3024/4588 2070/3061/4624
f 2070/3061/4624 2048/3024/4588 2053/3023/4586
f 2070/3061/4624 2071/3060/4623 2086/3056/4619
f 2086/3056/4619 2071/3060/4623 2087/3057/4620
f 2071/3060/4623 2084/3082/4644 2087/3057/4620
f 2087/3057/4620 2084/3082/4644 2088/3058/4622
f 2070/3061/4624 2086/3056/4619 2085/3087/4650
f 2085/3087/4650 2086/3056/4619 2089/3059/4621
f 2078/3073/4636 2079/3072/4634 2091/3074/4639
f 2091/3074/4639 2079/3072/4634 2090/3075/4637
f 2079/3072/4634 2081/3084/4647 2090/3075/4637
f 2090/3075/4637 2081/3084/4647 2092/3076/4638
f 2078/3073/4636 2091/3074/4639 2080/3083/4646
f 2080/3083/4646 2091/3074/4639 2093/3077/4640
f 2083/3085/4648 2094/3078/4642 2081/3084/4647
f 2081/3084/4647 2094/3078/4642 2092/3076/4638
f 2082/3081/4645 2080/3083/4646 2095/3079/4641
f 2095/3079/4641 2080/3083/4646 2093/3077/4640
f 2083/3085/4648 2085/3087/4650 2094/3078/4642
f 2094/3078/4642 2085/3087/4650 2089/3059/4621
f 2082/3081/4645 2095/3079/4641 2084/3082/4644
f 2084/3082/4644 2095/3079/4641 2088/3058/4622
f 2045/3020/4582 2042/3019/4581 2044/3080/4643
f 2044/3080/4643 2042/3019/4581 2066/3088/4651
f 2054/3031/4594 2056/3030/4592 2066/3088/4651
f 2066/3088/4651 2056/3030/4592 2044/3080/4643
f 2050/3025/4587 2048/3024/4588 2069/3089/4652
f 2069/3089/4652 2048/3024/4588 2047/3086/4649
f 2058/3034/4598 2060/3033/4596 2047/3086/4649
f 2047/3086/4649 2060/3033/4596 2069/3089/4652
s 61
f 2102/3091/4653 2101/3092/4654 2104/3090/4655
f 2104/3090/4655 2101/3092/4654 2105/3093/4656
f 2100/3094/4657 2099/3095/4658 2108/3097/4659
f 2108/3097/4659 2099/3095/4658 2106/3096/4660
f 2096/3098/4661 2103/3099/4662 2105/3093/4656
f 2105/3093/4656 2103/3099/4662 2104/3090/4655
f 2108/3097/4659 2106/3096/4660 2109/3101/4663
f 2109/3101/4663 2106/3096/4660 2098/3100/4664
f 2101/3092/4654 2100/3094/4657 2107/3102/4665
f 2107/3102/4665 2100/3094/4657 2108/3097/4659
f 2096/3098/4661 2105/3093/4656 2097/3103/4666
f 2097/3103/4666 2105/3093/4656 2107/3102/4665
f 2108/3097/4659 2109/3101/4663 2107/3102/4665
f 2107/3102/4665 2109/3101/4663 2097/3103/4666
f 2105/3093/4656 2101/3092/4654 2107/3102/4665
f 2097/3103/4666 2111/3104/4667 2096/3098/4661
f 2096/3098/4661 2111/3104/4667 2110/3105/4668
f 2109/3101/4663 2112/3106/4669 2097/3103/4666
f 2097/3103/4666 2112/3106/4669 2111/3104/4667
f 2096/3098/4661 2110/3105/4670 2103/3099/4662
f 2103/3099/4662 2110/3105/4670 2113/3107/4671
f 2098/3100/4664 2114/3108/4672 2109/3101/4663
f 2109/3101/4663 2114/3108/4672 2112/3106/4669
f 2113/3109/4671 2115/3110/4673 2103/3099/4662
f 2103/3099/4662 2115/3110/4673 2104/3090/4655
f 2125/3112/4674 2121/3113/4675 2124/3111/4676
f 2124/3111/4676 2121/3113/4675 2122/3114/4677
f 2120/3115/4678 2128/3116/4679 2119/3118/4680
f 2119/3118/4680 2128/3116/4679 2126/3117/4681
f 2116/3119/4682 2125/3112/4674 2123/3120/4683
f 2123/3120/4683 2125/3112/4674 2124/3111/4676
f 2128/3116/4679 2129/3121/4684 2126/3117/4681
f 2126/3117/4681 2129/3121/4684 2118/3122/4685
f 2121/3113/4675 2127/3123/4686 2120/3115/4678
f 2120/3115/4678 2127/3123/4686 2128/3116/4679
f 2116/3119/4682 2117/3124/4687 2125/3112/4674
f 2125/3112/4674 2117/3124/4687 2127/3123/4686
f 2117/3124/4687 2129/3121/4684 2127/3123/4686
f 2127/3123/4686 2129/3121/4684 2128/3116/4679
f 2125/3112/4674 2127/3123/4686 2121/3113/4675
f 2117/3124/4687 2116/3119/4682 2111/3126/4667
f 2111/3126/4667 2116/3119/4682 2110/3125/4668
f 2129/3121/4684 2117/3124/4687 2112/3127/4669
f 2112/3127/4669 2117/3124/4687 2111/3126/4667
f 2116/3119/4682 2123/3120/4683 2110/3125/4670
f 2110/3125/4670 2123/3120/4683 2113/3128/4671
f 2118/3122/4685 2129/3121/4684 2114/3129/4672
f 2114/3129/4672 2129/3121/4684 2112/3127/4669
s 67
f 2126/3130/4688 2118/3131/4689 2130/3133/4690
f 2130/3133/4690 2118/3131/4689 2114/3132/4691
s 68
f 2120/3134/4692 2119/3135/4693 2132/3137/4694
f 2132/3137/4694 2119/3135/4693 2131/3136/4695
f 2121/3138/4696 2120/3134/4692 2133/3139/4697
f 2133/3139/4697 2120/3134/4692 2132/3137/4694
s 69
f 2122/3140/4698 2121/3138/4699 2134/3141/4700
f 2134/3141/4700 2121/3138/4699 2133/3139/4701
s 61
f 2124/3111/4676 2115/3142/4673 2123/3120/4683
f 2123/3120/4683 2115/3142/4673 2113/3143/4671
s 67
f 2119/3135/4702 2126/3130/4688 2131/3136/4703
f 2131/3136/4703 2126/3130/4688 2130/3133/4690
f 2106/3145/4704 2130/3133/4690 2098/3144/4705
f 2098/3144/4705 2130/3133/4690 2114/3132/4691
s 68
f 2099/3146/4706 2100/3147/4707 2131/3136/4695
f 2131/3136/4695 2100/3147/4707 2132/3137/4694
f 2100/3147/4707 2101/3148/4708 2132/3137/4694
f 2132/3137/4694 2101/3148/4708 2133/3139/4697
s 69
f 2101/3148/4709 2102/3149/4710 2133/3139/4701
f 2133/3139/4701 2102/3149/4710 2134/3141/4700
s 67
f 2106/3145/4704 2099/3146/4711 2130/3133/4690
f 2130/3133/4690 2099/3146/4711 2131/3136/4703
s 71
f 2136/3150/4712 2139/3151/4713 2135/3153/4714
f 2135/3153/4714 2139/3151/4713 2138/3152/4715
f 2139/3151/4713 2137/3154/4716 2138/3152/4715
f 2137/3154/4716 2141/3155/4717 2138/3152/4715
f 2138/3152/4715 2141/3155/4717 2140/3156/4718
s 72
f 2143/3157/4719 2145/3158/4720 2142/3160/4721
f 2142/3160/4721 2145/3158/4720 2144/3159/4722
f 2135/3161/4723 2144/3159/4722 2136/3162/4724
f 2136/3162/4724 2144/3159/4722 2145/3158/4720
s 74
f 2143/3163/4725 2142/3164/4726 2149/3166/4727
f 2149/3166/4727 2142/3164/4726 2148/3165/4728
s 72
f 2142/3160/4721 2144/3159/4722 2148/3168/4729
f 2148/3168/4729 2144/3159/4722 2151/3167/4730
s 75
f 2143/3157/4731 2149/3169/4732 2145/3158/4733
f 2145/3158/4733 2149/3169/4732 2150/3170/4734
f 2136/3162/4735 2145/3158/4733 2139/3171/4736
f 2139/3171/4736 2145/3158/4733 2150/3170/4734
s 72
f 2135/3161/4723 2138/3172/4737 2144/3159/4722
f 2144/3159/4722 2138/3172/4737 2151/3167/4730
s 74
f 2149/3166/4727 2148/3165/4728 2146/3173/4738
s 75
f 2150/3170/4734 2149/3169/4732 2147/3175/4739
f 2147/3175/4739 2149/3169/4732 2146/3174/4740
f 2139/3171/4736 2150/3170/4734 2137/3176/4741
f 2137/3176/4741 2150/3170/4734 2147/3175/4739
f 2152/3177/4742 2140/3178/4743 2153/3180/4744
f 2153/3180/4744 2140/3178/4743 2141/3179/4745
f 2154/3181/4746 2152/3177/4742 2155/3182/4747
f 2155/3182/4747 2152/3177/4742 2153/3180/4744
f 2137/3176/4741 2147/3175/4739 2141/3179/4745
f 2141/3179/4745 2147/3175/4739 2153/3180/4744
f 2147/3175/4739 2146/3174/4740 2153/3180/4744
f 2153/3180/4744 2146/3174/4740 2155/3182/4747
s 74
f 2146/3173/4738 2148/3165/4728 2155/3184/4748
f 2155/3184/4748 2148/3165/4728 2154/3183/4749
g default
v -58.677069 3.298725 -2.138058
v -57.798053 4.367414 -2.138058
v -50.530475 4.832801 -2.138058
v -49.178308 6.754437 -2.138058
v -37.343127 7.382400 -2.138058
v -37.095146 2.708711 -2.138058
v -48.717444 2.092043 -2.138058
v -50.181893 3.272089 -2.138058
v -57.953723 2.779947 -2.138058
v -59.654743 3.045152 -1.421707
v -58.161339 4.930273 -1.421707
v -58.433305 2.047676 -1.421707
v -50.647114 5.435199 -1.421707
v -50.070441 2.597630 -1.421707
v -49.245393 7.527913 -0.975393
v -48.650359 1.318568 -1.421707
v -37.384240 8.157254 -0.975393
v -37.054033 1.933857 -1.421707
v -32.772872 5.152036 0.000000
v -37.467448 4.902946 0.000000
v -33.520142 19.235771 0.000000
v -34.729395 22.310138 0.000000
v -37.337509 22.171753 0.000000
v -38.214718 18.986681 0.000000
v -36.815885 22.199430 -1.567060
v -37.226803 20.085275 -3.134122
v -38.214718 18.986681 -3.134122
v -35.251026 22.282460 -1.567060
v -34.618688 20.223660 -3.134122
v -38.325425 21.073160 -5.745889
v -38.325425 21.073162 -8.357658
v -38.242395 19.508301 -10.447071
v -37.993305 14.813724 -8.880012
v -33.547818 19.757391 -10.447071
v -33.630848 21.322250 -8.357658
v -33.630848 21.322250 -5.745889
v -33.520142 19.235771 -3.134122
v -33.298728 15.062814 -8.880010
v -33.160345 12.454715 -8.880010
v -33.021962 9.846616 -9.402363
v -37.854922 12.205625 -8.880012
v -37.716538 9.597526 -9.402365
v -37.633508 8.032667 -10.969427
v -32.938932 8.281757 -10.969427
v -37.467448 4.902946 -10.969427
v -32.772872 5.152036 -10.969427
v -36.815885 22.199430 1.567060
v -37.226803 20.085275 3.134122
v -38.214718 18.986681 3.134122
v -35.251026 22.282460 1.567060
v -34.618688 20.223660 3.134122
v -34.729395 22.310138 5.745889
v -37.337509 22.171753 5.745889
v -38.325425 21.073160 5.745889
v -37.337509 22.171753 8.357658
v -38.325425 21.073162 8.357658
v -38.242395 19.508301 10.447071
v -37.993305 14.813724 8.880012
v -34.729395 22.310138 8.357658
v -37.226803 20.085277 11.491778
v -34.618689 20.223661 11.491778
v -36.950036 14.869079 9.924718
v -34.341922 15.007463 9.924718
v -33.547818 19.757391 10.447071
v -33.630848 21.322250 8.357658
v -33.630848 21.322250 5.745889
v -33.520142 19.235771 3.134122
v -33.298728 15.062814 8.880010
v -34.203538 12.399364 9.924718
v -33.160345 12.454715 8.880010
v -36.811653 12.260980 9.924718
v -33.021962 9.846616 9.402363
v -34.092832 10.312885 10.447071
v -37.854922 12.205625 8.880012
v -37.716538 9.597526 9.402365
v -36.700946 10.174500 10.447071
v -34.009802 8.748026 12.014134
v -36.617916 8.609641 12.014134
v -37.633508 8.032667 10.969427
v -32.938932 8.281757 10.969427
v -33.816065 5.096686 12.014134
v -36.424179 4.958301 12.014134
v -37.467448 4.902946 10.969427
v -32.772872 5.152036 10.969427
v -32.025601 -8.931696 0.000000
v -32.902735 -12.116767 0.000000
v -35.510849 -12.255151 0.000000
v -36.720178 -9.180788 0.000000
v -34.989225 -12.227474 1.567060
v -35.621556 -10.168673 3.134122
v -36.720178 -9.180788 3.134122
v -33.424366 -12.144444 1.567060
v -33.013441 -10.030289 3.134122
v -32.902735 -12.116767 5.745889
v -35.510849 -12.255151 5.745889
v -36.609471 -11.267268 5.745889
v -35.510849 -12.255151 8.357658
v -36.609471 -11.267270 8.357658
v -36.692501 -9.702409 10.447071
v -36.941591 -5.007831 8.880012
v -32.902735 -12.116767 8.357658
v -35.621556 -10.168675 11.491778
v -33.013441 -10.030291 11.491778
v -35.898322 -4.952476 9.924718
v -33.290208 -4.814092 9.924718
v -31.997925 -9.453319 10.447071
v -31.914895 -11.018178 8.357658
v -31.914895 -11.018178 5.745889
v -32.025601 -8.931698 3.134122
v -32.247015 -4.758739 8.880010
v -33.428592 -2.205991 9.924718
v -32.385398 -2.150640 8.880010
v -36.036706 -2.344375 9.924718
v -32.523781 0.457458 9.402363
v -33.539298 -0.119513 10.447071
v -37.079975 -2.399730 8.880012
v -37.218358 0.208368 9.402365
v -36.147412 -0.257898 10.447071
v -33.622328 1.445345 12.014134
v -36.230442 1.306961 12.014134
v -37.301388 1.773227 10.969427
v -32.606811 2.022317 10.969427
v -34.989225 -12.227474 -1.567060
v -35.621556 -10.168673 -3.134122
v -36.720178 -9.180788 -3.134122
v -33.424366 -12.144444 -1.567060
v -33.013441 -10.030289 -3.134122
v -36.609471 -11.267268 -5.745889
v -36.609471 -11.267270 -8.357658
v -36.692501 -9.702409 -10.447071
v -36.941591 -5.007831 -8.880012
v -31.997925 -9.453319 -10.447071
v -31.914895 -11.018178 -8.357658
v -31.914895 -11.018178 -5.745889
v -32.025601 -8.931698 -3.134122
v -32.247015 -4.758739 -8.880010
v -32.385398 -2.150640 -8.880010
v -32.523781 0.457458 -9.402363
v -37.079975 -2.399730 -8.880012
v -37.218358 0.208368 -9.402365
v -37.301388 1.773227 -10.969427
v -32.606811 2.022317 -10.969427
v -34.729395 22.310138 -5.745889
v -37.337509 22.171753 -5.745889
v -37.337509 22.171753 -8.357658
v -34.729395 22.310138 -8.357658
v -37.226803 20.085277 -11.491778
v -34.618689 20.223661 -11.491778
v -36.950036 14.869079 -9.924718
v -34.341922 15.007463 -9.924718
v -34.203538 12.399364 -9.924718
v -36.811653 12.260980 -9.924718
v -34.092832 10.312885 -10.447071
v -36.700946 10.174500 -10.447071
v -34.009802 8.748026 -12.014134
v -36.617916 8.609641 -12.014134
v -33.816065 5.096686 -12.014134
v -36.424179 4.958301 -12.014134
v -32.902735 -12.116767 -5.745889
v -35.510849 -12.255151 -5.745889
v -35.510849 -12.255151 -8.357658
v -32.902735 -12.116767 -8.357658
v -35.621556 -10.168675 -11.491778
v -33.013441 -10.030291 -11.491778
v -35.898322 -4.952476 -9.924718
v -33.290208 -4.814092 -9.924718
v -33.428592 -2.205991 -9.924718
v -36.036706 -2.344375 -9.924718
v -33.539298 -0.119513 -10.447071
v -36.147412 -0.257898 -10.447071
v -33.622328 1.445345 -12.014134
v -36.230442 1.306961 -12.014134
v -26.668814 7.254869 -4.258815
v -26.574703 5.480907 -4.258815
v -33.207235 6.907947 -4.258815
v -33.291288 8.492078 -4.258813
v -33.443046 11.352769 -2.333210
v -30.289557 11.520090 -2.333204
v -30.137772 8.659400 -4.258815
v -33.382359 10.208499 -3.431184
v -30.228864 10.375815 -3.431185
v -33.481769 12.082584 0.000001
v -30.328274 12.249901 0.000001
v -32.744396 -1.814615 0.000001
v -29.590901 -1.647289 0.000001
v -26.480564 3.706943 -4.258815
v -33.018985 3.360020 -4.258815
v -32.934933 1.775888 -4.258815
v -32.783133 -1.084805 -2.333208
v -29.629631 -0.917480 -2.333206
v -29.781417 1.943212 -4.258815
v -32.843861 0.059472 -3.431186
v -29.690366 0.226796 -3.431186
v -33.113110 5.133984 -4.258815
v -26.668814 7.254869 4.258817
v -26.574703 5.480906 4.258817
v -33.207235 6.907947 4.258817
v -33.291288 8.492078 4.258815
v -33.443046 11.352769 2.333211
v -30.289550 11.520089 2.333206
v -30.137765 8.659400 4.258817
v -33.382359 10.208499 3.431186
v -30.228864 10.375815 3.431186
v -26.668814 7.254869 0.000003
v -26.574703 5.480905 0.000003
v -30.228864 10.375814 0.000003
v -30.137779 8.659400 0.000003
v -26.480564 3.706943 4.258817
v -33.018985 3.360020 4.258817
v -32.934933 1.775888 4.258817
v -32.783133 -1.084805 2.333210
v -29.629638 -0.917480 2.333210
v -29.781424 1.943212 4.258817
v -32.843861 0.059472 3.431188
v -29.690366 0.226796 3.431188
v -26.480564 3.706943 0.000003
v -29.690366 0.226796 0.000003
v -29.781424 1.943212 0.000003
v -33.113110 5.133984 4.258817
v -285.541928 -24.304945 0.000000
v -268.091874 -10.115900 0.000000
v -256.751343 -7.328422 0.000000
v -37.569516 13.445529 0.000000
v -104.955299 9.870096 0.000000
v -277.966625 -16.975480 0.000000
v -36.737215 -2.240771 1.421707
v -100.250780 -5.610744 1.421707
v -103.758709 -3.924105 1.421707
v -246.737624 -17.147350 1.421707
v -258.876495 -18.879056 1.421707
v -274.561641 -22.137774 1.421707
v -263.257260 -13.151955 1.421707
v -251.708676 -10.739766 1.421707
v -37.241194 7.257670 1.421707
v -104.140177 3.265377 1.421707
v -269.603118 -17.633924 1.421707
v -36.737215 -2.240771 0.000000
v -100.250780 -5.610744 0.000000
v -103.758709 -3.924105 0.000000
v -246.737624 -17.147350 0.000000
v -258.876495 -18.879056 0.000000
v -274.561641 -22.137774 0.000000
v -120.376343 8.409797 0.000000
v -116.781187 10.189955 0.000000
v -116.669898 3.078696 1.421707
v -222.451242 -1.886382 0.000000
v -147.330811 6.107757 0.000000
v -146.984369 0.940563 1.421707
v -222.135729 -6.862645 1.421707
v -146.617270 -7.088025 1.421707
v -221.754987 -14.026883 1.421707
v -146.646928 -7.090408 0.000000
v -221.725434 -14.023688 0.000000
v -184.219346 -9.932031 0.000000
v -184.219293 -9.932437 1.421707
v -184.564095 -2.884855 1.421707
v -184.911627 2.499039 0.000000
v -36.737215 -2.240771 -1.421707
v -100.250780 -5.610744 -1.421707
v -103.758709 -3.924105 -1.421707
v -246.737624 -17.147350 -1.421707
v -258.876495 -18.879056 -1.421707
v -274.561641 -22.137774 -1.421707
v -263.257260 -13.151955 -1.421707
v -251.708676 -10.739766 -1.421707
v -37.241194 7.257670 -1.421707
v -104.140177 3.265377 -1.421707
v -269.603118 -17.633924 -1.421707
v -116.669898 3.078696 -1.421707
v -146.984369 0.940563 -1.421707
v -222.135729 -6.862645 -1.421707
v -146.617270 -7.088025 -1.421707
v -221.754987 -14.026883 -1.421707
v -184.219293 -9.932437 -1.421707
v -184.564095 -2.884855 -1.421707
v -58.677069 3.298725 2.138058
v -57.798053 4.367414 2.138058
v -50.530475 4.832801 2.138058
v -49.178308 6.754437 2.138058
v -37.343127 7.382400 2.138058
v -37.095146 2.708711 2.138058
v -48.717444 2.092043 2.138058
v -50.181893 3.272089 2.138058
v -57.953723 2.779947 2.138058
v -59.654743 3.045152 1.421707
v -58.161339 4.930273 1.421707
v -58.433305 2.047676 1.421707
v -50.647114 5.435199 1.421707
v -50.070441 2.597630 1.421707
v -49.245393 7.527913 0.975393
v -48.650359 1.318568 1.421707
v -37.384240 8.157254 0.975393
v -37.054033 1.933857 1.421707
v -33.239188 11.050942 0.000000
v -33.169337 9.734480 -2.803140
v -32.934589 5.310188 -3.462431
v -32.702365 0.933499 -2.803140
v -32.629989 -0.430564 0.000000
v 25.142676 11.334085 0.000000
v 25.205666 10.146925 -2.461679
v 25.389803 6.676508 -3.040659
v 25.584529 3.006524 -2.461680
v 25.636930 2.018932 0.000000
v -3.809870 6.699550 -3.317698
v -4.027748 10.805870 -2.685966
v -4.091892 12.014796 0.000000
v -3.527848 1.384305 0.000000
v -3.595388 2.657219 -2.685966
v -18.377137 6.097498 -3.406122
v -18.605619 10.403672 -2.757553
v -18.672002 11.654787 0.000000
v -18.082273 0.540210 0.000000
v -18.153570 1.883953 -2.757553
v 10.776014 6.950989 -3.200420
v 10.572401 10.788455 -2.591020
v 10.509571 11.972619 0.000000
v 11.042457 1.929359 0.000000
v 10.980878 3.089935 -2.591020
v -33.169337 9.734480 2.803140
v -32.934589 5.310188 3.462431
v -32.702365 0.933499 2.803141
v 25.205666 10.146925 2.461680
v 25.389803 6.676508 3.040660
v 25.584529 3.006524 2.461680
v -3.809870 6.699550 3.317698
v -4.027748 10.805870 2.685967
v -3.595388 2.657219 2.685967
v -18.377137 6.097498 3.406122
v -18.605619 10.403672 2.757554
v -18.153570 1.883953 2.757554
v 10.776014 6.950989 3.200420
v 10.572401 10.788455 2.591020
v 10.980878 3.089935 2.591021
v 28.035152 12.330514 0.000003
v 33.258213 12.262122 0.000003
v 35.835577 9.616383 0.000003
v 35.795435 6.550755 0.000003
v 28.035152 12.330513 -2.869264
v 28.021474 11.285895 -4.219510
v 33.258213 12.262122 -2.869264
v 35.835577 9.616382 -2.869264
v 32.199901 11.231182 -4.219510
v 34.777264 8.585442 -4.219510
v 35.795435 6.550755 -2.869263
v 28.000957 9.718969 -4.219510
v 34.750800 6.564432 -4.219509
v 32.661573 6.591790 -4.219510
v 32.681198 8.090491 -4.219510
v 31.134791 9.677935 -4.219510
v 32.158881 8.097329 -3.544387
v 32.139242 6.598628 -3.544387
v 31.127952 9.155627 -3.544387
v 27.994118 9.196660 -3.544387
v 27.886478 0.976169 0.000003
v 33.109539 0.907777 0.000003
v 35.755293 3.485126 0.000003
v 27.886477 0.976172 -2.869264
v 27.900156 2.020789 -4.219510
v 33.109539 0.907777 -2.869264
v 35.755293 3.485127 -2.869264
v 32.078583 1.966075 -4.219510
v 34.724350 4.543421 -4.219510
v 27.920659 3.587716 -4.219510
v 32.641948 5.093088 -4.219510
v 31.054507 3.546678 -4.219510
v 32.119617 5.099926 -3.544387
v 31.061332 4.068988 -3.544387
v 27.927512 4.110022 -3.544387
v 30.877449 8.624807 -3.544387
v 31.804808 7.797897 -3.544387
v 31.789171 6.603213 -3.544387
v 24.905578 6.693347 -3.544387
v 25.372558 8.696887 -3.544387
v 23.300447 9.780519 -4.219510
v 23.334670 12.392062 -2.869264
v 27.247312 12.340828 -2.869264
v 27.213117 9.729285 -4.219510
v 27.939846 8.663272 -3.544387
v 27.913535 6.653960 -3.544387
v 30.851124 6.615496 -3.544387
v 23.320964 11.347446 -4.219510
v 27.233607 11.296212 -4.219510
v 24.918727 7.698002 -3.544387
v 25.346246 6.687577 -3.544387
v 23.334670 12.392062 0.000003
v 27.247326 12.340829 0.000003
v 23.185995 1.037718 0.000003
v 27.098638 0.986488 0.000003
v 30.824826 4.606186 -3.544387
v 31.773548 5.408527 -3.544387
v 25.319920 4.678267 -3.544387
v 23.220163 3.649262 -4.219510
v 23.185995 1.037719 -2.869264
v 27.098638 0.986489 -2.869264
v 27.132833 3.598033 -4.219510
v 27.887209 4.644650 -3.544387
v 23.199646 2.082334 -4.219510
v 27.112289 2.031107 -4.219510
v 24.892443 5.688692 -3.544387
v 28.035152 12.330513 2.869270
v 28.021474 11.285895 4.219517
v 33.258213 12.262122 2.869270
v 35.835577 9.616382 2.869270
v 32.199901 11.231182 4.219517
v 34.777264 8.585442 4.219516
v 35.795435 6.550755 2.869269
v 28.000957 9.718969 4.219516
v 34.750800 6.564432 4.219515
v 32.661573 6.591790 4.219516
v 32.681198 8.090491 4.219516
v 31.134791 9.677935 4.219516
v 32.158881 8.097329 3.544393
v 32.139242 6.598628 3.544393
v 31.127952 9.155627 3.544393
v 27.994118 9.196660 3.544393
v 27.886477 0.976172 2.869270
v 27.900156 2.020789 4.219517
v 33.109539 0.907777 2.869270
v 35.755293 3.485127 2.869270
v 32.078583 1.966075 4.219517
v 34.724350 4.543421 4.219516
v 27.920659 3.587716 4.219516
v 32.641948 5.093088 4.219516
v 31.054507 3.546678 4.219516
v 32.119617 5.099926 3.544393
v 31.061332 4.068988 3.544393
v 27.927512 4.110022 3.544393
v 27.994118 9.196660 0.000003
v 27.927512 4.110022 0.000003
v 32.158881 8.097329 0.000003
v 32.139242 6.598628 0.000003
v 31.127952 9.155627 0.000003
v 32.119617 5.099926 0.000003
v 31.061332 4.068988 0.000003
v 30.877449 8.624807 3.544393
v 31.804808 7.797897 3.544393
v 31.789171 6.603212 3.544393
v 24.905578 6.693348 3.544393
v 25.372558 8.696887 3.544393
v 23.300447 9.780519 4.219517
v 23.334670 12.392062 2.869270
v 27.247326 12.340829 2.869270
v 27.213117 9.729284 4.219517
v 27.939846 8.663272 3.544393
v 27.913535 6.653960 3.544393
v 30.851124 6.615496 3.544393
v 23.320964 11.347446 4.219517
v 27.233607 11.296212 4.219517
v 24.918727 7.698002 3.544393
v 25.346246 6.687577 3.544393
v 30.877449 8.624807 0.000003
v 31.804808 7.797897 0.000003
v 31.789171 6.603213 0.000003
v 24.905578 6.693348 0.000003
v 24.918727 7.698002 0.000003
v 25.372558 8.696887 0.000003
v 23.300447 9.780519 0.000003
v 23.320964 11.347446 0.000003
v 27.233607 11.296212 0.000003
v 27.213103 9.729286 0.000003
v 27.939846 8.663272 0.000003
v 30.824826 4.606186 3.544393
v 31.773548 5.408527 3.544393
v 25.319920 4.678267 3.544393
v 23.220163 3.649262 4.219517
v 23.185982 1.037719 2.869270
v 27.098624 0.986489 2.869270
v 27.132820 3.598032 4.219517
v 27.887209 4.644650 3.544393
v 23.199646 2.082334 4.219517
v 27.112289 2.031107 4.219517
v 24.892443 5.688692 3.544393
v 30.824826 4.606186 0.000003
v 31.773548 5.408527 0.000003
v 24.892443 5.688692 0.000003
v 25.319920 4.678267 0.000003
v 23.220163 3.649262 0.000003
v 23.199646 2.082334 0.000003
v 27.112289 2.031107 0.000003
v 27.132820 3.598032 0.000003
v 27.887209 4.644650 0.000003
vt 0.439176 0.139740
vt 0.442791 0.143861
vt 0.432681 0.145687
vt 0.443033 0.195335
vt 0.451411 0.204915
vt 0.422666 0.204137
vt 0.431732 0.193611
vt 0.451938 0.281564
vt 0.422666 0.281838
vt 0.426745 0.142888
vt 0.440108 0.131735
vt 0.449118 0.139687
vt 0.413564 0.203236
vt 0.425413 0.192435
vt 0.449666 0.195127
vt 0.458349 0.204755
vt 0.413411 0.281758
vt 0.458888 0.281495
vt 0.321874 0.413404
vt 0.300004 0.413404
vt 0.298665 0.402714
vt 0.312602 0.392470
vt 0.414709 0.413404
vt 0.322136 0.392794
vt 0.462626 0.570561
vt 0.471898 0.549626
vt 0.472160 0.570237
vt 0.308416 0.358489
vt 0.308415 0.375639
vt 0.318707 0.344771
vt 0.349570 0.355072
vt 0.458440 0.604542
vt 0.458439 0.587391
vt 0.468731 0.618259
vt 0.564733 0.549626
vt 0.499593 0.607959
vt 0.516735 0.607955
vt 0.533876 0.611382
vt 0.366712 0.355076
vt 0.383852 0.351650
vt 0.394138 0.341360
vt 0.544162 0.621671
vt 0.414709 0.341361
vt 0.564733 0.621670
vt 0.885364 0.022857
vt 0.872456 0.011370
vt 0.889844 0.012858
vt 0.322136 0.434016
vt 0.312601 0.434340
vt 0.298665 0.424095
vt 0.875023 0.022181
vt 0.888146 0.040095
vt 0.897622 0.059364
vt 0.888146 0.061207
vt 0.897622 0.035938
vt 0.888146 0.077302
vt 0.308416 0.468320
vt 0.308415 0.451170
vt 0.897622 0.080055
vt 0.318707 0.482038
vt 0.897622 0.100563
vt 0.349570 0.471738
vt 0.888146 0.099259
vt 0.870728 0.099252
vt 0.870728 0.077232
vt 0.897622 0.134377
vt 0.888146 0.133310
vt 0.870728 0.133310
vt 0.861253 0.100566
vt 0.861253 0.080092
vt 0.870728 0.061088
vt 0.861253 0.059269
vt 0.870728 0.039740
vt 0.458440 0.494710
vt 0.472160 0.529015
vt 0.458439 0.511860
vt 0.861253 0.035624
vt 0.468731 0.480993
vt 0.462626 0.528691
vt 0.499593 0.491293
vt 0.861253 0.134380
vt 0.870728 0.151186
vt 0.516735 0.491297
vt 0.861253 0.150488
vt 0.888146 0.151188
vt 0.861253 0.166629
vt 0.533876 0.487871
vt 0.870728 0.165938
vt 0.897622 0.150475
vt 0.366712 0.471734
vt 0.897622 0.166554
vt 0.383852 0.475160
vt 0.888146 0.165953
vt 0.870728 0.180145
vt 0.888146 0.180126
vt 0.897622 0.181405
vt 0.394138 0.485450
vt 0.861253 0.181355
vt 0.544162 0.477581
vt 0.870728 0.203590
vt 0.888146 0.203590
vt 0.897622 0.203590
vt 0.414709 0.485448
vt 0.861253 0.203590
vt 0.564733 0.477583
vt 0.884681 0.384668
vt 0.888202 0.395102
vt 0.870784 0.395156
vt 0.507544 0.413404
vt 0.529414 0.413404
vt 0.530754 0.424095
vt 0.516817 0.434340
vt 0.507283 0.434016
vt 0.874235 0.384691
vt 0.666840 0.528691
vt 0.657568 0.549626
vt 0.657306 0.529015
vt 0.888146 0.367263
vt 0.888146 0.346027
vt 0.897622 0.347895
vt 0.897622 0.371404
vt 0.888146 0.329901
vt 0.521002 0.468320
vt 0.521003 0.451170
vt 0.897622 0.327154
vt 0.510711 0.482038
vt 0.897622 0.306628
vt 0.479849 0.471738
vt 0.888146 0.307929
vt 0.870728 0.329925
vt 0.870728 0.307922
vt 0.897622 0.272806
vt 0.888146 0.273872
vt 0.870728 0.273868
vt 0.861253 0.306604
vt 0.861253 0.327059
vt 0.870728 0.346037
vt 0.861253 0.347834
vt 0.870728 0.367264
vt 0.671026 0.494710
vt 0.671027 0.511860
vt 0.861253 0.371396
vt 0.660735 0.480993
vt 0.629872 0.491293
vt 0.861253 0.272798
vt 0.870728 0.255993
vt 0.612731 0.491297
vt 0.861253 0.256691
vt 0.888146 0.255993
vt 0.861253 0.240550
vt 0.595590 0.487871
vt 0.870728 0.241242
vt 0.897622 0.256707
vt 0.462707 0.471734
vt 0.897622 0.240627
vt 0.445566 0.475160
vt 0.888146 0.241228
vt 0.870728 0.227035
vt 0.888146 0.227054
vt 0.897622 0.225775
vt 0.435280 0.485450
vt 0.861253 0.225825
vt 0.585304 0.477581
vt 0.507283 0.392794
vt 0.516817 0.392470
vt 0.530754 0.402714
vt 0.521002 0.358489
vt 0.521003 0.375639
vt 0.510711 0.344771
vt 0.479849 0.355072
vt 0.671026 0.604542
vt 0.657306 0.570238
vt 0.671027 0.587392
vt 0.660735 0.618259
vt 0.666840 0.570561
vt 0.629872 0.607959
vt 0.612730 0.607955
vt 0.595589 0.611382
vt 0.462707 0.355076
vt 0.445566 0.351650
vt 0.435280 0.341360
vt 0.585304 0.621671
vt 0.448689 0.560316
vt 0.450028 0.549626
vt 0.448689 0.538936
vt 0.680777 0.538936
vt 0.679438 0.549626
vt 0.680777 0.560316
vt 0.885364 0.022857
vt 0.889844 0.012858
vt 0.872456 0.011370
vt 0.875023 0.022181
vt 0.888146 0.040095
vt 0.888146 0.061207
vt 0.897622 0.059364
vt 0.897622 0.035938
vt 0.888146 0.077302
vt 0.897622 0.080055
vt 0.897622 0.100563
vt 0.888146 0.099259
vt 0.870728 0.077232
vt 0.870728 0.099252
vt 0.897622 0.134377
vt 0.888146 0.133310
vt 0.870728 0.133310
vt 0.861253 0.100566
vt 0.861253 0.080092
vt 0.870728 0.061088
vt 0.861253 0.059269
vt 0.870728 0.039740
vt 0.861253 0.035624
vt 0.861253 0.134380
vt 0.870728 0.151186
vt 0.861253 0.150488
vt 0.888146 0.151188
vt 0.861253 0.166629
vt 0.870728 0.165938
vt 0.897622 0.150475
vt 0.897622 0.166554
vt 0.888146 0.165953
vt 0.870728 0.180145
vt 0.888146 0.180126
vt 0.897622 0.181405
vt 0.861253 0.181355
vt 0.870728 0.203590
vt 0.888146 0.203590
vt 0.897622 0.203590
vt 0.861253 0.203590
vt 0.884681 0.384668
vt 0.870784 0.395156
vt 0.888202 0.395102
vt 0.874235 0.384691
vt 0.888146 0.367263
vt 0.897622 0.347895
vt 0.888146 0.346027
vt 0.897622 0.371404
vt 0.888146 0.329901
vt 0.897622 0.327154
vt 0.897622 0.306628
vt 0.888146 0.307929
vt 0.870728 0.307922
vt 0.870728 0.329925
vt 0.897622 0.272806
vt 0.888146 0.273872
vt 0.870728 0.273868
vt 0.861253 0.306604
vt 0.861253 0.327059
vt 0.870728 0.346037
vt 0.861253 0.347834
vt 0.870728 0.367264
vt 0.861253 0.371396
vt 0.861253 0.272798
vt 0.870728 0.255993
vt 0.861253 0.256691
vt 0.888146 0.255993
vt 0.861253 0.240550
vt 0.870728 0.241242
vt 0.897622 0.256707
vt 0.897622 0.240627
vt 0.888146 0.241228
vt 0.870728 0.227035
vt 0.888146 0.227054
vt 0.897622 0.225775
vt 0.861253 0.225825
vt 0.553570 0.409184
vt 0.545469 0.410283
vt 0.545439 0.433308
vt 0.553545 0.432237
vt 0.565972 0.408321
vt 0.565955 0.431395
vt 0.540783 0.412539
vt 0.540749 0.435506
vt 0.628183 0.408776
vt 0.628209 0.431832
vt 0.636828 0.432811
vt 0.636796 0.409783
vt 0.615393 0.408050
vt 0.615410 0.431126
vt 0.642599 0.434953
vt 0.642564 0.411982
vt 0.603754 0.455993
vt 0.603735 0.408114
vt 0.590682 0.408185
vt 0.590682 0.456064
vt 0.577628 0.408257
vt 0.577610 0.456135
vt 0.800335 0.731007
vt 0.800335 0.758975
vt 0.775757 0.758975
vt 0.775757 0.731007
vt 0.812001 0.731007
vt 0.812001 0.758975
vt 0.756945 0.746329
vt 0.752145 0.731007
vt 0.764470 0.731007
vt 0.764470 0.753540
vt 0.553570 0.409184
vt 0.553545 0.432237
vt 0.545439 0.433308
vt 0.545469 0.410283
vt 0.565972 0.408321
vt 0.565955 0.431395
vt 0.540749 0.435506
vt 0.540783 0.412539
vt 0.800335 0.703039
vt 0.812001 0.703039
vt 0.756945 0.715685
vt 0.764470 0.708474
vt 0.775758 0.703039
vt 0.628183 0.408776
vt 0.636796 0.409783
vt 0.636828 0.432811
vt 0.628209 0.431832
vt 0.615393 0.408050
vt 0.615410 0.431126
vt 0.642564 0.411982
vt 0.642599 0.434953
vt 0.823667 0.731007
vt 0.823667 0.703039
vt 0.848244 0.703039
vt 0.848244 0.731007
vt 0.867057 0.715684
vt 0.871856 0.731007
vt 0.859532 0.731007
vt 0.859532 0.708474
vt 0.823667 0.758975
vt 0.867057 0.746329
vt 0.859532 0.753539
vt 0.848244 0.758975
vt 0.603754 0.455993
vt 0.590682 0.456064
vt 0.590682 0.408185
vt 0.603735 0.408114
vt 0.577610 0.456135
vt 0.577628 0.408257
vt 0.089782 0.109007
vt 0.085387 0.155112
vt 0.063931 0.137734
vt 0.071205 0.093788
vt 0.051174 0.121056
vt 0.059013 0.078702
vt 0.087690 0.069054
vt 0.083765 0.040784
vt 0.036791 0.714721
vt 0.046691 0.902038
vt 0.018342 0.903133
vt 0.010949 0.714128
vt 0.068970 0.728371
vt 0.070156 0.902779
vt 0.061323 0.714657
vt 0.035061 0.664536
vt 0.008150 0.666152
vt 0.111533 0.011025
vt 0.099469 0.049558
vt 0.075590 0.729560
vt 0.076779 0.903577
vt 0.067955 0.715866
vt 0.096367 0.111083
vt 0.091978 0.157124
vt 0.106039 0.051716
vt 0.014462 0.650782
vt 0.025817 0.397634
vt 0.036912 0.252489
vt 0.054344 0.250738
vt 0.045814 0.396134
vt 0.078046 0.250641
vt 0.069265 0.395934
vt 0.084642 0.252633
vt 0.075881 0.397607
vt 0.065439 0.543535
vt 0.072067 0.544878
vt 0.019568 0.545084
vt 0.037769 0.543853
vt 0.089782 0.109007
vt 0.071205 0.093788
vt 0.063931 0.137734
vt 0.085387 0.155112
vt 0.059013 0.078702
vt 0.051174 0.121056
vt 0.087690 0.069054
vt 0.083765 0.040784
vt 0.036791 0.714721
vt 0.010949 0.714128
vt 0.018342 0.903133
vt 0.046691 0.902038
vt 0.068970 0.728371
vt 0.070156 0.902779
vt 0.061323 0.714657
vt 0.035061 0.664536
vt 0.008150 0.666152
vt 0.111533 0.011025
vt 0.099469 0.049558
vt 0.076779 0.903577
vt 0.075590 0.729560
vt 0.067955 0.715866
vt 0.091978 0.157124
vt 0.096367 0.111083
vt 0.106039 0.051716
vt 0.014462 0.650782
vt 0.025817 0.397634
vt 0.045814 0.396134
vt 0.054344 0.250738
vt 0.036912 0.252489
vt 0.069265 0.395934
vt 0.078046 0.250641
vt 0.075881 0.397607
vt 0.084642 0.252633
vt 0.072067 0.544878
vt 0.065439 0.543535
vt 0.037769 0.543853
vt 0.019568 0.545084
vt 0.439176 0.139740
vt 0.442791 0.143861
vt 0.432681 0.145687
vt 0.443033 0.195335
vt 0.451411 0.204915
vt 0.422666 0.204137
vt 0.431732 0.193611
vt 0.451938 0.281564
vt 0.422666 0.281838
vt 0.426745 0.142888
vt 0.440108 0.131735
vt 0.449118 0.139687
vt 0.413564 0.203236
vt 0.425413 0.192435
vt 0.449666 0.195127
vt 0.458349 0.204755
vt 0.413411 0.281758
vt 0.458888 0.281495
vt 0.546740 -0.001314
vt 0.550200 0.108393
vt 0.566672 0.108393
vt 0.563213 -0.001314
vt 0.589285 0.108393
vt 0.585826 -0.001314
vt 0.611712 0.108393
vt 0.608253 -0.001314
vt 0.627603 0.108393
vt 0.624143 -0.001314
vt 0.566672 0.205380
vt 0.566672 0.302377
vt 0.589285 0.302377
vt 0.589285 0.205380
vt 0.550200 0.205380
vt 0.550200 0.302377
vt 0.611712 0.205380
vt 0.611712 0.302377
vt 0.627603 0.302377
vt 0.627603 0.205380
vt 0.566672 0.399538
vt 0.589285 0.399538
vt 0.550200 0.399538
vt 0.611712 0.399538
vt 0.627603 0.399538
vt 0.546740 -0.001314
vt 0.563213 -0.001314
vt 0.566672 0.108393
vt 0.550200 0.108393
vt 0.585826 -0.001314
vt 0.589285 0.108393
vt 0.608253 -0.001314
vt 0.611712 0.108393
vt 0.624143 -0.001314
vt 0.627603 0.108393
vt 0.566672 0.205380
vt 0.589285 0.205380
vt 0.589285 0.302377
vt 0.566672 0.302377
vt 0.550200 0.205380
vt 0.550200 0.302377
vt 0.611712 0.205380
vt 0.627603 0.205380
vt 0.627603 0.302377
vt 0.611712 0.302377
vt 0.589285 0.399538
vt 0.566672 0.399538
vt 0.550200 0.399538
vt 0.627603 0.399538
vt 0.611712 0.399538
vt 0.231312 0.669296
vt 0.253116 0.696373
vt 0.245063 0.656805
vt 0.264773 0.683727
vt 0.277827 0.711100
vt 0.283743 0.694386
vt 0.301668 0.714769
vt 0.270212 0.672203
vt 0.255303 0.650063
vt 0.289980 0.683177
vt 0.301668 0.695124
vt 0.264876 0.644475
vt 0.301668 0.683259
vt 0.301668 0.668812
vt 0.290671 0.669438
vt 0.276637 0.661862
vt 0.301667 0.663247
vt 0.290757 0.663645
vt 0.281466 0.658742
vt 0.269670 0.641382
vt 0.372829 0.669410
vt 0.358272 0.656804
vt 0.350220 0.697639
vt 0.338563 0.683727
vt 0.325624 0.711791
vt 0.319593 0.694386
vt 0.333123 0.672202
vt 0.348032 0.650063
vt 0.313355 0.683177
vt 0.338459 0.644474
vt 0.312664 0.669438
vt 0.326698 0.661862
vt 0.312578 0.663645
vt 0.321869 0.658742
vt 0.333665 0.641381
vt 0.925163 0.364452
vt 0.925075 0.375663
vt 0.950771 0.375863
vt 0.950859 0.364652
vt 0.939006 0.346035
vt 0.925243 0.354161
vt 0.950939 0.354362
vt 0.955867 0.346166
vt 0.975159 0.346317
vt 0.981362 0.341015
vt 0.981423 0.333169
vt 0.975262 0.333121
vt 0.955970 0.332970
vt 0.939109 0.332839
vt 0.936215 0.332816
vt 0.936164 0.339414
vt 0.924928 0.394505
vt 0.950625 0.394705
vt 0.925657 0.301012
vt 0.951353 0.301213
vt 0.951441 0.290002
vt 0.925745 0.289801
vt 0.939212 0.319643
vt 0.956073 0.319774
vt 0.951273 0.311504
vt 0.925577 0.311303
vt 0.975365 0.319925
vt 0.981484 0.325323
vt 0.936267 0.326218
vt 0.951588 0.271160
vt 0.925892 0.270959
vt 0.231312 0.669296
vt 0.245063 0.656805
vt 0.253116 0.696373
vt 0.264773 0.683727
vt 0.277827 0.711100
vt 0.283743 0.694386
vt 0.301668 0.714769
vt 0.270212 0.672203
vt 0.255303 0.650063
vt 0.289980 0.683177
vt 0.301668 0.695124
vt 0.264876 0.644475
vt 0.301668 0.683259
vt 0.301668 0.668812
vt 0.290671 0.669438
vt 0.276637 0.661862
vt 0.290757 0.663645
vt 0.301667 0.663247
vt 0.281466 0.658742
vt 0.269670 0.641382
vt 0.372829 0.669410
vt 0.350220 0.697639
vt 0.358272 0.656804
vt 0.338563 0.683727
vt 0.325624 0.711791
vt 0.319593 0.694386
vt 0.333123 0.672202
vt 0.348032 0.650063
vt 0.313355 0.683177
vt 0.338459 0.644474
vt 0.312664 0.669438
vt 0.326698 0.661862
vt 0.312578 0.663645
vt 0.321869 0.658742
vt 0.333665 0.641381
vt 0.961697 0.125928
vt 0.952830 0.132788
vt 0.957263 0.112206
vt 0.961697 0.115637
vt 0.915145 0.132788
vt 0.906277 0.125928
vt 0.906277 0.115637
vt 0.910711 0.112207
vt 0.906277 0.018231
vt 0.915144 0.011371
vt 0.910711 0.031953
vt 0.906277 0.028522
vt 0.952829 0.011371
vt 0.961696 0.018231
vt 0.961696 0.028522
vt 0.957263 0.031952
vt 0.933987 0.132788
vt 0.933987 0.112206
vt 0.933987 0.011371
vt 0.933987 0.031952
vt 0.910711 0.081922
vt 0.910711 0.072080
vt 0.933987 0.072079
vt 0.933987 0.081922
vt 0.910711 0.091625
vt 0.933987 0.091625
vt 0.957263 0.072079
vt 0.957263 0.081922
vt 0.957263 0.091625
vt 0.957263 0.062236
vt 0.933987 0.062237
vt 0.957263 0.052534
vt 0.933987 0.052534
vt 0.910711 0.062237
vt 0.910711 0.052534
vt 0.404956 0.743966
vt 0.404956 0.720690
vt 0.413115 0.720690
vt 0.413115 0.743966
vt 0.420962 0.720690
vt 0.420961 0.743966
vt 0.910711 0.187611
vt 0.933987 0.187611
vt 0.933987 0.194209
vt 0.910711 0.194209
vt 0.910711 0.201414
vt 0.933987 0.201414
vt 0.933987 0.216770
vt 0.906277 0.216770
vt 0.933987 0.227061
vt 0.906277 0.227061
vt 0.361090 0.739532
vt 0.361090 0.720690
vt 0.366899 0.720690
vt 0.366899 0.748399
vt 0.377190 0.748399
vt 0.377190 0.720690
vt 0.385663 0.720690
vt 0.385663 0.743966
vt 0.933987 0.233922
vt 0.915144 0.233922
vt 0.925163 0.364452
vt 0.950859 0.364652
vt 0.950771 0.375863
vt 0.925075 0.375663
vt 0.939006 0.346035
vt 0.955867 0.346166
vt 0.950939 0.354362
vt 0.925243 0.354161
vt 0.975159 0.346317
vt 0.975262 0.333121
vt 0.981423 0.333169
vt 0.981362 0.341015
vt 0.955970 0.332970
vt 0.939109 0.332839
vt 0.936164 0.339414
vt 0.936215 0.332816
vt 0.950625 0.394705
vt 0.924928 0.394505
vt 0.404956 0.697414
vt 0.413115 0.697414
vt 0.420961 0.697414
vt 0.957263 0.187611
vt 0.957263 0.194209
vt 0.957263 0.201414
vt 0.961696 0.216770
vt 0.961697 0.227061
vt 0.361090 0.701847
vt 0.366899 0.692980
vt 0.377190 0.692980
vt 0.385663 0.697414
vt 0.952829 0.233922
vt 0.925657 0.301012
vt 0.925745 0.289801
vt 0.951441 0.290002
vt 0.951353 0.301213
vt 0.939212 0.319643
vt 0.925577 0.311303
vt 0.951273 0.311504
vt 0.956073 0.319774
vt 0.975365 0.319925
vt 0.981484 0.325323
vt 0.936267 0.326218
vt 0.925892 0.270959
vt 0.951588 0.271160
vt 0.436967 0.697414
vt 0.436967 0.720690
vt 0.428808 0.720690
vt 0.428808 0.697414
vt 0.933987 0.181013
vt 0.957263 0.181013
vt 0.957263 0.173808
vt 0.933987 0.173808
vt 0.933987 0.158452
vt 0.961696 0.158452
vt 0.933987 0.148161
vt 0.961696 0.148161
vt 0.481884 0.701847
vt 0.481884 0.720690
vt 0.475024 0.720690
vt 0.475024 0.692980
vt 0.464733 0.692980
vt 0.464733 0.720690
vt 0.456260 0.720690
vt 0.456260 0.697414
vt 0.933987 0.141301
vt 0.952829 0.141301
vt 0.436967 0.743966
vt 0.428808 0.743966
vt 0.910711 0.181013
vt 0.910711 0.173808
vt 0.906277 0.158452
vt 0.906277 0.148161
vt 0.481884 0.739532
vt 0.475024 0.748399
vt 0.464733 0.748399
vt 0.456260 0.743966
vt 0.915144 0.141301
vn -0.484727 0.081566 -0.870854
vn -0.060562 0.336189 -0.939845
vn 0.006047 -0.380552 -0.924740
vn -0.009054 -0.316322 -0.948609
vn -0.046598 0.203954 -0.977871
vn -0.010943 -0.136186 -0.990623
vn -0.046224 0.227518 -0.972676
vn -0.011167 0.210468 -0.977537
vn 0.006885 -0.129760 -0.991522
vn -0.590410 -0.003676 -0.807095
vn -0.169857 0.732831 -0.658869
vn -0.037525 -0.689526 -0.723288
vn -0.261027 0.727978 -0.633966
vn -0.112713 0.824273 -0.554860
vn -0.010218 -0.679937 -0.733200
vn -0.090006 -0.727482 -0.680197
vn -0.044071 0.830607 -0.555113
vn 0.035941 -0.677375 -0.734759
vn -0.999937 0.011229 0.000000
vn -0.956736 0.290957 -0.000000
vn -0.600781 0.794890 0.084924
vn -0.384416 0.776299 -0.499585
vn -0.998595 -0.052985 -0.000000
vn -0.999842 -0.013352 0.011775
vn 0.522372 0.844786 0.116034
vn 0.993135 0.116975 0.000000
vn 0.995641 0.092524 0.011776
vn -0.981075 0.173722 -0.085514
vn -0.926568 0.334192 0.172591
vn -0.973031 -0.016426 -0.230089
vn -0.996622 -0.063439 -0.052152
vn 0.957188 0.276550 -0.085509
vn 0.886014 0.430343 0.172582
vn 0.969310 0.086630 -0.230071
vn 0.998595 0.052985 0.000000
vn 0.997740 0.042381 -0.052147
vn 0.993965 0.061419 -0.090891
vn 0.995028 0.082620 -0.055610
vn -0.994883 -0.044107 -0.090895
vn -0.998184 -0.023136 -0.055614
vn -0.992028 -0.015628 -0.125044
vn 0.988113 0.089434 -0.125036
vn -0.994841 -0.052785 -0.086631
vn 0.994842 0.052785 -0.086626
vn -0.384416 0.776299 0.499585
vn -0.052985 0.998595 0.000000
vn -0.052985 0.998595 0.000000
vn -0.999842 -0.013352 -0.011776
vn -0.600781 0.794890 -0.084924
vn 0.378660 0.782144 0.494840
vn -0.926568 0.334192 -0.172591
vn -0.279240 0.895072 -0.347666
vn -0.273228 0.907314 0.319574
vn -0.981075 0.173722 0.085515
vn -0.973031 -0.016426 0.230088
vn -0.996622 -0.063439 0.052151
vn -0.243025 0.201682 0.948822
vn 0.220318 0.226265 0.948822
vn 0.175683 0.931132 0.319576
vn -0.258566 -0.208374 0.943252
vn 0.279170 -0.179842 0.943250
vn 0.969310 0.086630 0.230072
vn 0.957188 0.276550 0.085510
vn 0.182959 0.919595 -0.347665
vn 0.886014 0.430343 -0.172582
vn 0.522372 0.844786 -0.116034
vn 0.995641 0.092524 -0.011776
vn 0.997740 0.042381 0.052147
vn 0.294760 0.120486 0.947945
vn 0.993965 0.061419 0.090890
vn -0.305847 0.088618 0.947948
vn 0.995028 0.082620 0.055611
vn 0.302386 0.486943 0.819420
vn -0.994883 -0.044107 0.090895
vn -0.998184 -0.023136 0.055613
vn -0.352208 0.452212 0.819423
vn 0.244951 0.294335 0.923778
vn -0.274719 0.266763 0.923778
vn -0.992028 -0.015628 0.125043
vn 0.988113 0.089434 0.125036
vn 0.254989 0.013529 0.966849
vn -0.254985 -0.013529 0.966850
vn -0.994841 -0.052785 0.086631
vn 0.994842 0.052785 0.086626
vn -0.300110 -0.812619 0.499584
vn 0.052985 -0.998595 0.000000
vn 0.052985 -0.998595 0.000000
vn -0.993134 -0.116979 0.000000
vn -0.920575 -0.390565 -0.000000
vn -0.513293 -0.854002 -0.084924
vn -0.995641 -0.092527 -0.011776
vn 0.459302 -0.737682 0.494840
vn 0.608834 -0.784765 -0.116034
vn 0.999937 -0.011224 0.000000
vn 0.999841 0.013355 -0.011773
vn -0.182956 -0.919595 -0.347666
vn -0.886002 -0.430365 -0.172591
vn -0.175681 -0.931133 0.319574
vn -0.957183 -0.276565 0.085514
vn -0.969307 -0.086633 0.230085
vn -0.997739 -0.042380 0.052152
vn -0.220318 -0.226266 0.948822
vn 0.273230 -0.907313 0.319575
vn 0.243026 -0.201681 0.948822
vn -0.279163 0.179842 0.943252
vn 0.258572 0.208373 0.943250
vn 0.973035 0.016429 0.230070
vn 0.981078 -0.173707 0.085509
vn 0.279243 -0.895071 -0.347665
vn 0.926578 -0.334169 -0.172582
vn 0.996622 0.063438 0.052149
vn 0.305855 -0.088618 0.947945
vn 0.994884 0.044108 0.090887
vn -0.294753 -0.120485 0.947947
vn 0.998184 0.023138 0.055609
vn 0.352219 -0.452212 0.819418
vn -0.993965 -0.061419 0.090896
vn -0.995028 -0.082622 0.055614
vn -0.302380 -0.486944 0.819421
vn 0.274724 -0.266763 0.923777
vn -0.244948 -0.294335 0.923779
vn -0.988112 -0.089436 0.125044
vn 0.992029 0.015631 0.125035
vn -0.995641 -0.092527 0.011776
vn -0.513293 -0.854002 0.084924
vn -0.300110 -0.812619 -0.499584
vn -0.957183 -0.276565 -0.085515
vn -0.886002 -0.430365 0.172591
vn -0.969307 -0.086633 -0.230084
vn -0.997739 -0.042380 -0.052151
vn 0.981078 -0.173707 -0.085510
vn 0.999841 0.013355 0.011774
vn 0.926578 -0.334169 0.172582
vn 0.973035 0.016429 -0.230071
vn 0.608834 -0.784765 0.116034
vn 0.996622 0.063438 -0.052148
vn 0.994884 0.044108 -0.090889
vn 0.998185 0.023139 -0.055610
vn -0.993964 -0.061419 -0.090897
vn -0.995028 -0.082622 -0.055614
vn -0.988112 -0.089436 -0.125044
vn 0.992029 0.015631 -0.125036
vn 0.378660 0.782144 -0.494840
vn 0.920582 0.390550 0.000000
vn 0.956741 -0.290941 0.000000
vn 0.459302 -0.737682 -0.494840
vn -0.279240 0.895072 0.347666
vn -0.273228 0.907314 -0.319574
vn -0.243024 0.201681 -0.948822
vn 0.175684 0.931132 -0.319575
vn 0.220319 0.226265 -0.948822
vn -0.258566 -0.208374 -0.943252
vn 0.279170 -0.179842 -0.943250
vn 0.182959 0.919595 0.347665
vn 0.294760 0.120486 -0.947945
vn -0.305847 0.088618 -0.947948
vn 0.302385 0.486942 -0.819421
vn -0.352208 0.452212 -0.819423
vn 0.244951 0.294335 -0.923778
vn -0.274719 0.266763 -0.923779
vn 0.254989 0.013529 -0.966849
vn -0.254984 -0.013529 -0.966851
vn -0.182956 -0.919595 0.347666
vn -0.175681 -0.931133 -0.319574
vn -0.220318 -0.226266 -0.948822
vn 0.243025 -0.201681 -0.948822
vn 0.273230 -0.907313 -0.319576
vn -0.279163 0.179842 -0.943252
vn 0.258572 0.208373 -0.943250
vn 0.279243 -0.895071 0.347665
vn 0.305854 -0.088618 -0.947945
vn -0.294753 -0.120485 -0.947947
vn 0.352217 -0.452211 -0.819420
vn -0.302380 -0.486944 -0.819421
vn 0.274723 -0.266763 -0.923778
vn -0.244947 -0.294335 -0.923779
vn -0.029558 0.557080 -0.829932
vn -0.046485 0.876107 -0.479871
vn -0.029557 0.557081 -0.829932
vn -0.046484 0.876108 -0.479869
vn -0.012871 0.242562 -0.970051
vn -0.006332 0.119335 -0.992834
vn -0.052984 0.998595 0.000000
vn -0.052983 0.998595 0.000000
vn 0.029559 -0.557080 -0.829933
vn 0.029559 -0.557080 -0.829932
vn 0.046487 -0.876106 -0.479872
vn 0.046487 -0.876108 -0.479869
vn 0.012870 -0.242563 -0.970050
vn 0.006332 -0.119335 -0.992834
vn 0.052986 -0.998595 -0.000001
vn 0.052986 -0.998595 -0.000001
vn -0.000000 0.000000 -1.000000
vn -0.000000 0.000000 -1.000000
vn 0.000000 -0.000000 -1.000000
vn 0.000000 -0.000000 -1.000000
vn 0.000000 -0.000000 -1.000000
vn -0.000000 0.000000 -1.000000
vn 0.665687 0.746231 0.000000
vn 0.665687 0.746231 0.000001
vn 0.631066 0.775729 0.000000
vn 0.597102 0.802165 0.000002
vn 0.998595 0.052985 0.000000
vn 0.998595 0.052985 -0.000000
vn 0.998596 0.052970 0.000000
vn 0.998595 0.052982 0.000001
vn 0.998596 0.052968 0.000001
vn 0.998595 0.052990 0.000002
vn -0.029558 0.557081 0.829932
vn -0.029557 0.557082 0.829931
vn -0.046484 0.876107 0.479870
vn -0.046484 0.876108 0.479868
vn -0.012871 0.242563 0.970050
vn -0.006332 0.119336 0.992834
vn 0.665687 0.746231 -0.000001
vn 0.998595 0.052985 -0.000000
vn 0.998595 0.052991 -0.000003
vn 0.998596 0.052963 -0.000005
vn 0.597102 0.802165 -0.000002
vn 0.029559 -0.557080 0.829933
vn 0.046486 -0.876106 0.479872
vn 0.029559 -0.557080 0.829932
vn 0.046487 -0.876107 0.479870
vn 0.012870 -0.242562 0.970050
vn 0.006332 -0.119336 0.992834
vn 0.740915 -0.671598 -0.000000
vn 0.740916 -0.671598 0.000000
vn 0.709610 -0.704594 0.000000
vn 0.678635 -0.734476 0.000000
vn 0.998594 0.052999 0.000001
vn 0.998595 0.052986 0.000000
vn 0.998595 0.052997 0.000001
vn 0.998596 0.052980 0.000000
vn 0.740916 -0.671598 0.000001
vn 0.998596 0.052979 0.000002
vn 0.998594 0.053002 0.000000
vn 0.678635 -0.734476 0.000002
vn 0.000000 -0.000000 1.000000
vn 0.000000 0.000000 1.000000
vn 0.000000 -0.000000 1.000000
vn 0.000000 0.000000 1.000000
vn 0.000000 0.000000 1.000000
vn -0.000000 0.000000 1.000000
vn 0.000000 0.000000 1.000000
vn -0.026653 0.164106 0.986083
vn -0.000000 0.000000 1.000000
vn -0.048299 0.141900 0.988702
vn -0.058656 0.312690 0.948042
vn -0.128393 0.243830 0.961281
vn -0.077648 0.106148 0.991314
vn -0.154248 0.177485 0.971960
vn -0.005564 0.093236 0.995628
vn -0.013169 0.222262 0.974898
vn -0.004600 0.103515 0.994617
vn -0.008310 0.209449 0.977784
vn 0.000000 0.000000 1.000000
vn -0.000000 0.000000 1.000000
vn 0.000000 0.000000 1.000000
vn -0.004106 0.061669 0.998088
vn -0.017948 0.199276 0.979779
vn -0.158383 0.163695 0.973714
vn -0.128914 0.136959 0.982152
vn 0.052985 -0.998595 0.000000
vn 0.025108 -0.999685 0.000000
vn 0.052985 -0.998595 0.000000
vn 0.025108 -0.999685 0.000000
vn 0.031845 -0.999493 0.000000
vn 0.031845 -0.999493 -0.000000
vn 0.129608 -0.991565 0.000000
vn 0.176539 -0.984294 0.000000
vn 0.129607 -0.991565 0.000000
vn 0.176540 -0.984294 0.000000
vn 0.199591 -0.979879 0.000000
vn 0.199394 -0.979919 0.000000
vn 0.193634 -0.981074 0.000000
vn -0.025225 0.242684 0.969777
vn -0.027646 0.253983 0.966813
vn -0.032379 0.273509 0.961324
vn -0.012283 0.112677 0.993556
vn -0.014081 0.119937 0.992682
vn -0.000000 0.000000 1.000000
vn 0.000000 0.000000 1.000000
vn 0.114740 -0.993396 0.000148
vn 0.114542 -0.993418 0.000000
vn 0.091956 -0.995763 -0.000280
vn 0.091956 -0.995763 0.000000
vn 0.074457 -0.997224 0.000116
vn 0.074481 -0.997222 0.000000
vn -0.009560 0.105059 0.994420
vn -0.024132 0.263701 0.964303
vn -0.000000 0.000000 1.000000
vn -0.048299 0.141900 -0.988702
vn -0.026653 0.164106 -0.986083
vn -0.000000 0.000000 -1.000000
vn 0.000000 0.000000 -1.000000
vn -0.128393 0.243830 -0.961282
vn -0.058656 0.312690 -0.948042
vn -0.077648 0.106148 -0.991314
vn -0.154247 0.177485 -0.971960
vn -0.008310 0.209449 -0.977784
vn -0.013169 0.222262 -0.974898
vn -0.004600 0.103515 -0.994617
vn -0.005564 0.093236 -0.995628
vn -0.000000 0.000000 -1.000000
vn 0.000000 0.000000 -1.000000
vn 0.000000 0.000000 -1.000000
vn -0.004106 0.061669 -0.998088
vn -0.017948 0.199276 -0.979779
vn -0.158383 0.163695 -0.973714
vn -0.128914 0.136959 -0.982152
vn 0.052985 -0.998595 0.000000
vn 0.025108 -0.999685 0.000000
vn 0.031845 -0.999493 0.000000
vn 0.129608 -0.991565 0.000000
vn 0.176539 -0.984294 0.000000
vn 0.199591 -0.979879 0.000000
vn -0.025225 0.242684 -0.969777
vn -0.027646 0.253983 -0.966813
vn -0.012283 0.112677 -0.993556
vn -0.032379 0.273509 -0.961324
vn -0.014081 0.119937 -0.992682
vn 0.000000 -0.000000 -1.000000
vn -0.000000 0.000000 -1.000000
vn 0.091956 -0.995763 0.000280
vn 0.114740 -0.993396 -0.000148
vn 0.074457 -0.997224 -0.000116
vn -0.009560 0.105059 -0.994420
vn -0.024132 0.263701 -0.964303
vn -0.000000 0.000000 -1.000000
vn -0.484727 0.081566 0.870854
vn 0.006047 -0.380552 0.924740
vn -0.060562 0.336189 0.939845
vn -0.009054 -0.316322 0.948609
vn -0.010943 -0.136186 0.990623
vn -0.046598 0.203955 0.977871
vn -0.046224 0.227518 0.972676
vn 0.006885 -0.129760 0.991522
vn -0.011167 0.210468 0.977537
vn -0.169857 0.732830 0.658869
vn -0.590410 -0.003676 0.807095
vn -0.037525 -0.689526 0.723288
vn -0.261028 0.727979 0.633965
vn -0.112713 0.824273 0.554860
vn -0.090006 -0.727482 0.680197
vn -0.010218 -0.679937 0.733200
vn -0.044071 0.830607 0.555113
vn 0.035941 -0.677376 0.734759
vn -0.041417 0.999142 -0.000000
vn -0.034438 0.999407 0.000000
vn -0.019949 0.516449 -0.856086
vn -0.015809 0.522599 -0.852432
vn 0.004445 0.000135 -0.999990
vn 0.005126 0.000708 -0.999987
vn 0.033769 -0.519563 -0.853765
vn 0.036356 -0.516190 -0.855702
vn 0.061249 -0.998123 -0.000000
vn 0.066582 -0.997781 0.000000
vn -0.002674 0.530407 -0.847739
vn 0.017370 0.539512 -0.841798
vn 0.007465 0.001154 -0.999972
vn 0.010091 0.001773 -0.999947
vn -0.011367 0.999935 0.000000
vn 0.023385 0.999727 0.000000
vn 0.027064 -0.526951 -0.849465
vn 0.013918 -0.534286 -0.845189
vn 0.045614 -0.998959 -0.000000
vn 0.018135 -0.999835 -0.000000
vn 0.029457 0.526351 -0.849757
vn 0.010784 -0.007403 -0.999914
vn 0.047480 0.998872 0.000000
vn 0.007467 -0.559769 -0.828615
vn 0.006137 -0.999981 0.000000
vn -0.019949 0.516449 0.856086
vn -0.015809 0.522599 0.852432
vn 0.004445 0.000135 0.999990
vn 0.005126 0.000707 0.999987
vn 0.036356 -0.516190 0.855702
vn 0.033769 -0.519563 0.853765
vn -0.002674 0.530407 0.847739
vn 0.007465 0.001154 0.999971
vn 0.017370 0.539512 0.841799
vn 0.010091 0.001773 0.999947
vn 0.027064 -0.526951 0.849465
vn 0.013918 -0.534286 0.845189
vn 0.029457 0.526351 0.849757
vn 0.010784 -0.007403 0.999914
vn 0.007467 -0.559769 0.828615
vn 0.013093 0.999914 0.000000
vn 0.328622 0.944461 0.000000
vn 0.012785 0.976366 -0.215743
vn 0.338434 0.902343 -0.266906
vn 0.913881 0.405983 0.000000
vn 0.865495 0.409774 -0.288102
vn 0.999914 -0.013093 -0.000000
vn 0.144162 0.493876 -0.857499
vn 0.006013 0.459205 -0.888310
vn 0.461008 0.184595 -0.867984
vn 0.977816 -0.012803 -0.209076
vn -0.003423 -0.261423 -0.965218
vn 0.395631 -0.005179 -0.918395
vn -0.221769 0.002904 -0.975095
vn -0.153532 -0.054455 -0.986642
vn -0.049486 -0.178369 -0.982718
vn -0.992339 0.012998 -0.122861
vn -0.919315 -0.373437 -0.124117
vn -0.273616 -0.951949 -0.137573
vn -0.012993 -0.992339 -0.122857
vn -0.013093 -0.999914 -0.000000
vn -0.012785 -0.976366 -0.215744
vn 0.303780 -0.952742 -0.000000
vn 0.314692 -0.910896 -0.266904
vn 0.902937 -0.429772 -0.000000
vn 0.854470 -0.432296 -0.288100
vn 0.131181 -0.497481 -0.857499
vn -0.006013 -0.459202 -0.888311
vn 0.456016 -0.196602 -0.867985
vn 0.003423 0.261423 -0.965218
vn -0.152049 0.058456 -0.986643
vn -0.044799 0.179601 -0.982719
vn -0.909219 0.397386 -0.124119
vn -0.248597 0.958787 -0.137576
vn 0.012994 0.992339 -0.122858
vn 0.006013 0.459202 -0.888312
vn 0.012710 0.970607 -0.240333
vn 0.006013 0.459203 -0.888311
vn 0.012709 0.970607 -0.240332
vn -0.686044 -0.529002 -0.499501
vn -0.003282 -0.250686 -0.968063
vn -0.274771 -0.733923 -0.621175
vn -0.001161 -0.088686 -0.996059
vn -0.000000 0.000000 -1.000000
vn 0.000000 -0.000000 -1.000000
vn -0.000000 0.000000 -1.000000
vn 0.000000 -0.000000 -1.000000
vn 0.000000 -0.000000 -1.000000
vn -0.000000 0.000000 -1.000000
vn 0.000000 0.000000 -1.000000
vn -0.000000 0.000000 -1.000000
vn 0.013093 0.999914 0.000000
vn 0.013093 0.999914 0.000000
vn -0.006012 -0.459201 -0.888312
vn -0.006012 -0.459203 -0.888311
vn -0.012708 -0.970607 -0.240334
vn -0.012709 -0.970608 -0.240331
vn 0.001161 0.088687 -0.996059
vn 0.003282 0.250686 -0.968063
vn -0.255462 0.740866 -0.621173
vn -0.671958 0.546780 -0.499503
vn -0.000000 0.000000 -1.000000
vn -0.000000 0.000000 -1.000000
vn 0.000000 0.000000 -1.000000
vn -0.013092 -0.999914 -0.000000
vn -0.013093 -0.999914 0.000000
vn 0.012785 0.976366 0.215743
vn 0.338434 0.902343 0.266906
vn 0.865495 0.409775 0.288102
vn 0.144162 0.493876 0.857499
vn 0.006013 0.459204 0.888310
vn 0.461009 0.184596 0.867983
vn 0.977816 -0.012803 0.209076
vn -0.003423 -0.261423 0.965218
vn 0.395633 -0.005179 0.918394
vn -0.221772 0.002904 0.975094
vn -0.153531 -0.054455 0.986642
vn -0.049486 -0.178369 0.982719
vn -0.992339 0.012998 0.122860
vn -0.919314 -0.373438 0.124119
vn -0.273616 -0.951950 0.137574
vn -0.012993 -0.992339 0.122857
vn -0.012785 -0.976366 0.215744
vn 0.314692 -0.910896 0.266904
vn 0.854469 -0.432296 0.288101
vn 0.131181 -0.497481 0.857499
vn -0.006013 -0.459202 0.888311
vn 0.456014 -0.196602 0.867985
vn 0.003423 0.261424 0.965218
vn -0.152050 0.058455 0.986643
vn -0.044799 0.179600 0.982719
vn -0.909219 0.397385 0.124119
vn -0.248596 0.958787 0.137577
vn 0.012994 0.992339 0.122858
vn -0.999914 0.013093 0.000002
vn -0.999914 0.013093 -0.000002
vn -0.999914 0.013093 -0.000009
vn -0.999914 0.013093 -0.000047
vn -0.999914 0.013093 -0.000004
vn -0.999914 0.013093 0.000002
vn -0.999914 0.013093 0.000001
vn -0.999914 0.013093 0.000035
vn -0.999914 0.013093 0.000001
vn -0.999914 0.013092 0.000003
vn -0.999914 0.013092 -0.000002
vn -0.999914 0.013084 0.000094
vn -0.999914 0.013093 0.000000
vn -0.999914 0.013092 -0.000004
vn -0.999914 0.013092 -0.000003
vn -0.999914 0.013084 -0.000082
vn -0.999914 0.013093 -0.000001
vn -0.999914 0.013093 -0.000001
vn -0.999914 0.013093 0.000003
vn -0.999914 0.013093 0.000001
vn -0.929913 -0.367780 0.000000
vn -0.999914 0.013098 0.000000
vn -0.255219 -0.966883 0.000000
vn -0.013093 -0.999914 0.000000
vn -0.919962 0.392007 0.000000
vn -0.229815 0.973234 0.000000
vn 0.013093 0.999914 0.000000
vn 0.218493 0.975839 0.000000
vn 0.218493 0.975839 0.000000
vn 0.911583 0.411116 0.000000
vn 0.911583 0.411116 0.000000
vn 0.999914 -0.013082 0.000000
vn 0.999914 -0.013082 0.000000
vn -0.999914 0.013080 0.000005
vn -0.999914 0.013080 0.000000
vn -0.973896 0.226993 0.000003
vn -0.973896 0.226993 0.000000
vn -0.463416 -0.886141 0.000000
vn -0.809531 -0.587077 0.000000
vn -0.999914 0.013098 0.000000
vn -0.999914 0.013102 0.000001
vn 0.999914 -0.013132 -0.000003
vn 0.999914 -0.013098 -0.000002
vn 0.999914 -0.013121 -0.000001
vn 0.999914 -0.013085 0.000000
vn 0.978740 0.205104 0.000002
vn 0.970984 0.239145 -0.000001
vn 0.378669 0.925532 0.000002
vn 0.288588 0.957453 0.000000
vn -0.999914 0.013119 0.000001
vn -0.999914 0.013119 0.000003
vn -0.910438 0.413646 0.000000
vn -0.910438 0.413646 0.000000
vn 0.006013 0.459201 0.888312
vn 0.006013 0.459204 0.888310
vn 0.012709 0.970607 0.240334
vn 0.012709 0.970608 0.240330
vn -0.001161 -0.088686 0.996059
vn -0.003283 -0.250686 0.968063
vn -0.274771 -0.733923 0.621175
vn -0.686044 -0.529002 0.499501
vn -0.000000 0.000000 1.000000
vn -0.000000 0.000000 1.000000
vn -0.000000 0.000000 1.000000
vn -0.000000 0.000000 1.000000
vn 0.000000 -0.000000 1.000000
vn 0.000000 -0.000000 1.000000
vn 0.000000 0.000000 1.000000
vn -0.000000 0.000000 1.000000
vn 0.218493 0.975839 0.000000
vn 0.911583 0.411116 0.000000
vn 0.999914 -0.013082 0.000000
vn -0.999914 0.013080 0.000000
vn -0.973896 0.226993 0.000000
vn -0.999914 0.013098 0.000000
vn 0.999914 -0.013088 0.000000
vn 0.999914 -0.013132 0.000000
vn 0.978740 0.205104 -0.000003
vn 0.378669 0.925532 -0.000002
vn -0.999914 0.013119 0.000000
vn -0.910438 0.413646 0.000000
vn -0.006012 -0.459203 0.888311
vn -0.012708 -0.970607 0.240334
vn -0.006012 -0.459203 0.888311
vn -0.012709 -0.970608 0.240332
vn -0.671960 0.546781 0.499501
vn 0.003282 0.250686 0.968063
vn -0.255462 0.740866 0.621173
vn 0.001161 0.088686 0.996059
vn -0.000000 0.000000 1.000000
vn -0.000000 0.000000 1.000000
vn 0.000000 -0.000000 1.000000
vn 0.192864 -0.981225 0.000000
vn 0.192864 -0.981225 0.000000
vn 0.900505 -0.434845 0.000000
vn 0.900505 -0.434845 0.000000
vn -0.979508 -0.201407 0.000000
vn -0.979508 -0.201407 0.000000
vn -0.440058 0.897969 0.000000
vn -0.793885 0.608068 0.000000
vn -0.999914 0.013090 0.000000
vn -0.999914 0.013085 -0.000001
vn 0.999915 -0.013066 0.000002
vn 0.999914 -0.013091 0.000002
vn 0.999915 -0.013078 0.000001
vn 0.999914 -0.013097 0.000000
vn 0.973036 -0.230655 0.000000
vn 0.964390 -0.264483 0.000003
vn 0.354305 -0.935130 0.000000
vn 0.263420 -0.964681 0.000000
vn -0.999915 0.013078 -0.000001
vn -0.999915 0.013066 -0.000003
vn -0.920970 -0.389632 0.000000
vn -0.920970 -0.389632 0.000000
vn 0.192864 -0.981225 0.000000
vn 0.900505 -0.434845 0.000000
vn -0.979508 -0.201407 0.000001
vn -0.999914 0.013087 0.000000
vn 0.999914 -0.013101 0.000000
vn 0.999915 -0.013066 -0.000000
vn 0.973035 -0.230656 0.000003
vn 0.354306 -0.935130 0.000002
vn -0.999915 0.013067 0.000001
vn -0.920970 -0.389632 0.000000
s 1
g blade
f 2156/3185/4750 2157/3187/4751 2164/3186/4752
f 2163/3188/4753 2158/3191/4754 2162/3189/4755
f 2162/3189/4755 2158/3191/4754 2159/3190/4756
f 2159/3190/4756 2160/3193/4757 2162/3189/4755
f 2162/3189/4755 2160/3193/4757 2161/3192/4758
f 2164/3186/4752 2157/3187/4751 2163/3188/4753
f 2163/3188/4753 2157/3187/4751 2158/3191/4754
f 2165/3195/4759 2166/3194/4760 2156/3185/4750
f 2156/3185/4750 2166/3194/4760 2157/3187/4751
f 2164/3186/4752 2167/3196/4761 2156/3185/4750
f 2156/3185/4750 2167/3196/4761 2165/3195/4759
f 2158/3191/4754 2168/3198/4762 2159/3190/4756
f 2159/3190/4756 2168/3198/4762 2170/3197/4763
f 2171/3200/4764 2169/3199/4765 2162/3189/4755
f 2162/3189/4755 2169/3199/4765 2163/3188/4753
f 2170/3197/4763 2172/3201/4766 2159/3190/4756
f 2159/3190/4756 2172/3201/4766 2160/3193/4757
f 2173/3202/4767 2171/3200/4764 2161/3192/4758
f 2161/3192/4758 2171/3200/4764 2162/3189/4755
f 2166/3194/4760 2168/3198/4762 2157/3187/4751
f 2157/3187/4751 2168/3198/4762 2158/3191/4754
f 2163/3188/4753 2169/3199/4765 2164/3186/4752
f 2164/3186/4752 2169/3199/4765 2167/3196/4761
s 3
f 2179/3203/4768 2178/3204/4769 2181/3206/4770
f 2181/3206/4770 2178/3204/4769 2180/3205/4771
f 2175/3207/4772 2179/3203/4768 2182/3208/4773
f 2184/3209/4774 2176/3210/4775 2192/3211/4776
f 2186/3212/4777 2182/3208/4773 2185/3213/4778
f 2182/3208/4773 2186/3212/4777 2187/3214/4779
f 2182/3208/4773 2187/3214/4779 2188/3215/4780
f 2182/3208/4773 2188/3215/4780 2175/3207/4772
f 2190/3216/4781 2191/3217/4782 2192/3211/4776
f 2190/3216/4781 2192/3211/4776 2189/3218/4783
f 2192/3211/4776 2176/3210/4775 2174/3219/4784
f 2189/3218/4783 2192/3211/4776 2193/3220/4785
f 2193/3220/4785 2192/3211/4776 2174/3219/4784
f 2193/3220/4785 2174/3219/4784 2194/3221/4786
f 2195/3222/4787 2194/3221/4786 2174/3219/4784
f 2188/3215/4780 2196/3223/4788 2175/3207/4772
f 2196/3223/4788 2197/3224/4789 2175/3207/4772
f 2197/3224/4789 2198/3225/4790 2175/3207/4772
f 2199/3226/4791 2195/3222/4787 2174/3219/4784
f 2198/3225/4790 2200/3227/4792 2175/3207/4772
f 2201/3228/4793 2199/3226/4791 2174/3219/4784
f 2202/3229/4794 2177/3230/4795 2178/3231/4796
f 2175/3207/4772 2204/3232/4797 2179/3203/4768
f 2179/3203/4768 2203/3233/4798 2178/3204/4769
f 2178/3204/4769 2203/3233/4798 2202/3234/4794
f 2177/3230/4795 2202/3229/4794 2205/3235/4799
f 2203/3236/4798 2209/3237/4800 2208/3238/4801
f 2203/3236/4798 2204/3239/4797 2209/3237/4800
f 2208/3238/4801 2209/3237/4800 2210/3240/4802
f 2211/3241/4803 2209/3242/4800 2204/3232/4797
f 2211/3243/4803 2210/3240/4802 2209/3237/4800
f 2204/3232/4797 2212/3244/4804 2211/3241/4803
f 2212/3245/4804 2210/3240/4802 2211/3243/4803
f 2204/3232/4797 2213/3246/4805 2212/3244/4804
f 2212/3245/4804 2215/3247/4806 2210/3240/4802
f 2210/3240/4802 2216/3248/4807 2214/3249/4808
f 2210/3240/4802 2215/3247/4806 2216/3248/4807
f 2204/3232/4797 2175/3207/4772 2213/3246/4805
f 2213/3250/4805 2217/3251/4809 2212/3245/4804
f 2217/3251/4809 2215/3247/4806 2212/3245/4804
f 2215/3247/4806 2218/3252/4810 2216/3248/4807
f 2215/3247/4806 2217/3251/4809 2218/3252/4810
f 2216/3248/4807 2219/3253/4811 2214/3249/4808
f 2216/3248/4807 2218/3252/4810 2219/3253/4811
f 2219/3253/4811 2220/3254/4812 2214/3249/4808
f 2220/3254/4812 2207/3255/4813 2214/3249/4808
f 2220/3254/4812 2221/3256/4814 2207/3255/4813
f 2221/3256/4814 2206/3257/4815 2207/3255/4813
f 2220/3258/4812 2222/3259/4816 2221/3260/4814
f 2222/3261/4816 2206/3257/4815 2221/3256/4814
f 2220/3258/4812 2219/3262/4811 2222/3259/4816
f 2206/3263/4815 2222/3259/4816 2176/3210/4775
f 2222/3259/4816 2174/3219/4784 2176/3210/4775
f 2219/3262/4811 2223/3264/4817 2222/3259/4816
f 2219/3253/4811 2218/3252/4810 2223/3265/4817
f 2223/3264/4817 2174/3219/4784 2222/3259/4816
f 2218/3252/4810 2224/3266/4818 2223/3265/4817
f 2218/3252/4810 2217/3251/4809 2224/3266/4818
f 2223/3264/4817 2225/3267/4819 2174/3219/4784
f 2223/3265/4817 2224/3266/4818 2225/3268/4819
f 2217/3251/4809 2226/3269/4820 2224/3266/4818
f 2217/3251/4809 2213/3250/4805 2226/3269/4820
f 2224/3266/4818 2227/3270/4821 2225/3268/4819
f 2227/3271/4821 2174/3219/4784 2225/3267/4819
f 2224/3266/4818 2228/3272/4822 2227/3270/4821
f 2224/3266/4818 2226/3269/4820 2228/3272/4822
f 2213/3250/4805 2229/3273/4823 2226/3269/4820
f 2213/3246/4805 2175/3207/4772 2229/3274/4823
f 2229/3273/4823 2230/3275/4824 2226/3269/4820
f 2229/3274/4823 2175/3207/4772 2230/3276/4824
f 2226/3269/4820 2231/3277/4825 2228/3272/4822
f 2226/3269/4820 2230/3275/4824 2231/3277/4825
f 2232/3278/4826 2227/3270/4821 2228/3272/4822
f 2231/3277/4825 2233/3279/4827 2228/3272/4822
f 2233/3279/4827 2232/3278/4826 2228/3272/4822
f 2230/3275/4824 2234/3280/4828 2231/3277/4825
f 2234/3280/4828 2233/3279/4827 2231/3277/4825
f 2230/3276/4824 2175/3207/4772 2234/3281/4828
f 2232/3278/4826 2235/3282/4829 2227/3270/4821
f 2235/3283/4829 2174/3219/4784 2227/3271/4821
f 2233/3279/4827 2236/3284/4830 2232/3278/4826
f 2236/3284/4830 2235/3282/4829 2232/3278/4826
f 2234/3280/4828 2237/3285/4831 2233/3279/4827
f 2237/3285/4831 2236/3284/4830 2233/3279/4827
f 2234/3280/4828 2238/3286/4832 2237/3285/4831
f 2234/3281/4828 2175/3207/4772 2238/3287/4832
f 2239/3288/4833 2235/3282/4829 2236/3284/4830
f 2239/3289/4833 2174/3219/4784 2235/3283/4829
f 2210/3240/4802 2214/3249/4808 2208/3238/4801
f 2208/3238/4801 2214/3249/4808 2207/3255/4813
f 2206/3257/4815 2203/3236/4798 2207/3255/4813
f 2207/3255/4813 2203/3236/4798 2208/3238/4801
f 2203/3236/4798 2206/3257/4815 2202/3229/4794
f 2202/3229/4794 2206/3257/4815 2205/3235/4799
f 2244/3290/4834 2242/3291/4835 2241/3292/4836
f 2243/3293/4837 2242/3294/4838 2245/3296/4839
f 2245/3296/4839 2242/3294/4838 2244/3295/4834
f 2175/3207/4772 2243/3293/4837 2246/3297/4840
f 2241/3292/4836 2247/3298/4841 2244/3290/4834
f 2248/3299/4842 2240/3300/4843 2264/3301/4844
f 2245/3302/4839 2250/3303/4845 2251/3304/4846
f 2245/3302/4839 2251/3304/4846 2246/3305/4840
f 2250/3303/4845 2252/3306/4847 2251/3304/4846
f 2253/3307/4848 2246/3297/4840 2251/3308/4846
f 2253/3309/4848 2251/3304/4846 2252/3306/4847
f 2246/3297/4840 2253/3307/4848 2254/3310/4849
f 2254/3311/4849 2253/3309/4848 2252/3306/4847
f 2246/3297/4840 2254/3310/4849 2255/3312/4850
f 2254/3311/4849 2252/3306/4847 2257/3313/4851
f 2252/3306/4847 2256/3314/4852 2258/3315/4853
f 2252/3306/4847 2258/3315/4853 2257/3313/4851
f 2246/3297/4840 2255/3312/4850 2175/3207/4772
f 2255/3316/4850 2254/3311/4849 2259/3317/4854
f 2259/3317/4854 2254/3311/4849 2257/3313/4851
f 2257/3313/4851 2258/3315/4853 2260/3318/4855
f 2257/3313/4851 2260/3318/4855 2259/3317/4854
f 2258/3315/4853 2256/3314/4852 2261/3319/4856
f 2258/3315/4853 2261/3319/4856 2260/3318/4855
f 2261/3319/4856 2256/3314/4852 2262/3320/4857
f 2262/3320/4857 2256/3314/4852 2249/3321/4858
f 2262/3320/4857 2249/3321/4858 2263/3322/4859
f 2263/3322/4859 2249/3321/4858 2248/3323/4842
f 2262/3324/4857 2263/3325/4859 2264/3301/4844
f 2264/3326/4844 2263/3322/4859 2248/3323/4842
f 2262/3324/4857 2264/3301/4844 2261/3327/4856
f 2264/3301/4844 2240/3300/4843 2174/3219/4784
f 2261/3327/4856 2264/3301/4844 2265/3328/4860
f 2261/3319/4856 2265/3329/4860 2260/3318/4855
f 2265/3328/4860 2264/3301/4844 2174/3219/4784
f 2260/3318/4855 2265/3329/4860 2266/3330/4861
f 2260/3318/4855 2266/3330/4861 2259/3317/4854
f 2265/3328/4860 2174/3219/4784 2267/3331/4862
f 2265/3329/4860 2267/3332/4862 2266/3330/4861
f 2259/3317/4854 2266/3330/4861 2268/3333/4863
f 2259/3317/4854 2268/3333/4863 2255/3316/4850
f 2266/3330/4861 2267/3332/4862 2269/3334/4864
f 2269/3335/4864 2267/3331/4862 2174/3219/4784
f 2266/3330/4861 2269/3334/4864 2270/3336/4865
f 2266/3330/4861 2270/3336/4865 2268/3333/4863
f 2255/3316/4850 2268/3333/4863 2271/3337/4866
f 2255/3312/4850 2271/3338/4866 2175/3207/4772
f 2271/3337/4866 2268/3333/4863 2272/3339/4867
f 2271/3338/4866 2272/3340/4867 2175/3207/4772
f 2268/3333/4863 2270/3336/4865 2273/3341/4868
f 2268/3333/4863 2273/3341/4868 2272/3339/4867
f 2274/3342/4869 2270/3336/4865 2269/3334/4864
f 2273/3341/4868 2270/3336/4865 2275/3343/4870
f 2275/3343/4870 2270/3336/4865 2274/3342/4869
f 2272/3339/4867 2273/3341/4868 2276/3344/4871
f 2276/3344/4871 2273/3341/4868 2275/3343/4870
f 2272/3340/4867 2276/3345/4871 2175/3207/4772
f 2274/3342/4869 2269/3334/4864 2277/3346/4872
f 2277/3347/4872 2269/3335/4864 2174/3219/4784
f 2275/3343/4870 2274/3342/4869 2236/3284/4830
f 2236/3284/4830 2274/3342/4869 2277/3346/4872
f 2276/3344/4871 2275/3343/4870 2237/3285/4831
f 2237/3285/4831 2275/3343/4870 2236/3284/4830
f 2276/3344/4871 2237/3285/4831 2238/3286/4832
f 2276/3345/4871 2238/3287/4832 2175/3207/4772
f 2239/3288/4833 2236/3284/4830 2277/3346/4872
f 2239/3289/4833 2277/3347/4872 2174/3219/4784
f 2252/3306/4847 2250/3303/4845 2256/3314/4852
f 2256/3314/4852 2250/3303/4845 2249/3321/4858
f 2248/3323/4842 2249/3321/4858 2245/3302/4839
f 2245/3302/4839 2249/3321/4858 2250/3303/4845
f 2245/3302/4839 2244/3290/4834 2248/3323/4842
f 2248/3323/4842 2244/3290/4834 2247/3298/4841
f 2175/3207/4772 2280/3348/4873 2243/3293/4837
f 2243/3293/4837 2279/3349/4874 2242/3294/4838
f 2242/3294/4838 2279/3349/4874 2278/3350/4875
f 2284/3351/4876 2283/3352/4877 2280/3348/4873
f 2280/3348/4873 2285/3353/4878 2284/3351/4876
f 2280/3348/4873 2286/3354/4879 2285/3353/4878
f 2280/3348/4873 2175/3207/4772 2286/3354/4879
f 2288/3355/4880 2290/3356/4881 2289/3357/4882
f 2288/3355/4880 2287/3358/4883 2290/3356/4881
f 2282/3359/4884 2290/3356/4881 2240/3300/4843
f 2290/3356/4881 2174/3219/4784 2240/3300/4843
f 2287/3358/4883 2291/3360/4885 2290/3356/4881
f 2291/3360/4885 2174/3219/4784 2290/3356/4881
f 2291/3360/4885 2292/3361/4886 2174/3219/4784
f 2293/3362/4887 2174/3219/4784 2292/3361/4886
f 2286/3354/4879 2175/3207/4772 2294/3363/4888
f 2294/3363/4888 2175/3207/4772 2295/3364/4889
f 2295/3364/4889 2175/3207/4772 2296/3365/4890
f 2297/3366/4891 2174/3219/4784 2293/3362/4887
f 2296/3365/4890 2175/3207/4772 2200/3227/4792
f 2201/3228/4793 2174/3219/4784 2297/3366/4891
f 2183/3367/4892 2177/3368/4893 2184/3209/4774
f 2184/3209/4774 2177/3368/4893 2176/3210/4775
f 2176/3210/4775 2177/3368/4893 2206/3263/4815
f 2206/3263/4815 2177/3368/4893 2205/3369/4799
f 2179/3203/4768 2181/3206/4770 2182/3208/4773
f 2179/3203/4768 2204/3232/4797 2203/3233/4798
f 2243/3293/4837 2245/3296/4839 2246/3297/4840
f 2243/3293/4837 2280/3348/4873 2279/3349/4874
f 2247/3370/4841 2241/3371/4894 2248/3299/4842
f 2248/3299/4842 2241/3371/4894 2240/3300/4843
f 2240/3300/4843 2241/3371/4894 2282/3359/4884
f 2282/3359/4884 2241/3371/4894 2281/3372/4895
f 2180/3373/4771 2178/3374/4796 2177/3375/4795
f 2177/3375/4795 2183/3376/4892 2180/3373/4771
f 2181/3377/4770 2299/3378/4896 2185/3379/4778
f 2181/3377/4770 2185/3379/4778 2182/3380/4773
f 2299/3378/4896 2300/3381/4897 2185/3379/4778
f 2186/3382/4777 2185/3379/4778 2300/3381/4897
f 2187/3383/4779 2186/3382/4777 2300/3381/4897
f 2187/3383/4779 2300/3381/4897 2302/3384/4898
f 2300/3381/4897 2301/3385/4899 2303/3386/4900
f 2300/3381/4897 2303/3386/4900 2302/3384/4898
f 2188/3387/4780 2187/3383/4779 2304/3388/4901
f 2304/3388/4901 2187/3383/4779 2302/3384/4898
f 2302/3384/4898 2303/3386/4900 2305/3389/4902
f 2302/3384/4898 2305/3389/4902 2304/3388/4901
f 2303/3386/4900 2301/3385/4899 2189/3390/4783
f 2303/3386/4900 2189/3390/4783 2305/3389/4902
f 2189/3390/4783 2301/3385/4899 2190/3391/4781
f 2190/3391/4781 2301/3385/4899 2298/3392/4903
f 2190/3391/4781 2298/3392/4903 2191/3393/4782
f 2191/3393/4782 2298/3392/4903 2184/3394/4774
f 2192/3395/4776 2191/3393/4782 2184/3394/4774
f 2189/3390/4783 2193/3396/4785 2305/3389/4902
f 2305/3389/4902 2193/3396/4785 2306/3397/4904
f 2305/3389/4902 2306/3397/4904 2304/3388/4901
f 2193/3396/4785 2194/3398/4786 2306/3397/4904
f 2304/3388/4901 2306/3397/4904 2307/3399/4905
f 2304/3388/4901 2307/3399/4905 2188/3387/4780
f 2306/3397/4904 2194/3398/4786 2195/3400/4787
f 2306/3397/4904 2195/3400/4787 2308/3401/4906
f 2306/3397/4904 2308/3401/4906 2307/3399/4905
f 2188/3387/4780 2307/3399/4905 2196/3402/4788
f 2196/3402/4788 2307/3399/4905 2197/3403/4789
f 2307/3399/4905 2308/3401/4906 2309/3404/4907
f 2307/3399/4905 2309/3404/4907 2197/3403/4789
f 2310/3405/4908 2308/3401/4906 2195/3400/4787
f 2309/3404/4907 2308/3401/4906 2311/3406/4909
f 2311/3406/4909 2308/3401/4906 2310/3405/4908
f 2197/3403/4789 2309/3404/4907 2198/3407/4790
f 2198/3407/4790 2309/3404/4907 2311/3406/4909
f 2310/3405/4908 2195/3400/4787 2199/3408/4791
f 2311/3406/4909 2310/3405/4908 2312/3409/4910
f 2312/3409/4910 2310/3405/4908 2199/3408/4791
f 2198/3407/4790 2311/3406/4909 2313/3410/4911
f 2313/3410/4911 2311/3406/4909 2312/3409/4910
f 2198/3407/4790 2313/3410/4911 2200/3411/4792
f 2201/3412/4793 2312/3409/4910 2199/3408/4791
f 2300/3381/4897 2299/3378/4896 2301/3385/4899
f 2301/3385/4899 2299/3378/4896 2298/3392/4903
f 2184/3394/4774 2298/3392/4903 2181/3377/4770
f 2181/3377/4770 2298/3392/4903 2299/3378/4896
f 2181/3377/4770 2180/3373/4771 2184/3394/4774
f 2184/3394/4774 2180/3373/4771 2183/3376/4892
f 2278/3413/4875 2241/3414/4836 2242/3415/4835
f 2241/3414/4836 2278/3413/4875 2281/3416/4895
f 2279/3417/4874 2283/3418/4877 2315/3419/4912
f 2279/3417/4874 2280/3420/4873 2283/3418/4877
f 2315/3419/4912 2283/3418/4877 2316/3421/4913
f 2284/3422/4876 2316/3421/4913 2283/3418/4877
f 2285/3423/4878 2316/3421/4913 2284/3422/4876
f 2285/3423/4878 2318/3424/4914 2316/3421/4913
f 2316/3421/4913 2319/3425/4915 2317/3426/4916
f 2316/3421/4913 2318/3424/4914 2319/3425/4915
f 2286/3427/4879 2320/3428/4917 2285/3423/4878
f 2320/3428/4917 2318/3424/4914 2285/3423/4878
f 2318/3424/4914 2321/3429/4918 2319/3425/4915
f 2318/3424/4914 2320/3428/4917 2321/3429/4918
f 2319/3425/4915 2287/3430/4883 2317/3426/4916
f 2319/3425/4915 2321/3429/4918 2287/3430/4883
f 2287/3430/4883 2288/3431/4880 2317/3426/4916
f 2288/3431/4880 2314/3432/4919 2317/3426/4916
f 2288/3431/4880 2289/3433/4882 2314/3432/4919
f 2289/3433/4882 2282/3434/4884 2314/3432/4919
f 2290/3435/4881 2282/3434/4884 2289/3433/4882
f 2287/3430/4883 2321/3429/4918 2291/3436/4885
f 2321/3429/4918 2322/3437/4920 2291/3436/4885
f 2321/3429/4918 2320/3428/4917 2322/3437/4920
f 2291/3436/4885 2322/3437/4920 2292/3438/4886
f 2320/3428/4917 2323/3439/4921 2322/3437/4920
f 2320/3428/4917 2286/3427/4879 2323/3439/4921
f 2322/3437/4920 2293/3440/4887 2292/3438/4886
f 2322/3437/4920 2324/3441/4922 2293/3440/4887
f 2322/3437/4920 2323/3439/4921 2324/3441/4922
f 2286/3427/4879 2294/3442/4888 2323/3439/4921
f 2294/3442/4888 2295/3443/4889 2323/3439/4921
f 2323/3439/4921 2325/3444/4923 2324/3441/4922
f 2323/3439/4921 2295/3443/4889 2325/3444/4923
f 2326/3445/4924 2293/3440/4887 2324/3441/4922
f 2325/3444/4923 2327/3446/4925 2324/3441/4922
f 2327/3446/4925 2326/3445/4924 2324/3441/4922
f 2295/3443/4889 2296/3447/4890 2325/3444/4923
f 2296/3447/4890 2327/3446/4925 2325/3444/4923
f 2326/3445/4924 2297/3448/4891 2293/3440/4887
f 2327/3446/4925 2312/3409/4910 2326/3445/4924
f 2312/3409/4910 2297/3448/4891 2326/3445/4924
f 2296/3447/4890 2313/3410/4911 2327/3446/4925
f 2313/3410/4911 2312/3409/4910 2327/3446/4925
f 2296/3447/4890 2200/3411/4792 2313/3410/4911
f 2201/3412/4793 2297/3448/4891 2312/3409/4910
f 2316/3421/4913 2317/3426/4916 2315/3419/4912
f 2315/3419/4912 2317/3426/4916 2314/3432/4919
f 2282/3434/4884 2279/3417/4874 2314/3432/4919
f 2314/3432/4919 2279/3417/4874 2315/3419/4912
f 2279/3417/4874 2282/3434/4884 2278/3413/4875
f 2278/3413/4875 2282/3434/4884 2281/3416/4895
s 20
f 2335/3449/4926 2332/3450/4927 2336/3452/4928
f 2336/3452/4928 2332/3450/4927 2333/3451/4929
f 2331/3453/4930 2335/3449/4926 2334/3454/4931
f 2334/3454/4931 2335/3449/4926 2336/3452/4928
f 2332/3450/4927 2337/3455/4932 2333/3451/4929
f 2333/3451/4929 2337/3455/4932 2338/3456/4933
f 2347/3457/4934 2348/3458/4935 2344/3460/4936
f 2344/3460/4936 2348/3458/4935 2345/3459/4937
f 2343/3461/4938 2346/3462/4939 2347/3457/4934
f 2347/3457/4934 2346/3462/4939 2348/3458/4935
f 2344/3460/4936 2345/3459/4937 2339/3464/4940
f 2339/3464/4940 2345/3459/4937 2340/3463/4941
f 2341/3465/4942 2342/3466/4943 2329/3468/4944
f 2329/3468/4944 2342/3466/4943 2349/3467/4945
f 2329/3468/4944 2349/3467/4945 2328/3470/4946
f 2328/3470/4946 2349/3467/4945 2330/3469/4947
f 2343/3461/4938 2342/3466/4943 2346/3462/4939
f 2346/3462/4939 2342/3466/4943 2341/3465/4942
f 2328/3470/4946 2330/3469/4947 2334/3454/4931
f 2334/3454/4931 2330/3469/4947 2331/3453/4930
s 24
f 2359/3471/4948 2328/3472/4949 2362/3474/4950
f 2362/3474/4950 2328/3472/4949 2334/3473/4951
f 2328/3472/4949 2359/3471/4948 2329/3476/4952
f 2329/3476/4952 2359/3471/4948 2360/3475/4953
f 2338/3478/4954 2361/3479/4955 2333/3477/4956
f 2333/3477/4956 2361/3479/4955 2336/3480/4957
f 2361/3479/4955 2362/3474/4950 2336/3480/4957
f 2336/3480/4957 2362/3474/4950 2334/3473/4951
s 20
f 2357/3481/4958 2358/3482/4959 2354/3484/4960
f 2354/3484/4960 2358/3482/4959 2355/3483/4961
f 2353/3485/4962 2356/3486/4963 2357/3481/4958
f 2357/3481/4958 2356/3486/4963 2358/3482/4959
f 2354/3484/4960 2355/3483/4961 2337/3488/4932
f 2337/3488/4932 2355/3483/4961 2338/3487/4933
s 24
f 2350/3489/4964 2351/3490/4965 2359/3471/4948
f 2359/3471/4948 2351/3490/4965 2360/3475/4953
f 2358/3492/4966 2361/3479/4955 2355/3491/4967
f 2355/3491/4967 2361/3479/4955 2338/3478/4954
f 2356/3493/4968 2362/3474/4950 2358/3492/4966
f 2358/3492/4966 2362/3474/4950 2361/3479/4955
s 20
f 2369/3494/4969 2366/3495/4970 2370/3497/4971
f 2370/3497/4971 2366/3495/4970 2367/3496/4972
f 2365/3498/4973 2369/3494/4969 2368/3499/4974
f 2368/3499/4974 2369/3494/4969 2370/3497/4971
f 2366/3495/4970 2339/3500/4940 2367/3496/4972
f 2367/3496/4972 2339/3500/4940 2340/3501/4941
s 24
f 2371/3502/4975 2363/3503/4976 2373/3505/4977
f 2373/3505/4977 2363/3503/4976 2368/3504/4978
f 2363/3503/4976 2371/3502/4975 2351/3490/4965
f 2351/3490/4965 2371/3502/4975 2360/3475/4953
f 2340/3507/4979 2372/3508/4980 2367/3506/4981
f 2367/3506/4981 2372/3508/4980 2370/3509/4982
f 2372/3508/4980 2373/3505/4977 2370/3509/4982
f 2370/3509/4982 2373/3505/4977 2368/3504/4978
f 2341/3510/4983 2329/3476/4952 2371/3502/4975
f 2371/3502/4975 2329/3476/4952 2360/3475/4953
f 2348/3512/4984 2372/3508/4980 2345/3511/4985
f 2345/3511/4985 2372/3508/4980 2340/3507/4979
f 2346/3513/4986 2373/3505/4977 2348/3512/4984
f 2348/3512/4984 2373/3505/4977 2372/3508/4980
f 2359/3471/4948 2362/3474/4950 2350/3489/4964
f 2350/3489/4964 2362/3474/4950 2356/3493/4968
f 2371/3502/4975 2373/3505/4977 2341/3510/4983
f 2341/3510/4983 2373/3505/4977 2346/3513/4986
s 20
f 2363/3514/4987 2351/3515/4988 2364/3517/4989
f 2364/3517/4989 2351/3515/4988 2374/3516/4990
f 2351/3515/4988 2350/3518/4991 2374/3516/4990
f 2374/3516/4990 2350/3518/4991 2352/3519/4992
f 2365/3498/4973 2368/3499/4974 2364/3517/4989
f 2364/3517/4989 2368/3499/4974 2363/3514/4987
f 2350/3518/4991 2356/3486/4963 2352/3519/4992
f 2352/3519/4992 2356/3486/4963 2353/3485/4962
s 34
f 2384/3521/4993 2388/3522/4994 2385/3520/4995
f 2385/3520/4995 2388/3522/4994 2387/3523/4996
f 2388/3522/4994 2377/3524/4997 2387/3523/4996
f 2387/3523/4996 2377/3524/4997 2376/3525/4998
f 2391/3526/4999 2385/3520/4995 2387/3523/4996
f 2380/3527/5000 2391/3526/4999 2376/3525/4998
f 2376/3525/4998 2391/3526/4999 2387/3523/4996
f 2389/3529/5001 2378/3530/5002 2390/3528/5003
f 2390/3528/5003 2378/3530/5002 2379/3531/5004
f 2381/3533/5005 2389/3529/5001 2382/3532/5006
f 2382/3532/5006 2389/3529/5001 2390/3528/5003
f 2383/3534/5007 2382/3532/5006 2390/3528/5003
f 2400/3535/5008 2383/3534/5007 2390/3528/5003
f 2390/3528/5003 2379/3531/5004 2399/3536/5009
f 2375/3537/5010 2386/3538/5011 2380/3527/5000
f 2380/3527/5000 2386/3538/5011 2391/3526/4999
f 2386/3538/5011 2385/3520/4995 2391/3526/4999
s 37
f 2381/3533/5012 2382/3532/5013 2392/3540/5014
f 2392/3540/5014 2382/3532/5013 2393/3539/5015
f 2382/3532/5013 2383/3534/5016 2393/3539/5015
f 2393/3539/5015 2383/3534/5016 2394/3541/5017
f 2384/3521/5018 2385/3520/5019 2395/3543/5020
f 2395/3543/5020 2385/3520/5019 2396/3542/5021
f 2385/3520/5019 2386/3538/5022 2396/3542/5021
f 2396/3542/5021 2386/3538/5022 2397/3544/5023
f 2386/3538/5022 2375/3537/5024 2397/3544/5023
s 34
f 2390/3528/5003 2399/3536/5009 2400/3535/5008
f 2400/3535/5008 2399/3536/5009 2398/3545/5025
f 2412/3546/5026 2401/3547/5027 2411/3549/5028
f 2411/3549/5028 2401/3547/5027 2404/3548/5029
f 2411/3549/5028 2404/3548/5029 2410/3551/5030
f 2410/3551/5030 2404/3548/5029 2406/3550/5031
s 37
f 2406/3550/5032 2408/3552/5033 2410/3551/5034
f 2410/3551/5034 2408/3552/5033 2409/3553/5035
s 34
f 2406/3550/5031 2404/3548/5029 2384/3521/4993
f 2384/3521/4993 2404/3548/5029 2388/3522/4994
f 2404/3548/5029 2401/3547/5027 2388/3522/4994
f 2388/3522/4994 2401/3547/5027 2377/3524/4997
s 37
f 2383/3534/5016 2405/3554/5036 2394/3541/5017
f 2394/3541/5017 2405/3554/5036 2407/3555/5037
f 2384/3521/5018 2395/3543/5020 2406/3550/5032
f 2406/3550/5032 2395/3543/5020 2408/3552/5033
s 34
f 2400/3535/5008 2398/3545/5025 2403/3557/5038
f 2403/3557/5038 2398/3545/5025 2402/3556/5039
f 2383/3534/5007 2400/3535/5008 2405/3554/5040
f 2405/3554/5040 2400/3535/5008 2403/3557/5038
s 37
f 2405/3554/5036 2410/3551/5034 2407/3555/5037
f 2407/3555/5037 2410/3551/5034 2409/3553/5035
s 34
f 2403/3557/5038 2411/3549/5028 2405/3554/5040
f 2405/3554/5040 2411/3549/5028 2410/3551/5030
f 2402/3556/5039 2412/3546/5026 2403/3557/5038
f 2403/3557/5038 2412/3546/5026 2411/3549/5028
s 41
f 2419/3559/5041 2420/3560/5042 2417/3558/5043
f 2417/3558/5043 2420/3560/5042 2416/3561/5044
f 2376/3562/5045 2377/3563/5046 2419/3559/5041
f 2419/3559/5041 2377/3563/5046 2420/3560/5042
f 2423/3564/5047 2419/3559/5041 2417/3558/5043
f 2380/3565/5048 2376/3562/5045 2423/3564/5047
f 2423/3564/5047 2376/3562/5045 2419/3559/5041
f 2379/3567/5049 2378/3568/5050 2422/3566/5051
f 2422/3566/5051 2378/3568/5050 2421/3569/5052
f 2422/3566/5051 2421/3569/5052 2414/3570/5053
f 2414/3570/5053 2421/3569/5052 2413/3571/5054
f 2415/3572/5055 2422/3566/5051 2414/3570/5053
f 2424/3573/5056 2422/3566/5051 2415/3572/5055
f 2422/3566/5051 2399/3574/5057 2379/3567/5049
f 2375/3575/5058 2380/3565/5048 2418/3576/5059
f 2418/3576/5059 2380/3565/5048 2423/3564/5047
f 2418/3576/5059 2423/3564/5047 2417/3558/5043
s 37
f 2413/3571/5060 2392/3577/5014 2414/3570/5061
f 2414/3570/5061 2392/3577/5014 2393/3578/5015
f 2414/3570/5061 2393/3578/5015 2415/3572/5062
f 2415/3572/5062 2393/3578/5015 2394/3579/5017
f 2416/3561/5063 2395/3580/5020 2417/3558/5064
f 2417/3558/5064 2395/3580/5020 2396/3581/5021
f 2417/3558/5064 2396/3581/5021 2418/3576/5065
f 2418/3576/5065 2396/3581/5021 2397/3582/5023
f 2418/3576/5065 2397/3582/5023 2375/3575/5024
s 41
f 2422/3566/5051 2424/3573/5056 2399/3574/5057
f 2399/3574/5057 2424/3573/5056 2398/3583/5066
f 2412/3584/5067 2430/3585/5068 2401/3587/5069
f 2401/3587/5069 2430/3585/5068 2426/3586/5070
f 2430/3585/5068 2429/3588/5071 2426/3586/5070
f 2426/3586/5070 2429/3588/5071 2428/3589/5072
s 37
f 2409/3590/5035 2408/3591/5033 2429/3588/5073
f 2429/3588/5073 2408/3591/5033 2428/3589/5074
s 41
f 2420/3560/5042 2426/3586/5070 2416/3561/5044
f 2416/3561/5044 2426/3586/5070 2428/3589/5072
f 2426/3586/5070 2420/3560/5042 2401/3587/5069
f 2401/3587/5069 2420/3560/5042 2377/3563/5046
s 37
f 2415/3572/5062 2394/3579/5017 2427/3593/5075
f 2427/3593/5075 2394/3579/5017 2407/3592/5037
f 2408/3591/5033 2395/3580/5020 2428/3589/5074
f 2428/3589/5074 2395/3580/5020 2416/3561/5063
s 41
f 2424/3573/5056 2425/3594/5076 2398/3583/5066
f 2398/3583/5066 2425/3594/5076 2402/3595/5077
f 2425/3594/5076 2424/3573/5056 2427/3593/5078
f 2427/3593/5078 2424/3573/5056 2415/3572/5055
s 37
f 2427/3593/5075 2407/3592/5037 2429/3588/5073
f 2429/3588/5073 2407/3592/5037 2409/3590/5035
s 41
f 2425/3594/5076 2427/3593/5078 2430/3585/5068
f 2430/3585/5068 2427/3593/5078 2429/3588/5071
f 2402/3595/5077 2425/3594/5076 2412/3584/5067
f 2412/3584/5067 2425/3594/5076 2430/3585/5068
s 45
f 2431/3596/5079 2439/3597/5080 2432/3598/5081
f 2438/3599/5082 2437/3600/5083 2433/3602/5084
f 2433/3602/5084 2437/3600/5083 2434/3601/5085
f 2436/3603/5086 2435/3604/5087 2437/3600/5083
f 2437/3600/5083 2435/3604/5087 2434/3601/5085
f 2439/3597/5080 2438/3599/5082 2432/3598/5081
f 2432/3598/5081 2438/3599/5082 2433/3602/5084
f 2432/3598/5081 2441/3605/5088 2431/3596/5079
f 2431/3596/5079 2441/3605/5088 2440/3606/5089
f 2439/3597/5080 2431/3596/5079 2442/3607/5090
f 2442/3607/5090 2431/3596/5079 2440/3606/5089
f 2433/3602/5084 2434/3601/5085 2443/3609/5091
f 2443/3609/5091 2434/3601/5085 2445/3608/5092
f 2438/3599/5082 2444/3610/5093 2437/3600/5083
f 2437/3600/5083 2444/3610/5093 2446/3611/5094
f 2435/3604/5087 2447/3612/5095 2434/3601/5085
f 2434/3601/5085 2447/3612/5095 2445/3608/5092
f 2437/3600/5083 2446/3611/5094 2436/3603/5086
f 2436/3603/5086 2446/3611/5094 2448/3613/5096
f 2433/3602/5084 2443/3609/5091 2432/3598/5081
f 2432/3598/5081 2443/3609/5091 2441/3605/5088
f 2438/3599/5082 2439/3597/5080 2444/3610/5093
f 2444/3610/5093 2439/3597/5080 2442/3607/5090
s 47
f 2449/3614/5097 2466/3615/5098 2450/3617/5099
f 2450/3617/5099 2466/3615/5098 2465/3616/5100
f 2450/3617/5099 2465/3616/5100 2451/3619/5101
f 2451/3619/5101 2465/3616/5100 2464/3618/5102
f 2464/3618/5102 2468/3620/5103 2451/3619/5101
f 2451/3619/5101 2468/3620/5103 2452/3621/5104
f 2468/3620/5103 2467/3622/5105 2452/3621/5104
f 2452/3621/5104 2467/3622/5105 2453/3623/5106
f 2460/3624/5107 2470/3625/5108 2459/3627/5109
f 2459/3627/5109 2470/3625/5108 2469/3626/5110
f 2461/3628/5111 2471/3629/5112 2460/3624/5107
f 2460/3624/5107 2471/3629/5112 2470/3625/5108
f 2463/3630/5113 2473/3631/5114 2462/3633/5115
f 2462/3633/5115 2473/3631/5114 2472/3632/5116
f 2459/3627/5109 2469/3626/5110 2463/3630/5113
f 2463/3630/5113 2469/3626/5110 2473/3631/5114
f 2465/3616/5100 2460/3624/5107 2464/3618/5102
f 2464/3618/5102 2460/3624/5107 2459/3627/5109
f 2466/3615/5098 2461/3628/5111 2465/3616/5100
f 2465/3616/5100 2461/3628/5111 2460/3624/5107
f 2468/3620/5103 2463/3630/5113 2467/3622/5105
f 2467/3622/5105 2463/3630/5113 2462/3633/5115
f 2464/3618/5102 2459/3627/5109 2468/3620/5103
f 2468/3620/5103 2459/3627/5109 2463/3630/5113
f 2470/3625/5108 2455/3634/5117 2469/3626/5110
f 2469/3626/5110 2455/3634/5117 2456/3635/5118
f 2471/3629/5112 2454/3636/5119 2470/3625/5108
f 2470/3625/5108 2454/3636/5119 2455/3634/5117
f 2473/3631/5114 2457/3637/5120 2472/3632/5116
f 2472/3632/5116 2457/3637/5120 2458/3638/5121
f 2469/3626/5110 2456/3635/5118 2473/3631/5114
f 2473/3631/5114 2456/3635/5118 2457/3637/5120
f 2449/3639/5097 2474/3640/5122 2466/3642/5098
f 2466/3642/5098 2474/3640/5122 2484/3641/5123
f 2474/3640/5122 2475/3643/5124 2484/3641/5123
f 2484/3641/5123 2475/3643/5124 2483/3644/5125
f 2476/3645/5126 2485/3646/5127 2475/3643/5124
f 2475/3643/5124 2485/3646/5127 2483/3644/5125
f 2453/3647/5106 2467/3648/5105 2476/3645/5126
f 2476/3645/5126 2467/3648/5105 2485/3646/5127
f 2481/3649/5128 2480/3650/5129 2487/3652/5130
f 2487/3652/5130 2480/3650/5129 2486/3651/5131
f 2461/3653/5111 2481/3649/5128 2471/3654/5112
f 2471/3654/5112 2481/3649/5128 2487/3652/5130
f 2482/3655/5132 2462/3656/5115 2488/3658/5133
f 2488/3658/5133 2462/3656/5115 2472/3657/5116
f 2480/3650/5129 2482/3655/5132 2486/3651/5131
f 2486/3651/5131 2482/3655/5132 2488/3658/5133
f 2484/3641/5123 2483/3644/5125 2481/3649/5128
f 2481/3649/5128 2483/3644/5125 2480/3650/5129
f 2466/3642/5098 2484/3641/5123 2461/3653/5111
f 2461/3653/5111 2484/3641/5123 2481/3649/5128
f 2485/3646/5127 2467/3648/5105 2482/3655/5132
f 2482/3655/5132 2467/3648/5105 2462/3656/5115
f 2483/3644/5125 2485/3646/5127 2480/3650/5129
f 2480/3650/5129 2485/3646/5127 2482/3655/5132
f 2487/3652/5130 2486/3651/5131 2477/3660/5134
f 2477/3660/5134 2486/3651/5131 2478/3659/5135
f 2471/3654/5112 2487/3652/5130 2454/3661/5119
f 2454/3661/5119 2487/3652/5130 2477/3660/5134
f 2488/3658/5133 2472/3657/5116 2479/3663/5136
f 2479/3663/5136 2472/3657/5116 2458/3662/5121
f 2486/3651/5131 2488/3658/5133 2478/3659/5135
f 2478/3659/5135 2488/3658/5133 2479/3663/5136
s 53
f 2489/3664/5137 2490/3665/5138 2493/3666/5139
f 2490/3665/5138 2495/3667/5140 2493/3666/5139
f 2491/3668/5141 2495/3667/5140 2490/3665/5138
f 2491/3668/5141 2496/3669/5142 2495/3667/5140
f 2491/3668/5141 2492/3670/5143 2496/3669/5142
f 2495/3667/5140 2497/3671/5144 2493/3666/5139
f 2497/3671/5144 2494/3672/5145 2493/3666/5139
f 2496/3669/5142 2498/3673/5146 2495/3667/5140
f 2498/3673/5146 2497/3671/5144 2495/3667/5140
f 2492/3670/5143 2499/3674/5147 2496/3669/5142
f 2499/3674/5147 2498/3673/5146 2496/3669/5142
f 2497/3671/5144 2500/3675/5148 2494/3672/5145
f 2501/3676/5149 2498/3673/5146 2499/3674/5147
f 2502/3677/5150 2498/3673/5146 2501/3676/5149
f 2502/3677/5150 2503/3678/5151 2498/3673/5146
f 2503/3678/5151 2504/3679/5152 2498/3673/5146
f 2504/3679/5152 2497/3671/5144 2498/3673/5146
f 2502/3677/5150 2506/3680/5153 2503/3678/5151
f 2503/3678/5151 2506/3680/5153 2505/3681/5154
f 2505/3681/5154 2507/3682/5155 2503/3678/5151
f 2503/3678/5151 2507/3682/5155 2504/3679/5152
f 2504/3679/5152 2500/3675/5148 2497/3671/5144
f 2507/3682/5155 2508/3683/5156 2504/3679/5152
f 2504/3679/5152 2508/3683/5156 2500/3675/5148
f 2509/3684/5157 2512/3685/5158 2510/3686/5159
f 2510/3686/5159 2512/3685/5158 2514/3687/5160
f 2511/3688/5161 2510/3686/5159 2514/3687/5160
f 2511/3688/5161 2514/3687/5160 2515/3689/5162
f 2511/3688/5161 2515/3689/5162 2492/3670/5143
f 2514/3687/5160 2512/3685/5158 2516/3690/5163
f 2516/3690/5163 2512/3685/5158 2513/3691/5164
f 2515/3689/5162 2514/3687/5160 2517/3692/5165
f 2517/3692/5165 2514/3687/5160 2516/3690/5163
f 2492/3670/5143 2515/3689/5162 2499/3674/5147
f 2499/3674/5147 2515/3689/5162 2517/3692/5165
f 2516/3690/5163 2513/3691/5164 2518/3693/5166
f 2501/3676/5149 2499/3674/5147 2517/3692/5165
f 2502/3677/5150 2501/3676/5149 2517/3692/5165
f 2502/3677/5150 2517/3692/5165 2519/3694/5167
f 2519/3694/5167 2517/3692/5165 2520/3695/5168
f 2520/3695/5168 2517/3692/5165 2516/3690/5163
f 2520/3695/5168 2516/3690/5163 2518/3693/5166
f 2502/3677/5150 2519/3694/5167 2506/3680/5153
f 2506/3680/5153 2519/3694/5167 2521/3696/5169
f 2521/3696/5169 2519/3694/5167 2522/3697/5170
f 2522/3697/5170 2519/3694/5167 2520/3695/5168
f 2522/3697/5170 2520/3695/5168 2523/3698/5171
f 2523/3698/5171 2520/3695/5168 2518/3693/5166
s 55
f 2536/3699/5172 2530/3700/5173 2537/3702/5174
f 2537/3702/5174 2530/3700/5173 2531/3701/5175
f 2529/3704/5176 2532/3705/5177 2528/3703/5178
f 2528/3703/5178 2532/3705/5177 2533/3706/5179
f 2524/3707/5180 2525/3708/5181 2535/3710/5182
f 2535/3710/5182 2525/3708/5181 2526/3709/5183
f 2534/3711/5184 2539/3712/5185 2533/3706/5179
f 2533/3706/5179 2539/3712/5185 2528/3703/5178
f 2524/3707/5180 2535/3710/5182 2533/3706/5179
f 2533/3706/5179 2535/3710/5182 2534/3711/5184
f 2529/3704/5176 2536/3699/5172 2532/3705/5177
f 2532/3705/5177 2536/3699/5172 2537/3702/5174
f 2527/3713/5186 2538/3714/5187 2539/3712/5185
f 2539/3712/5185 2538/3714/5187 2528/3703/5178
f 2530/3700/5173 2540/3715/5188 2531/3701/5175
f 2531/3701/5175 2540/3715/5188 2541/3716/5189
f 2552/3717/5190 2553/3718/5191 2548/3720/5192
f 2548/3720/5192 2553/3718/5191 2549/3719/5193
f 2551/3722/5194 2550/3723/5195 2546/3721/5196
f 2546/3721/5196 2550/3723/5195 2547/3724/5197
f 2544/3725/5198 2535/3710/5182 2545/3726/5199
f 2545/3726/5199 2535/3710/5182 2526/3709/5183
f 2534/3711/5184 2551/3722/5194 2539/3712/5185
f 2539/3712/5185 2551/3722/5194 2546/3721/5196
f 2544/3725/5198 2551/3722/5194 2535/3710/5182
f 2535/3710/5182 2551/3722/5194 2534/3711/5184
f 2547/3724/5197 2550/3723/5195 2552/3717/5190
f 2552/3717/5190 2550/3723/5195 2553/3718/5191
f 2546/3721/5196 2554/3727/5200 2539/3712/5185
f 2539/3712/5185 2554/3727/5200 2527/3713/5186
f 2548/3720/5192 2549/3719/5193 2542/3729/5201
f 2542/3729/5201 2549/3719/5193 2543/3728/5202
s 53
f 2489/3730/5137 2555/3731/5203 2490/3732/5138
f 2490/3732/5138 2555/3731/5203 2557/3733/5204
f 2491/3734/5141 2490/3732/5138 2557/3733/5204
f 2491/3734/5141 2557/3733/5204 2558/3735/5205
f 2491/3734/5141 2558/3735/5205 2492/3736/5143
f 2557/3733/5204 2555/3731/5203 2559/3737/5206
f 2559/3737/5206 2555/3731/5203 2556/3738/5207
f 2558/3735/5205 2557/3733/5204 2560/3739/5208
f 2560/3739/5208 2557/3733/5204 2559/3737/5206
f 2492/3736/5143 2558/3735/5205 2561/3740/5209
f 2561/3740/5209 2558/3735/5205 2560/3739/5208
f 2559/3737/5206 2556/3738/5207 2562/3741/5210
f 2563/3742/5211 2561/3740/5209 2560/3739/5208
f 2564/3743/5212 2563/3742/5211 2560/3739/5208
f 2564/3743/5212 2560/3739/5208 2565/3744/5213
f 2565/3744/5213 2560/3739/5208 2566/3745/5214
f 2566/3745/5214 2560/3739/5208 2559/3737/5206
f 2564/3743/5212 2565/3744/5213 2568/3747/5215
f 2568/3747/5215 2565/3744/5213 2567/3746/5216
f 2567/3746/5216 2565/3744/5213 2569/3748/5217
f 2569/3748/5217 2565/3744/5213 2566/3745/5214
f 2566/3745/5214 2559/3737/5206 2562/3741/5210
f 2569/3748/5217 2566/3745/5214 2570/3749/5218
f 2570/3749/5218 2566/3745/5214 2562/3741/5210
f 2509/3750/5157 2510/3751/5159 2571/3752/5219
f 2510/3751/5159 2573/3753/5220 2571/3752/5219
f 2511/3754/5161 2573/3753/5220 2510/3751/5159
f 2511/3754/5161 2574/3755/5221 2573/3753/5220
f 2511/3754/5161 2492/3736/5143 2574/3755/5221
f 2573/3753/5220 2575/3756/5222 2571/3752/5219
f 2575/3756/5222 2572/3757/5223 2571/3752/5219
f 2574/3755/5221 2576/3758/5224 2573/3753/5220
f 2576/3758/5224 2575/3756/5222 2573/3753/5220
f 2492/3736/5143 2561/3740/5209 2574/3755/5221
f 2561/3740/5209 2576/3758/5224 2574/3755/5221
f 2575/3756/5222 2577/3759/5225 2572/3757/5223
f 2563/3742/5211 2576/3758/5224 2561/3740/5209
f 2564/3743/5212 2576/3758/5224 2563/3742/5211
f 2564/3743/5212 2578/3760/5226 2576/3758/5224
f 2578/3760/5226 2579/3761/5227 2576/3758/5224
f 2579/3761/5227 2575/3756/5222 2576/3758/5224
f 2579/3761/5227 2577/3759/5225 2575/3756/5222
f 2564/3743/5212 2568/3747/5215 2578/3760/5226
f 2578/3760/5226 2568/3747/5215 2580/3762/5228
f 2580/3762/5228 2581/3763/5229 2578/3760/5226
f 2578/3760/5226 2581/3763/5229 2579/3761/5227
f 2581/3763/5229 2582/3764/5230 2579/3761/5227
f 2579/3761/5227 2582/3764/5230 2577/3759/5225
s 62
f 2555/3766/5231 2570/3767/5232 2556/3765/5233
f 2556/3765/5233 2570/3767/5232 2562/3768/5234
f 2493/3769/5235 2494/3770/5236 2508/3772/5237
f 2508/3772/5237 2494/3770/5236 2500/3771/5238
s 64
f 2512/3774/5239 2523/3775/5240 2513/3773/5241
f 2513/3773/5241 2523/3775/5240 2518/3776/5242
f 2571/3777/5243 2572/3778/5244 2582/3780/5245
f 2582/3780/5245 2572/3778/5244 2577/3779/5246
s 62
f 2489/3781/5247 2493/3769/5235 2583/3782/5248
f 2583/3782/5248 2493/3769/5235 2508/3772/5237
f 2489/3781/5247 2583/3782/5248 2555/3766/5231
f 2555/3766/5231 2583/3782/5248 2570/3767/5232
s 64
f 2509/3783/5249 2571/3777/5243 2584/3784/5250
f 2584/3784/5250 2571/3777/5243 2582/3780/5245
f 2509/3783/5249 2584/3784/5250 2512/3774/5239
f 2512/3774/5239 2584/3784/5250 2523/3775/5240
s 53
f 2505/3785/5154 2506/3786/5153 2585/3788/5251
f 2585/3788/5251 2506/3786/5153 2586/3787/5252
f 2507/3789/5155 2505/3785/5154 2587/3790/5253
f 2587/3790/5253 2505/3785/5154 2585/3788/5251
f 2508/3772/5156 2507/3789/5155 2583/3782/5254
f 2583/3782/5254 2507/3789/5155 2587/3790/5253
f 2568/3791/5215 2567/3792/5216 2586/3787/5252
f 2586/3787/5252 2567/3792/5216 2585/3788/5251
f 2567/3792/5216 2569/3793/5217 2585/3788/5251
f 2585/3788/5251 2569/3793/5217 2587/3790/5253
f 2569/3793/5217 2570/3767/5218 2587/3790/5253
f 2587/3790/5253 2570/3767/5218 2583/3782/5254
f 2580/3794/5228 2568/3791/5215 2588/3795/5255
f 2588/3795/5255 2568/3791/5215 2586/3787/5252
f 2581/3796/5229 2580/3794/5228 2589/3797/5256
f 2589/3797/5256 2580/3794/5228 2588/3795/5255
f 2582/3780/5230 2581/3796/5229 2584/3784/5257
f 2584/3784/5257 2581/3796/5229 2589/3797/5256
f 2506/3786/5153 2521/3798/5169 2586/3787/5252
f 2586/3787/5252 2521/3798/5169 2588/3795/5255
f 2521/3798/5169 2522/3799/5170 2588/3795/5255
f 2588/3795/5255 2522/3799/5170 2589/3797/5256
f 2522/3799/5170 2523/3775/5171 2589/3797/5256
f 2589/3797/5256 2523/3775/5171 2584/3784/5257
s 66
f 2524/3800/5258 2606/3801/5259 2525/3803/5260
f 2525/3803/5260 2606/3801/5259 2607/3802/5261
f 2525/3803/5260 2607/3802/5261 2526/3805/5262
f 2526/3805/5262 2607/3802/5261 2608/3804/5263
s 67
f 2527/3806/5264 2609/3807/5265 2538/3809/5266
f 2538/3809/5266 2609/3807/5265 2610/3808/5267
s 55
f 2611/3811/5268 2612/3812/5269 2528/3810/5178
f 2528/3810/5178 2612/3812/5269 2529/3813/5176
f 2529/3813/5176 2612/3812/5269 2536/3815/5270
f 2536/3815/5270 2612/3812/5269 2613/3814/5271
s 66
f 2541/3817/5272 2614/3818/5273 2531/3816/5274
f 2531/3816/5274 2614/3818/5273 2537/3819/5275
f 2532/3820/5276 2615/3821/5277 2533/3823/5278
f 2533/3823/5278 2615/3821/5277 2616/3822/5279
f 2533/3823/5278 2616/3822/5279 2524/3800/5258
f 2524/3800/5258 2616/3822/5279 2606/3801/5259
s 55
f 2536/3815/5270 2613/3814/5271 2530/3825/5280
f 2530/3825/5280 2613/3814/5271 2540/3824/5281
s 66
f 2537/3819/5275 2614/3818/5273 2532/3820/5276
f 2532/3820/5276 2614/3818/5273 2615/3821/5277
s 67
f 2538/3809/5266 2610/3808/5267 2528/3810/5282
f 2528/3810/5282 2610/3808/5267 2611/3811/5283
s 55
f 2602/3826/5284 2603/3827/5285 2596/3829/5286
f 2596/3829/5286 2603/3827/5285 2597/3828/5287
f 2599/3831/5288 2598/3832/5289 2594/3830/5290
f 2594/3830/5290 2598/3832/5289 2595/3833/5291
f 2590/3834/5292 2601/3835/5293 2591/3837/5294
f 2591/3837/5294 2601/3835/5293 2592/3836/5295
f 2600/3838/5296 2599/3831/5288 2605/3839/5297
f 2605/3839/5297 2599/3831/5288 2594/3830/5290
f 2590/3834/5292 2599/3831/5288 2601/3835/5293
f 2601/3835/5293 2599/3831/5288 2600/3838/5296
f 2595/3833/5291 2598/3832/5289 2602/3826/5284
f 2602/3826/5284 2598/3832/5289 2603/3827/5285
f 2594/3830/5290 2604/3840/5298 2605/3839/5297
f 2605/3839/5297 2604/3840/5298 2593/3841/5299
f 2596/3829/5286 2597/3828/5287 2540/3843/5188
f 2540/3843/5188 2597/3828/5287 2541/3842/5189
s 66
f 2590/3844/5300 2591/3845/5301 2606/3801/5259
f 2606/3801/5259 2591/3845/5301 2607/3802/5261
f 2591/3845/5301 2592/3846/5302 2607/3802/5261
f 2607/3802/5261 2592/3846/5302 2608/3804/5263
s 67
f 2593/3847/5303 2604/3848/5304 2609/3807/5265
f 2609/3807/5265 2604/3848/5304 2610/3808/5267
s 55
f 2595/3850/5291 2612/3812/5269 2594/3849/5290
f 2594/3849/5290 2612/3812/5269 2611/3811/5268
f 2595/3850/5291 2602/3851/5305 2612/3812/5269
f 2612/3812/5269 2602/3851/5305 2613/3814/5271
s 66
f 2603/3853/5306 2614/3818/5273 2597/3852/5307
f 2597/3852/5307 2614/3818/5273 2541/3817/5272
f 2598/3854/5308 2599/3855/5309 2615/3821/5277
f 2615/3821/5277 2599/3855/5309 2616/3822/5279
f 2599/3855/5309 2590/3844/5300 2616/3822/5279
f 2616/3822/5279 2590/3844/5300 2606/3801/5259
s 55
f 2602/3851/5305 2596/3856/5310 2613/3814/5271
f 2613/3814/5271 2596/3856/5310 2540/3824/5281
s 66
f 2603/3853/5306 2598/3854/5308 2614/3818/5273
f 2614/3818/5273 2598/3854/5308 2615/3821/5277
s 67
f 2604/3848/5304 2594/3849/5311 2610/3808/5267
f 2610/3808/5267 2594/3849/5311 2611/3811/5283
s 55
f 2625/3857/5312 2621/3858/5313 2626/3860/5314
f 2626/3860/5314 2621/3858/5313 2622/3859/5315
f 2620/3862/5316 2623/3863/5317 2619/3861/5318
f 2619/3861/5318 2623/3863/5317 2624/3864/5319
f 2617/3865/5320 2618/3866/5321 2601/3835/5293
f 2601/3835/5293 2618/3866/5321 2592/3836/5295
f 2600/3838/5296 2605/3839/5297 2624/3864/5319
f 2624/3864/5319 2605/3839/5297 2619/3861/5318
f 2617/3865/5320 2601/3835/5293 2624/3864/5319
f 2624/3864/5319 2601/3835/5293 2600/3838/5296
f 2620/3862/5316 2625/3857/5312 2623/3863/5317
f 2623/3863/5317 2625/3857/5312 2626/3860/5314
f 2593/3841/5299 2627/3867/5322 2605/3839/5297
f 2605/3839/5297 2627/3867/5322 2619/3861/5318
f 2621/3858/5313 2542/3868/5201 2622/3859/5315
f 2622/3859/5315 2542/3868/5201 2543/3869/5202
s 66
f 2617/3870/5323 2628/3871/5324 2618/3873/5325
f 2618/3873/5325 2628/3871/5324 2629/3872/5326
f 2618/3873/5325 2629/3872/5326 2592/3846/5302
f 2592/3846/5302 2629/3872/5326 2608/3804/5263
s 67
f 2593/3847/5303 2609/3807/5265 2627/3875/5327
f 2627/3875/5327 2609/3807/5265 2630/3874/5328
s 55
f 2631/3877/5329 2632/3878/5330 2619/3876/5318
f 2619/3876/5318 2632/3878/5330 2620/3879/5316
f 2620/3879/5316 2632/3878/5330 2625/3881/5331
f 2625/3881/5331 2632/3878/5330 2633/3880/5332
s 66
f 2543/3883/5333 2634/3884/5334 2622/3882/5335
f 2622/3882/5335 2634/3884/5334 2626/3885/5336
f 2623/3886/5337 2635/3887/5338 2624/3889/5339
f 2624/3889/5339 2635/3887/5338 2636/3888/5340
f 2624/3889/5339 2636/3888/5340 2617/3870/5323
f 2617/3870/5323 2636/3888/5340 2628/3871/5324
s 55
f 2625/3881/5331 2633/3880/5332 2621/3891/5341
f 2621/3891/5341 2633/3880/5332 2542/3890/5342
s 66
f 2626/3885/5336 2634/3884/5334 2623/3886/5337
f 2623/3886/5337 2634/3884/5334 2635/3887/5338
s 67
f 2627/3875/5327 2630/3874/5328 2619/3876/5343
f 2619/3876/5343 2630/3874/5328 2631/3877/5344
s 66
f 2544/3892/5345 2545/3893/5346 2628/3871/5324
f 2628/3871/5324 2545/3893/5346 2629/3872/5326
f 2545/3893/5346 2526/3805/5262 2629/3872/5326
f 2629/3872/5326 2526/3805/5262 2608/3804/5263
s 67
f 2527/3806/5264 2554/3894/5347 2609/3807/5265
f 2609/3807/5265 2554/3894/5347 2630/3874/5328
s 55
f 2547/3896/5197 2632/3878/5330 2546/3895/5196
f 2546/3895/5196 2632/3878/5330 2631/3877/5329
f 2547/3896/5197 2552/3897/5348 2632/3878/5330
f 2632/3878/5330 2552/3897/5348 2633/3880/5332
s 66
f 2553/3899/5349 2634/3884/5334 2549/3898/5350
f 2549/3898/5350 2634/3884/5334 2543/3883/5333
f 2550/3900/5351 2551/3901/5352 2635/3887/5338
f 2635/3887/5338 2551/3901/5352 2636/3888/5340
f 2551/3901/5352 2544/3892/5345 2636/3888/5340
f 2636/3888/5340 2544/3892/5345 2628/3871/5324
s 55
f 2552/3897/5348 2548/3902/5353 2633/3880/5332
f 2633/3880/5332 2548/3902/5353 2542/3890/5342
s 66
f 2553/3899/5349 2550/3900/5351 2634/3884/5334
f 2634/3884/5334 2550/3900/5351 2635/3887/5338
s 67
f 2554/3894/5347 2546/3895/5354 2630/3874/5328
f 2630/3874/5328 2546/3895/5354 2631/3877/5344
g default
v -287.186453 -8.643568 -0.000000
v -287.181872 -27.265780 0.000000
v -233.472260 -19.228460 0.000000
v -191.874836 -14.320419 0.000000
v -148.885215 -10.873797 0.000000
v -99.845957 -8.669714 0.000000
v -41.327527 -5.564783 0.000000
v -42.427248 15.161294 -0.000000
v -101.253298 12.040037 0.000000
v -149.597864 8.245919 0.000000
v -193.918200 4.569356 0.000000
v -236.644937 -0.923189 0.000000
v -287.170305 -27.265343 -2.166854
v -287.805917 -24.778657 -4.717664
v -233.761575 -16.666511 -4.749245
v -233.473738 -19.217372 -2.180072
v -192.171244 -11.760485 -4.749278
v -191.875945 -14.309270 -2.178826
v -149.027035 -8.296788 -4.749274
v -148.885909 -10.862615 -2.180111
v -100.025161 -6.095624 -4.749010
v -99.846504 -8.658628 -2.179681
v -41.328117 -5.553679 -2.179908
v -41.464242 -2.988138 -4.749061
v -42.426659 15.150185 -2.179910
v -42.290533 12.584639 -4.749061
v -101.083999 9.465504 -4.748900
v -101.252568 12.029003 -2.179746
v -149.505851 5.666772 -4.749023
v -149.596968 8.234852 -2.179205
v -193.701122 2.001173 -4.748763
v -193.917040 4.558416 -2.179595
v -236.336544 -3.481648 -4.748896
v -236.643384 -0.934128 -2.179721
v -287.174315 -8.645294 -2.168582
v -289.793747 -11.638103 -4.707870
v -289.831047 -11.641176 -0.000000
v -287.864123 -24.749480 -0.000000
v -287.170305 -27.265343 2.166854
v -287.805917 -24.778657 4.717664
v -233.761575 -16.666511 4.749245
v -233.473738 -19.217372 2.180072
v -192.171244 -11.760485 4.749278
v -191.875945 -14.309270 2.178826
v -149.027035 -8.296788 4.749274
v -148.885909 -10.862615 2.180111
v -100.025161 -6.095624 4.749010
v -99.846504 -8.658628 2.179681
v -41.328117 -5.553679 2.179908
v -41.464242 -2.988138 4.749061
v -42.426659 15.150185 2.179910
v -42.290533 12.584639 4.749061
v -101.083999 9.465504 4.748900
v -101.252568 12.029003 2.179746
v -149.505851 5.666772 4.749023
v -149.596968 8.234852 2.179205
v -193.701122 2.001173 4.748763
v -193.917040 4.558416 2.179595
v -236.336544 -3.481648 4.748896
v -236.643384 -0.934128 2.179721
v -287.174315 -8.645294 2.168582
v -289.793747 -11.638103 4.707870
v -117.492338 -11.146523 -2.159161
v -117.652508 -8.544636 -5.537952
v -126.825402 -11.606871 0.000000
v -126.825620 -11.599552 -2.169553
v -127.209399 -4.277209 -5.523086
v -159.080212 -13.242613 -0.000000
v -159.080832 -13.235401 -2.169121
v -159.533809 -5.917402 -5.521743
v -166.424239 -13.695720 -2.158346
v -166.634185 -11.102408 -5.536331
v -126.964881 -9.106208 -5.565120
v -159.222158 -10.786406 -5.549420
v -117.492338 -11.146523 2.159161
v -117.652508 -8.544636 5.537952
v -126.825620 -11.599552 2.169553
v -127.209399 -4.277209 5.523086
v -159.080832 -13.235401 2.169121
v -159.533809 -5.917402 5.521743
v -166.424239 -13.695720 2.158346
v -166.634185 -11.102408 5.536331
v -126.964881 -9.106208 5.565120
v -159.222158 -10.786406 5.549420
v -117.632825 -8.476840 0.000000
v -127.202823 -4.241693 -0.000000
v -117.483092 -11.143093 0.000000
v -159.545406 -5.884424 0.000000
v -166.663788 -11.039131 0.000000
v -166.433822 -13.693372 -0.000000
v -152.787182 -10.436603 -5.557865
v -133.401679 -9.426706 -5.567322
v -133.692497 -4.609788 -5.530209
v -153.044271 -5.591539 -5.530276
v -133.694639 -4.567066 -0.000000
v -153.046417 -5.548746 0.000000
v -133.692320 -4.609778 5.530209
v -153.044454 -5.591549 5.530276
v -133.401640 -9.426672 5.567328
v -152.787228 -10.436574 5.557873
v -133.225384 -11.914076 2.168282
v -152.682580 -12.901056 2.167662
v -133.227686 -11.922674 0.000001
v -152.679371 -12.909217 0.000001
v -133.225348 -11.914078 -2.168301
v -152.682616 -12.901054 -2.167681
v -151.057037 -11.867120 -5.544532
v -134.972065 -11.032657 -5.553982
v -134.828036 -13.358492 -2.434923
v -150.941017 -14.167941 -2.434635
v -151.057081 -11.866977 5.549245
v -134.972037 -11.032500 5.558694
v -150.940979 -14.167953 2.434595
v -134.828067 -13.358491 2.434883
v -150.939242 -14.260937 0.000001
v -134.820681 -13.451279 0.000001
v -59.080326 1.486704 5.850690
v -59.224897 3.943166 5.868619
v -41.230811 0.904332 5.892919
v -36.935456 -0.936439 5.294196
v -36.660673 -6.300037 3.590000
v -44.633687 -6.723061 3.590001
v -44.910253 -1.465397 5.313316
v -46.445546 0.531531 5.883127
v -36.771826 -4.153770 5.312465
v -44.750158 -4.577090 5.312466
v -36.648158 -6.299507 0.000004
v -44.646188 -6.723858 0.000004
v -59.080326 1.486704 -5.850683
v -59.224897 3.943166 -5.868612
v -41.230811 0.904332 -5.892911
v -36.935456 -0.936439 -5.294189
v -36.660659 -6.300036 -3.589991
v -44.633687 -6.723061 -3.589992
v -44.910253 -1.465397 -5.313310
v -46.445546 0.531531 -5.883119
v -36.771826 -4.153770 -5.312458
v -44.750158 -4.577090 -5.312460
v -59.100023 1.467445 0.000003
v -59.267664 3.940893 0.000003
v -41.178053 0.964838 0.000003
v -36.912410 -0.918274 0.000003
v -36.721185 -4.113847 0.000003
v -44.804740 -4.542749 0.000003
v -44.961262 -1.466024 0.000003
v -46.479495 0.481689 0.000003
v -59.341081 6.401129 -5.850683
v -41.653413 8.869069 -5.892911
v -37.576965 11.154016 -5.294189
v -37.871288 16.516584 -3.589991
v -45.844315 16.093539 -3.589992
v -45.562960 10.836116 -5.313310
v -46.878318 8.687953 -5.883119
v -37.754713 14.370602 -5.312458
v -45.733044 13.947275 -5.312460
v -37.858801 16.517381 0.000004
v -45.856830 16.093010 0.000004
v -59.341081 6.401129 5.850690
v -41.653413 8.869069 5.892919
v -37.576965 11.154016 5.294196
v -37.871274 16.516585 3.590000
v -45.844315 16.093539 3.590001
v -45.562960 10.836116 5.313316
v -46.878318 8.687953 5.883127
v -37.754713 14.370602 5.312465
v -45.733044 13.947275 5.312466
v -59.362706 6.418197 0.000003
v -41.594549 8.814486 0.000003
v -37.552126 11.138392 0.000003
v -37.700131 14.336261 0.000003
v -45.783686 13.907352 0.000003
v -45.613749 10.831341 0.000003
v -46.917352 8.733922 0.000003
v -41.407457 4.888539 -5.868612
v -41.364691 4.890808 0.000003
v -41.407457 4.888539 5.868619
v -46.622860 4.611815 5.911429
v -46.622860 4.611815 -5.911421
v -54.033934 -7.779478 -2.159161
v -54.194115 -5.177591 -5.537952
v -63.367009 -8.239826 0.000000
v -63.367232 -8.232507 -2.169553
v -63.751016 -0.910164 -5.523086
v -95.621816 -9.875568 -0.000000
v -95.622437 -9.868356 -2.169121
v -96.075426 -2.550358 -5.521743
v -102.965844 -10.328675 -2.158346
v -103.175790 -7.735363 -5.536331
v -63.506488 -5.739163 -5.565120
v -95.763763 -7.419361 -5.549420
v -54.033934 -7.779478 2.159161
v -54.194115 -5.177591 5.537952
v -63.367232 -8.232507 2.169553
v -63.751016 -0.910164 5.523086
v -95.622437 -9.868356 2.169121
v -96.075426 -2.550358 5.521743
v -102.965844 -10.328675 2.158346
v -103.175790 -7.735363 5.536331
v -63.506488 -5.739163 5.565120
v -95.763763 -7.419361 5.549420
v -54.174426 -5.109794 0.000000
v -63.744435 -0.874649 -0.000000
v -54.024699 -7.776048 -0.000000
v -96.087018 -2.517380 0.000000
v -103.205392 -7.672086 0.000000
v -102.975427 -10.326327 -0.000000
v -89.328792 -7.069558 -5.557865
v -69.943282 -6.059661 -5.567322
v -70.234113 -1.242743 -5.530209
v -89.585877 -2.224495 -5.530276
v -70.236255 -1.200022 -0.000000
v -89.588023 -2.181701 0.000000
v -70.233934 -1.242734 5.530209
v -89.586056 -2.224504 5.530276
v -69.943243 -6.059627 5.567328
v -89.328835 -7.069529 5.557873
v -69.766983 -8.547031 2.168282
v -89.224186 -9.534011 2.167662
v -69.769300 -8.555630 0.000001
v -89.220980 -9.542172 0.000001
v -69.766962 -8.547033 -2.168301
v -89.224224 -9.534010 -2.167681
v -87.598646 -8.500075 -5.544532
v -71.513683 -7.665612 -5.553982
v -71.369654 -9.991448 -2.434923
v -87.482631 -10.800897 -2.434635
v -87.598695 -8.499933 5.549245
v -71.513650 -7.665455 5.558694
v -87.482592 -10.800909 2.434595
v -71.369674 -9.991446 2.434883
v -87.480860 -10.893893 0.000001
v -71.362288 -10.084234 0.000001
v -313.968935 -27.775031 -2.318872
v -302.524721 -31.993939 -2.315329
v -270.982353 -26.827372 -2.303036
v -274.505712 -22.542888 -5.878943
v -289.459215 -24.764762 -5.901390
v -299.669965 -23.524910 -5.934659
v -295.202371 -19.084628 -5.855886
v -306.816387 -19.520996 -2.304168
v -300.569550 -19.228157 -5.924447
v -305.360238 -24.978487 -5.932901
v -274.075227 -23.943654 -5.906012
v -298.484762 -27.556601 -5.928182
v -289.173845 -26.198949 -5.928210
v -287.756668 -29.612511 -2.307818
v -313.984522 -27.778507 0.000000
v -302.522666 -32.008485 0.000000
v -287.754566 -29.623246 0.000000
v -306.811748 -19.507783 0.000000
v -270.972156 -26.825278 -0.000000
v -300.556670 -19.143211 -0.000000
v -313.968935 -27.775031 2.318872
v -302.524721 -31.993939 2.315329
v -270.982353 -26.827372 2.303036
v -274.505712 -22.542888 5.878943
v -289.459215 -24.764762 5.901390
v -299.669965 -23.524910 5.934659
v -295.202371 -19.084628 5.855886
v -306.816387 -19.520996 2.304168
v -300.569550 -19.228157 5.924447
v -305.360238 -24.978487 5.932901
v -274.075227 -23.943654 5.906012
v -298.484762 -27.556601 5.928182
v -289.173845 -26.198949 5.928210
v -287.756668 -29.612511 2.307818
v -274.043373 -23.851202 -0.000000
v -274.491020 -22.519413 -0.000000
v -289.459680 -24.716984 -0.000000
v -299.567056 -23.488972 -0.000000
v -295.192247 -19.094429 0.000000
v -295.243274 -19.071305 -5.904096
v -300.652241 -19.337743 -5.884003
v -285.955238 -3.936924 -2.332273
v -288.014373 -9.936004 -2.371419
v -293.634135 -10.407800 -2.317114
v -255.107943 -4.502214 -2.270319
v -269.686656 -1.473899 -2.334983
v -295.243274 -19.071305 5.904096
v -300.652241 -19.337743 5.884003
v -295.230003 -19.122481 -0.000000
v -300.678245 -19.356323 0.000000
v -285.955238 -3.936924 2.332273
v -285.969770 -3.904898 0.000000
v -288.014373 -9.936004 2.371419
v -293.634135 -10.407800 2.317114
v -293.663648 -10.402391 -0.000000
v -287.949946 -9.997899 0.000000
v -255.107168 -4.498489 -0.000000
v -269.685584 -1.436368 0.000000
v -255.107943 -4.502214 2.270319
v -269.686656 -1.473899 2.334983
vt 0.206370 0.014695
vt 0.203604 0.030333
vt 0.153163 0.029568
vt 0.216814 0.029385
vt 0.212280 0.239436
vt 0.198452 0.239309
vt 0.210970 0.402095
vt 0.197205 0.401600
vt 0.210155 0.570248
vt 0.196381 0.570292
vt 0.212365 0.762317
vt 0.198598 0.762185
vt 0.212381 0.991533
vt 0.198610 0.991535
vt 0.138061 0.991535
vt 0.124286 0.991527
vt 0.124302 0.761229
vt 0.138067 0.761377
vt 0.128417 0.571763
vt 0.142196 0.571588
vt 0.129694 0.399257
vt 0.143471 0.399404
vt 0.132252 0.234048
vt 0.146049 0.234591
vt 0.139370 0.037727
vt 0.220616 0.239513
vt 0.217642 0.019649
vt 0.219271 0.402167
vt 0.218461 0.570219
vt 0.220669 0.762273
vt 0.115998 0.761145
vt 0.115981 0.991521
vt 0.120114 0.571640
vt 0.121391 0.399166
vt 0.123952 0.233717
vt 0.131108 0.037165
vt 0.148310 0.014402
vt 0.220687 0.991535
vt 0.134596 0.029943
vt 0.225094 0.029519
vt 0.206370 0.014695
vt 0.203604 0.030333
vt 0.153163 0.029568
vt 0.148310 0.014402
vt 0.216814 0.029385
vt 0.212280 0.239436
vt 0.198452 0.239309
vt 0.210970 0.402095
vt 0.197205 0.401600
vt 0.210155 0.570248
vt 0.196381 0.570292
vt 0.212365 0.762317
vt 0.198598 0.762185
vt 0.212381 0.991533
vt 0.198610 0.991535
vt 0.138061 0.991535
vt 0.124286 0.991527
vt 0.124302 0.761229
vt 0.138067 0.761377
vt 0.128417 0.571763
vt 0.142196 0.571588
vt 0.129694 0.399257
vt 0.143471 0.399404
vt 0.132252 0.234048
vt 0.146049 0.234591
vt 0.139370 0.037727
vt 0.225094 0.029519
vt 0.220616 0.239513
vt 0.219271 0.402167
vt 0.218461 0.570219
vt 0.220669 0.762273
vt 0.220687 0.991535
vt 0.115981 0.991521
vt 0.115998 0.761145
vt 0.120114 0.571640
vt 0.121391 0.399166
vt 0.123952 0.233717
vt 0.131108 0.037165
vt 0.134596 0.029943
vt 0.217642 0.019649
vt 0.351174 0.333313
vt 0.325120 0.333632
vt 0.325411 0.275341
vt 0.351882 0.275122
vt 0.351233 0.011370
vt 0.351663 0.059581
vt 0.325407 0.059661
vt 0.325019 0.011745
vt 0.381262 0.275364
vt 0.381446 0.059359
vt 0.272252 0.333425
vt 0.271407 0.275198
vt 0.297877 0.275354
vt 0.298309 0.333688
vt 0.271800 0.011448
vt 0.298008 0.011790
vt 0.297710 0.059651
vt 0.271456 0.059625
vt 0.242020 0.275492
vt 0.241673 0.059435
vt 0.853551 0.096840
vt 0.853515 0.164846
vt 0.820185 0.164846
vt 0.820185 0.096840
vt 0.833229 0.080487
vt 0.820185 0.080487
vt 0.853515 0.377022
vt 0.853550 0.433996
vt 0.820185 0.433996
vt 0.820185 0.377022
vt 0.833226 0.450346
vt 0.820185 0.450346
vt 0.786855 0.164846
vt 0.786820 0.096840
vt 0.807141 0.080487
vt 0.786819 0.433996
vt 0.786855 0.377022
vt 0.807143 0.450346
vt 0.346469 0.114695
vt 0.346559 0.220210
vt 0.325039 0.219546
vt 0.325141 0.115410
vt 0.354937 0.232279
vt 0.354717 0.102639
vt 0.383735 0.102216
vt 0.383863 0.232313
vt 0.853515 0.207310
vt 0.853515 0.334558
vt 0.820185 0.334558
vt 0.820185 0.207310
vt 0.786855 0.334559
vt 0.786855 0.207309
vt 0.239349 0.232389
vt 0.239423 0.102273
vt 0.268438 0.102701
vt 0.268276 0.232342
vt 0.276549 0.220241
vt 0.276784 0.114735
vt 0.298125 0.115428
vt 0.298094 0.219557
vt 0.311600 0.115066
vt 0.311600 0.219894
vt 0.311645 0.275345
vt 0.311600 0.233575
vt 0.326295 0.233262
vt 0.296903 0.233267
vt 0.296950 0.101611
vt 0.311607 0.101347
vt 0.311548 0.059623
vt 0.326233 0.101581
vt 0.311712 0.333647
vt 0.311515 0.011782
vt 0.738862 0.562416
vt 0.776723 0.562415
vt 0.776723 0.645301
vt 0.738862 0.645301
vt 0.738862 0.546770
vt 0.776723 0.546770
vt 0.607051 0.705904
vt 0.607051 0.668044
vt 0.637672 0.668044
vt 0.637672 0.702235
vt 0.658192 0.668044
vt 0.658192 0.702235
vt 0.762111 0.696395
vt 0.738862 0.696395
vt 0.738862 0.682715
vt 0.773053 0.682715
vt 0.773053 0.662195
vt 0.738862 0.662195
vt 0.671872 0.668044
vt 0.671872 0.691294
vt 0.407168 0.632398
vt 0.407168 0.581158
vt 0.424685 0.581158
vt 0.424686 0.632398
vt 0.372336 0.605080
vt 0.372336 0.571461
vt 0.386648 0.581158
vt 0.386648 0.632398
vt 0.447935 0.581158
vt 0.447935 0.632398
vt 0.701001 0.562416
vt 0.701001 0.546770
vt 0.607051 0.630183
vt 0.637672 0.633853
vt 0.658192 0.633853
vt 0.715612 0.696395
vt 0.704671 0.682715
vt 0.704671 0.662195
vt 0.701001 0.645301
vt 0.671872 0.644794
vt 0.284878 0.632398
vt 0.267361 0.632398
vt 0.267361 0.581158
vt 0.284878 0.581158
vt 0.319710 0.605080
vt 0.305398 0.632398
vt 0.305398 0.581158
vt 0.319710 0.571461
vt 0.244111 0.632398
vt 0.244111 0.581158
vt 0.738862 0.531125
vt 0.701001 0.531125
vt 0.701001 0.448240
vt 0.738862 0.448240
vt 0.554425 0.630183
vt 0.554425 0.668044
vt 0.523804 0.668044
vt 0.523804 0.633853
vt 0.503284 0.668044
vt 0.503284 0.633853
vt 0.715612 0.397146
vt 0.738862 0.397146
vt 0.738862 0.410826
vt 0.704671 0.410826
vt 0.704671 0.431346
vt 0.738862 0.431346
vt 0.489604 0.668044
vt 0.489604 0.644794
vt 0.776723 0.531125
vt 0.554425 0.705905
vt 0.523804 0.702235
vt 0.503284 0.702235
vt 0.762112 0.397146
vt 0.773053 0.410826
vt 0.773053 0.431346
vt 0.776723 0.448240
vt 0.489604 0.691294
vt 0.346023 0.605080
vt 0.346023 0.571461
vt 0.580738 0.668044
vt 0.580738 0.630183
vt 0.580738 0.705905
vt 0.330378 0.489264
vt 0.346023 0.489264
vt 0.361668 0.489264
vt 0.407168 0.632398
vt 0.424686 0.632398
vt 0.424685 0.581158
vt 0.407168 0.581158
vt 0.372336 0.605080
vt 0.386648 0.632398
vt 0.386648 0.581158
vt 0.372336 0.571461
vt 0.447935 0.632398
vt 0.447935 0.581158
vt 0.284878 0.632398
vt 0.284878 0.581158
vt 0.267361 0.581158
vt 0.267361 0.632398
vt 0.319710 0.605080
vt 0.319710 0.571461
vt 0.305398 0.581158
vt 0.305398 0.632398
vt 0.244111 0.581158
vt 0.244111 0.632398
vt 0.346023 0.571461
vt 0.346023 0.605080
vt 0.346023 0.489264
vt 0.330378 0.489264
vt 0.361668 0.489264
vt 0.351174 0.333313
vt 0.325120 0.333632
vt 0.325411 0.275341
vt 0.351882 0.275122
vt 0.351233 0.011370
vt 0.351663 0.059581
vt 0.325407 0.059661
vt 0.325019 0.011745
vt 0.381262 0.275364
vt 0.381446 0.059359
vt 0.272252 0.333425
vt 0.271407 0.275198
vt 0.297877 0.275354
vt 0.298309 0.333688
vt 0.271800 0.011448
vt 0.298008 0.011790
vt 0.297710 0.059651
vt 0.271456 0.059625
vt 0.242020 0.275492
vt 0.241673 0.059435
vt 0.853551 0.096840
vt 0.853515 0.164846
vt 0.820185 0.164846
vt 0.820185 0.096840
vt 0.833229 0.080487
vt 0.820185 0.080487
vt 0.853515 0.377022
vt 0.853550 0.433996
vt 0.820185 0.433996
vt 0.820185 0.377022
vt 0.833226 0.450346
vt 0.820185 0.450346
vt 0.786855 0.164846
vt 0.786820 0.096840
vt 0.807141 0.080487
vt 0.786819 0.433996
vt 0.786855 0.377022
vt 0.807143 0.450346
vt 0.346469 0.114695
vt 0.346559 0.220210
vt 0.325039 0.219546
vt 0.325141 0.115410
vt 0.354937 0.232279
vt 0.354717 0.102639
vt 0.383735 0.102216
vt 0.383863 0.232313
vt 0.853515 0.207310
vt 0.853515 0.334558
vt 0.820185 0.334558
vt 0.820185 0.207310
vt 0.786855 0.334559
vt 0.786855 0.207309
vt 0.239349 0.232389
vt 0.239423 0.102273
vt 0.268438 0.102701
vt 0.268276 0.232342
vt 0.276549 0.220241
vt 0.276784 0.114735
vt 0.298125 0.115428
vt 0.298094 0.219557
vt 0.311600 0.115066
vt 0.311600 0.219894
vt 0.311645 0.275345
vt 0.311600 0.233575
vt 0.326295 0.233262
vt 0.296903 0.233267
vt 0.296950 0.101611
vt 0.311607 0.101347
vt 0.311548 0.059623
vt 0.326233 0.101581
vt 0.311712 0.333647
vt 0.311515 0.011782
vt 0.424544 0.096548
vt 0.416514 0.130453
vt 0.453097 0.109129
vt 0.465117 0.074246
vt 0.472350 0.179141
vt 0.474317 0.278574
vt 0.483219 0.279859
vt 0.481160 0.179660
vt 0.493350 0.023385
vt 0.431058 0.046176
vt 0.515684 0.296672
vt 0.514659 0.185341
vt 0.481160 0.117590
vt 0.516829 0.089458
vt 0.531647 0.086235
vt 0.499222 0.011370
vt 0.529804 0.185180
vt 0.428358 0.031124
vt 0.530701 0.296534
vt 0.419471 0.036905
vt 0.394135 0.070031
vt 0.424544 0.096548
vt 0.465117 0.074246
vt 0.453097 0.109129
vt 0.416514 0.130453
vt 0.472350 0.179141
vt 0.481160 0.179660
vt 0.483219 0.279859
vt 0.474317 0.278574
vt 0.493350 0.023385
vt 0.431058 0.046176
vt 0.514659 0.185341
vt 0.515684 0.296672
vt 0.481160 0.117590
vt 0.516829 0.089458
vt 0.499222 0.011370
vt 0.531647 0.086235
vt 0.529804 0.185180
vt 0.428358 0.031124
vt 0.530701 0.296534
vt 0.920295 0.670302
vt 0.897042 0.697799
vt 0.882250 0.697799
vt 0.882250 0.670302
vt 0.920295 0.563615
vt 0.920295 0.661439
vt 0.882250 0.661438
vt 0.882250 0.563615
vt 0.920295 0.496351
vt 0.882250 0.496351
vt 0.920295 0.455127
vt 0.882250 0.455127
vt 0.394135 0.070031
vt 0.419471 0.036905
vt 0.867459 0.697799
vt 0.844205 0.670302
vt 0.844205 0.661439
vt 0.844205 0.563615
vt 0.844205 0.496351
vt 0.844205 0.455127
vt 0.814476 0.011347
vt 0.759346 0.064741
vt 0.760875 0.100489
vt 0.817581 0.045345
vt 0.724868 0.119748
vt 0.724868 0.225718
vt 0.759074 0.316153
vt 0.715717 0.121083
vt 0.677672 0.121083
vt 0.677673 0.086943
vt 0.715718 0.086943
vt 0.639628 0.086943
vt 0.639628 0.121083
vt 0.814476 0.011347
vt 0.817581 0.045345
vt 0.760875 0.100489
vt 0.759346 0.064741
vt 0.677673 0.011371
vt 0.692364 0.011371
vt 0.692364 0.194191
vt 0.677672 0.194191
vt 0.662981 0.194191
vt 0.662981 0.011371
vt 0.724868 0.119748
vt 0.692364 0.259111
vt 0.677672 0.259111
vt 0.662981 0.259111
vt 0.677672 0.461770
vt 0.662981 0.461770
vt 0.662981 0.365082
vt 0.677672 0.365082
vt 0.692364 0.461770
vt 0.692364 0.365082
vt 0.759074 0.316153
vt 0.724868 0.225718
vn 0.987149 0.159409 0.011191
vn 0.103226 -0.092553 0.990342
vn 0.986554 0.163436 -0.000000
vn 0.999905 -0.013770 0.000000
vn -0.022070 0.151747 0.988173
vn -0.129469 0.865580 0.483745
vn -0.020564 0.153522 0.987931
vn -0.118299 0.870137 0.478400
vn -0.014979 0.151391 0.988360
vn -0.086254 0.873781 0.478610
vn -0.009182 0.149712 0.988687
vn -0.053827 0.876327 0.478700
vn -0.006976 0.141427 0.989924
vn -0.043344 0.877705 0.477238
vn -0.007415 0.139770 0.990156
vn -0.046555 0.877447 0.477408
vn 0.007442 -0.140241 0.990089
vn 0.046557 -0.877496 0.477318
vn 0.009122 -0.141344 0.989919
vn 0.056618 -0.877388 0.476430
vn 0.070586 -0.875937 0.477234
vn 0.012199 -0.151270 0.988417
vn 0.092093 -0.875150 0.475007
vn 0.016891 -0.159989 0.986974
vn 0.123361 -0.870925 0.475680
vn 0.022141 -0.154013 0.987821
vn 0.159656 -0.835554 0.525699
vn -0.134714 0.990884 -0.000000
vn -0.147996 0.988988 0.000000
vn -0.098292 0.995158 0.000000
vn -0.061286 0.998120 0.000000
vn -0.049299 0.998784 -0.000000
vn -0.052985 0.998595 -0.000000
vn 0.064392 -0.997925 0.000000
vn 0.052985 -0.998595 0.000000
vn 0.080360 -0.996766 -0.000000
vn 0.104754 -0.994498 -0.000000
vn 0.140266 -0.990114 -0.000000
vn 0.197657 -0.980271 -0.000000
vn 0.965980 0.258452 0.009219
vn 0.965153 0.261685 -0.000000
vn 0.103226 -0.092553 -0.990342
vn 0.987149 0.159409 -0.011191
vn -0.022070 0.151747 -0.988173
vn -0.020564 0.153522 -0.987931
vn -0.129469 0.865580 -0.483745
vn -0.118299 0.870137 -0.478400
vn -0.014979 0.151391 -0.988360
vn -0.086254 0.873781 -0.478610
vn -0.009182 0.149712 -0.988687
vn -0.053827 0.876327 -0.478699
vn -0.006976 0.141427 -0.989924
vn -0.043344 0.877705 -0.477238
vn -0.007415 0.139770 -0.990156
vn -0.046555 0.877447 -0.477408
vn 0.007442 -0.140241 -0.990089
vn 0.009122 -0.141344 -0.989919
vn 0.046557 -0.877496 -0.477318
vn 0.056618 -0.877388 -0.476430
vn 0.012199 -0.151270 -0.988417
vn 0.070586 -0.875937 -0.477234
vn 0.016891 -0.159989 -0.986974
vn 0.092093 -0.875150 -0.475007
vn 0.022141 -0.154013 -0.987821
vn 0.123361 -0.870925 -0.475680
vn 0.159656 -0.835554 -0.525699
vn 0.965980 0.258452 -0.009219
vn -0.024885 0.416075 0.908990
vn -0.047750 0.909439 0.413087
vn -0.034600 0.638688 0.768688
vn -0.044709 0.904458 0.424213
vn -0.024291 0.602792 0.797528
vn -0.048208 0.906552 0.419331
vn -0.021400 0.414316 0.909881
vn -0.052471 0.912503 0.405692
vn -0.001316 -0.008568 0.999962
vn 0.001768 -0.005571 0.999983
vn -0.044709 0.904458 -0.424213
vn -0.047749 0.909439 -0.413087
vn -0.034600 0.638688 -0.768688
vn -0.024885 0.416077 -0.908989
vn -0.024291 0.602792 -0.797528
vn -0.021401 0.414319 -0.909880
vn -0.048208 0.906552 -0.419331
vn -0.052494 0.912503 -0.405688
vn -0.001316 -0.008569 -0.999962
vn 0.001768 -0.005571 -0.999983
vn -0.489133 -0.872121 0.012415
vn -0.538929 -0.842351 0.000000
vn -0.237055 -0.971463 0.008004
vn -0.236514 -0.971628 0.000000
vn -0.998427 -0.056070 0.000000
vn -0.998423 -0.055983 0.004258
vn 0.373938 -0.927454 0.000000
vn 0.714761 -0.699368 0.000000
vn 0.374623 -0.927143 0.008015
vn 0.669173 -0.743009 0.012070
vn 0.996259 0.086309 0.004339
vn 0.996268 0.086317 0.000000
vn -0.237056 -0.971463 -0.008004
vn -0.489133 -0.872121 -0.012415
vn -0.998423 -0.055983 -0.004258
vn 0.669172 -0.743009 -0.012070
vn 0.374624 -0.927142 -0.008015
vn 0.996259 0.086309 -0.004339
vn 0.032838 0.552781 0.832679
vn 0.019984 0.918595 0.394695
vn -0.093816 0.578576 0.810215
vn -0.112905 0.910767 0.397185
vn -0.031897 0.157228 0.987047
vn 0.000422 -0.007444 0.999972
vn 0.015527 0.158780 0.987192
vn 0.000617 -0.005659 0.999984
vn 0.050805 -0.998679 0.007735
vn 0.050674 -0.998715 0.000001
vn 0.050536 -0.998692 0.007746
vn 0.050698 -0.998714 0.000001
vn 0.050803 -0.998679 -0.007736
vn 0.050538 -0.998692 -0.007748
vn -0.031563 0.155044 -0.987403
vn 0.015837 0.160551 -0.986901
vn 0.000422 -0.007445 -0.999972
vn 0.000617 -0.005660 -0.999984
vn -0.112929 0.910860 -0.396966
vn 0.019981 0.918722 -0.394399
vn -0.088449 0.545156 -0.833655
vn 0.035001 0.586240 -0.809381
vn -0.123841 0.992302 0.000006
vn 0.023274 0.999729 -0.000002
vn -0.223827 0.885862 0.406387
vn -0.048839 0.998807 -0.000000
vn -0.225193 0.974314 -0.000002
vn -0.223980 0.885848 -0.406333
vn 0.132424 0.906177 -0.401631
vn 0.124494 0.992220 -0.000042
vn -0.057547 0.998343 -0.000024
vn 0.132253 0.906147 0.401756
vn -0.049582 0.998770 0.000000
vn -0.061183 0.998127 0.000000
vn 0.077870 0.996964 0.000000
vn 0.194708 0.980861 0.000000
vn 0.077184 0.997004 0.005028
vn 0.187847 0.982153 0.009405
vn 0.998569 0.052983 0.007298
vn 0.998595 0.052985 -0.000000
vn 0.998115 0.061049 0.006352
vn 0.997711 0.067621 -0.000000
vn -0.808189 -0.588774 0.013280
vn -0.725093 -0.688569 0.010595
vn -0.804075 -0.594528 0.000000
vn -0.751551 -0.659675 0.000000
vn -0.998755 -0.048886 0.009892
vn -0.998742 -0.050151 0.000000
vn 0.998468 0.054438 0.009908
vn 0.998373 0.057017 -0.000000
vn 0.997915 0.063957 0.008705
vn 0.997368 0.072502 -0.000000
vn 0.937980 0.346546 0.010007
vn 0.948493 0.316798 -0.000000
vn -0.999082 -0.041953 0.008706
vn -0.999442 -0.033393 -0.000002
vn -0.017128 0.303623 -0.952638
vn -0.049120 0.925799 -0.374810
vn -0.016481 0.310625 -0.950390
vn -0.049133 0.926050 -0.374188
vn -0.005209 0.042415 -0.999086
vn -0.007732 0.108352 -0.994083
vn -0.012861 0.151008 -0.988449
vn 0.000702 0.031653 -0.999499
vn -0.052982 0.998595 0.000000
vn -0.052982 0.998595 0.000000
vn 0.998115 0.061049 -0.006352
vn 0.998569 0.052983 -0.007298
vn -0.808189 -0.588773 -0.013280
vn -0.725093 -0.688569 -0.010594
vn -0.998756 -0.048884 -0.009890
vn 0.997915 0.063957 -0.008705
vn 0.998468 0.054438 -0.009907
vn 0.937980 0.346546 -0.010007
vn 0.187848 0.982153 -0.009405
vn 0.077184 0.997004 -0.005027
vn -0.999082 -0.041948 -0.008702
vn 0.015098 -0.303731 -0.952638
vn 0.016481 -0.310624 -0.950390
vn 0.049122 -0.925799 -0.374810
vn 0.049136 -0.926049 -0.374191
vn 0.004047 -0.031401 -0.999499
vn 0.003777 -0.108562 -0.994082
vn 0.003191 -0.151522 -0.988449
vn -0.000691 -0.042728 -0.999086
vn 0.052985 -0.998595 -0.000000
vn 0.052985 -0.998595 0.000000
vn 0.182932 -0.983126 0.000000
vn 0.297408 -0.954750 -0.000000
vn 0.182254 -0.983239 -0.005028
vn 0.290724 -0.956761 -0.009405
vn 0.998971 0.044915 -0.006352
vn 0.999265 0.038337 -0.000000
vn -0.865954 0.499947 -0.013281
vn -0.793885 0.607976 -0.010594
vn -0.862472 0.506104 -0.000000
vn -0.817138 0.576443 -0.000000
vn -0.998321 -0.057076 -0.009888
vn -0.998441 -0.055817 0.000001
vn 0.998623 0.051526 -0.009908
vn 0.998801 0.048951 0.000000
vn 0.999080 0.042002 -0.008705
vn 0.999441 0.033447 -0.000000
vn 0.969384 -0.245344 -0.010007
vn 0.976691 -0.214650 0.000000
vn -0.997912 -0.064001 -0.008701
vn -0.997364 -0.072555 0.000002
vn 0.998971 0.044915 0.006352
vn -0.865954 0.499947 0.013280
vn -0.793885 0.607975 0.010593
vn -0.998321 -0.057077 0.009889
vn 0.999080 0.042002 0.008705
vn 0.998623 0.051526 0.009907
vn 0.969384 -0.245344 0.010007
vn 0.290724 -0.956761 0.009405
vn 0.182254 -0.983239 0.005028
vn -0.997912 -0.064006 0.008704
vn 0.001703 0.000090 -0.999999
vn -0.008185 -0.000434 -0.999966
vn -0.998558 -0.052983 -0.008622
vn -0.998595 -0.052985 0.000000
vn -0.998558 -0.052983 0.008622
vn 0.003791 -0.007001 -0.999968
vn 0.003387 0.000180 -0.999994
vn 0.003028 0.007363 -0.999968
vn -0.017128 0.303624 0.952638
vn -0.016481 0.310625 0.950390
vn -0.049120 0.925800 0.374809
vn -0.049133 0.926050 0.374189
vn 0.000702 0.031652 0.999499
vn -0.007732 0.108352 0.994083
vn -0.012861 0.151008 0.988449
vn -0.005209 0.042414 0.999087
vn 0.015097 -0.303731 0.952638
vn 0.049122 -0.925800 0.374810
vn 0.016481 -0.310625 0.950390
vn 0.049136 -0.926049 0.374191
vn -0.000691 -0.042727 0.999086
vn 0.003777 -0.108562 0.994083
vn 0.003191 -0.151522 0.988449
vn 0.004047 -0.031400 0.999499
vn 0.001703 0.000090 0.999999
vn -0.008185 -0.000434 0.999966
vn 0.003791 -0.007001 0.999968
vn 0.003387 0.000180 0.999994
vn 0.003028 0.007363 0.999968
vn -0.024885 0.416075 0.908990
vn -0.047750 0.909439 0.413087
vn -0.034600 0.638688 0.768687
vn -0.044709 0.904458 0.424213
vn -0.024291 0.602792 0.797529
vn -0.048208 0.906552 0.419331
vn -0.021400 0.414316 0.909881
vn -0.052470 0.912503 0.405691
vn -0.001316 -0.008568 0.999962
vn 0.001768 -0.005571 0.999983
vn -0.044709 0.904458 -0.424213
vn -0.047749 0.909439 -0.413087
vn -0.034600 0.638688 -0.768687
vn -0.024885 0.416077 -0.908989
vn -0.024291 0.602792 -0.797529
vn -0.021401 0.414319 -0.909880
vn -0.048208 0.906552 -0.419331
vn -0.052494 0.912503 -0.405688
vn -0.001316 -0.008569 -0.999962
vn 0.001768 -0.005571 -0.999983
vn -0.489132 -0.872121 0.012416
vn -0.538928 -0.842352 -0.000000
vn -0.237054 -0.971463 0.008004
vn -0.236514 -0.971628 0.000000
vn -0.998427 -0.056068 0.000000
vn -0.998422 -0.055985 0.004259
vn 0.373938 -0.927454 0.000000
vn 0.714762 -0.699368 0.000000
vn 0.374623 -0.927143 0.008015
vn 0.669173 -0.743008 0.012070
vn 0.996259 0.086309 0.004339
vn 0.996268 0.086317 0.000000
vn -0.237056 -0.971463 -0.008004
vn -0.489132 -0.872121 -0.012416
vn -0.998422 -0.055985 -0.004259
vn 0.669173 -0.743008 -0.012070
vn 0.374624 -0.927142 -0.008015
vn 0.996259 0.086309 -0.004339
vn 0.032838 0.552781 0.832679
vn 0.019984 0.918595 0.394695
vn -0.093815 0.578576 0.810215
vn -0.112905 0.910767 0.397185
vn -0.031897 0.157228 0.987047
vn 0.000422 -0.007444 0.999972
vn 0.015527 0.158780 0.987192
vn 0.000617 -0.005658 0.999984
vn 0.050805 -0.998679 0.007735
vn 0.050674 -0.998715 0.000001
vn 0.050536 -0.998692 0.007746
vn 0.050698 -0.998714 0.000001
vn 0.050803 -0.998679 -0.007736
vn 0.050538 -0.998692 -0.007748
vn -0.031564 0.155044 -0.987403
vn 0.015837 0.160551 -0.986901
vn 0.000422 -0.007445 -0.999972
vn 0.000617 -0.005660 -0.999984
vn -0.112929 0.910859 -0.396966
vn 0.019981 0.918722 -0.394399
vn -0.088449 0.545156 -0.833655
vn 0.035001 0.586240 -0.809381
vn -0.123841 0.992302 0.000006
vn 0.023274 0.999729 -0.000002
vn -0.223827 0.885862 0.406386
vn -0.048839 0.998807 -0.000000
vn -0.225193 0.974314 -0.000002
vn -0.223979 0.885848 -0.406333
vn 0.132424 0.906177 -0.401631
vn 0.124495 0.992220 -0.000042
vn -0.057547 0.998343 -0.000024
vn 0.132253 0.906146 0.401756
vn -0.049582 0.998770 0.000000
vn -0.061183 0.998127 0.000000
vn 0.322757 0.096210 0.941579
vn -0.002698 -0.000754 0.999996
vn 0.200976 -0.519930 0.830230
vn -0.012639 -0.005022 0.999908
vn 0.000598 -0.013838 0.999904
vn -0.085069 0.570714 0.816731
vn 0.001347 -0.018879 0.999821
vn -0.103976 0.632420 0.767616
vn 0.646940 0.253498 0.719172
vn 0.494337 -0.690293 0.528324
vn -0.135646 0.858743 0.494125
vn -0.147871 0.888238 0.434934
vn -0.022814 0.491589 0.870528
vn 0.089242 0.799823 0.593564
vn 0.069614 0.997574 0.000000
vn 0.346224 0.938152 0.000001
vn -0.161686 0.986842 -0.000000
vn 0.755694 -0.654924 0.000001
vn 0.540068 -0.841621 -0.000000
vn -0.164450 0.986385 0.000000
vn 0.055353 -0.998467 0.000000
vn -0.012639 -0.005022 -0.999908
vn -0.002698 -0.000754 -0.999996
vn 0.200976 -0.519930 -0.830230
vn 0.322757 0.096210 -0.941579
vn 0.000598 -0.013838 -0.999904
vn 0.001347 -0.018879 -0.999821
vn -0.085069 0.570714 -0.816731
vn -0.103976 0.632420 -0.767616
vn 0.646940 0.253498 -0.719171
vn 0.494337 -0.690293 -0.528325
vn -0.135646 0.858743 -0.494125
vn -0.147871 0.888238 -0.434934
vn -0.022814 0.491589 -0.870528
vn 0.089242 0.799823 -0.593564
vn -0.815934 -0.577988 -0.013449
vn -0.786602 -0.617460 -0.000000
vn -0.692357 -0.721454 -0.012093
vn -0.695654 -0.718377 0.000000
vn 0.039082 -0.999203 -0.008103
vn 0.039332 -0.999226 0.000000
vn 0.145657 -0.989324 -0.004638
vn 0.145254 -0.989394 0.000000
vn -0.120563 -0.992673 -0.008102
vn -0.120581 -0.992703 -0.000000
vn -0.708696 0.705514 0.000000
vn -0.706741 0.707473 -0.000000
vn -0.706869 0.707326 -0.005131
vn -0.704983 0.709180 -0.007932
vn -0.947887 -0.318607 0.000000
vn -0.954702 -0.297431 -0.008890
vn -0.692357 -0.721454 0.012093
vn -0.815934 -0.577988 0.013449
vn 0.145657 -0.989324 0.004638
vn 0.039082 -0.999203 0.008103
vn -0.120563 -0.992673 0.008102
vn -0.704983 0.709180 0.007932
vn -0.706869 0.707326 0.005131
vn -0.954702 -0.297431 0.008890
vn 0.022439 -0.385999 0.922226
vn 0.026503 -0.386604 0.921865
vn 0.034101 -0.336040 0.941230
vn 0.010702 -0.080198 0.996722
vn 0.002010 -0.007215 0.999972
vn -0.003406 0.003072 0.999989
vn -0.003676 0.003656 0.999987
vn -0.565525 0.824688 -0.008420
vn -0.584177 0.811627 0.000000
vn -0.046176 0.998915 -0.006009
vn -0.042881 0.999080 0.000000
vn -0.565525 0.824688 0.008420
vn -0.046177 0.998915 0.006009
vn 0.022439 -0.386000 -0.922226
vn 0.034101 -0.336041 -0.941230
vn 0.026502 -0.386605 -0.921865
vn 0.010702 -0.080198 -0.996721
vn -0.783298 0.621216 -0.023110
vn -0.781687 0.623670 -0.000000
vn 0.724626 -0.689142 -0.000000
vn 0.741103 -0.671343 -0.008068
vn 0.786018 -0.618204 -0.000000
vn 0.785948 -0.618290 -0.001522
vn 0.785948 -0.618290 0.001522
vn 0.741103 -0.671343 0.008068
vn -0.783298 0.621217 0.023110
vn 0.002010 -0.007215 -0.999972
vn 0.349514 -0.936931 0.000034
vn 0.349344 -0.936873 -0.015122
vn 0.349368 -0.936865 0.015046
vn -0.204583 -0.978849 -0.000722
vn -0.018720 -0.999825 -0.000295
vn -0.205344 -0.978685 0.003106
vn -0.017952 -0.999711 0.016015
vn -0.203387 -0.979097 -0.001673
vn -0.018830 -0.999704 -0.015437
vn -0.003406 0.003072 -0.999989
vn -0.003676 0.003656 -0.999987
s 1
g sheath_luminous
f 2650/3904/5355 2672/3905/5356 2674/3903/5357
f 2674/3903/5357 2672/3905/5356 2673/3939/5358
f 2650/3904/5359 2649/3906/5360 2651/3908/5361
f 2651/3908/5361 2649/3906/5360 2652/3907/5362
f 2651/3908/5361 2652/3907/5362 2653/3910/5363
f 2653/3910/5363 2652/3907/5362 2654/3909/5364
f 2653/3910/5363 2654/3909/5364 2655/3912/5365
f 2655/3912/5365 2654/3909/5364 2656/3911/5366
f 2655/3912/5365 2656/3911/5366 2657/3914/5367
f 2657/3914/5367 2656/3911/5366 2658/3913/5368
f 2657/3914/5367 2658/3913/5368 2660/3916/5369
f 2660/3916/5369 2658/3913/5368 2659/3915/5370
f 2662/3917/5371 2661/3918/5372 2663/3920/5373
f 2663/3920/5373 2661/3918/5372 2664/3919/5374
f 2664/3919/5374 2666/3921/5375 2663/3920/5373
f 2663/3920/5373 2666/3921/5375 2665/3922/5376
f 2666/3921/5375 2668/3923/5377 2665/3922/5376
f 2665/3922/5376 2668/3923/5377 2667/3924/5378
f 2668/3923/5377 2670/3925/5379 2667/3924/5378
f 2667/3924/5378 2670/3925/5379 2669/3926/5380
f 2670/3925/5379 2671/3927/5381 2669/3926/5380
f 2669/3926/5380 2671/3927/5381 2672/3905/5356
f 2672/3905/5356 2650/3904/5359 2669/3926/5380
f 2669/3926/5380 2650/3904/5359 2651/3908/5361
f 2669/3926/5380 2651/3908/5361 2667/3924/5378
f 2667/3924/5378 2651/3908/5361 2653/3910/5363
f 2653/3910/5363 2655/3912/5365 2667/3924/5378
f 2667/3924/5378 2655/3912/5365 2665/3922/5376
f 2655/3912/5365 2657/3914/5367 2665/3922/5376
f 2665/3922/5376 2657/3914/5367 2663/3920/5373
f 2663/3920/5373 2657/3914/5367 2662/3917/5371
f 2662/3917/5371 2657/3914/5367 2660/3916/5369
f 2652/3907/5362 2649/3906/5360 2639/3928/5382
f 2639/3928/5382 2649/3906/5360 2638/3942/5383
f 2654/3909/5364 2652/3907/5362 2640/3930/5384
f 2640/3930/5384 2652/3907/5362 2639/3928/5382
f 2656/3911/5366 2654/3909/5364 2641/3931/5385
f 2641/3931/5385 2654/3909/5364 2640/3930/5384
f 2658/3913/5368 2656/3911/5366 2642/3932/5386
f 2642/3932/5386 2656/3911/5366 2641/3931/5385
f 2659/3915/5370 2658/3913/5368 2643/3940/5387
f 2643/3940/5387 2658/3913/5368 2642/3932/5386
f 2664/3919/5374 2661/3918/5372 2645/3933/5388
f 2645/3933/5388 2661/3918/5372 2644/3934/5389
f 2666/3921/5375 2664/3919/5374 2646/3935/5390
f 2646/3935/5390 2664/3919/5374 2645/3933/5388
f 2668/3923/5377 2666/3921/5375 2647/3936/5391
f 2647/3936/5391 2666/3921/5375 2646/3935/5390
f 2670/3925/5379 2668/3923/5377 2648/3937/5392
f 2648/3937/5392 2668/3923/5377 2647/3936/5391
f 2671/3927/5381 2670/3925/5379 2637/3938/5393
f 2637/3938/5393 2670/3925/5379 2648/3937/5392
f 2672/3905/5356 2671/3927/5381 2673/3939/5358
f 2673/3939/5358 2671/3927/5381 2637/3941/5393
f 2650/3904/5355 2674/3903/5357 2649/3906/5394
f 2649/3906/5394 2674/3903/5357 2638/3929/5395
f 2673/3946/5358 2698/3945/5396 2674/3943/5357
f 2674/3943/5357 2698/3945/5396 2676/3944/5397
f 2676/3944/5398 2677/3949/5399 2675/3947/5400
f 2675/3947/5400 2677/3949/5399 2678/3948/5401
f 2677/3949/5399 2679/3951/5402 2678/3948/5401
f 2678/3948/5401 2679/3951/5402 2680/3950/5403
f 2679/3951/5402 2681/3953/5404 2680/3950/5403
f 2680/3950/5403 2681/3953/5404 2682/3952/5405
f 2681/3953/5404 2683/3955/5406 2682/3952/5405
f 2682/3952/5405 2683/3955/5406 2684/3954/5407
f 2683/3955/5406 2686/3957/5408 2684/3954/5407
f 2684/3954/5407 2686/3957/5408 2685/3956/5409
f 2688/3958/5410 2689/3961/5411 2687/3959/5412
f 2687/3959/5412 2689/3961/5411 2690/3960/5413
f 2691/3963/5414 2692/3962/5415 2689/3961/5411
f 2689/3961/5411 2692/3962/5415 2690/3960/5413
f 2693/3965/5416 2694/3964/5417 2691/3963/5414
f 2691/3963/5414 2694/3964/5417 2692/3962/5415
f 2695/3967/5418 2696/3966/5419 2693/3965/5416
f 2693/3965/5416 2696/3966/5419 2694/3964/5417
f 2698/3945/5396 2697/3968/5420 2695/3967/5418
f 2695/3967/5418 2697/3968/5420 2696/3966/5419
f 2677/3949/5399 2676/3944/5398 2695/3967/5418
f 2695/3967/5418 2676/3944/5398 2698/3945/5396
f 2695/3967/5418 2693/3965/5416 2677/3949/5399
f 2677/3949/5399 2693/3965/5416 2679/3951/5402
f 2691/3963/5414 2681/3953/5404 2693/3965/5416
f 2693/3965/5416 2681/3953/5404 2679/3951/5402
f 2689/3961/5411 2683/3955/5406 2691/3963/5414
f 2691/3963/5414 2683/3955/5406 2681/3953/5404
f 2689/3961/5411 2688/3958/5410 2683/3955/5406
f 2683/3955/5406 2688/3958/5410 2686/3957/5408
f 2678/3948/5401 2639/3970/5382 2675/3947/5400
f 2675/3947/5400 2639/3970/5382 2638/3969/5383
f 2680/3950/5403 2640/3971/5384 2678/3948/5401
f 2678/3948/5401 2640/3971/5384 2639/3970/5382
f 2682/3952/5405 2641/3972/5385 2680/3950/5403
f 2680/3950/5403 2641/3972/5385 2640/3971/5384
f 2684/3954/5407 2642/3973/5386 2682/3952/5405
f 2682/3952/5405 2642/3973/5386 2641/3972/5385
f 2685/3956/5409 2643/3974/5387 2684/3954/5407
f 2684/3954/5407 2643/3974/5387 2642/3973/5386
f 2690/3960/5413 2645/3976/5388 2687/3959/5412
f 2687/3959/5412 2645/3976/5388 2644/3975/5389
f 2692/3962/5415 2646/3977/5390 2690/3960/5413
f 2690/3960/5413 2646/3977/5390 2645/3976/5388
f 2694/3964/5417 2647/3978/5391 2692/3962/5415
f 2692/3962/5415 2647/3978/5391 2646/3977/5390
f 2696/3966/5419 2648/3979/5392 2694/3964/5417
f 2694/3964/5417 2648/3979/5392 2647/3978/5391
f 2697/3968/5420 2637/3980/5393 2696/3966/5419
f 2696/3966/5419 2637/3980/5393 2648/3979/5392
f 2637/3981/5393 2697/3968/5420 2673/3946/5358
f 2673/3946/5358 2697/3968/5420 2698/3945/5396
f 2638/3982/5395 2674/3943/5357 2675/3947/5421
f 2675/3947/5421 2674/3943/5357 2676/3944/5397
s 9
f 2709/3986/5422 2702/3985/5423 2700/3983/5424
f 2700/3983/5424 2702/3985/5423 2699/3984/5425
f 2708/3987/5426 2707/3990/5427 2710/3988/5428
f 2710/3988/5428 2707/3990/5427 2705/3989/5429
f 2703/3991/5430 2709/3986/5422 2700/3983/5424
f 2708/3987/5426 2710/3988/5428 2706/3992/5431
f 2711/3996/5432 2713/3995/5433 2712/3993/5434
f 2712/3993/5434 2713/3995/5433 2719/3994/5435
f 2718/3997/5436 2720/4000/5437 2717/3998/5438
f 2717/3998/5438 2720/4000/5437 2715/3999/5439
f 2714/4001/5440 2712/3993/5434 2719/3994/5435
f 2718/3997/5436 2716/4002/5441 2720/4000/5437
s 13
f 2700/4003/5442 2721/4006/5443 2703/4004/5444
f 2703/4004/5444 2721/4006/5443 2722/4005/5445
f 2723/4008/5446 2721/4006/5443 2699/4007/5447
f 2699/4007/5447 2721/4006/5443 2700/4003/5442
f 2724/4012/5448 2725/4011/5449 2706/4009/5450
f 2706/4009/5450 2725/4011/5449 2708/4010/5451
f 2708/4010/5451 2725/4011/5449 2707/4013/5452
f 2707/4013/5452 2725/4011/5449 2726/4014/5453
f 2722/4005/5445 2721/4006/5443 2714/4015/5454
f 2714/4015/5454 2721/4006/5443 2712/4016/5455
f 2712/4016/5455 2721/4006/5443 2711/4017/5456
f 2711/4017/5456 2721/4006/5443 2723/4008/5446
f 2718/4018/5457 2725/4011/5449 2716/4019/5458
f 2716/4019/5458 2725/4011/5449 2724/4012/5448
f 2726/4014/5453 2725/4011/5449 2717/4020/5459
f 2717/4020/5459 2725/4011/5449 2718/4018/5457
s 9
f 2743/4021/5460 2746/4024/5461 2744/4022/5462
f 2744/4022/5462 2746/4024/5461 2745/4023/5463
f 2728/4025/5464 2729/4028/5465 2727/4026/5466
f 2727/4026/5466 2729/4028/5465 2730/4027/5467
s 13
f 2729/4029/5468 2731/4032/5469 2730/4030/5470
f 2730/4030/5470 2731/4032/5469 2732/4031/5471
f 2731/4032/5469 2733/4034/5472 2732/4031/5471
f 2732/4031/5471 2733/4034/5472 2734/4033/5473
s 9
f 2735/4038/5474 2736/4037/5475 2733/4035/5476
f 2733/4035/5476 2736/4037/5475 2734/4036/5477
f 2750/4042/5478 2749/4041/5479 2748/4039/5480
f 2748/4039/5480 2749/4041/5479 2747/4040/5481
f 2750/4042/5478 2752/4044/5482 2749/4041/5479
f 2749/4041/5479 2752/4044/5482 2751/4043/5483
f 2752/4044/5482 2745/4023/5463 2751/4043/5483
f 2751/4043/5483 2745/4023/5463 2746/4024/5461
f 2702/3985/5423 2741/4047/5484 2701/4045/5485
f 2701/4045/5485 2741/4047/5484 2739/4046/5486
f 2728/4025/5464 2741/4047/5484 2709/3986/5422
f 2709/3986/5422 2741/4047/5484 2702/3985/5423
f 2729/4028/5465 2728/4025/5464 2703/3991/5430
f 2703/3991/5430 2728/4025/5464 2709/3986/5422
f 2713/3995/5433 2701/4045/5485 2737/4048/5487
f 2737/4048/5487 2701/4045/5485 2739/4046/5486
f 2713/3995/5433 2737/4048/5487 2719/3994/5435
f 2719/3994/5435 2737/4048/5487 2735/4038/5474
f 2733/4035/5476 2714/4001/5440 2735/4038/5474
f 2735/4038/5474 2714/4001/5440 2719/3994/5435
s 13
f 2722/4005/5445 2731/4032/5469 2703/4004/5444
f 2703/4004/5444 2731/4032/5469 2729/4029/5468
f 2733/4034/5472 2731/4032/5469 2714/4015/5454
f 2714/4015/5454 2731/4032/5469 2722/4005/5445
s 9
f 2706/3992/5431 2710/3988/5428 2730/4027/5467
f 2730/4027/5467 2710/3988/5428 2727/4026/5466
s 13
f 2724/4012/5448 2706/4009/5450 2732/4031/5471
f 2732/4031/5471 2706/4009/5450 2730/4030/5470
f 2724/4012/5448 2732/4031/5471 2716/4019/5458
f 2716/4019/5458 2732/4031/5471 2734/4033/5473
s 9
f 2716/4002/5441 2734/4036/5477 2720/4000/5437
f 2720/4000/5437 2734/4036/5477 2736/4037/5475
f 2715/3999/5439 2720/4000/5437 2738/4049/5488
f 2738/4049/5488 2720/4000/5437 2736/4037/5475
f 2740/4050/5489 2704/4051/5490 2738/4049/5488
f 2738/4049/5488 2704/4051/5490 2715/3999/5439
f 2742/4052/5491 2705/3989/5429 2740/4050/5489
f 2740/4050/5489 2705/3989/5429 2704/4051/5490
f 2727/4026/5466 2710/3988/5428 2742/4052/5491
f 2742/4052/5491 2710/3988/5428 2705/3989/5429
f 2727/4026/5466 2743/4021/5460 2728/4025/5464
f 2728/4025/5464 2743/4021/5460 2744/4022/5462
f 2728/4025/5464 2744/4022/5462 2741/4047/5484
f 2741/4047/5484 2744/4022/5462 2745/4023/5463
f 2746/4024/5461 2743/4021/5460 2742/4052/5491
f 2742/4052/5491 2743/4021/5460 2727/4026/5466
f 2735/4038/5474 2748/4039/5480 2736/4037/5475
f 2736/4037/5475 2748/4039/5480 2747/4040/5481
f 2736/4037/5475 2747/4040/5481 2738/4049/5488
f 2738/4049/5488 2747/4040/5481 2749/4041/5479
f 2750/4042/5478 2748/4039/5480 2737/4048/5487
f 2737/4048/5487 2748/4039/5480 2735/4038/5474
f 2749/4041/5479 2751/4043/5483 2738/4049/5488
f 2738/4049/5488 2751/4043/5483 2740/4050/5489
f 2739/4046/5486 2752/4044/5482 2737/4048/5487
f 2737/4048/5487 2752/4044/5482 2750/4042/5478
f 2740/4050/5489 2751/4043/5483 2742/4052/5491
f 2742/4052/5491 2751/4043/5483 2746/4024/5461
f 2745/4023/5463 2752/4044/5482 2741/4047/5484
f 2741/4047/5484 2752/4044/5482 2739/4046/5486
f 2702/3985/5423 2701/4045/5485 2699/3984/5425
f 2699/3984/5425 2701/4045/5485 2723/4053/5492
f 2723/4053/5492 2701/4045/5485 2711/3996/5432
f 2711/3996/5432 2701/4045/5485 2713/3995/5433
f 2726/4054/5493 2704/4051/5490 2707/3990/5427
f 2707/3990/5427 2704/4051/5490 2705/3989/5429
f 2715/3999/5439 2704/4051/5490 2717/3998/5438
f 2717/3998/5438 2704/4051/5490 2726/4054/5493
s 25
f 2775/4055/5494 2782/4058/5495 2765/4056/5496
f 2765/4056/5496 2782/4058/5495 2772/4057/5497
s 26
f 2766/4060/5498 2776/4059/5499 2765/4056/5500
f 2765/4056/5500 2776/4059/5499 2775/4055/5501
s 27
f 2767/4061/5502 2768/4064/5503 2777/4062/5504
f 2777/4062/5504 2768/4064/5503 2778/4063/5505
f 2773/4066/5506 2779/4065/5507 2768/4064/5503
f 2768/4064/5503 2779/4065/5507 2778/4063/5505
s 25
f 2774/4070/5508 2780/4069/5509 2770/4067/5510
f 2770/4067/5510 2780/4069/5509 2764/4068/5511
f 2772/4057/5497 2782/4058/5495 2771/4071/5512
f 2771/4071/5512 2782/4058/5495 2781/4072/5513
s 27
f 2773/4066/5506 2769/4074/5514 2779/4065/5507
f 2779/4065/5507 2769/4074/5514 2763/4073/5515
s 25
f 2774/4070/5508 2771/4071/5512 2780/4069/5509
f 2780/4069/5509 2771/4071/5512 2781/4072/5513
s 30
f 2761/4075/5516 2757/4078/5517 2762/4076/5518
f 2762/4076/5518 2757/4078/5517 2758/4077/5519
f 2756/4082/5520 2759/4081/5521 2755/4079/5522
f 2755/4079/5522 2759/4081/5521 2760/4080/5523
f 2756/4082/5520 2761/4075/5516 2759/4081/5521
f 2759/4081/5521 2761/4075/5516 2762/4076/5518
f 2757/4078/5517 2763/4084/5524 2758/4077/5519
f 2758/4077/5519 2763/4084/5524 2764/4083/5525
s 26
f 2775/4055/5501 2776/4059/5499 2753/4085/5526
f 2753/4085/5526 2776/4059/5499 2754/4086/5527
s 27
f 2755/4087/5528 2777/4062/5504 2756/4088/5529
f 2756/4088/5529 2777/4062/5504 2778/4063/5505
f 2778/4063/5505 2779/4065/5507 2756/4088/5529
f 2756/4088/5529 2779/4065/5507 2761/4089/5530
s 25
f 2764/4068/5511 2780/4069/5509 2758/4090/5531
f 2758/4090/5531 2780/4069/5509 2762/4091/5532
f 2781/4072/5513 2782/4058/5495 2759/4092/5533
f 2759/4092/5533 2782/4058/5495 2760/4093/5534
f 2775/4055/5494 2753/4085/5535 2782/4058/5495
f 2782/4058/5495 2753/4085/5535 2760/4093/5534
s 27
f 2761/4089/5530 2779/4065/5507 2757/4094/5536
f 2757/4094/5536 2779/4065/5507 2763/4073/5515
s 25
f 2762/4091/5532 2780/4069/5509 2759/4092/5533
f 2759/4092/5533 2780/4069/5509 2781/4072/5513
s 30
f 2801/4095/5537 2802/4098/5538 2797/4096/5539
f 2797/4096/5539 2802/4098/5538 2798/4097/5540
f 2800/4102/5541 2799/4101/5542 2795/4099/5543
f 2795/4099/5543 2799/4101/5542 2796/4100/5544
f 2796/4100/5544 2799/4101/5542 2801/4095/5537
f 2801/4095/5537 2799/4101/5542 2802/4098/5538
f 2797/4096/5539 2798/4097/5540 2792/4103/5545
f 2792/4103/5545 2798/4097/5540 2793/4104/5546
s 35
f 2803/4105/5547 2809/4108/5548 2794/4106/5549
f 2794/4106/5549 2809/4108/5548 2800/4107/5550
s 26
f 2754/4086/5527 2776/4059/5499 2794/4106/5551
f 2794/4106/5551 2776/4059/5499 2803/4105/5552
s 27
f 2795/4109/5553 2796/4112/5554 2804/4110/5555
f 2804/4110/5555 2796/4112/5554 2805/4111/5556
f 2801/4114/5557 2806/4113/5558 2796/4112/5554
f 2796/4112/5554 2806/4113/5558 2805/4111/5556
s 35
f 2802/4118/5559 2807/4117/5560 2798/4115/5561
f 2798/4115/5561 2807/4117/5560 2793/4116/5562
f 2800/4107/5550 2809/4108/5548 2799/4119/5563
f 2799/4119/5563 2809/4108/5548 2808/4120/5564
s 27
f 2801/4114/5557 2797/4122/5565 2806/4113/5558
f 2806/4113/5558 2797/4122/5565 2792/4121/5566
s 35
f 2802/4118/5559 2799/4119/5563 2807/4117/5560
f 2807/4117/5560 2799/4119/5563 2808/4120/5564
s 26
f 2803/4105/5552 2776/4059/5499 2783/4123/5567
f 2783/4123/5567 2776/4059/5499 2766/4060/5498
s 27
f 2784/4124/5568 2804/4110/5555 2785/4125/5569
f 2785/4125/5569 2804/4110/5555 2805/4111/5556
f 2805/4111/5556 2806/4113/5558 2785/4125/5569
f 2785/4125/5569 2806/4113/5558 2790/4126/5570
s 35
f 2793/4116/5562 2807/4117/5560 2787/4127/5571
f 2787/4127/5571 2807/4117/5560 2791/4128/5572
f 2808/4120/5564 2809/4108/5548 2788/4129/5573
f 2788/4129/5573 2809/4108/5548 2789/4130/5574
f 2803/4105/5547 2783/4123/5575 2809/4108/5548
f 2809/4108/5548 2783/4123/5575 2789/4130/5574
s 27
f 2790/4126/5570 2806/4113/5558 2786/4131/5576
f 2786/4131/5576 2806/4113/5558 2792/4121/5566
s 35
f 2791/4128/5572 2807/4117/5560 2788/4129/5573
f 2788/4129/5573 2807/4117/5560 2808/4120/5564
s 30
f 2760/4080/5523 2813/4133/5577 2755/4079/5522
f 2755/4079/5522 2813/4133/5577 2812/4132/5578
s 27
f 2755/4087/5528 2812/4135/5579 2777/4062/5504
f 2777/4062/5504 2812/4135/5579 2811/4134/5580
f 2811/4134/5580 2810/4136/5581 2777/4062/5504
f 2777/4062/5504 2810/4136/5581 2767/4061/5502
f 2811/4134/5580 2804/4110/5555 2810/4136/5581
f 2810/4136/5581 2804/4110/5555 2784/4124/5568
f 2795/4109/5553 2804/4110/5555 2812/4135/5579
f 2812/4135/5579 2804/4110/5555 2811/4134/5580
s 30
f 2800/4102/5541 2795/4099/5543 2813/4133/5577
f 2813/4133/5577 2795/4099/5543 2812/4132/5578
f 2800/4102/5541 2813/4133/5577 2794/4137/5582
f 2794/4137/5582 2813/4133/5577 2754/4138/5583
f 2760/4080/5523 2753/4139/5584 2813/4133/5577
f 2813/4133/5577 2753/4139/5584 2754/4138/5583
f 2773/4140/5585 2774/4143/5586 2769/4141/5587
f 2769/4141/5587 2774/4143/5586 2770/4142/5588
f 2772/4147/5589 2771/4146/5590 2767/4144/5591
f 2767/4144/5591 2771/4146/5590 2768/4145/5592
f 2768/4145/5592 2771/4146/5590 2773/4140/5585
f 2773/4140/5585 2771/4146/5590 2774/4143/5586
f 2769/4141/5587 2770/4142/5588 2763/4148/5524
f 2763/4148/5524 2770/4142/5588 2764/4149/5525
f 2790/4150/5593 2786/4153/5594 2791/4151/5595
f 2791/4151/5595 2786/4153/5594 2787/4152/5596
f 2785/4157/5597 2788/4156/5598 2784/4154/5599
f 2784/4154/5599 2788/4156/5598 2789/4155/5600
f 2785/4157/5597 2790/4150/5593 2788/4156/5598
f 2788/4156/5598 2790/4150/5593 2791/4151/5595
f 2786/4153/5594 2792/4159/5545 2787/4152/5596
f 2787/4152/5596 2792/4159/5545 2793/4158/5546
f 2772/4147/5589 2767/4144/5591 2814/4160/5601
f 2814/4160/5601 2767/4144/5591 2810/4161/5602
f 2810/4161/5602 2784/4154/5599 2814/4160/5601
f 2814/4160/5601 2784/4154/5599 2789/4155/5600
f 2789/4155/5600 2783/4163/5603 2814/4160/5601
f 2814/4160/5601 2783/4163/5603 2766/4162/5604
f 2766/4162/5604 2765/4164/5605 2814/4160/5601
f 2814/4160/5601 2765/4164/5605 2772/4147/5589
s 44
f 2825/4168/5606 2818/4167/5607 2816/4165/5608
f 2816/4165/5608 2818/4167/5607 2815/4166/5609
f 2824/4169/5610 2823/4172/5611 2826/4170/5612
f 2826/4170/5612 2823/4172/5611 2821/4171/5613
f 2819/4173/5614 2825/4168/5606 2816/4165/5608
f 2824/4169/5610 2826/4170/5612 2822/4174/5615
f 2827/4178/5616 2829/4177/5617 2828/4175/5618
f 2828/4175/5618 2829/4177/5617 2835/4176/5619
f 2834/4179/5620 2836/4182/5621 2833/4180/5622
f 2833/4180/5622 2836/4182/5621 2831/4181/5623
f 2830/4183/5624 2828/4175/5618 2835/4176/5619
f 2834/4179/5620 2832/4184/5625 2836/4182/5621
s 48
f 2816/4185/5626 2837/4188/5627 2819/4186/5628
f 2819/4186/5628 2837/4188/5627 2838/4187/5629
f 2839/4190/5630 2837/4188/5627 2815/4189/5631
f 2815/4189/5631 2837/4188/5627 2816/4185/5626
f 2840/4194/5632 2841/4193/5633 2822/4191/5634
f 2822/4191/5634 2841/4193/5633 2824/4192/5635
f 2824/4192/5635 2841/4193/5633 2823/4195/5636
f 2823/4195/5636 2841/4193/5633 2842/4196/5637
f 2838/4187/5629 2837/4188/5627 2830/4197/5638
f 2830/4197/5638 2837/4188/5627 2828/4198/5639
f 2828/4198/5639 2837/4188/5627 2827/4199/5640
f 2827/4199/5640 2837/4188/5627 2839/4190/5630
f 2834/4200/5641 2841/4193/5633 2832/4201/5642
f 2832/4201/5642 2841/4193/5633 2840/4194/5632
f 2842/4196/5637 2841/4193/5633 2833/4202/5643
f 2833/4202/5643 2841/4193/5633 2834/4200/5641
s 44
f 2859/4203/5644 2862/4206/5645 2860/4204/5646
f 2860/4204/5646 2862/4206/5645 2861/4205/5647
f 2844/4207/5648 2845/4210/5649 2843/4208/5650
f 2843/4208/5650 2845/4210/5649 2846/4209/5651
s 48
f 2845/4211/5652 2847/4214/5653 2846/4212/5654
f 2846/4212/5654 2847/4214/5653 2848/4213/5655
f 2847/4214/5653 2849/4216/5656 2848/4213/5655
f 2848/4213/5655 2849/4216/5656 2850/4215/5657
s 44
f 2851/4220/5658 2852/4219/5659 2849/4217/5660
f 2849/4217/5660 2852/4219/5659 2850/4218/5661
f 2866/4224/5662 2865/4223/5663 2864/4221/5664
f 2864/4221/5664 2865/4223/5663 2863/4222/5665
f 2866/4224/5662 2868/4226/5666 2865/4223/5663
f 2865/4223/5663 2868/4226/5666 2867/4225/5667
f 2868/4226/5666 2861/4205/5647 2867/4225/5667
f 2867/4225/5667 2861/4205/5647 2862/4206/5645
f 2818/4167/5607 2857/4229/5668 2817/4227/5669
f 2817/4227/5669 2857/4229/5668 2855/4228/5670
f 2844/4207/5648 2857/4229/5668 2825/4168/5606
f 2825/4168/5606 2857/4229/5668 2818/4167/5607
f 2845/4210/5649 2844/4207/5648 2819/4173/5614
f 2819/4173/5614 2844/4207/5648 2825/4168/5606
f 2829/4177/5617 2817/4227/5669 2853/4230/5671
f 2853/4230/5671 2817/4227/5669 2855/4228/5670
f 2829/4177/5617 2853/4230/5671 2835/4176/5619
f 2835/4176/5619 2853/4230/5671 2851/4220/5658
f 2849/4217/5660 2830/4183/5624 2851/4220/5658
f 2851/4220/5658 2830/4183/5624 2835/4176/5619
s 48
f 2838/4187/5629 2847/4214/5653 2819/4186/5628
f 2819/4186/5628 2847/4214/5653 2845/4211/5652
f 2849/4216/5656 2847/4214/5653 2830/4197/5638
f 2830/4197/5638 2847/4214/5653 2838/4187/5629
s 44
f 2822/4174/5615 2826/4170/5612 2846/4209/5651
f 2846/4209/5651 2826/4170/5612 2843/4208/5650
s 48
f 2840/4194/5632 2822/4191/5634 2848/4213/5655
f 2848/4213/5655 2822/4191/5634 2846/4212/5654
f 2840/4194/5632 2848/4213/5655 2832/4201/5642
f 2832/4201/5642 2848/4213/5655 2850/4215/5657
s 44
f 2832/4184/5625 2850/4218/5661 2836/4182/5621
f 2836/4182/5621 2850/4218/5661 2852/4219/5659
f 2831/4181/5623 2836/4182/5621 2854/4231/5672
f 2854/4231/5672 2836/4182/5621 2852/4219/5659
f 2856/4232/5673 2820/4233/5674 2854/4231/5672
f 2854/4231/5672 2820/4233/5674 2831/4181/5623
f 2858/4234/5675 2821/4171/5613 2856/4232/5673
f 2856/4232/5673 2821/4171/5613 2820/4233/5674
f 2843/4208/5650 2826/4170/5612 2858/4234/5675
f 2858/4234/5675 2826/4170/5612 2821/4171/5613
f 2843/4208/5650 2859/4203/5644 2844/4207/5648
f 2844/4207/5648 2859/4203/5644 2860/4204/5646
f 2844/4207/5648 2860/4204/5646 2857/4229/5668
f 2857/4229/5668 2860/4204/5646 2861/4205/5647
f 2862/4206/5645 2859/4203/5644 2858/4234/5675
f 2858/4234/5675 2859/4203/5644 2843/4208/5650
f 2851/4220/5658 2864/4221/5664 2852/4219/5659
f 2852/4219/5659 2864/4221/5664 2863/4222/5665
f 2852/4219/5659 2863/4222/5665 2854/4231/5672
f 2854/4231/5672 2863/4222/5665 2865/4223/5663
f 2866/4224/5662 2864/4221/5664 2853/4230/5671
f 2853/4230/5671 2864/4221/5664 2851/4220/5658
f 2865/4223/5663 2867/4225/5667 2854/4231/5672
f 2854/4231/5672 2867/4225/5667 2856/4232/5673
f 2855/4228/5670 2868/4226/5666 2853/4230/5671
f 2853/4230/5671 2868/4226/5666 2866/4224/5662
f 2856/4232/5673 2867/4225/5667 2858/4234/5675
f 2858/4234/5675 2867/4225/5667 2862/4206/5645
f 2861/4205/5647 2868/4226/5666 2857/4229/5668
f 2857/4229/5668 2868/4226/5666 2855/4228/5670
f 2818/4167/5607 2817/4227/5669 2815/4166/5609
f 2815/4166/5609 2817/4227/5669 2839/4235/5676
f 2839/4235/5676 2817/4227/5669 2827/4178/5616
f 2827/4178/5616 2817/4227/5669 2829/4177/5617
f 2842/4236/5677 2820/4233/5674 2823/4172/5611
f 2823/4172/5611 2820/4233/5674 2821/4171/5613
f 2831/4181/5623 2820/4233/5674 2833/4180/5622
f 2833/4180/5622 2820/4233/5674 2842/4236/5677
s 60
f 2878/4240/5678 2874/4239/5679 2877/4237/5680
f 2877/4237/5680 2874/4239/5679 2875/4238/5681
f 2873/4241/5682 2881/4244/5683 2872/4242/5684
f 2872/4242/5684 2881/4244/5683 2879/4243/5685
f 2869/4245/5686 2878/4240/5678 2876/4246/5687
f 2876/4246/5687 2878/4240/5678 2877/4237/5680
f 2881/4244/5683 2882/4248/5688 2879/4243/5685
f 2879/4243/5685 2882/4248/5688 2871/4247/5689
f 2874/4239/5679 2880/4249/5690 2873/4241/5682
f 2873/4241/5682 2880/4249/5690 2881/4244/5683
f 2869/4245/5686 2870/4250/5691 2878/4240/5678
f 2878/4240/5678 2870/4250/5691 2880/4249/5690
f 2870/4250/5691 2882/4248/5688 2880/4249/5690
f 2880/4249/5690 2882/4248/5688 2881/4244/5683
f 2878/4240/5678 2880/4249/5690 2874/4239/5679
f 2870/4250/5691 2869/4245/5686 2884/4251/5692
f 2884/4251/5692 2869/4245/5686 2883/4252/5693
f 2882/4248/5688 2870/4250/5691 2885/4253/5694
f 2885/4253/5694 2870/4250/5691 2884/4251/5692
f 2869/4245/5686 2876/4246/5687 2883/4252/5695
f 2883/4252/5695 2876/4246/5687 2886/4254/5696
f 2882/4248/5688 2885/4253/5694 2871/4247/5689
f 2871/4247/5689 2885/4253/5694 2887/4255/5697
f 2877/4237/5680 2888/4257/5698 2876/4246/5687
f 2876/4246/5687 2888/4257/5698 2886/4256/5696
f 2895/4261/5699 2894/4260/5700 2897/4258/5701
f 2897/4258/5701 2894/4260/5700 2898/4259/5702
f 2893/4262/5703 2892/4265/5704 2901/4263/5705
f 2901/4263/5705 2892/4265/5704 2899/4264/5706
f 2889/4266/5707 2896/4267/5708 2898/4259/5702
f 2898/4259/5702 2896/4267/5708 2897/4258/5701
f 2901/4263/5705 2899/4264/5706 2902/4268/5709
f 2902/4268/5709 2899/4264/5706 2891/4269/5710
f 2894/4260/5700 2893/4262/5703 2900/4270/5711
f 2900/4270/5711 2893/4262/5703 2901/4263/5705
f 2889/4266/5707 2898/4259/5702 2890/4271/5712
f 2890/4271/5712 2898/4259/5702 2900/4270/5711
f 2901/4263/5705 2902/4268/5709 2900/4270/5711
f 2900/4270/5711 2902/4268/5709 2890/4271/5712
f 2898/4259/5702 2894/4260/5700 2900/4270/5711
f 2890/4271/5712 2884/4273/5692 2889/4266/5707
f 2889/4266/5707 2884/4273/5692 2883/4272/5693
f 2902/4268/5709 2885/4274/5694 2890/4271/5712
f 2890/4271/5712 2885/4274/5694 2884/4273/5692
f 2889/4266/5707 2883/4272/5695 2896/4267/5708
f 2896/4267/5708 2883/4272/5695 2886/4275/5696
f 2887/4276/5697 2885/4274/5694 2891/4269/5710
f 2891/4269/5710 2885/4274/5694 2902/4268/5709
s 66
f 2899/4277/5713 2903/4280/5714 2891/4278/5715
f 2891/4278/5715 2903/4280/5714 2887/4279/5716
s 67
f 2893/4281/5717 2905/4284/5718 2892/4282/5719
f 2892/4282/5719 2905/4284/5718 2904/4283/5720
f 2894/4285/5721 2906/4286/5722 2893/4281/5717
f 2893/4281/5717 2906/4286/5722 2905/4284/5718
s 68
f 2907/4288/5723 2906/4286/5724 2895/4287/5725
f 2895/4287/5725 2906/4286/5724 2894/4285/5726
s 60
f 2886/4290/5696 2888/4289/5698 2896/4267/5708
f 2896/4267/5708 2888/4289/5698 2897/4258/5701
s 66
f 2904/4283/5727 2903/4280/5714 2892/4282/5728
f 2892/4282/5728 2903/4280/5714 2899/4277/5713
f 2887/4279/5716 2903/4280/5714 2871/4291/5729
f 2871/4291/5729 2903/4280/5714 2879/4292/5730
s 67
f 2904/4283/5720 2905/4284/5718 2872/4293/5731
f 2872/4293/5731 2905/4284/5718 2873/4294/5732
f 2905/4284/5718 2906/4286/5722 2873/4294/5732
f 2873/4294/5732 2906/4286/5722 2874/4295/5733
s 68
f 2874/4295/5734 2906/4286/5724 2875/4296/5735
f 2875/4296/5735 2906/4286/5724 2907/4288/5723
s 66
f 2879/4292/5730 2903/4280/5714 2872/4293/5736
f 2872/4293/5736 2903/4280/5714 2904/4283/5727
s 70
f 2909/4297/5737 2908/4300/5738 2912/4298/5739
f 2912/4298/5739 2908/4300/5738 2911/4299/5740
f 2912/4298/5739 2911/4299/5740 2910/4301/5741
f 2910/4301/5741 2911/4299/5740 2914/4302/5742
f 2914/4302/5742 2911/4299/5740 2913/4303/5743
s 71
f 2915/4307/5744 2917/4306/5745 2916/4304/5746
f 2916/4304/5746 2917/4306/5745 2918/4305/5747
f 2908/4308/5748 2909/4309/5749 2917/4306/5745
f 2917/4306/5745 2909/4309/5749 2918/4305/5747
s 72
f 2916/4310/5750 2922/4313/5751 2915/4311/5752
f 2915/4311/5752 2922/4313/5751 2921/4312/5753
s 71
f 2915/4307/5744 2921/4315/5754 2917/4306/5745
f 2917/4306/5745 2921/4315/5754 2924/4314/5755
s 73
f 2923/4317/5756 2922/4316/5757 2918/4305/5758
f 2918/4305/5758 2922/4316/5757 2916/4304/5759
f 2909/4309/5760 2912/4318/5761 2918/4305/5758
f 2918/4305/5758 2912/4318/5761 2923/4317/5756
s 71
f 2924/4314/5755 2911/4319/5762 2917/4306/5745
f 2917/4306/5745 2911/4319/5762 2908/4308/5748
s 72
f 2922/4313/5751 2919/4320/5763 2921/4312/5753
s 73
f 2923/4317/5756 2920/4322/5764 2922/4316/5757
f 2922/4316/5757 2920/4322/5764 2919/4321/5765
f 2910/4323/5766 2920/4322/5764 2912/4318/5761
f 2912/4318/5761 2920/4322/5764 2923/4317/5756
f 2925/4324/5767 2926/4327/5768 2913/4325/5769
f 2913/4325/5769 2926/4327/5768 2914/4326/5770
f 2927/4328/5771 2928/4329/5772 2925/4324/5767
f 2925/4324/5767 2928/4329/5772 2926/4327/5768
f 2910/4323/5766 2914/4326/5770 2920/4322/5764
f 2920/4322/5764 2914/4326/5770 2926/4327/5768
f 2920/4322/5764 2926/4327/5768 2919/4321/5765
f 2919/4321/5765 2926/4327/5768 2928/4329/5772
s 72
f 2919/4320/5763 2928/4331/5773 2921/4312/5753
f 2921/4312/5753 2928/4331/5773 2927/4330/5774
g default
v -58.677076 3.298724 -2.138058
v -57.798053 4.367414 -2.138058
v -50.530475 4.832801 -2.138058
v -49.178308 6.754438 -2.138058
v -37.343127 7.382400 -2.138058
v -37.095139 2.708710 -2.138058
v -48.717444 2.092043 -2.138058
v -50.181893 3.272089 -2.138058
v -57.953723 2.779946 -2.138058
v -59.654743 3.045152 -1.421707
v -58.161339 4.930273 -1.421707
v -58.433312 2.047676 -1.421707
v -50.647114 5.435199 -1.421707
v -50.070434 2.597631 -1.421707
v -49.245393 7.527914 -0.975393
v -48.650366 1.318567 -1.421707
v -37.384240 8.157255 -0.975393
v -37.054039 1.933856 -1.421707
v -32.772865 5.152036 0.000000
v -37.467448 4.902946 0.000000
v -33.520142 19.235769 0.000000
v -34.729388 22.310138 0.000000
v -37.337502 22.171754 0.000000
v -38.214719 18.986682 0.000000
v -36.815885 22.199430 -1.567060
v -37.226796 20.085278 -3.134122
v -38.214719 18.986682 -3.134122
v -35.251026 22.282460 -1.567060
v -34.618682 20.223660 -3.134122
v -38.325425 21.073160 -5.745889
v -38.325425 21.073162 -8.357658
v -38.242395 19.508301 -10.447071
v -37.993312 14.813724 -8.880012
v -33.547812 19.757392 -10.447071
v -33.630849 21.322252 -8.357658
v -33.630849 21.322252 -5.745889
v -33.520142 19.235769 -3.134122
v -33.298735 15.062813 -8.880010
v -33.160338 12.454716 -8.880010
v -33.021962 9.846616 -9.402363
v -37.854922 12.205626 -8.880012
v -37.716538 9.597528 -9.402365
v -37.633508 8.032669 -10.969427
v -32.938925 8.281758 -10.969427
v -37.467448 4.902946 -10.969427
v -32.772865 5.152036 -10.969427
v -36.815885 22.199430 1.567060
v -37.226796 20.085278 3.134122
v -38.214719 18.986682 3.134122
v -35.251026 22.282460 1.567060
v -34.618682 20.223660 3.134122
v -34.729388 22.310138 5.745889
v -37.337502 22.171754 5.745889
v -38.325425 21.073160 5.745889
v -37.337502 22.171754 8.357658
v -38.325425 21.073162 8.357658
v -38.242395 19.508301 10.447071
v -37.993312 14.813724 8.880012
v -34.729388 22.310138 8.357658
v -37.226796 20.085278 11.491778
v -34.618682 20.223662 11.491778
v -36.950036 14.869080 9.924718
v -34.341922 15.007464 9.924718
v -33.547812 19.757392 10.447071
v -33.630849 21.322252 8.357658
v -33.630849 21.322252 5.745889
v -33.520142 19.235769 3.134122
v -33.298735 15.062813 8.880010
v -34.203532 12.399365 9.924718
v -33.160338 12.454716 8.880010
v -36.811646 12.260981 9.924718
v -33.021962 9.846616 9.402363
v -34.092825 10.312885 10.447071
v -37.854922 12.205626 8.880012
v -37.716538 9.597528 9.402365
v -36.700939 10.174501 10.447071
v -34.009795 8.748026 12.014134
v -36.617909 8.609643 12.014134
v -37.633508 8.032669 10.969427
v -32.938925 8.281758 10.969427
v -33.816058 5.096685 12.014134
v -36.424172 4.958301 12.014134
v -37.467448 4.902946 10.969427
v -32.772865 5.152036 10.969427
v -32.025595 -8.931696 0.000000
v -32.902728 -12.116768 0.000000
v -35.510842 -12.255153 0.000000
v -36.720178 -9.180788 0.000000
v -34.989225 -12.227474 1.567060
v -35.621556 -10.168673 3.134122
v -36.720178 -9.180788 3.134122
v -33.424366 -12.144446 1.567060
v -33.013434 -10.030290 3.134122
v -32.902728 -12.116768 5.745889
v -35.510842 -12.255153 5.745889
v -36.609471 -11.267268 5.745889
v -35.510842 -12.255153 8.357658
v -36.609471 -11.267270 8.357658
v -36.692501 -9.702409 10.447071
v -36.941591 -5.007831 8.880012
v -32.902728 -12.116768 8.357658
v -35.621555 -10.168677 11.491778
v -33.013434 -10.030292 11.491778
v -35.898315 -4.952476 9.924718
v -33.290201 -4.814093 9.924718
v -31.997925 -9.453319 10.447071
v -31.914901 -11.018178 8.357658
v -31.914901 -11.018178 5.745889
v -32.025594 -8.931700 3.134122
v -32.247008 -4.758739 8.880010
v -33.428592 -2.205991 9.924718
v -32.385398 -2.150641 8.880010
v -36.036706 -2.344375 9.924718
v -32.523781 0.457458 9.402363
v -33.539291 -0.119514 10.447071
v -37.079982 -2.399730 8.880012
v -37.218358 0.208369 9.402365
v -36.147412 -0.257898 10.447071
v -33.622321 1.445345 12.014134
v -36.230442 1.306961 12.014134
v -37.301388 1.773228 10.969427
v -32.606811 2.022317 10.969427
v -34.989225 -12.227474 -1.567060
v -35.621556 -10.168673 -3.134122
v -36.720178 -9.180788 -3.134122
v -33.424366 -12.144446 -1.567060
v -33.013434 -10.030290 -3.134122
v -36.609471 -11.267268 -5.745889
v -36.609471 -11.267270 -8.357658
v -36.692501 -9.702409 -10.447071
v -36.941591 -5.007831 -8.880012
v -31.997925 -9.453319 -10.447071
v -31.914901 -11.018178 -8.357658
v -31.914901 -11.018178 -5.745889
v -32.025594 -8.931700 -3.134122
v -32.247008 -4.758739 -8.880010
v -32.385398 -2.150641 -8.880010
v -32.523781 0.457458 -9.402363
v -37.079982 -2.399730 -8.880012
v -37.218358 0.208369 -9.402365
v -37.301388 1.773228 -10.969427
v -32.606811 2.022317 -10.969427
v -34.729388 22.310138 -5.745889
v -37.337502 22.171754 -5.745889
v -37.337502 22.171754 -8.357658
v -34.729388 22.310138 -8.357658
v -37.226796 20.085278 -11.491778
v -34.618682 20.223662 -11.491778
v -36.950036 14.869080 -9.924718
v -34.341922 15.007464 -9.924718
v -34.203532 12.399365 -9.924718
v -36.811646 12.260981 -9.924718
v -34.092825 10.312885 -10.447071
v -36.700939 10.174501 -10.447071
v -34.009795 8.748026 -12.014134
v -36.617909 8.609643 -12.014134
v -33.816058 5.096685 -12.014134
v -36.424172 4.958301 -12.014134
v -32.902728 -12.116768 -5.745889
v -35.510842 -12.255153 -5.745889
v -35.510842 -12.255153 -8.357658
v -32.902728 -12.116768 -8.357658
v -35.621555 -10.168677 -11.491778
v -33.013434 -10.030292 -11.491778
v -35.898315 -4.952476 -9.924718
v -33.290201 -4.814093 -9.924718
v -33.428592 -2.205991 -9.924718
v -36.036706 -2.344375 -9.924718
v -33.539291 -0.119514 -10.447071
v -36.147412 -0.257898 -10.447071
v -33.622321 1.445345 -12.014134
v -36.230442 1.306961 -12.014134
v -26.668814 7.254869 -4.258815
v -26.574703 5.480906 -4.258815
v -33.207242 6.907946 -4.258815
v -33.291288 8.492079 -4.258813
v -33.443046 11.352769 -2.333210
v -30.289551 11.520092 -2.333204
v -30.137765 8.659401 -4.258815
v -33.382360 10.208500 -3.431184
v -30.228864 10.375815 -3.431185
v -33.481769 12.082585 0.000001
v -30.328274 12.249901 0.000001
v -32.744396 -1.814616 0.000001
v -29.590901 -1.647290 0.000001
v -26.480564 3.706943 -4.258815
v -33.018985 3.360019 -4.258815
v -32.934933 1.775887 -4.258815
v -32.783133 -1.084805 -2.333208
v -29.629624 -0.917480 -2.333206
v -29.781410 1.943212 -4.258815
v -32.843861 0.059471 -3.431186
v -29.690366 0.226796 -3.431186
v -33.113110 5.133983 -4.258815
v -26.668814 7.254869 4.258817
v -26.574703 5.480906 4.258817
v -33.207242 6.907946 4.258817
v -33.291288 8.492079 4.258815
v -33.443046 11.352769 2.333211
v -30.289544 11.520090 2.333206
v -30.137758 8.659401 4.258817
v -33.382360 10.208500 3.431186
v -30.228864 10.375815 3.431186
v -26.668814 7.254869 0.000003
v -26.574703 5.480905 0.000003
v -30.228864 10.375815 0.000003
v -30.137779 8.659400 0.000003
v -26.480564 3.706943 4.258817
v -33.018985 3.360019 4.258817
v -32.934933 1.775887 4.258817
v -32.783133 -1.084805 2.333210
v -29.629638 -0.917481 2.333210
v -29.781424 1.943211 4.258817
v -32.843861 0.059471 3.431188
v -29.690366 0.226796 3.431188
v -26.480564 3.706943 0.000003
v -29.690366 0.226796 0.000003
v -29.781424 1.943211 0.000003
v -33.113110 5.133983 4.258817
v -37.569516 13.445529 0.000000
v -104.955299 9.870095 0.000000
v -36.737215 -2.240771 1.421707
v -100.250787 -5.610744 1.421707
v -103.758716 -3.924106 1.421707
v -37.241194 7.257670 1.421707
v -104.140183 3.265377 1.421707
v -36.737215 -2.240771 0.000000
v -100.250787 -5.610744 0.000000
v -103.758716 -3.924106 0.000000
v -120.376353 8.409797 0.000000
v -116.781194 10.189956 0.000000
v -116.669905 3.078696 1.421707
v -36.737215 -2.240771 -1.421707
v -100.250787 -5.610744 -1.421707
v -103.758716 -3.924106 -1.421707
v -37.241194 7.257670 -1.421707
v -104.140183 3.265377 -1.421707
v -116.669905 3.078696 -1.421707
v -58.677076 3.298724 2.138058
v -57.798053 4.367414 2.138058
v -50.530475 4.832801 2.138058
v -49.178308 6.754438 2.138058
v -37.343127 7.382400 2.138058
v -37.095139 2.708710 2.138058
v -48.717444 2.092043 2.138058
v -50.181893 3.272089 2.138058
v -57.953723 2.779946 2.138058
v -59.654743 3.045152 1.421707
v -58.161339 4.930273 1.421707
v -58.433312 2.047676 1.421707
v -50.647114 5.435199 1.421707
v -50.070434 2.597631 1.421707
v -49.245393 7.527914 0.975393
v -48.650366 1.318567 1.421707
v -37.384240 8.157255 0.975393
v -37.054039 1.933856 1.421707
v -33.239188 11.050942 0.000000
v -33.169338 9.734481 -2.803140
v -32.934589 5.310188 -3.462431
v -32.702365 0.933499 -2.803140
v -32.629983 -0.430565 0.000000
v 25.142676 11.334086 0.000000
v 25.205679 10.146927 -2.461679
v 25.389803 6.676508 -3.040659
v 25.584529 3.006523 -2.461680
v 25.636930 2.018931 0.000000
v -3.809856 6.699550 -3.317698
v -4.027748 10.805870 -2.685966
v -4.091892 12.014796 0.000000
v -3.527834 1.384304 0.000000
v -3.595388 2.657218 -2.685966
v -18.377137 6.097498 -3.406122
v -18.605619 10.403673 -2.757553
v -18.672002 11.654789 0.000000
v -18.082273 0.540210 0.000000
v -18.153570 1.883953 -2.757553
v 10.776014 6.950989 -3.200420
v 10.572401 10.788456 -2.591020
v 10.509571 11.972620 0.000000
v 11.042443 1.929359 0.000000
v 10.980878 3.089935 -2.591020
v -33.169338 9.734481 2.803140
v -32.934589 5.310188 3.462431
v -32.702365 0.933499 2.803141
v 25.205679 10.146927 2.461680
v 25.389803 6.676508 3.040660
v 25.584529 3.006523 2.461680
v -3.809856 6.699550 3.317698
v -4.027748 10.805870 2.685967
v -3.595388 2.657218 2.685967
v -18.377137 6.097498 3.406122
v -18.605619 10.403673 2.757554
v -18.153570 1.883953 2.757554
v 10.776014 6.950989 3.200420
v 10.572401 10.788456 2.591020
v 10.980878 3.089935 2.591021
v 28.035152 12.330514 0.000003
v 33.258227 12.262123 0.000003
v 35.835590 9.616384 0.000003
v 35.795449 6.550755 0.000003
v 28.035152 12.330513 -2.869264
v 28.021474 11.285896 -4.219510
v 33.258227 12.262123 -2.869264
v 35.835591 9.616382 -2.869264
v 32.199915 11.231184 -4.219510
v 34.777278 8.585443 -4.219510
v 35.795449 6.550755 -2.869263
v 28.000957 9.718970 -4.219510
v 34.750814 6.564432 -4.219509
v 32.661573 6.591789 -4.219510
v 32.681212 8.090492 -4.219510
v 31.134791 9.677936 -4.219510
v 32.158894 8.097330 -3.544387
v 32.139256 6.598628 -3.544387
v 31.127952 9.155627 -3.544387
v 27.994131 9.196661 -3.544387
v 27.886491 0.976169 0.000003
v 33.109539 0.907777 0.000003
v 35.755293 3.485126 0.000003
v 27.886477 0.976172 -2.869264
v 27.900169 2.020790 -4.219510
v 33.109539 0.907777 -2.869264
v 35.755293 3.485127 -2.869264
v 32.078583 1.966074 -4.219510
v 34.724350 4.543420 -4.219510
v 27.920659 3.587716 -4.219510
v 32.641948 5.093088 -4.219510
v 31.054507 3.546678 -4.219510
v 32.119617 5.099926 -3.544387
v 31.061346 4.068988 -3.544387
v 27.927498 4.110021 -3.544387
v 30.877463 8.624807 -3.544387
v 31.804808 7.797898 -3.544387
v 31.789185 6.603213 -3.544387
v 24.905592 6.693346 -3.544387
v 25.372558 8.696887 -3.544387
v 23.300461 9.780519 -4.219510
v 23.334669 12.392062 -2.869264
v 27.247312 12.340829 -2.869264
v 27.213117 9.729285 -4.219510
v 27.939846 8.663272 -3.544387
v 27.913548 6.653960 -3.544387
v 30.851124 6.615496 -3.544387
v 23.320964 11.347446 -4.219510
v 27.233607 11.296213 -4.219510
v 24.918727 7.698002 -3.544387
v 25.346246 6.687577 -3.544387
v 23.334669 12.392062 0.000003
v 27.247326 12.340830 0.000003
v 23.185995 1.037718 0.000003
v 27.098652 0.986488 0.000003
v 30.824839 4.606186 -3.544387
v 31.773548 5.408527 -3.544387
v 25.319920 4.678267 -3.544387
v 23.220163 3.649261 -4.219510
v 23.185995 1.037719 -2.869264
v 27.098652 0.986489 -2.869264
v 27.132833 3.598033 -4.219510
v 27.887209 4.644650 -3.544387
v 23.199660 2.082333 -4.219510
v 27.112289 2.031107 -4.219510
v 24.892456 5.688692 -3.544387
v 28.035152 12.330513 2.869270
v 28.021474 11.285896 4.219517
v 33.258227 12.262123 2.869270
v 35.835591 9.616382 2.869270
v 32.199915 11.231184 4.219517
v 34.777278 8.585443 4.219515
v 35.795449 6.550755 2.869269
v 28.000957 9.718970 4.219516
v 34.750814 6.564432 4.219515
v 32.661573 6.591789 4.219515
v 32.681212 8.090492 4.219516
v 31.134791 9.677936 4.219516
v 32.158894 8.097330 3.544393
v 32.139256 6.598628 3.544393
v 31.127952 9.155627 3.544393
v 27.994131 9.196661 3.544393
v 27.886477 0.976172 2.869270
v 27.900169 2.020790 4.219517
v 33.109539 0.907777 2.869270
v 35.755293 3.485127 2.869270
v 32.078583 1.966074 4.219517
v 34.724350 4.543420 4.219515
v 27.920659 3.587716 4.219516
v 32.641948 5.093088 4.219516
v 31.054507 3.546678 4.219516
v 32.119617 5.099926 3.544393
v 31.061346 4.068988 3.544393
v 27.927498 4.110021 3.544393
v 27.994131 9.196661 0.000003
v 27.927498 4.110021 0.000003
v 32.158894 8.097330 0.000003
v 32.139256 6.598628 0.000003
v 31.127952 9.155627 0.000003
v 32.119617 5.099926 0.000003
v 31.061346 4.068988 0.000003
v 30.877463 8.624807 3.544393
v 31.804808 7.797898 3.544393
v 31.789185 6.603212 3.544393
v 24.905592 6.693347 3.544393
v 25.372558 8.696887 3.544393
v 23.300461 9.780519 4.219517
v 23.334669 12.392062 2.869270
v 27.247326 12.340830 2.869270
v 27.213117 9.729283 4.219517
v 27.939846 8.663272 3.544393
v 27.913548 6.653960 3.544393
v 30.851124 6.615496 3.544393
v 23.320964 11.347446 4.219517
v 27.233607 11.296213 4.219517
v 24.918727 7.698002 3.544393
v 25.346246 6.687577 3.544393
v 30.877463 8.624807 0.000003
v 31.804808 7.797898 0.000003
v 31.789185 6.603213 0.000003
v 24.905592 6.693347 0.000003
v 24.918727 7.698002 0.000003
v 25.372558 8.696887 0.000003
v 23.300461 9.780519 0.000003
v 23.320964 11.347446 0.000003
v 27.233607 11.296213 0.000003
v 27.213103 9.729288 0.000003
v 27.939846 8.663272 0.000003
v 30.824839 4.606186 3.544393
v 31.773548 5.408527 3.544393
v 25.319920 4.678267 3.544393
v 23.220163 3.649261 4.219517
v 23.185995 1.037719 2.869270
v 27.098638 0.986490 2.869270
v 27.132819 3.598033 4.219517
v 27.887209 4.644650 3.544393
v 23.199660 2.082333 4.219517
v 27.112289 2.031107 4.219517
v 24.892456 5.688692 3.544393
v 30.824839 4.606186 0.000003
v 31.773548 5.408527 0.000003
v 24.892456 5.688692 0.000003
v 25.319920 4.678267 0.000003
v 23.220163 3.649261 0.000003
v 23.199660 2.082333 0.000003
v 27.112289 2.031107 0.000003
v 27.132819 3.598033 0.000003
v 27.887209 4.644650 0.000003
v -116.669905 3.078696 0.000000
vt 0.439176 0.139740
vt 0.442791 0.143861
vt 0.432681 0.145687
vt 0.443033 0.195335
vt 0.451411 0.204915
vt 0.422666 0.204137
vt 0.431732 0.193611
vt 0.451938 0.281564
vt 0.422666 0.281838
vt 0.426745 0.142888
vt 0.440108 0.131735
vt 0.449118 0.139687
vt 0.413564 0.203236
vt 0.425413 0.192435
vt 0.449666 0.195127
vt 0.458349 0.204755
vt 0.413411 0.281758
vt 0.458888 0.281495
vt 0.321874 0.413404
vt 0.300004 0.413404
vt 0.298665 0.402714
vt 0.312602 0.392470
vt 0.414709 0.413404
vt 0.322136 0.392794
vt 0.462626 0.570561
vt 0.471898 0.549626
vt 0.472160 0.570237
vt 0.308416 0.358489
vt 0.308415 0.375639
vt 0.318707 0.344771
vt 0.349570 0.355072
vt 0.458440 0.604542
vt 0.458439 0.587391
vt 0.468731 0.618259
vt 0.564733 0.549626
vt 0.499593 0.607959
vt 0.516735 0.607955
vt 0.533876 0.611382
vt 0.366712 0.355076
vt 0.383852 0.351650
vt 0.394138 0.341360
vt 0.544162 0.621671
vt 0.414709 0.341361
vt 0.564733 0.621670
vt 0.885364 0.022857
vt 0.872456 0.011370
vt 0.889844 0.012858
vt 0.322136 0.434016
vt 0.312601 0.434340
vt 0.298665 0.424095
vt 0.875023 0.022181
vt 0.888146 0.040095
vt 0.897622 0.059364
vt 0.888146 0.061207
vt 0.897622 0.035938
vt 0.888146 0.077302
vt 0.308416 0.468320
vt 0.308415 0.451170
vt 0.897622 0.080055
vt 0.318707 0.482038
vt 0.897622 0.100563
vt 0.349570 0.471738
vt 0.888146 0.099259
vt 0.870728 0.099252
vt 0.870728 0.077232
vt 0.897622 0.134377
vt 0.888146 0.133310
vt 0.870728 0.133310
vt 0.861253 0.100566
vt 0.861253 0.080092
vt 0.870728 0.061088
vt 0.861253 0.059269
vt 0.870728 0.039740
vt 0.458440 0.494710
vt 0.472160 0.529015
vt 0.458439 0.511860
vt 0.861253 0.035624
vt 0.468731 0.480993
vt 0.462626 0.528691
vt 0.499593 0.491293
vt 0.861253 0.134380
vt 0.870728 0.151186
vt 0.516735 0.491297
vt 0.861253 0.150488
vt 0.888146 0.151188
vt 0.861253 0.166629
vt 0.533876 0.487871
vt 0.870728 0.165938
vt 0.897622 0.150475
vt 0.366712 0.471734
vt 0.897622 0.166554
vt 0.383852 0.475160
vt 0.888146 0.165953
vt 0.870728 0.180145
vt 0.888146 0.180126
vt 0.897622 0.181405
vt 0.394138 0.485450
vt 0.861253 0.181355
vt 0.544162 0.477581
vt 0.870728 0.203590
vt 0.888146 0.203590
vt 0.897622 0.203590
vt 0.414709 0.485448
vt 0.861253 0.203590
vt 0.564733 0.477583
vt 0.884681 0.384668
vt 0.888202 0.395102
vt 0.870784 0.395156
vt 0.507544 0.413404
vt 0.529414 0.413404
vt 0.530754 0.424095
vt 0.516817 0.434340
vt 0.507283 0.434016
vt 0.874235 0.384691
vt 0.666840 0.528691
vt 0.657568 0.549626
vt 0.657306 0.529015
vt 0.888146 0.367263
vt 0.888146 0.346027
vt 0.897622 0.347895
vt 0.897622 0.371404
vt 0.888146 0.329901
vt 0.521002 0.468320
vt 0.521003 0.451170
vt 0.897622 0.327154
vt 0.510711 0.482038
vt 0.897622 0.306628
vt 0.479849 0.471738
vt 0.888146 0.307929
vt 0.870728 0.329925
vt 0.870728 0.307922
vt 0.897622 0.272806
vt 0.888146 0.273872
vt 0.870728 0.273868
vt 0.861253 0.306604
vt 0.861253 0.327059
vt 0.870728 0.346037
vt 0.861253 0.347834
vt 0.870728 0.367264
vt 0.671026 0.494710
vt 0.671027 0.511860
vt 0.861253 0.371396
vt 0.660735 0.480993
vt 0.629872 0.491293
vt 0.861253 0.272798
vt 0.870728 0.255993
vt 0.612731 0.491297
vt 0.861253 0.256691
vt 0.888146 0.255993
vt 0.861253 0.240550
vt 0.595590 0.487871
vt 0.870728 0.241242
vt 0.897622 0.256707
vt 0.462707 0.471734
vt 0.897622 0.240627
vt 0.445566 0.475160
vt 0.888146 0.241228
vt 0.870728 0.227035
vt 0.888146 0.227054
vt 0.897622 0.225775
vt 0.435280 0.485450
vt 0.861253 0.225825
vt 0.585304 0.477581
vt 0.507283 0.392794
vt 0.516817 0.392470
vt 0.530754 0.402714
vt 0.521002 0.358489
vt 0.521003 0.375639
vt 0.510711 0.344771
vt 0.479849 0.355072
vt 0.671026 0.604542
vt 0.657306 0.570238
vt 0.671027 0.587392
vt 0.660735 0.618259
vt 0.666840 0.570561
vt 0.629872 0.607959
vt 0.612730 0.607955
vt 0.595589 0.611382
vt 0.462707 0.355076
vt 0.445566 0.351650
vt 0.435280 0.341360
vt 0.585304 0.621671
vt 0.448689 0.560316
vt 0.450028 0.549626
vt 0.448689 0.538936
vt 0.680777 0.538936
vt 0.679438 0.549626
vt 0.680777 0.560316
vt 0.885364 0.022857
vt 0.889844 0.012858
vt 0.872456 0.011370
vt 0.875023 0.022181
vt 0.888146 0.040095
vt 0.888146 0.061207
vt 0.897622 0.059364
vt 0.897622 0.035938
vt 0.888146 0.077302
vt 0.897622 0.080055
vt 0.897622 0.100563
vt 0.888146 0.099259
vt 0.870728 0.077232
vt 0.870728 0.099252
vt 0.897622 0.134377
vt 0.888146 0.133310
vt 0.870728 0.133310
vt 0.861253 0.100566
vt 0.861253 0.080092
vt 0.870728 0.061088
vt 0.861253 0.059269
vt 0.870728 0.039740
vt 0.861253 0.035624
vt 0.861253 0.134380
vt 0.870728 0.151186
vt 0.861253 0.150488
vt 0.888146 0.151188
vt 0.861253 0.166629
vt 0.870728 0.165938
vt 0.897622 0.150475
vt 0.897622 0.166554
vt 0.888146 0.165953
vt 0.870728 0.180145
vt 0.888146 0.180126
vt 0.897622 0.181405
vt 0.861253 0.181355
vt 0.870728 0.203590
vt 0.888146 0.203590
vt 0.897622 0.203590
vt 0.861253 0.203590
vt 0.884681 0.384668
vt 0.870784 0.395156
vt 0.888202 0.395102
vt 0.874235 0.384691
vt 0.888146 0.367263
vt 0.897622 0.347895
vt 0.888146 0.346027
vt 0.897622 0.371404
vt 0.888146 0.329901
vt 0.897622 0.327154
vt 0.897622 0.306628
vt 0.888146 0.307929
vt 0.870728 0.307922
vt 0.870728 0.329925
vt 0.897622 0.272806
vt 0.888146 0.273872
vt 0.870728 0.273868
vt 0.861253 0.306604
vt 0.861253 0.327059
vt 0.870728 0.346037
vt 0.861253 0.347834
vt 0.870728 0.367264
vt 0.861253 0.371396
vt 0.861253 0.272798
vt 0.870728 0.255993
vt 0.861253 0.256691
vt 0.888146 0.255993
vt 0.861253 0.240550
vt 0.870728 0.241242
vt 0.897622 0.256707
vt 0.897622 0.240627
vt 0.888146 0.241228
vt 0.870728 0.227035
vt 0.888146 0.227054
vt 0.897622 0.225775
vt 0.861253 0.225825
vt 0.553570 0.409184
vt 0.545469 0.410283
vt 0.545439 0.433308
vt 0.553545 0.432237
vt 0.565972 0.408321
vt 0.565955 0.431395
vt 0.540783 0.412539
vt 0.540749 0.435506
vt 0.628183 0.408776
vt 0.628209 0.431832
vt 0.636828 0.432811
vt 0.636796 0.409783
vt 0.615393 0.408050
vt 0.615410 0.431126
vt 0.642599 0.434953
vt 0.642564 0.411982
vt 0.603754 0.455993
vt 0.603735 0.408114
vt 0.590682 0.408185
vt 0.590682 0.456064
vt 0.577628 0.408257
vt 0.577610 0.456135
vt 0.800335 0.731007
vt 0.800335 0.758975
vt 0.775757 0.758975
vt 0.775757 0.731007
vt 0.812001 0.731007
vt 0.812001 0.758975
vt 0.756945 0.746329
vt 0.752145 0.731007
vt 0.764470 0.731007
vt 0.764470 0.753540
vt 0.553570 0.409184
vt 0.553545 0.432237
vt 0.545439 0.433308
vt 0.545469 0.410283
vt 0.565972 0.408321
vt 0.565955 0.431395
vt 0.540749 0.435506
vt 0.540783 0.412539
vt 0.800335 0.703039
vt 0.812001 0.703039
vt 0.756945 0.715685
vt 0.764470 0.708474
vt 0.775758 0.703039
vt 0.628183 0.408776
vt 0.636796 0.409783
vt 0.636828 0.432811
vt 0.628209 0.431832
vt 0.615393 0.408050
vt 0.615410 0.431126
vt 0.642564 0.411982
vt 0.642599 0.434953
vt 0.823667 0.731007
vt 0.823667 0.703039
vt 0.848244 0.703039
vt 0.848244 0.731007
vt 0.867057 0.715684
vt 0.871856 0.731007
vt 0.859532 0.731007
vt 0.859532 0.708474
vt 0.823667 0.758975
vt 0.867057 0.746329
vt 0.859532 0.753539
vt 0.848244 0.758975
vt 0.603754 0.455993
vt 0.590682 0.456064
vt 0.590682 0.408185
vt 0.603735 0.408114
vt 0.577610 0.456135
vt 0.577628 0.408257
vt 0.036791 0.714721
vt 0.046691 0.902038
vt 0.018342 0.903133
vt 0.010949 0.714128
vt 0.068970 0.728371
vt 0.070156 0.902779
vt 0.061323 0.714657
vt 0.035061 0.664536
vt 0.008150 0.666152
vt 0.075590 0.729560
vt 0.076779 0.903577
vt 0.067955 0.715866
vt 0.014462 0.650782
vt 0.036791 0.714721
vt 0.010949 0.714128
vt 0.018342 0.903133
vt 0.046691 0.902038
vt 0.068970 0.728371
vt 0.070156 0.902779
vt 0.061323 0.714657
vt 0.035061 0.664536
vt 0.008150 0.666152
vt 0.076779 0.903577
vt 0.075590 0.729560
vt 0.067955 0.715866
vt 0.014462 0.650782
vt 0.439176 0.139740
vt 0.442791 0.143861
vt 0.432681 0.145687
vt 0.443033 0.195335
vt 0.451411 0.204915
vt 0.422666 0.204137
vt 0.431732 0.193611
vt 0.451938 0.281564
vt 0.422666 0.281838
vt 0.426745 0.142888
vt 0.440108 0.131735
vt 0.449118 0.139687
vt 0.413564 0.203236
vt 0.425413 0.192435
vt 0.449666 0.195127
vt 0.458349 0.204755
vt 0.413411 0.281758
vt 0.458888 0.281495
vt 0.546740 -0.001314
vt 0.550200 0.108393
vt 0.566672 0.108393
vt 0.563213 -0.001314
vt 0.589285 0.108393
vt 0.585826 -0.001314
vt 0.611712 0.108393
vt 0.608253 -0.001314
vt 0.627603 0.108393
vt 0.624143 -0.001314
vt 0.566672 0.205380
vt 0.566672 0.302377
vt 0.589285 0.302377
vt 0.589285 0.205380
vt 0.550200 0.205380
vt 0.550200 0.302377
vt 0.611712 0.205380
vt 0.611712 0.302377
vt 0.627603 0.302377
vt 0.627603 0.205380
vt 0.566672 0.399538
vt 0.589285 0.399538
vt 0.550200 0.399538
vt 0.611712 0.399538
vt 0.627603 0.399538
vt 0.546740 -0.001314
vt 0.563213 -0.001314
vt 0.566672 0.108393
vt 0.550200 0.108393
vt 0.585826 -0.001314
vt 0.589285 0.108393
vt 0.608253 -0.001314
vt 0.611712 0.108393
vt 0.624143 -0.001314
vt 0.627603 0.108393
vt 0.566672 0.205380
vt 0.589285 0.205380
vt 0.589285 0.302377
vt 0.566672 0.302377
vt 0.550200 0.205380
vt 0.550200 0.302377
vt 0.611712 0.205380
vt 0.627603 0.205380
vt 0.627603 0.302377
vt 0.611712 0.302377
vt 0.589285 0.399538
vt 0.566672 0.399538
vt 0.550200 0.399538
vt 0.627603 0.399538
vt 0.611712 0.399538
vt 0.231312 0.669296
vt 0.253116 0.696373
vt 0.245063 0.656805
vt 0.264773 0.683727
vt 0.277827 0.711100
vt 0.283743 0.694386
vt 0.301668 0.714769
vt 0.270212 0.672203
vt 0.255303 0.650063
vt 0.289980 0.683177
vt 0.301668 0.695124
vt 0.264876 0.644475
vt 0.301668 0.683259
vt 0.301668 0.668812
vt 0.290671 0.669438
vt 0.276637 0.661862
vt 0.301667 0.663247
vt 0.290757 0.663645
vt 0.281466 0.658742
vt 0.269670 0.641382
vt 0.372829 0.669410
vt 0.358272 0.656804
vt 0.350220 0.697639
vt 0.338563 0.683727
vt 0.325624 0.711791
vt 0.319593 0.694386
vt 0.333123 0.672202
vt 0.348032 0.650063
vt 0.313355 0.683177
vt 0.338459 0.644474
vt 0.312664 0.669438
vt 0.326698 0.661862
vt 0.312578 0.663645
vt 0.321869 0.658742
vt 0.333665 0.641381
vt 0.925163 0.364452
vt 0.925075 0.375663
vt 0.950771 0.375863
vt 0.950859 0.364652
vt 0.939006 0.346035
vt 0.925243 0.354161
vt 0.950939 0.354362
vt 0.955867 0.346166
vt 0.975159 0.346317
vt 0.981362 0.341015
vt 0.981423 0.333169
vt 0.975262 0.333121
vt 0.955970 0.332970
vt 0.939109 0.332839
vt 0.936215 0.332816
vt 0.936164 0.339414
vt 0.924928 0.394505
vt 0.950625 0.394705
vt 0.925657 0.301012
vt 0.951353 0.301213
vt 0.951441 0.290002
vt 0.925745 0.289801
vt 0.939212 0.319643
vt 0.956073 0.319774
vt 0.951273 0.311504
vt 0.925577 0.311303
vt 0.975365 0.319925
vt 0.981484 0.325323
vt 0.936267 0.326218
vt 0.951588 0.271160
vt 0.925892 0.270959
vt 0.231312 0.669296
vt 0.245063 0.656805
vt 0.253116 0.696373
vt 0.264773 0.683727
vt 0.277827 0.711100
vt 0.283743 0.694386
vt 0.301668 0.714769
vt 0.270212 0.672203
vt 0.255303 0.650063
vt 0.289980 0.683177
vt 0.301668 0.695124
vt 0.264876 0.644475
vt 0.301668 0.683259
vt 0.301668 0.668812
vt 0.290671 0.669438
vt 0.276637 0.661862
vt 0.290757 0.663645
vt 0.301667 0.663247
vt 0.281466 0.658742
vt 0.269670 0.641382
vt 0.372829 0.669410
vt 0.350220 0.697639
vt 0.358272 0.656804
vt 0.338563 0.683727
vt 0.325624 0.711791
vt 0.319593 0.694386
vt 0.333123 0.672202
vt 0.348032 0.650063
vt 0.313355 0.683177
vt 0.338459 0.644474
vt 0.312664 0.669438
vt 0.326698 0.661862
vt 0.312578 0.663645
vt 0.321869 0.658742
vt 0.333665 0.641381
vt 0.961697 0.125928
vt 0.952830 0.132788
vt 0.957263 0.112206
vt 0.961697 0.115637
vt 0.915145 0.132788
vt 0.906277 0.125928
vt 0.906277 0.115637
vt 0.910711 0.112207
vt 0.906277 0.018231
vt 0.915144 0.011371
vt 0.910711 0.031953
vt 0.906277 0.028522
vt 0.952829 0.011371
vt 0.961696 0.018231
vt 0.961696 0.028522
vt 0.957263 0.031952
vt 0.933987 0.132788
vt 0.933987 0.112206
vt 0.933987 0.011371
vt 0.933987 0.031952
vt 0.910711 0.081922
vt 0.910711 0.072080
vt 0.933987 0.072079
vt 0.933987 0.081922
vt 0.910711 0.091625
vt 0.933987 0.091625
vt 0.957263 0.072079
vt 0.957263 0.081922
vt 0.957263 0.091625
vt 0.957263 0.062236
vt 0.933987 0.062237
vt 0.957263 0.052534
vt 0.933987 0.052534
vt 0.910711 0.062237
vt 0.910711 0.052534
vt 0.404956 0.743966
vt 0.404956 0.720690
vt 0.413115 0.720690
vt 0.413115 0.743966
vt 0.420962 0.720690
vt 0.420961 0.743966
vt 0.910711 0.187611
vt 0.933987 0.187611
vt 0.933987 0.194209
vt 0.910711 0.194209
vt 0.910711 0.201414
vt 0.933987 0.201414
vt 0.933987 0.216770
vt 0.906277 0.216770
vt 0.933987 0.227061
vt 0.906277 0.227061
vt 0.361090 0.739532
vt 0.361090 0.720690
vt 0.366899 0.720690
vt 0.366899 0.748399
vt 0.377190 0.748399
vt 0.377190 0.720690
vt 0.385663 0.720690
vt 0.385663 0.743966
vt 0.933987 0.233922
vt 0.915144 0.233922
vt 0.925163 0.364452
vt 0.950859 0.364652
vt 0.950771 0.375863
vt 0.925075 0.375663
vt 0.939006 0.346035
vt 0.955867 0.346166
vt 0.950939 0.354362
vt 0.925243 0.354161
vt 0.975159 0.346317
vt 0.975262 0.333121
vt 0.981423 0.333169
vt 0.981362 0.341015
vt 0.955970 0.332970
vt 0.939109 0.332839
vt 0.936164 0.339414
vt 0.936215 0.332816
vt 0.950625 0.394705
vt 0.924928 0.394505
vt 0.404956 0.697414
vt 0.413115 0.697414
vt 0.420961 0.697414
vt 0.957263 0.187611
vt 0.957263 0.194209
vt 0.957263 0.201414
vt 0.961696 0.216770
vt 0.961697 0.227061
vt 0.361090 0.701847
vt 0.366899 0.692980
vt 0.377190 0.692980
vt 0.385663 0.697414
vt 0.952829 0.233922
vt 0.925657 0.301012
vt 0.925745 0.289801
vt 0.951441 0.290002
vt 0.951353 0.301213
vt 0.939212 0.319643
vt 0.925577 0.311303
vt 0.951273 0.311504
vt 0.956073 0.319774
vt 0.975365 0.319925
vt 0.981484 0.325323
vt 0.936267 0.326218
vt 0.925892 0.270959
vt 0.951588 0.271160
vt 0.436967 0.697414
vt 0.436967 0.720690
vt 0.428808 0.720690
vt 0.428808 0.697414
vt 0.933987 0.181013
vt 0.957263 0.181013
vt 0.957263 0.173808
vt 0.933987 0.173808
vt 0.933987 0.158452
vt 0.961696 0.158452
vt 0.933987 0.148161
vt 0.961696 0.148161
vt 0.481884 0.701847
vt 0.481884 0.720690
vt 0.475024 0.720690
vt 0.475024 0.692980
vt 0.464733 0.692980
vt 0.464733 0.720690
vt 0.456260 0.720690
vt 0.456260 0.697414
vt 0.933987 0.141301
vt 0.952829 0.141301
vt 0.436967 0.743966
vt 0.428808 0.743966
vt 0.910711 0.181013
vt 0.910711 0.173808
vt 0.906277 0.158452
vt 0.906277 0.148161
vt 0.481884 0.739532
vt 0.475024 0.748399
vt 0.464733 0.748399
vt 0.456260 0.743966
vt 0.915144 0.141301
vt 0.035061 0.664536
vt 0.061323 0.714657
vn -0.484732 0.081568 -0.870851
vn -0.060562 0.336189 -0.939845
vn 0.006048 -0.380553 -0.924739
vn -0.009053 -0.316324 -0.948608
vn -0.046598 0.203955 -0.977871
vn -0.010943 -0.136186 -0.990623
vn -0.046224 0.227518 -0.972676
vn -0.011167 0.210467 -0.977537
vn 0.006885 -0.129759 -0.991522
vn -0.590414 -0.003675 -0.807092
vn -0.169857 0.732831 -0.658868
vn -0.037525 -0.689526 -0.723288
vn -0.261028 0.727979 -0.633965
vn -0.112713 0.824273 -0.554860
vn -0.010218 -0.679937 -0.733200
vn -0.090006 -0.727482 -0.680198
vn -0.044071 0.830606 -0.555114
vn 0.035941 -0.677376 -0.734759
vn -0.999937 0.011229 0.000000
vn -0.956736 0.290957 0.000001
vn -0.600780 0.794891 0.084925
vn -0.384418 0.776300 -0.499581
vn -0.998595 -0.052985 0.000000
vn -0.999842 -0.013351 0.011776
vn 0.522373 0.844785 0.116033
vn 0.993135 0.116975 0.000000
vn 0.995641 0.092523 0.011774
vn -0.981075 0.173724 -0.085512
vn -0.926567 0.334194 0.172592
vn -0.973031 -0.016425 -0.230091
vn -0.996622 -0.063439 -0.052152
vn 0.957188 0.276551 -0.085507
vn 0.886015 0.430341 0.172582
vn 0.969311 0.086629 -0.230069
vn 0.998595 0.052985 -0.000000
vn 0.997740 0.042381 -0.052149
vn 0.993965 0.061421 -0.090888
vn 0.995028 0.082620 -0.055611
vn -0.994883 -0.044109 -0.090896
vn -0.998184 -0.023136 -0.055615
vn -0.992028 -0.015628 -0.125046
vn 0.988113 0.089435 -0.125034
vn -0.994841 -0.052785 -0.086632
vn 0.994842 0.052784 -0.086626
vn -0.384418 0.776300 0.499582
vn -0.052985 0.998595 0.000000
vn -0.052985 0.998595 0.000000
vn -0.999842 -0.013351 -0.011775
vn -0.600780 0.794891 -0.084924
vn 0.378658 0.782146 0.494839
vn -0.926567 0.334194 -0.172592
vn -0.279240 0.895073 -0.347664
vn -0.273228 0.907315 0.319573
vn -0.981075 0.173724 0.085514
vn -0.973030 -0.016425 0.230091
vn -0.996622 -0.063439 0.052152
vn -0.243023 0.201681 0.948823
vn 0.220319 0.226266 0.948822
vn 0.175684 0.931133 0.319573
vn -0.258566 -0.208374 0.943252
vn 0.279170 -0.179842 0.943250
vn 0.969311 0.086629 0.230068
vn 0.957188 0.276551 0.085505
vn 0.182959 0.919595 -0.347664
vn 0.886015 0.430341 -0.172582
vn 0.522373 0.844785 -0.116034
vn 0.995641 0.092523 -0.011775
vn 0.997740 0.042381 0.052148
vn 0.294760 0.120486 0.947945
vn 0.993965 0.061421 0.090886
vn -0.305847 0.088618 0.947948
vn 0.995028 0.082620 0.055612
vn 0.302387 0.486943 0.819420
vn -0.994883 -0.044109 0.090893
vn -0.998184 -0.023136 0.055614
vn -0.352210 0.452213 0.819421
vn 0.244950 0.294335 0.923778
vn -0.274719 0.266762 0.923779
vn -0.992028 -0.015628 0.125045
vn 0.988113 0.089435 0.125035
vn 0.254988 0.013529 0.966849
vn -0.254984 -0.013529 0.966851
vn -0.994841 -0.052785 0.086632
vn 0.994842 0.052784 0.086626
vn -0.300112 -0.812620 0.499581
vn 0.052985 -0.998595 0.000000
vn 0.052985 -0.998595 -0.000000
vn -0.993134 -0.116980 0.000000
vn -0.920575 -0.390566 -0.000000
vn -0.513293 -0.854001 -0.084924
vn -0.995641 -0.092527 -0.011774
vn 0.459299 -0.737685 0.494839
vn 0.608834 -0.784766 -0.116032
vn 0.999937 -0.011224 0.000001
vn 0.999841 0.013354 -0.011776
vn -0.182956 -0.919596 -0.347664
vn -0.886001 -0.430366 -0.172592
vn -0.175681 -0.931133 0.319573
vn -0.957183 -0.276566 0.085514
vn -0.969306 -0.086632 0.230088
vn -0.997739 -0.042380 0.052154
vn -0.220319 -0.226266 0.948822
vn 0.273231 -0.907313 0.319573
vn 0.243026 -0.201682 0.948822
vn -0.279162 0.179841 0.943253
vn 0.258571 0.208373 0.943251
vn 0.973036 0.016428 0.230069
vn 0.981078 -0.173709 0.085510
vn 0.279244 -0.895071 -0.347664
vn 0.926578 -0.334168 -0.172581
vn 0.996623 0.063438 0.052146
vn 0.305854 -0.088617 0.947945
vn 0.994883 0.044109 0.090894
vn -0.294753 -0.120486 0.947947
vn 0.998184 0.023138 0.055613
vn 0.352220 -0.452213 0.819417
vn -0.993965 -0.061420 0.090892
vn -0.995028 -0.082621 0.055616
vn -0.302378 -0.486943 0.819423
vn 0.274723 -0.266763 0.923777
vn -0.244948 -0.294336 0.923778
vn -0.988112 -0.089436 0.125044
vn 0.992029 0.015630 0.125036
vn -0.995641 -0.092527 0.011775
vn -0.513293 -0.854001 0.084924
vn -0.300111 -0.812620 -0.499582
vn -0.957183 -0.276566 -0.085514
vn -0.886000 -0.430366 0.172593
vn -0.969306 -0.086632 -0.230087
vn -0.997739 -0.042380 -0.052153
vn 0.981078 -0.173709 -0.085509
vn 0.999841 0.013355 0.011776
vn 0.926578 -0.334168 0.172582
vn 0.973036 0.016428 -0.230069
vn 0.608834 -0.784766 0.116032
vn 0.996622 0.063438 -0.052146
vn 0.994883 0.044109 -0.090891
vn 0.998184 0.023138 -0.055611
vn -0.993965 -0.061420 -0.090893
vn -0.995028 -0.082621 -0.055616
vn -0.988112 -0.089436 -0.125044
vn 0.992029 0.015630 -0.125036
vn 0.378658 0.782146 -0.494839
vn 0.920582 0.390549 -0.000000
vn 0.956741 -0.290942 -0.000000
vn 0.459299 -0.737685 -0.494839
vn -0.279240 0.895073 0.347664
vn -0.273228 0.907315 -0.319572
vn -0.243023 0.201681 -0.948823
vn 0.175684 0.931133 -0.319573
vn 0.220319 0.226266 -0.948822
vn -0.258566 -0.208374 -0.943252
vn 0.279171 -0.179842 -0.943250
vn 0.182959 0.919596 0.347664
vn 0.294760 0.120486 -0.947945
vn -0.305847 0.088618 -0.947948
vn 0.302387 0.486943 -0.819420
vn -0.352210 0.452213 -0.819422
vn 0.244951 0.294335 -0.923778
vn -0.274719 0.266762 -0.923779
vn 0.254989 0.013529 -0.966849
vn -0.254984 -0.013529 -0.966851
vn -0.182955 -0.919596 0.347665
vn -0.175681 -0.931133 -0.319572
vn -0.220319 -0.226267 -0.948822
vn 0.243026 -0.201682 -0.948822
vn 0.273231 -0.907313 -0.319573
vn -0.279162 0.179841 -0.943253
vn 0.258571 0.208373 -0.943251
vn 0.279244 -0.895071 0.347664
vn 0.305854 -0.088617 -0.947945
vn -0.294753 -0.120486 -0.947947
vn 0.352220 -0.452213 -0.819417
vn -0.302378 -0.486943 -0.819423
vn 0.274724 -0.266763 -0.923777
vn -0.244948 -0.294336 -0.923778
vn -0.029558 0.557080 -0.829933
vn -0.046485 0.876107 -0.479871
vn -0.029557 0.557082 -0.829931
vn -0.046484 0.876108 -0.479868
vn -0.012871 0.242562 -0.970050
vn -0.006332 0.119335 -0.992834
vn -0.052984 0.998595 0.000000
vn -0.052983 0.998595 -0.000001
vn 0.029559 -0.557080 -0.829933
vn 0.029559 -0.557082 -0.829931
vn 0.046487 -0.876107 -0.479871
vn 0.046487 -0.876108 -0.479869
vn 0.012870 -0.242562 -0.970051
vn 0.006332 -0.119335 -0.992834
vn 0.052986 -0.998595 -0.000001
vn 0.052986 -0.998595 -0.000001
vn -0.000000 0.000000 -1.000000
vn -0.000000 0.000000 -1.000000
vn 0.000000 -0.000000 -1.000000
vn 0.000000 -0.000000 -1.000000
vn 0.000000 -0.000000 -1.000000
vn -0.000000 -0.000000 -1.000000
vn 0.665687 0.746231 -0.000000
vn 0.665687 0.746231 0.000001
vn 0.631067 0.775729 0.000000
vn 0.597103 0.802165 0.000002
vn 0.998595 0.052985 -0.000000
vn 0.998595 0.052985 -0.000001
vn 0.998596 0.052970 0.000001
vn 0.998595 0.052982 0.000000
vn 0.998596 0.052963 0.000003
vn 0.998595 0.052991 0.000002
vn -0.029558 0.557079 0.829933
vn -0.029557 0.557084 0.829930
vn -0.046484 0.876107 0.479871
vn -0.046484 0.876109 0.479868
vn -0.012871 0.242561 0.970051
vn -0.006332 0.119335 0.992834
vn 0.665688 0.746230 -0.000001
vn 0.998595 0.052985 -0.000000
vn 0.998595 0.052992 -0.000003
vn 0.998597 0.052959 -0.000006
vn 0.597103 0.802165 -0.000002
vn 0.029559 -0.557080 0.829932
vn 0.046486 -0.876107 0.479871
vn 0.029559 -0.557081 0.829932
vn 0.046486 -0.876108 0.479869
vn 0.012870 -0.242562 0.970050
vn 0.006332 -0.119336 0.992834
vn 0.740915 -0.671598 -0.000000
vn 0.740916 -0.671598 0.000000
vn 0.709611 -0.704594 0.000000
vn 0.678635 -0.734476 0.000000
vn 0.998594 0.052999 0.000003
vn 0.998595 0.052986 0.000001
vn 0.998595 0.052997 0.000002
vn 0.998596 0.052980 0.000000
vn 0.740916 -0.671597 0.000001
vn 0.998596 0.052978 0.000002
vn 0.998594 0.053006 0.000000
vn 0.678635 -0.734476 0.000002
vn 0.000000 -0.000000 1.000000
vn 0.000000 0.000000 1.000000
vn 0.000000 -0.000000 1.000000
vn -0.000000 0.000000 1.000000
vn -0.000000 0.000000 1.000000
vn -0.000000 0.000001 1.000000
vn -0.005564 0.093236 0.995628
vn -0.013169 0.222262 0.974898
vn -0.004600 0.103515 0.994617
vn -0.008310 0.209449 0.977784
vn 0.000000 0.000000 1.000000
vn 0.000000 -0.000000 1.000000
vn 0.000000 0.000000 1.000000
vn -0.009253 0.152109 0.988320
vn -0.017948 0.199276 0.979779
vn 0.052985 -0.998595 0.000000
vn 0.025108 -0.999685 0.000000
vn 0.052985 -0.998595 0.000000
vn 0.025108 -0.999685 0.000000
vn -0.433322 -0.901239 0.000000
vn -0.433322 -0.901239 0.000000
vn -0.095910 0.193697 0.976362
vn -0.008310 0.209449 -0.977784
vn -0.013169 0.222262 -0.974898
vn -0.004600 0.103515 -0.994617
vn -0.005564 0.093236 -0.995628
vn 0.000000 -0.000000 -1.000000
vn 0.000000 0.000000 -1.000000
vn 0.000000 0.000000 -1.000000
vn -0.009253 0.152109 -0.988320
vn -0.017948 0.199276 -0.979779
vn 0.052985 -0.998595 0.000000
vn 0.025108 -0.999685 0.000000
vn -0.433322 -0.901239 0.000000
vn -0.095910 0.193697 -0.976362
vn -0.484733 0.081567 0.870851
vn 0.006048 -0.380553 0.924739
vn -0.060562 0.336189 0.939845
vn -0.009053 -0.316324 0.948608
vn -0.010943 -0.136186 0.990623
vn -0.046598 0.203955 0.977871
vn -0.046224 0.227518 0.972676
vn 0.006885 -0.129759 0.991522
vn -0.011167 0.210467 0.977537
vn -0.169857 0.732831 0.658868
vn -0.590414 -0.003676 0.807092
vn -0.037525 -0.689526 0.723288
vn -0.261028 0.727979 0.633965
vn -0.112713 0.824273 0.554860
vn -0.090006 -0.727482 0.680198
vn -0.010218 -0.679936 0.733200
vn -0.044071 0.830606 0.555114
vn 0.035941 -0.677376 0.734759
vn -0.041417 0.999142 0.000000
vn -0.034438 0.999407 -0.000000
vn -0.019949 0.516449 -0.856085
vn -0.015809 0.522599 -0.852432
vn 0.004445 0.000135 -0.999990
vn 0.005126 0.000708 -0.999987
vn 0.033769 -0.519563 -0.853765
vn 0.036356 -0.516190 -0.855702
vn 0.061249 -0.998123 0.000000
vn 0.066582 -0.997781 0.000000
vn -0.002674 0.530407 -0.847739
vn 0.017370 0.539512 -0.841798
vn 0.007465 0.001154 -0.999971
vn 0.010091 0.001773 -0.999947
vn -0.011367 0.999935 -0.000000
vn 0.023385 0.999727 0.000000
vn 0.027064 -0.526951 -0.849465
vn 0.013918 -0.534286 -0.845189
vn 0.045614 -0.998959 -0.000000
vn 0.018135 -0.999835 -0.000000
vn 0.029457 0.526351 -0.849757
vn 0.010784 -0.007403 -0.999914
vn 0.047480 0.998872 0.000000
vn 0.007467 -0.559769 -0.828615
vn 0.006137 -0.999981 0.000000
vn -0.019949 0.516449 0.856086
vn -0.015809 0.522599 0.852432
vn 0.004445 0.000135 0.999990
vn 0.005126 0.000707 0.999987
vn 0.036356 -0.516190 0.855702
vn 0.033769 -0.519563 0.853765
vn -0.002674 0.530407 0.847739
vn 0.007465 0.001154 0.999971
vn 0.017370 0.539512 0.841798
vn 0.010091 0.001773 0.999947
vn 0.027064 -0.526951 0.849465
vn 0.013918 -0.534286 0.845189
vn 0.029457 0.526351 0.849757
vn 0.010784 -0.007403 0.999914
vn 0.007467 -0.559769 0.828615
vn 0.013093 0.999914 0.000000
vn 0.328621 0.944462 0.000000
vn 0.012785 0.976366 -0.215744
vn 0.338434 0.902344 -0.266905
vn 0.913881 0.405983 0.000000
vn 0.865495 0.409774 -0.288102
vn 0.999914 -0.013095 0.000000
vn 0.144161 0.493876 -0.857499
vn 0.006013 0.459202 -0.888311
vn 0.461005 0.184594 -0.867986
vn 0.977816 -0.012806 -0.209075
vn -0.003423 -0.261420 -0.965219
vn 0.395628 -0.005180 -0.918396
vn -0.221771 0.002905 -0.975094
vn -0.153530 -0.054455 -0.986642
vn -0.049486 -0.178368 -0.982719
vn -0.992339 0.013003 -0.122858
vn -0.919314 -0.373442 -0.124109
vn -0.273616 -0.951949 -0.137573
vn -0.012994 -0.992339 -0.122858
vn -0.013093 -0.999914 -0.000000
vn -0.012785 -0.976366 -0.215744
vn 0.303780 -0.952742 -0.000000
vn 0.314691 -0.910896 -0.266906
vn 0.902936 -0.429774 -0.000000
vn 0.854469 -0.432297 -0.288100
vn 0.131180 -0.497480 -0.857500
vn -0.006013 -0.459205 -0.888310
vn 0.456014 -0.196603 -0.867985
vn 0.003423 0.261428 -0.965217
vn -0.152049 0.058456 -0.986643
vn -0.044798 0.179602 -0.982719
vn -0.909219 0.397385 -0.124123
vn -0.248597 0.958787 -0.137575
vn 0.012994 0.992339 -0.122856
vn 0.006013 0.459204 -0.888311
vn 0.012709 0.970607 -0.240333
vn 0.006013 0.459203 -0.888311
vn 0.012709 0.970607 -0.240332
vn -0.686042 -0.529001 -0.499503
vn -0.003282 -0.250685 -0.968063
vn -0.274772 -0.733922 -0.621176
vn -0.001161 -0.088686 -0.996059
vn -0.000000 0.000000 -1.000000
vn -0.000000 0.000000 -1.000000
vn -0.000000 0.000000 -1.000000
vn 0.000000 -0.000000 -1.000000
vn 0.000000 -0.000000 -1.000000
vn -0.000000 0.000000 -1.000000
vn 0.000000 0.000000 -1.000000
vn -0.000000 0.000000 -1.000000
vn 0.013093 0.999914 0.000000
vn 0.013093 0.999914 0.000000
vn -0.006012 -0.459200 -0.888313
vn -0.006012 -0.459205 -0.888310
vn -0.012708 -0.970608 -0.240332
vn -0.012709 -0.970607 -0.240333
vn 0.001161 0.088687 -0.996059
vn 0.003283 0.250686 -0.968063
vn -0.255462 0.740867 -0.621173
vn -0.671959 0.546777 -0.499505
vn -0.000000 0.000000 -1.000000
vn 0.000000 -0.000000 -1.000000
vn 0.000000 -0.000000 -1.000000
vn -0.013092 -0.999914 0.000000
vn -0.013093 -0.999914 -0.000000
vn 0.012785 0.976366 0.215744
vn 0.338434 0.902344 0.266904
vn 0.865495 0.409774 0.288102
vn 0.144163 0.493878 0.857497
vn 0.006013 0.459203 0.888311
vn 0.461006 0.184595 0.867985
vn 0.977816 -0.012806 0.209074
vn -0.003423 -0.261420 0.965219
vn 0.395629 -0.005181 0.918396
vn -0.221773 0.002905 0.975094
vn -0.153529 -0.054455 0.986642
vn -0.049486 -0.178368 0.982719
vn -0.992339 0.013003 0.122856
vn -0.919313 -0.373442 0.124111
vn -0.273616 -0.951949 0.137573
vn -0.012994 -0.992339 0.122858
vn -0.012785 -0.976366 0.215744
vn 0.314691 -0.910896 0.266906
vn 0.854470 -0.432297 0.288099
vn 0.131180 -0.497479 0.857500
vn -0.006013 -0.459204 0.888311
vn 0.456016 -0.196603 0.867984
vn 0.003423 0.261428 0.965217
vn -0.152049 0.058456 0.986643
vn -0.044798 0.179601 0.982719
vn -0.909219 0.397385 0.124123
vn -0.248596 0.958787 0.137576
vn 0.012993 0.992339 0.122856
vn -0.999914 0.013088 -0.000002
vn -0.999914 0.013088 -0.000004
vn -0.999914 0.013088 -0.000011
vn -0.999914 0.013093 -0.000094
vn -0.999914 0.013088 0.000000
vn -0.999914 0.013088 0.000003
vn -0.999914 0.013088 0.000003
vn -0.999914 0.013093 0.000071
vn -0.999914 0.013086 -0.000003
vn -0.999914 0.013088 -0.000003
vn -0.999914 0.013084 -0.000038
vn -0.999915 0.013075 0.000047
vn -0.999914 0.013086 0.000003
vn -0.999914 0.013084 0.000052
vn -0.999914 0.013088 0.000005
vn -0.999915 0.013075 -0.000035
vn -0.999914 0.013088 -0.000001
vn -0.999914 0.013088 -0.000001
vn -0.999914 0.013084 -0.000002
vn -0.999914 0.013087 -0.000001
vn -0.929911 -0.367784 0.000000
vn -0.999914 0.013103 0.000000
vn -0.255219 -0.966883 0.000000
vn -0.013093 -0.999914 0.000000
vn -0.919962 0.392007 0.000000
vn -0.229814 0.973235 0.000000
vn 0.013092 0.999914 0.000000
vn 0.218493 0.975839 0.000000
vn 0.218493 0.975839 0.000000
vn 0.911583 0.411116 0.000000
vn 0.911583 0.411116 0.000000
vn 0.999914 -0.013082 0.000000
vn 0.999914 -0.013082 -0.000001
vn -0.999915 0.013073 -0.000005
vn -0.999915 0.013073 -0.000000
vn -0.973898 0.226987 -0.000003
vn -0.973898 0.226987 0.000000
vn -0.463419 -0.886139 0.000000
vn -0.809531 -0.587077 0.000000
vn -0.999914 0.013092 0.000000
vn -0.999914 0.013096 0.000000
vn 0.999914 -0.013132 -0.000004
vn 0.999914 -0.013098 -0.000001
vn 0.999914 -0.013121 -0.000001
vn 0.999914 -0.013085 0.000000
vn 0.978740 0.205104 0.000003
vn 0.970984 0.239145 0.000000
vn 0.378668 0.925533 0.000002
vn 0.288588 0.957453 0.000000
vn -0.999914 0.013119 0.000000
vn -0.999914 0.013119 0.000000
vn -0.910438 0.413646 0.000000
vn -0.910438 0.413646 0.000000
vn 0.006013 0.459204 0.888310
vn 0.006013 0.459205 0.888310
vn 0.012709 0.970607 0.240333
vn 0.012709 0.970607 0.240333
vn -0.001161 -0.088686 0.996059
vn -0.003283 -0.250686 0.968063
vn -0.274772 -0.733922 0.621176
vn -0.686042 -0.529001 0.499503
vn 0.000000 -0.000000 1.000000
vn 0.000000 -0.000000 1.000000
vn 0.000000 -0.000000 1.000000
vn -0.000000 0.000000 1.000000
vn 0.000000 -0.000000 1.000000
vn -0.000000 0.000000 1.000000
vn 0.000000 0.000000 1.000000
vn 0.000000 -0.000000 1.000000
vn 0.218493 0.975839 0.000000
vn 0.911583 0.411116 0.000000
vn 0.999914 -0.013082 -0.000000
vn -0.999915 0.013073 0.000000
vn -0.973898 0.226987 0.000000
vn -0.999914 0.013092 0.000000
vn 0.999914 -0.013088 0.000000
vn 0.999914 -0.013132 0.000000
vn 0.978740 0.205104 -0.000003
vn 0.378667 0.925533 -0.000002
vn -0.999914 0.013119 0.000000
vn -0.910438 0.413646 0.000000
vn -0.006012 -0.459202 0.888311
vn -0.012708 -0.970607 0.240332
vn -0.006013 -0.459207 0.888309
vn -0.012709 -0.970608 0.240331
vn -0.671960 0.546778 0.499503
vn 0.003282 0.250687 0.968062
vn -0.255462 0.740866 0.621173
vn 0.001161 0.088686 0.996059
vn 0.000000 0.000000 1.000000
vn 0.000000 0.000000 1.000000
vn -0.000000 0.000000 1.000000
vn 0.192864 -0.981225 0.000000
vn 0.192864 -0.981225 0.000000
vn 0.900505 -0.434846 0.000000
vn 0.900505 -0.434845 -0.000001
vn -0.979509 -0.201401 0.000000
vn -0.979509 -0.201401 0.000000
vn -0.440058 0.897969 0.000000
vn -0.793887 0.608066 0.000000
vn -0.999914 0.013083 0.000000
vn -0.999914 0.013082 0.000000
vn 0.999915 -0.013053 0.000006
vn 0.999914 -0.013087 0.000005
vn 0.999915 -0.013065 0.000001
vn 0.999914 -0.013094 0.000000
vn 0.973036 -0.230654 0.000000
vn 0.964390 -0.264482 0.000005
vn 0.354303 -0.935130 0.000000
vn 0.263419 -0.964682 0.000000
vn -0.999914 0.013080 0.000000
vn -0.999914 0.013080 0.000001
vn -0.920975 -0.389622 0.000000
vn -0.920975 -0.389622 0.000000
vn 0.192864 -0.981225 0.000000
vn 0.900505 -0.434845 0.000000
vn -0.979509 -0.201401 -0.000001
vn -0.999914 0.013083 0.000000
vn 0.999914 -0.013098 0.000000
vn 0.999915 -0.013053 0.000000
vn 0.973035 -0.230655 0.000003
vn 0.354305 -0.935130 0.000001
vn -0.999914 0.013080 0.000000
vn -0.920975 -0.389622 0.000000
vn -0.476770 -0.879028 0.000000
vn -0.476770 -0.879028 0.000000
vn -0.476770 -0.879028 0.000000
vn -0.476770 -0.879028 0.000000
vn -0.821060 -0.570842 0.000000
vn -0.821060 -0.570842 0.000000
vn -0.821060 -0.570842 0.000000
vn -0.476770 -0.879028 0.000000
vn -0.476770 -0.879028 0.000000
vn -0.821060 -0.570842 0.000000
vn -0.821060 -0.570842 0.000000
vn -0.821060 -0.570842 0.000000
s 1
g blade_damaged
f 2929/4332/5775 2930/4334/5776 2937/4333/5777
f 2936/4335/5778 2931/4338/5779 2935/4336/5780
f 2935/4336/5780 2931/4338/5779 2932/4337/5781
f 2932/4337/5781 2933/4340/5782 2935/4336/5780
f 2935/4336/5780 2933/4340/5782 2934/4339/5783
f 2937/4333/5777 2930/4334/5776 2936/4335/5778
f 2936/4335/5778 2930/4334/5776 2931/4338/5779
f 2938/4342/5784 2939/4341/5785 2929/4332/5775
f 2929/4332/5775 2939/4341/5785 2930/4334/5776
f 2937/4333/5777 2940/4343/5786 2929/4332/5775
f 2929/4332/5775 2940/4343/5786 2938/4342/5784
f 2931/4338/5779 2941/4345/5787 2932/4337/5781
f 2932/4337/5781 2941/4345/5787 2943/4344/5788
f 2944/4347/5789 2942/4346/5790 2935/4336/5780
f 2935/4336/5780 2942/4346/5790 2936/4335/5778
f 2943/4344/5788 2945/4348/5791 2932/4337/5781
f 2932/4337/5781 2945/4348/5791 2933/4340/5782
f 2946/4349/5792 2944/4347/5789 2934/4339/5783
f 2934/4339/5783 2944/4347/5789 2935/4336/5780
f 2939/4341/5785 2941/4345/5787 2930/4334/5776
f 2930/4334/5776 2941/4345/5787 2931/4338/5779
f 2936/4335/5778 2942/4346/5790 2937/4333/5777
f 2937/4333/5777 2942/4346/5790 2940/4343/5786
s 3
f 2952/4350/5793 2951/4351/5794 2954/4353/5795
f 2954/4353/5795 2951/4351/5794 2953/4352/5796
f 2948/4354/5797 2952/4350/5793 2955/4355/5798
f 2957/4356/5799 2949/4357/5800 2965/4358/5801
f 2959/4359/5802 2955/4355/5798 2958/4360/5803
f 2955/4355/5798 2959/4359/5802 2960/4361/5804
f 2955/4355/5798 2960/4361/5804 2961/4362/5805
f 2955/4355/5798 2961/4362/5805 2948/4354/5797
f 2963/4363/5806 2964/4364/5807 2965/4358/5801
f 2963/4363/5806 2965/4358/5801 2962/4365/5808
f 2965/4358/5801 2949/4357/5800 2947/4366/5809
f 2962/4365/5808 2965/4358/5801 2966/4367/5810
f 2966/4367/5810 2965/4358/5801 2947/4366/5809
f 2966/4367/5810 2947/4366/5809 2967/4368/5811
f 2968/4369/5812 2967/4368/5811 2947/4366/5809
f 2961/4362/5805 2969/4370/5813 2948/4354/5797
f 2969/4370/5813 2970/4371/5814 2948/4354/5797
f 2970/4371/5814 2971/4372/5815 2948/4354/5797
f 2972/4373/5816 2968/4369/5812 2947/4366/5809
f 2971/4372/5815 2973/4374/5817 2948/4354/5797
f 2974/4375/5818 2972/4373/5816 2947/4366/5809
f 2975/4376/5819 2950/4377/5820 2951/4378/5821
f 2948/4354/5797 2977/4379/5822 2952/4350/5793
f 2952/4350/5793 2976/4380/5823 2951/4351/5794
f 2951/4351/5794 2976/4380/5823 2975/4381/5819
f 2950/4377/5820 2975/4376/5819 2978/4382/5824
f 2976/4383/5823 2982/4384/5825 2981/4385/5826
f 2976/4383/5823 2977/4386/5822 2982/4384/5825
f 2981/4385/5826 2982/4384/5825 2983/4387/5827
f 2984/4388/5828 2982/4389/5825 2977/4379/5822
f 2984/4390/5828 2983/4387/5827 2982/4384/5825
f 2977/4379/5822 2985/4391/5829 2984/4388/5828
f 2985/4392/5829 2983/4387/5827 2984/4390/5828
f 2977/4379/5822 2986/4393/5830 2985/4391/5829
f 2985/4392/5829 2988/4394/5831 2983/4387/5827
f 2983/4387/5827 2989/4395/5832 2987/4396/5833
f 2983/4387/5827 2988/4394/5831 2989/4395/5832
f 2977/4379/5822 2948/4354/5797 2986/4393/5830
f 2986/4397/5830 2990/4398/5834 2985/4392/5829
f 2990/4398/5834 2988/4394/5831 2985/4392/5829
f 2988/4394/5831 2991/4399/5835 2989/4395/5832
f 2988/4394/5831 2990/4398/5834 2991/4399/5835
f 2989/4395/5832 2992/4400/5836 2987/4396/5833
f 2989/4395/5832 2991/4399/5835 2992/4400/5836
f 2992/4400/5836 2993/4401/5837 2987/4396/5833
f 2993/4401/5837 2980/4402/5838 2987/4396/5833
f 2993/4401/5837 2994/4403/5839 2980/4402/5838
f 2994/4403/5839 2979/4404/5840 2980/4402/5838
f 2993/4405/5837 2995/4406/5841 2994/4407/5839
f 2995/4408/5841 2979/4404/5840 2994/4403/5839
f 2993/4405/5837 2992/4409/5836 2995/4406/5841
f 2979/4410/5840 2995/4406/5841 2949/4357/5800
f 2995/4406/5841 2947/4366/5809 2949/4357/5800
f 2992/4409/5836 2996/4411/5842 2995/4406/5841
f 2992/4400/5836 2991/4399/5835 2996/4412/5842
f 2996/4411/5842 2947/4366/5809 2995/4406/5841
f 2991/4399/5835 2997/4413/5843 2996/4412/5842
f 2991/4399/5835 2990/4398/5834 2997/4413/5843
f 2996/4411/5842 2998/4414/5844 2947/4366/5809
f 2996/4412/5842 2997/4413/5843 2998/4415/5844
f 2990/4398/5834 2999/4416/5845 2997/4413/5843
f 2990/4398/5834 2986/4397/5830 2999/4416/5845
f 2997/4413/5843 3000/4417/5846 2998/4415/5844
f 3000/4418/5846 2947/4366/5809 2998/4414/5844
f 2997/4413/5843 3001/4419/5847 3000/4417/5846
f 2997/4413/5843 2999/4416/5845 3001/4419/5847
f 2986/4397/5830 3002/4420/5848 2999/4416/5845
f 2986/4393/5830 2948/4354/5797 3002/4421/5848
f 3002/4420/5848 3003/4422/5849 2999/4416/5845
f 3002/4421/5848 2948/4354/5797 3003/4423/5849
f 2999/4416/5845 3004/4424/5850 3001/4419/5847
f 2999/4416/5845 3003/4422/5849 3004/4424/5850
f 3005/4425/5851 3000/4417/5846 3001/4419/5847
f 3004/4424/5850 3006/4426/5852 3001/4419/5847
f 3006/4426/5852 3005/4425/5851 3001/4419/5847
f 3003/4422/5849 3007/4427/5853 3004/4424/5850
f 3007/4427/5853 3006/4426/5852 3004/4424/5850
f 3003/4423/5849 2948/4354/5797 3007/4428/5853
f 3005/4425/5851 3008/4429/5854 3000/4417/5846
f 3008/4430/5854 2947/4366/5809 3000/4418/5846
f 3006/4426/5852 3009/4431/5855 3005/4425/5851
f 3009/4431/5855 3008/4429/5854 3005/4425/5851
f 3007/4427/5853 3010/4432/5856 3006/4426/5852
f 3010/4432/5856 3009/4431/5855 3006/4426/5852
f 3007/4427/5853 3011/4433/5857 3010/4432/5856
f 3007/4428/5853 2948/4354/5797 3011/4434/5857
f 3012/4435/5858 3008/4429/5854 3009/4431/5855
f 3012/4436/5858 2947/4366/5809 3008/4430/5854
f 2983/4387/5827 2987/4396/5833 2981/4385/5826
f 2981/4385/5826 2987/4396/5833 2980/4402/5838
f 2979/4404/5840 2976/4383/5823 2980/4402/5838
f 2980/4402/5838 2976/4383/5823 2981/4385/5826
f 2976/4383/5823 2979/4404/5840 2975/4376/5819
f 2975/4376/5819 2979/4404/5840 2978/4382/5824
f 3017/4437/5859 3015/4438/5860 3014/4439/5861
f 3016/4440/5862 3015/4441/5863 3018/4443/5864
f 3018/4443/5864 3015/4441/5863 3017/4442/5859
f 2948/4354/5797 3016/4440/5862 3019/4444/5865
f 3014/4439/5861 3020/4445/5866 3017/4437/5859
f 3021/4446/5867 3013/4447/5868 3037/4448/5869
f 3018/4449/5864 3023/4450/5870 3024/4451/5871
f 3018/4449/5864 3024/4451/5871 3019/4452/5865
f 3023/4450/5870 3025/4453/5872 3024/4451/5871
f 3026/4454/5873 3019/4444/5865 3024/4455/5871
f 3026/4456/5873 3024/4451/5871 3025/4453/5872
f 3019/4444/5865 3026/4454/5873 3027/4457/5874
f 3027/4458/5874 3026/4456/5873 3025/4453/5872
f 3019/4444/5865 3027/4457/5874 3028/4459/5875
f 3027/4458/5874 3025/4453/5872 3030/4460/5876
f 3025/4453/5872 3029/4461/5877 3031/4462/5878
f 3025/4453/5872 3031/4462/5878 3030/4460/5876
f 3019/4444/5865 3028/4459/5875 2948/4354/5797
f 3028/4463/5875 3027/4458/5874 3032/4464/5879
f 3032/4464/5879 3027/4458/5874 3030/4460/5876
f 3030/4460/5876 3031/4462/5878 3033/4465/5880
f 3030/4460/5876 3033/4465/5880 3032/4464/5879
f 3031/4462/5878 3029/4461/5877 3034/4466/5881
f 3031/4462/5878 3034/4466/5881 3033/4465/5880
f 3034/4466/5881 3029/4461/5877 3035/4467/5882
f 3035/4467/5882 3029/4461/5877 3022/4468/5883
f 3035/4467/5882 3022/4468/5883 3036/4469/5884
f 3036/4469/5884 3022/4468/5883 3021/4470/5867
f 3035/4471/5882 3036/4472/5884 3037/4448/5869
f 3037/4473/5869 3036/4469/5884 3021/4470/5867
f 3035/4471/5882 3037/4448/5869 3034/4474/5881
f 3037/4448/5869 3013/4447/5868 2947/4366/5809
f 3034/4474/5881 3037/4448/5869 3038/4475/5885
f 3034/4466/5881 3038/4476/5885 3033/4465/5880
f 3038/4475/5885 3037/4448/5869 2947/4366/5809
f 3033/4465/5880 3038/4476/5885 3039/4477/5886
f 3033/4465/5880 3039/4477/5886 3032/4464/5879
f 3038/4475/5885 2947/4366/5809 3040/4478/5887
f 3038/4476/5885 3040/4479/5887 3039/4477/5886
f 3032/4464/5879 3039/4477/5886 3041/4480/5888
f 3032/4464/5879 3041/4480/5888 3028/4463/5875
f 3039/4477/5886 3040/4479/5887 3042/4481/5889
f 3042/4482/5889 3040/4478/5887 2947/4366/5809
f 3039/4477/5886 3042/4481/5889 3043/4483/5890
f 3039/4477/5886 3043/4483/5890 3041/4480/5888
f 3028/4463/5875 3041/4480/5888 3044/4484/5891
f 3028/4459/5875 3044/4485/5891 2948/4354/5797
f 3044/4484/5891 3041/4480/5888 3045/4486/5892
f 3044/4485/5891 3045/4487/5892 2948/4354/5797
f 3041/4480/5888 3043/4483/5890 3046/4488/5893
f 3041/4480/5888 3046/4488/5893 3045/4486/5892
f 3047/4489/5894 3043/4483/5890 3042/4481/5889
f 3046/4488/5893 3043/4483/5890 3048/4490/5895
f 3048/4490/5895 3043/4483/5890 3047/4489/5894
f 3045/4486/5892 3046/4488/5893 3049/4491/5896
f 3049/4491/5896 3046/4488/5893 3048/4490/5895
f 3045/4487/5892 3049/4492/5896 2948/4354/5797
f 3047/4489/5894 3042/4481/5889 3050/4493/5897
f 3050/4494/5897 3042/4482/5889 2947/4366/5809
f 3048/4490/5895 3047/4489/5894 3009/4431/5855
f 3009/4431/5855 3047/4489/5894 3050/4493/5897
f 3049/4491/5896 3048/4490/5895 3010/4432/5856
f 3010/4432/5856 3048/4490/5895 3009/4431/5855
f 3049/4491/5896 3010/4432/5856 3011/4433/5857
f 3049/4492/5896 3011/4434/5857 2948/4354/5797
f 3012/4435/5858 3009/4431/5855 3050/4493/5897
f 3012/4436/5858 3050/4494/5897 2947/4366/5809
f 3025/4453/5872 3023/4450/5870 3029/4461/5877
f 3029/4461/5877 3023/4450/5870 3022/4468/5883
f 3021/4470/5867 3022/4468/5883 3018/4449/5864
f 3018/4449/5864 3022/4468/5883 3023/4450/5870
f 3018/4449/5864 3017/4437/5859 3021/4470/5867
f 3021/4470/5867 3017/4437/5859 3020/4445/5866
f 2948/4354/5797 3053/4495/5898 3016/4440/5862
f 3016/4440/5862 3052/4496/5899 3015/4441/5863
f 3015/4441/5863 3052/4496/5899 3051/4497/5900
f 3057/4498/5901 3056/4499/5902 3053/4495/5898
f 3053/4495/5898 3058/4500/5903 3057/4498/5901
f 3053/4495/5898 3059/4501/5904 3058/4500/5903
f 3053/4495/5898 2948/4354/5797 3059/4501/5904
f 3061/4502/5905 3063/4503/5906 3062/4504/5907
f 3061/4502/5905 3060/4505/5908 3063/4503/5906
f 3055/4506/5909 3063/4503/5906 3013/4447/5868
f 3063/4503/5906 2947/4366/5809 3013/4447/5868
f 3060/4505/5908 3064/4507/5910 3063/4503/5906
f 3064/4507/5910 2947/4366/5809 3063/4503/5906
f 3064/4507/5910 3065/4508/5911 2947/4366/5809
f 3066/4509/5912 2947/4366/5809 3065/4508/5911
f 3059/4501/5904 2948/4354/5797 3067/4510/5913
f 3067/4510/5913 2948/4354/5797 3068/4511/5914
f 3068/4511/5914 2948/4354/5797 3069/4512/5915
f 3070/4513/5916 2947/4366/5809 3066/4509/5912
f 3069/4512/5915 2948/4354/5797 2973/4374/5817
f 2974/4375/5818 2947/4366/5809 3070/4513/5916
f 2956/4514/5917 2950/4515/5918 2957/4356/5799
f 2957/4356/5799 2950/4515/5918 2949/4357/5800
f 2949/4357/5800 2950/4515/5918 2979/4410/5840
f 2979/4410/5840 2950/4515/5918 2978/4516/5824
f 2952/4350/5793 2954/4353/5795 2955/4355/5798
f 2952/4350/5793 2977/4379/5822 2976/4380/5823
f 3016/4440/5862 3018/4443/5864 3019/4444/5865
f 3016/4440/5862 3053/4495/5898 3052/4496/5899
f 3020/4517/5866 3014/4518/5919 3021/4446/5867
f 3021/4446/5867 3014/4518/5919 3013/4447/5868
f 3013/4447/5868 3014/4518/5919 3055/4506/5909
f 3055/4506/5909 3014/4518/5919 3054/4519/5920
f 2953/4520/5796 2951/4521/5821 2950/4522/5820
f 2950/4522/5820 2956/4523/5917 2953/4520/5796
f 2954/4524/5795 3072/4525/5921 2958/4526/5803
f 2954/4524/5795 2958/4526/5803 2955/4527/5798
f 3072/4525/5921 3073/4528/5922 2958/4526/5803
f 2959/4529/5802 2958/4526/5803 3073/4528/5922
f 2960/4530/5804 2959/4529/5802 3073/4528/5922
f 2960/4530/5804 3073/4528/5922 3075/4531/5923
f 3073/4528/5922 3074/4532/5924 3076/4533/5925
f 3073/4528/5922 3076/4533/5925 3075/4531/5923
f 2961/4534/5805 2960/4530/5804 3077/4535/5926
f 3077/4535/5926 2960/4530/5804 3075/4531/5923
f 3075/4531/5923 3076/4533/5925 3078/4536/5927
f 3075/4531/5923 3078/4536/5927 3077/4535/5926
f 3076/4533/5925 3074/4532/5924 2962/4537/5808
f 3076/4533/5925 2962/4537/5808 3078/4536/5927
f 2962/4537/5808 3074/4532/5924 2963/4538/5806
f 2963/4538/5806 3074/4532/5924 3071/4539/5928
f 2963/4538/5806 3071/4539/5928 2964/4540/5807
f 2964/4540/5807 3071/4539/5928 2957/4541/5799
f 2965/4542/5801 2964/4540/5807 2957/4541/5799
f 2962/4537/5808 2966/4543/5810 3078/4536/5927
f 3078/4536/5927 2966/4543/5810 3079/4544/5929
f 3078/4536/5927 3079/4544/5929 3077/4535/5926
f 2966/4543/5810 2967/4545/5811 3079/4544/5929
f 3077/4535/5926 3079/4544/5929 3080/4546/5930
f 3077/4535/5926 3080/4546/5930 2961/4534/5805
f 3079/4544/5929 2967/4545/5811 2968/4547/5812
f 3079/4544/5929 2968/4547/5812 3081/4548/5931
f 3079/4544/5929 3081/4548/5931 3080/4546/5930
f 2961/4534/5805 3080/4546/5930 2969/4549/5813
f 2969/4549/5813 3080/4546/5930 2970/4550/5814
f 3080/4546/5930 3081/4548/5931 3082/4551/5932
f 3080/4546/5930 3082/4551/5932 2970/4550/5814
f 3083/4552/5933 3081/4548/5931 2968/4547/5812
f 3082/4551/5932 3081/4548/5931 3084/4553/5934
f 3084/4553/5934 3081/4548/5931 3083/4552/5933
f 2970/4550/5814 3082/4551/5932 2971/4554/5815
f 2971/4554/5815 3082/4551/5932 3084/4553/5934
f 3083/4552/5933 2968/4547/5812 2972/4555/5816
f 3084/4553/5934 3083/4552/5933 3085/4556/5935
f 3085/4556/5935 3083/4552/5933 2972/4555/5816
f 2971/4554/5815 3084/4553/5934 3086/4557/5936
f 3086/4557/5936 3084/4553/5934 3085/4556/5935
f 2971/4554/5815 3086/4557/5936 2973/4558/5817
f 2974/4559/5818 3085/4556/5935 2972/4555/5816
f 3073/4528/5922 3072/4525/5921 3074/4532/5924
f 3074/4532/5924 3072/4525/5921 3071/4539/5928
f 2957/4541/5799 3071/4539/5928 2954/4524/5795
f 2954/4524/5795 3071/4539/5928 3072/4525/5921
f 2954/4524/5795 2953/4520/5796 2957/4541/5799
f 2957/4541/5799 2953/4520/5796 2956/4523/5917
f 3051/4560/5900 3014/4561/5861 3015/4562/5860
f 3014/4561/5861 3051/4560/5900 3054/4563/5920
f 3052/4564/5899 3056/4565/5902 3088/4566/5937
f 3052/4564/5899 3053/4567/5898 3056/4565/5902
f 3088/4566/5937 3056/4565/5902 3089/4568/5938
f 3057/4569/5901 3089/4568/5938 3056/4565/5902
f 3058/4570/5903 3089/4568/5938 3057/4569/5901
f 3058/4570/5903 3091/4571/5939 3089/4568/5938
f 3089/4568/5938 3092/4572/5940 3090/4573/5941
f 3089/4568/5938 3091/4571/5939 3092/4572/5940
f 3059/4574/5904 3093/4575/5942 3058/4570/5903
f 3093/4575/5942 3091/4571/5939 3058/4570/5903
f 3091/4571/5939 3094/4576/5943 3092/4572/5940
f 3091/4571/5939 3093/4575/5942 3094/4576/5943
f 3092/4572/5940 3060/4577/5908 3090/4573/5941
f 3092/4572/5940 3094/4576/5943 3060/4577/5908
f 3060/4577/5908 3061/4578/5905 3090/4573/5941
f 3061/4578/5905 3087/4579/5944 3090/4573/5941
f 3061/4578/5905 3062/4580/5907 3087/4579/5944
f 3062/4580/5907 3055/4581/5909 3087/4579/5944
f 3063/4582/5906 3055/4581/5909 3062/4580/5907
f 3060/4577/5908 3094/4576/5943 3064/4583/5910
f 3094/4576/5943 3095/4584/5945 3064/4583/5910
f 3094/4576/5943 3093/4575/5942 3095/4584/5945
f 3064/4583/5910 3095/4584/5945 3065/4585/5911
f 3093/4575/5942 3096/4586/5946 3095/4584/5945
f 3093/4575/5942 3059/4574/5904 3096/4586/5946
f 3095/4584/5945 3066/4587/5912 3065/4585/5911
f 3095/4584/5945 3097/4588/5947 3066/4587/5912
f 3095/4584/5945 3096/4586/5946 3097/4588/5947
f 3059/4574/5904 3067/4589/5913 3096/4586/5946
f 3067/4589/5913 3068/4590/5914 3096/4586/5946
f 3096/4586/5946 3098/4591/5948 3097/4588/5947
f 3096/4586/5946 3068/4590/5914 3098/4591/5948
f 3099/4592/5949 3066/4587/5912 3097/4588/5947
f 3098/4591/5948 3100/4593/5950 3097/4588/5947
f 3100/4593/5950 3099/4592/5949 3097/4588/5947
f 3068/4590/5914 3069/4594/5915 3098/4591/5948
f 3069/4594/5915 3100/4593/5950 3098/4591/5948
f 3099/4592/5949 3070/4595/5916 3066/4587/5912
f 3100/4593/5950 3085/4556/5935 3099/4592/5949
f 3085/4556/5935 3070/4595/5916 3099/4592/5949
f 3069/4594/5915 3086/4557/5936 3100/4593/5950
f 3086/4557/5936 3085/4556/5935 3100/4593/5950
f 3069/4594/5915 2973/4558/5817 3086/4557/5936
f 2974/4559/5818 3070/4595/5916 3085/4556/5935
f 3089/4568/5938 3090/4573/5941 3088/4566/5937
f 3088/4566/5937 3090/4573/5941 3087/4579/5944
f 3055/4581/5909 3052/4564/5899 3087/4579/5944
f 3087/4579/5944 3052/4564/5899 3088/4566/5937
f 3052/4564/5899 3055/4581/5909 3051/4560/5900
f 3051/4560/5900 3055/4581/5909 3054/4563/5920
s 20
f 3108/4596/5951 3105/4597/5952 3109/4599/5953
f 3109/4599/5953 3105/4597/5952 3106/4598/5954
f 3104/4600/5955 3108/4596/5951 3107/4601/5956
f 3107/4601/5956 3108/4596/5951 3109/4599/5953
f 3105/4597/5952 3110/4602/5957 3106/4598/5954
f 3106/4598/5954 3110/4602/5957 3111/4603/5958
f 3120/4604/5959 3121/4605/5960 3117/4607/5961
f 3117/4607/5961 3121/4605/5960 3118/4606/5962
f 3116/4608/5963 3119/4609/5964 3120/4604/5959
f 3120/4604/5959 3119/4609/5964 3121/4605/5960
f 3117/4607/5961 3118/4606/5962 3112/4611/5965
f 3112/4611/5965 3118/4606/5962 3113/4610/5966
f 3114/4612/5967 3115/4613/5968 3102/4615/5969
f 3102/4615/5969 3115/4613/5968 3122/4614/5970
f 3102/4615/5969 3122/4614/5970 3101/4617/5971
f 3101/4617/5971 3122/4614/5970 3103/4616/5972
f 3116/4608/5963 3115/4613/5968 3119/4609/5964
f 3119/4609/5964 3115/4613/5968 3114/4612/5967
f 3101/4617/5971 3103/4616/5972 3107/4601/5956
f 3107/4601/5956 3103/4616/5972 3104/4600/5955
s 24
f 3132/4618/5973 3101/4619/5974 3135/4621/5975
f 3135/4621/5975 3101/4619/5974 3107/4620/5976
f 3101/4619/5974 3132/4618/5973 3102/4623/5977
f 3102/4623/5977 3132/4618/5973 3133/4622/5978
f 3111/4625/5979 3134/4626/5980 3106/4624/5981
f 3106/4624/5981 3134/4626/5980 3109/4627/5982
f 3134/4626/5980 3135/4621/5975 3109/4627/5982
f 3109/4627/5982 3135/4621/5975 3107/4620/5976
s 20
f 3130/4628/5983 3131/4629/5984 3127/4631/5985
f 3127/4631/5985 3131/4629/5984 3128/4630/5986
f 3126/4632/5987 3129/4633/5988 3130/4628/5983
f 3130/4628/5983 3129/4633/5988 3131/4629/5984
f 3127/4631/5985 3128/4630/5986 3110/4635/5957
f 3110/4635/5957 3128/4630/5986 3111/4634/5958
s 24
f 3123/4636/5989 3124/4637/5990 3132/4618/5973
f 3132/4618/5973 3124/4637/5990 3133/4622/5978
f 3131/4639/5991 3134/4626/5980 3128/4638/5992
f 3128/4638/5992 3134/4626/5980 3111/4625/5979
f 3129/4640/5993 3135/4621/5975 3131/4639/5991
f 3131/4639/5991 3135/4621/5975 3134/4626/5980
s 20
f 3142/4641/5994 3139/4642/5995 3143/4644/5996
f 3143/4644/5996 3139/4642/5995 3140/4643/5997
f 3138/4645/5998 3142/4641/5994 3141/4646/5999
f 3141/4646/5999 3142/4641/5994 3143/4644/5996
f 3139/4642/5995 3112/4647/5965 3140/4643/5997
f 3140/4643/5997 3112/4647/5965 3113/4648/5966
s 24
f 3144/4649/6000 3136/4650/6001 3146/4652/6002
f 3146/4652/6002 3136/4650/6001 3141/4651/6003
f 3136/4650/6001 3144/4649/6000 3124/4637/5990
f 3124/4637/5990 3144/4649/6000 3133/4622/5978
f 3113/4654/6004 3145/4655/6005 3140/4653/6006
f 3140/4653/6006 3145/4655/6005 3143/4656/6007
f 3145/4655/6005 3146/4652/6002 3143/4656/6007
f 3143/4656/6007 3146/4652/6002 3141/4651/6003
f 3114/4657/6008 3102/4623/5977 3144/4649/6000
f 3144/4649/6000 3102/4623/5977 3133/4622/5978
f 3121/4659/6009 3145/4655/6005 3118/4658/6010
f 3118/4658/6010 3145/4655/6005 3113/4654/6004
f 3119/4660/6011 3146/4652/6002 3121/4659/6009
f 3121/4659/6009 3146/4652/6002 3145/4655/6005
f 3132/4618/5973 3135/4621/5975 3123/4636/5989
f 3123/4636/5989 3135/4621/5975 3129/4640/5993
f 3144/4649/6000 3146/4652/6002 3114/4657/6008
f 3114/4657/6008 3146/4652/6002 3119/4660/6011
s 20
f 3136/4661/6012 3124/4662/6013 3137/4664/6014
f 3137/4664/6014 3124/4662/6013 3147/4663/6015
f 3124/4662/6013 3123/4665/6016 3147/4663/6015
f 3147/4663/6015 3123/4665/6016 3125/4666/6017
f 3138/4645/5998 3141/4646/5999 3137/4664/6014
f 3137/4664/6014 3141/4646/5999 3136/4661/6012
f 3123/4665/6016 3129/4633/5988 3125/4666/6017
f 3125/4666/6017 3129/4633/5988 3126/4632/5987
s 34
f 3153/4668/6018 3148/4669/6019 3154/4667/6020
f 3154/4667/6020 3148/4669/6019 3149/4670/6021
f 3150/4672/6022 3153/4668/6018 3151/4671/6023
f 3151/4671/6023 3153/4668/6018 3154/4667/6020
f 3152/4673/6024 3151/4671/6023 3154/4667/6020
f 3160/4674/6025 3152/4673/6024 3154/4667/6020
f 3154/4667/6020 3149/4670/6021 3159/4675/6026
s 35
f 3150/4672/6027 3151/4671/6028 3155/4677/6029
f 3155/4677/6029 3151/4671/6028 3156/4676/6030
f 3151/4671/6028 3152/4673/6031 3156/4676/6030
f 3156/4676/6030 3152/4673/6031 3157/4678/6032
s 34
f 3154/4667/6020 3159/4675/6026 3160/4674/6025
f 3160/4674/6025 3159/4675/6026 3158/4679/6033
s 36
f 3149/4681/6034 3148/4682/6035 3165/4680/6036
f 3165/4680/6036 3148/4682/6035 3164/4683/6037
f 3165/4680/6036 3164/4683/6037 3162/4684/6038
f 3162/4684/6038 3164/4683/6037 3161/4685/6039
f 3163/4686/6040 3165/4680/6036 3162/4684/6038
f 3166/4687/6041 3165/4680/6036 3163/4686/6040
f 3165/4680/6036 3159/4688/6042 3149/4681/6034
s 35
f 3161/4685/6043 3155/4689/6029 3162/4684/6044
f 3162/4684/6044 3155/4689/6029 3156/4690/6030
f 3162/4684/6044 3156/4690/6030 3163/4686/6045
f 3163/4686/6045 3156/4690/6030 3157/4691/6032
s 36
f 3165/4680/6036 3166/4687/6041 3159/4688/6042
f 3159/4688/6042 3166/4687/6041 3158/4692/6046
s 37
f 3167/4693/6047 3175/4694/6048 3168/4695/6049
f 3174/4696/6050 3173/4697/6051 3169/4699/6052
f 3169/4699/6052 3173/4697/6051 3170/4698/6053
f 3172/4700/6054 3171/4701/6055 3173/4697/6051
f 3173/4697/6051 3171/4701/6055 3170/4698/6053
f 3175/4694/6048 3174/4696/6050 3168/4695/6049
f 3168/4695/6049 3174/4696/6050 3169/4699/6052
f 3168/4695/6049 3177/4702/6056 3167/4693/6047
f 3167/4693/6047 3177/4702/6056 3176/4703/6057
f 3175/4694/6048 3167/4693/6047 3178/4704/6058
f 3178/4704/6058 3167/4693/6047 3176/4703/6057
f 3169/4699/6052 3170/4698/6053 3179/4706/6059
f 3179/4706/6059 3170/4698/6053 3181/4705/6060
f 3174/4696/6050 3180/4707/6061 3173/4697/6051
f 3173/4697/6051 3180/4707/6061 3182/4708/6062
f 3171/4701/6055 3183/4709/6063 3170/4698/6053
f 3170/4698/6053 3183/4709/6063 3181/4705/6060
f 3173/4697/6051 3182/4708/6062 3172/4700/6054
f 3172/4700/6054 3182/4708/6062 3184/4710/6064
f 3169/4699/6052 3179/4706/6059 3168/4695/6049
f 3168/4695/6049 3179/4706/6059 3177/4702/6056
f 3174/4696/6050 3175/4694/6048 3180/4707/6061
f 3180/4707/6061 3175/4694/6048 3178/4704/6058
s 39
f 3185/4711/6065 3202/4712/6066 3186/4714/6067
f 3186/4714/6067 3202/4712/6066 3201/4713/6068
f 3186/4714/6067 3201/4713/6068 3187/4716/6069
f 3187/4716/6069 3201/4713/6068 3200/4715/6070
f 3200/4715/6070 3204/4717/6071 3187/4716/6069
f 3187/4716/6069 3204/4717/6071 3188/4718/6072
f 3204/4717/6071 3203/4719/6073 3188/4718/6072
f 3188/4718/6072 3203/4719/6073 3189/4720/6074
f 3196/4721/6075 3206/4722/6076 3195/4724/6077
f 3195/4724/6077 3206/4722/6076 3205/4723/6078
f 3197/4725/6079 3207/4726/6080 3196/4721/6075
f 3196/4721/6075 3207/4726/6080 3206/4722/6076
f 3199/4727/6081 3209/4728/6082 3198/4730/6083
f 3198/4730/6083 3209/4728/6082 3208/4729/6084
f 3195/4724/6077 3205/4723/6078 3199/4727/6081
f 3199/4727/6081 3205/4723/6078 3209/4728/6082
f 3201/4713/6068 3196/4721/6075 3200/4715/6070
f 3200/4715/6070 3196/4721/6075 3195/4724/6077
f 3202/4712/6066 3197/4725/6079 3201/4713/6068
f 3201/4713/6068 3197/4725/6079 3196/4721/6075
f 3204/4717/6071 3199/4727/6081 3203/4719/6073
f 3203/4719/6073 3199/4727/6081 3198/4730/6083
f 3200/4715/6070 3195/4724/6077 3204/4717/6071
f 3204/4717/6071 3195/4724/6077 3199/4727/6081
f 3206/4722/6076 3191/4731/6085 3205/4723/6078
f 3205/4723/6078 3191/4731/6085 3192/4732/6086
f 3207/4726/6080 3190/4733/6087 3206/4722/6076
f 3206/4722/6076 3190/4733/6087 3191/4731/6085
f 3209/4728/6082 3193/4734/6088 3208/4729/6084
f 3208/4729/6084 3193/4734/6088 3194/4735/6089
f 3205/4723/6078 3192/4732/6086 3209/4728/6082
f 3209/4728/6082 3192/4732/6086 3193/4734/6088
f 3185/4736/6065 3210/4737/6090 3202/4739/6066
f 3202/4739/6066 3210/4737/6090 3220/4738/6091
f 3210/4737/6090 3211/4740/6092 3220/4738/6091
f 3220/4738/6091 3211/4740/6092 3219/4741/6093
f 3212/4742/6094 3221/4743/6095 3211/4740/6092
f 3211/4740/6092 3221/4743/6095 3219/4741/6093
f 3189/4744/6074 3203/4745/6073 3212/4742/6094
f 3212/4742/6094 3203/4745/6073 3221/4743/6095
f 3217/4746/6096 3216/4747/6097 3223/4749/6098
f 3223/4749/6098 3216/4747/6097 3222/4748/6099
f 3197/4750/6079 3217/4746/6096 3207/4751/6080
f 3207/4751/6080 3217/4746/6096 3223/4749/6098
f 3218/4752/6100 3198/4753/6083 3224/4755/6101
f 3224/4755/6101 3198/4753/6083 3208/4754/6084
f 3216/4747/6097 3218/4752/6100 3222/4748/6099
f 3222/4748/6099 3218/4752/6100 3224/4755/6101
f 3220/4738/6091 3219/4741/6093 3217/4746/6096
f 3217/4746/6096 3219/4741/6093 3216/4747/6097
f 3202/4739/6066 3220/4738/6091 3197/4750/6079
f 3197/4750/6079 3220/4738/6091 3217/4746/6096
f 3221/4743/6095 3203/4745/6073 3218/4752/6100
f 3218/4752/6100 3203/4745/6073 3198/4753/6083
f 3219/4741/6093 3221/4743/6095 3216/4747/6097
f 3216/4747/6097 3221/4743/6095 3218/4752/6100
f 3223/4749/6098 3222/4748/6099 3213/4757/6102
f 3213/4757/6102 3222/4748/6099 3214/4756/6103
f 3207/4751/6080 3223/4749/6098 3190/4758/6087
f 3190/4758/6087 3223/4749/6098 3213/4757/6102
f 3224/4755/6101 3208/4754/6084 3215/4760/6104
f 3215/4760/6104 3208/4754/6084 3194/4759/6089
f 3222/4748/6099 3224/4755/6101 3214/4756/6103
f 3214/4756/6103 3224/4755/6101 3215/4760/6104
s 45
f 3225/4761/6105 3226/4762/6106 3229/4763/6107
f 3226/4762/6106 3231/4764/6108 3229/4763/6107
f 3227/4765/6109 3231/4764/6108 3226/4762/6106
f 3227/4765/6109 3232/4766/6110 3231/4764/6108
f 3227/4765/6109 3228/4767/6111 3232/4766/6110
f 3231/4764/6108 3233/4768/6112 3229/4763/6107
f 3233/4768/6112 3230/4769/6113 3229/4763/6107
f 3232/4766/6110 3234/4770/6114 3231/4764/6108
f 3234/4770/6114 3233/4768/6112 3231/4764/6108
f 3228/4767/6111 3235/4771/6115 3232/4766/6110
f 3235/4771/6115 3234/4770/6114 3232/4766/6110
f 3233/4768/6112 3236/4772/6116 3230/4769/6113
f 3237/4773/6117 3234/4770/6114 3235/4771/6115
f 3238/4774/6118 3234/4770/6114 3237/4773/6117
f 3238/4774/6118 3239/4775/6119 3234/4770/6114
f 3239/4775/6119 3240/4776/6120 3234/4770/6114
f 3240/4776/6120 3233/4768/6112 3234/4770/6114
f 3238/4774/6118 3242/4777/6121 3239/4775/6119
f 3239/4775/6119 3242/4777/6121 3241/4778/6122
f 3241/4778/6122 3243/4779/6123 3239/4775/6119
f 3239/4775/6119 3243/4779/6123 3240/4776/6120
f 3240/4776/6120 3236/4772/6116 3233/4768/6112
f 3243/4779/6123 3244/4780/6124 3240/4776/6120
f 3240/4776/6120 3244/4780/6124 3236/4772/6116
f 3245/4781/6125 3248/4782/6126 3246/4783/6127
f 3246/4783/6127 3248/4782/6126 3250/4784/6128
f 3247/4785/6129 3246/4783/6127 3250/4784/6128
f 3247/4785/6129 3250/4784/6128 3251/4786/6130
f 3247/4785/6129 3251/4786/6130 3228/4767/6111
f 3250/4784/6128 3248/4782/6126 3252/4787/6131
f 3252/4787/6131 3248/4782/6126 3249/4788/6132
f 3251/4786/6130 3250/4784/6128 3253/4789/6133
f 3253/4789/6133 3250/4784/6128 3252/4787/6131
f 3228/4767/6111 3251/4786/6130 3235/4771/6115
f 3235/4771/6115 3251/4786/6130 3253/4789/6133
f 3252/4787/6131 3249/4788/6132 3254/4790/6134
f 3237/4773/6117 3235/4771/6115 3253/4789/6133
f 3238/4774/6118 3237/4773/6117 3253/4789/6133
f 3238/4774/6118 3253/4789/6133 3255/4791/6135
f 3255/4791/6135 3253/4789/6133 3256/4792/6136
f 3256/4792/6136 3253/4789/6133 3252/4787/6131
f 3256/4792/6136 3252/4787/6131 3254/4790/6134
f 3238/4774/6118 3255/4791/6135 3242/4777/6121
f 3242/4777/6121 3255/4791/6135 3257/4793/6137
f 3257/4793/6137 3255/4791/6135 3258/4794/6138
f 3258/4794/6138 3255/4791/6135 3256/4792/6136
f 3258/4794/6138 3256/4792/6136 3259/4795/6139
f 3259/4795/6139 3256/4792/6136 3254/4790/6134
s 47
f 3272/4796/6140 3266/4797/6141 3273/4799/6142
f 3273/4799/6142 3266/4797/6141 3267/4798/6143
f 3265/4801/6144 3268/4802/6145 3264/4800/6146
f 3264/4800/6146 3268/4802/6145 3269/4803/6147
f 3260/4804/6148 3261/4805/6149 3271/4807/6150
f 3271/4807/6150 3261/4805/6149 3262/4806/6151
f 3270/4808/6152 3275/4809/6153 3269/4803/6147
f 3269/4803/6147 3275/4809/6153 3264/4800/6146
f 3260/4804/6148 3271/4807/6150 3269/4803/6147
f 3269/4803/6147 3271/4807/6150 3270/4808/6152
f 3265/4801/6144 3272/4796/6140 3268/4802/6145
f 3268/4802/6145 3272/4796/6140 3273/4799/6142
f 3263/4810/6154 3274/4811/6155 3275/4809/6153
f 3275/4809/6153 3274/4811/6155 3264/4800/6146
f 3266/4797/6141 3276/4812/6156 3267/4798/6143
f 3267/4798/6143 3276/4812/6156 3277/4813/6157
f 3288/4814/6158 3289/4815/6159 3284/4817/6160
f 3284/4817/6160 3289/4815/6159 3285/4816/6161
f 3287/4819/6162 3286/4820/6163 3282/4818/6164
f 3282/4818/6164 3286/4820/6163 3283/4821/6165
f 3280/4822/6166 3271/4807/6150 3281/4823/6167
f 3281/4823/6167 3271/4807/6150 3262/4806/6151
f 3270/4808/6152 3287/4819/6162 3275/4809/6153
f 3275/4809/6153 3287/4819/6162 3282/4818/6164
f 3280/4822/6166 3287/4819/6162 3271/4807/6150
f 3271/4807/6150 3287/4819/6162 3270/4808/6152
f 3283/4821/6165 3286/4820/6163 3288/4814/6158
f 3288/4814/6158 3286/4820/6163 3289/4815/6159
f 3282/4818/6164 3290/4824/6168 3275/4809/6153
f 3275/4809/6153 3290/4824/6168 3263/4810/6154
f 3284/4817/6160 3285/4816/6161 3278/4826/6169
f 3278/4826/6169 3285/4816/6161 3279/4825/6170
s 45
f 3225/4827/6105 3291/4828/6171 3226/4829/6106
f 3226/4829/6106 3291/4828/6171 3293/4830/6172
f 3227/4831/6109 3226/4829/6106 3293/4830/6172
f 3227/4831/6109 3293/4830/6172 3294/4832/6173
f 3227/4831/6109 3294/4832/6173 3228/4833/6111
f 3293/4830/6172 3291/4828/6171 3295/4834/6174
f 3295/4834/6174 3291/4828/6171 3292/4835/6175
f 3294/4832/6173 3293/4830/6172 3296/4836/6176
f 3296/4836/6176 3293/4830/6172 3295/4834/6174
f 3228/4833/6111 3294/4832/6173 3297/4837/6177
f 3297/4837/6177 3294/4832/6173 3296/4836/6176
f 3295/4834/6174 3292/4835/6175 3298/4838/6178
f 3299/4839/6179 3297/4837/6177 3296/4836/6176
f 3300/4840/6180 3299/4839/6179 3296/4836/6176
f 3300/4840/6180 3296/4836/6176 3301/4841/6181
f 3301/4841/6181 3296/4836/6176 3302/4842/6182
f 3302/4842/6182 3296/4836/6176 3295/4834/6174
f 3300/4840/6180 3301/4841/6181 3304/4844/6183
f 3304/4844/6183 3301/4841/6181 3303/4843/6184
f 3303/4843/6184 3301/4841/6181 3305/4845/6185
f 3305/4845/6185 3301/4841/6181 3302/4842/6182
f 3302/4842/6182 3295/4834/6174 3298/4838/6178
f 3305/4845/6185 3302/4842/6182 3306/4846/6186
f 3306/4846/6186 3302/4842/6182 3298/4838/6178
f 3245/4847/6125 3246/4848/6127 3307/4849/6187
f 3246/4848/6127 3309/4850/6188 3307/4849/6187
f 3247/4851/6129 3309/4850/6188 3246/4848/6127
f 3247/4851/6129 3310/4852/6189 3309/4850/6188
f 3247/4851/6129 3228/4833/6111 3310/4852/6189
f 3309/4850/6188 3311/4853/6190 3307/4849/6187
f 3311/4853/6190 3308/4854/6191 3307/4849/6187
f 3310/4852/6189 3312/4855/6192 3309/4850/6188
f 3312/4855/6192 3311/4853/6190 3309/4850/6188
f 3228/4833/6111 3297/4837/6177 3310/4852/6189
f 3297/4837/6177 3312/4855/6192 3310/4852/6189
f 3311/4853/6190 3313/4856/6193 3308/4854/6191
f 3299/4839/6179 3312/4855/6192 3297/4837/6177
f 3300/4840/6180 3312/4855/6192 3299/4839/6179
f 3300/4840/6180 3314/4857/6194 3312/4855/6192
f 3314/4857/6194 3315/4858/6195 3312/4855/6192
f 3315/4858/6195 3311/4853/6190 3312/4855/6192
f 3315/4858/6195 3313/4856/6193 3311/4853/6190
f 3300/4840/6180 3304/4844/6183 3314/4857/6194
f 3314/4857/6194 3304/4844/6183 3316/4859/6196
f 3316/4859/6196 3317/4860/6197 3314/4857/6194
f 3314/4857/6194 3317/4860/6197 3315/4858/6195
f 3317/4860/6197 3318/4861/6198 3315/4858/6195
f 3315/4858/6195 3318/4861/6198 3313/4856/6193
s 54
f 3291/4863/6199 3306/4864/6200 3292/4862/6201
f 3292/4862/6201 3306/4864/6200 3298/4865/6202
f 3229/4866/6203 3230/4867/6204 3244/4869/6205
f 3244/4869/6205 3230/4867/6204 3236/4868/6206
s 56
f 3248/4871/6207 3259/4872/6208 3249/4870/6209
f 3249/4870/6209 3259/4872/6208 3254/4873/6210
f 3307/4874/6211 3308/4875/6212 3318/4877/6213
f 3318/4877/6213 3308/4875/6212 3313/4876/6214
s 54
f 3225/4878/6215 3229/4866/6203 3319/4879/6216
f 3319/4879/6216 3229/4866/6203 3244/4869/6205
f 3225/4878/6215 3319/4879/6216 3291/4863/6199
f 3291/4863/6199 3319/4879/6216 3306/4864/6200
s 56
f 3245/4880/6217 3307/4874/6211 3320/4881/6218
f 3320/4881/6218 3307/4874/6211 3318/4877/6213
f 3245/4880/6217 3320/4881/6218 3248/4871/6207
f 3248/4871/6207 3320/4881/6218 3259/4872/6208
s 45
f 3241/4882/6122 3242/4883/6121 3321/4885/6219
f 3321/4885/6219 3242/4883/6121 3322/4884/6220
f 3243/4886/6123 3241/4882/6122 3323/4887/6221
f 3323/4887/6221 3241/4882/6122 3321/4885/6219
f 3244/4869/6124 3243/4886/6123 3319/4879/6222
f 3319/4879/6222 3243/4886/6123 3323/4887/6221
f 3304/4888/6183 3303/4889/6184 3322/4884/6220
f 3322/4884/6220 3303/4889/6184 3321/4885/6219
f 3303/4889/6184 3305/4890/6185 3321/4885/6219
f 3321/4885/6219 3305/4890/6185 3323/4887/6221
f 3305/4890/6185 3306/4864/6186 3323/4887/6221
f 3323/4887/6221 3306/4864/6186 3319/4879/6222
f 3316/4891/6196 3304/4888/6183 3324/4892/6223
f 3324/4892/6223 3304/4888/6183 3322/4884/6220
f 3317/4893/6197 3316/4891/6196 3325/4894/6224
f 3325/4894/6224 3316/4891/6196 3324/4892/6223
f 3318/4877/6198 3317/4893/6197 3320/4881/6225
f 3320/4881/6225 3317/4893/6197 3325/4894/6224
f 3242/4883/6121 3257/4895/6137 3322/4884/6220
f 3322/4884/6220 3257/4895/6137 3324/4892/6223
f 3257/4895/6137 3258/4896/6138 3324/4892/6223
f 3324/4892/6223 3258/4896/6138 3325/4894/6224
f 3258/4896/6138 3259/4872/6139 3325/4894/6224
f 3325/4894/6224 3259/4872/6139 3320/4881/6225
s 58
f 3260/4897/6226 3342/4898/6227 3261/4900/6228
f 3261/4900/6228 3342/4898/6227 3343/4899/6229
f 3261/4900/6228 3343/4899/6229 3262/4902/6230
f 3262/4902/6230 3343/4899/6229 3344/4901/6231
s 59
f 3263/4903/6232 3345/4904/6233 3274/4906/6234
f 3274/4906/6234 3345/4904/6233 3346/4905/6235
s 47
f 3347/4908/6236 3348/4909/6237 3264/4907/6146
f 3264/4907/6146 3348/4909/6237 3265/4910/6144
f 3265/4910/6144 3348/4909/6237 3272/4912/6238
f 3272/4912/6238 3348/4909/6237 3349/4911/6239
s 58
f 3277/4914/6240 3350/4915/6241 3267/4913/6242
f 3267/4913/6242 3350/4915/6241 3273/4916/6243
f 3268/4917/6244 3351/4918/6245 3269/4920/6246
f 3269/4920/6246 3351/4918/6245 3352/4919/6247
f 3269/4920/6246 3352/4919/6247 3260/4897/6226
f 3260/4897/6226 3352/4919/6247 3342/4898/6227
s 47
f 3272/4912/6238 3349/4911/6239 3266/4922/6248
f 3266/4922/6248 3349/4911/6239 3276/4921/6249
s 58
f 3273/4916/6243 3350/4915/6241 3268/4917/6244
f 3268/4917/6244 3350/4915/6241 3351/4918/6245
s 59
f 3274/4906/6234 3346/4905/6235 3264/4907/6250
f 3264/4907/6250 3346/4905/6235 3347/4908/6251
s 47
f 3338/4923/6252 3339/4924/6253 3332/4926/6254
f 3332/4926/6254 3339/4924/6253 3333/4925/6255
f 3335/4928/6256 3334/4929/6257 3330/4927/6258
f 3330/4927/6258 3334/4929/6257 3331/4930/6259
f 3326/4931/6260 3337/4932/6261 3327/4934/6262
f 3327/4934/6262 3337/4932/6261 3328/4933/6263
f 3336/4935/6264 3335/4928/6256 3341/4936/6265
f 3341/4936/6265 3335/4928/6256 3330/4927/6258
f 3326/4931/6260 3335/4928/6256 3337/4932/6261
f 3337/4932/6261 3335/4928/6256 3336/4935/6264
f 3331/4930/6259 3334/4929/6257 3338/4923/6252
f 3338/4923/6252 3334/4929/6257 3339/4924/6253
f 3330/4927/6258 3340/4937/6266 3341/4936/6265
f 3341/4936/6265 3340/4937/6266 3329/4938/6267
f 3332/4926/6254 3333/4925/6255 3276/4940/6156
f 3276/4940/6156 3333/4925/6255 3277/4939/6157
s 58
f 3326/4941/6268 3327/4942/6269 3342/4898/6227
f 3342/4898/6227 3327/4942/6269 3343/4899/6229
f 3327/4942/6269 3328/4943/6270 3343/4899/6229
f 3343/4899/6229 3328/4943/6270 3344/4901/6231
s 59
f 3329/4944/6271 3340/4945/6272 3345/4904/6233
f 3345/4904/6233 3340/4945/6272 3346/4905/6235
s 47
f 3331/4947/6259 3348/4909/6237 3330/4946/6258
f 3330/4946/6258 3348/4909/6237 3347/4908/6236
f 3331/4947/6259 3338/4948/6273 3348/4909/6237
f 3348/4909/6237 3338/4948/6273 3349/4911/6239
s 58
f 3339/4950/6274 3350/4915/6241 3333/4949/6275
f 3333/4949/6275 3350/4915/6241 3277/4914/6240
f 3334/4951/6276 3335/4952/6277 3351/4918/6245
f 3351/4918/6245 3335/4952/6277 3352/4919/6247
f 3335/4952/6277 3326/4941/6268 3352/4919/6247
f 3352/4919/6247 3326/4941/6268 3342/4898/6227
s 47
f 3338/4948/6273 3332/4953/6278 3349/4911/6239
f 3349/4911/6239 3332/4953/6278 3276/4921/6249
s 58
f 3339/4950/6274 3334/4951/6276 3350/4915/6241
f 3350/4915/6241 3334/4951/6276 3351/4918/6245
s 59
f 3340/4945/6272 3330/4946/6279 3346/4905/6235
f 3346/4905/6235 3330/4946/6279 3347/4908/6251
s 47
f 3361/4954/6280 3357/4955/6281 3362/4957/6282
f 3362/4957/6282 3357/4955/6281 3358/4956/6283
f 3356/4959/6284 3359/4960/6285 3355/4958/6286
f 3355/4958/6286 3359/4960/6285 3360/4961/6287
f 3353/4962/6288 3354/4963/6289 3337/4932/6261
f 3337/4932/6261 3354/4963/6289 3328/4933/6263
f 3336/4935/6264 3341/4936/6265 3360/4961/6287
f 3360/4961/6287 3341/4936/6265 3355/4958/6286
f 3353/4962/6288 3337/4932/6261 3360/4961/6287
f 3360/4961/6287 3337/4932/6261 3336/4935/6264
f 3356/4959/6284 3361/4954/6280 3359/4960/6285
f 3359/4960/6285 3361/4954/6280 3362/4957/6282
f 3329/4938/6267 3363/4964/6290 3341/4936/6265
f 3341/4936/6265 3363/4964/6290 3355/4958/6286
f 3357/4955/6281 3278/4965/6169 3358/4956/6283
f 3358/4956/6283 3278/4965/6169 3279/4966/6170
s 58
f 3353/4967/6291 3364/4968/6292 3354/4970/6293
f 3354/4970/6293 3364/4968/6292 3365/4969/6294
f 3354/4970/6293 3365/4969/6294 3328/4943/6270
f 3328/4943/6270 3365/4969/6294 3344/4901/6231
s 59
f 3329/4944/6271 3345/4904/6233 3363/4972/6295
f 3363/4972/6295 3345/4904/6233 3366/4971/6296
s 47
f 3367/4974/6297 3368/4975/6298 3355/4973/6286
f 3355/4973/6286 3368/4975/6298 3356/4976/6284
f 3356/4976/6284 3368/4975/6298 3361/4978/6299
f 3361/4978/6299 3368/4975/6298 3369/4977/6300
s 58
f 3279/4980/6301 3370/4981/6302 3358/4979/6303
f 3358/4979/6303 3370/4981/6302 3362/4982/6304
f 3359/4983/6305 3371/4984/6306 3360/4986/6307
f 3360/4986/6307 3371/4984/6306 3372/4985/6308
f 3360/4986/6307 3372/4985/6308 3353/4967/6291
f 3353/4967/6291 3372/4985/6308 3364/4968/6292
s 47
f 3361/4978/6299 3369/4977/6300 3357/4988/6309
f 3357/4988/6309 3369/4977/6300 3278/4987/6310
s 58
f 3362/4982/6304 3370/4981/6302 3359/4983/6305
f 3359/4983/6305 3370/4981/6302 3371/4984/6306
s 59
f 3363/4972/6295 3366/4971/6296 3355/4973/6311
f 3355/4973/6311 3366/4971/6296 3367/4974/6312
s 58
f 3280/4989/6313 3281/4990/6314 3364/4968/6292
f 3364/4968/6292 3281/4990/6314 3365/4969/6294
f 3281/4990/6314 3262/4902/6230 3365/4969/6294
f 3365/4969/6294 3262/4902/6230 3344/4901/6231
s 59
f 3263/4903/6232 3290/4991/6315 3345/4904/6233
f 3345/4904/6233 3290/4991/6315 3366/4971/6296
s 47
f 3283/4993/6165 3368/4975/6298 3282/4992/6164
f 3282/4992/6164 3368/4975/6298 3367/4974/6297
f 3283/4993/6165 3288/4994/6316 3368/4975/6298
f 3368/4975/6298 3288/4994/6316 3369/4977/6300
s 58
f 3289/4996/6317 3370/4981/6302 3285/4995/6318
f 3285/4995/6318 3370/4981/6302 3279/4980/6301
f 3286/4997/6319 3287/4998/6320 3371/4984/6306
f 3371/4984/6306 3287/4998/6320 3372/4985/6308
f 3287/4998/6320 3280/4989/6313 3372/4985/6308
f 3372/4985/6308 3280/4989/6313 3364/4968/6292
s 47
f 3288/4994/6316 3284/4999/6321 3369/4977/6300
f 3369/4977/6300 3284/4999/6321 3278/4987/6310
s 58
f 3289/4996/6317 3286/4997/6319 3370/4981/6302
f 3370/4981/6302 3286/4997/6319 3371/4984/6306
s 59
f 3290/4991/6315 3282/4992/6322 3366/4971/6296
f 3366/4971/6296 3282/4992/6322 3367/4974/6312
s 75
f 3152/4673/6323 3160/4674/6324 3157/5001/6325
f 3157/5001/6325 3160/4674/6324 3373/5000/6326
s off
f 3160/4674/6327 3158/4692/6328 3373/5000/6329
s 75
f 3157/5001/6325 3373/5000/6326 3163/4686/6330
f 3163/4686/6330 3373/5000/6326 3166/4687/6331
s off
f 3373/5000/6332 3158/4692/6333 3166/4687/6334
